WIDTH=1;
DEPTH=16960;

ADDRESS_RADIX=UNS;
DATA_RADIX=HEX;

CONTENT BEGIN
  0: 1;
  1: 1;
  2: 1;
  3: 1;
  4: 1;
  5: 1;
  6: 1;
  7: 1;
  8: 1;
  9: 1;
  10: 1;
  11: 1;
  12: 1;
  13: 1;
  14: 1;
  15: 1;
  16: 1;
  17: 1;
  18: 1;
  19: 1;
  20: 1;
  21: 1;
  22: 1;
  23: 1;
  24: 1;
  25: 1;
  26: 1;
  27: 1;
  28: 1;
  29: 1;
  30: 1;
  31: 1;
  32: 1;
  33: 1;
  34: 1;
  35: 1;
  36: 1;
  37: 1;
  38: 1;
  39: 1;
  40: 1;
  41: 1;
  42: 1;
  43: 1;
  44: 1;
  45: 1;
  46: 1;
  47: 1;
  48: 1;
  49: 1;
  50: 1;
  51: 1;
  52: 1;
  53: 1;
  54: 1;
  55: 1;
  56: 1;
  57: 1;
  58: 1;
  59: 1;
  60: 1;
  61: 1;
  62: 1;
  63: 1;
  64: 1;
  65: 1;
  66: 1;
  67: 1;
  68: 1;
  69: 1;
  70: 1;
  71: 1;
  72: 1;
  73: 1;
  74: 1;
  75: 1;
  76: 1;
  77: 1;
  78: 1;
  79: 1;
  80: 1;
  81: 1;
  82: 1;
  83: 1;
  84: 1;
  85: 1;
  86: 1;
  87: 1;
  88: 1;
  89: 1;
  90: 1;
  91: 1;
  92: 1;
  93: 1;
  94: 1;
  95: 1;
  96: 1;
  97: 1;
  98: 1;
  99: 1;
  100: 1;
  101: 1;
  102: 1;
  103: 1;
  104: 1;
  105: 1;
  106: 1;
  107: 1;
  108: 1;
  109: 1;
  110: 1;
  111: 1;
  112: 1;
  113: 1;
  114: 1;
  115: 1;
  116: 1;
  117: 1;
  118: 1;
  119: 1;
  120: 1;
  121: 1;
  122: 1;
  123: 1;
  124: 1;
  125: 1;
  126: 1;
  127: 1;
  128: 1;
  129: 1;
  130: 1;
  131: 1;
  132: 1;
  133: 1;
  134: 1;
  135: 1;
  136: 1;
  137: 1;
  138: 1;
  139: 1;
  140: 1;
  141: 1;
  142: 1;
  143: 1;
  144: 1;
  145: 1;
  146: 1;
  147: 1;
  148: 1;
  149: 1;
  150: 1;
  151: 1;
  152: 1;
  153: 1;
  154: 1;
  155: 1;
  156: 1;
  157: 1;
  158: 1;
  159: 1;
  160: 1;
  161: 1;
  162: 1;
  163: 1;
  164: 1;
  165: 1;
  166: 1;
  167: 1;
  168: 1;
  169: 1;
  170: 1;
  171: 1;
  172: 1;
  173: 1;
  174: 1;
  175: 1;
  176: 1;
  177: 1;
  178: 1;
  179: 1;
  180: 1;
  181: 1;
  182: 1;
  183: 1;
  184: 1;
  185: 1;
  186: 1;
  187: 1;
  188: 1;
  189: 1;
  190: 1;
  191: 1;
  192: 1;
  193: 1;
  194: 1;
  195: 1;
  196: 1;
  197: 1;
  198: 1;
  199: 1;
  200: 1;
  201: 1;
  202: 1;
  203: 1;
  204: 1;
  205: 1;
  206: 1;
  207: 1;
  208: 1;
  209: 1;
  210: 1;
  211: 1;
  212: 1;
  213: 1;
  214: 1;
  215: 1;
  216: 1;
  217: 1;
  218: 1;
  219: 1;
  220: 1;
  221: 1;
  222: 1;
  223: 1;
  224: 1;
  225: 1;
  226: 1;
  227: 1;
  228: 1;
  229: 1;
  230: 1;
  231: 1;
  232: 1;
  233: 1;
  234: 1;
  235: 1;
  236: 1;
  237: 1;
  238: 1;
  239: 1;
  240: 1;
  241: 1;
  242: 1;
  243: 1;
  244: 1;
  245: 1;
  246: 1;
  247: 1;
  248: 1;
  249: 1;
  250: 1;
  251: 1;
  252: 1;
  253: 1;
  254: 1;
  255: 1;
  256: 1;
  257: 1;
  258: 1;
  259: 1;
  260: 1;
  261: 1;
  262: 1;
  263: 1;
  264: 1;
  265: 1;
  266: 1;
  267: 1;
  268: 1;
  269: 1;
  270: 1;
  271: 1;
  272: 1;
  273: 1;
  274: 1;
  275: 1;
  276: 1;
  277: 1;
  278: 1;
  279: 1;
  280: 1;
  281: 1;
  282: 1;
  283: 1;
  284: 1;
  285: 1;
  286: 1;
  287: 1;
  288: 1;
  289: 1;
  290: 1;
  291: 1;
  292: 1;
  293: 1;
  294: 1;
  295: 1;
  296: 1;
  297: 1;
  298: 1;
  299: 1;
  300: 1;
  301: 1;
  302: 1;
  303: 1;
  304: 1;
  305: 1;
  306: 1;
  307: 1;
  308: 1;
  309: 1;
  310: 1;
  311: 1;
  312: 1;
  313: 1;
  314: 1;
  315: 1;
  316: 1;
  317: 1;
  318: 1;
  319: 1;
  320: 1;
  321: 1;
  322: 1;
  323: 1;
  324: 1;
  325: 1;
  326: 1;
  327: 1;
  328: 1;
  329: 1;
  330: 1;
  331: 1;
  332: 1;
  333: 1;
  334: 1;
  335: 1;
  336: 1;
  337: 1;
  338: 1;
  339: 1;
  340: 1;
  341: 1;
  342: 1;
  343: 1;
  344: 1;
  345: 1;
  346: 1;
  347: 1;
  348: 1;
  349: 1;
  350: 1;
  351: 1;
  352: 1;
  353: 1;
  354: 1;
  355: 1;
  356: 1;
  357: 1;
  358: 1;
  359: 1;
  360: 1;
  361: 1;
  362: 1;
  363: 1;
  364: 1;
  365: 1;
  366: 1;
  367: 1;
  368: 1;
  369: 1;
  370: 1;
  371: 1;
  372: 1;
  373: 1;
  374: 1;
  375: 1;
  376: 1;
  377: 1;
  378: 1;
  379: 1;
  380: 1;
  381: 1;
  382: 1;
  383: 1;
  384: 1;
  385: 1;
  386: 1;
  387: 1;
  388: 1;
  389: 1;
  390: 1;
  391: 1;
  392: 1;
  393: 1;
  394: 1;
  395: 1;
  396: 1;
  397: 1;
  398: 1;
  399: 1;
  400: 1;
  401: 1;
  402: 1;
  403: 1;
  404: 1;
  405: 1;
  406: 1;
  407: 1;
  408: 1;
  409: 1;
  410: 1;
  411: 1;
  412: 1;
  413: 1;
  414: 1;
  415: 1;
  416: 1;
  417: 1;
  418: 1;
  419: 1;
  420: 1;
  421: 1;
  422: 1;
  423: 1;
  424: 1;
  425: 1;
  426: 1;
  427: 1;
  428: 1;
  429: 1;
  430: 1;
  431: 1;
  432: 1;
  433: 1;
  434: 1;
  435: 1;
  436: 1;
  437: 1;
  438: 1;
  439: 1;
  440: 1;
  441: 1;
  442: 1;
  443: 1;
  444: 1;
  445: 1;
  446: 1;
  447: 1;
  448: 1;
  449: 1;
  450: 1;
  451: 1;
  452: 1;
  453: 1;
  454: 1;
  455: 1;
  456: 1;
  457: 1;
  458: 1;
  459: 1;
  460: 1;
  461: 1;
  462: 1;
  463: 1;
  464: 1;
  465: 1;
  466: 1;
  467: 1;
  468: 1;
  469: 1;
  470: 1;
  471: 1;
  472: 1;
  473: 1;
  474: 1;
  475: 1;
  476: 1;
  477: 1;
  478: 1;
  479: 1;
  480: 1;
  481: 1;
  482: 1;
  483: 1;
  484: 1;
  485: 1;
  486: 1;
  487: 1;
  488: 1;
  489: 1;
  490: 1;
  491: 1;
  492: 1;
  493: 1;
  494: 1;
  495: 1;
  496: 1;
  497: 1;
  498: 1;
  499: 1;
  500: 1;
  501: 1;
  502: 1;
  503: 1;
  504: 1;
  505: 1;
  506: 1;
  507: 1;
  508: 1;
  509: 1;
  510: 1;
  511: 1;
  512: 1;
  513: 1;
  514: 1;
  515: 1;
  516: 1;
  517: 1;
  518: 1;
  519: 1;
  520: 1;
  521: 1;
  522: 1;
  523: 1;
  524: 1;
  525: 1;
  526: 1;
  527: 1;
  528: 1;
  529: 1;
  530: 1;
  531: 1;
  532: 1;
  533: 1;
  534: 1;
  535: 1;
  536: 1;
  537: 1;
  538: 1;
  539: 1;
  540: 1;
  541: 1;
  542: 1;
  543: 1;
  544: 1;
  545: 1;
  546: 1;
  547: 1;
  548: 1;
  549: 1;
  550: 1;
  551: 1;
  552: 1;
  553: 1;
  554: 1;
  555: 1;
  556: 1;
  557: 1;
  558: 1;
  559: 1;
  560: 1;
  561: 1;
  562: 1;
  563: 1;
  564: 1;
  565: 1;
  566: 1;
  567: 1;
  568: 1;
  569: 1;
  570: 1;
  571: 1;
  572: 1;
  573: 1;
  574: 1;
  575: 1;
  576: 1;
  577: 1;
  578: 1;
  579: 1;
  580: 1;
  581: 1;
  582: 1;
  583: 1;
  584: 1;
  585: 1;
  586: 1;
  587: 1;
  588: 1;
  589: 1;
  590: 1;
  591: 1;
  592: 1;
  593: 1;
  594: 1;
  595: 1;
  596: 1;
  597: 1;
  598: 1;
  599: 1;
  600: 1;
  601: 1;
  602: 1;
  603: 1;
  604: 1;
  605: 1;
  606: 1;
  607: 1;
  608: 1;
  609: 1;
  610: 1;
  611: 1;
  612: 1;
  613: 1;
  614: 1;
  615: 1;
  616: 1;
  617: 1;
  618: 1;
  619: 1;
  620: 1;
  621: 1;
  622: 1;
  623: 1;
  624: 1;
  625: 1;
  626: 1;
  627: 1;
  628: 1;
  629: 1;
  630: 1;
  631: 1;
  632: 1;
  633: 1;
  634: 1;
  635: 1;
  636: 1;
  637: 1;
  638: 1;
  639: 1;
  640: 1;
  641: 1;
  642: 1;
  643: 1;
  644: 1;
  645: 1;
  646: 1;
  647: 1;
  648: 1;
  649: 1;
  650: 1;
  651: 1;
  652: 1;
  653: 1;
  654: 1;
  655: 1;
  656: 1;
  657: 1;
  658: 1;
  659: 1;
  660: 1;
  661: 1;
  662: 1;
  663: 1;
  664: 1;
  665: 1;
  666: 1;
  667: 1;
  668: 1;
  669: 1;
  670: 1;
  671: 1;
  672: 1;
  673: 1;
  674: 1;
  675: 1;
  676: 1;
  677: 1;
  678: 1;
  679: 1;
  680: 1;
  681: 1;
  682: 1;
  683: 1;
  684: 1;
  685: 1;
  686: 1;
  687: 1;
  688: 1;
  689: 1;
  690: 1;
  691: 1;
  692: 1;
  693: 1;
  694: 1;
  695: 1;
  696: 1;
  697: 1;
  698: 1;
  699: 1;
  700: 1;
  701: 1;
  702: 1;
  703: 1;
  704: 1;
  705: 1;
  706: 1;
  707: 1;
  708: 1;
  709: 1;
  710: 1;
  711: 1;
  712: 1;
  713: 1;
  714: 1;
  715: 1;
  716: 1;
  717: 1;
  718: 1;
  719: 1;
  720: 1;
  721: 1;
  722: 1;
  723: 1;
  724: 1;
  725: 1;
  726: 1;
  727: 1;
  728: 1;
  729: 1;
  730: 1;
  731: 1;
  732: 1;
  733: 1;
  734: 1;
  735: 1;
  736: 1;
  737: 1;
  738: 1;
  739: 1;
  740: 1;
  741: 1;
  742: 1;
  743: 1;
  744: 1;
  745: 1;
  746: 1;
  747: 1;
  748: 1;
  749: 1;
  750: 1;
  751: 1;
  752: 1;
  753: 1;
  754: 1;
  755: 1;
  756: 1;
  757: 1;
  758: 1;
  759: 1;
  760: 1;
  761: 1;
  762: 1;
  763: 1;
  764: 1;
  765: 1;
  766: 1;
  767: 1;
  768: 1;
  769: 1;
  770: 1;
  771: 1;
  772: 1;
  773: 1;
  774: 1;
  775: 1;
  776: 1;
  777: 1;
  778: 1;
  779: 1;
  780: 1;
  781: 1;
  782: 1;
  783: 1;
  784: 1;
  785: 1;
  786: 1;
  787: 1;
  788: 1;
  789: 1;
  790: 1;
  791: 1;
  792: 1;
  793: 1;
  794: 1;
  795: 1;
  796: 1;
  797: 1;
  798: 1;
  799: 1;
  800: 1;
  801: 1;
  802: 1;
  803: 1;
  804: 1;
  805: 1;
  806: 1;
  807: 1;
  808: 1;
  809: 1;
  810: 1;
  811: 1;
  812: 1;
  813: 1;
  814: 1;
  815: 1;
  816: 1;
  817: 1;
  818: 1;
  819: 1;
  820: 1;
  821: 1;
  822: 1;
  823: 1;
  824: 1;
  825: 1;
  826: 1;
  827: 1;
  828: 1;
  829: 1;
  830: 1;
  831: 1;
  832: 1;
  833: 1;
  834: 1;
  835: 1;
  836: 1;
  837: 1;
  838: 1;
  839: 1;
  840: 1;
  841: 1;
  842: 1;
  843: 1;
  844: 1;
  845: 1;
  846: 1;
  847: 1;
  848: 1;
  849: 1;
  850: 1;
  851: 1;
  852: 1;
  853: 1;
  854: 1;
  855: 1;
  856: 1;
  857: 1;
  858: 1;
  859: 1;
  860: 1;
  861: 1;
  862: 1;
  863: 1;
  864: 1;
  865: 1;
  866: 1;
  867: 1;
  868: 1;
  869: 1;
  870: 1;
  871: 1;
  872: 1;
  873: 1;
  874: 1;
  875: 1;
  876: 1;
  877: 1;
  878: 1;
  879: 1;
  880: 1;
  881: 1;
  882: 1;
  883: 1;
  884: 1;
  885: 1;
  886: 1;
  887: 1;
  888: 1;
  889: 1;
  890: 1;
  891: 1;
  892: 1;
  893: 1;
  894: 1;
  895: 1;
  896: 1;
  897: 1;
  898: 1;
  899: 1;
  900: 1;
  901: 1;
  902: 1;
  903: 1;
  904: 1;
  905: 1;
  906: 1;
  907: 1;
  908: 1;
  909: 1;
  910: 1;
  911: 1;
  912: 1;
  913: 1;
  914: 1;
  915: 1;
  916: 1;
  917: 1;
  918: 1;
  919: 1;
  920: 1;
  921: 1;
  922: 1;
  923: 1;
  924: 1;
  925: 1;
  926: 1;
  927: 1;
  928: 1;
  929: 1;
  930: 1;
  931: 1;
  932: 1;
  933: 1;
  934: 1;
  935: 1;
  936: 1;
  937: 1;
  938: 1;
  939: 1;
  940: 1;
  941: 1;
  942: 1;
  943: 1;
  944: 1;
  945: 1;
  946: 1;
  947: 1;
  948: 1;
  949: 1;
  950: 1;
  951: 1;
  952: 1;
  953: 1;
  954: 1;
  955: 1;
  956: 1;
  957: 1;
  958: 1;
  959: 1;
  960: 1;
  961: 1;
  962: 1;
  963: 1;
  964: 1;
  965: 1;
  966: 1;
  967: 1;
  968: 1;
  969: 1;
  970: 1;
  971: 1;
  972: 0;
  973: 0;
  974: 0;
  975: 0;
  976: 0;
  977: 0;
  978: 0;
  979: 0;
  980: 0;
  981: 1;
  982: 1;
  983: 1;
  984: 1;
  985: 1;
  986: 1;
  987: 1;
  988: 1;
  989: 1;
  990: 1;
  991: 1;
  992: 1;
  993: 1;
  994: 1;
  995: 1;
  996: 1;
  997: 1;
  998: 1;
  999: 1;
  1000: 1;
  1001: 1;
  1002: 1;
  1003: 1;
  1004: 1;
  1005: 1;
  1006: 1;
  1007: 1;
  1008: 1;
  1009: 0;
  1010: 0;
  1011: 0;
  1012: 1;
  1013: 1;
  1014: 1;
  1015: 1;
  1016: 1;
  1017: 1;
  1018: 1;
  1019: 1;
  1020: 1;
  1021: 1;
  1022: 1;
  1023: 1;
  1024: 1;
  1025: 1;
  1026: 1;
  1027: 1;
  1028: 1;
  1029: 1;
  1030: 1;
  1031: 1;
  1032: 1;
  1033: 1;
  1034: 1;
  1035: 1;
  1036: 0;
  1037: 0;
  1038: 0;
  1039: 0;
  1040: 0;
  1041: 0;
  1042: 0;
  1043: 0;
  1044: 0;
  1045: 1;
  1046: 1;
  1047: 1;
  1048: 1;
  1049: 1;
  1050: 1;
  1051: 1;
  1052: 1;
  1053: 1;
  1054: 1;
  1055: 1;
  1056: 1;
  1057: 1;
  1058: 1;
  1059: 1;
  1060: 1;
  1061: 1;
  1062: 1;
  1063: 1;
  1064: 1;
  1065: 1;
  1066: 0;
  1067: 0;
  1068: 0;
  1069: 0;
  1070: 0;
  1071: 0;
  1072: 0;
  1073: 0;
  1074: 0;
  1075: 0;
  1076: 1;
  1077: 1;
  1078: 1;
  1079: 1;
  1080: 1;
  1081: 1;
  1082: 1;
  1083: 1;
  1084: 1;
  1085: 1;
  1086: 1;
  1087: 1;
  1088: 1;
  1089: 1;
  1090: 1;
  1091: 1;
  1092: 1;
  1093: 1;
  1094: 1;
  1095: 1;
  1096: 1;
  1097: 1;
  1098: 1;
  1099: 1;
  1100: 1;
  1101: 1;
  1102: 1;
  1103: 1;
  1104: 1;
  1105: 1;
  1106: 1;
  1107: 1;
  1108: 1;
  1109: 1;
  1110: 1;
  1111: 1;
  1112: 1;
  1113: 1;
  1114: 1;
  1115: 1;
  1116: 1;
  1117: 1;
  1118: 1;
  1119: 1;
  1120: 1;
  1121: 1;
  1122: 1;
  1123: 1;
  1124: 1;
  1125: 1;
  1126: 1;
  1127: 1;
  1128: 1;
  1129: 1;
  1130: 1;
  1131: 1;
  1132: 1;
  1133: 1;
  1134: 1;
  1135: 1;
  1136: 1;
  1137: 1;
  1138: 1;
  1139: 1;
  1140: 1;
  1141: 1;
  1142: 1;
  1143: 1;
  1144: 1;
  1145: 1;
  1146: 1;
  1147: 1;
  1148: 1;
  1149: 1;
  1150: 1;
  1151: 1;
  1152: 1;
  1153: 1;
  1154: 1;
  1155: 1;
  1156: 1;
  1157: 1;
  1158: 1;
  1159: 1;
  1160: 1;
  1161: 1;
  1162: 1;
  1163: 1;
  1164: 1;
  1165: 1;
  1166: 1;
  1167: 1;
  1168: 0;
  1169: 0;
  1170: 0;
  1171: 0;
  1172: 0;
  1173: 0;
  1174: 0;
  1175: 0;
  1176: 0;
  1177: 1;
  1178: 1;
  1179: 1;
  1180: 1;
  1181: 1;
  1182: 1;
  1183: 1;
  1184: 1;
  1185: 1;
  1186: 1;
  1187: 1;
  1188: 1;
  1189: 1;
  1190: 1;
  1191: 1;
  1192: 1;
  1193: 1;
  1194: 1;
  1195: 1;
  1196: 1;
  1197: 1;
  1198: 1;
  1199: 1;
  1200: 1;
  1201: 1;
  1202: 1;
  1203: 1;
  1204: 1;
  1205: 1;
  1206: 1;
  1207: 1;
  1208: 1;
  1209: 1;
  1210: 1;
  1211: 1;
  1212: 1;
  1213: 1;
  1214: 1;
  1215: 1;
  1216: 1;
  1217: 1;
  1218: 1;
  1219: 1;
  1220: 1;
  1221: 1;
  1222: 1;
  1223: 1;
  1224: 1;
  1225: 1;
  1226: 1;
  1227: 1;
  1228: 0;
  1229: 0;
  1230: 0;
  1231: 0;
  1232: 0;
  1233: 0;
  1234: 0;
  1235: 0;
  1236: 0;
  1237: 1;
  1238: 1;
  1239: 1;
  1240: 1;
  1241: 1;
  1242: 1;
  1243: 1;
  1244: 1;
  1245: 1;
  1246: 1;
  1247: 1;
  1248: 1;
  1249: 1;
  1250: 1;
  1251: 1;
  1252: 1;
  1253: 1;
  1254: 1;
  1255: 1;
  1256: 1;
  1257: 1;
  1258: 1;
  1259: 0;
  1260: 0;
  1261: 0;
  1262: 0;
  1263: 0;
  1264: 0;
  1265: 0;
  1266: 0;
  1267: 0;
  1268: 0;
  1269: 1;
  1270: 1;
  1271: 1;
  1272: 1;
  1273: 1;
  1274: 1;
  1275: 1;
  1276: 1;
  1277: 1;
  1278: 1;
  1279: 1;
  1280: 1;
  1281: 1;
  1282: 1;
  1283: 1;
  1284: 1;
  1285: 1;
  1286: 1;
  1287: 1;
  1288: 1;
  1289: 1;
  1290: 0;
  1291: 0;
  1292: 0;
  1293: 0;
  1294: 0;
  1295: 0;
  1296: 0;
  1297: 0;
  1298: 0;
  1299: 0;
  1300: 0;
  1301: 0;
  1302: 0;
  1303: 1;
  1304: 1;
  1305: 1;
  1306: 1;
  1307: 1;
  1308: 1;
  1309: 1;
  1310: 1;
  1311: 1;
  1312: 1;
  1313: 1;
  1314: 1;
  1315: 1;
  1316: 1;
  1317: 1;
  1318: 1;
  1319: 1;
  1320: 1;
  1321: 1;
  1322: 1;
  1323: 1;
  1324: 1;
  1325: 1;
  1326: 0;
  1327: 0;
  1328: 0;
  1329: 0;
  1330: 0;
  1331: 0;
  1332: 1;
  1333: 1;
  1334: 1;
  1335: 1;
  1336: 1;
  1337: 1;
  1338: 1;
  1339: 1;
  1340: 1;
  1341: 1;
  1342: 1;
  1343: 1;
  1344: 1;
  1345: 1;
  1346: 1;
  1347: 1;
  1348: 1;
  1349: 1;
  1350: 1;
  1351: 1;
  1352: 1;
  1353: 0;
  1354: 0;
  1355: 0;
  1356: 0;
  1357: 0;
  1358: 0;
  1359: 0;
  1360: 0;
  1361: 0;
  1362: 0;
  1363: 0;
  1364: 0;
  1365: 0;
  1366: 0;
  1367: 0;
  1368: 1;
  1369: 1;
  1370: 1;
  1371: 1;
  1372: 1;
  1373: 1;
  1374: 1;
  1375: 1;
  1376: 1;
  1377: 1;
  1378: 1;
  1379: 1;
  1380: 1;
  1381: 1;
  1382: 1;
  1383: 0;
  1384: 0;
  1385: 0;
  1386: 0;
  1387: 0;
  1388: 0;
  1389: 0;
  1390: 0;
  1391: 0;
  1392: 0;
  1393: 0;
  1394: 0;
  1395: 0;
  1396: 0;
  1397: 0;
  1398: 1;
  1399: 1;
  1400: 1;
  1401: 1;
  1402: 1;
  1403: 1;
  1404: 1;
  1405: 1;
  1406: 1;
  1407: 1;
  1408: 1;
  1409: 1;
  1410: 1;
  1411: 1;
  1412: 1;
  1413: 1;
  1414: 1;
  1415: 1;
  1416: 1;
  1417: 1;
  1418: 1;
  1419: 1;
  1420: 1;
  1421: 1;
  1422: 1;
  1423: 1;
  1424: 1;
  1425: 1;
  1426: 0;
  1427: 0;
  1428: 0;
  1429: 0;
  1430: 0;
  1431: 0;
  1432: 0;
  1433: 0;
  1434: 1;
  1435: 1;
  1436: 1;
  1437: 1;
  1438: 1;
  1439: 1;
  1440: 1;
  1441: 1;
  1442: 1;
  1443: 1;
  1444: 1;
  1445: 0;
  1446: 0;
  1447: 0;
  1448: 0;
  1449: 0;
  1450: 0;
  1451: 0;
  1452: 0;
  1453: 0;
  1454: 0;
  1455: 0;
  1456: 0;
  1457: 0;
  1458: 0;
  1459: 0;
  1460: 0;
  1461: 0;
  1462: 0;
  1463: 0;
  1464: 0;
  1465: 0;
  1466: 0;
  1467: 0;
  1468: 1;
  1469: 1;
  1470: 1;
  1471: 1;
  1472: 1;
  1473: 1;
  1474: 1;
  1475: 1;
  1476: 1;
  1477: 1;
  1478: 1;
  1479: 1;
  1480: 1;
  1481: 1;
  1482: 1;
  1483: 1;
  1484: 1;
  1485: 0;
  1486: 0;
  1487: 0;
  1488: 0;
  1489: 0;
  1490: 0;
  1491: 0;
  1492: 0;
  1493: 0;
  1494: 0;
  1495: 0;
  1496: 0;
  1497: 0;
  1498: 0;
  1499: 0;
  1500: 1;
  1501: 1;
  1502: 1;
  1503: 1;
  1504: 1;
  1505: 0;
  1506: 0;
  1507: 0;
  1508: 0;
  1509: 0;
  1510: 0;
  1511: 0;
  1512: 0;
  1513: 0;
  1514: 0;
  1515: 0;
  1516: 0;
  1517: 0;
  1518: 0;
  1519: 0;
  1520: 0;
  1521: 0;
  1522: 0;
  1523: 0;
  1524: 0;
  1525: 0;
  1526: 0;
  1527: 0;
  1528: 0;
  1529: 0;
  1530: 0;
  1531: 0;
  1532: 0;
  1533: 0;
  1534: 0;
  1535: 1;
  1536: 1;
  1537: 1;
  1538: 1;
  1539: 1;
  1540: 1;
  1541: 1;
  1542: 1;
  1543: 1;
  1544: 1;
  1545: 0;
  1546: 0;
  1547: 0;
  1548: 0;
  1549: 0;
  1550: 0;
  1551: 0;
  1552: 0;
  1553: 0;
  1554: 0;
  1555: 0;
  1556: 0;
  1557: 0;
  1558: 0;
  1559: 0;
  1560: 1;
  1561: 1;
  1562: 1;
  1563: 1;
  1564: 1;
  1565: 1;
  1566: 1;
  1567: 1;
  1568: 1;
  1569: 1;
  1570: 1;
  1571: 1;
  1572: 1;
  1573: 1;
  1574: 1;
  1575: 1;
  1576: 1;
  1577: 0;
  1578: 0;
  1579: 0;
  1580: 0;
  1581: 0;
  1582: 0;
  1583: 0;
  1584: 0;
  1585: 0;
  1586: 0;
  1587: 0;
  1588: 0;
  1589: 0;
  1590: 0;
  1591: 1;
  1592: 1;
  1593: 1;
  1594: 1;
  1595: 1;
  1596: 1;
  1597: 1;
  1598: 1;
  1599: 1;
  1600: 1;
  1601: 1;
  1602: 1;
  1603: 1;
  1604: 1;
  1605: 1;
  1606: 1;
  1607: 1;
  1608: 0;
  1609: 0;
  1610: 0;
  1611: 0;
  1612: 0;
  1613: 0;
  1614: 0;
  1615: 0;
  1616: 0;
  1617: 0;
  1618: 0;
  1619: 0;
  1620: 0;
  1621: 0;
  1622: 0;
  1623: 0;
  1624: 0;
  1625: 1;
  1626: 1;
  1627: 1;
  1628: 1;
  1629: 1;
  1630: 1;
  1631: 1;
  1632: 1;
  1633: 1;
  1634: 1;
  1635: 1;
  1636: 1;
  1637: 1;
  1638: 1;
  1639: 1;
  1640: 1;
  1641: 1;
  1642: 1;
  1643: 0;
  1644: 0;
  1645: 0;
  1646: 0;
  1647: 0;
  1648: 0;
  1649: 0;
  1650: 0;
  1651: 0;
  1652: 1;
  1653: 1;
  1654: 1;
  1655: 1;
  1656: 1;
  1657: 1;
  1658: 1;
  1659: 1;
  1660: 1;
  1661: 1;
  1662: 1;
  1663: 1;
  1664: 1;
  1665: 1;
  1666: 1;
  1667: 1;
  1668: 1;
  1669: 1;
  1670: 1;
  1671: 0;
  1672: 0;
  1673: 0;
  1674: 0;
  1675: 0;
  1676: 0;
  1677: 0;
  1678: 0;
  1679: 0;
  1680: 0;
  1681: 0;
  1682: 0;
  1683: 0;
  1684: 0;
  1685: 0;
  1686: 0;
  1687: 0;
  1688: 0;
  1689: 0;
  1690: 1;
  1691: 1;
  1692: 1;
  1693: 1;
  1694: 1;
  1695: 1;
  1696: 1;
  1697: 1;
  1698: 1;
  1699: 1;
  1700: 1;
  1701: 0;
  1702: 0;
  1703: 0;
  1704: 0;
  1705: 0;
  1706: 0;
  1707: 0;
  1708: 0;
  1709: 0;
  1710: 0;
  1711: 0;
  1712: 0;
  1713: 0;
  1714: 0;
  1715: 0;
  1716: 0;
  1717: 0;
  1718: 0;
  1719: 0;
  1720: 1;
  1721: 1;
  1722: 1;
  1723: 1;
  1724: 1;
  1725: 1;
  1726: 1;
  1727: 1;
  1728: 1;
  1729: 1;
  1730: 1;
  1731: 1;
  1732: 1;
  1733: 1;
  1734: 1;
  1735: 1;
  1736: 1;
  1737: 1;
  1738: 1;
  1739: 1;
  1740: 1;
  1741: 1;
  1742: 1;
  1743: 1;
  1744: 1;
  1745: 1;
  1746: 0;
  1747: 0;
  1748: 0;
  1749: 0;
  1750: 0;
  1751: 0;
  1752: 0;
  1753: 0;
  1754: 1;
  1755: 1;
  1756: 1;
  1757: 1;
  1758: 1;
  1759: 1;
  1760: 1;
  1761: 1;
  1762: 1;
  1763: 1;
  1764: 1;
  1765: 0;
  1766: 0;
  1767: 0;
  1768: 0;
  1769: 0;
  1770: 0;
  1771: 0;
  1772: 0;
  1773: 0;
  1774: 0;
  1775: 0;
  1776: 0;
  1777: 0;
  1778: 0;
  1779: 0;
  1780: 0;
  1781: 0;
  1782: 0;
  1783: 0;
  1784: 0;
  1785: 0;
  1786: 0;
  1787: 0;
  1788: 1;
  1789: 1;
  1790: 1;
  1791: 1;
  1792: 1;
  1793: 1;
  1794: 1;
  1795: 1;
  1796: 1;
  1797: 1;
  1798: 1;
  1799: 1;
  1800: 1;
  1801: 1;
  1802: 1;
  1803: 0;
  1804: 0;
  1805: 0;
  1806: 0;
  1807: 0;
  1808: 0;
  1809: 0;
  1810: 0;
  1811: 0;
  1812: 0;
  1813: 0;
  1814: 0;
  1815: 0;
  1816: 0;
  1817: 0;
  1818: 0;
  1819: 0;
  1820: 0;
  1821: 1;
  1822: 1;
  1823: 1;
  1824: 1;
  1825: 0;
  1826: 0;
  1827: 0;
  1828: 0;
  1829: 0;
  1830: 0;
  1831: 0;
  1832: 0;
  1833: 0;
  1834: 0;
  1835: 0;
  1836: 0;
  1837: 0;
  1838: 0;
  1839: 0;
  1840: 0;
  1841: 0;
  1842: 0;
  1843: 0;
  1844: 0;
  1845: 0;
  1846: 0;
  1847: 0;
  1848: 0;
  1849: 0;
  1850: 0;
  1851: 0;
  1852: 0;
  1853: 0;
  1854: 0;
  1855: 1;
  1856: 1;
  1857: 1;
  1858: 1;
  1859: 1;
  1860: 1;
  1861: 1;
  1862: 1;
  1863: 1;
  1864: 0;
  1865: 0;
  1866: 0;
  1867: 0;
  1868: 0;
  1869: 0;
  1870: 0;
  1871: 0;
  1872: 0;
  1873: 0;
  1874: 0;
  1875: 0;
  1876: 0;
  1877: 0;
  1878: 0;
  1879: 0;
  1880: 0;
  1881: 1;
  1882: 1;
  1883: 1;
  1884: 1;
  1885: 1;
  1886: 1;
  1887: 1;
  1888: 1;
  1889: 1;
  1890: 1;
  1891: 1;
  1892: 1;
  1893: 1;
  1894: 1;
  1895: 0;
  1896: 0;
  1897: 0;
  1898: 0;
  1899: 0;
  1900: 0;
  1901: 0;
  1902: 0;
  1903: 0;
  1904: 0;
  1905: 0;
  1906: 0;
  1907: 0;
  1908: 0;
  1909: 0;
  1910: 0;
  1911: 0;
  1912: 0;
  1913: 1;
  1914: 1;
  1915: 1;
  1916: 1;
  1917: 1;
  1918: 1;
  1919: 1;
  1920: 1;
  1921: 1;
  1922: 1;
  1923: 1;
  1924: 1;
  1925: 1;
  1926: 1;
  1927: 0;
  1928: 0;
  1929: 0;
  1930: 0;
  1931: 0;
  1932: 0;
  1933: 0;
  1934: 0;
  1935: 0;
  1936: 0;
  1937: 0;
  1938: 0;
  1939: 0;
  1940: 0;
  1941: 0;
  1942: 0;
  1943: 0;
  1944: 0;
  1945: 0;
  1946: 1;
  1947: 1;
  1948: 1;
  1949: 1;
  1950: 1;
  1951: 1;
  1952: 1;
  1953: 1;
  1954: 1;
  1955: 1;
  1956: 1;
  1957: 1;
  1958: 1;
  1959: 1;
  1960: 0;
  1961: 0;
  1962: 0;
  1963: 0;
  1964: 0;
  1965: 0;
  1966: 0;
  1967: 0;
  1968: 0;
  1969: 0;
  1970: 0;
  1971: 0;
  1972: 1;
  1973: 1;
  1974: 1;
  1975: 1;
  1976: 1;
  1977: 1;
  1978: 1;
  1979: 1;
  1980: 1;
  1981: 1;
  1982: 1;
  1983: 1;
  1984: 1;
  1985: 1;
  1986: 1;
  1987: 1;
  1988: 1;
  1989: 1;
  1990: 0;
  1991: 0;
  1992: 0;
  1993: 0;
  1994: 0;
  1995: 0;
  1996: 0;
  1997: 0;
  1998: 0;
  1999: 0;
  2000: 0;
  2001: 0;
  2002: 0;
  2003: 0;
  2004: 0;
  2005: 0;
  2006: 0;
  2007: 0;
  2008: 0;
  2009: 0;
  2010: 0;
  2011: 1;
  2012: 1;
  2013: 1;
  2014: 1;
  2015: 1;
  2016: 1;
  2017: 1;
  2018: 1;
  2019: 1;
  2020: 0;
  2021: 0;
  2022: 0;
  2023: 0;
  2024: 0;
  2025: 0;
  2026: 0;
  2027: 0;
  2028: 0;
  2029: 0;
  2030: 0;
  2031: 0;
  2032: 0;
  2033: 0;
  2034: 0;
  2035: 0;
  2036: 0;
  2037: 0;
  2038: 0;
  2039: 0;
  2040: 0;
  2041: 1;
  2042: 1;
  2043: 1;
  2044: 1;
  2045: 1;
  2046: 1;
  2047: 1;
  2048: 1;
  2049: 1;
  2050: 1;
  2051: 1;
  2052: 1;
  2053: 1;
  2054: 1;
  2055: 1;
  2056: 1;
  2057: 1;
  2058: 1;
  2059: 1;
  2060: 1;
  2061: 1;
  2062: 1;
  2063: 1;
  2064: 1;
  2065: 0;
  2066: 0;
  2067: 0;
  2068: 0;
  2069: 0;
  2070: 0;
  2071: 0;
  2072: 0;
  2073: 0;
  2074: 1;
  2075: 1;
  2076: 1;
  2077: 1;
  2078: 1;
  2079: 1;
  2080: 1;
  2081: 1;
  2082: 1;
  2083: 1;
  2084: 1;
  2085: 0;
  2086: 0;
  2087: 0;
  2088: 0;
  2089: 0;
  2090: 0;
  2091: 0;
  2092: 0;
  2093: 0;
  2094: 0;
  2095: 0;
  2096: 0;
  2097: 0;
  2098: 0;
  2099: 0;
  2100: 0;
  2101: 0;
  2102: 0;
  2103: 0;
  2104: 0;
  2105: 0;
  2106: 0;
  2107: 0;
  2108: 1;
  2109: 1;
  2110: 1;
  2111: 1;
  2112: 1;
  2113: 1;
  2114: 1;
  2115: 1;
  2116: 1;
  2117: 1;
  2118: 1;
  2119: 1;
  2120: 1;
  2121: 1;
  2122: 0;
  2123: 0;
  2124: 0;
  2125: 0;
  2126: 0;
  2127: 0;
  2128: 0;
  2129: 0;
  2130: 0;
  2131: 0;
  2132: 0;
  2133: 0;
  2134: 0;
  2135: 0;
  2136: 0;
  2137: 0;
  2138: 0;
  2139: 0;
  2140: 0;
  2141: 1;
  2142: 1;
  2143: 1;
  2144: 1;
  2145: 0;
  2146: 0;
  2147: 0;
  2148: 0;
  2149: 0;
  2150: 0;
  2151: 0;
  2152: 0;
  2153: 0;
  2154: 0;
  2155: 0;
  2156: 0;
  2157: 0;
  2158: 0;
  2159: 0;
  2160: 0;
  2161: 0;
  2162: 0;
  2163: 0;
  2164: 0;
  2165: 0;
  2166: 0;
  2167: 0;
  2168: 0;
  2169: 0;
  2170: 0;
  2171: 0;
  2172: 0;
  2173: 0;
  2174: 0;
  2175: 1;
  2176: 1;
  2177: 1;
  2178: 1;
  2179: 1;
  2180: 1;
  2181: 1;
  2182: 0;
  2183: 0;
  2184: 0;
  2185: 0;
  2186: 0;
  2187: 0;
  2188: 0;
  2189: 0;
  2190: 0;
  2191: 0;
  2192: 0;
  2193: 0;
  2194: 0;
  2195: 0;
  2196: 0;
  2197: 0;
  2198: 0;
  2199: 0;
  2200: 0;
  2201: 0;
  2202: 0;
  2203: 1;
  2204: 1;
  2205: 1;
  2206: 1;
  2207: 1;
  2208: 1;
  2209: 1;
  2210: 1;
  2211: 1;
  2212: 1;
  2213: 1;
  2214: 0;
  2215: 0;
  2216: 0;
  2217: 0;
  2218: 0;
  2219: 0;
  2220: 0;
  2221: 0;
  2222: 0;
  2223: 0;
  2224: 0;
  2225: 0;
  2226: 0;
  2227: 0;
  2228: 0;
  2229: 0;
  2230: 0;
  2231: 0;
  2232: 0;
  2233: 0;
  2234: 1;
  2235: 1;
  2236: 1;
  2237: 1;
  2238: 1;
  2239: 1;
  2240: 1;
  2241: 1;
  2242: 1;
  2243: 1;
  2244: 1;
  2245: 1;
  2246: 0;
  2247: 0;
  2248: 0;
  2249: 0;
  2250: 0;
  2251: 0;
  2252: 0;
  2253: 0;
  2254: 1;
  2255: 1;
  2256: 1;
  2257: 1;
  2258: 0;
  2259: 0;
  2260: 0;
  2261: 0;
  2262: 0;
  2263: 0;
  2264: 0;
  2265: 0;
  2266: 0;
  2267: 1;
  2268: 1;
  2269: 1;
  2270: 1;
  2271: 1;
  2272: 1;
  2273: 1;
  2274: 1;
  2275: 1;
  2276: 1;
  2277: 0;
  2278: 0;
  2279: 0;
  2280: 0;
  2281: 0;
  2282: 0;
  2283: 0;
  2284: 0;
  2285: 0;
  2286: 0;
  2287: 0;
  2288: 0;
  2289: 0;
  2290: 0;
  2291: 0;
  2292: 1;
  2293: 1;
  2294: 1;
  2295: 1;
  2296: 1;
  2297: 1;
  2298: 1;
  2299: 1;
  2300: 1;
  2301: 1;
  2302: 1;
  2303: 1;
  2304: 1;
  2305: 1;
  2306: 1;
  2307: 1;
  2308: 0;
  2309: 0;
  2310: 0;
  2311: 0;
  2312: 0;
  2313: 0;
  2314: 0;
  2315: 0;
  2316: 0;
  2317: 1;
  2318: 1;
  2319: 1;
  2320: 1;
  2321: 1;
  2322: 1;
  2323: 0;
  2324: 0;
  2325: 0;
  2326: 0;
  2327: 0;
  2328: 0;
  2329: 0;
  2330: 0;
  2331: 0;
  2332: 1;
  2333: 1;
  2334: 1;
  2335: 1;
  2336: 1;
  2337: 1;
  2338: 1;
  2339: 1;
  2340: 0;
  2341: 0;
  2342: 0;
  2343: 0;
  2344: 0;
  2345: 0;
  2346: 0;
  2347: 1;
  2348: 1;
  2349: 1;
  2350: 1;
  2351: 1;
  2352: 1;
  2353: 0;
  2354: 0;
  2355: 0;
  2356: 0;
  2357: 0;
  2358: 0;
  2359: 0;
  2360: 0;
  2361: 0;
  2362: 1;
  2363: 1;
  2364: 1;
  2365: 1;
  2366: 1;
  2367: 1;
  2368: 1;
  2369: 1;
  2370: 1;
  2371: 1;
  2372: 1;
  2373: 1;
  2374: 1;
  2375: 1;
  2376: 1;
  2377: 1;
  2378: 1;
  2379: 1;
  2380: 1;
  2381: 1;
  2382: 1;
  2383: 1;
  2384: 0;
  2385: 0;
  2386: 0;
  2387: 0;
  2388: 0;
  2389: 0;
  2390: 0;
  2391: 0;
  2392: 0;
  2393: 0;
  2394: 1;
  2395: 1;
  2396: 1;
  2397: 1;
  2398: 1;
  2399: 1;
  2400: 1;
  2401: 1;
  2402: 1;
  2403: 1;
  2404: 1;
  2405: 0;
  2406: 0;
  2407: 0;
  2408: 0;
  2409: 0;
  2410: 0;
  2411: 0;
  2412: 0;
  2413: 0;
  2414: 0;
  2415: 0;
  2416: 0;
  2417: 0;
  2418: 0;
  2419: 0;
  2420: 0;
  2421: 0;
  2422: 0;
  2423: 0;
  2424: 0;
  2425: 0;
  2426: 0;
  2427: 0;
  2428: 1;
  2429: 1;
  2430: 1;
  2431: 1;
  2432: 1;
  2433: 1;
  2434: 1;
  2435: 1;
  2436: 1;
  2437: 1;
  2438: 1;
  2439: 1;
  2440: 1;
  2441: 0;
  2442: 0;
  2443: 0;
  2444: 0;
  2445: 0;
  2446: 0;
  2447: 0;
  2448: 0;
  2449: 0;
  2450: 1;
  2451: 1;
  2452: 1;
  2453: 1;
  2454: 1;
  2455: 0;
  2456: 0;
  2457: 0;
  2458: 0;
  2459: 0;
  2460: 0;
  2461: 1;
  2462: 1;
  2463: 1;
  2464: 1;
  2465: 0;
  2466: 0;
  2467: 0;
  2468: 0;
  2469: 0;
  2470: 0;
  2471: 0;
  2472: 0;
  2473: 0;
  2474: 0;
  2475: 0;
  2476: 0;
  2477: 0;
  2478: 0;
  2479: 0;
  2480: 0;
  2481: 0;
  2482: 0;
  2483: 0;
  2484: 0;
  2485: 0;
  2486: 0;
  2487: 0;
  2488: 0;
  2489: 0;
  2490: 0;
  2491: 0;
  2492: 0;
  2493: 0;
  2494: 1;
  2495: 1;
  2496: 1;
  2497: 1;
  2498: 1;
  2499: 1;
  2500: 1;
  2501: 0;
  2502: 0;
  2503: 0;
  2504: 0;
  2505: 0;
  2506: 0;
  2507: 0;
  2508: 0;
  2509: 0;
  2510: 1;
  2511: 1;
  2512: 1;
  2513: 1;
  2514: 1;
  2515: 0;
  2516: 0;
  2517: 0;
  2518: 0;
  2519: 0;
  2520: 0;
  2521: 0;
  2522: 0;
  2523: 1;
  2524: 1;
  2525: 1;
  2526: 1;
  2527: 1;
  2528: 1;
  2529: 1;
  2530: 1;
  2531: 1;
  2532: 1;
  2533: 0;
  2534: 0;
  2535: 0;
  2536: 0;
  2537: 0;
  2538: 0;
  2539: 0;
  2540: 0;
  2541: 0;
  2542: 1;
  2543: 1;
  2544: 1;
  2545: 1;
  2546: 0;
  2547: 0;
  2548: 0;
  2549: 0;
  2550: 0;
  2551: 0;
  2552: 0;
  2553: 0;
  2554: 0;
  2555: 1;
  2556: 1;
  2557: 1;
  2558: 1;
  2559: 1;
  2560: 1;
  2561: 1;
  2562: 1;
  2563: 1;
  2564: 1;
  2565: 0;
  2566: 0;
  2567: 0;
  2568: 0;
  2569: 0;
  2570: 0;
  2571: 0;
  2572: 0;
  2573: 1;
  2574: 1;
  2575: 1;
  2576: 1;
  2577: 1;
  2578: 1;
  2579: 1;
  2580: 0;
  2581: 0;
  2582: 0;
  2583: 0;
  2584: 0;
  2585: 0;
  2586: 0;
  2587: 0;
  2588: 1;
  2589: 1;
  2590: 1;
  2591: 1;
  2592: 1;
  2593: 1;
  2594: 1;
  2595: 0;
  2596: 0;
  2597: 0;
  2598: 0;
  2599: 0;
  2600: 0;
  2601: 0;
  2602: 0;
  2603: 0;
  2604: 0;
  2605: 0;
  2606: 0;
  2607: 0;
  2608: 0;
  2609: 0;
  2610: 0;
  2611: 0;
  2612: 1;
  2613: 1;
  2614: 1;
  2615: 1;
  2616: 1;
  2617: 1;
  2618: 1;
  2619: 1;
  2620: 1;
  2621: 1;
  2622: 1;
  2623: 1;
  2624: 1;
  2625: 1;
  2626: 1;
  2627: 1;
  2628: 0;
  2629: 0;
  2630: 0;
  2631: 0;
  2632: 0;
  2633: 0;
  2634: 1;
  2635: 1;
  2636: 1;
  2637: 1;
  2638: 1;
  2639: 1;
  2640: 1;
  2641: 1;
  2642: 1;
  2643: 1;
  2644: 1;
  2645: 0;
  2646: 0;
  2647: 0;
  2648: 0;
  2649: 0;
  2650: 0;
  2651: 0;
  2652: 1;
  2653: 1;
  2654: 1;
  2655: 1;
  2656: 1;
  2657: 1;
  2658: 1;
  2659: 1;
  2660: 0;
  2661: 0;
  2662: 0;
  2663: 0;
  2664: 1;
  2665: 1;
  2666: 1;
  2667: 1;
  2668: 1;
  2669: 1;
  2670: 1;
  2671: 1;
  2672: 1;
  2673: 1;
  2674: 1;
  2675: 0;
  2676: 0;
  2677: 0;
  2678: 0;
  2679: 0;
  2680: 0;
  2681: 0;
  2682: 1;
  2683: 1;
  2684: 1;
  2685: 1;
  2686: 1;
  2687: 1;
  2688: 1;
  2689: 1;
  2690: 1;
  2691: 1;
  2692: 1;
  2693: 1;
  2694: 1;
  2695: 1;
  2696: 1;
  2697: 1;
  2698: 1;
  2699: 1;
  2700: 1;
  2701: 1;
  2702: 1;
  2703: 1;
  2704: 0;
  2705: 0;
  2706: 0;
  2707: 0;
  2708: 0;
  2709: 0;
  2710: 0;
  2711: 0;
  2712: 0;
  2713: 0;
  2714: 1;
  2715: 1;
  2716: 1;
  2717: 1;
  2718: 1;
  2719: 1;
  2720: 1;
  2721: 1;
  2722: 1;
  2723: 1;
  2724: 1;
  2725: 0;
  2726: 0;
  2727: 0;
  2728: 0;
  2729: 0;
  2730: 0;
  2731: 1;
  2732: 1;
  2733: 1;
  2734: 1;
  2735: 1;
  2736: 1;
  2737: 1;
  2738: 1;
  2739: 1;
  2740: 1;
  2741: 1;
  2742: 1;
  2743: 1;
  2744: 1;
  2745: 1;
  2746: 1;
  2747: 1;
  2748: 1;
  2749: 1;
  2750: 1;
  2751: 1;
  2752: 1;
  2753: 1;
  2754: 1;
  2755: 1;
  2756: 1;
  2757: 1;
  2758: 1;
  2759: 1;
  2760: 0;
  2761: 0;
  2762: 0;
  2763: 0;
  2764: 0;
  2765: 0;
  2766: 0;
  2767: 0;
  2768: 1;
  2769: 1;
  2770: 1;
  2771: 1;
  2772: 1;
  2773: 1;
  2774: 1;
  2775: 1;
  2776: 1;
  2777: 1;
  2778: 0;
  2779: 0;
  2780: 0;
  2781: 1;
  2782: 1;
  2783: 1;
  2784: 1;
  2785: 1;
  2786: 1;
  2787: 1;
  2788: 1;
  2789: 1;
  2790: 1;
  2791: 1;
  2792: 1;
  2793: 1;
  2794: 1;
  2795: 1;
  2796: 1;
  2797: 1;
  2798: 1;
  2799: 1;
  2800: 1;
  2801: 1;
  2802: 1;
  2803: 1;
  2804: 1;
  2805: 1;
  2806: 1;
  2807: 0;
  2808: 0;
  2809: 0;
  2810: 0;
  2811: 0;
  2812: 0;
  2813: 0;
  2814: 1;
  2815: 1;
  2816: 1;
  2817: 1;
  2818: 1;
  2819: 1;
  2820: 1;
  2821: 0;
  2822: 0;
  2823: 0;
  2824: 0;
  2825: 0;
  2826: 0;
  2827: 0;
  2828: 1;
  2829: 1;
  2830: 1;
  2831: 1;
  2832: 1;
  2833: 1;
  2834: 1;
  2835: 1;
  2836: 1;
  2837: 0;
  2838: 0;
  2839: 0;
  2840: 0;
  2841: 0;
  2842: 0;
  2843: 0;
  2844: 1;
  2845: 1;
  2846: 1;
  2847: 1;
  2848: 1;
  2849: 1;
  2850: 1;
  2851: 1;
  2852: 0;
  2853: 0;
  2854: 0;
  2855: 0;
  2856: 0;
  2857: 0;
  2858: 0;
  2859: 0;
  2860: 1;
  2861: 1;
  2862: 1;
  2863: 1;
  2864: 1;
  2865: 1;
  2866: 1;
  2867: 1;
  2868: 0;
  2869: 0;
  2870: 0;
  2871: 0;
  2872: 0;
  2873: 0;
  2874: 0;
  2875: 1;
  2876: 1;
  2877: 1;
  2878: 1;
  2879: 1;
  2880: 1;
  2881: 1;
  2882: 1;
  2883: 1;
  2884: 1;
  2885: 0;
  2886: 0;
  2887: 0;
  2888: 0;
  2889: 0;
  2890: 0;
  2891: 1;
  2892: 1;
  2893: 1;
  2894: 1;
  2895: 1;
  2896: 1;
  2897: 1;
  2898: 1;
  2899: 1;
  2900: 1;
  2901: 0;
  2902: 0;
  2903: 0;
  2904: 0;
  2905: 0;
  2906: 0;
  2907: 0;
  2908: 1;
  2909: 1;
  2910: 1;
  2911: 1;
  2912: 1;
  2913: 1;
  2914: 1;
  2915: 0;
  2916: 0;
  2917: 0;
  2918: 0;
  2919: 0;
  2920: 0;
  2921: 0;
  2922: 0;
  2923: 0;
  2924: 0;
  2925: 1;
  2926: 0;
  2927: 0;
  2928: 0;
  2929: 0;
  2930: 0;
  2931: 0;
  2932: 1;
  2933: 1;
  2934: 1;
  2935: 1;
  2936: 1;
  2937: 1;
  2938: 1;
  2939: 1;
  2940: 1;
  2941: 1;
  2942: 1;
  2943: 1;
  2944: 1;
  2945: 1;
  2946: 1;
  2947: 1;
  2948: 0;
  2949: 0;
  2950: 0;
  2951: 0;
  2952: 0;
  2953: 1;
  2954: 1;
  2955: 1;
  2956: 1;
  2957: 1;
  2958: 1;
  2959: 1;
  2960: 1;
  2961: 1;
  2962: 1;
  2963: 1;
  2964: 1;
  2965: 1;
  2966: 0;
  2967: 0;
  2968: 0;
  2969: 0;
  2970: 0;
  2971: 0;
  2972: 0;
  2973: 1;
  2974: 1;
  2975: 1;
  2976: 1;
  2977: 1;
  2978: 1;
  2979: 1;
  2980: 0;
  2981: 0;
  2982: 0;
  2983: 1;
  2984: 1;
  2985: 1;
  2986: 1;
  2987: 1;
  2988: 1;
  2989: 1;
  2990: 1;
  2991: 1;
  2992: 1;
  2993: 1;
  2994: 1;
  2995: 1;
  2996: 0;
  2997: 0;
  2998: 0;
  2999: 0;
  3000: 0;
  3001: 0;
  3002: 0;
  3003: 1;
  3004: 1;
  3005: 1;
  3006: 1;
  3007: 1;
  3008: 1;
  3009: 1;
  3010: 1;
  3011: 1;
  3012: 1;
  3013: 1;
  3014: 1;
  3015: 1;
  3016: 1;
  3017: 1;
  3018: 1;
  3019: 1;
  3020: 1;
  3021: 1;
  3022: 1;
  3023: 0;
  3024: 0;
  3025: 0;
  3026: 0;
  3027: 0;
  3028: 0;
  3029: 0;
  3030: 0;
  3031: 0;
  3032: 0;
  3033: 0;
  3034: 1;
  3035: 1;
  3036: 1;
  3037: 1;
  3038: 1;
  3039: 1;
  3040: 1;
  3041: 1;
  3042: 1;
  3043: 1;
  3044: 1;
  3045: 0;
  3046: 0;
  3047: 0;
  3048: 0;
  3049: 0;
  3050: 0;
  3051: 1;
  3052: 1;
  3053: 1;
  3054: 1;
  3055: 1;
  3056: 1;
  3057: 1;
  3058: 1;
  3059: 1;
  3060: 1;
  3061: 1;
  3062: 1;
  3063: 1;
  3064: 1;
  3065: 1;
  3066: 1;
  3067: 1;
  3068: 1;
  3069: 1;
  3070: 1;
  3071: 1;
  3072: 1;
  3073: 1;
  3074: 1;
  3075: 1;
  3076: 1;
  3077: 1;
  3078: 1;
  3079: 0;
  3080: 0;
  3081: 0;
  3082: 0;
  3083: 0;
  3084: 0;
  3085: 0;
  3086: 1;
  3087: 1;
  3088: 1;
  3089: 1;
  3090: 1;
  3091: 1;
  3092: 1;
  3093: 1;
  3094: 1;
  3095: 1;
  3096: 1;
  3097: 1;
  3098: 1;
  3099: 1;
  3100: 1;
  3101: 1;
  3102: 1;
  3103: 1;
  3104: 1;
  3105: 1;
  3106: 1;
  3107: 1;
  3108: 1;
  3109: 1;
  3110: 1;
  3111: 1;
  3112: 1;
  3113: 1;
  3114: 1;
  3115: 1;
  3116: 1;
  3117: 1;
  3118: 1;
  3119: 1;
  3120: 1;
  3121: 1;
  3122: 1;
  3123: 1;
  3124: 1;
  3125: 1;
  3126: 1;
  3127: 0;
  3128: 0;
  3129: 0;
  3130: 0;
  3131: 0;
  3132: 0;
  3133: 1;
  3134: 1;
  3135: 1;
  3136: 1;
  3137: 1;
  3138: 1;
  3139: 1;
  3140: 0;
  3141: 0;
  3142: 0;
  3143: 0;
  3144: 0;
  3145: 0;
  3146: 0;
  3147: 1;
  3148: 1;
  3149: 1;
  3150: 1;
  3151: 1;
  3152: 1;
  3153: 1;
  3154: 1;
  3155: 1;
  3156: 1;
  3157: 1;
  3158: 0;
  3159: 0;
  3160: 0;
  3161: 0;
  3162: 0;
  3163: 0;
  3164: 0;
  3165: 1;
  3166: 1;
  3167: 1;
  3168: 1;
  3169: 1;
  3170: 1;
  3171: 0;
  3172: 0;
  3173: 0;
  3174: 0;
  3175: 0;
  3176: 0;
  3177: 0;
  3178: 0;
  3179: 1;
  3180: 1;
  3181: 1;
  3182: 1;
  3183: 1;
  3184: 1;
  3185: 1;
  3186: 1;
  3187: 1;
  3188: 1;
  3189: 0;
  3190: 0;
  3191: 0;
  3192: 0;
  3193: 0;
  3194: 0;
  3195: 0;
  3196: 1;
  3197: 1;
  3198: 1;
  3199: 1;
  3200: 1;
  3201: 1;
  3202: 1;
  3203: 1;
  3204: 0;
  3205: 0;
  3206: 0;
  3207: 0;
  3208: 0;
  3209: 0;
  3210: 0;
  3211: 1;
  3212: 1;
  3213: 1;
  3214: 1;
  3215: 1;
  3216: 1;
  3217: 1;
  3218: 1;
  3219: 1;
  3220: 1;
  3221: 1;
  3222: 0;
  3223: 0;
  3224: 0;
  3225: 0;
  3226: 0;
  3227: 0;
  3228: 0;
  3229: 1;
  3230: 1;
  3231: 1;
  3232: 1;
  3233: 1;
  3234: 1;
  3235: 0;
  3236: 0;
  3237: 0;
  3238: 0;
  3239: 0;
  3240: 0;
  3241: 0;
  3242: 1;
  3243: 1;
  3244: 1;
  3245: 1;
  3246: 0;
  3247: 0;
  3248: 0;
  3249: 0;
  3250: 0;
  3251: 0;
  3252: 1;
  3253: 1;
  3254: 1;
  3255: 1;
  3256: 1;
  3257: 1;
  3258: 1;
  3259: 1;
  3260: 1;
  3261: 1;
  3262: 1;
  3263: 1;
  3264: 1;
  3265: 1;
  3266: 1;
  3267: 1;
  3268: 0;
  3269: 0;
  3270: 0;
  3271: 1;
  3272: 1;
  3273: 1;
  3274: 1;
  3275: 1;
  3276: 1;
  3277: 1;
  3278: 1;
  3279: 1;
  3280: 1;
  3281: 1;
  3282: 1;
  3283: 1;
  3284: 1;
  3285: 1;
  3286: 0;
  3287: 0;
  3288: 0;
  3289: 0;
  3290: 0;
  3291: 0;
  3292: 0;
  3293: 1;
  3294: 1;
  3295: 1;
  3296: 1;
  3297: 1;
  3298: 1;
  3299: 1;
  3300: 1;
  3301: 1;
  3302: 1;
  3303: 1;
  3304: 1;
  3305: 1;
  3306: 1;
  3307: 1;
  3308: 1;
  3309: 1;
  3310: 1;
  3311: 1;
  3312: 1;
  3313: 1;
  3314: 1;
  3315: 1;
  3316: 0;
  3317: 0;
  3318: 0;
  3319: 0;
  3320: 0;
  3321: 0;
  3322: 0;
  3323: 1;
  3324: 1;
  3325: 1;
  3326: 1;
  3327: 1;
  3328: 1;
  3329: 1;
  3330: 1;
  3331: 1;
  3332: 1;
  3333: 1;
  3334: 1;
  3335: 1;
  3336: 1;
  3337: 1;
  3338: 1;
  3339: 1;
  3340: 1;
  3341: 1;
  3342: 0;
  3343: 0;
  3344: 0;
  3345: 0;
  3346: 0;
  3347: 0;
  3348: 0;
  3349: 0;
  3350: 0;
  3351: 0;
  3352: 0;
  3353: 0;
  3354: 1;
  3355: 1;
  3356: 1;
  3357: 1;
  3358: 1;
  3359: 1;
  3360: 1;
  3361: 1;
  3362: 1;
  3363: 1;
  3364: 1;
  3365: 0;
  3366: 0;
  3367: 0;
  3368: 0;
  3369: 0;
  3370: 0;
  3371: 1;
  3372: 1;
  3373: 1;
  3374: 1;
  3375: 1;
  3376: 1;
  3377: 1;
  3378: 1;
  3379: 1;
  3380: 1;
  3381: 1;
  3382: 1;
  3383: 1;
  3384: 1;
  3385: 1;
  3386: 1;
  3387: 1;
  3388: 1;
  3389: 1;
  3390: 1;
  3391: 1;
  3392: 1;
  3393: 1;
  3394: 1;
  3395: 1;
  3396: 1;
  3397: 1;
  3398: 0;
  3399: 0;
  3400: 0;
  3401: 0;
  3402: 0;
  3403: 0;
  3404: 0;
  3405: 1;
  3406: 1;
  3407: 1;
  3408: 1;
  3409: 1;
  3410: 1;
  3411: 1;
  3412: 1;
  3413: 1;
  3414: 1;
  3415: 1;
  3416: 1;
  3417: 1;
  3418: 1;
  3419: 1;
  3420: 1;
  3421: 1;
  3422: 1;
  3423: 1;
  3424: 1;
  3425: 1;
  3426: 1;
  3427: 1;
  3428: 1;
  3429: 1;
  3430: 1;
  3431: 1;
  3432: 1;
  3433: 1;
  3434: 1;
  3435: 1;
  3436: 1;
  3437: 1;
  3438: 1;
  3439: 1;
  3440: 1;
  3441: 1;
  3442: 1;
  3443: 1;
  3444: 1;
  3445: 1;
  3446: 0;
  3447: 0;
  3448: 0;
  3449: 0;
  3450: 0;
  3451: 0;
  3452: 0;
  3453: 1;
  3454: 1;
  3455: 1;
  3456: 1;
  3457: 1;
  3458: 1;
  3459: 1;
  3460: 0;
  3461: 0;
  3462: 0;
  3463: 0;
  3464: 0;
  3465: 0;
  3466: 1;
  3467: 1;
  3468: 1;
  3469: 1;
  3470: 1;
  3471: 1;
  3472: 1;
  3473: 1;
  3474: 1;
  3475: 1;
  3476: 1;
  3477: 1;
  3478: 0;
  3479: 0;
  3480: 0;
  3481: 0;
  3482: 0;
  3483: 0;
  3484: 0;
  3485: 1;
  3486: 1;
  3487: 1;
  3488: 1;
  3489: 1;
  3490: 1;
  3491: 0;
  3492: 0;
  3493: 0;
  3494: 0;
  3495: 0;
  3496: 0;
  3497: 0;
  3498: 1;
  3499: 1;
  3500: 1;
  3501: 1;
  3502: 1;
  3503: 1;
  3504: 1;
  3505: 1;
  3506: 1;
  3507: 1;
  3508: 1;
  3509: 1;
  3510: 0;
  3511: 0;
  3512: 0;
  3513: 0;
  3514: 0;
  3515: 0;
  3516: 1;
  3517: 1;
  3518: 1;
  3519: 1;
  3520: 1;
  3521: 1;
  3522: 1;
  3523: 1;
  3524: 0;
  3525: 0;
  3526: 0;
  3527: 0;
  3528: 0;
  3529: 0;
  3530: 1;
  3531: 1;
  3532: 1;
  3533: 1;
  3534: 1;
  3535: 1;
  3536: 1;
  3537: 1;
  3538: 1;
  3539: 1;
  3540: 1;
  3541: 1;
  3542: 0;
  3543: 0;
  3544: 0;
  3545: 0;
  3546: 0;
  3547: 0;
  3548: 0;
  3549: 1;
  3550: 1;
  3551: 1;
  3552: 1;
  3553: 1;
  3554: 1;
  3555: 0;
  3556: 0;
  3557: 0;
  3558: 0;
  3559: 1;
  3560: 1;
  3561: 1;
  3562: 1;
  3563: 1;
  3564: 1;
  3565: 1;
  3566: 0;
  3567: 0;
  3568: 0;
  3569: 0;
  3570: 0;
  3571: 0;
  3572: 1;
  3573: 1;
  3574: 1;
  3575: 1;
  3576: 1;
  3577: 1;
  3578: 1;
  3579: 1;
  3580: 1;
  3581: 1;
  3582: 1;
  3583: 1;
  3584: 1;
  3585: 1;
  3586: 1;
  3587: 1;
  3588: 0;
  3589: 0;
  3590: 1;
  3591: 1;
  3592: 1;
  3593: 1;
  3594: 1;
  3595: 1;
  3596: 1;
  3597: 1;
  3598: 1;
  3599: 1;
  3600: 1;
  3601: 1;
  3602: 1;
  3603: 1;
  3604: 1;
  3605: 1;
  3606: 1;
  3607: 0;
  3608: 0;
  3609: 0;
  3610: 0;
  3611: 0;
  3612: 0;
  3613: 0;
  3614: 1;
  3615: 1;
  3616: 1;
  3617: 1;
  3618: 1;
  3619: 1;
  3620: 1;
  3621: 1;
  3622: 1;
  3623: 1;
  3624: 1;
  3625: 1;
  3626: 1;
  3627: 1;
  3628: 1;
  3629: 1;
  3630: 1;
  3631: 1;
  3632: 1;
  3633: 1;
  3634: 1;
  3635: 1;
  3636: 1;
  3637: 0;
  3638: 0;
  3639: 0;
  3640: 0;
  3641: 0;
  3642: 0;
  3643: 0;
  3644: 1;
  3645: 1;
  3646: 1;
  3647: 1;
  3648: 1;
  3649: 1;
  3650: 1;
  3651: 1;
  3652: 1;
  3653: 1;
  3654: 1;
  3655: 1;
  3656: 1;
  3657: 1;
  3658: 1;
  3659: 1;
  3660: 1;
  3661: 1;
  3662: 0;
  3663: 0;
  3664: 0;
  3665: 0;
  3666: 0;
  3667: 0;
  3668: 0;
  3669: 0;
  3670: 0;
  3671: 0;
  3672: 0;
  3673: 0;
  3674: 1;
  3675: 1;
  3676: 1;
  3677: 1;
  3678: 1;
  3679: 1;
  3680: 1;
  3681: 1;
  3682: 1;
  3683: 1;
  3684: 1;
  3685: 0;
  3686: 0;
  3687: 0;
  3688: 0;
  3689: 0;
  3690: 0;
  3691: 1;
  3692: 1;
  3693: 1;
  3694: 1;
  3695: 1;
  3696: 1;
  3697: 1;
  3698: 1;
  3699: 1;
  3700: 1;
  3701: 1;
  3702: 1;
  3703: 1;
  3704: 1;
  3705: 1;
  3706: 1;
  3707: 1;
  3708: 1;
  3709: 1;
  3710: 1;
  3711: 1;
  3712: 1;
  3713: 1;
  3714: 1;
  3715: 1;
  3716: 1;
  3717: 1;
  3718: 0;
  3719: 0;
  3720: 0;
  3721: 0;
  3722: 0;
  3723: 0;
  3724: 1;
  3725: 1;
  3726: 1;
  3727: 1;
  3728: 1;
  3729: 1;
  3730: 1;
  3731: 1;
  3732: 1;
  3733: 1;
  3734: 1;
  3735: 1;
  3736: 1;
  3737: 1;
  3738: 1;
  3739: 1;
  3740: 1;
  3741: 1;
  3742: 1;
  3743: 1;
  3744: 1;
  3745: 1;
  3746: 1;
  3747: 1;
  3748: 1;
  3749: 1;
  3750: 1;
  3751: 1;
  3752: 1;
  3753: 1;
  3754: 1;
  3755: 1;
  3756: 1;
  3757: 1;
  3758: 1;
  3759: 1;
  3760: 1;
  3761: 1;
  3762: 1;
  3763: 1;
  3764: 1;
  3765: 1;
  3766: 0;
  3767: 0;
  3768: 0;
  3769: 0;
  3770: 0;
  3771: 0;
  3772: 1;
  3773: 1;
  3774: 1;
  3775: 1;
  3776: 1;
  3777: 1;
  3778: 1;
  3779: 0;
  3780: 0;
  3781: 0;
  3782: 0;
  3783: 0;
  3784: 0;
  3785: 0;
  3786: 1;
  3787: 1;
  3788: 1;
  3789: 1;
  3790: 1;
  3791: 1;
  3792: 1;
  3793: 1;
  3794: 1;
  3795: 1;
  3796: 1;
  3797: 1;
  3798: 1;
  3799: 0;
  3800: 0;
  3801: 0;
  3802: 0;
  3803: 0;
  3804: 0;
  3805: 1;
  3806: 1;
  3807: 1;
  3808: 1;
  3809: 1;
  3810: 0;
  3811: 0;
  3812: 0;
  3813: 0;
  3814: 0;
  3815: 0;
  3816: 0;
  3817: 1;
  3818: 1;
  3819: 1;
  3820: 1;
  3821: 1;
  3822: 1;
  3823: 1;
  3824: 1;
  3825: 1;
  3826: 1;
  3827: 1;
  3828: 1;
  3829: 1;
  3830: 0;
  3831: 0;
  3832: 0;
  3833: 0;
  3834: 0;
  3835: 0;
  3836: 0;
  3837: 1;
  3838: 1;
  3839: 1;
  3840: 1;
  3841: 1;
  3842: 1;
  3843: 0;
  3844: 0;
  3845: 0;
  3846: 0;
  3847: 0;
  3848: 0;
  3849: 0;
  3850: 1;
  3851: 1;
  3852: 1;
  3853: 1;
  3854: 1;
  3855: 1;
  3856: 1;
  3857: 1;
  3858: 1;
  3859: 1;
  3860: 1;
  3861: 1;
  3862: 1;
  3863: 0;
  3864: 0;
  3865: 0;
  3866: 0;
  3867: 0;
  3868: 0;
  3869: 1;
  3870: 1;
  3871: 1;
  3872: 1;
  3873: 1;
  3874: 1;
  3875: 1;
  3876: 1;
  3877: 1;
  3878: 1;
  3879: 1;
  3880: 1;
  3881: 1;
  3882: 1;
  3883: 1;
  3884: 1;
  3885: 1;
  3886: 0;
  3887: 0;
  3888: 0;
  3889: 0;
  3890: 0;
  3891: 0;
  3892: 1;
  3893: 1;
  3894: 1;
  3895: 1;
  3896: 1;
  3897: 1;
  3898: 1;
  3899: 1;
  3900: 1;
  3901: 1;
  3902: 1;
  3903: 1;
  3904: 1;
  3905: 1;
  3906: 1;
  3907: 1;
  3908: 1;
  3909: 1;
  3910: 1;
  3911: 1;
  3912: 1;
  3913: 1;
  3914: 1;
  3915: 1;
  3916: 1;
  3917: 1;
  3918: 1;
  3919: 1;
  3920: 1;
  3921: 1;
  3922: 1;
  3923: 1;
  3924: 1;
  3925: 1;
  3926: 1;
  3927: 0;
  3928: 0;
  3929: 0;
  3930: 0;
  3931: 0;
  3932: 0;
  3933: 0;
  3934: 1;
  3935: 1;
  3936: 1;
  3937: 1;
  3938: 1;
  3939: 1;
  3940: 1;
  3941: 1;
  3942: 1;
  3943: 1;
  3944: 1;
  3945: 1;
  3946: 1;
  3947: 1;
  3948: 1;
  3949: 1;
  3950: 1;
  3951: 1;
  3952: 1;
  3953: 1;
  3954: 1;
  3955: 1;
  3956: 1;
  3957: 0;
  3958: 0;
  3959: 0;
  3960: 0;
  3961: 0;
  3962: 0;
  3963: 0;
  3964: 1;
  3965: 1;
  3966: 1;
  3967: 1;
  3968: 1;
  3969: 1;
  3970: 1;
  3971: 1;
  3972: 1;
  3973: 1;
  3974: 1;
  3975: 1;
  3976: 1;
  3977: 1;
  3978: 1;
  3979: 1;
  3980: 1;
  3981: 0;
  3982: 0;
  3983: 0;
  3984: 0;
  3985: 0;
  3986: 0;
  3987: 1;
  3988: 0;
  3989: 0;
  3990: 0;
  3991: 0;
  3992: 0;
  3993: 0;
  3994: 1;
  3995: 1;
  3996: 1;
  3997: 1;
  3998: 1;
  3999: 1;
  4000: 1;
  4001: 1;
  4002: 1;
  4003: 1;
  4004: 1;
  4005: 0;
  4006: 0;
  4007: 0;
  4008: 0;
  4009: 0;
  4010: 0;
  4011: 1;
  4012: 1;
  4013: 1;
  4014: 1;
  4015: 1;
  4016: 1;
  4017: 1;
  4018: 1;
  4019: 1;
  4020: 1;
  4021: 1;
  4022: 1;
  4023: 1;
  4024: 1;
  4025: 1;
  4026: 1;
  4027: 1;
  4028: 1;
  4029: 1;
  4030: 1;
  4031: 1;
  4032: 1;
  4033: 1;
  4034: 1;
  4035: 1;
  4036: 1;
  4037: 0;
  4038: 0;
  4039: 0;
  4040: 0;
  4041: 0;
  4042: 0;
  4043: 0;
  4044: 1;
  4045: 1;
  4046: 1;
  4047: 1;
  4048: 1;
  4049: 1;
  4050: 1;
  4051: 1;
  4052: 1;
  4053: 1;
  4054: 1;
  4055: 1;
  4056: 1;
  4057: 1;
  4058: 1;
  4059: 1;
  4060: 1;
  4061: 1;
  4062: 1;
  4063: 1;
  4064: 1;
  4065: 1;
  4066: 1;
  4067: 1;
  4068: 1;
  4069: 1;
  4070: 1;
  4071: 1;
  4072: 1;
  4073: 1;
  4074: 1;
  4075: 1;
  4076: 1;
  4077: 1;
  4078: 1;
  4079: 1;
  4080: 1;
  4081: 1;
  4082: 1;
  4083: 1;
  4084: 1;
  4085: 1;
  4086: 0;
  4087: 0;
  4088: 0;
  4089: 0;
  4090: 0;
  4091: 0;
  4092: 1;
  4093: 1;
  4094: 1;
  4095: 1;
  4096: 1;
  4097: 1;
  4098: 1;
  4099: 0;
  4100: 0;
  4101: 0;
  4102: 0;
  4103: 0;
  4104: 0;
  4105: 0;
  4106: 1;
  4107: 1;
  4108: 1;
  4109: 1;
  4110: 1;
  4111: 1;
  4112: 1;
  4113: 1;
  4114: 1;
  4115: 1;
  4116: 1;
  4117: 1;
  4118: 1;
  4119: 0;
  4120: 0;
  4121: 0;
  4122: 0;
  4123: 0;
  4124: 0;
  4125: 1;
  4126: 1;
  4127: 1;
  4128: 1;
  4129: 1;
  4130: 0;
  4131: 0;
  4132: 0;
  4133: 0;
  4134: 0;
  4135: 0;
  4136: 0;
  4137: 1;
  4138: 1;
  4139: 1;
  4140: 1;
  4141: 1;
  4142: 1;
  4143: 1;
  4144: 1;
  4145: 1;
  4146: 1;
  4147: 1;
  4148: 1;
  4149: 1;
  4150: 1;
  4151: 0;
  4152: 0;
  4153: 0;
  4154: 0;
  4155: 0;
  4156: 0;
  4157: 1;
  4158: 1;
  4159: 1;
  4160: 1;
  4161: 1;
  4162: 1;
  4163: 0;
  4164: 0;
  4165: 0;
  4166: 0;
  4167: 0;
  4168: 0;
  4169: 1;
  4170: 1;
  4171: 1;
  4172: 1;
  4173: 1;
  4174: 1;
  4175: 1;
  4176: 1;
  4177: 1;
  4178: 1;
  4179: 1;
  4180: 1;
  4181: 1;
  4182: 1;
  4183: 0;
  4184: 0;
  4185: 0;
  4186: 0;
  4187: 0;
  4188: 0;
  4189: 0;
  4190: 1;
  4191: 1;
  4192: 1;
  4193: 1;
  4194: 1;
  4195: 1;
  4196: 1;
  4197: 1;
  4198: 1;
  4199: 1;
  4200: 1;
  4201: 1;
  4202: 1;
  4203: 1;
  4204: 1;
  4205: 1;
  4206: 0;
  4207: 0;
  4208: 0;
  4209: 0;
  4210: 0;
  4211: 0;
  4212: 1;
  4213: 1;
  4214: 1;
  4215: 1;
  4216: 1;
  4217: 1;
  4218: 1;
  4219: 1;
  4220: 1;
  4221: 1;
  4222: 1;
  4223: 1;
  4224: 1;
  4225: 1;
  4226: 1;
  4227: 1;
  4228: 1;
  4229: 1;
  4230: 1;
  4231: 1;
  4232: 1;
  4233: 1;
  4234: 1;
  4235: 1;
  4236: 1;
  4237: 1;
  4238: 1;
  4239: 1;
  4240: 1;
  4241: 1;
  4242: 1;
  4243: 1;
  4244: 1;
  4245: 1;
  4246: 1;
  4247: 0;
  4248: 0;
  4249: 0;
  4250: 0;
  4251: 0;
  4252: 0;
  4253: 0;
  4254: 1;
  4255: 1;
  4256: 1;
  4257: 1;
  4258: 1;
  4259: 1;
  4260: 1;
  4261: 1;
  4262: 1;
  4263: 1;
  4264: 1;
  4265: 1;
  4266: 1;
  4267: 1;
  4268: 1;
  4269: 1;
  4270: 1;
  4271: 1;
  4272: 1;
  4273: 1;
  4274: 1;
  4275: 1;
  4276: 1;
  4277: 0;
  4278: 0;
  4279: 0;
  4280: 0;
  4281: 0;
  4282: 0;
  4283: 0;
  4284: 1;
  4285: 1;
  4286: 1;
  4287: 1;
  4288: 1;
  4289: 1;
  4290: 1;
  4291: 1;
  4292: 1;
  4293: 1;
  4294: 1;
  4295: 1;
  4296: 1;
  4297: 1;
  4298: 1;
  4299: 1;
  4300: 0;
  4301: 0;
  4302: 0;
  4303: 0;
  4304: 0;
  4305: 0;
  4306: 1;
  4307: 1;
  4308: 0;
  4309: 0;
  4310: 0;
  4311: 0;
  4312: 0;
  4313: 0;
  4314: 1;
  4315: 1;
  4316: 1;
  4317: 1;
  4318: 1;
  4319: 1;
  4320: 1;
  4321: 1;
  4322: 1;
  4323: 1;
  4324: 1;
  4325: 0;
  4326: 0;
  4327: 0;
  4328: 0;
  4329: 0;
  4330: 0;
  4331: 1;
  4332: 1;
  4333: 1;
  4334: 1;
  4335: 1;
  4336: 1;
  4337: 1;
  4338: 1;
  4339: 1;
  4340: 1;
  4341: 1;
  4342: 1;
  4343: 1;
  4344: 1;
  4345: 1;
  4346: 1;
  4347: 1;
  4348: 1;
  4349: 1;
  4350: 1;
  4351: 1;
  4352: 1;
  4353: 1;
  4354: 1;
  4355: 1;
  4356: 1;
  4357: 0;
  4358: 0;
  4359: 0;
  4360: 0;
  4361: 0;
  4362: 0;
  4363: 1;
  4364: 1;
  4365: 1;
  4366: 1;
  4367: 1;
  4368: 1;
  4369: 1;
  4370: 1;
  4371: 1;
  4372: 1;
  4373: 1;
  4374: 1;
  4375: 1;
  4376: 1;
  4377: 1;
  4378: 1;
  4379: 1;
  4380: 1;
  4381: 1;
  4382: 1;
  4383: 1;
  4384: 1;
  4385: 1;
  4386: 1;
  4387: 1;
  4388: 1;
  4389: 1;
  4390: 1;
  4391: 1;
  4392: 1;
  4393: 1;
  4394: 1;
  4395: 1;
  4396: 1;
  4397: 1;
  4398: 1;
  4399: 1;
  4400: 1;
  4401: 1;
  4402: 1;
  4403: 1;
  4404: 1;
  4405: 0;
  4406: 0;
  4407: 0;
  4408: 0;
  4409: 0;
  4410: 0;
  4411: 0;
  4412: 1;
  4413: 1;
  4414: 1;
  4415: 1;
  4416: 1;
  4417: 1;
  4418: 1;
  4419: 0;
  4420: 0;
  4421: 0;
  4422: 0;
  4423: 0;
  4424: 0;
  4425: 1;
  4426: 1;
  4427: 1;
  4428: 1;
  4429: 1;
  4430: 1;
  4431: 1;
  4432: 1;
  4433: 1;
  4434: 1;
  4435: 1;
  4436: 1;
  4437: 1;
  4438: 1;
  4439: 0;
  4440: 0;
  4441: 0;
  4442: 0;
  4443: 0;
  4444: 0;
  4445: 1;
  4446: 1;
  4447: 1;
  4448: 1;
  4449: 1;
  4450: 0;
  4451: 0;
  4452: 0;
  4453: 0;
  4454: 0;
  4455: 0;
  4456: 1;
  4457: 1;
  4458: 1;
  4459: 1;
  4460: 1;
  4461: 1;
  4462: 1;
  4463: 1;
  4464: 1;
  4465: 1;
  4466: 1;
  4467: 1;
  4468: 1;
  4469: 1;
  4470: 1;
  4471: 0;
  4472: 0;
  4473: 0;
  4474: 0;
  4475: 0;
  4476: 0;
  4477: 0;
  4478: 1;
  4479: 1;
  4480: 1;
  4481: 1;
  4482: 0;
  4483: 0;
  4484: 0;
  4485: 0;
  4486: 0;
  4487: 0;
  4488: 0;
  4489: 1;
  4490: 1;
  4491: 1;
  4492: 1;
  4493: 1;
  4494: 1;
  4495: 1;
  4496: 1;
  4497: 1;
  4498: 1;
  4499: 1;
  4500: 1;
  4501: 1;
  4502: 1;
  4503: 0;
  4504: 0;
  4505: 0;
  4506: 0;
  4507: 0;
  4508: 0;
  4509: 0;
  4510: 1;
  4511: 1;
  4512: 1;
  4513: 1;
  4514: 1;
  4515: 1;
  4516: 1;
  4517: 1;
  4518: 1;
  4519: 1;
  4520: 1;
  4521: 1;
  4522: 1;
  4523: 1;
  4524: 1;
  4525: 1;
  4526: 0;
  4527: 0;
  4528: 0;
  4529: 0;
  4530: 0;
  4531: 0;
  4532: 1;
  4533: 1;
  4534: 1;
  4535: 1;
  4536: 1;
  4537: 1;
  4538: 1;
  4539: 1;
  4540: 1;
  4541: 1;
  4542: 1;
  4543: 1;
  4544: 1;
  4545: 1;
  4546: 1;
  4547: 1;
  4548: 1;
  4549: 1;
  4550: 1;
  4551: 1;
  4552: 1;
  4553: 1;
  4554: 1;
  4555: 1;
  4556: 1;
  4557: 1;
  4558: 1;
  4559: 1;
  4560: 1;
  4561: 1;
  4562: 1;
  4563: 1;
  4564: 1;
  4565: 1;
  4566: 1;
  4567: 1;
  4568: 0;
  4569: 0;
  4570: 0;
  4571: 0;
  4572: 0;
  4573: 0;
  4574: 1;
  4575: 1;
  4576: 1;
  4577: 1;
  4578: 1;
  4579: 1;
  4580: 1;
  4581: 1;
  4582: 1;
  4583: 1;
  4584: 1;
  4585: 1;
  4586: 1;
  4587: 1;
  4588: 1;
  4589: 1;
  4590: 1;
  4591: 1;
  4592: 1;
  4593: 1;
  4594: 1;
  4595: 1;
  4596: 1;
  4597: 0;
  4598: 0;
  4599: 0;
  4600: 0;
  4601: 0;
  4602: 0;
  4603: 0;
  4604: 1;
  4605: 1;
  4606: 1;
  4607: 1;
  4608: 1;
  4609: 1;
  4610: 1;
  4611: 1;
  4612: 1;
  4613: 1;
  4614: 1;
  4615: 1;
  4616: 1;
  4617: 1;
  4618: 1;
  4619: 1;
  4620: 0;
  4621: 0;
  4622: 0;
  4623: 0;
  4624: 0;
  4625: 0;
  4626: 1;
  4627: 1;
  4628: 0;
  4629: 0;
  4630: 0;
  4631: 0;
  4632: 0;
  4633: 0;
  4634: 1;
  4635: 1;
  4636: 1;
  4637: 1;
  4638: 1;
  4639: 1;
  4640: 1;
  4641: 1;
  4642: 1;
  4643: 1;
  4644: 1;
  4645: 0;
  4646: 0;
  4647: 0;
  4648: 0;
  4649: 0;
  4650: 0;
  4651: 1;
  4652: 1;
  4653: 1;
  4654: 1;
  4655: 1;
  4656: 1;
  4657: 1;
  4658: 1;
  4659: 1;
  4660: 1;
  4661: 1;
  4662: 1;
  4663: 1;
  4664: 1;
  4665: 1;
  4666: 1;
  4667: 1;
  4668: 1;
  4669: 1;
  4670: 1;
  4671: 1;
  4672: 1;
  4673: 1;
  4674: 1;
  4675: 1;
  4676: 0;
  4677: 0;
  4678: 0;
  4679: 0;
  4680: 0;
  4681: 0;
  4682: 0;
  4683: 1;
  4684: 1;
  4685: 1;
  4686: 1;
  4687: 1;
  4688: 1;
  4689: 1;
  4690: 1;
  4691: 1;
  4692: 1;
  4693: 1;
  4694: 1;
  4695: 1;
  4696: 1;
  4697: 1;
  4698: 1;
  4699: 1;
  4700: 1;
  4701: 1;
  4702: 1;
  4703: 1;
  4704: 1;
  4705: 1;
  4706: 1;
  4707: 1;
  4708: 1;
  4709: 1;
  4710: 1;
  4711: 1;
  4712: 1;
  4713: 1;
  4714: 1;
  4715: 1;
  4716: 1;
  4717: 1;
  4718: 1;
  4719: 1;
  4720: 1;
  4721: 1;
  4722: 1;
  4723: 1;
  4724: 1;
  4725: 0;
  4726: 0;
  4727: 0;
  4728: 0;
  4729: 0;
  4730: 0;
  4731: 1;
  4732: 1;
  4733: 1;
  4734: 1;
  4735: 1;
  4736: 1;
  4737: 1;
  4738: 1;
  4739: 0;
  4740: 0;
  4741: 0;
  4742: 0;
  4743: 0;
  4744: 0;
  4745: 1;
  4746: 1;
  4747: 1;
  4748: 1;
  4749: 1;
  4750: 1;
  4751: 1;
  4752: 1;
  4753: 1;
  4754: 1;
  4755: 1;
  4756: 1;
  4757: 1;
  4758: 1;
  4759: 0;
  4760: 0;
  4761: 0;
  4762: 0;
  4763: 0;
  4764: 0;
  4765: 1;
  4766: 1;
  4767: 1;
  4768: 1;
  4769: 1;
  4770: 0;
  4771: 0;
  4772: 0;
  4773: 0;
  4774: 0;
  4775: 0;
  4776: 1;
  4777: 1;
  4778: 1;
  4779: 1;
  4780: 1;
  4781: 1;
  4782: 1;
  4783: 1;
  4784: 1;
  4785: 1;
  4786: 1;
  4787: 1;
  4788: 1;
  4789: 1;
  4790: 1;
  4791: 1;
  4792: 0;
  4793: 0;
  4794: 0;
  4795: 0;
  4796: 0;
  4797: 0;
  4798: 1;
  4799: 1;
  4800: 1;
  4801: 1;
  4802: 0;
  4803: 0;
  4804: 0;
  4805: 0;
  4806: 0;
  4807: 0;
  4808: 0;
  4809: 1;
  4810: 1;
  4811: 1;
  4812: 1;
  4813: 1;
  4814: 1;
  4815: 1;
  4816: 1;
  4817: 1;
  4818: 1;
  4819: 1;
  4820: 1;
  4821: 1;
  4822: 1;
  4823: 1;
  4824: 0;
  4825: 0;
  4826: 0;
  4827: 0;
  4828: 0;
  4829: 0;
  4830: 1;
  4831: 1;
  4832: 1;
  4833: 1;
  4834: 1;
  4835: 1;
  4836: 1;
  4837: 1;
  4838: 1;
  4839: 1;
  4840: 1;
  4841: 1;
  4842: 1;
  4843: 1;
  4844: 1;
  4845: 1;
  4846: 0;
  4847: 0;
  4848: 0;
  4849: 0;
  4850: 0;
  4851: 0;
  4852: 1;
  4853: 1;
  4854: 1;
  4855: 1;
  4856: 1;
  4857: 1;
  4858: 1;
  4859: 1;
  4860: 1;
  4861: 1;
  4862: 1;
  4863: 1;
  4864: 1;
  4865: 1;
  4866: 1;
  4867: 1;
  4868: 1;
  4869: 1;
  4870: 1;
  4871: 1;
  4872: 1;
  4873: 1;
  4874: 1;
  4875: 1;
  4876: 1;
  4877: 1;
  4878: 1;
  4879: 1;
  4880: 1;
  4881: 1;
  4882: 1;
  4883: 1;
  4884: 1;
  4885: 1;
  4886: 1;
  4887: 1;
  4888: 0;
  4889: 0;
  4890: 0;
  4891: 0;
  4892: 0;
  4893: 0;
  4894: 1;
  4895: 1;
  4896: 1;
  4897: 1;
  4898: 1;
  4899: 1;
  4900: 1;
  4901: 1;
  4902: 1;
  4903: 1;
  4904: 1;
  4905: 1;
  4906: 1;
  4907: 1;
  4908: 1;
  4909: 1;
  4910: 1;
  4911: 1;
  4912: 1;
  4913: 1;
  4914: 1;
  4915: 1;
  4916: 1;
  4917: 0;
  4918: 0;
  4919: 0;
  4920: 0;
  4921: 0;
  4922: 0;
  4923: 0;
  4924: 1;
  4925: 1;
  4926: 1;
  4927: 1;
  4928: 1;
  4929: 1;
  4930: 1;
  4931: 1;
  4932: 1;
  4933: 1;
  4934: 1;
  4935: 1;
  4936: 1;
  4937: 1;
  4938: 1;
  4939: 0;
  4940: 0;
  4941: 0;
  4942: 0;
  4943: 0;
  4944: 0;
  4945: 1;
  4946: 1;
  4947: 1;
  4948: 0;
  4949: 0;
  4950: 0;
  4951: 0;
  4952: 0;
  4953: 0;
  4954: 1;
  4955: 1;
  4956: 1;
  4957: 1;
  4958: 1;
  4959: 1;
  4960: 1;
  4961: 1;
  4962: 1;
  4963: 1;
  4964: 1;
  4965: 0;
  4966: 0;
  4967: 0;
  4968: 0;
  4969: 0;
  4970: 0;
  4971: 1;
  4972: 1;
  4973: 1;
  4974: 1;
  4975: 1;
  4976: 1;
  4977: 1;
  4978: 1;
  4979: 1;
  4980: 1;
  4981: 1;
  4982: 1;
  4983: 1;
  4984: 1;
  4985: 1;
  4986: 1;
  4987: 1;
  4988: 1;
  4989: 1;
  4990: 1;
  4991: 1;
  4992: 1;
  4993: 1;
  4994: 1;
  4995: 1;
  4996: 0;
  4997: 0;
  4998: 0;
  4999: 0;
  5000: 0;
  5001: 0;
  5002: 1;
  5003: 1;
  5004: 1;
  5005: 1;
  5006: 1;
  5007: 1;
  5008: 1;
  5009: 1;
  5010: 1;
  5011: 1;
  5012: 1;
  5013: 1;
  5014: 1;
  5015: 1;
  5016: 1;
  5017: 1;
  5018: 1;
  5019: 1;
  5020: 1;
  5021: 1;
  5022: 1;
  5023: 1;
  5024: 1;
  5025: 1;
  5026: 1;
  5027: 1;
  5028: 1;
  5029: 1;
  5030: 1;
  5031: 1;
  5032: 1;
  5033: 1;
  5034: 1;
  5035: 1;
  5036: 1;
  5037: 1;
  5038: 1;
  5039: 1;
  5040: 1;
  5041: 1;
  5042: 1;
  5043: 1;
  5044: 0;
  5045: 0;
  5046: 0;
  5047: 0;
  5048: 0;
  5049: 0;
  5050: 0;
  5051: 1;
  5052: 1;
  5053: 1;
  5054: 1;
  5055: 1;
  5056: 1;
  5057: 1;
  5058: 1;
  5059: 0;
  5060: 0;
  5061: 0;
  5062: 0;
  5063: 0;
  5064: 0;
  5065: 0;
  5066: 1;
  5067: 1;
  5068: 1;
  5069: 1;
  5070: 1;
  5071: 1;
  5072: 1;
  5073: 1;
  5074: 1;
  5075: 1;
  5076: 1;
  5077: 1;
  5078: 1;
  5079: 0;
  5080: 0;
  5081: 0;
  5082: 0;
  5083: 0;
  5084: 0;
  5085: 1;
  5086: 1;
  5087: 1;
  5088: 1;
  5089: 0;
  5090: 0;
  5091: 0;
  5092: 0;
  5093: 0;
  5094: 0;
  5095: 0;
  5096: 1;
  5097: 1;
  5098: 1;
  5099: 1;
  5100: 1;
  5101: 1;
  5102: 1;
  5103: 1;
  5104: 1;
  5105: 1;
  5106: 1;
  5107: 1;
  5108: 1;
  5109: 1;
  5110: 1;
  5111: 1;
  5112: 0;
  5113: 0;
  5114: 0;
  5115: 0;
  5116: 0;
  5117: 0;
  5118: 1;
  5119: 1;
  5120: 1;
  5121: 1;
  5122: 0;
  5123: 0;
  5124: 0;
  5125: 0;
  5126: 0;
  5127: 0;
  5128: 1;
  5129: 1;
  5130: 1;
  5131: 1;
  5132: 1;
  5133: 1;
  5134: 1;
  5135: 1;
  5136: 1;
  5137: 1;
  5138: 1;
  5139: 1;
  5140: 1;
  5141: 1;
  5142: 1;
  5143: 1;
  5144: 0;
  5145: 0;
  5146: 0;
  5147: 0;
  5148: 0;
  5149: 0;
  5150: 1;
  5151: 1;
  5152: 1;
  5153: 1;
  5154: 1;
  5155: 1;
  5156: 1;
  5157: 1;
  5158: 1;
  5159: 1;
  5160: 1;
  5161: 1;
  5162: 1;
  5163: 1;
  5164: 1;
  5165: 1;
  5166: 0;
  5167: 0;
  5168: 0;
  5169: 0;
  5170: 0;
  5171: 0;
  5172: 1;
  5173: 1;
  5174: 1;
  5175: 1;
  5176: 1;
  5177: 1;
  5178: 1;
  5179: 1;
  5180: 1;
  5181: 1;
  5182: 1;
  5183: 1;
  5184: 1;
  5185: 1;
  5186: 1;
  5187: 1;
  5188: 1;
  5189: 1;
  5190: 1;
  5191: 1;
  5192: 1;
  5193: 1;
  5194: 1;
  5195: 1;
  5196: 1;
  5197: 1;
  5198: 1;
  5199: 1;
  5200: 1;
  5201: 1;
  5202: 1;
  5203: 1;
  5204: 1;
  5205: 1;
  5206: 1;
  5207: 1;
  5208: 0;
  5209: 0;
  5210: 0;
  5211: 0;
  5212: 0;
  5213: 0;
  5214: 1;
  5215: 1;
  5216: 1;
  5217: 1;
  5218: 1;
  5219: 1;
  5220: 1;
  5221: 1;
  5222: 1;
  5223: 1;
  5224: 1;
  5225: 1;
  5226: 1;
  5227: 1;
  5228: 1;
  5229: 1;
  5230: 1;
  5231: 1;
  5232: 1;
  5233: 1;
  5234: 1;
  5235: 1;
  5236: 1;
  5237: 0;
  5238: 0;
  5239: 0;
  5240: 0;
  5241: 0;
  5242: 0;
  5243: 0;
  5244: 1;
  5245: 1;
  5246: 1;
  5247: 1;
  5248: 1;
  5249: 1;
  5250: 1;
  5251: 1;
  5252: 1;
  5253: 1;
  5254: 1;
  5255: 1;
  5256: 1;
  5257: 1;
  5258: 0;
  5259: 0;
  5260: 0;
  5261: 0;
  5262: 0;
  5263: 0;
  5264: 1;
  5265: 1;
  5266: 1;
  5267: 1;
  5268: 0;
  5269: 0;
  5270: 0;
  5271: 0;
  5272: 0;
  5273: 0;
  5274: 1;
  5275: 1;
  5276: 1;
  5277: 1;
  5278: 1;
  5279: 1;
  5280: 1;
  5281: 1;
  5282: 1;
  5283: 1;
  5284: 1;
  5285: 0;
  5286: 0;
  5287: 0;
  5288: 0;
  5289: 0;
  5290: 0;
  5291: 1;
  5292: 1;
  5293: 1;
  5294: 1;
  5295: 1;
  5296: 1;
  5297: 1;
  5298: 1;
  5299: 1;
  5300: 1;
  5301: 1;
  5302: 1;
  5303: 1;
  5304: 1;
  5305: 1;
  5306: 1;
  5307: 1;
  5308: 1;
  5309: 1;
  5310: 1;
  5311: 1;
  5312: 1;
  5313: 1;
  5314: 1;
  5315: 1;
  5316: 0;
  5317: 0;
  5318: 0;
  5319: 0;
  5320: 0;
  5321: 0;
  5322: 1;
  5323: 1;
  5324: 1;
  5325: 1;
  5326: 1;
  5327: 1;
  5328: 1;
  5329: 1;
  5330: 1;
  5331: 1;
  5332: 1;
  5333: 1;
  5334: 1;
  5335: 1;
  5336: 1;
  5337: 1;
  5338: 1;
  5339: 1;
  5340: 1;
  5341: 1;
  5342: 1;
  5343: 1;
  5344: 1;
  5345: 1;
  5346: 1;
  5347: 1;
  5348: 1;
  5349: 1;
  5350: 1;
  5351: 1;
  5352: 1;
  5353: 1;
  5354: 1;
  5355: 1;
  5356: 1;
  5357: 1;
  5358: 1;
  5359: 1;
  5360: 1;
  5361: 1;
  5362: 1;
  5363: 1;
  5364: 0;
  5365: 0;
  5366: 0;
  5367: 0;
  5368: 0;
  5369: 0;
  5370: 1;
  5371: 1;
  5372: 1;
  5373: 1;
  5374: 1;
  5375: 1;
  5376: 1;
  5377: 1;
  5378: 1;
  5379: 0;
  5380: 0;
  5381: 0;
  5382: 0;
  5383: 0;
  5384: 0;
  5385: 0;
  5386: 1;
  5387: 1;
  5388: 1;
  5389: 1;
  5390: 1;
  5391: 1;
  5392: 1;
  5393: 1;
  5394: 1;
  5395: 1;
  5396: 1;
  5397: 1;
  5398: 1;
  5399: 0;
  5400: 0;
  5401: 0;
  5402: 0;
  5403: 0;
  5404: 0;
  5405: 1;
  5406: 1;
  5407: 1;
  5408: 1;
  5409: 0;
  5410: 0;
  5411: 0;
  5412: 0;
  5413: 0;
  5414: 0;
  5415: 0;
  5416: 1;
  5417: 1;
  5418: 1;
  5419: 1;
  5420: 1;
  5421: 1;
  5422: 1;
  5423: 1;
  5424: 1;
  5425: 1;
  5426: 1;
  5427: 1;
  5428: 1;
  5429: 1;
  5430: 1;
  5431: 1;
  5432: 0;
  5433: 0;
  5434: 0;
  5435: 0;
  5436: 0;
  5437: 0;
  5438: 1;
  5439: 1;
  5440: 1;
  5441: 1;
  5442: 0;
  5443: 0;
  5444: 0;
  5445: 0;
  5446: 0;
  5447: 0;
  5448: 1;
  5449: 1;
  5450: 1;
  5451: 1;
  5452: 1;
  5453: 1;
  5454: 1;
  5455: 1;
  5456: 1;
  5457: 1;
  5458: 1;
  5459: 1;
  5460: 1;
  5461: 1;
  5462: 1;
  5463: 1;
  5464: 0;
  5465: 0;
  5466: 0;
  5467: 0;
  5468: 0;
  5469: 0;
  5470: 0;
  5471: 1;
  5472: 1;
  5473: 1;
  5474: 1;
  5475: 1;
  5476: 1;
  5477: 1;
  5478: 1;
  5479: 1;
  5480: 1;
  5481: 1;
  5482: 1;
  5483: 1;
  5484: 1;
  5485: 1;
  5486: 0;
  5487: 0;
  5488: 0;
  5489: 0;
  5490: 0;
  5491: 0;
  5492: 1;
  5493: 1;
  5494: 1;
  5495: 1;
  5496: 1;
  5497: 1;
  5498: 1;
  5499: 1;
  5500: 1;
  5501: 1;
  5502: 1;
  5503: 1;
  5504: 1;
  5505: 1;
  5506: 1;
  5507: 1;
  5508: 1;
  5509: 1;
  5510: 1;
  5511: 1;
  5512: 1;
  5513: 1;
  5514: 1;
  5515: 1;
  5516: 1;
  5517: 1;
  5518: 1;
  5519: 1;
  5520: 1;
  5521: 1;
  5522: 1;
  5523: 1;
  5524: 1;
  5525: 1;
  5526: 1;
  5527: 0;
  5528: 0;
  5529: 0;
  5530: 0;
  5531: 0;
  5532: 0;
  5533: 0;
  5534: 1;
  5535: 1;
  5536: 1;
  5537: 1;
  5538: 1;
  5539: 1;
  5540: 1;
  5541: 1;
  5542: 1;
  5543: 1;
  5544: 1;
  5545: 1;
  5546: 1;
  5547: 1;
  5548: 1;
  5549: 1;
  5550: 1;
  5551: 1;
  5552: 1;
  5553: 1;
  5554: 1;
  5555: 1;
  5556: 1;
  5557: 0;
  5558: 0;
  5559: 0;
  5560: 0;
  5561: 0;
  5562: 0;
  5563: 1;
  5564: 1;
  5565: 1;
  5566: 1;
  5567: 1;
  5568: 1;
  5569: 1;
  5570: 1;
  5571: 1;
  5572: 1;
  5573: 1;
  5574: 1;
  5575: 1;
  5576: 1;
  5577: 1;
  5578: 0;
  5579: 0;
  5580: 0;
  5581: 0;
  5582: 0;
  5583: 0;
  5584: 1;
  5585: 1;
  5586: 1;
  5587: 1;
  5588: 0;
  5589: 0;
  5590: 0;
  5591: 0;
  5592: 0;
  5593: 0;
  5594: 1;
  5595: 1;
  5596: 1;
  5597: 1;
  5598: 1;
  5599: 1;
  5600: 1;
  5601: 1;
  5602: 1;
  5603: 1;
  5604: 1;
  5605: 0;
  5606: 0;
  5607: 0;
  5608: 0;
  5609: 0;
  5610: 0;
  5611: 1;
  5612: 1;
  5613: 1;
  5614: 1;
  5615: 1;
  5616: 1;
  5617: 1;
  5618: 1;
  5619: 1;
  5620: 1;
  5621: 1;
  5622: 1;
  5623: 1;
  5624: 1;
  5625: 1;
  5626: 1;
  5627: 1;
  5628: 1;
  5629: 1;
  5630: 1;
  5631: 1;
  5632: 1;
  5633: 1;
  5634: 1;
  5635: 0;
  5636: 0;
  5637: 0;
  5638: 0;
  5639: 0;
  5640: 0;
  5641: 1;
  5642: 1;
  5643: 1;
  5644: 1;
  5645: 1;
  5646: 1;
  5647: 1;
  5648: 1;
  5649: 1;
  5650: 1;
  5651: 1;
  5652: 1;
  5653: 1;
  5654: 1;
  5655: 1;
  5656: 1;
  5657: 1;
  5658: 1;
  5659: 1;
  5660: 1;
  5661: 1;
  5662: 1;
  5663: 1;
  5664: 1;
  5665: 1;
  5666: 1;
  5667: 1;
  5668: 1;
  5669: 1;
  5670: 1;
  5671: 1;
  5672: 1;
  5673: 1;
  5674: 1;
  5675: 1;
  5676: 1;
  5677: 1;
  5678: 1;
  5679: 1;
  5680: 1;
  5681: 1;
  5682: 1;
  5683: 1;
  5684: 0;
  5685: 0;
  5686: 0;
  5687: 0;
  5688: 0;
  5689: 0;
  5690: 1;
  5691: 1;
  5692: 1;
  5693: 1;
  5694: 1;
  5695: 1;
  5696: 1;
  5697: 1;
  5698: 1;
  5699: 0;
  5700: 0;
  5701: 0;
  5702: 0;
  5703: 0;
  5704: 0;
  5705: 0;
  5706: 1;
  5707: 1;
  5708: 1;
  5709: 1;
  5710: 1;
  5711: 1;
  5712: 1;
  5713: 1;
  5714: 1;
  5715: 1;
  5716: 1;
  5717: 1;
  5718: 0;
  5719: 0;
  5720: 0;
  5721: 0;
  5722: 0;
  5723: 0;
  5724: 0;
  5725: 1;
  5726: 1;
  5727: 1;
  5728: 1;
  5729: 0;
  5730: 0;
  5731: 0;
  5732: 0;
  5733: 0;
  5734: 0;
  5735: 0;
  5736: 1;
  5737: 1;
  5738: 1;
  5739: 1;
  5740: 1;
  5741: 1;
  5742: 1;
  5743: 1;
  5744: 1;
  5745: 1;
  5746: 1;
  5747: 1;
  5748: 1;
  5749: 1;
  5750: 1;
  5751: 1;
  5752: 0;
  5753: 0;
  5754: 0;
  5755: 0;
  5756: 0;
  5757: 0;
  5758: 1;
  5759: 1;
  5760: 1;
  5761: 1;
  5762: 0;
  5763: 0;
  5764: 0;
  5765: 0;
  5766: 0;
  5767: 0;
  5768: 1;
  5769: 1;
  5770: 1;
  5771: 1;
  5772: 1;
  5773: 1;
  5774: 1;
  5775: 1;
  5776: 1;
  5777: 1;
  5778: 1;
  5779: 1;
  5780: 1;
  5781: 1;
  5782: 1;
  5783: 1;
  5784: 0;
  5785: 0;
  5786: 0;
  5787: 0;
  5788: 0;
  5789: 0;
  5790: 0;
  5791: 1;
  5792: 1;
  5793: 1;
  5794: 1;
  5795: 1;
  5796: 1;
  5797: 1;
  5798: 1;
  5799: 1;
  5800: 1;
  5801: 1;
  5802: 1;
  5803: 1;
  5804: 1;
  5805: 1;
  5806: 0;
  5807: 0;
  5808: 0;
  5809: 0;
  5810: 0;
  5811: 0;
  5812: 1;
  5813: 1;
  5814: 1;
  5815: 1;
  5816: 1;
  5817: 1;
  5818: 1;
  5819: 1;
  5820: 1;
  5821: 1;
  5822: 1;
  5823: 1;
  5824: 1;
  5825: 1;
  5826: 1;
  5827: 1;
  5828: 1;
  5829: 1;
  5830: 1;
  5831: 1;
  5832: 1;
  5833: 1;
  5834: 1;
  5835: 1;
  5836: 1;
  5837: 1;
  5838: 1;
  5839: 1;
  5840: 1;
  5841: 1;
  5842: 1;
  5843: 1;
  5844: 1;
  5845: 1;
  5846: 1;
  5847: 0;
  5848: 0;
  5849: 0;
  5850: 0;
  5851: 0;
  5852: 0;
  5853: 0;
  5854: 1;
  5855: 1;
  5856: 1;
  5857: 1;
  5858: 1;
  5859: 1;
  5860: 1;
  5861: 1;
  5862: 1;
  5863: 1;
  5864: 1;
  5865: 1;
  5866: 1;
  5867: 1;
  5868: 1;
  5869: 1;
  5870: 1;
  5871: 1;
  5872: 1;
  5873: 1;
  5874: 1;
  5875: 1;
  5876: 1;
  5877: 0;
  5878: 0;
  5879: 0;
  5880: 0;
  5881: 0;
  5882: 0;
  5883: 1;
  5884: 1;
  5885: 1;
  5886: 1;
  5887: 1;
  5888: 1;
  5889: 1;
  5890: 1;
  5891: 1;
  5892: 1;
  5893: 1;
  5894: 1;
  5895: 1;
  5896: 1;
  5897: 0;
  5898: 0;
  5899: 0;
  5900: 0;
  5901: 0;
  5902: 0;
  5903: 1;
  5904: 1;
  5905: 1;
  5906: 1;
  5907: 1;
  5908: 0;
  5909: 0;
  5910: 0;
  5911: 0;
  5912: 0;
  5913: 0;
  5914: 1;
  5915: 1;
  5916: 1;
  5917: 1;
  5918: 1;
  5919: 1;
  5920: 1;
  5921: 1;
  5922: 1;
  5923: 1;
  5924: 1;
  5925: 0;
  5926: 0;
  5927: 0;
  5928: 0;
  5929: 0;
  5930: 0;
  5931: 1;
  5932: 1;
  5933: 1;
  5934: 1;
  5935: 1;
  5936: 1;
  5937: 1;
  5938: 1;
  5939: 1;
  5940: 1;
  5941: 1;
  5942: 1;
  5943: 1;
  5944: 1;
  5945: 1;
  5946: 1;
  5947: 1;
  5948: 1;
  5949: 1;
  5950: 1;
  5951: 1;
  5952: 1;
  5953: 1;
  5954: 1;
  5955: 0;
  5956: 0;
  5957: 0;
  5958: 0;
  5959: 0;
  5960: 0;
  5961: 1;
  5962: 1;
  5963: 1;
  5964: 1;
  5965: 1;
  5966: 1;
  5967: 1;
  5968: 1;
  5969: 1;
  5970: 1;
  5971: 1;
  5972: 1;
  5973: 1;
  5974: 1;
  5975: 1;
  5976: 1;
  5977: 1;
  5978: 1;
  5979: 1;
  5980: 1;
  5981: 1;
  5982: 1;
  5983: 1;
  5984: 1;
  5985: 1;
  5986: 1;
  5987: 1;
  5988: 1;
  5989: 1;
  5990: 1;
  5991: 1;
  5992: 1;
  5993: 1;
  5994: 1;
  5995: 1;
  5996: 1;
  5997: 1;
  5998: 1;
  5999: 1;
  6000: 1;
  6001: 1;
  6002: 1;
  6003: 0;
  6004: 0;
  6005: 0;
  6006: 0;
  6007: 0;
  6008: 0;
  6009: 0;
  6010: 1;
  6011: 1;
  6012: 1;
  6013: 1;
  6014: 1;
  6015: 1;
  6016: 1;
  6017: 1;
  6018: 1;
  6019: 1;
  6020: 0;
  6021: 0;
  6022: 0;
  6023: 0;
  6024: 0;
  6025: 0;
  6026: 0;
  6027: 1;
  6028: 1;
  6029: 1;
  6030: 1;
  6031: 1;
  6032: 1;
  6033: 1;
  6034: 1;
  6035: 1;
  6036: 1;
  6037: 1;
  6038: 0;
  6039: 0;
  6040: 0;
  6041: 0;
  6042: 0;
  6043: 0;
  6044: 1;
  6045: 1;
  6046: 1;
  6047: 1;
  6048: 1;
  6049: 0;
  6050: 0;
  6051: 0;
  6052: 0;
  6053: 0;
  6054: 0;
  6055: 0;
  6056: 1;
  6057: 1;
  6058: 1;
  6059: 1;
  6060: 1;
  6061: 1;
  6062: 1;
  6063: 1;
  6064: 1;
  6065: 1;
  6066: 1;
  6067: 1;
  6068: 1;
  6069: 1;
  6070: 1;
  6071: 1;
  6072: 0;
  6073: 0;
  6074: 0;
  6075: 0;
  6076: 0;
  6077: 0;
  6078: 0;
  6079: 1;
  6080: 1;
  6081: 0;
  6082: 0;
  6083: 0;
  6084: 0;
  6085: 0;
  6086: 0;
  6087: 0;
  6088: 1;
  6089: 1;
  6090: 1;
  6091: 1;
  6092: 1;
  6093: 1;
  6094: 1;
  6095: 1;
  6096: 1;
  6097: 1;
  6098: 1;
  6099: 1;
  6100: 1;
  6101: 1;
  6102: 1;
  6103: 1;
  6104: 0;
  6105: 0;
  6106: 0;
  6107: 0;
  6108: 0;
  6109: 0;
  6110: 0;
  6111: 1;
  6112: 1;
  6113: 1;
  6114: 1;
  6115: 1;
  6116: 1;
  6117: 1;
  6118: 1;
  6119: 1;
  6120: 1;
  6121: 1;
  6122: 1;
  6123: 1;
  6124: 1;
  6125: 1;
  6126: 0;
  6127: 0;
  6128: 0;
  6129: 0;
  6130: 0;
  6131: 0;
  6132: 1;
  6133: 1;
  6134: 1;
  6135: 1;
  6136: 1;
  6137: 1;
  6138: 1;
  6139: 1;
  6140: 1;
  6141: 1;
  6142: 1;
  6143: 1;
  6144: 1;
  6145: 1;
  6146: 1;
  6147: 1;
  6148: 1;
  6149: 1;
  6150: 1;
  6151: 1;
  6152: 1;
  6153: 1;
  6154: 1;
  6155: 1;
  6156: 1;
  6157: 1;
  6158: 1;
  6159: 1;
  6160: 1;
  6161: 1;
  6162: 1;
  6163: 1;
  6164: 1;
  6165: 1;
  6166: 1;
  6167: 0;
  6168: 0;
  6169: 0;
  6170: 0;
  6171: 0;
  6172: 0;
  6173: 1;
  6174: 1;
  6175: 1;
  6176: 1;
  6177: 1;
  6178: 1;
  6179: 1;
  6180: 1;
  6181: 1;
  6182: 1;
  6183: 1;
  6184: 1;
  6185: 1;
  6186: 1;
  6187: 1;
  6188: 1;
  6189: 1;
  6190: 1;
  6191: 1;
  6192: 1;
  6193: 1;
  6194: 1;
  6195: 1;
  6196: 1;
  6197: 0;
  6198: 0;
  6199: 0;
  6200: 0;
  6201: 0;
  6202: 0;
  6203: 1;
  6204: 1;
  6205: 1;
  6206: 1;
  6207: 1;
  6208: 1;
  6209: 1;
  6210: 1;
  6211: 1;
  6212: 1;
  6213: 1;
  6214: 1;
  6215: 1;
  6216: 0;
  6217: 0;
  6218: 0;
  6219: 0;
  6220: 0;
  6221: 0;
  6222: 1;
  6223: 1;
  6224: 1;
  6225: 1;
  6226: 1;
  6227: 1;
  6228: 0;
  6229: 0;
  6230: 0;
  6231: 0;
  6232: 0;
  6233: 0;
  6234: 1;
  6235: 1;
  6236: 1;
  6237: 1;
  6238: 1;
  6239: 1;
  6240: 1;
  6241: 1;
  6242: 1;
  6243: 1;
  6244: 1;
  6245: 0;
  6246: 0;
  6247: 0;
  6248: 0;
  6249: 0;
  6250: 0;
  6251: 1;
  6252: 1;
  6253: 1;
  6254: 1;
  6255: 1;
  6256: 1;
  6257: 1;
  6258: 1;
  6259: 1;
  6260: 1;
  6261: 1;
  6262: 1;
  6263: 1;
  6264: 1;
  6265: 1;
  6266: 1;
  6267: 1;
  6268: 1;
  6269: 1;
  6270: 1;
  6271: 1;
  6272: 1;
  6273: 1;
  6274: 1;
  6275: 0;
  6276: 0;
  6277: 0;
  6278: 0;
  6279: 0;
  6280: 0;
  6281: 1;
  6282: 1;
  6283: 1;
  6284: 1;
  6285: 1;
  6286: 1;
  6287: 1;
  6288: 1;
  6289: 1;
  6290: 1;
  6291: 1;
  6292: 1;
  6293: 1;
  6294: 1;
  6295: 1;
  6296: 1;
  6297: 1;
  6298: 1;
  6299: 1;
  6300: 1;
  6301: 1;
  6302: 1;
  6303: 1;
  6304: 1;
  6305: 1;
  6306: 1;
  6307: 1;
  6308: 1;
  6309: 1;
  6310: 1;
  6311: 1;
  6312: 1;
  6313: 1;
  6314: 1;
  6315: 1;
  6316: 1;
  6317: 1;
  6318: 1;
  6319: 1;
  6320: 1;
  6321: 1;
  6322: 1;
  6323: 0;
  6324: 0;
  6325: 0;
  6326: 0;
  6327: 0;
  6328: 0;
  6329: 1;
  6330: 1;
  6331: 1;
  6332: 1;
  6333: 1;
  6334: 1;
  6335: 1;
  6336: 1;
  6337: 1;
  6338: 1;
  6339: 1;
  6340: 0;
  6341: 0;
  6342: 0;
  6343: 0;
  6344: 0;
  6345: 0;
  6346: 0;
  6347: 1;
  6348: 1;
  6349: 1;
  6350: 1;
  6351: 1;
  6352: 1;
  6353: 1;
  6354: 1;
  6355: 1;
  6356: 1;
  6357: 0;
  6358: 0;
  6359: 0;
  6360: 0;
  6361: 0;
  6362: 0;
  6363: 0;
  6364: 1;
  6365: 1;
  6366: 1;
  6367: 1;
  6368: 1;
  6369: 0;
  6370: 0;
  6371: 0;
  6372: 0;
  6373: 0;
  6374: 0;
  6375: 0;
  6376: 1;
  6377: 1;
  6378: 1;
  6379: 1;
  6380: 1;
  6381: 1;
  6382: 1;
  6383: 1;
  6384: 1;
  6385: 1;
  6386: 1;
  6387: 1;
  6388: 1;
  6389: 1;
  6390: 1;
  6391: 1;
  6392: 0;
  6393: 0;
  6394: 0;
  6395: 0;
  6396: 0;
  6397: 0;
  6398: 0;
  6399: 1;
  6400: 1;
  6401: 0;
  6402: 0;
  6403: 0;
  6404: 0;
  6405: 0;
  6406: 0;
  6407: 0;
  6408: 1;
  6409: 1;
  6410: 1;
  6411: 1;
  6412: 1;
  6413: 1;
  6414: 1;
  6415: 1;
  6416: 1;
  6417: 1;
  6418: 1;
  6419: 1;
  6420: 1;
  6421: 1;
  6422: 1;
  6423: 1;
  6424: 1;
  6425: 0;
  6426: 0;
  6427: 0;
  6428: 0;
  6429: 0;
  6430: 0;
  6431: 1;
  6432: 1;
  6433: 1;
  6434: 1;
  6435: 1;
  6436: 1;
  6437: 1;
  6438: 1;
  6439: 1;
  6440: 1;
  6441: 1;
  6442: 1;
  6443: 1;
  6444: 1;
  6445: 1;
  6446: 0;
  6447: 0;
  6448: 0;
  6449: 0;
  6450: 0;
  6451: 0;
  6452: 1;
  6453: 1;
  6454: 1;
  6455: 1;
  6456: 1;
  6457: 1;
  6458: 1;
  6459: 1;
  6460: 1;
  6461: 1;
  6462: 1;
  6463: 1;
  6464: 1;
  6465: 1;
  6466: 1;
  6467: 1;
  6468: 1;
  6469: 1;
  6470: 1;
  6471: 1;
  6472: 1;
  6473: 1;
  6474: 1;
  6475: 1;
  6476: 1;
  6477: 1;
  6478: 1;
  6479: 1;
  6480: 1;
  6481: 1;
  6482: 1;
  6483: 1;
  6484: 1;
  6485: 1;
  6486: 1;
  6487: 0;
  6488: 0;
  6489: 0;
  6490: 0;
  6491: 0;
  6492: 0;
  6493: 1;
  6494: 1;
  6495: 1;
  6496: 1;
  6497: 1;
  6498: 1;
  6499: 1;
  6500: 1;
  6501: 1;
  6502: 1;
  6503: 1;
  6504: 1;
  6505: 1;
  6506: 1;
  6507: 1;
  6508: 1;
  6509: 1;
  6510: 1;
  6511: 1;
  6512: 1;
  6513: 1;
  6514: 1;
  6515: 1;
  6516: 0;
  6517: 0;
  6518: 0;
  6519: 0;
  6520: 0;
  6521: 0;
  6522: 1;
  6523: 1;
  6524: 1;
  6525: 1;
  6526: 1;
  6527: 1;
  6528: 1;
  6529: 1;
  6530: 1;
  6531: 1;
  6532: 1;
  6533: 1;
  6534: 1;
  6535: 1;
  6536: 0;
  6537: 0;
  6538: 0;
  6539: 0;
  6540: 0;
  6541: 0;
  6542: 1;
  6543: 1;
  6544: 1;
  6545: 1;
  6546: 1;
  6547: 1;
  6548: 0;
  6549: 0;
  6550: 0;
  6551: 0;
  6552: 0;
  6553: 0;
  6554: 1;
  6555: 1;
  6556: 1;
  6557: 1;
  6558: 1;
  6559: 1;
  6560: 1;
  6561: 1;
  6562: 1;
  6563: 1;
  6564: 1;
  6565: 0;
  6566: 0;
  6567: 0;
  6568: 0;
  6569: 0;
  6570: 0;
  6571: 1;
  6572: 1;
  6573: 1;
  6574: 1;
  6575: 1;
  6576: 1;
  6577: 1;
  6578: 1;
  6579: 1;
  6580: 1;
  6581: 1;
  6582: 1;
  6583: 1;
  6584: 1;
  6585: 1;
  6586: 1;
  6587: 1;
  6588: 1;
  6589: 1;
  6590: 1;
  6591: 1;
  6592: 1;
  6593: 1;
  6594: 0;
  6595: 0;
  6596: 0;
  6597: 0;
  6598: 0;
  6599: 0;
  6600: 0;
  6601: 1;
  6602: 1;
  6603: 1;
  6604: 1;
  6605: 1;
  6606: 1;
  6607: 1;
  6608: 1;
  6609: 1;
  6610: 1;
  6611: 1;
  6612: 1;
  6613: 1;
  6614: 1;
  6615: 1;
  6616: 1;
  6617: 1;
  6618: 1;
  6619: 1;
  6620: 1;
  6621: 1;
  6622: 1;
  6623: 1;
  6624: 1;
  6625: 1;
  6626: 1;
  6627: 1;
  6628: 1;
  6629: 1;
  6630: 1;
  6631: 1;
  6632: 1;
  6633: 1;
  6634: 1;
  6635: 1;
  6636: 1;
  6637: 1;
  6638: 1;
  6639: 1;
  6640: 1;
  6641: 1;
  6642: 0;
  6643: 0;
  6644: 0;
  6645: 0;
  6646: 0;
  6647: 0;
  6648: 0;
  6649: 1;
  6650: 1;
  6651: 1;
  6652: 1;
  6653: 1;
  6654: 1;
  6655: 1;
  6656: 1;
  6657: 1;
  6658: 1;
  6659: 1;
  6660: 1;
  6661: 0;
  6662: 0;
  6663: 0;
  6664: 0;
  6665: 0;
  6666: 0;
  6667: 0;
  6668: 1;
  6669: 1;
  6670: 1;
  6671: 1;
  6672: 1;
  6673: 1;
  6674: 1;
  6675: 1;
  6676: 0;
  6677: 0;
  6678: 0;
  6679: 0;
  6680: 0;
  6681: 0;
  6682: 0;
  6683: 1;
  6684: 1;
  6685: 1;
  6686: 1;
  6687: 1;
  6688: 1;
  6689: 0;
  6690: 0;
  6691: 0;
  6692: 0;
  6693: 0;
  6694: 0;
  6695: 0;
  6696: 1;
  6697: 1;
  6698: 1;
  6699: 1;
  6700: 1;
  6701: 1;
  6702: 1;
  6703: 1;
  6704: 1;
  6705: 1;
  6706: 1;
  6707: 1;
  6708: 1;
  6709: 1;
  6710: 1;
  6711: 1;
  6712: 0;
  6713: 0;
  6714: 0;
  6715: 0;
  6716: 0;
  6717: 0;
  6718: 0;
  6719: 1;
  6720: 1;
  6721: 0;
  6722: 0;
  6723: 0;
  6724: 0;
  6725: 0;
  6726: 0;
  6727: 0;
  6728: 1;
  6729: 1;
  6730: 1;
  6731: 1;
  6732: 1;
  6733: 1;
  6734: 1;
  6735: 1;
  6736: 1;
  6737: 1;
  6738: 1;
  6739: 1;
  6740: 1;
  6741: 1;
  6742: 1;
  6743: 1;
  6744: 1;
  6745: 0;
  6746: 0;
  6747: 0;
  6748: 0;
  6749: 0;
  6750: 0;
  6751: 1;
  6752: 1;
  6753: 1;
  6754: 1;
  6755: 1;
  6756: 1;
  6757: 1;
  6758: 1;
  6759: 1;
  6760: 1;
  6761: 1;
  6762: 1;
  6763: 1;
  6764: 1;
  6765: 1;
  6766: 0;
  6767: 0;
  6768: 0;
  6769: 0;
  6770: 0;
  6771: 0;
  6772: 1;
  6773: 1;
  6774: 1;
  6775: 1;
  6776: 1;
  6777: 1;
  6778: 1;
  6779: 1;
  6780: 1;
  6781: 1;
  6782: 1;
  6783: 1;
  6784: 1;
  6785: 1;
  6786: 1;
  6787: 1;
  6788: 1;
  6789: 1;
  6790: 1;
  6791: 1;
  6792: 1;
  6793: 1;
  6794: 1;
  6795: 1;
  6796: 1;
  6797: 1;
  6798: 1;
  6799: 1;
  6800: 1;
  6801: 1;
  6802: 1;
  6803: 1;
  6804: 1;
  6805: 1;
  6806: 0;
  6807: 0;
  6808: 0;
  6809: 0;
  6810: 0;
  6811: 0;
  6812: 0;
  6813: 1;
  6814: 1;
  6815: 1;
  6816: 1;
  6817: 1;
  6818: 1;
  6819: 1;
  6820: 1;
  6821: 1;
  6822: 1;
  6823: 1;
  6824: 1;
  6825: 1;
  6826: 1;
  6827: 1;
  6828: 1;
  6829: 1;
  6830: 1;
  6831: 1;
  6832: 1;
  6833: 1;
  6834: 1;
  6835: 0;
  6836: 0;
  6837: 0;
  6838: 0;
  6839: 0;
  6840: 0;
  6841: 0;
  6842: 1;
  6843: 1;
  6844: 1;
  6845: 1;
  6846: 1;
  6847: 1;
  6848: 1;
  6849: 1;
  6850: 1;
  6851: 1;
  6852: 1;
  6853: 1;
  6854: 1;
  6855: 0;
  6856: 0;
  6857: 0;
  6858: 0;
  6859: 0;
  6860: 0;
  6861: 1;
  6862: 1;
  6863: 1;
  6864: 1;
  6865: 1;
  6866: 1;
  6867: 1;
  6868: 0;
  6869: 0;
  6870: 0;
  6871: 0;
  6872: 0;
  6873: 0;
  6874: 1;
  6875: 1;
  6876: 1;
  6877: 1;
  6878: 1;
  6879: 1;
  6880: 1;
  6881: 1;
  6882: 1;
  6883: 1;
  6884: 1;
  6885: 0;
  6886: 0;
  6887: 0;
  6888: 0;
  6889: 0;
  6890: 0;
  6891: 1;
  6892: 1;
  6893: 1;
  6894: 1;
  6895: 1;
  6896: 1;
  6897: 1;
  6898: 1;
  6899: 1;
  6900: 1;
  6901: 1;
  6902: 1;
  6903: 1;
  6904: 1;
  6905: 1;
  6906: 1;
  6907: 1;
  6908: 1;
  6909: 1;
  6910: 1;
  6911: 1;
  6912: 1;
  6913: 1;
  6914: 0;
  6915: 0;
  6916: 0;
  6917: 0;
  6918: 0;
  6919: 0;
  6920: 0;
  6921: 1;
  6922: 1;
  6923: 1;
  6924: 1;
  6925: 0;
  6926: 0;
  6927: 1;
  6928: 0;
  6929: 0;
  6930: 1;
  6931: 0;
  6932: 0;
  6933: 1;
  6934: 1;
  6935: 1;
  6936: 1;
  6937: 1;
  6938: 1;
  6939: 1;
  6940: 1;
  6941: 1;
  6942: 1;
  6943: 1;
  6944: 1;
  6945: 1;
  6946: 1;
  6947: 1;
  6948: 1;
  6949: 1;
  6950: 1;
  6951: 1;
  6952: 1;
  6953: 1;
  6954: 1;
  6955: 1;
  6956: 1;
  6957: 1;
  6958: 1;
  6959: 1;
  6960: 1;
  6961: 1;
  6962: 0;
  6963: 0;
  6964: 0;
  6965: 0;
  6966: 0;
  6967: 0;
  6968: 1;
  6969: 1;
  6970: 1;
  6971: 1;
  6972: 1;
  6973: 1;
  6974: 1;
  6975: 1;
  6976: 1;
  6977: 1;
  6978: 1;
  6979: 1;
  6980: 1;
  6981: 1;
  6982: 0;
  6983: 0;
  6984: 0;
  6985: 0;
  6986: 0;
  6987: 0;
  6988: 0;
  6989: 1;
  6990: 1;
  6991: 1;
  6992: 1;
  6993: 1;
  6994: 0;
  6995: 1;
  6996: 0;
  6997: 0;
  6998: 0;
  6999: 0;
  7000: 0;
  7001: 0;
  7002: 1;
  7003: 1;
  7004: 1;
  7005: 1;
  7006: 1;
  7007: 1;
  7008: 1;
  7009: 1;
  7010: 0;
  7011: 0;
  7012: 0;
  7013: 0;
  7014: 0;
  7015: 0;
  7016: 1;
  7017: 1;
  7018: 1;
  7019: 1;
  7020: 1;
  7021: 1;
  7022: 1;
  7023: 1;
  7024: 1;
  7025: 1;
  7026: 1;
  7027: 1;
  7028: 1;
  7029: 1;
  7030: 1;
  7031: 1;
  7032: 0;
  7033: 0;
  7034: 0;
  7035: 0;
  7036: 0;
  7037: 0;
  7038: 0;
  7039: 1;
  7040: 1;
  7041: 0;
  7042: 0;
  7043: 0;
  7044: 0;
  7045: 0;
  7046: 0;
  7047: 1;
  7048: 1;
  7049: 1;
  7050: 1;
  7051: 1;
  7052: 1;
  7053: 1;
  7054: 1;
  7055: 1;
  7056: 1;
  7057: 1;
  7058: 1;
  7059: 1;
  7060: 1;
  7061: 1;
  7062: 1;
  7063: 1;
  7064: 1;
  7065: 0;
  7066: 0;
  7067: 0;
  7068: 0;
  7069: 0;
  7070: 0;
  7071: 1;
  7072: 1;
  7073: 1;
  7074: 1;
  7075: 1;
  7076: 1;
  7077: 1;
  7078: 1;
  7079: 1;
  7080: 1;
  7081: 1;
  7082: 1;
  7083: 1;
  7084: 1;
  7085: 1;
  7086: 0;
  7087: 0;
  7088: 0;
  7089: 0;
  7090: 0;
  7091: 0;
  7092: 1;
  7093: 1;
  7094: 1;
  7095: 1;
  7096: 1;
  7097: 1;
  7098: 1;
  7099: 1;
  7100: 1;
  7101: 1;
  7102: 1;
  7103: 1;
  7104: 1;
  7105: 1;
  7106: 1;
  7107: 1;
  7108: 1;
  7109: 1;
  7110: 1;
  7111: 1;
  7112: 1;
  7113: 1;
  7114: 1;
  7115: 1;
  7116: 1;
  7117: 1;
  7118: 1;
  7119: 1;
  7120: 1;
  7121: 1;
  7122: 1;
  7123: 1;
  7124: 1;
  7125: 1;
  7126: 0;
  7127: 0;
  7128: 0;
  7129: 0;
  7130: 0;
  7131: 0;
  7132: 1;
  7133: 1;
  7134: 1;
  7135: 1;
  7136: 1;
  7137: 1;
  7138: 1;
  7139: 1;
  7140: 1;
  7141: 1;
  7142: 1;
  7143: 1;
  7144: 1;
  7145: 1;
  7146: 1;
  7147: 1;
  7148: 1;
  7149: 1;
  7150: 1;
  7151: 1;
  7152: 1;
  7153: 1;
  7154: 0;
  7155: 0;
  7156: 0;
  7157: 0;
  7158: 0;
  7159: 0;
  7160: 0;
  7161: 1;
  7162: 1;
  7163: 1;
  7164: 1;
  7165: 1;
  7166: 1;
  7167: 1;
  7168: 1;
  7169: 1;
  7170: 1;
  7171: 1;
  7172: 1;
  7173: 1;
  7174: 0;
  7175: 0;
  7176: 0;
  7177: 0;
  7178: 0;
  7179: 0;
  7180: 1;
  7181: 1;
  7182: 1;
  7183: 1;
  7184: 1;
  7185: 1;
  7186: 1;
  7187: 1;
  7188: 0;
  7189: 0;
  7190: 0;
  7191: 0;
  7192: 0;
  7193: 0;
  7194: 1;
  7195: 1;
  7196: 1;
  7197: 1;
  7198: 1;
  7199: 1;
  7200: 1;
  7201: 1;
  7202: 1;
  7203: 1;
  7204: 1;
  7205: 0;
  7206: 0;
  7207: 0;
  7208: 0;
  7209: 0;
  7210: 0;
  7211: 0;
  7212: 1;
  7213: 0;
  7214: 1;
  7215: 0;
  7216: 0;
  7217: 1;
  7218: 0;
  7219: 1;
  7220: 1;
  7221: 1;
  7222: 1;
  7223: 1;
  7224: 1;
  7225: 1;
  7226: 1;
  7227: 1;
  7228: 1;
  7229: 1;
  7230: 1;
  7231: 1;
  7232: 1;
  7233: 1;
  7234: 0;
  7235: 0;
  7236: 0;
  7237: 0;
  7238: 0;
  7239: 0;
  7240: 1;
  7241: 1;
  7242: 1;
  7243: 0;
  7244: 1;
  7245: 0;
  7246: 0;
  7247: 0;
  7248: 0;
  7249: 0;
  7250: 0;
  7251: 0;
  7252: 0;
  7253: 0;
  7254: 0;
  7255: 0;
  7256: 1;
  7257: 1;
  7258: 1;
  7259: 1;
  7260: 1;
  7261: 1;
  7262: 1;
  7263: 1;
  7264: 1;
  7265: 1;
  7266: 1;
  7267: 1;
  7268: 1;
  7269: 1;
  7270: 1;
  7271: 1;
  7272: 1;
  7273: 1;
  7274: 1;
  7275: 1;
  7276: 1;
  7277: 1;
  7278: 1;
  7279: 1;
  7280: 1;
  7281: 0;
  7282: 0;
  7283: 0;
  7284: 0;
  7285: 0;
  7286: 0;
  7287: 0;
  7288: 1;
  7289: 1;
  7290: 1;
  7291: 1;
  7292: 1;
  7293: 1;
  7294: 1;
  7295: 1;
  7296: 1;
  7297: 1;
  7298: 1;
  7299: 1;
  7300: 1;
  7301: 1;
  7302: 0;
  7303: 0;
  7304: 0;
  7305: 0;
  7306: 0;
  7307: 0;
  7308: 0;
  7309: 0;
  7310: 0;
  7311: 1;
  7312: 1;
  7313: 0;
  7314: 0;
  7315: 0;
  7316: 0;
  7317: 0;
  7318: 0;
  7319: 0;
  7320: 0;
  7321: 1;
  7322: 1;
  7323: 1;
  7324: 1;
  7325: 1;
  7326: 1;
  7327: 1;
  7328: 1;
  7329: 1;
  7330: 0;
  7331: 0;
  7332: 0;
  7333: 0;
  7334: 0;
  7335: 0;
  7336: 0;
  7337: 1;
  7338: 1;
  7339: 1;
  7340: 1;
  7341: 1;
  7342: 1;
  7343: 1;
  7344: 1;
  7345: 1;
  7346: 1;
  7347: 1;
  7348: 1;
  7349: 1;
  7350: 1;
  7351: 1;
  7352: 0;
  7353: 0;
  7354: 0;
  7355: 0;
  7356: 0;
  7357: 0;
  7358: 0;
  7359: 1;
  7360: 1;
  7361: 0;
  7362: 0;
  7363: 0;
  7364: 0;
  7365: 0;
  7366: 0;
  7367: 1;
  7368: 1;
  7369: 1;
  7370: 1;
  7371: 1;
  7372: 1;
  7373: 1;
  7374: 1;
  7375: 1;
  7376: 1;
  7377: 1;
  7378: 1;
  7379: 1;
  7380: 1;
  7381: 1;
  7382: 1;
  7383: 1;
  7384: 1;
  7385: 0;
  7386: 0;
  7387: 0;
  7388: 0;
  7389: 0;
  7390: 0;
  7391: 1;
  7392: 1;
  7393: 1;
  7394: 1;
  7395: 1;
  7396: 1;
  7397: 1;
  7398: 1;
  7399: 1;
  7400: 1;
  7401: 1;
  7402: 1;
  7403: 1;
  7404: 1;
  7405: 1;
  7406: 0;
  7407: 0;
  7408: 0;
  7409: 0;
  7410: 0;
  7411: 0;
  7412: 1;
  7413: 1;
  7414: 1;
  7415: 1;
  7416: 1;
  7417: 1;
  7418: 1;
  7419: 1;
  7420: 1;
  7421: 1;
  7422: 1;
  7423: 1;
  7424: 1;
  7425: 1;
  7426: 1;
  7427: 1;
  7428: 1;
  7429: 1;
  7430: 1;
  7431: 1;
  7432: 1;
  7433: 1;
  7434: 1;
  7435: 1;
  7436: 1;
  7437: 1;
  7438: 1;
  7439: 1;
  7440: 1;
  7441: 1;
  7442: 1;
  7443: 1;
  7444: 1;
  7445: 0;
  7446: 0;
  7447: 0;
  7448: 0;
  7449: 0;
  7450: 0;
  7451: 0;
  7452: 1;
  7453: 1;
  7454: 1;
  7455: 1;
  7456: 1;
  7457: 1;
  7458: 1;
  7459: 1;
  7460: 1;
  7461: 1;
  7462: 1;
  7463: 1;
  7464: 1;
  7465: 1;
  7466: 1;
  7467: 1;
  7468: 1;
  7469: 1;
  7470: 1;
  7471: 0;
  7472: 1;
  7473: 0;
  7474: 0;
  7475: 0;
  7476: 0;
  7477: 0;
  7478: 0;
  7479: 1;
  7480: 0;
  7481: 1;
  7482: 1;
  7483: 1;
  7484: 1;
  7485: 1;
  7486: 1;
  7487: 1;
  7488: 1;
  7489: 1;
  7490: 1;
  7491: 1;
  7492: 1;
  7493: 1;
  7494: 0;
  7495: 0;
  7496: 0;
  7497: 0;
  7498: 0;
  7499: 0;
  7500: 1;
  7501: 1;
  7502: 1;
  7503: 1;
  7504: 1;
  7505: 1;
  7506: 1;
  7507: 1;
  7508: 0;
  7509: 0;
  7510: 0;
  7511: 0;
  7512: 0;
  7513: 0;
  7514: 1;
  7515: 1;
  7516: 1;
  7517: 1;
  7518: 1;
  7519: 1;
  7520: 1;
  7521: 1;
  7522: 1;
  7523: 1;
  7524: 1;
  7525: 0;
  7526: 0;
  7527: 0;
  7528: 0;
  7529: 0;
  7530: 0;
  7531: 0;
  7532: 0;
  7533: 0;
  7534: 0;
  7535: 0;
  7536: 0;
  7537: 0;
  7538: 0;
  7539: 0;
  7540: 1;
  7541: 0;
  7542: 1;
  7543: 1;
  7544: 1;
  7545: 1;
  7546: 1;
  7547: 1;
  7548: 1;
  7549: 1;
  7550: 1;
  7551: 1;
  7552: 1;
  7553: 1;
  7554: 0;
  7555: 0;
  7556: 0;
  7557: 0;
  7558: 0;
  7559: 0;
  7560: 1;
  7561: 1;
  7562: 0;
  7563: 0;
  7564: 0;
  7565: 0;
  7566: 0;
  7567: 0;
  7568: 0;
  7569: 0;
  7570: 0;
  7571: 0;
  7572: 0;
  7573: 0;
  7574: 0;
  7575: 0;
  7576: 0;
  7577: 0;
  7578: 1;
  7579: 1;
  7580: 1;
  7581: 1;
  7582: 1;
  7583: 1;
  7584: 1;
  7585: 1;
  7586: 1;
  7587: 1;
  7588: 1;
  7589: 1;
  7590: 1;
  7591: 1;
  7592: 1;
  7593: 1;
  7594: 1;
  7595: 1;
  7596: 1;
  7597: 1;
  7598: 1;
  7599: 1;
  7600: 1;
  7601: 0;
  7602: 0;
  7603: 0;
  7604: 0;
  7605: 0;
  7606: 0;
  7607: 0;
  7608: 1;
  7609: 1;
  7610: 1;
  7611: 1;
  7612: 1;
  7613: 1;
  7614: 1;
  7615: 1;
  7616: 1;
  7617: 1;
  7618: 1;
  7619: 1;
  7620: 1;
  7621: 1;
  7622: 1;
  7623: 1;
  7624: 0;
  7625: 0;
  7626: 0;
  7627: 0;
  7628: 0;
  7629: 0;
  7630: 0;
  7631: 1;
  7632: 0;
  7633: 0;
  7634: 0;
  7635: 0;
  7636: 0;
  7637: 0;
  7638: 0;
  7639: 0;
  7640: 1;
  7641: 1;
  7642: 1;
  7643: 1;
  7644: 1;
  7645: 1;
  7646: 1;
  7647: 1;
  7648: 1;
  7649: 1;
  7650: 0;
  7651: 0;
  7652: 0;
  7653: 0;
  7654: 0;
  7655: 0;
  7656: 0;
  7657: 1;
  7658: 1;
  7659: 1;
  7660: 1;
  7661: 1;
  7662: 1;
  7663: 1;
  7664: 1;
  7665: 1;
  7666: 1;
  7667: 1;
  7668: 1;
  7669: 1;
  7670: 1;
  7671: 0;
  7672: 0;
  7673: 0;
  7674: 0;
  7675: 0;
  7676: 0;
  7677: 0;
  7678: 0;
  7679: 1;
  7680: 1;
  7681: 0;
  7682: 0;
  7683: 0;
  7684: 0;
  7685: 0;
  7686: 0;
  7687: 1;
  7688: 1;
  7689: 1;
  7690: 1;
  7691: 1;
  7692: 1;
  7693: 1;
  7694: 1;
  7695: 1;
  7696: 1;
  7697: 1;
  7698: 1;
  7699: 1;
  7700: 1;
  7701: 1;
  7702: 1;
  7703: 1;
  7704: 1;
  7705: 0;
  7706: 0;
  7707: 0;
  7708: 0;
  7709: 0;
  7710: 0;
  7711: 1;
  7712: 1;
  7713: 1;
  7714: 1;
  7715: 1;
  7716: 1;
  7717: 1;
  7718: 1;
  7719: 1;
  7720: 1;
  7721: 1;
  7722: 1;
  7723: 1;
  7724: 1;
  7725: 1;
  7726: 0;
  7727: 0;
  7728: 0;
  7729: 0;
  7730: 0;
  7731: 0;
  7732: 1;
  7733: 1;
  7734: 1;
  7735: 1;
  7736: 1;
  7737: 1;
  7738: 1;
  7739: 1;
  7740: 1;
  7741: 1;
  7742: 1;
  7743: 1;
  7744: 1;
  7745: 1;
  7746: 1;
  7747: 1;
  7748: 1;
  7749: 1;
  7750: 1;
  7751: 1;
  7752: 1;
  7753: 1;
  7754: 1;
  7755: 1;
  7756: 1;
  7757: 1;
  7758: 1;
  7759: 1;
  7760: 1;
  7761: 1;
  7762: 1;
  7763: 1;
  7764: 0;
  7765: 0;
  7766: 0;
  7767: 0;
  7768: 0;
  7769: 0;
  7770: 0;
  7771: 1;
  7772: 1;
  7773: 1;
  7774: 1;
  7775: 1;
  7776: 1;
  7777: 1;
  7778: 1;
  7779: 1;
  7780: 1;
  7781: 1;
  7782: 1;
  7783: 0;
  7784: 1;
  7785: 0;
  7786: 1;
  7787: 0;
  7788: 1;
  7789: 0;
  7790: 1;
  7791: 0;
  7792: 0;
  7793: 0;
  7794: 0;
  7795: 0;
  7796: 0;
  7797: 0;
  7798: 1;
  7799: 1;
  7800: 1;
  7801: 1;
  7802: 1;
  7803: 1;
  7804: 1;
  7805: 1;
  7806: 1;
  7807: 1;
  7808: 1;
  7809: 1;
  7810: 1;
  7811: 1;
  7812: 1;
  7813: 0;
  7814: 0;
  7815: 0;
  7816: 0;
  7817: 0;
  7818: 0;
  7819: 1;
  7820: 1;
  7821: 1;
  7822: 1;
  7823: 1;
  7824: 1;
  7825: 1;
  7826: 1;
  7827: 1;
  7828: 0;
  7829: 0;
  7830: 0;
  7831: 0;
  7832: 0;
  7833: 0;
  7834: 1;
  7835: 1;
  7836: 1;
  7837: 1;
  7838: 1;
  7839: 1;
  7840: 1;
  7841: 1;
  7842: 1;
  7843: 1;
  7844: 1;
  7845: 0;
  7846: 0;
  7847: 0;
  7848: 0;
  7849: 0;
  7850: 0;
  7851: 0;
  7852: 0;
  7853: 0;
  7854: 0;
  7855: 0;
  7856: 0;
  7857: 0;
  7858: 0;
  7859: 0;
  7860: 0;
  7861: 0;
  7862: 0;
  7863: 0;
  7864: 1;
  7865: 1;
  7866: 1;
  7867: 1;
  7868: 1;
  7869: 1;
  7870: 1;
  7871: 1;
  7872: 1;
  7873: 1;
  7874: 0;
  7875: 0;
  7876: 0;
  7877: 0;
  7878: 0;
  7879: 0;
  7880: 1;
  7881: 0;
  7882: 0;
  7883: 0;
  7884: 0;
  7885: 0;
  7886: 0;
  7887: 0;
  7888: 0;
  7889: 0;
  7890: 0;
  7891: 0;
  7892: 0;
  7893: 0;
  7894: 0;
  7895: 0;
  7896: 0;
  7897: 0;
  7898: 1;
  7899: 0;
  7900: 1;
  7901: 1;
  7902: 1;
  7903: 1;
  7904: 1;
  7905: 1;
  7906: 1;
  7907: 1;
  7908: 1;
  7909: 1;
  7910: 1;
  7911: 1;
  7912: 1;
  7913: 1;
  7914: 1;
  7915: 1;
  7916: 1;
  7917: 1;
  7918: 1;
  7919: 1;
  7920: 1;
  7921: 0;
  7922: 0;
  7923: 0;
  7924: 0;
  7925: 0;
  7926: 0;
  7927: 1;
  7928: 1;
  7929: 1;
  7930: 1;
  7931: 1;
  7932: 1;
  7933: 1;
  7934: 1;
  7935: 1;
  7936: 1;
  7937: 1;
  7938: 1;
  7939: 1;
  7940: 1;
  7941: 1;
  7942: 1;
  7943: 1;
  7944: 0;
  7945: 1;
  7946: 0;
  7947: 0;
  7948: 0;
  7949: 0;
  7950: 0;
  7951: 0;
  7952: 0;
  7953: 0;
  7954: 0;
  7955: 0;
  7956: 0;
  7957: 0;
  7958: 1;
  7959: 0;
  7960: 1;
  7961: 1;
  7962: 1;
  7963: 1;
  7964: 1;
  7965: 1;
  7966: 1;
  7967: 1;
  7968: 1;
  7969: 1;
  7970: 0;
  7971: 0;
  7972: 0;
  7973: 0;
  7974: 0;
  7975: 0;
  7976: 0;
  7977: 0;
  7978: 1;
  7979: 1;
  7980: 1;
  7981: 1;
  7982: 1;
  7983: 1;
  7984: 1;
  7985: 1;
  7986: 1;
  7987: 1;
  7988: 1;
  7989: 1;
  7990: 0;
  7991: 0;
  7992: 0;
  7993: 0;
  7994: 0;
  7995: 0;
  7996: 0;
  7997: 0;
  7998: 0;
  7999: 1;
  8000: 1;
  8001: 0;
  8002: 0;
  8003: 0;
  8004: 0;
  8005: 0;
  8006: 0;
  8007: 1;
  8008: 1;
  8009: 1;
  8010: 1;
  8011: 1;
  8012: 1;
  8013: 1;
  8014: 1;
  8015: 1;
  8016: 1;
  8017: 1;
  8018: 1;
  8019: 1;
  8020: 1;
  8021: 1;
  8022: 1;
  8023: 1;
  8024: 1;
  8025: 0;
  8026: 0;
  8027: 0;
  8028: 0;
  8029: 0;
  8030: 0;
  8031: 1;
  8032: 1;
  8033: 1;
  8034: 1;
  8035: 1;
  8036: 1;
  8037: 1;
  8038: 1;
  8039: 1;
  8040: 1;
  8041: 1;
  8042: 1;
  8043: 1;
  8044: 1;
  8045: 1;
  8046: 0;
  8047: 0;
  8048: 0;
  8049: 0;
  8050: 0;
  8051: 0;
  8052: 1;
  8053: 1;
  8054: 1;
  8055: 1;
  8056: 1;
  8057: 1;
  8058: 1;
  8059: 1;
  8060: 1;
  8061: 1;
  8062: 1;
  8063: 1;
  8064: 1;
  8065: 1;
  8066: 1;
  8067: 1;
  8068: 1;
  8069: 1;
  8070: 1;
  8071: 1;
  8072: 1;
  8073: 1;
  8074: 1;
  8075: 1;
  8076: 1;
  8077: 1;
  8078: 1;
  8079: 1;
  8080: 1;
  8081: 1;
  8082: 1;
  8083: 1;
  8084: 0;
  8085: 0;
  8086: 0;
  8087: 0;
  8088: 0;
  8089: 0;
  8090: 1;
  8091: 1;
  8092: 1;
  8093: 1;
  8094: 1;
  8095: 1;
  8096: 1;
  8097: 1;
  8098: 1;
  8099: 1;
  8100: 1;
  8101: 1;
  8102: 1;
  8103: 0;
  8104: 0;
  8105: 0;
  8106: 0;
  8107: 0;
  8108: 0;
  8109: 0;
  8110: 0;
  8111: 0;
  8112: 0;
  8113: 0;
  8114: 0;
  8115: 0;
  8116: 1;
  8117: 1;
  8118: 1;
  8119: 1;
  8120: 1;
  8121: 1;
  8122: 1;
  8123: 1;
  8124: 1;
  8125: 1;
  8126: 1;
  8127: 1;
  8128: 1;
  8129: 1;
  8130: 1;
  8131: 1;
  8132: 1;
  8133: 0;
  8134: 0;
  8135: 0;
  8136: 0;
  8137: 0;
  8138: 1;
  8139: 1;
  8140: 1;
  8141: 1;
  8142: 1;
  8143: 1;
  8144: 1;
  8145: 1;
  8146: 1;
  8147: 1;
  8148: 0;
  8149: 0;
  8150: 0;
  8151: 0;
  8152: 0;
  8153: 0;
  8154: 1;
  8155: 1;
  8156: 1;
  8157: 1;
  8158: 1;
  8159: 1;
  8160: 1;
  8161: 1;
  8162: 1;
  8163: 1;
  8164: 1;
  8165: 0;
  8166: 0;
  8167: 0;
  8168: 0;
  8169: 0;
  8170: 0;
  8171: 0;
  8172: 0;
  8173: 0;
  8174: 0;
  8175: 0;
  8176: 0;
  8177: 0;
  8178: 0;
  8179: 0;
  8180: 0;
  8181: 0;
  8182: 0;
  8183: 0;
  8184: 1;
  8185: 0;
  8186: 1;
  8187: 1;
  8188: 1;
  8189: 1;
  8190: 1;
  8191: 1;
  8192: 1;
  8193: 1;
  8194: 0;
  8195: 0;
  8196: 0;
  8197: 0;
  8198: 0;
  8199: 0;
  8200: 1;
  8201: 0;
  8202: 0;
  8203: 0;
  8204: 0;
  8205: 0;
  8206: 0;
  8207: 1;
  8208: 0;
  8209: 1;
  8210: 0;
  8211: 0;
  8212: 0;
  8213: 0;
  8214: 0;
  8215: 0;
  8216: 0;
  8217: 0;
  8218: 0;
  8219: 0;
  8220: 1;
  8221: 1;
  8222: 1;
  8223: 1;
  8224: 1;
  8225: 1;
  8226: 1;
  8227: 1;
  8228: 1;
  8229: 1;
  8230: 1;
  8231: 1;
  8232: 1;
  8233: 1;
  8234: 1;
  8235: 1;
  8236: 1;
  8237: 1;
  8238: 1;
  8239: 1;
  8240: 0;
  8241: 0;
  8242: 0;
  8243: 0;
  8244: 0;
  8245: 0;
  8246: 0;
  8247: 1;
  8248: 1;
  8249: 1;
  8250: 1;
  8251: 1;
  8252: 1;
  8253: 1;
  8254: 1;
  8255: 1;
  8256: 1;
  8257: 1;
  8258: 1;
  8259: 1;
  8260: 1;
  8261: 1;
  8262: 1;
  8263: 1;
  8264: 1;
  8265: 1;
  8266: 1;
  8267: 0;
  8268: 0;
  8269: 0;
  8270: 0;
  8271: 0;
  8272: 0;
  8273: 0;
  8274: 0;
  8275: 0;
  8276: 0;
  8277: 1;
  8278: 1;
  8279: 1;
  8280: 1;
  8281: 1;
  8282: 1;
  8283: 1;
  8284: 1;
  8285: 1;
  8286: 1;
  8287: 1;
  8288: 1;
  8289: 1;
  8290: 1;
  8291: 0;
  8292: 0;
  8293: 0;
  8294: 0;
  8295: 0;
  8296: 0;
  8297: 0;
  8298: 1;
  8299: 1;
  8300: 1;
  8301: 1;
  8302: 1;
  8303: 1;
  8304: 1;
  8305: 1;
  8306: 1;
  8307: 1;
  8308: 1;
  8309: 1;
  8310: 0;
  8311: 0;
  8312: 0;
  8313: 0;
  8314: 0;
  8315: 0;
  8316: 0;
  8317: 0;
  8318: 0;
  8319: 1;
  8320: 1;
  8321: 0;
  8322: 0;
  8323: 0;
  8324: 0;
  8325: 0;
  8326: 0;
  8327: 1;
  8328: 1;
  8329: 1;
  8330: 1;
  8331: 1;
  8332: 1;
  8333: 1;
  8334: 1;
  8335: 1;
  8336: 1;
  8337: 1;
  8338: 1;
  8339: 1;
  8340: 1;
  8341: 1;
  8342: 1;
  8343: 1;
  8344: 1;
  8345: 0;
  8346: 0;
  8347: 0;
  8348: 0;
  8349: 0;
  8350: 0;
  8351: 1;
  8352: 1;
  8353: 1;
  8354: 1;
  8355: 1;
  8356: 1;
  8357: 1;
  8358: 1;
  8359: 1;
  8360: 1;
  8361: 1;
  8362: 1;
  8363: 1;
  8364: 1;
  8365: 1;
  8366: 0;
  8367: 0;
  8368: 0;
  8369: 0;
  8370: 0;
  8371: 0;
  8372: 1;
  8373: 1;
  8374: 1;
  8375: 1;
  8376: 1;
  8377: 1;
  8378: 1;
  8379: 1;
  8380: 1;
  8381: 1;
  8382: 1;
  8383: 1;
  8384: 1;
  8385: 1;
  8386: 1;
  8387: 1;
  8388: 1;
  8389: 1;
  8390: 1;
  8391: 1;
  8392: 1;
  8393: 1;
  8394: 1;
  8395: 1;
  8396: 1;
  8397: 1;
  8398: 1;
  8399: 1;
  8400: 1;
  8401: 1;
  8402: 1;
  8403: 1;
  8404: 0;
  8405: 0;
  8406: 0;
  8407: 0;
  8408: 0;
  8409: 0;
  8410: 1;
  8411: 1;
  8412: 1;
  8413: 1;
  8414: 1;
  8415: 1;
  8416: 1;
  8417: 1;
  8418: 1;
  8419: 1;
  8420: 1;
  8421: 1;
  8422: 1;
  8423: 0;
  8424: 0;
  8425: 0;
  8426: 0;
  8427: 0;
  8428: 0;
  8429: 0;
  8430: 0;
  8431: 0;
  8432: 0;
  8433: 0;
  8434: 0;
  8435: 0;
  8436: 0;
  8437: 1;
  8438: 1;
  8439: 1;
  8440: 1;
  8441: 1;
  8442: 1;
  8443: 1;
  8444: 1;
  8445: 1;
  8446: 1;
  8447: 1;
  8448: 1;
  8449: 1;
  8450: 1;
  8451: 0;
  8452: 0;
  8453: 0;
  8454: 0;
  8455: 0;
  8456: 0;
  8457: 0;
  8458: 1;
  8459: 1;
  8460: 1;
  8461: 1;
  8462: 1;
  8463: 1;
  8464: 1;
  8465: 1;
  8466: 1;
  8467: 1;
  8468: 0;
  8469: 0;
  8470: 0;
  8471: 0;
  8472: 0;
  8473: 0;
  8474: 1;
  8475: 1;
  8476: 1;
  8477: 1;
  8478: 1;
  8479: 1;
  8480: 1;
  8481: 1;
  8482: 1;
  8483: 1;
  8484: 1;
  8485: 0;
  8486: 1;
  8487: 0;
  8488: 1;
  8489: 0;
  8490: 1;
  8491: 0;
  8492: 1;
  8493: 0;
  8494: 1;
  8495: 0;
  8496: 0;
  8497: 0;
  8498: 0;
  8499: 0;
  8500: 0;
  8501: 0;
  8502: 0;
  8503: 0;
  8504: 0;
  8505: 0;
  8506: 1;
  8507: 1;
  8508: 1;
  8509: 1;
  8510: 1;
  8511: 1;
  8512: 1;
  8513: 1;
  8514: 0;
  8515: 0;
  8516: 0;
  8517: 0;
  8518: 0;
  8519: 0;
  8520: 0;
  8521: 0;
  8522: 0;
  8523: 0;
  8524: 0;
  8525: 1;
  8526: 0;
  8527: 1;
  8528: 1;
  8529: 1;
  8530: 1;
  8531: 1;
  8532: 0;
  8533: 0;
  8534: 0;
  8535: 0;
  8536: 0;
  8537: 0;
  8538: 0;
  8539: 0;
  8540: 1;
  8541: 1;
  8542: 1;
  8543: 1;
  8544: 1;
  8545: 1;
  8546: 1;
  8547: 1;
  8548: 1;
  8549: 1;
  8550: 1;
  8551: 1;
  8552: 1;
  8553: 1;
  8554: 1;
  8555: 1;
  8556: 1;
  8557: 1;
  8558: 1;
  8559: 1;
  8560: 0;
  8561: 0;
  8562: 0;
  8563: 0;
  8564: 0;
  8565: 0;
  8566: 1;
  8567: 1;
  8568: 1;
  8569: 1;
  8570: 1;
  8571: 1;
  8572: 1;
  8573: 1;
  8574: 1;
  8575: 1;
  8576: 1;
  8577: 1;
  8578: 1;
  8579: 1;
  8580: 1;
  8581: 1;
  8582: 1;
  8583: 1;
  8584: 1;
  8585: 0;
  8586: 1;
  8587: 0;
  8588: 0;
  8589: 0;
  8590: 0;
  8591: 0;
  8592: 0;
  8593: 0;
  8594: 0;
  8595: 0;
  8596: 0;
  8597: 0;
  8598: 1;
  8599: 1;
  8600: 1;
  8601: 1;
  8602: 1;
  8603: 1;
  8604: 1;
  8605: 1;
  8606: 1;
  8607: 1;
  8608: 1;
  8609: 1;
  8610: 1;
  8611: 1;
  8612: 0;
  8613: 0;
  8614: 0;
  8615: 0;
  8616: 0;
  8617: 0;
  8618: 1;
  8619: 0;
  8620: 1;
  8621: 1;
  8622: 1;
  8623: 1;
  8624: 1;
  8625: 1;
  8626: 1;
  8627: 1;
  8628: 0;
  8629: 1;
  8630: 0;
  8631: 0;
  8632: 0;
  8633: 0;
  8634: 0;
  8635: 0;
  8636: 0;
  8637: 0;
  8638: 0;
  8639: 1;
  8640: 1;
  8641: 0;
  8642: 0;
  8643: 0;
  8644: 0;
  8645: 0;
  8646: 0;
  8647: 1;
  8648: 1;
  8649: 1;
  8650: 1;
  8651: 1;
  8652: 1;
  8653: 1;
  8654: 1;
  8655: 1;
  8656: 1;
  8657: 1;
  8658: 1;
  8659: 1;
  8660: 1;
  8661: 1;
  8662: 1;
  8663: 1;
  8664: 1;
  8665: 0;
  8666: 0;
  8667: 0;
  8668: 0;
  8669: 0;
  8670: 0;
  8671: 1;
  8672: 1;
  8673: 1;
  8674: 1;
  8675: 1;
  8676: 1;
  8677: 1;
  8678: 1;
  8679: 1;
  8680: 1;
  8681: 1;
  8682: 1;
  8683: 1;
  8684: 1;
  8685: 1;
  8686: 0;
  8687: 0;
  8688: 0;
  8689: 0;
  8690: 0;
  8691: 0;
  8692: 1;
  8693: 1;
  8694: 1;
  8695: 1;
  8696: 1;
  8697: 1;
  8698: 1;
  8699: 1;
  8700: 1;
  8701: 1;
  8702: 1;
  8703: 1;
  8704: 1;
  8705: 1;
  8706: 1;
  8707: 1;
  8708: 1;
  8709: 1;
  8710: 1;
  8711: 1;
  8712: 1;
  8713: 1;
  8714: 1;
  8715: 1;
  8716: 1;
  8717: 1;
  8718: 1;
  8719: 1;
  8720: 1;
  8721: 1;
  8722: 0;
  8723: 0;
  8724: 0;
  8725: 0;
  8726: 0;
  8727: 0;
  8728: 0;
  8729: 1;
  8730: 1;
  8731: 1;
  8732: 1;
  8733: 1;
  8734: 1;
  8735: 1;
  8736: 1;
  8737: 1;
  8738: 1;
  8739: 1;
  8740: 1;
  8741: 1;
  8742: 1;
  8743: 0;
  8744: 0;
  8745: 0;
  8746: 0;
  8747: 0;
  8748: 0;
  8749: 0;
  8750: 0;
  8751: 0;
  8752: 0;
  8753: 0;
  8754: 0;
  8755: 0;
  8756: 0;
  8757: 0;
  8758: 0;
  8759: 1;
  8760: 1;
  8761: 1;
  8762: 1;
  8763: 1;
  8764: 1;
  8765: 1;
  8766: 1;
  8767: 1;
  8768: 1;
  8769: 1;
  8770: 1;
  8771: 0;
  8772: 0;
  8773: 0;
  8774: 0;
  8775: 0;
  8776: 0;
  8777: 1;
  8778: 1;
  8779: 1;
  8780: 1;
  8781: 1;
  8782: 1;
  8783: 1;
  8784: 1;
  8785: 1;
  8786: 1;
  8787: 1;
  8788: 0;
  8789: 0;
  8790: 0;
  8791: 0;
  8792: 0;
  8793: 0;
  8794: 1;
  8795: 1;
  8796: 1;
  8797: 1;
  8798: 1;
  8799: 1;
  8800: 1;
  8801: 1;
  8802: 1;
  8803: 1;
  8804: 1;
  8805: 1;
  8806: 1;
  8807: 1;
  8808: 1;
  8809: 1;
  8810: 1;
  8811: 1;
  8812: 1;
  8813: 1;
  8814: 1;
  8815: 1;
  8816: 1;
  8817: 0;
  8818: 1;
  8819: 0;
  8820: 0;
  8821: 0;
  8822: 0;
  8823: 0;
  8824: 0;
  8825: 0;
  8826: 0;
  8827: 1;
  8828: 1;
  8829: 1;
  8830: 1;
  8831: 1;
  8832: 1;
  8833: 1;
  8834: 0;
  8835: 0;
  8836: 0;
  8837: 0;
  8838: 0;
  8839: 0;
  8840: 0;
  8841: 0;
  8842: 0;
  8843: 1;
  8844: 0;
  8845: 1;
  8846: 1;
  8847: 1;
  8848: 1;
  8849: 1;
  8850: 1;
  8851: 1;
  8852: 1;
  8853: 1;
  8854: 0;
  8855: 0;
  8856: 0;
  8857: 0;
  8858: 0;
  8859: 0;
  8860: 0;
  8861: 0;
  8862: 1;
  8863: 1;
  8864: 1;
  8865: 1;
  8866: 1;
  8867: 1;
  8868: 1;
  8869: 1;
  8870: 1;
  8871: 1;
  8872: 1;
  8873: 1;
  8874: 1;
  8875: 1;
  8876: 1;
  8877: 1;
  8878: 1;
  8879: 1;
  8880: 0;
  8881: 0;
  8882: 0;
  8883: 0;
  8884: 0;
  8885: 0;
  8886: 1;
  8887: 1;
  8888: 1;
  8889: 1;
  8890: 1;
  8891: 1;
  8892: 1;
  8893: 1;
  8894: 1;
  8895: 1;
  8896: 1;
  8897: 1;
  8898: 1;
  8899: 1;
  8900: 1;
  8901: 1;
  8902: 1;
  8903: 0;
  8904: 1;
  8905: 0;
  8906: 0;
  8907: 0;
  8908: 0;
  8909: 0;
  8910: 0;
  8911: 0;
  8912: 0;
  8913: 0;
  8914: 0;
  8915: 0;
  8916: 0;
  8917: 0;
  8918: 0;
  8919: 0;
  8920: 1;
  8921: 1;
  8922: 1;
  8923: 1;
  8924: 1;
  8925: 1;
  8926: 1;
  8927: 1;
  8928: 1;
  8929: 1;
  8930: 1;
  8931: 1;
  8932: 0;
  8933: 0;
  8934: 0;
  8935: 0;
  8936: 0;
  8937: 0;
  8938: 0;
  8939: 0;
  8940: 1;
  8941: 0;
  8942: 1;
  8943: 1;
  8944: 1;
  8945: 1;
  8946: 1;
  8947: 0;
  8948: 0;
  8949: 0;
  8950: 0;
  8951: 0;
  8952: 0;
  8953: 0;
  8954: 0;
  8955: 0;
  8956: 0;
  8957: 0;
  8958: 0;
  8959: 1;
  8960: 1;
  8961: 0;
  8962: 0;
  8963: 0;
  8964: 0;
  8965: 0;
  8966: 0;
  8967: 1;
  8968: 1;
  8969: 1;
  8970: 1;
  8971: 1;
  8972: 1;
  8973: 1;
  8974: 1;
  8975: 1;
  8976: 1;
  8977: 1;
  8978: 1;
  8979: 1;
  8980: 1;
  8981: 1;
  8982: 1;
  8983: 1;
  8984: 1;
  8985: 0;
  8986: 0;
  8987: 0;
  8988: 0;
  8989: 0;
  8990: 0;
  8991: 1;
  8992: 1;
  8993: 1;
  8994: 1;
  8995: 1;
  8996: 1;
  8997: 1;
  8998: 1;
  8999: 1;
  9000: 1;
  9001: 1;
  9002: 1;
  9003: 1;
  9004: 1;
  9005: 1;
  9006: 0;
  9007: 0;
  9008: 0;
  9009: 0;
  9010: 0;
  9011: 0;
  9012: 1;
  9013: 1;
  9014: 1;
  9015: 1;
  9016: 1;
  9017: 1;
  9018: 1;
  9019: 1;
  9020: 1;
  9021: 1;
  9022: 1;
  9023: 1;
  9024: 1;
  9025: 1;
  9026: 1;
  9027: 1;
  9028: 1;
  9029: 1;
  9030: 1;
  9031: 1;
  9032: 1;
  9033: 1;
  9034: 1;
  9035: 1;
  9036: 1;
  9037: 1;
  9038: 1;
  9039: 1;
  9040: 1;
  9041: 1;
  9042: 0;
  9043: 0;
  9044: 0;
  9045: 0;
  9046: 0;
  9047: 0;
  9048: 0;
  9049: 1;
  9050: 1;
  9051: 1;
  9052: 1;
  9053: 1;
  9054: 1;
  9055: 1;
  9056: 1;
  9057: 1;
  9058: 1;
  9059: 1;
  9060: 1;
  9061: 1;
  9062: 1;
  9063: 0;
  9064: 1;
  9065: 0;
  9066: 1;
  9067: 0;
  9068: 1;
  9069: 0;
  9070: 1;
  9071: 0;
  9072: 0;
  9073: 0;
  9074: 0;
  9075: 0;
  9076: 0;
  9077: 0;
  9078: 0;
  9079: 0;
  9080: 0;
  9081: 1;
  9082: 1;
  9083: 1;
  9084: 1;
  9085: 1;
  9086: 1;
  9087: 1;
  9088: 1;
  9089: 1;
  9090: 1;
  9091: 0;
  9092: 0;
  9093: 0;
  9094: 0;
  9095: 0;
  9096: 1;
  9097: 1;
  9098: 1;
  9099: 1;
  9100: 1;
  9101: 1;
  9102: 1;
  9103: 1;
  9104: 1;
  9105: 1;
  9106: 1;
  9107: 1;
  9108: 0;
  9109: 0;
  9110: 0;
  9111: 0;
  9112: 0;
  9113: 0;
  9114: 1;
  9115: 1;
  9116: 1;
  9117: 1;
  9118: 1;
  9119: 1;
  9120: 1;
  9121: 1;
  9122: 1;
  9123: 1;
  9124: 1;
  9125: 1;
  9126: 1;
  9127: 1;
  9128: 1;
  9129: 1;
  9130: 1;
  9131: 1;
  9132: 1;
  9133: 1;
  9134: 1;
  9135: 1;
  9136: 1;
  9137: 1;
  9138: 1;
  9139: 0;
  9140: 0;
  9141: 0;
  9142: 0;
  9143: 0;
  9144: 0;
  9145: 0;
  9146: 0;
  9147: 0;
  9148: 1;
  9149: 1;
  9150: 1;
  9151: 1;
  9152: 1;
  9153: 1;
  9154: 0;
  9155: 0;
  9156: 0;
  9157: 0;
  9158: 0;
  9159: 0;
  9160: 0;
  9161: 0;
  9162: 0;
  9163: 1;
  9164: 1;
  9165: 1;
  9166: 1;
  9167: 1;
  9168: 1;
  9169: 1;
  9170: 1;
  9171: 1;
  9172: 1;
  9173: 1;
  9174: 0;
  9175: 0;
  9176: 0;
  9177: 0;
  9178: 0;
  9179: 0;
  9180: 0;
  9181: 0;
  9182: 1;
  9183: 1;
  9184: 1;
  9185: 1;
  9186: 1;
  9187: 1;
  9188: 1;
  9189: 1;
  9190: 1;
  9191: 1;
  9192: 1;
  9193: 1;
  9194: 1;
  9195: 1;
  9196: 1;
  9197: 1;
  9198: 1;
  9199: 0;
  9200: 0;
  9201: 0;
  9202: 0;
  9203: 0;
  9204: 0;
  9205: 0;
  9206: 1;
  9207: 1;
  9208: 1;
  9209: 1;
  9210: 1;
  9211: 1;
  9212: 1;
  9213: 1;
  9214: 1;
  9215: 1;
  9216: 1;
  9217: 1;
  9218: 1;
  9219: 1;
  9220: 1;
  9221: 1;
  9222: 1;
  9223: 0;
  9224: 0;
  9225: 0;
  9226: 0;
  9227: 0;
  9228: 0;
  9229: 0;
  9230: 0;
  9231: 0;
  9232: 1;
  9233: 0;
  9234: 0;
  9235: 0;
  9236: 0;
  9237: 0;
  9238: 0;
  9239: 0;
  9240: 0;
  9241: 0;
  9242: 1;
  9243: 1;
  9244: 1;
  9245: 1;
  9246: 1;
  9247: 1;
  9248: 1;
  9249: 1;
  9250: 1;
  9251: 1;
  9252: 0;
  9253: 0;
  9254: 0;
  9255: 0;
  9256: 0;
  9257: 0;
  9258: 0;
  9259: 0;
  9260: 0;
  9261: 0;
  9262: 1;
  9263: 0;
  9264: 1;
  9265: 0;
  9266: 0;
  9267: 0;
  9268: 0;
  9269: 0;
  9270: 0;
  9271: 0;
  9272: 0;
  9273: 0;
  9274: 0;
  9275: 0;
  9276: 0;
  9277: 0;
  9278: 0;
  9279: 1;
  9280: 1;
  9281: 0;
  9282: 0;
  9283: 0;
  9284: 0;
  9285: 0;
  9286: 0;
  9287: 1;
  9288: 1;
  9289: 1;
  9290: 1;
  9291: 1;
  9292: 1;
  9293: 1;
  9294: 1;
  9295: 1;
  9296: 1;
  9297: 1;
  9298: 1;
  9299: 1;
  9300: 1;
  9301: 1;
  9302: 1;
  9303: 1;
  9304: 1;
  9305: 0;
  9306: 0;
  9307: 0;
  9308: 0;
  9309: 0;
  9310: 0;
  9311: 1;
  9312: 1;
  9313: 1;
  9314: 1;
  9315: 1;
  9316: 1;
  9317: 1;
  9318: 1;
  9319: 1;
  9320: 1;
  9321: 1;
  9322: 1;
  9323: 1;
  9324: 1;
  9325: 1;
  9326: 0;
  9327: 0;
  9328: 0;
  9329: 0;
  9330: 0;
  9331: 0;
  9332: 1;
  9333: 1;
  9334: 1;
  9335: 1;
  9336: 1;
  9337: 1;
  9338: 1;
  9339: 1;
  9340: 1;
  9341: 1;
  9342: 1;
  9343: 1;
  9344: 1;
  9345: 1;
  9346: 1;
  9347: 1;
  9348: 1;
  9349: 1;
  9350: 1;
  9351: 1;
  9352: 1;
  9353: 1;
  9354: 1;
  9355: 1;
  9356: 1;
  9357: 1;
  9358: 1;
  9359: 1;
  9360: 0;
  9361: 0;
  9362: 0;
  9363: 0;
  9364: 0;
  9365: 0;
  9366: 0;
  9367: 1;
  9368: 1;
  9369: 1;
  9370: 1;
  9371: 1;
  9372: 1;
  9373: 1;
  9374: 1;
  9375: 1;
  9376: 1;
  9377: 1;
  9378: 1;
  9379: 1;
  9380: 1;
  9381: 1;
  9382: 1;
  9383: 1;
  9384: 1;
  9385: 1;
  9386: 1;
  9387: 1;
  9388: 1;
  9389: 1;
  9390: 1;
  9391: 1;
  9392: 0;
  9393: 1;
  9394: 0;
  9395: 0;
  9396: 0;
  9397: 0;
  9398: 0;
  9399: 0;
  9400: 0;
  9401: 0;
  9402: 0;
  9403: 1;
  9404: 1;
  9405: 1;
  9406: 1;
  9407: 1;
  9408: 1;
  9409: 0;
  9410: 0;
  9411: 0;
  9412: 0;
  9413: 0;
  9414: 0;
  9415: 0;
  9416: 1;
  9417: 1;
  9418: 1;
  9419: 1;
  9420: 1;
  9421: 1;
  9422: 1;
  9423: 1;
  9424: 1;
  9425: 1;
  9426: 1;
  9427: 1;
  9428: 0;
  9429: 0;
  9430: 0;
  9431: 0;
  9432: 0;
  9433: 0;
  9434: 1;
  9435: 1;
  9436: 1;
  9437: 1;
  9438: 1;
  9439: 1;
  9440: 1;
  9441: 1;
  9442: 1;
  9443: 1;
  9444: 1;
  9445: 1;
  9446: 1;
  9447: 1;
  9448: 1;
  9449: 1;
  9450: 1;
  9451: 1;
  9452: 1;
  9453: 1;
  9454: 1;
  9455: 1;
  9456: 1;
  9457: 1;
  9458: 1;
  9459: 1;
  9460: 1;
  9461: 0;
  9462: 0;
  9463: 0;
  9464: 0;
  9465: 0;
  9466: 0;
  9467: 0;
  9468: 1;
  9469: 1;
  9470: 1;
  9471: 1;
  9472: 1;
  9473: 1;
  9474: 0;
  9475: 0;
  9476: 0;
  9477: 0;
  9478: 0;
  9479: 0;
  9480: 0;
  9481: 0;
  9482: 1;
  9483: 1;
  9484: 1;
  9485: 1;
  9486: 1;
  9487: 1;
  9488: 1;
  9489: 1;
  9490: 1;
  9491: 1;
  9492: 1;
  9493: 1;
  9494: 1;
  9495: 1;
  9496: 0;
  9497: 0;
  9498: 0;
  9499: 0;
  9500: 0;
  9501: 0;
  9502: 1;
  9503: 1;
  9504: 1;
  9505: 1;
  9506: 1;
  9507: 1;
  9508: 1;
  9509: 1;
  9510: 1;
  9511: 1;
  9512: 1;
  9513: 1;
  9514: 1;
  9515: 1;
  9516: 1;
  9517: 1;
  9518: 1;
  9519: 0;
  9520: 0;
  9521: 0;
  9522: 0;
  9523: 0;
  9524: 0;
  9525: 1;
  9526: 1;
  9527: 1;
  9528: 1;
  9529: 1;
  9530: 1;
  9531: 1;
  9532: 1;
  9533: 1;
  9534: 1;
  9535: 1;
  9536: 1;
  9537: 1;
  9538: 1;
  9539: 1;
  9540: 1;
  9541: 0;
  9542: 0;
  9543: 0;
  9544: 0;
  9545: 0;
  9546: 0;
  9547: 0;
  9548: 0;
  9549: 0;
  9550: 1;
  9551: 1;
  9552: 1;
  9553: 0;
  9554: 1;
  9555: 0;
  9556: 0;
  9557: 0;
  9558: 0;
  9559: 0;
  9560: 0;
  9561: 0;
  9562: 0;
  9563: 0;
  9564: 1;
  9565: 1;
  9566: 1;
  9567: 1;
  9568: 1;
  9569: 1;
  9570: 1;
  9571: 1;
  9572: 1;
  9573: 1;
  9574: 0;
  9575: 0;
  9576: 0;
  9577: 0;
  9578: 0;
  9579: 0;
  9580: 0;
  9581: 0;
  9582: 0;
  9583: 0;
  9584: 0;
  9585: 0;
  9586: 0;
  9587: 0;
  9588: 0;
  9589: 0;
  9590: 0;
  9591: 0;
  9592: 0;
  9593: 0;
  9594: 0;
  9595: 0;
  9596: 0;
  9597: 0;
  9598: 0;
  9599: 1;
  9600: 1;
  9601: 0;
  9602: 0;
  9603: 0;
  9604: 0;
  9605: 0;
  9606: 0;
  9607: 1;
  9608: 1;
  9609: 1;
  9610: 1;
  9611: 1;
  9612: 1;
  9613: 1;
  9614: 1;
  9615: 1;
  9616: 1;
  9617: 1;
  9618: 1;
  9619: 1;
  9620: 1;
  9621: 1;
  9622: 1;
  9623: 1;
  9624: 1;
  9625: 0;
  9626: 0;
  9627: 0;
  9628: 0;
  9629: 0;
  9630: 0;
  9631: 1;
  9632: 1;
  9633: 1;
  9634: 1;
  9635: 1;
  9636: 1;
  9637: 1;
  9638: 1;
  9639: 1;
  9640: 1;
  9641: 1;
  9642: 1;
  9643: 1;
  9644: 1;
  9645: 1;
  9646: 0;
  9647: 0;
  9648: 0;
  9649: 0;
  9650: 0;
  9651: 0;
  9652: 1;
  9653: 1;
  9654: 1;
  9655: 1;
  9656: 1;
  9657: 1;
  9658: 1;
  9659: 1;
  9660: 1;
  9661: 1;
  9662: 1;
  9663: 1;
  9664: 1;
  9665: 1;
  9666: 1;
  9667: 1;
  9668: 1;
  9669: 1;
  9670: 1;
  9671: 1;
  9672: 1;
  9673: 1;
  9674: 1;
  9675: 1;
  9676: 1;
  9677: 1;
  9678: 1;
  9679: 1;
  9680: 0;
  9681: 0;
  9682: 0;
  9683: 0;
  9684: 0;
  9685: 0;
  9686: 0;
  9687: 1;
  9688: 1;
  9689: 1;
  9690: 1;
  9691: 1;
  9692: 1;
  9693: 1;
  9694: 1;
  9695: 1;
  9696: 1;
  9697: 1;
  9698: 1;
  9699: 1;
  9700: 1;
  9701: 1;
  9702: 1;
  9703: 1;
  9704: 1;
  9705: 1;
  9706: 1;
  9707: 1;
  9708: 1;
  9709: 1;
  9710: 1;
  9711: 1;
  9712: 1;
  9713: 1;
  9714: 1;
  9715: 1;
  9716: 0;
  9717: 0;
  9718: 0;
  9719: 0;
  9720: 0;
  9721: 0;
  9722: 0;
  9723: 1;
  9724: 1;
  9725: 1;
  9726: 1;
  9727: 1;
  9728: 1;
  9729: 0;
  9730: 0;
  9731: 0;
  9732: 0;
  9733: 0;
  9734: 0;
  9735: 0;
  9736: 1;
  9737: 1;
  9738: 1;
  9739: 1;
  9740: 1;
  9741: 1;
  9742: 1;
  9743: 1;
  9744: 1;
  9745: 1;
  9746: 1;
  9747: 1;
  9748: 0;
  9749: 0;
  9750: 0;
  9751: 0;
  9752: 0;
  9753: 0;
  9754: 1;
  9755: 1;
  9756: 1;
  9757: 1;
  9758: 1;
  9759: 1;
  9760: 1;
  9761: 1;
  9762: 1;
  9763: 1;
  9764: 1;
  9765: 1;
  9766: 1;
  9767: 1;
  9768: 1;
  9769: 1;
  9770: 1;
  9771: 1;
  9772: 1;
  9773: 1;
  9774: 1;
  9775: 1;
  9776: 1;
  9777: 1;
  9778: 1;
  9779: 1;
  9780: 1;
  9781: 0;
  9782: 0;
  9783: 0;
  9784: 0;
  9785: 0;
  9786: 0;
  9787: 0;
  9788: 0;
  9789: 1;
  9790: 1;
  9791: 1;
  9792: 1;
  9793: 1;
  9794: 0;
  9795: 0;
  9796: 0;
  9797: 0;
  9798: 0;
  9799: 0;
  9800: 0;
  9801: 0;
  9802: 1;
  9803: 1;
  9804: 1;
  9805: 1;
  9806: 1;
  9807: 1;
  9808: 1;
  9809: 1;
  9810: 1;
  9811: 1;
  9812: 1;
  9813: 1;
  9814: 1;
  9815: 1;
  9816: 0;
  9817: 0;
  9818: 0;
  9819: 0;
  9820: 0;
  9821: 0;
  9822: 0;
  9823: 1;
  9824: 1;
  9825: 1;
  9826: 1;
  9827: 1;
  9828: 1;
  9829: 1;
  9830: 1;
  9831: 1;
  9832: 1;
  9833: 1;
  9834: 1;
  9835: 1;
  9836: 1;
  9837: 1;
  9838: 1;
  9839: 0;
  9840: 0;
  9841: 0;
  9842: 0;
  9843: 0;
  9844: 0;
  9845: 1;
  9846: 1;
  9847: 1;
  9848: 1;
  9849: 1;
  9850: 1;
  9851: 1;
  9852: 1;
  9853: 1;
  9854: 1;
  9855: 1;
  9856: 1;
  9857: 1;
  9858: 1;
  9859: 1;
  9860: 1;
  9861: 0;
  9862: 0;
  9863: 0;
  9864: 0;
  9865: 0;
  9866: 0;
  9867: 0;
  9868: 0;
  9869: 1;
  9870: 1;
  9871: 1;
  9872: 1;
  9873: 1;
  9874: 1;
  9875: 0;
  9876: 0;
  9877: 0;
  9878: 0;
  9879: 0;
  9880: 0;
  9881: 0;
  9882: 0;
  9883: 0;
  9884: 1;
  9885: 1;
  9886: 1;
  9887: 1;
  9888: 1;
  9889: 1;
  9890: 1;
  9891: 1;
  9892: 1;
  9893: 1;
  9894: 1;
  9895: 0;
  9896: 0;
  9897: 0;
  9898: 0;
  9899: 0;
  9900: 0;
  9901: 0;
  9902: 0;
  9903: 0;
  9904: 0;
  9905: 0;
  9906: 0;
  9907: 0;
  9908: 0;
  9909: 0;
  9910: 1;
  9911: 0;
  9912: 0;
  9913: 0;
  9914: 0;
  9915: 0;
  9916: 0;
  9917: 0;
  9918: 0;
  9919: 1;
  9920: 1;
  9921: 0;
  9922: 0;
  9923: 0;
  9924: 0;
  9925: 0;
  9926: 0;
  9927: 1;
  9928: 1;
  9929: 1;
  9930: 1;
  9931: 1;
  9932: 1;
  9933: 1;
  9934: 1;
  9935: 1;
  9936: 1;
  9937: 1;
  9938: 1;
  9939: 1;
  9940: 1;
  9941: 1;
  9942: 1;
  9943: 1;
  9944: 1;
  9945: 0;
  9946: 0;
  9947: 0;
  9948: 0;
  9949: 0;
  9950: 0;
  9951: 1;
  9952: 1;
  9953: 1;
  9954: 1;
  9955: 1;
  9956: 1;
  9957: 1;
  9958: 1;
  9959: 1;
  9960: 1;
  9961: 1;
  9962: 1;
  9963: 1;
  9964: 1;
  9965: 1;
  9966: 0;
  9967: 0;
  9968: 0;
  9969: 0;
  9970: 0;
  9971: 0;
  9972: 1;
  9973: 1;
  9974: 1;
  9975: 1;
  9976: 1;
  9977: 1;
  9978: 1;
  9979: 1;
  9980: 1;
  9981: 1;
  9982: 1;
  9983: 1;
  9984: 1;
  9985: 1;
  9986: 1;
  9987: 1;
  9988: 1;
  9989: 1;
  9990: 1;
  9991: 1;
  9992: 1;
  9993: 1;
  9994: 1;
  9995: 1;
  9996: 1;
  9997: 1;
  9998: 1;
  9999: 0;
  10000: 0;
  10001: 0;
  10002: 0;
  10003: 0;
  10004: 0;
  10005: 0;
  10006: 1;
  10007: 1;
  10008: 1;
  10009: 1;
  10010: 1;
  10011: 1;
  10012: 1;
  10013: 1;
  10014: 1;
  10015: 1;
  10016: 1;
  10017: 1;
  10018: 1;
  10019: 1;
  10020: 1;
  10021: 1;
  10022: 1;
  10023: 1;
  10024: 1;
  10025: 1;
  10026: 1;
  10027: 1;
  10028: 1;
  10029: 1;
  10030: 1;
  10031: 1;
  10032: 1;
  10033: 1;
  10034: 1;
  10035: 1;
  10036: 0;
  10037: 0;
  10038: 0;
  10039: 0;
  10040: 0;
  10041: 0;
  10042: 0;
  10043: 0;
  10044: 1;
  10045: 1;
  10046: 1;
  10047: 1;
  10048: 1;
  10049: 0;
  10050: 0;
  10051: 0;
  10052: 0;
  10053: 0;
  10054: 0;
  10055: 1;
  10056: 1;
  10057: 1;
  10058: 1;
  10059: 1;
  10060: 1;
  10061: 1;
  10062: 1;
  10063: 1;
  10064: 1;
  10065: 1;
  10066: 1;
  10067: 1;
  10068: 0;
  10069: 0;
  10070: 0;
  10071: 0;
  10072: 0;
  10073: 0;
  10074: 1;
  10075: 1;
  10076: 1;
  10077: 1;
  10078: 1;
  10079: 1;
  10080: 1;
  10081: 1;
  10082: 1;
  10083: 1;
  10084: 1;
  10085: 1;
  10086: 1;
  10087: 1;
  10088: 1;
  10089: 1;
  10090: 1;
  10091: 1;
  10092: 1;
  10093: 1;
  10094: 1;
  10095: 1;
  10096: 1;
  10097: 1;
  10098: 1;
  10099: 1;
  10100: 1;
  10101: 1;
  10102: 0;
  10103: 0;
  10104: 0;
  10105: 0;
  10106: 0;
  10107: 0;
  10108: 0;
  10109: 1;
  10110: 1;
  10111: 1;
  10112: 1;
  10113: 1;
  10114: 0;
  10115: 0;
  10116: 0;
  10117: 0;
  10118: 0;
  10119: 0;
  10120: 0;
  10121: 1;
  10122: 1;
  10123: 1;
  10124: 1;
  10125: 1;
  10126: 1;
  10127: 1;
  10128: 1;
  10129: 1;
  10130: 1;
  10131: 1;
  10132: 1;
  10133: 1;
  10134: 1;
  10135: 1;
  10136: 0;
  10137: 0;
  10138: 0;
  10139: 0;
  10140: 0;
  10141: 0;
  10142: 0;
  10143: 1;
  10144: 1;
  10145: 1;
  10146: 1;
  10147: 1;
  10148: 1;
  10149: 1;
  10150: 1;
  10151: 1;
  10152: 1;
  10153: 1;
  10154: 1;
  10155: 1;
  10156: 1;
  10157: 1;
  10158: 0;
  10159: 0;
  10160: 0;
  10161: 0;
  10162: 0;
  10163: 0;
  10164: 0;
  10165: 1;
  10166: 1;
  10167: 1;
  10168: 1;
  10169: 1;
  10170: 1;
  10171: 1;
  10172: 1;
  10173: 1;
  10174: 1;
  10175: 1;
  10176: 1;
  10177: 1;
  10178: 1;
  10179: 0;
  10180: 0;
  10181: 0;
  10182: 0;
  10183: 0;
  10184: 0;
  10185: 0;
  10186: 0;
  10187: 0;
  10188: 1;
  10189: 1;
  10190: 1;
  10191: 1;
  10192: 1;
  10193: 1;
  10194: 1;
  10195: 1;
  10196: 0;
  10197: 0;
  10198: 0;
  10199: 0;
  10200: 0;
  10201: 0;
  10202: 0;
  10203: 0;
  10204: 1;
  10205: 1;
  10206: 1;
  10207: 1;
  10208: 1;
  10209: 1;
  10210: 1;
  10211: 1;
  10212: 1;
  10213: 1;
  10214: 1;
  10215: 1;
  10216: 1;
  10217: 0;
  10218: 0;
  10219: 0;
  10220: 0;
  10221: 0;
  10222: 0;
  10223: 0;
  10224: 0;
  10225: 0;
  10226: 0;
  10227: 0;
  10228: 0;
  10229: 1;
  10230: 1;
  10231: 1;
  10232: 0;
  10233: 0;
  10234: 0;
  10235: 0;
  10236: 0;
  10237: 0;
  10238: 1;
  10239: 1;
  10240: 1;
  10241: 0;
  10242: 0;
  10243: 0;
  10244: 0;
  10245: 0;
  10246: 0;
  10247: 1;
  10248: 1;
  10249: 1;
  10250: 1;
  10251: 1;
  10252: 1;
  10253: 1;
  10254: 1;
  10255: 1;
  10256: 1;
  10257: 1;
  10258: 1;
  10259: 1;
  10260: 1;
  10261: 1;
  10262: 1;
  10263: 1;
  10264: 1;
  10265: 0;
  10266: 0;
  10267: 0;
  10268: 0;
  10269: 0;
  10270: 0;
  10271: 1;
  10272: 1;
  10273: 1;
  10274: 1;
  10275: 1;
  10276: 1;
  10277: 1;
  10278: 1;
  10279: 1;
  10280: 1;
  10281: 1;
  10282: 1;
  10283: 1;
  10284: 1;
  10285: 1;
  10286: 0;
  10287: 0;
  10288: 0;
  10289: 0;
  10290: 0;
  10291: 0;
  10292: 1;
  10293: 1;
  10294: 1;
  10295: 1;
  10296: 1;
  10297: 1;
  10298: 1;
  10299: 1;
  10300: 1;
  10301: 1;
  10302: 1;
  10303: 1;
  10304: 1;
  10305: 1;
  10306: 1;
  10307: 1;
  10308: 1;
  10309: 1;
  10310: 1;
  10311: 1;
  10312: 1;
  10313: 1;
  10314: 1;
  10315: 1;
  10316: 1;
  10317: 1;
  10318: 0;
  10319: 0;
  10320: 0;
  10321: 0;
  10322: 0;
  10323: 0;
  10324: 0;
  10325: 0;
  10326: 1;
  10327: 1;
  10328: 1;
  10329: 1;
  10330: 1;
  10331: 1;
  10332: 1;
  10333: 1;
  10334: 1;
  10335: 1;
  10336: 1;
  10337: 1;
  10338: 1;
  10339: 1;
  10340: 1;
  10341: 1;
  10342: 1;
  10343: 1;
  10344: 1;
  10345: 1;
  10346: 1;
  10347: 1;
  10348: 1;
  10349: 1;
  10350: 1;
  10351: 1;
  10352: 1;
  10353: 1;
  10354: 1;
  10355: 1;
  10356: 1;
  10357: 0;
  10358: 0;
  10359: 0;
  10360: 0;
  10361: 0;
  10362: 0;
  10363: 0;
  10364: 1;
  10365: 1;
  10366: 1;
  10367: 0;
  10368: 0;
  10369: 0;
  10370: 0;
  10371: 0;
  10372: 0;
  10373: 0;
  10374: 1;
  10375: 1;
  10376: 1;
  10377: 1;
  10378: 1;
  10379: 1;
  10380: 1;
  10381: 1;
  10382: 1;
  10383: 1;
  10384: 1;
  10385: 1;
  10386: 1;
  10387: 1;
  10388: 0;
  10389: 0;
  10390: 0;
  10391: 0;
  10392: 0;
  10393: 0;
  10394: 1;
  10395: 1;
  10396: 1;
  10397: 1;
  10398: 1;
  10399: 1;
  10400: 1;
  10401: 1;
  10402: 1;
  10403: 1;
  10404: 1;
  10405: 1;
  10406: 1;
  10407: 1;
  10408: 1;
  10409: 1;
  10410: 1;
  10411: 1;
  10412: 1;
  10413: 1;
  10414: 1;
  10415: 1;
  10416: 1;
  10417: 1;
  10418: 1;
  10419: 1;
  10420: 1;
  10421: 1;
  10422: 1;
  10423: 0;
  10424: 0;
  10425: 0;
  10426: 0;
  10427: 0;
  10428: 0;
  10429: 1;
  10430: 1;
  10431: 1;
  10432: 1;
  10433: 1;
  10434: 0;
  10435: 0;
  10436: 0;
  10437: 0;
  10438: 0;
  10439: 0;
  10440: 0;
  10441: 1;
  10442: 1;
  10443: 1;
  10444: 1;
  10445: 1;
  10446: 1;
  10447: 1;
  10448: 1;
  10449: 1;
  10450: 1;
  10451: 1;
  10452: 1;
  10453: 1;
  10454: 1;
  10455: 1;
  10456: 0;
  10457: 0;
  10458: 0;
  10459: 0;
  10460: 0;
  10461: 0;
  10462: 0;
  10463: 1;
  10464: 1;
  10465: 1;
  10466: 1;
  10467: 1;
  10468: 1;
  10469: 1;
  10470: 1;
  10471: 1;
  10472: 1;
  10473: 1;
  10474: 1;
  10475: 1;
  10476: 1;
  10477: 1;
  10478: 0;
  10479: 0;
  10480: 0;
  10481: 0;
  10482: 0;
  10483: 0;
  10484: 1;
  10485: 1;
  10486: 1;
  10487: 1;
  10488: 1;
  10489: 1;
  10490: 1;
  10491: 1;
  10492: 1;
  10493: 1;
  10494: 1;
  10495: 1;
  10496: 1;
  10497: 1;
  10498: 1;
  10499: 0;
  10500: 0;
  10501: 0;
  10502: 0;
  10503: 0;
  10504: 0;
  10505: 0;
  10506: 0;
  10507: 1;
  10508: 1;
  10509: 1;
  10510: 1;
  10511: 1;
  10512: 1;
  10513: 1;
  10514: 1;
  10515: 1;
  10516: 1;
  10517: 1;
  10518: 0;
  10519: 0;
  10520: 0;
  10521: 0;
  10522: 0;
  10523: 0;
  10524: 0;
  10525: 1;
  10526: 1;
  10527: 1;
  10528: 1;
  10529: 1;
  10530: 1;
  10531: 1;
  10532: 1;
  10533: 1;
  10534: 1;
  10535: 1;
  10536: 1;
  10537: 1;
  10538: 0;
  10539: 1;
  10540: 0;
  10541: 0;
  10542: 1;
  10543: 0;
  10544: 0;
  10545: 1;
  10546: 0;
  10547: 1;
  10548: 1;
  10549: 1;
  10550: 1;
  10551: 1;
  10552: 0;
  10553: 0;
  10554: 0;
  10555: 0;
  10556: 0;
  10557: 0;
  10558: 1;
  10559: 1;
  10560: 1;
  10561: 0;
  10562: 0;
  10563: 0;
  10564: 0;
  10565: 0;
  10566: 0;
  10567: 0;
  10568: 1;
  10569: 1;
  10570: 1;
  10571: 1;
  10572: 1;
  10573: 1;
  10574: 1;
  10575: 1;
  10576: 1;
  10577: 1;
  10578: 1;
  10579: 1;
  10580: 1;
  10581: 1;
  10582: 1;
  10583: 1;
  10584: 1;
  10585: 0;
  10586: 0;
  10587: 0;
  10588: 0;
  10589: 0;
  10590: 0;
  10591: 1;
  10592: 1;
  10593: 1;
  10594: 1;
  10595: 1;
  10596: 1;
  10597: 1;
  10598: 1;
  10599: 1;
  10600: 1;
  10601: 1;
  10602: 1;
  10603: 1;
  10604: 1;
  10605: 1;
  10606: 0;
  10607: 0;
  10608: 0;
  10609: 0;
  10610: 0;
  10611: 0;
  10612: 1;
  10613: 1;
  10614: 1;
  10615: 1;
  10616: 1;
  10617: 1;
  10618: 1;
  10619: 1;
  10620: 1;
  10621: 1;
  10622: 1;
  10623: 1;
  10624: 1;
  10625: 1;
  10626: 1;
  10627: 1;
  10628: 1;
  10629: 1;
  10630: 1;
  10631: 1;
  10632: 1;
  10633: 1;
  10634: 1;
  10635: 1;
  10636: 1;
  10637: 0;
  10638: 0;
  10639: 0;
  10640: 0;
  10641: 0;
  10642: 0;
  10643: 0;
  10644: 0;
  10645: 1;
  10646: 1;
  10647: 1;
  10648: 1;
  10649: 1;
  10650: 1;
  10651: 1;
  10652: 1;
  10653: 1;
  10654: 1;
  10655: 1;
  10656: 1;
  10657: 1;
  10658: 1;
  10659: 1;
  10660: 1;
  10661: 1;
  10662: 1;
  10663: 1;
  10664: 1;
  10665: 1;
  10666: 1;
  10667: 1;
  10668: 1;
  10669: 1;
  10670: 1;
  10671: 1;
  10672: 1;
  10673: 1;
  10674: 1;
  10675: 1;
  10676: 1;
  10677: 1;
  10678: 0;
  10679: 0;
  10680: 0;
  10681: 0;
  10682: 0;
  10683: 0;
  10684: 0;
  10685: 1;
  10686: 1;
  10687: 0;
  10688: 0;
  10689: 0;
  10690: 0;
  10691: 0;
  10692: 0;
  10693: 0;
  10694: 1;
  10695: 1;
  10696: 0;
  10697: 1;
  10698: 1;
  10699: 0;
  10700: 1;
  10701: 0;
  10702: 1;
  10703: 0;
  10704: 1;
  10705: 0;
  10706: 1;
  10707: 1;
  10708: 0;
  10709: 0;
  10710: 0;
  10711: 0;
  10712: 0;
  10713: 0;
  10714: 1;
  10715: 1;
  10716: 0;
  10717: 1;
  10718: 1;
  10719: 0;
  10720: 1;
  10721: 1;
  10722: 1;
  10723: 1;
  10724: 1;
  10725: 1;
  10726: 1;
  10727: 1;
  10728: 1;
  10729: 1;
  10730: 1;
  10731: 1;
  10732: 1;
  10733: 1;
  10734: 1;
  10735: 1;
  10736: 1;
  10737: 1;
  10738: 1;
  10739: 1;
  10740: 1;
  10741: 1;
  10742: 1;
  10743: 0;
  10744: 0;
  10745: 0;
  10746: 0;
  10747: 0;
  10748: 0;
  10749: 1;
  10750: 1;
  10751: 1;
  10752: 1;
  10753: 1;
  10754: 0;
  10755: 0;
  10756: 0;
  10757: 0;
  10758: 0;
  10759: 0;
  10760: 0;
  10761: 1;
  10762: 1;
  10763: 1;
  10764: 1;
  10765: 1;
  10766: 1;
  10767: 1;
  10768: 1;
  10769: 1;
  10770: 1;
  10771: 1;
  10772: 1;
  10773: 1;
  10774: 1;
  10775: 1;
  10776: 1;
  10777: 0;
  10778: 0;
  10779: 0;
  10780: 0;
  10781: 0;
  10782: 0;
  10783: 1;
  10784: 1;
  10785: 1;
  10786: 1;
  10787: 1;
  10788: 1;
  10789: 1;
  10790: 1;
  10791: 1;
  10792: 1;
  10793: 1;
  10794: 1;
  10795: 1;
  10796: 1;
  10797: 0;
  10798: 0;
  10799: 0;
  10800: 0;
  10801: 0;
  10802: 0;
  10803: 0;
  10804: 1;
  10805: 1;
  10806: 1;
  10807: 1;
  10808: 1;
  10809: 1;
  10810: 1;
  10811: 1;
  10812: 1;
  10813: 1;
  10814: 1;
  10815: 1;
  10816: 1;
  10817: 1;
  10818: 1;
  10819: 0;
  10820: 0;
  10821: 0;
  10822: 0;
  10823: 0;
  10824: 0;
  10825: 0;
  10826: 1;
  10827: 1;
  10828: 1;
  10829: 1;
  10830: 1;
  10831: 1;
  10832: 1;
  10833: 1;
  10834: 1;
  10835: 1;
  10836: 1;
  10837: 1;
  10838: 0;
  10839: 0;
  10840: 0;
  10841: 0;
  10842: 0;
  10843: 0;
  10844: 0;
  10845: 0;
  10846: 1;
  10847: 1;
  10848: 1;
  10849: 1;
  10850: 1;
  10851: 1;
  10852: 1;
  10853: 1;
  10854: 1;
  10855: 1;
  10856: 1;
  10857: 1;
  10858: 1;
  10859: 1;
  10860: 1;
  10861: 1;
  10862: 1;
  10863: 1;
  10864: 1;
  10865: 1;
  10866: 1;
  10867: 1;
  10868: 1;
  10869: 1;
  10870: 1;
  10871: 1;
  10872: 0;
  10873: 0;
  10874: 0;
  10875: 0;
  10876: 0;
  10877: 0;
  10878: 1;
  10879: 1;
  10880: 1;
  10881: 0;
  10882: 0;
  10883: 0;
  10884: 0;
  10885: 0;
  10886: 0;
  10887: 0;
  10888: 1;
  10889: 1;
  10890: 1;
  10891: 1;
  10892: 1;
  10893: 1;
  10894: 1;
  10895: 1;
  10896: 1;
  10897: 1;
  10898: 1;
  10899: 1;
  10900: 1;
  10901: 1;
  10902: 1;
  10903: 1;
  10904: 1;
  10905: 0;
  10906: 0;
  10907: 0;
  10908: 0;
  10909: 0;
  10910: 0;
  10911: 1;
  10912: 1;
  10913: 1;
  10914: 1;
  10915: 1;
  10916: 1;
  10917: 1;
  10918: 1;
  10919: 1;
  10920: 1;
  10921: 1;
  10922: 1;
  10923: 1;
  10924: 1;
  10925: 1;
  10926: 0;
  10927: 0;
  10928: 0;
  10929: 0;
  10930: 0;
  10931: 0;
  10932: 1;
  10933: 1;
  10934: 1;
  10935: 1;
  10936: 1;
  10937: 1;
  10938: 1;
  10939: 1;
  10940: 1;
  10941: 1;
  10942: 1;
  10943: 1;
  10944: 1;
  10945: 1;
  10946: 1;
  10947: 1;
  10948: 1;
  10949: 1;
  10950: 1;
  10951: 1;
  10952: 1;
  10953: 1;
  10954: 1;
  10955: 1;
  10956: 0;
  10957: 0;
  10958: 0;
  10959: 0;
  10960: 0;
  10961: 0;
  10962: 0;
  10963: 0;
  10964: 1;
  10965: 1;
  10966: 1;
  10967: 1;
  10968: 1;
  10969: 1;
  10970: 1;
  10971: 1;
  10972: 1;
  10973: 1;
  10974: 1;
  10975: 1;
  10976: 1;
  10977: 1;
  10978: 1;
  10979: 1;
  10980: 1;
  10981: 1;
  10982: 1;
  10983: 1;
  10984: 1;
  10985: 1;
  10986: 1;
  10987: 1;
  10988: 1;
  10989: 1;
  10990: 1;
  10991: 1;
  10992: 1;
  10993: 1;
  10994: 1;
  10995: 1;
  10996: 1;
  10997: 1;
  10998: 0;
  10999: 0;
  11000: 0;
  11001: 0;
  11002: 0;
  11003: 0;
  11004: 0;
  11005: 1;
  11006: 1;
  11007: 0;
  11008: 0;
  11009: 0;
  11010: 0;
  11011: 0;
  11012: 0;
  11013: 0;
  11014: 0;
  11015: 0;
  11016: 0;
  11017: 0;
  11018: 0;
  11019: 0;
  11020: 0;
  11021: 0;
  11022: 0;
  11023: 0;
  11024: 0;
  11025: 0;
  11026: 0;
  11027: 0;
  11028: 0;
  11029: 0;
  11030: 0;
  11031: 0;
  11032: 0;
  11033: 0;
  11034: 0;
  11035: 0;
  11036: 0;
  11037: 0;
  11038: 0;
  11039: 0;
  11040: 1;
  11041: 1;
  11042: 1;
  11043: 1;
  11044: 1;
  11045: 1;
  11046: 1;
  11047: 1;
  11048: 1;
  11049: 1;
  11050: 1;
  11051: 1;
  11052: 1;
  11053: 1;
  11054: 1;
  11055: 1;
  11056: 1;
  11057: 1;
  11058: 1;
  11059: 1;
  11060: 1;
  11061: 1;
  11062: 1;
  11063: 0;
  11064: 0;
  11065: 0;
  11066: 0;
  11067: 0;
  11068: 0;
  11069: 0;
  11070: 1;
  11071: 1;
  11072: 1;
  11073: 1;
  11074: 0;
  11075: 0;
  11076: 0;
  11077: 0;
  11078: 0;
  11079: 0;
  11080: 0;
  11081: 1;
  11082: 1;
  11083: 1;
  11084: 1;
  11085: 1;
  11086: 1;
  11087: 1;
  11088: 1;
  11089: 1;
  11090: 1;
  11091: 1;
  11092: 1;
  11093: 1;
  11094: 1;
  11095: 1;
  11096: 1;
  11097: 0;
  11098: 0;
  11099: 0;
  11100: 0;
  11101: 0;
  11102: 0;
  11103: 1;
  11104: 1;
  11105: 1;
  11106: 1;
  11107: 1;
  11108: 1;
  11109: 1;
  11110: 1;
  11111: 1;
  11112: 1;
  11113: 1;
  11114: 1;
  11115: 1;
  11116: 1;
  11117: 0;
  11118: 0;
  11119: 0;
  11120: 0;
  11121: 0;
  11122: 0;
  11123: 1;
  11124: 1;
  11125: 1;
  11126: 1;
  11127: 1;
  11128: 1;
  11129: 1;
  11130: 1;
  11131: 1;
  11132: 1;
  11133: 1;
  11134: 1;
  11135: 1;
  11136: 1;
  11137: 1;
  11138: 0;
  11139: 0;
  11140: 0;
  11141: 0;
  11142: 0;
  11143: 0;
  11144: 0;
  11145: 1;
  11146: 1;
  11147: 1;
  11148: 1;
  11149: 1;
  11150: 1;
  11151: 1;
  11152: 1;
  11153: 1;
  11154: 1;
  11155: 1;
  11156: 1;
  11157: 1;
  11158: 1;
  11159: 0;
  11160: 0;
  11161: 0;
  11162: 0;
  11163: 0;
  11164: 0;
  11165: 0;
  11166: 1;
  11167: 1;
  11168: 1;
  11169: 1;
  11170: 1;
  11171: 1;
  11172: 1;
  11173: 1;
  11174: 1;
  11175: 1;
  11176: 1;
  11177: 1;
  11178: 1;
  11179: 1;
  11180: 1;
  11181: 1;
  11182: 1;
  11183: 1;
  11184: 1;
  11185: 1;
  11186: 1;
  11187: 1;
  11188: 1;
  11189: 1;
  11190: 1;
  11191: 1;
  11192: 0;
  11193: 0;
  11194: 0;
  11195: 0;
  11196: 0;
  11197: 0;
  11198: 1;
  11199: 1;
  11200: 1;
  11201: 0;
  11202: 0;
  11203: 0;
  11204: 0;
  11205: 0;
  11206: 0;
  11207: 0;
  11208: 1;
  11209: 1;
  11210: 1;
  11211: 1;
  11212: 1;
  11213: 1;
  11214: 1;
  11215: 1;
  11216: 1;
  11217: 1;
  11218: 1;
  11219: 1;
  11220: 1;
  11221: 1;
  11222: 1;
  11223: 1;
  11224: 0;
  11225: 0;
  11226: 0;
  11227: 0;
  11228: 0;
  11229: 0;
  11230: 0;
  11231: 1;
  11232: 1;
  11233: 1;
  11234: 1;
  11235: 1;
  11236: 1;
  11237: 1;
  11238: 1;
  11239: 1;
  11240: 1;
  11241: 1;
  11242: 1;
  11243: 1;
  11244: 1;
  11245: 1;
  11246: 0;
  11247: 0;
  11248: 0;
  11249: 0;
  11250: 0;
  11251: 0;
  11252: 1;
  11253: 1;
  11254: 1;
  11255: 1;
  11256: 1;
  11257: 1;
  11258: 1;
  11259: 1;
  11260: 1;
  11261: 1;
  11262: 1;
  11263: 1;
  11264: 1;
  11265: 1;
  11266: 1;
  11267: 1;
  11268: 1;
  11269: 1;
  11270: 1;
  11271: 1;
  11272: 1;
  11273: 1;
  11274: 1;
  11275: 0;
  11276: 0;
  11277: 0;
  11278: 0;
  11279: 0;
  11280: 0;
  11281: 0;
  11282: 0;
  11283: 1;
  11284: 1;
  11285: 1;
  11286: 1;
  11287: 1;
  11288: 1;
  11289: 1;
  11290: 1;
  11291: 1;
  11292: 1;
  11293: 1;
  11294: 1;
  11295: 1;
  11296: 1;
  11297: 1;
  11298: 1;
  11299: 1;
  11300: 1;
  11301: 1;
  11302: 1;
  11303: 1;
  11304: 1;
  11305: 1;
  11306: 1;
  11307: 1;
  11308: 1;
  11309: 1;
  11310: 1;
  11311: 1;
  11312: 1;
  11313: 1;
  11314: 1;
  11315: 1;
  11316: 1;
  11317: 1;
  11318: 1;
  11319: 0;
  11320: 0;
  11321: 0;
  11322: 0;
  11323: 0;
  11324: 0;
  11325: 1;
  11326: 1;
  11327: 0;
  11328: 0;
  11329: 0;
  11330: 0;
  11331: 0;
  11332: 0;
  11333: 0;
  11334: 0;
  11335: 0;
  11336: 0;
  11337: 0;
  11338: 0;
  11339: 0;
  11340: 0;
  11341: 0;
  11342: 0;
  11343: 0;
  11344: 0;
  11345: 0;
  11346: 0;
  11347: 0;
  11348: 0;
  11349: 0;
  11350: 0;
  11351: 0;
  11352: 0;
  11353: 0;
  11354: 0;
  11355: 0;
  11356: 0;
  11357: 0;
  11358: 0;
  11359: 0;
  11360: 1;
  11361: 1;
  11362: 1;
  11363: 1;
  11364: 1;
  11365: 1;
  11366: 1;
  11367: 1;
  11368: 1;
  11369: 1;
  11370: 1;
  11371: 1;
  11372: 1;
  11373: 1;
  11374: 1;
  11375: 1;
  11376: 1;
  11377: 1;
  11378: 1;
  11379: 1;
  11380: 1;
  11381: 1;
  11382: 1;
  11383: 0;
  11384: 0;
  11385: 0;
  11386: 0;
  11387: 0;
  11388: 0;
  11389: 0;
  11390: 1;
  11391: 1;
  11392: 1;
  11393: 1;
  11394: 0;
  11395: 0;
  11396: 0;
  11397: 0;
  11398: 0;
  11399: 0;
  11400: 0;
  11401: 1;
  11402: 1;
  11403: 1;
  11404: 1;
  11405: 1;
  11406: 1;
  11407: 1;
  11408: 1;
  11409: 1;
  11410: 1;
  11411: 1;
  11412: 1;
  11413: 1;
  11414: 1;
  11415: 1;
  11416: 1;
  11417: 0;
  11418: 0;
  11419: 0;
  11420: 0;
  11421: 0;
  11422: 0;
  11423: 1;
  11424: 1;
  11425: 1;
  11426: 1;
  11427: 1;
  11428: 1;
  11429: 1;
  11430: 1;
  11431: 1;
  11432: 1;
  11433: 1;
  11434: 1;
  11435: 1;
  11436: 1;
  11437: 0;
  11438: 0;
  11439: 0;
  11440: 0;
  11441: 0;
  11442: 0;
  11443: 1;
  11444: 1;
  11445: 1;
  11446: 1;
  11447: 1;
  11448: 1;
  11449: 1;
  11450: 1;
  11451: 1;
  11452: 1;
  11453: 1;
  11454: 1;
  11455: 1;
  11456: 1;
  11457: 1;
  11458: 0;
  11459: 0;
  11460: 0;
  11461: 0;
  11462: 0;
  11463: 0;
  11464: 0;
  11465: 1;
  11466: 1;
  11467: 1;
  11468: 1;
  11469: 1;
  11470: 1;
  11471: 1;
  11472: 1;
  11473: 1;
  11474: 1;
  11475: 1;
  11476: 1;
  11477: 1;
  11478: 1;
  11479: 1;
  11480: 0;
  11481: 0;
  11482: 0;
  11483: 0;
  11484: 0;
  11485: 0;
  11486: 1;
  11487: 1;
  11488: 1;
  11489: 1;
  11490: 1;
  11491: 1;
  11492: 1;
  11493: 1;
  11494: 1;
  11495: 1;
  11496: 1;
  11497: 1;
  11498: 1;
  11499: 1;
  11500: 1;
  11501: 1;
  11502: 1;
  11503: 1;
  11504: 1;
  11505: 1;
  11506: 1;
  11507: 1;
  11508: 1;
  11509: 1;
  11510: 1;
  11511: 1;
  11512: 0;
  11513: 0;
  11514: 0;
  11515: 0;
  11516: 0;
  11517: 0;
  11518: 1;
  11519: 1;
  11520: 1;
  11521: 1;
  11522: 0;
  11523: 0;
  11524: 0;
  11525: 0;
  11526: 0;
  11527: 0;
  11528: 1;
  11529: 1;
  11530: 1;
  11531: 1;
  11532: 1;
  11533: 1;
  11534: 1;
  11535: 1;
  11536: 1;
  11537: 1;
  11538: 1;
  11539: 1;
  11540: 1;
  11541: 1;
  11542: 1;
  11543: 1;
  11544: 0;
  11545: 0;
  11546: 0;
  11547: 0;
  11548: 0;
  11549: 0;
  11550: 1;
  11551: 1;
  11552: 1;
  11553: 1;
  11554: 1;
  11555: 1;
  11556: 1;
  11557: 1;
  11558: 1;
  11559: 1;
  11560: 1;
  11561: 1;
  11562: 1;
  11563: 1;
  11564: 1;
  11565: 1;
  11566: 0;
  11567: 0;
  11568: 0;
  11569: 0;
  11570: 0;
  11571: 0;
  11572: 1;
  11573: 1;
  11574: 1;
  11575: 1;
  11576: 1;
  11577: 1;
  11578: 1;
  11579: 1;
  11580: 1;
  11581: 1;
  11582: 1;
  11583: 1;
  11584: 1;
  11585: 1;
  11586: 1;
  11587: 1;
  11588: 1;
  11589: 1;
  11590: 1;
  11591: 1;
  11592: 1;
  11593: 1;
  11594: 0;
  11595: 0;
  11596: 0;
  11597: 0;
  11598: 0;
  11599: 0;
  11600: 0;
  11601: 0;
  11602: 1;
  11603: 1;
  11604: 1;
  11605: 1;
  11606: 1;
  11607: 1;
  11608: 1;
  11609: 1;
  11610: 1;
  11611: 1;
  11612: 1;
  11613: 1;
  11614: 1;
  11615: 1;
  11616: 1;
  11617: 1;
  11618: 1;
  11619: 1;
  11620: 1;
  11621: 1;
  11622: 1;
  11623: 1;
  11624: 1;
  11625: 1;
  11626: 1;
  11627: 1;
  11628: 1;
  11629: 1;
  11630: 1;
  11631: 1;
  11632: 1;
  11633: 1;
  11634: 1;
  11635: 1;
  11636: 1;
  11637: 1;
  11638: 1;
  11639: 0;
  11640: 0;
  11641: 0;
  11642: 0;
  11643: 0;
  11644: 0;
  11645: 1;
  11646: 1;
  11647: 0;
  11648: 0;
  11649: 0;
  11650: 0;
  11651: 0;
  11652: 0;
  11653: 0;
  11654: 0;
  11655: 0;
  11656: 0;
  11657: 0;
  11658: 0;
  11659: 0;
  11660: 0;
  11661: 0;
  11662: 0;
  11663: 0;
  11664: 0;
  11665: 0;
  11666: 0;
  11667: 0;
  11668: 0;
  11669: 0;
  11670: 0;
  11671: 0;
  11672: 0;
  11673: 0;
  11674: 0;
  11675: 0;
  11676: 0;
  11677: 0;
  11678: 0;
  11679: 0;
  11680: 1;
  11681: 1;
  11682: 1;
  11683: 1;
  11684: 1;
  11685: 1;
  11686: 1;
  11687: 1;
  11688: 1;
  11689: 1;
  11690: 1;
  11691: 1;
  11692: 1;
  11693: 1;
  11694: 1;
  11695: 1;
  11696: 1;
  11697: 1;
  11698: 1;
  11699: 1;
  11700: 1;
  11701: 1;
  11702: 1;
  11703: 0;
  11704: 0;
  11705: 0;
  11706: 0;
  11707: 0;
  11708: 0;
  11709: 0;
  11710: 1;
  11711: 1;
  11712: 1;
  11713: 1;
  11714: 0;
  11715: 0;
  11716: 0;
  11717: 0;
  11718: 0;
  11719: 0;
  11720: 0;
  11721: 1;
  11722: 1;
  11723: 1;
  11724: 1;
  11725: 1;
  11726: 1;
  11727: 1;
  11728: 1;
  11729: 1;
  11730: 1;
  11731: 1;
  11732: 1;
  11733: 1;
  11734: 1;
  11735: 1;
  11736: 1;
  11737: 0;
  11738: 0;
  11739: 0;
  11740: 0;
  11741: 0;
  11742: 0;
  11743: 1;
  11744: 1;
  11745: 1;
  11746: 1;
  11747: 1;
  11748: 1;
  11749: 1;
  11750: 1;
  11751: 1;
  11752: 1;
  11753: 1;
  11754: 1;
  11755: 1;
  11756: 0;
  11757: 0;
  11758: 0;
  11759: 0;
  11760: 0;
  11761: 0;
  11762: 0;
  11763: 1;
  11764: 1;
  11765: 1;
  11766: 1;
  11767: 1;
  11768: 1;
  11769: 1;
  11770: 1;
  11771: 1;
  11772: 1;
  11773: 1;
  11774: 1;
  11775: 1;
  11776: 1;
  11777: 1;
  11778: 0;
  11779: 0;
  11780: 0;
  11781: 0;
  11782: 0;
  11783: 0;
  11784: 1;
  11785: 1;
  11786: 1;
  11787: 1;
  11788: 1;
  11789: 1;
  11790: 1;
  11791: 1;
  11792: 1;
  11793: 1;
  11794: 1;
  11795: 1;
  11796: 1;
  11797: 1;
  11798: 1;
  11799: 1;
  11800: 0;
  11801: 0;
  11802: 0;
  11803: 0;
  11804: 0;
  11805: 0;
  11806: 0;
  11807: 1;
  11808: 1;
  11809: 1;
  11810: 1;
  11811: 1;
  11812: 1;
  11813: 1;
  11814: 1;
  11815: 1;
  11816: 1;
  11817: 1;
  11818: 1;
  11819: 1;
  11820: 1;
  11821: 1;
  11822: 1;
  11823: 1;
  11824: 1;
  11825: 1;
  11826: 1;
  11827: 1;
  11828: 1;
  11829: 1;
  11830: 1;
  11831: 0;
  11832: 0;
  11833: 0;
  11834: 0;
  11835: 0;
  11836: 0;
  11837: 1;
  11838: 1;
  11839: 1;
  11840: 1;
  11841: 1;
  11842: 0;
  11843: 0;
  11844: 0;
  11845: 0;
  11846: 0;
  11847: 0;
  11848: 1;
  11849: 1;
  11850: 1;
  11851: 1;
  11852: 1;
  11853: 1;
  11854: 1;
  11855: 1;
  11856: 1;
  11857: 1;
  11858: 1;
  11859: 1;
  11860: 1;
  11861: 1;
  11862: 1;
  11863: 1;
  11864: 0;
  11865: 0;
  11866: 0;
  11867: 0;
  11868: 0;
  11869: 0;
  11870: 1;
  11871: 1;
  11872: 1;
  11873: 1;
  11874: 1;
  11875: 1;
  11876: 1;
  11877: 1;
  11878: 1;
  11879: 1;
  11880: 1;
  11881: 1;
  11882: 1;
  11883: 1;
  11884: 1;
  11885: 1;
  11886: 0;
  11887: 0;
  11888: 0;
  11889: 0;
  11890: 0;
  11891: 0;
  11892: 1;
  11893: 1;
  11894: 1;
  11895: 1;
  11896: 1;
  11897: 1;
  11898: 1;
  11899: 1;
  11900: 1;
  11901: 1;
  11902: 1;
  11903: 1;
  11904: 1;
  11905: 1;
  11906: 1;
  11907: 1;
  11908: 1;
  11909: 1;
  11910: 1;
  11911: 1;
  11912: 1;
  11913: 1;
  11914: 0;
  11915: 0;
  11916: 0;
  11917: 0;
  11918: 0;
  11919: 0;
  11920: 0;
  11921: 1;
  11922: 1;
  11923: 1;
  11924: 1;
  11925: 1;
  11926: 1;
  11927: 1;
  11928: 1;
  11929: 1;
  11930: 1;
  11931: 1;
  11932: 1;
  11933: 1;
  11934: 1;
  11935: 1;
  11936: 1;
  11937: 1;
  11938: 1;
  11939: 1;
  11940: 1;
  11941: 1;
  11942: 1;
  11943: 1;
  11944: 1;
  11945: 1;
  11946: 1;
  11947: 1;
  11948: 1;
  11949: 1;
  11950: 1;
  11951: 1;
  11952: 1;
  11953: 1;
  11954: 1;
  11955: 1;
  11956: 1;
  11957: 1;
  11958: 1;
  11959: 0;
  11960: 0;
  11961: 0;
  11962: 0;
  11963: 0;
  11964: 0;
  11965: 1;
  11966: 1;
  11967: 0;
  11968: 0;
  11969: 0;
  11970: 0;
  11971: 0;
  11972: 0;
  11973: 0;
  11974: 0;
  11975: 0;
  11976: 0;
  11977: 0;
  11978: 0;
  11979: 0;
  11980: 0;
  11981: 0;
  11982: 0;
  11983: 1;
  11984: 0;
  11985: 0;
  11986: 0;
  11987: 0;
  11988: 0;
  11989: 0;
  11990: 0;
  11991: 0;
  11992: 0;
  11993: 0;
  11994: 0;
  11995: 0;
  11996: 0;
  11997: 0;
  11998: 0;
  11999: 0;
  12000: 1;
  12001: 1;
  12002: 1;
  12003: 1;
  12004: 1;
  12005: 1;
  12006: 1;
  12007: 1;
  12008: 1;
  12009: 1;
  12010: 1;
  12011: 1;
  12012: 1;
  12013: 1;
  12014: 1;
  12015: 1;
  12016: 1;
  12017: 1;
  12018: 1;
  12019: 1;
  12020: 1;
  12021: 1;
  12022: 1;
  12023: 0;
  12024: 0;
  12025: 0;
  12026: 0;
  12027: 0;
  12028: 0;
  12029: 0;
  12030: 1;
  12031: 1;
  12032: 1;
  12033: 1;
  12034: 0;
  12035: 0;
  12036: 0;
  12037: 0;
  12038: 0;
  12039: 0;
  12040: 0;
  12041: 1;
  12042: 1;
  12043: 1;
  12044: 1;
  12045: 1;
  12046: 1;
  12047: 1;
  12048: 1;
  12049: 1;
  12050: 1;
  12051: 1;
  12052: 1;
  12053: 1;
  12054: 1;
  12055: 1;
  12056: 1;
  12057: 0;
  12058: 0;
  12059: 0;
  12060: 0;
  12061: 0;
  12062: 0;
  12063: 1;
  12064: 1;
  12065: 1;
  12066: 1;
  12067: 1;
  12068: 1;
  12069: 1;
  12070: 1;
  12071: 1;
  12072: 1;
  12073: 1;
  12074: 1;
  12075: 1;
  12076: 0;
  12077: 0;
  12078: 0;
  12079: 0;
  12080: 0;
  12081: 0;
  12082: 1;
  12083: 1;
  12084: 1;
  12085: 1;
  12086: 1;
  12087: 1;
  12088: 1;
  12089: 1;
  12090: 1;
  12091: 1;
  12092: 1;
  12093: 1;
  12094: 1;
  12095: 1;
  12096: 1;
  12097: 0;
  12098: 0;
  12099: 0;
  12100: 0;
  12101: 0;
  12102: 0;
  12103: 0;
  12104: 1;
  12105: 1;
  12106: 1;
  12107: 1;
  12108: 1;
  12109: 1;
  12110: 1;
  12111: 1;
  12112: 1;
  12113: 1;
  12114: 1;
  12115: 1;
  12116: 1;
  12117: 1;
  12118: 1;
  12119: 1;
  12120: 0;
  12121: 0;
  12122: 0;
  12123: 0;
  12124: 0;
  12125: 0;
  12126: 0;
  12127: 1;
  12128: 1;
  12129: 1;
  12130: 1;
  12131: 1;
  12132: 1;
  12133: 1;
  12134: 1;
  12135: 1;
  12136: 1;
  12137: 1;
  12138: 1;
  12139: 1;
  12140: 1;
  12141: 1;
  12142: 1;
  12143: 1;
  12144: 1;
  12145: 1;
  12146: 1;
  12147: 1;
  12148: 1;
  12149: 1;
  12150: 1;
  12151: 0;
  12152: 0;
  12153: 0;
  12154: 0;
  12155: 0;
  12156: 0;
  12157: 1;
  12158: 1;
  12159: 1;
  12160: 1;
  12161: 1;
  12162: 0;
  12163: 0;
  12164: 0;
  12165: 0;
  12166: 0;
  12167: 0;
  12168: 1;
  12169: 1;
  12170: 1;
  12171: 1;
  12172: 1;
  12173: 1;
  12174: 1;
  12175: 1;
  12176: 1;
  12177: 1;
  12178: 1;
  12179: 1;
  12180: 1;
  12181: 1;
  12182: 1;
  12183: 1;
  12184: 0;
  12185: 0;
  12186: 0;
  12187: 0;
  12188: 0;
  12189: 0;
  12190: 1;
  12191: 1;
  12192: 1;
  12193: 1;
  12194: 1;
  12195: 1;
  12196: 1;
  12197: 1;
  12198: 1;
  12199: 1;
  12200: 1;
  12201: 1;
  12202: 1;
  12203: 1;
  12204: 1;
  12205: 1;
  12206: 0;
  12207: 0;
  12208: 0;
  12209: 0;
  12210: 0;
  12211: 0;
  12212: 1;
  12213: 1;
  12214: 1;
  12215: 1;
  12216: 1;
  12217: 1;
  12218: 1;
  12219: 1;
  12220: 1;
  12221: 1;
  12222: 1;
  12223: 1;
  12224: 1;
  12225: 1;
  12226: 1;
  12227: 1;
  12228: 1;
  12229: 1;
  12230: 1;
  12231: 1;
  12232: 1;
  12233: 0;
  12234: 0;
  12235: 0;
  12236: 0;
  12237: 0;
  12238: 0;
  12239: 0;
  12240: 1;
  12241: 1;
  12242: 1;
  12243: 1;
  12244: 1;
  12245: 1;
  12246: 1;
  12247: 1;
  12248: 1;
  12249: 1;
  12250: 1;
  12251: 1;
  12252: 1;
  12253: 1;
  12254: 1;
  12255: 1;
  12256: 1;
  12257: 1;
  12258: 1;
  12259: 1;
  12260: 1;
  12261: 1;
  12262: 1;
  12263: 1;
  12264: 1;
  12265: 1;
  12266: 1;
  12267: 1;
  12268: 1;
  12269: 1;
  12270: 1;
  12271: 1;
  12272: 1;
  12273: 1;
  12274: 1;
  12275: 1;
  12276: 1;
  12277: 1;
  12278: 1;
  12279: 0;
  12280: 0;
  12281: 0;
  12282: 0;
  12283: 0;
  12284: 0;
  12285: 1;
  12286: 1;
  12287: 1;
  12288: 1;
  12289: 1;
  12290: 1;
  12291: 1;
  12292: 1;
  12293: 1;
  12294: 1;
  12295: 1;
  12296: 1;
  12297: 1;
  12298: 1;
  12299: 1;
  12300: 1;
  12301: 1;
  12302: 1;
  12303: 1;
  12304: 1;
  12305: 1;
  12306: 1;
  12307: 1;
  12308: 0;
  12309: 0;
  12310: 0;
  12311: 0;
  12312: 0;
  12313: 0;
  12314: 1;
  12315: 1;
  12316: 1;
  12317: 1;
  12318: 1;
  12319: 1;
  12320: 1;
  12321: 1;
  12322: 1;
  12323: 1;
  12324: 1;
  12325: 1;
  12326: 1;
  12327: 1;
  12328: 1;
  12329: 1;
  12330: 1;
  12331: 1;
  12332: 1;
  12333: 1;
  12334: 1;
  12335: 1;
  12336: 1;
  12337: 1;
  12338: 1;
  12339: 1;
  12340: 1;
  12341: 1;
  12342: 1;
  12343: 0;
  12344: 0;
  12345: 0;
  12346: 0;
  12347: 0;
  12348: 0;
  12349: 0;
  12350: 1;
  12351: 1;
  12352: 1;
  12353: 1;
  12354: 1;
  12355: 0;
  12356: 0;
  12357: 0;
  12358: 0;
  12359: 0;
  12360: 0;
  12361: 1;
  12362: 1;
  12363: 1;
  12364: 1;
  12365: 1;
  12366: 1;
  12367: 1;
  12368: 1;
  12369: 1;
  12370: 1;
  12371: 1;
  12372: 1;
  12373: 1;
  12374: 1;
  12375: 1;
  12376: 1;
  12377: 0;
  12378: 0;
  12379: 0;
  12380: 0;
  12381: 0;
  12382: 0;
  12383: 1;
  12384: 1;
  12385: 1;
  12386: 1;
  12387: 1;
  12388: 1;
  12389: 1;
  12390: 1;
  12391: 1;
  12392: 1;
  12393: 1;
  12394: 1;
  12395: 0;
  12396: 0;
  12397: 0;
  12398: 0;
  12399: 0;
  12400: 0;
  12401: 0;
  12402: 1;
  12403: 1;
  12404: 1;
  12405: 1;
  12406: 1;
  12407: 1;
  12408: 1;
  12409: 1;
  12410: 1;
  12411: 1;
  12412: 1;
  12413: 1;
  12414: 1;
  12415: 1;
  12416: 1;
  12417: 0;
  12418: 0;
  12419: 0;
  12420: 0;
  12421: 0;
  12422: 0;
  12423: 0;
  12424: 1;
  12425: 1;
  12426: 1;
  12427: 1;
  12428: 1;
  12429: 1;
  12430: 1;
  12431: 1;
  12432: 1;
  12433: 1;
  12434: 1;
  12435: 1;
  12436: 1;
  12437: 1;
  12438: 1;
  12439: 1;
  12440: 0;
  12441: 0;
  12442: 0;
  12443: 0;
  12444: 0;
  12445: 0;
  12446: 0;
  12447: 1;
  12448: 1;
  12449: 1;
  12450: 1;
  12451: 1;
  12452: 1;
  12453: 1;
  12454: 1;
  12455: 1;
  12456: 1;
  12457: 1;
  12458: 1;
  12459: 1;
  12460: 1;
  12461: 1;
  12462: 1;
  12463: 1;
  12464: 1;
  12465: 1;
  12466: 1;
  12467: 1;
  12468: 1;
  12469: 1;
  12470: 1;
  12471: 0;
  12472: 0;
  12473: 0;
  12474: 0;
  12475: 0;
  12476: 0;
  12477: 1;
  12478: 1;
  12479: 1;
  12480: 1;
  12481: 1;
  12482: 0;
  12483: 0;
  12484: 0;
  12485: 0;
  12486: 0;
  12487: 0;
  12488: 0;
  12489: 1;
  12490: 1;
  12491: 1;
  12492: 1;
  12493: 1;
  12494: 1;
  12495: 1;
  12496: 1;
  12497: 1;
  12498: 1;
  12499: 1;
  12500: 1;
  12501: 1;
  12502: 1;
  12503: 1;
  12504: 0;
  12505: 0;
  12506: 0;
  12507: 0;
  12508: 0;
  12509: 0;
  12510: 1;
  12511: 1;
  12512: 1;
  12513: 1;
  12514: 1;
  12515: 1;
  12516: 1;
  12517: 1;
  12518: 1;
  12519: 1;
  12520: 1;
  12521: 1;
  12522: 1;
  12523: 1;
  12524: 1;
  12525: 1;
  12526: 0;
  12527: 0;
  12528: 0;
  12529: 0;
  12530: 0;
  12531: 0;
  12532: 1;
  12533: 1;
  12534: 1;
  12535: 1;
  12536: 1;
  12537: 1;
  12538: 1;
  12539: 1;
  12540: 1;
  12541: 1;
  12542: 1;
  12543: 1;
  12544: 1;
  12545: 1;
  12546: 1;
  12547: 1;
  12548: 1;
  12549: 1;
  12550: 1;
  12551: 1;
  12552: 0;
  12553: 0;
  12554: 0;
  12555: 0;
  12556: 0;
  12557: 0;
  12558: 0;
  12559: 1;
  12560: 1;
  12561: 1;
  12562: 1;
  12563: 1;
  12564: 1;
  12565: 1;
  12566: 1;
  12567: 1;
  12568: 1;
  12569: 1;
  12570: 1;
  12571: 1;
  12572: 1;
  12573: 1;
  12574: 1;
  12575: 1;
  12576: 1;
  12577: 1;
  12578: 1;
  12579: 1;
  12580: 1;
  12581: 1;
  12582: 1;
  12583: 1;
  12584: 1;
  12585: 1;
  12586: 1;
  12587: 1;
  12588: 1;
  12589: 1;
  12590: 1;
  12591: 1;
  12592: 1;
  12593: 1;
  12594: 1;
  12595: 1;
  12596: 1;
  12597: 1;
  12598: 1;
  12599: 0;
  12600: 0;
  12601: 0;
  12602: 0;
  12603: 0;
  12604: 0;
  12605: 1;
  12606: 1;
  12607: 1;
  12608: 1;
  12609: 1;
  12610: 1;
  12611: 1;
  12612: 1;
  12613: 1;
  12614: 1;
  12615: 1;
  12616: 1;
  12617: 1;
  12618: 1;
  12619: 1;
  12620: 1;
  12621: 1;
  12622: 1;
  12623: 1;
  12624: 1;
  12625: 1;
  12626: 1;
  12627: 1;
  12628: 0;
  12629: 0;
  12630: 0;
  12631: 0;
  12632: 0;
  12633: 0;
  12634: 1;
  12635: 1;
  12636: 1;
  12637: 1;
  12638: 1;
  12639: 1;
  12640: 1;
  12641: 1;
  12642: 1;
  12643: 1;
  12644: 1;
  12645: 1;
  12646: 1;
  12647: 1;
  12648: 1;
  12649: 1;
  12650: 1;
  12651: 1;
  12652: 1;
  12653: 1;
  12654: 1;
  12655: 1;
  12656: 1;
  12657: 1;
  12658: 1;
  12659: 1;
  12660: 1;
  12661: 1;
  12662: 1;
  12663: 0;
  12664: 0;
  12665: 0;
  12666: 0;
  12667: 0;
  12668: 0;
  12669: 1;
  12670: 1;
  12671: 1;
  12672: 1;
  12673: 1;
  12674: 1;
  12675: 0;
  12676: 0;
  12677: 0;
  12678: 0;
  12679: 0;
  12680: 0;
  12681: 1;
  12682: 1;
  12683: 1;
  12684: 1;
  12685: 1;
  12686: 1;
  12687: 1;
  12688: 1;
  12689: 1;
  12690: 1;
  12691: 1;
  12692: 1;
  12693: 1;
  12694: 1;
  12695: 1;
  12696: 1;
  12697: 0;
  12698: 0;
  12699: 0;
  12700: 0;
  12701: 0;
  12702: 0;
  12703: 1;
  12704: 1;
  12705: 1;
  12706: 1;
  12707: 1;
  12708: 1;
  12709: 1;
  12710: 1;
  12711: 1;
  12712: 1;
  12713: 1;
  12714: 1;
  12715: 0;
  12716: 0;
  12717: 0;
  12718: 0;
  12719: 0;
  12720: 0;
  12721: 1;
  12722: 1;
  12723: 1;
  12724: 1;
  12725: 1;
  12726: 1;
  12727: 1;
  12728: 1;
  12729: 1;
  12730: 1;
  12731: 1;
  12732: 1;
  12733: 1;
  12734: 1;
  12735: 1;
  12736: 1;
  12737: 0;
  12738: 0;
  12739: 0;
  12740: 0;
  12741: 0;
  12742: 0;
  12743: 0;
  12744: 1;
  12745: 1;
  12746: 1;
  12747: 1;
  12748: 1;
  12749: 1;
  12750: 1;
  12751: 1;
  12752: 1;
  12753: 1;
  12754: 1;
  12755: 1;
  12756: 1;
  12757: 1;
  12758: 1;
  12759: 1;
  12760: 0;
  12761: 0;
  12762: 0;
  12763: 0;
  12764: 0;
  12765: 0;
  12766: 0;
  12767: 1;
  12768: 1;
  12769: 1;
  12770: 1;
  12771: 1;
  12772: 1;
  12773: 1;
  12774: 1;
  12775: 1;
  12776: 1;
  12777: 1;
  12778: 1;
  12779: 1;
  12780: 1;
  12781: 1;
  12782: 1;
  12783: 1;
  12784: 1;
  12785: 1;
  12786: 1;
  12787: 1;
  12788: 1;
  12789: 1;
  12790: 0;
  12791: 0;
  12792: 0;
  12793: 0;
  12794: 0;
  12795: 0;
  12796: 1;
  12797: 1;
  12798: 1;
  12799: 1;
  12800: 1;
  12801: 1;
  12802: 0;
  12803: 0;
  12804: 0;
  12805: 0;
  12806: 0;
  12807: 0;
  12808: 0;
  12809: 1;
  12810: 1;
  12811: 1;
  12812: 1;
  12813: 1;
  12814: 1;
  12815: 1;
  12816: 1;
  12817: 1;
  12818: 1;
  12819: 1;
  12820: 1;
  12821: 1;
  12822: 1;
  12823: 0;
  12824: 0;
  12825: 0;
  12826: 0;
  12827: 0;
  12828: 0;
  12829: 1;
  12830: 1;
  12831: 1;
  12832: 1;
  12833: 1;
  12834: 1;
  12835: 1;
  12836: 1;
  12837: 1;
  12838: 1;
  12839: 1;
  12840: 1;
  12841: 1;
  12842: 1;
  12843: 1;
  12844: 1;
  12845: 1;
  12846: 0;
  12847: 0;
  12848: 0;
  12849: 0;
  12850: 0;
  12851: 0;
  12852: 1;
  12853: 1;
  12854: 1;
  12855: 1;
  12856: 1;
  12857: 1;
  12858: 1;
  12859: 1;
  12860: 1;
  12861: 1;
  12862: 1;
  12863: 1;
  12864: 1;
  12865: 1;
  12866: 1;
  12867: 1;
  12868: 1;
  12869: 1;
  12870: 1;
  12871: 0;
  12872: 0;
  12873: 0;
  12874: 0;
  12875: 0;
  12876: 0;
  12877: 0;
  12878: 1;
  12879: 1;
  12880: 1;
  12881: 1;
  12882: 1;
  12883: 1;
  12884: 1;
  12885: 1;
  12886: 1;
  12887: 1;
  12888: 1;
  12889: 1;
  12890: 1;
  12891: 1;
  12892: 1;
  12893: 1;
  12894: 1;
  12895: 1;
  12896: 1;
  12897: 1;
  12898: 1;
  12899: 1;
  12900: 1;
  12901: 1;
  12902: 1;
  12903: 1;
  12904: 1;
  12905: 1;
  12906: 1;
  12907: 1;
  12908: 1;
  12909: 1;
  12910: 1;
  12911: 1;
  12912: 1;
  12913: 1;
  12914: 1;
  12915: 1;
  12916: 1;
  12917: 1;
  12918: 1;
  12919: 0;
  12920: 0;
  12921: 0;
  12922: 0;
  12923: 0;
  12924: 0;
  12925: 1;
  12926: 1;
  12927: 1;
  12928: 1;
  12929: 1;
  12930: 1;
  12931: 1;
  12932: 1;
  12933: 1;
  12934: 1;
  12935: 1;
  12936: 1;
  12937: 1;
  12938: 1;
  12939: 1;
  12940: 1;
  12941: 1;
  12942: 1;
  12943: 1;
  12944: 1;
  12945: 1;
  12946: 1;
  12947: 1;
  12948: 0;
  12949: 0;
  12950: 0;
  12951: 0;
  12952: 0;
  12953: 0;
  12954: 1;
  12955: 1;
  12956: 1;
  12957: 1;
  12958: 1;
  12959: 1;
  12960: 1;
  12961: 1;
  12962: 1;
  12963: 1;
  12964: 1;
  12965: 1;
  12966: 1;
  12967: 1;
  12968: 1;
  12969: 1;
  12970: 1;
  12971: 1;
  12972: 1;
  12973: 1;
  12974: 1;
  12975: 1;
  12976: 1;
  12977: 1;
  12978: 1;
  12979: 1;
  12980: 1;
  12981: 1;
  12982: 1;
  12983: 0;
  12984: 0;
  12985: 0;
  12986: 0;
  12987: 0;
  12988: 0;
  12989: 1;
  12990: 1;
  12991: 1;
  12992: 1;
  12993: 1;
  12994: 1;
  12995: 0;
  12996: 0;
  12997: 0;
  12998: 0;
  12999: 0;
  13000: 0;
  13001: 1;
  13002: 1;
  13003: 1;
  13004: 1;
  13005: 1;
  13006: 1;
  13007: 1;
  13008: 1;
  13009: 1;
  13010: 1;
  13011: 1;
  13012: 1;
  13013: 1;
  13014: 1;
  13015: 1;
  13016: 0;
  13017: 0;
  13018: 0;
  13019: 0;
  13020: 0;
  13021: 0;
  13022: 0;
  13023: 1;
  13024: 1;
  13025: 1;
  13026: 1;
  13027: 1;
  13028: 1;
  13029: 1;
  13030: 1;
  13031: 1;
  13032: 1;
  13033: 1;
  13034: 0;
  13035: 0;
  13036: 0;
  13037: 0;
  13038: 0;
  13039: 0;
  13040: 0;
  13041: 1;
  13042: 1;
  13043: 1;
  13044: 1;
  13045: 1;
  13046: 1;
  13047: 1;
  13048: 1;
  13049: 1;
  13050: 1;
  13051: 1;
  13052: 1;
  13053: 1;
  13054: 1;
  13055: 1;
  13056: 1;
  13057: 0;
  13058: 0;
  13059: 0;
  13060: 0;
  13061: 0;
  13062: 0;
  13063: 0;
  13064: 1;
  13065: 1;
  13066: 1;
  13067: 1;
  13068: 1;
  13069: 1;
  13070: 1;
  13071: 1;
  13072: 1;
  13073: 1;
  13074: 1;
  13075: 1;
  13076: 1;
  13077: 1;
  13078: 1;
  13079: 1;
  13080: 0;
  13081: 0;
  13082: 0;
  13083: 0;
  13084: 0;
  13085: 0;
  13086: 0;
  13087: 1;
  13088: 1;
  13089: 1;
  13090: 1;
  13091: 1;
  13092: 1;
  13093: 1;
  13094: 1;
  13095: 1;
  13096: 1;
  13097: 1;
  13098: 1;
  13099: 1;
  13100: 1;
  13101: 1;
  13102: 1;
  13103: 1;
  13104: 1;
  13105: 1;
  13106: 1;
  13107: 1;
  13108: 1;
  13109: 1;
  13110: 0;
  13111: 0;
  13112: 0;
  13113: 0;
  13114: 0;
  13115: 0;
  13116: 1;
  13117: 1;
  13118: 1;
  13119: 1;
  13120: 1;
  13121: 1;
  13122: 1;
  13123: 0;
  13124: 0;
  13125: 0;
  13126: 0;
  13127: 0;
  13128: 0;
  13129: 1;
  13130: 1;
  13131: 1;
  13132: 1;
  13133: 1;
  13134: 1;
  13135: 1;
  13136: 1;
  13137: 1;
  13138: 1;
  13139: 1;
  13140: 1;
  13141: 1;
  13142: 1;
  13143: 0;
  13144: 0;
  13145: 0;
  13146: 0;
  13147: 0;
  13148: 0;
  13149: 1;
  13150: 1;
  13151: 1;
  13152: 1;
  13153: 1;
  13154: 1;
  13155: 1;
  13156: 1;
  13157: 1;
  13158: 1;
  13159: 1;
  13160: 1;
  13161: 1;
  13162: 1;
  13163: 1;
  13164: 1;
  13165: 1;
  13166: 0;
  13167: 0;
  13168: 0;
  13169: 0;
  13170: 0;
  13171: 0;
  13172: 1;
  13173: 1;
  13174: 1;
  13175: 1;
  13176: 1;
  13177: 1;
  13178: 1;
  13179: 1;
  13180: 1;
  13181: 1;
  13182: 1;
  13183: 1;
  13184: 1;
  13185: 1;
  13186: 1;
  13187: 1;
  13188: 1;
  13189: 1;
  13190: 0;
  13191: 0;
  13192: 0;
  13193: 0;
  13194: 0;
  13195: 0;
  13196: 0;
  13197: 1;
  13198: 1;
  13199: 1;
  13200: 1;
  13201: 1;
  13202: 1;
  13203: 1;
  13204: 1;
  13205: 1;
  13206: 1;
  13207: 1;
  13208: 1;
  13209: 1;
  13210: 1;
  13211: 1;
  13212: 1;
  13213: 1;
  13214: 1;
  13215: 1;
  13216: 1;
  13217: 1;
  13218: 1;
  13219: 1;
  13220: 1;
  13221: 1;
  13222: 1;
  13223: 1;
  13224: 1;
  13225: 1;
  13226: 1;
  13227: 1;
  13228: 1;
  13229: 1;
  13230: 1;
  13231: 1;
  13232: 1;
  13233: 1;
  13234: 1;
  13235: 1;
  13236: 1;
  13237: 1;
  13238: 0;
  13239: 0;
  13240: 0;
  13241: 0;
  13242: 0;
  13243: 0;
  13244: 0;
  13245: 1;
  13246: 1;
  13247: 1;
  13248: 1;
  13249: 1;
  13250: 1;
  13251: 1;
  13252: 1;
  13253: 1;
  13254: 1;
  13255: 1;
  13256: 1;
  13257: 1;
  13258: 1;
  13259: 1;
  13260: 1;
  13261: 1;
  13262: 1;
  13263: 1;
  13264: 1;
  13265: 1;
  13266: 1;
  13267: 1;
  13268: 0;
  13269: 0;
  13270: 0;
  13271: 0;
  13272: 0;
  13273: 0;
  13274: 1;
  13275: 1;
  13276: 1;
  13277: 1;
  13278: 1;
  13279: 1;
  13280: 1;
  13281: 1;
  13282: 1;
  13283: 1;
  13284: 1;
  13285: 1;
  13286: 1;
  13287: 1;
  13288: 1;
  13289: 1;
  13290: 1;
  13291: 1;
  13292: 1;
  13293: 1;
  13294: 1;
  13295: 1;
  13296: 1;
  13297: 1;
  13298: 1;
  13299: 1;
  13300: 1;
  13301: 1;
  13302: 0;
  13303: 0;
  13304: 0;
  13305: 0;
  13306: 0;
  13307: 0;
  13308: 0;
  13309: 1;
  13310: 1;
  13311: 1;
  13312: 1;
  13313: 1;
  13314: 1;
  13315: 0;
  13316: 0;
  13317: 0;
  13318: 0;
  13319: 0;
  13320: 0;
  13321: 0;
  13322: 1;
  13323: 1;
  13324: 1;
  13325: 1;
  13326: 1;
  13327: 1;
  13328: 1;
  13329: 1;
  13330: 1;
  13331: 1;
  13332: 1;
  13333: 1;
  13334: 1;
  13335: 1;
  13336: 0;
  13337: 0;
  13338: 0;
  13339: 0;
  13340: 0;
  13341: 0;
  13342: 1;
  13343: 1;
  13344: 1;
  13345: 1;
  13346: 1;
  13347: 1;
  13348: 1;
  13349: 1;
  13350: 1;
  13351: 1;
  13352: 1;
  13353: 1;
  13354: 0;
  13355: 0;
  13356: 0;
  13357: 0;
  13358: 0;
  13359: 0;
  13360: 1;
  13361: 1;
  13362: 1;
  13363: 1;
  13364: 1;
  13365: 1;
  13366: 1;
  13367: 1;
  13368: 1;
  13369: 1;
  13370: 1;
  13371: 1;
  13372: 1;
  13373: 1;
  13374: 1;
  13375: 1;
  13376: 1;
  13377: 1;
  13378: 0;
  13379: 0;
  13380: 0;
  13381: 0;
  13382: 0;
  13383: 0;
  13384: 1;
  13385: 1;
  13386: 1;
  13387: 1;
  13388: 1;
  13389: 1;
  13390: 1;
  13391: 1;
  13392: 1;
  13393: 1;
  13394: 1;
  13395: 1;
  13396: 1;
  13397: 1;
  13398: 1;
  13399: 1;
  13400: 0;
  13401: 0;
  13402: 0;
  13403: 0;
  13404: 0;
  13405: 0;
  13406: 0;
  13407: 1;
  13408: 1;
  13409: 1;
  13410: 1;
  13411: 1;
  13412: 1;
  13413: 1;
  13414: 1;
  13415: 1;
  13416: 1;
  13417: 1;
  13418: 1;
  13419: 1;
  13420: 1;
  13421: 1;
  13422: 1;
  13423: 1;
  13424: 1;
  13425: 1;
  13426: 1;
  13427: 1;
  13428: 1;
  13429: 0;
  13430: 0;
  13431: 0;
  13432: 0;
  13433: 0;
  13434: 0;
  13435: 0;
  13436: 1;
  13437: 1;
  13438: 1;
  13439: 1;
  13440: 1;
  13441: 1;
  13442: 1;
  13443: 0;
  13444: 0;
  13445: 0;
  13446: 0;
  13447: 0;
  13448: 0;
  13449: 0;
  13450: 1;
  13451: 1;
  13452: 1;
  13453: 1;
  13454: 1;
  13455: 1;
  13456: 1;
  13457: 1;
  13458: 1;
  13459: 1;
  13460: 1;
  13461: 1;
  13462: 0;
  13463: 0;
  13464: 0;
  13465: 0;
  13466: 0;
  13467: 0;
  13468: 0;
  13469: 1;
  13470: 1;
  13471: 1;
  13472: 1;
  13473: 1;
  13474: 1;
  13475: 1;
  13476: 1;
  13477: 1;
  13478: 1;
  13479: 1;
  13480: 1;
  13481: 1;
  13482: 1;
  13483: 1;
  13484: 1;
  13485: 1;
  13486: 0;
  13487: 0;
  13488: 0;
  13489: 0;
  13490: 0;
  13491: 0;
  13492: 1;
  13493: 1;
  13494: 1;
  13495: 1;
  13496: 1;
  13497: 1;
  13498: 1;
  13499: 1;
  13500: 1;
  13501: 1;
  13502: 1;
  13503: 1;
  13504: 1;
  13505: 1;
  13506: 1;
  13507: 1;
  13508: 1;
  13509: 0;
  13510: 0;
  13511: 0;
  13512: 0;
  13513: 0;
  13514: 0;
  13515: 0;
  13516: 1;
  13517: 1;
  13518: 1;
  13519: 1;
  13520: 1;
  13521: 1;
  13522: 1;
  13523: 1;
  13524: 1;
  13525: 1;
  13526: 1;
  13527: 1;
  13528: 1;
  13529: 1;
  13530: 1;
  13531: 1;
  13532: 1;
  13533: 1;
  13534: 1;
  13535: 1;
  13536: 1;
  13537: 1;
  13538: 1;
  13539: 1;
  13540: 1;
  13541: 1;
  13542: 1;
  13543: 1;
  13544: 1;
  13545: 1;
  13546: 1;
  13547: 1;
  13548: 1;
  13549: 1;
  13550: 1;
  13551: 1;
  13552: 1;
  13553: 1;
  13554: 1;
  13555: 1;
  13556: 1;
  13557: 1;
  13558: 0;
  13559: 0;
  13560: 0;
  13561: 0;
  13562: 0;
  13563: 0;
  13564: 0;
  13565: 1;
  13566: 1;
  13567: 1;
  13568: 1;
  13569: 1;
  13570: 1;
  13571: 1;
  13572: 1;
  13573: 1;
  13574: 1;
  13575: 1;
  13576: 1;
  13577: 1;
  13578: 1;
  13579: 1;
  13580: 1;
  13581: 1;
  13582: 1;
  13583: 1;
  13584: 1;
  13585: 1;
  13586: 1;
  13587: 1;
  13588: 0;
  13589: 0;
  13590: 0;
  13591: 0;
  13592: 0;
  13593: 0;
  13594: 1;
  13595: 1;
  13596: 1;
  13597: 1;
  13598: 1;
  13599: 1;
  13600: 1;
  13601: 1;
  13602: 1;
  13603: 1;
  13604: 1;
  13605: 1;
  13606: 1;
  13607: 1;
  13608: 1;
  13609: 1;
  13610: 1;
  13611: 1;
  13612: 1;
  13613: 1;
  13614: 1;
  13615: 1;
  13616: 1;
  13617: 1;
  13618: 1;
  13619: 1;
  13620: 1;
  13621: 1;
  13622: 0;
  13623: 0;
  13624: 0;
  13625: 0;
  13626: 0;
  13627: 0;
  13628: 0;
  13629: 1;
  13630: 1;
  13631: 1;
  13632: 1;
  13633: 1;
  13634: 1;
  13635: 1;
  13636: 0;
  13637: 0;
  13638: 0;
  13639: 0;
  13640: 0;
  13641: 0;
  13642: 1;
  13643: 1;
  13644: 1;
  13645: 1;
  13646: 1;
  13647: 1;
  13648: 1;
  13649: 1;
  13650: 1;
  13651: 1;
  13652: 1;
  13653: 1;
  13654: 1;
  13655: 1;
  13656: 0;
  13657: 0;
  13658: 0;
  13659: 0;
  13660: 0;
  13661: 0;
  13662: 1;
  13663: 1;
  13664: 1;
  13665: 1;
  13666: 1;
  13667: 1;
  13668: 1;
  13669: 1;
  13670: 1;
  13671: 1;
  13672: 1;
  13673: 1;
  13674: 0;
  13675: 0;
  13676: 0;
  13677: 0;
  13678: 0;
  13679: 0;
  13680: 1;
  13681: 1;
  13682: 1;
  13683: 1;
  13684: 1;
  13685: 1;
  13686: 1;
  13687: 1;
  13688: 1;
  13689: 1;
  13690: 1;
  13691: 1;
  13692: 1;
  13693: 1;
  13694: 1;
  13695: 1;
  13696: 1;
  13697: 1;
  13698: 0;
  13699: 0;
  13700: 0;
  13701: 0;
  13702: 0;
  13703: 0;
  13704: 0;
  13705: 1;
  13706: 1;
  13707: 1;
  13708: 1;
  13709: 1;
  13710: 1;
  13711: 1;
  13712: 1;
  13713: 1;
  13714: 1;
  13715: 1;
  13716: 1;
  13717: 1;
  13718: 1;
  13719: 1;
  13720: 0;
  13721: 0;
  13722: 0;
  13723: 0;
  13724: 0;
  13725: 0;
  13726: 1;
  13727: 1;
  13728: 1;
  13729: 1;
  13730: 1;
  13731: 1;
  13732: 1;
  13733: 1;
  13734: 1;
  13735: 1;
  13736: 1;
  13737: 1;
  13738: 1;
  13739: 1;
  13740: 1;
  13741: 1;
  13742: 1;
  13743: 1;
  13744: 1;
  13745: 1;
  13746: 1;
  13747: 1;
  13748: 1;
  13749: 0;
  13750: 0;
  13751: 0;
  13752: 0;
  13753: 0;
  13754: 0;
  13755: 1;
  13756: 1;
  13757: 1;
  13758: 1;
  13759: 1;
  13760: 1;
  13761: 1;
  13762: 1;
  13763: 1;
  13764: 0;
  13765: 0;
  13766: 0;
  13767: 0;
  13768: 0;
  13769: 0;
  13770: 1;
  13771: 1;
  13772: 1;
  13773: 1;
  13774: 1;
  13775: 1;
  13776: 1;
  13777: 1;
  13778: 1;
  13779: 1;
  13780: 1;
  13781: 1;
  13782: 0;
  13783: 0;
  13784: 0;
  13785: 0;
  13786: 0;
  13787: 0;
  13788: 1;
  13789: 1;
  13790: 1;
  13791: 1;
  13792: 1;
  13793: 1;
  13794: 1;
  13795: 1;
  13796: 1;
  13797: 1;
  13798: 1;
  13799: 1;
  13800: 1;
  13801: 1;
  13802: 1;
  13803: 1;
  13804: 1;
  13805: 1;
  13806: 0;
  13807: 0;
  13808: 0;
  13809: 0;
  13810: 0;
  13811: 0;
  13812: 1;
  13813: 1;
  13814: 1;
  13815: 1;
  13816: 1;
  13817: 1;
  13818: 1;
  13819: 1;
  13820: 1;
  13821: 1;
  13822: 1;
  13823: 1;
  13824: 1;
  13825: 1;
  13826: 1;
  13827: 1;
  13828: 0;
  13829: 0;
  13830: 0;
  13831: 0;
  13832: 0;
  13833: 0;
  13834: 0;
  13835: 1;
  13836: 1;
  13837: 1;
  13838: 1;
  13839: 1;
  13840: 1;
  13841: 1;
  13842: 1;
  13843: 1;
  13844: 1;
  13845: 1;
  13846: 1;
  13847: 1;
  13848: 1;
  13849: 1;
  13850: 1;
  13851: 1;
  13852: 1;
  13853: 1;
  13854: 1;
  13855: 1;
  13856: 1;
  13857: 1;
  13858: 0;
  13859: 0;
  13860: 0;
  13861: 1;
  13862: 1;
  13863: 1;
  13864: 1;
  13865: 1;
  13866: 1;
  13867: 1;
  13868: 1;
  13869: 1;
  13870: 1;
  13871: 1;
  13872: 1;
  13873: 1;
  13874: 1;
  13875: 1;
  13876: 1;
  13877: 0;
  13878: 0;
  13879: 0;
  13880: 0;
  13881: 0;
  13882: 0;
  13883: 0;
  13884: 1;
  13885: 1;
  13886: 1;
  13887: 1;
  13888: 1;
  13889: 1;
  13890: 1;
  13891: 1;
  13892: 1;
  13893: 1;
  13894: 1;
  13895: 1;
  13896: 1;
  13897: 1;
  13898: 1;
  13899: 1;
  13900: 1;
  13901: 1;
  13902: 1;
  13903: 1;
  13904: 1;
  13905: 1;
  13906: 1;
  13907: 1;
  13908: 0;
  13909: 0;
  13910: 0;
  13911: 0;
  13912: 0;
  13913: 0;
  13914: 1;
  13915: 1;
  13916: 1;
  13917: 1;
  13918: 1;
  13919: 1;
  13920: 1;
  13921: 1;
  13922: 1;
  13923: 1;
  13924: 1;
  13925: 1;
  13926: 1;
  13927: 1;
  13928: 1;
  13929: 1;
  13930: 1;
  13931: 1;
  13932: 1;
  13933: 1;
  13934: 1;
  13935: 1;
  13936: 1;
  13937: 1;
  13938: 1;
  13939: 1;
  13940: 1;
  13941: 0;
  13942: 0;
  13943: 0;
  13944: 0;
  13945: 0;
  13946: 0;
  13947: 0;
  13948: 1;
  13949: 1;
  13950: 1;
  13951: 1;
  13952: 1;
  13953: 1;
  13954: 1;
  13955: 1;
  13956: 0;
  13957: 0;
  13958: 0;
  13959: 0;
  13960: 0;
  13961: 0;
  13962: 0;
  13963: 1;
  13964: 1;
  13965: 1;
  13966: 1;
  13967: 1;
  13968: 1;
  13969: 1;
  13970: 1;
  13971: 1;
  13972: 1;
  13973: 1;
  13974: 1;
  13975: 0;
  13976: 0;
  13977: 0;
  13978: 0;
  13979: 0;
  13980: 0;
  13981: 0;
  13982: 1;
  13983: 1;
  13984: 1;
  13985: 1;
  13986: 1;
  13987: 1;
  13988: 1;
  13989: 1;
  13990: 1;
  13991: 1;
  13992: 1;
  13993: 0;
  13994: 0;
  13995: 0;
  13996: 0;
  13997: 0;
  13998: 0;
  13999: 0;
  14000: 1;
  14001: 1;
  14002: 1;
  14003: 1;
  14004: 1;
  14005: 1;
  14006: 1;
  14007: 1;
  14008: 1;
  14009: 1;
  14010: 1;
  14011: 1;
  14012: 1;
  14013: 1;
  14014: 1;
  14015: 1;
  14016: 1;
  14017: 1;
  14018: 0;
  14019: 0;
  14020: 0;
  14021: 0;
  14022: 0;
  14023: 0;
  14024: 0;
  14025: 1;
  14026: 1;
  14027: 1;
  14028: 1;
  14029: 1;
  14030: 1;
  14031: 1;
  14032: 1;
  14033: 1;
  14034: 1;
  14035: 1;
  14036: 1;
  14037: 1;
  14038: 1;
  14039: 0;
  14040: 0;
  14041: 0;
  14042: 0;
  14043: 0;
  14044: 0;
  14045: 0;
  14046: 1;
  14047: 1;
  14048: 1;
  14049: 1;
  14050: 1;
  14051: 1;
  14052: 1;
  14053: 1;
  14054: 1;
  14055: 1;
  14056: 1;
  14057: 1;
  14058: 1;
  14059: 1;
  14060: 1;
  14061: 1;
  14062: 1;
  14063: 1;
  14064: 1;
  14065: 1;
  14066: 1;
  14067: 1;
  14068: 0;
  14069: 0;
  14070: 0;
  14071: 0;
  14072: 0;
  14073: 0;
  14074: 0;
  14075: 1;
  14076: 1;
  14077: 1;
  14078: 1;
  14079: 1;
  14080: 1;
  14081: 1;
  14082: 1;
  14083: 1;
  14084: 0;
  14085: 0;
  14086: 0;
  14087: 0;
  14088: 0;
  14089: 0;
  14090: 0;
  14091: 1;
  14092: 1;
  14093: 1;
  14094: 1;
  14095: 1;
  14096: 1;
  14097: 1;
  14098: 1;
  14099: 1;
  14100: 1;
  14101: 0;
  14102: 0;
  14103: 0;
  14104: 0;
  14105: 0;
  14106: 0;
  14107: 0;
  14108: 1;
  14109: 1;
  14110: 1;
  14111: 1;
  14112: 1;
  14113: 1;
  14114: 1;
  14115: 1;
  14116: 1;
  14117: 1;
  14118: 1;
  14119: 1;
  14120: 1;
  14121: 1;
  14122: 1;
  14123: 1;
  14124: 1;
  14125: 1;
  14126: 0;
  14127: 0;
  14128: 0;
  14129: 0;
  14130: 0;
  14131: 0;
  14132: 1;
  14133: 1;
  14134: 1;
  14135: 1;
  14136: 1;
  14137: 1;
  14138: 1;
  14139: 1;
  14140: 1;
  14141: 1;
  14142: 1;
  14143: 1;
  14144: 1;
  14145: 1;
  14146: 1;
  14147: 0;
  14148: 0;
  14149: 0;
  14150: 0;
  14151: 0;
  14152: 0;
  14153: 0;
  14154: 1;
  14155: 1;
  14156: 1;
  14157: 1;
  14158: 1;
  14159: 1;
  14160: 1;
  14161: 1;
  14162: 1;
  14163: 1;
  14164: 1;
  14165: 1;
  14166: 1;
  14167: 1;
  14168: 1;
  14169: 1;
  14170: 1;
  14171: 1;
  14172: 1;
  14173: 1;
  14174: 1;
  14175: 1;
  14176: 1;
  14177: 1;
  14178: 0;
  14179: 0;
  14180: 0;
  14181: 0;
  14182: 1;
  14183: 1;
  14184: 1;
  14185: 1;
  14186: 1;
  14187: 1;
  14188: 1;
  14189: 1;
  14190: 1;
  14191: 1;
  14192: 1;
  14193: 1;
  14194: 1;
  14195: 1;
  14196: 0;
  14197: 0;
  14198: 0;
  14199: 0;
  14200: 0;
  14201: 0;
  14202: 0;
  14203: 0;
  14204: 1;
  14205: 1;
  14206: 1;
  14207: 1;
  14208: 1;
  14209: 1;
  14210: 1;
  14211: 1;
  14212: 1;
  14213: 1;
  14214: 1;
  14215: 1;
  14216: 1;
  14217: 1;
  14218: 1;
  14219: 1;
  14220: 1;
  14221: 1;
  14222: 1;
  14223: 1;
  14224: 1;
  14225: 1;
  14226: 1;
  14227: 1;
  14228: 0;
  14229: 0;
  14230: 0;
  14231: 0;
  14232: 0;
  14233: 0;
  14234: 1;
  14235: 1;
  14236: 1;
  14237: 1;
  14238: 1;
  14239: 1;
  14240: 1;
  14241: 1;
  14242: 1;
  14243: 0;
  14244: 0;
  14245: 0;
  14246: 1;
  14247: 1;
  14248: 1;
  14249: 1;
  14250: 1;
  14251: 1;
  14252: 1;
  14253: 1;
  14254: 1;
  14255: 1;
  14256: 1;
  14257: 1;
  14258: 1;
  14259: 1;
  14260: 0;
  14261: 0;
  14262: 0;
  14263: 0;
  14264: 0;
  14265: 0;
  14266: 0;
  14267: 0;
  14268: 1;
  14269: 1;
  14270: 1;
  14271: 1;
  14272: 1;
  14273: 1;
  14274: 1;
  14275: 1;
  14276: 1;
  14277: 0;
  14278: 0;
  14279: 0;
  14280: 0;
  14281: 0;
  14282: 0;
  14283: 0;
  14284: 1;
  14285: 1;
  14286: 1;
  14287: 1;
  14288: 1;
  14289: 1;
  14290: 1;
  14291: 1;
  14292: 1;
  14293: 1;
  14294: 0;
  14295: 0;
  14296: 0;
  14297: 0;
  14298: 0;
  14299: 0;
  14300: 0;
  14301: 1;
  14302: 1;
  14303: 1;
  14304: 1;
  14305: 1;
  14306: 1;
  14307: 1;
  14308: 1;
  14309: 1;
  14310: 1;
  14311: 1;
  14312: 1;
  14313: 0;
  14314: 0;
  14315: 0;
  14316: 0;
  14317: 0;
  14318: 0;
  14319: 1;
  14320: 1;
  14321: 1;
  14322: 1;
  14323: 1;
  14324: 1;
  14325: 1;
  14326: 1;
  14327: 1;
  14328: 1;
  14329: 1;
  14330: 1;
  14331: 1;
  14332: 1;
  14333: 1;
  14334: 1;
  14335: 1;
  14336: 1;
  14337: 1;
  14338: 1;
  14339: 0;
  14340: 0;
  14341: 0;
  14342: 0;
  14343: 0;
  14344: 0;
  14345: 0;
  14346: 1;
  14347: 1;
  14348: 1;
  14349: 1;
  14350: 1;
  14351: 1;
  14352: 1;
  14353: 1;
  14354: 1;
  14355: 1;
  14356: 1;
  14357: 1;
  14358: 0;
  14359: 0;
  14360: 0;
  14361: 0;
  14362: 0;
  14363: 0;
  14364: 0;
  14365: 1;
  14366: 1;
  14367: 1;
  14368: 1;
  14369: 1;
  14370: 1;
  14371: 1;
  14372: 1;
  14373: 1;
  14374: 1;
  14375: 1;
  14376: 1;
  14377: 1;
  14378: 1;
  14379: 1;
  14380: 1;
  14381: 1;
  14382: 1;
  14383: 1;
  14384: 1;
  14385: 1;
  14386: 1;
  14387: 0;
  14388: 0;
  14389: 0;
  14390: 0;
  14391: 0;
  14392: 0;
  14393: 0;
  14394: 1;
  14395: 1;
  14396: 1;
  14397: 1;
  14398: 1;
  14399: 1;
  14400: 1;
  14401: 1;
  14402: 1;
  14403: 1;
  14404: 1;
  14405: 0;
  14406: 0;
  14407: 0;
  14408: 0;
  14409: 0;
  14410: 0;
  14411: 0;
  14412: 1;
  14413: 1;
  14414: 1;
  14415: 1;
  14416: 1;
  14417: 1;
  14418: 1;
  14419: 1;
  14420: 0;
  14421: 0;
  14422: 0;
  14423: 0;
  14424: 0;
  14425: 0;
  14426: 0;
  14427: 1;
  14428: 1;
  14429: 1;
  14430: 1;
  14431: 1;
  14432: 1;
  14433: 1;
  14434: 1;
  14435: 1;
  14436: 1;
  14437: 1;
  14438: 1;
  14439: 1;
  14440: 1;
  14441: 1;
  14442: 1;
  14443: 1;
  14444: 1;
  14445: 1;
  14446: 0;
  14447: 0;
  14448: 0;
  14449: 0;
  14450: 0;
  14451: 0;
  14452: 1;
  14453: 1;
  14454: 1;
  14455: 1;
  14456: 1;
  14457: 1;
  14458: 1;
  14459: 1;
  14460: 1;
  14461: 1;
  14462: 1;
  14463: 1;
  14464: 1;
  14465: 1;
  14466: 0;
  14467: 0;
  14468: 0;
  14469: 0;
  14470: 0;
  14471: 0;
  14472: 0;
  14473: 1;
  14474: 1;
  14475: 1;
  14476: 1;
  14477: 1;
  14478: 1;
  14479: 1;
  14480: 1;
  14481: 1;
  14482: 1;
  14483: 1;
  14484: 1;
  14485: 1;
  14486: 1;
  14487: 1;
  14488: 1;
  14489: 1;
  14490: 1;
  14491: 1;
  14492: 1;
  14493: 1;
  14494: 1;
  14495: 1;
  14496: 1;
  14497: 1;
  14498: 0;
  14499: 0;
  14500: 0;
  14501: 0;
  14502: 0;
  14503: 0;
  14504: 1;
  14505: 1;
  14506: 1;
  14507: 1;
  14508: 1;
  14509: 1;
  14510: 1;
  14511: 1;
  14512: 1;
  14513: 1;
  14514: 1;
  14515: 0;
  14516: 0;
  14517: 0;
  14518: 0;
  14519: 0;
  14520: 0;
  14521: 0;
  14522: 0;
  14523: 1;
  14524: 1;
  14525: 1;
  14526: 1;
  14527: 1;
  14528: 1;
  14529: 1;
  14530: 1;
  14531: 1;
  14532: 1;
  14533: 1;
  14534: 1;
  14535: 1;
  14536: 1;
  14537: 1;
  14538: 1;
  14539: 1;
  14540: 1;
  14541: 1;
  14542: 1;
  14543: 1;
  14544: 1;
  14545: 1;
  14546: 1;
  14547: 1;
  14548: 0;
  14549: 0;
  14550: 0;
  14551: 0;
  14552: 0;
  14553: 0;
  14554: 1;
  14555: 1;
  14556: 1;
  14557: 1;
  14558: 1;
  14559: 1;
  14560: 1;
  14561: 1;
  14562: 1;
  14563: 0;
  14564: 0;
  14565: 0;
  14566: 0;
  14567: 0;
  14568: 1;
  14569: 1;
  14570: 1;
  14571: 1;
  14572: 1;
  14573: 1;
  14574: 1;
  14575: 1;
  14576: 1;
  14577: 1;
  14578: 1;
  14579: 0;
  14580: 0;
  14581: 0;
  14582: 0;
  14583: 0;
  14584: 0;
  14585: 0;
  14586: 0;
  14587: 1;
  14588: 1;
  14589: 1;
  14590: 1;
  14591: 1;
  14592: 1;
  14593: 1;
  14594: 1;
  14595: 1;
  14596: 1;
  14597: 0;
  14598: 0;
  14599: 0;
  14600: 0;
  14601: 0;
  14602: 0;
  14603: 0;
  14604: 0;
  14605: 1;
  14606: 1;
  14607: 1;
  14608: 1;
  14609: 1;
  14610: 1;
  14611: 1;
  14612: 1;
  14613: 0;
  14614: 0;
  14615: 0;
  14616: 0;
  14617: 0;
  14618: 0;
  14619: 0;
  14620: 1;
  14621: 1;
  14622: 1;
  14623: 1;
  14624: 1;
  14625: 1;
  14626: 1;
  14627: 1;
  14628: 1;
  14629: 1;
  14630: 1;
  14631: 1;
  14632: 0;
  14633: 0;
  14634: 0;
  14635: 0;
  14636: 0;
  14637: 0;
  14638: 0;
  14639: 1;
  14640: 1;
  14641: 1;
  14642: 1;
  14643: 1;
  14644: 1;
  14645: 1;
  14646: 1;
  14647: 1;
  14648: 1;
  14649: 1;
  14650: 1;
  14651: 1;
  14652: 1;
  14653: 1;
  14654: 1;
  14655: 1;
  14656: 1;
  14657: 1;
  14658: 1;
  14659: 0;
  14660: 0;
  14661: 0;
  14662: 0;
  14663: 0;
  14664: 0;
  14665: 0;
  14666: 0;
  14667: 1;
  14668: 1;
  14669: 1;
  14670: 1;
  14671: 1;
  14672: 1;
  14673: 1;
  14674: 1;
  14675: 1;
  14676: 1;
  14677: 0;
  14678: 0;
  14679: 0;
  14680: 0;
  14681: 0;
  14682: 0;
  14683: 0;
  14684: 0;
  14685: 1;
  14686: 1;
  14687: 1;
  14688: 1;
  14689: 1;
  14690: 1;
  14691: 1;
  14692: 0;
  14693: 0;
  14694: 0;
  14695: 1;
  14696: 1;
  14697: 1;
  14698: 1;
  14699: 1;
  14700: 1;
  14701: 1;
  14702: 1;
  14703: 1;
  14704: 1;
  14705: 0;
  14706: 0;
  14707: 0;
  14708: 0;
  14709: 0;
  14710: 0;
  14711: 0;
  14712: 0;
  14713: 1;
  14714: 1;
  14715: 1;
  14716: 1;
  14717: 1;
  14718: 1;
  14719: 1;
  14720: 1;
  14721: 1;
  14722: 1;
  14723: 1;
  14724: 1;
  14725: 0;
  14726: 0;
  14727: 0;
  14728: 0;
  14729: 0;
  14730: 0;
  14731: 0;
  14732: 0;
  14733: 0;
  14734: 1;
  14735: 1;
  14736: 1;
  14737: 1;
  14738: 0;
  14739: 0;
  14740: 0;
  14741: 0;
  14742: 0;
  14743: 0;
  14744: 0;
  14745: 0;
  14746: 1;
  14747: 1;
  14748: 1;
  14749: 1;
  14750: 1;
  14751: 1;
  14752: 1;
  14753: 1;
  14754: 1;
  14755: 1;
  14756: 0;
  14757: 0;
  14758: 0;
  14759: 0;
  14760: 0;
  14761: 0;
  14762: 0;
  14763: 0;
  14764: 0;
  14765: 0;
  14766: 0;
  14767: 0;
  14768: 0;
  14769: 0;
  14770: 0;
  14771: 0;
  14772: 0;
  14773: 0;
  14774: 0;
  14775: 0;
  14776: 0;
  14777: 0;
  14778: 0;
  14779: 0;
  14780: 0;
  14781: 0;
  14782: 1;
  14783: 1;
  14784: 1;
  14785: 0;
  14786: 0;
  14787: 0;
  14788: 0;
  14789: 0;
  14790: 0;
  14791: 0;
  14792: 0;
  14793: 0;
  14794: 0;
  14795: 0;
  14796: 0;
  14797: 0;
  14798: 0;
  14799: 0;
  14800: 0;
  14801: 0;
  14802: 0;
  14803: 0;
  14804: 0;
  14805: 0;
  14806: 0;
  14807: 0;
  14808: 0;
  14809: 0;
  14810: 0;
  14811: 0;
  14812: 0;
  14813: 0;
  14814: 1;
  14815: 1;
  14816: 1;
  14817: 1;
  14818: 0;
  14819: 0;
  14820: 0;
  14821: 0;
  14822: 0;
  14823: 0;
  14824: 0;
  14825: 0;
  14826: 1;
  14827: 1;
  14828: 1;
  14829: 1;
  14830: 1;
  14831: 1;
  14832: 0;
  14833: 0;
  14834: 0;
  14835: 0;
  14836: 0;
  14837: 0;
  14838: 0;
  14839: 0;
  14840: 0;
  14841: 0;
  14842: 1;
  14843: 1;
  14844: 1;
  14845: 1;
  14846: 1;
  14847: 1;
  14848: 1;
  14849: 1;
  14850: 1;
  14851: 1;
  14852: 1;
  14853: 1;
  14854: 1;
  14855: 1;
  14856: 1;
  14857: 1;
  14858: 1;
  14859: 1;
  14860: 1;
  14861: 1;
  14862: 1;
  14863: 1;
  14864: 1;
  14865: 1;
  14866: 1;
  14867: 1;
  14868: 0;
  14869: 0;
  14870: 0;
  14871: 0;
  14872: 0;
  14873: 0;
  14874: 1;
  14875: 1;
  14876: 1;
  14877: 1;
  14878: 1;
  14879: 1;
  14880: 1;
  14881: 1;
  14882: 1;
  14883: 0;
  14884: 0;
  14885: 0;
  14886: 0;
  14887: 0;
  14888: 0;
  14889: 0;
  14890: 1;
  14891: 1;
  14892: 1;
  14893: 1;
  14894: 1;
  14895: 1;
  14896: 0;
  14897: 0;
  14898: 0;
  14899: 0;
  14900: 0;
  14901: 0;
  14902: 0;
  14903: 0;
  14904: 0;
  14905: 0;
  14906: 1;
  14907: 1;
  14908: 1;
  14909: 1;
  14910: 1;
  14911: 1;
  14912: 1;
  14913: 1;
  14914: 1;
  14915: 1;
  14916: 1;
  14917: 1;
  14918: 0;
  14919: 0;
  14920: 0;
  14921: 0;
  14922: 0;
  14923: 0;
  14924: 0;
  14925: 0;
  14926: 0;
  14927: 1;
  14928: 1;
  14929: 1;
  14930: 1;
  14931: 0;
  14932: 0;
  14933: 0;
  14934: 0;
  14935: 0;
  14936: 0;
  14937: 0;
  14938: 0;
  14939: 0;
  14940: 1;
  14941: 1;
  14942: 1;
  14943: 1;
  14944: 1;
  14945: 1;
  14946: 1;
  14947: 1;
  14948: 1;
  14949: 1;
  14950: 1;
  14951: 1;
  14952: 0;
  14953: 0;
  14954: 0;
  14955: 0;
  14956: 0;
  14957: 0;
  14958: 1;
  14959: 1;
  14960: 1;
  14961: 1;
  14962: 1;
  14963: 1;
  14964: 1;
  14965: 1;
  14966: 1;
  14967: 1;
  14968: 1;
  14969: 1;
  14970: 1;
  14971: 1;
  14972: 1;
  14973: 1;
  14974: 1;
  14975: 1;
  14976: 1;
  14977: 1;
  14978: 1;
  14979: 1;
  14980: 0;
  14981: 0;
  14982: 0;
  14983: 0;
  14984: 0;
  14985: 0;
  14986: 0;
  14987: 0;
  14988: 0;
  14989: 1;
  14990: 1;
  14991: 1;
  14992: 1;
  14993: 1;
  14994: 1;
  14995: 0;
  14996: 0;
  14997: 0;
  14998: 0;
  14999: 0;
  15000: 0;
  15001: 0;
  15002: 0;
  15003: 0;
  15004: 1;
  15005: 1;
  15006: 1;
  15007: 1;
  15008: 1;
  15009: 1;
  15010: 1;
  15011: 1;
  15012: 0;
  15013: 0;
  15014: 0;
  15015: 0;
  15016: 0;
  15017: 1;
  15018: 1;
  15019: 1;
  15020: 1;
  15021: 1;
  15022: 1;
  15023: 0;
  15024: 0;
  15025: 0;
  15026: 0;
  15027: 0;
  15028: 0;
  15029: 0;
  15030: 0;
  15031: 0;
  15032: 1;
  15033: 1;
  15034: 1;
  15035: 1;
  15036: 1;
  15037: 1;
  15038: 1;
  15039: 1;
  15040: 1;
  15041: 1;
  15042: 1;
  15043: 1;
  15044: 1;
  15045: 1;
  15046: 0;
  15047: 0;
  15048: 0;
  15049: 0;
  15050: 0;
  15051: 0;
  15052: 0;
  15053: 0;
  15054: 0;
  15055: 0;
  15056: 0;
  15057: 0;
  15058: 0;
  15059: 0;
  15060: 0;
  15061: 0;
  15062: 0;
  15063: 0;
  15064: 0;
  15065: 1;
  15066: 1;
  15067: 1;
  15068: 1;
  15069: 1;
  15070: 1;
  15071: 1;
  15072: 1;
  15073: 1;
  15074: 1;
  15075: 1;
  15076: 0;
  15077: 0;
  15078: 0;
  15079: 0;
  15080: 0;
  15081: 0;
  15082: 0;
  15083: 0;
  15084: 0;
  15085: 0;
  15086: 0;
  15087: 0;
  15088: 0;
  15089: 0;
  15090: 0;
  15091: 0;
  15092: 0;
  15093: 0;
  15094: 0;
  15095: 0;
  15096: 0;
  15097: 0;
  15098: 0;
  15099: 0;
  15100: 0;
  15101: 0;
  15102: 1;
  15103: 1;
  15104: 1;
  15105: 0;
  15106: 0;
  15107: 0;
  15108: 0;
  15109: 0;
  15110: 0;
  15111: 0;
  15112: 0;
  15113: 0;
  15114: 0;
  15115: 0;
  15116: 0;
  15117: 0;
  15118: 0;
  15119: 0;
  15120: 0;
  15121: 0;
  15122: 0;
  15123: 0;
  15124: 0;
  15125: 0;
  15126: 0;
  15127: 0;
  15128: 0;
  15129: 0;
  15130: 0;
  15131: 0;
  15132: 0;
  15133: 0;
  15134: 1;
  15135: 1;
  15136: 1;
  15137: 1;
  15138: 1;
  15139: 0;
  15140: 0;
  15141: 0;
  15142: 0;
  15143: 0;
  15144: 0;
  15145: 0;
  15146: 0;
  15147: 0;
  15148: 0;
  15149: 0;
  15150: 0;
  15151: 0;
  15152: 0;
  15153: 0;
  15154: 0;
  15155: 0;
  15156: 0;
  15157: 0;
  15158: 0;
  15159: 0;
  15160: 0;
  15161: 1;
  15162: 1;
  15163: 1;
  15164: 1;
  15165: 1;
  15166: 1;
  15167: 1;
  15168: 1;
  15169: 1;
  15170: 1;
  15171: 1;
  15172: 1;
  15173: 1;
  15174: 1;
  15175: 1;
  15176: 1;
  15177: 1;
  15178: 1;
  15179: 1;
  15180: 1;
  15181: 1;
  15182: 1;
  15183: 1;
  15184: 1;
  15185: 1;
  15186: 1;
  15187: 1;
  15188: 0;
  15189: 0;
  15190: 0;
  15191: 0;
  15192: 0;
  15193: 0;
  15194: 1;
  15195: 1;
  15196: 1;
  15197: 1;
  15198: 1;
  15199: 1;
  15200: 1;
  15201: 1;
  15202: 1;
  15203: 0;
  15204: 0;
  15205: 0;
  15206: 0;
  15207: 0;
  15208: 0;
  15209: 0;
  15210: 0;
  15211: 0;
  15212: 0;
  15213: 0;
  15214: 0;
  15215: 0;
  15216: 0;
  15217: 0;
  15218: 0;
  15219: 0;
  15220: 0;
  15221: 0;
  15222: 0;
  15223: 0;
  15224: 0;
  15225: 1;
  15226: 1;
  15227: 1;
  15228: 1;
  15229: 1;
  15230: 1;
  15231: 1;
  15232: 1;
  15233: 1;
  15234: 1;
  15235: 1;
  15236: 1;
  15237: 1;
  15238: 1;
  15239: 0;
  15240: 0;
  15241: 0;
  15242: 0;
  15243: 0;
  15244: 0;
  15245: 0;
  15246: 0;
  15247: 0;
  15248: 0;
  15249: 0;
  15250: 0;
  15251: 0;
  15252: 0;
  15253: 0;
  15254: 0;
  15255: 0;
  15256: 0;
  15257: 0;
  15258: 0;
  15259: 1;
  15260: 1;
  15261: 1;
  15262: 1;
  15263: 1;
  15264: 1;
  15265: 1;
  15266: 1;
  15267: 1;
  15268: 1;
  15269: 1;
  15270: 1;
  15271: 1;
  15272: 0;
  15273: 0;
  15274: 0;
  15275: 0;
  15276: 0;
  15277: 0;
  15278: 1;
  15279: 1;
  15280: 1;
  15281: 1;
  15282: 1;
  15283: 1;
  15284: 1;
  15285: 1;
  15286: 1;
  15287: 1;
  15288: 1;
  15289: 1;
  15290: 1;
  15291: 1;
  15292: 1;
  15293: 1;
  15294: 1;
  15295: 1;
  15296: 1;
  15297: 1;
  15298: 1;
  15299: 1;
  15300: 1;
  15301: 0;
  15302: 0;
  15303: 0;
  15304: 0;
  15305: 0;
  15306: 0;
  15307: 0;
  15308: 0;
  15309: 0;
  15310: 0;
  15311: 0;
  15312: 0;
  15313: 0;
  15314: 0;
  15315: 0;
  15316: 0;
  15317: 0;
  15318: 0;
  15319: 0;
  15320: 0;
  15321: 0;
  15322: 0;
  15323: 1;
  15324: 1;
  15325: 1;
  15326: 1;
  15327: 1;
  15328: 1;
  15329: 1;
  15330: 1;
  15331: 1;
  15332: 0;
  15333: 0;
  15334: 0;
  15335: 0;
  15336: 0;
  15337: 0;
  15338: 0;
  15339: 0;
  15340: 0;
  15341: 0;
  15342: 0;
  15343: 0;
  15344: 0;
  15345: 0;
  15346: 0;
  15347: 0;
  15348: 0;
  15349: 0;
  15350: 0;
  15351: 1;
  15352: 1;
  15353: 1;
  15354: 1;
  15355: 1;
  15356: 1;
  15357: 1;
  15358: 1;
  15359: 1;
  15360: 1;
  15361: 1;
  15362: 1;
  15363: 1;
  15364: 1;
  15365: 1;
  15366: 1;
  15367: 0;
  15368: 0;
  15369: 0;
  15370: 0;
  15371: 0;
  15372: 0;
  15373: 0;
  15374: 0;
  15375: 0;
  15376: 0;
  15377: 0;
  15378: 0;
  15379: 0;
  15380: 0;
  15381: 0;
  15382: 0;
  15383: 0;
  15384: 1;
  15385: 1;
  15386: 1;
  15387: 1;
  15388: 1;
  15389: 1;
  15390: 1;
  15391: 1;
  15392: 1;
  15393: 1;
  15394: 1;
  15395: 1;
  15396: 0;
  15397: 0;
  15398: 0;
  15399: 0;
  15400: 0;
  15401: 0;
  15402: 0;
  15403: 0;
  15404: 0;
  15405: 0;
  15406: 0;
  15407: 0;
  15408: 0;
  15409: 0;
  15410: 0;
  15411: 0;
  15412: 0;
  15413: 0;
  15414: 0;
  15415: 0;
  15416: 0;
  15417: 0;
  15418: 0;
  15419: 0;
  15420: 0;
  15421: 0;
  15422: 1;
  15423: 1;
  15424: 1;
  15425: 0;
  15426: 0;
  15427: 0;
  15428: 0;
  15429: 0;
  15430: 0;
  15431: 0;
  15432: 0;
  15433: 0;
  15434: 0;
  15435: 0;
  15436: 0;
  15437: 0;
  15438: 0;
  15439: 0;
  15440: 0;
  15441: 0;
  15442: 0;
  15443: 0;
  15444: 0;
  15445: 0;
  15446: 0;
  15447: 0;
  15448: 0;
  15449: 0;
  15450: 0;
  15451: 0;
  15452: 0;
  15453: 0;
  15454: 1;
  15455: 1;
  15456: 1;
  15457: 1;
  15458: 1;
  15459: 1;
  15460: 0;
  15461: 0;
  15462: 0;
  15463: 0;
  15464: 0;
  15465: 0;
  15466: 0;
  15467: 0;
  15468: 0;
  15469: 0;
  15470: 0;
  15471: 0;
  15472: 0;
  15473: 0;
  15474: 0;
  15475: 0;
  15476: 0;
  15477: 0;
  15478: 0;
  15479: 1;
  15480: 1;
  15481: 1;
  15482: 1;
  15483: 1;
  15484: 1;
  15485: 1;
  15486: 1;
  15487: 1;
  15488: 1;
  15489: 1;
  15490: 1;
  15491: 1;
  15492: 1;
  15493: 1;
  15494: 1;
  15495: 1;
  15496: 1;
  15497: 1;
  15498: 1;
  15499: 1;
  15500: 1;
  15501: 1;
  15502: 1;
  15503: 1;
  15504: 1;
  15505: 1;
  15506: 1;
  15507: 1;
  15508: 0;
  15509: 0;
  15510: 0;
  15511: 0;
  15512: 0;
  15513: 0;
  15514: 1;
  15515: 1;
  15516: 1;
  15517: 1;
  15518: 1;
  15519: 1;
  15520: 1;
  15521: 1;
  15522: 1;
  15523: 1;
  15524: 0;
  15525: 0;
  15526: 0;
  15527: 0;
  15528: 0;
  15529: 0;
  15530: 0;
  15531: 0;
  15532: 0;
  15533: 0;
  15534: 0;
  15535: 0;
  15536: 0;
  15537: 0;
  15538: 0;
  15539: 0;
  15540: 0;
  15541: 0;
  15542: 0;
  15543: 0;
  15544: 1;
  15545: 1;
  15546: 1;
  15547: 1;
  15548: 1;
  15549: 1;
  15550: 1;
  15551: 1;
  15552: 1;
  15553: 1;
  15554: 1;
  15555: 1;
  15556: 1;
  15557: 1;
  15558: 1;
  15559: 1;
  15560: 0;
  15561: 0;
  15562: 0;
  15563: 0;
  15564: 0;
  15565: 0;
  15566: 0;
  15567: 0;
  15568: 0;
  15569: 0;
  15570: 0;
  15571: 0;
  15572: 0;
  15573: 0;
  15574: 0;
  15575: 0;
  15576: 0;
  15577: 1;
  15578: 1;
  15579: 1;
  15580: 1;
  15581: 1;
  15582: 1;
  15583: 1;
  15584: 1;
  15585: 1;
  15586: 1;
  15587: 1;
  15588: 1;
  15589: 1;
  15590: 1;
  15591: 0;
  15592: 0;
  15593: 0;
  15594: 0;
  15595: 0;
  15596: 0;
  15597: 0;
  15598: 1;
  15599: 1;
  15600: 1;
  15601: 1;
  15602: 1;
  15603: 1;
  15604: 1;
  15605: 1;
  15606: 1;
  15607: 1;
  15608: 1;
  15609: 1;
  15610: 1;
  15611: 1;
  15612: 1;
  15613: 1;
  15614: 1;
  15615: 1;
  15616: 1;
  15617: 1;
  15618: 1;
  15619: 1;
  15620: 1;
  15621: 1;
  15622: 0;
  15623: 0;
  15624: 0;
  15625: 0;
  15626: 0;
  15627: 0;
  15628: 0;
  15629: 0;
  15630: 0;
  15631: 0;
  15632: 0;
  15633: 0;
  15634: 0;
  15635: 0;
  15636: 0;
  15637: 0;
  15638: 0;
  15639: 0;
  15640: 0;
  15641: 0;
  15642: 1;
  15643: 1;
  15644: 1;
  15645: 1;
  15646: 1;
  15647: 1;
  15648: 1;
  15649: 1;
  15650: 1;
  15651: 1;
  15652: 0;
  15653: 0;
  15654: 0;
  15655: 0;
  15656: 0;
  15657: 0;
  15658: 0;
  15659: 0;
  15660: 0;
  15661: 0;
  15662: 0;
  15663: 0;
  15664: 0;
  15665: 0;
  15666: 0;
  15667: 0;
  15668: 0;
  15669: 0;
  15670: 1;
  15671: 1;
  15672: 1;
  15673: 1;
  15674: 1;
  15675: 1;
  15676: 1;
  15677: 1;
  15678: 1;
  15679: 1;
  15680: 1;
  15681: 1;
  15682: 1;
  15683: 1;
  15684: 1;
  15685: 1;
  15686: 1;
  15687: 1;
  15688: 1;
  15689: 0;
  15690: 0;
  15691: 0;
  15692: 0;
  15693: 0;
  15694: 0;
  15695: 0;
  15696: 0;
  15697: 0;
  15698: 0;
  15699: 0;
  15700: 0;
  15701: 0;
  15702: 0;
  15703: 1;
  15704: 1;
  15705: 1;
  15706: 1;
  15707: 1;
  15708: 1;
  15709: 1;
  15710: 1;
  15711: 1;
  15712: 1;
  15713: 1;
  15714: 1;
  15715: 1;
  15716: 0;
  15717: 0;
  15718: 0;
  15719: 0;
  15720: 0;
  15721: 0;
  15722: 0;
  15723: 0;
  15724: 0;
  15725: 0;
  15726: 0;
  15727: 0;
  15728: 0;
  15729: 0;
  15730: 0;
  15731: 0;
  15732: 0;
  15733: 0;
  15734: 0;
  15735: 0;
  15736: 0;
  15737: 0;
  15738: 0;
  15739: 0;
  15740: 0;
  15741: 0;
  15742: 1;
  15743: 1;
  15744: 1;
  15745: 0;
  15746: 0;
  15747: 0;
  15748: 0;
  15749: 0;
  15750: 0;
  15751: 0;
  15752: 0;
  15753: 0;
  15754: 0;
  15755: 0;
  15756: 0;
  15757: 0;
  15758: 0;
  15759: 0;
  15760: 0;
  15761: 0;
  15762: 0;
  15763: 0;
  15764: 0;
  15765: 0;
  15766: 0;
  15767: 0;
  15768: 0;
  15769: 0;
  15770: 0;
  15771: 0;
  15772: 0;
  15773: 0;
  15774: 1;
  15775: 1;
  15776: 1;
  15777: 1;
  15778: 1;
  15779: 1;
  15780: 1;
  15781: 1;
  15782: 0;
  15783: 0;
  15784: 0;
  15785: 0;
  15786: 0;
  15787: 0;
  15788: 0;
  15789: 0;
  15790: 0;
  15791: 0;
  15792: 0;
  15793: 0;
  15794: 0;
  15795: 0;
  15796: 0;
  15797: 0;
  15798: 1;
  15799: 1;
  15800: 1;
  15801: 1;
  15802: 1;
  15803: 1;
  15804: 1;
  15805: 1;
  15806: 1;
  15807: 1;
  15808: 1;
  15809: 1;
  15810: 1;
  15811: 1;
  15812: 1;
  15813: 1;
  15814: 1;
  15815: 1;
  15816: 1;
  15817: 1;
  15818: 1;
  15819: 1;
  15820: 1;
  15821: 1;
  15822: 1;
  15823: 1;
  15824: 1;
  15825: 1;
  15826: 1;
  15827: 1;
  15828: 0;
  15829: 0;
  15830: 0;
  15831: 0;
  15832: 0;
  15833: 0;
  15834: 1;
  15835: 1;
  15836: 1;
  15837: 1;
  15838: 1;
  15839: 1;
  15840: 1;
  15841: 1;
  15842: 1;
  15843: 1;
  15844: 1;
  15845: 1;
  15846: 0;
  15847: 0;
  15848: 0;
  15849: 0;
  15850: 0;
  15851: 0;
  15852: 0;
  15853: 0;
  15854: 0;
  15855: 0;
  15856: 0;
  15857: 0;
  15858: 0;
  15859: 0;
  15860: 0;
  15861: 0;
  15862: 1;
  15863: 1;
  15864: 1;
  15865: 1;
  15866: 1;
  15867: 1;
  15868: 1;
  15869: 1;
  15870: 1;
  15871: 1;
  15872: 1;
  15873: 1;
  15874: 1;
  15875: 1;
  15876: 1;
  15877: 1;
  15878: 1;
  15879: 1;
  15880: 1;
  15881: 1;
  15882: 0;
  15883: 0;
  15884: 0;
  15885: 0;
  15886: 0;
  15887: 0;
  15888: 0;
  15889: 0;
  15890: 0;
  15891: 0;
  15892: 0;
  15893: 0;
  15894: 0;
  15895: 0;
  15896: 1;
  15897: 1;
  15898: 1;
  15899: 1;
  15900: 1;
  15901: 1;
  15902: 1;
  15903: 1;
  15904: 1;
  15905: 1;
  15906: 1;
  15907: 1;
  15908: 1;
  15909: 1;
  15910: 1;
  15911: 0;
  15912: 0;
  15913: 0;
  15914: 0;
  15915: 0;
  15916: 0;
  15917: 1;
  15918: 1;
  15919: 1;
  15920: 1;
  15921: 1;
  15922: 1;
  15923: 1;
  15924: 1;
  15925: 1;
  15926: 1;
  15927: 1;
  15928: 1;
  15929: 1;
  15930: 1;
  15931: 1;
  15932: 1;
  15933: 1;
  15934: 1;
  15935: 1;
  15936: 1;
  15937: 1;
  15938: 1;
  15939: 1;
  15940: 1;
  15941: 1;
  15942: 1;
  15943: 1;
  15944: 0;
  15945: 0;
  15946: 0;
  15947: 0;
  15948: 0;
  15949: 0;
  15950: 0;
  15951: 0;
  15952: 0;
  15953: 0;
  15954: 0;
  15955: 0;
  15956: 0;
  15957: 0;
  15958: 0;
  15959: 0;
  15960: 1;
  15961: 1;
  15962: 1;
  15963: 1;
  15964: 1;
  15965: 1;
  15966: 1;
  15967: 1;
  15968: 1;
  15969: 1;
  15970: 1;
  15971: 1;
  15972: 1;
  15973: 0;
  15974: 0;
  15975: 0;
  15976: 0;
  15977: 0;
  15978: 0;
  15979: 0;
  15980: 0;
  15981: 0;
  15982: 0;
  15983: 0;
  15984: 0;
  15985: 0;
  15986: 0;
  15987: 0;
  15988: 1;
  15989: 1;
  15990: 1;
  15991: 1;
  15992: 1;
  15993: 1;
  15994: 1;
  15995: 1;
  15996: 1;
  15997: 1;
  15998: 1;
  15999: 1;
  16000: 1;
  16001: 1;
  16002: 1;
  16003: 1;
  16004: 1;
  16005: 1;
  16006: 1;
  16007: 1;
  16008: 1;
  16009: 1;
  16010: 1;
  16011: 0;
  16012: 0;
  16013: 0;
  16014: 0;
  16015: 0;
  16016: 0;
  16017: 0;
  16018: 0;
  16019: 0;
  16020: 1;
  16021: 1;
  16022: 1;
  16023: 1;
  16024: 1;
  16025: 1;
  16026: 1;
  16027: 1;
  16028: 1;
  16029: 1;
  16030: 1;
  16031: 1;
  16032: 1;
  16033: 1;
  16034: 1;
  16035: 1;
  16036: 1;
  16037: 1;
  16038: 1;
  16039: 1;
  16040: 1;
  16041: 1;
  16042: 1;
  16043: 1;
  16044: 1;
  16045: 1;
  16046: 1;
  16047: 1;
  16048: 1;
  16049: 1;
  16050: 1;
  16051: 1;
  16052: 1;
  16053: 1;
  16054: 1;
  16055: 1;
  16056: 1;
  16057: 1;
  16058: 1;
  16059: 1;
  16060: 1;
  16061: 1;
  16062: 1;
  16063: 1;
  16064: 1;
  16065: 1;
  16066: 1;
  16067: 1;
  16068: 1;
  16069: 1;
  16070: 1;
  16071: 1;
  16072: 1;
  16073: 1;
  16074: 1;
  16075: 1;
  16076: 1;
  16077: 1;
  16078: 1;
  16079: 1;
  16080: 1;
  16081: 1;
  16082: 1;
  16083: 1;
  16084: 1;
  16085: 1;
  16086: 1;
  16087: 1;
  16088: 1;
  16089: 1;
  16090: 1;
  16091: 1;
  16092: 1;
  16093: 1;
  16094: 1;
  16095: 1;
  16096: 1;
  16097: 1;
  16098: 1;
  16099: 1;
  16100: 1;
  16101: 1;
  16102: 1;
  16103: 1;
  16104: 0;
  16105: 0;
  16106: 0;
  16107: 0;
  16108: 0;
  16109: 0;
  16110: 0;
  16111: 0;
  16112: 0;
  16113: 0;
  16114: 0;
  16115: 1;
  16116: 1;
  16117: 1;
  16118: 1;
  16119: 1;
  16120: 1;
  16121: 1;
  16122: 1;
  16123: 1;
  16124: 1;
  16125: 1;
  16126: 1;
  16127: 1;
  16128: 1;
  16129: 1;
  16130: 1;
  16131: 1;
  16132: 1;
  16133: 1;
  16134: 1;
  16135: 1;
  16136: 1;
  16137: 1;
  16138: 1;
  16139: 1;
  16140: 1;
  16141: 1;
  16142: 1;
  16143: 1;
  16144: 1;
  16145: 1;
  16146: 1;
  16147: 1;
  16148: 1;
  16149: 1;
  16150: 1;
  16151: 1;
  16152: 1;
  16153: 1;
  16154: 1;
  16155: 1;
  16156: 1;
  16157: 1;
  16158: 1;
  16159: 1;
  16160: 1;
  16161: 1;
  16162: 1;
  16163: 1;
  16164: 1;
  16165: 1;
  16166: 1;
  16167: 1;
  16168: 0;
  16169: 0;
  16170: 0;
  16171: 0;
  16172: 0;
  16173: 0;
  16174: 0;
  16175: 0;
  16176: 0;
  16177: 0;
  16178: 0;
  16179: 1;
  16180: 1;
  16181: 1;
  16182: 1;
  16183: 1;
  16184: 1;
  16185: 1;
  16186: 1;
  16187: 1;
  16188: 1;
  16189: 1;
  16190: 1;
  16191: 1;
  16192: 1;
  16193: 1;
  16194: 1;
  16195: 1;
  16196: 1;
  16197: 1;
  16198: 1;
  16199: 1;
  16200: 1;
  16201: 1;
  16202: 1;
  16203: 1;
  16204: 0;
  16205: 0;
  16206: 0;
  16207: 0;
  16208: 0;
  16209: 0;
  16210: 0;
  16211: 0;
  16212: 0;
  16213: 1;
  16214: 1;
  16215: 1;
  16216: 1;
  16217: 1;
  16218: 1;
  16219: 1;
  16220: 1;
  16221: 1;
  16222: 1;
  16223: 1;
  16224: 1;
  16225: 1;
  16226: 1;
  16227: 1;
  16228: 1;
  16229: 1;
  16230: 1;
  16231: 1;
  16232: 1;
  16233: 1;
  16234: 1;
  16235: 1;
  16236: 1;
  16237: 1;
  16238: 1;
  16239: 1;
  16240: 1;
  16241: 1;
  16242: 1;
  16243: 1;
  16244: 1;
  16245: 1;
  16246: 1;
  16247: 1;
  16248: 1;
  16249: 1;
  16250: 1;
  16251: 1;
  16252: 1;
  16253: 1;
  16254: 1;
  16255: 1;
  16256: 1;
  16257: 1;
  16258: 1;
  16259: 1;
  16260: 1;
  16261: 1;
  16262: 1;
  16263: 1;
  16264: 1;
  16265: 1;
  16266: 0;
  16267: 0;
  16268: 0;
  16269: 0;
  16270: 0;
  16271: 0;
  16272: 0;
  16273: 0;
  16274: 0;
  16275: 0;
  16276: 0;
  16277: 1;
  16278: 1;
  16279: 1;
  16280: 1;
  16281: 1;
  16282: 1;
  16283: 1;
  16284: 1;
  16285: 1;
  16286: 1;
  16287: 1;
  16288: 1;
  16289: 1;
  16290: 1;
  16291: 1;
  16292: 1;
  16293: 1;
  16294: 1;
  16295: 0;
  16296: 0;
  16297: 0;
  16298: 0;
  16299: 0;
  16300: 0;
  16301: 0;
  16302: 0;
  16303: 0;
  16304: 0;
  16305: 1;
  16306: 1;
  16307: 1;
  16308: 1;
  16309: 1;
  16310: 1;
  16311: 1;
  16312: 1;
  16313: 1;
  16314: 1;
  16315: 1;
  16316: 1;
  16317: 1;
  16318: 1;
  16319: 1;
  16320: 1;
  16321: 1;
  16322: 1;
  16323: 1;
  16324: 1;
  16325: 1;
  16326: 1;
  16327: 1;
  16328: 1;
  16329: 1;
  16330: 1;
  16331: 1;
  16332: 1;
  16333: 1;
  16334: 1;
  16335: 1;
  16336: 1;
  16337: 1;
  16338: 1;
  16339: 1;
  16340: 1;
  16341: 1;
  16342: 1;
  16343: 1;
  16344: 1;
  16345: 1;
  16346: 1;
  16347: 1;
  16348: 1;
  16349: 1;
  16350: 1;
  16351: 1;
  16352: 1;
  16353: 1;
  16354: 1;
  16355: 1;
  16356: 1;
  16357: 1;
  16358: 1;
  16359: 1;
  16360: 1;
  16361: 1;
  16362: 1;
  16363: 1;
  16364: 1;
  16365: 1;
  16366: 1;
  16367: 1;
  16368: 1;
  16369: 1;
  16370: 1;
  16371: 1;
  16372: 1;
  16373: 1;
  16374: 1;
  16375: 1;
  16376: 1;
  16377: 1;
  16378: 1;
  16379: 1;
  16380: 1;
  16381: 1;
  16382: 1;
  16383: 1;
  16384: 1;
  16385: 1;
  16386: 1;
  16387: 1;
  16388: 1;
  16389: 1;
  16390: 1;
  16391: 1;
  16392: 1;
  16393: 1;
  16394: 1;
  16395: 1;
  16396: 1;
  16397: 1;
  16398: 1;
  16399: 1;
  16400: 1;
  16401: 1;
  16402: 1;
  16403: 1;
  16404: 1;
  16405: 1;
  16406: 1;
  16407: 1;
  16408: 1;
  16409: 1;
  16410: 1;
  16411: 1;
  16412: 1;
  16413: 1;
  16414: 1;
  16415: 1;
  16416: 1;
  16417: 1;
  16418: 1;
  16419: 1;
  16420: 1;
  16421: 1;
  16422: 1;
  16423: 1;
  16424: 1;
  16425: 1;
  16426: 1;
  16427: 1;
  16428: 1;
  16429: 1;
  16430: 1;
  16431: 1;
  16432: 1;
  16433: 1;
  16434: 1;
  16435: 1;
  16436: 1;
  16437: 1;
  16438: 1;
  16439: 1;
  16440: 1;
  16441: 1;
  16442: 1;
  16443: 1;
  16444: 1;
  16445: 1;
  16446: 1;
  16447: 1;
  16448: 1;
  16449: 1;
  16450: 1;
  16451: 1;
  16452: 1;
  16453: 1;
  16454: 1;
  16455: 1;
  16456: 1;
  16457: 1;
  16458: 1;
  16459: 1;
  16460: 1;
  16461: 1;
  16462: 1;
  16463: 1;
  16464: 1;
  16465: 1;
  16466: 1;
  16467: 1;
  16468: 1;
  16469: 1;
  16470: 1;
  16471: 1;
  16472: 1;
  16473: 1;
  16474: 1;
  16475: 1;
  16476: 1;
  16477: 1;
  16478: 1;
  16479: 1;
  16480: 1;
  16481: 1;
  16482: 1;
  16483: 1;
  16484: 1;
  16485: 1;
  16486: 1;
  16487: 1;
  16488: 1;
  16489: 1;
  16490: 1;
  16491: 1;
  16492: 1;
  16493: 1;
  16494: 1;
  16495: 1;
  16496: 1;
  16497: 1;
  16498: 1;
  16499: 1;
  16500: 1;
  16501: 1;
  16502: 1;
  16503: 1;
  16504: 1;
  16505: 1;
  16506: 1;
  16507: 1;
  16508: 1;
  16509: 1;
  16510: 1;
  16511: 1;
  16512: 1;
  16513: 1;
  16514: 1;
  16515: 1;
  16516: 1;
  16517: 1;
  16518: 1;
  16519: 1;
  16520: 1;
  16521: 1;
  16522: 1;
  16523: 1;
  16524: 1;
  16525: 1;
  16526: 1;
  16527: 1;
  16528: 1;
  16529: 1;
  16530: 1;
  16531: 1;
  16532: 1;
  16533: 1;
  16534: 1;
  16535: 1;
  16536: 1;
  16537: 1;
  16538: 1;
  16539: 1;
  16540: 1;
  16541: 1;
  16542: 1;
  16543: 1;
  16544: 1;
  16545: 1;
  16546: 1;
  16547: 1;
  16548: 1;
  16549: 1;
  16550: 1;
  16551: 1;
  16552: 1;
  16553: 1;
  16554: 1;
  16555: 1;
  16556: 1;
  16557: 1;
  16558: 1;
  16559: 1;
  16560: 1;
  16561: 1;
  16562: 1;
  16563: 1;
  16564: 1;
  16565: 1;
  16566: 1;
  16567: 1;
  16568: 1;
  16569: 1;
  16570: 1;
  16571: 1;
  16572: 1;
  16573: 1;
  16574: 1;
  16575: 1;
  16576: 1;
  16577: 1;
  16578: 1;
  16579: 1;
  16580: 1;
  16581: 1;
  16582: 1;
  16583: 1;
  16584: 1;
  16585: 1;
  16586: 1;
  16587: 1;
  16588: 1;
  16589: 1;
  16590: 1;
  16591: 1;
  16592: 1;
  16593: 1;
  16594: 1;
  16595: 1;
  16596: 1;
  16597: 1;
  16598: 1;
  16599: 1;
  16600: 1;
  16601: 1;
  16602: 1;
  16603: 1;
  16604: 1;
  16605: 1;
  16606: 1;
  16607: 1;
  16608: 1;
  16609: 1;
  16610: 1;
  16611: 1;
  16612: 1;
  16613: 1;
  16614: 1;
  16615: 1;
  16616: 1;
  16617: 1;
  16618: 1;
  16619: 1;
  16620: 1;
  16621: 1;
  16622: 1;
  16623: 1;
  16624: 1;
  16625: 1;
  16626: 1;
  16627: 1;
  16628: 1;
  16629: 1;
  16630: 1;
  16631: 1;
  16632: 1;
  16633: 1;
  16634: 1;
  16635: 1;
  16636: 1;
  16637: 1;
  16638: 1;
  16639: 1;
  16640: 1;
  16641: 1;
  16642: 1;
  16643: 1;
  16644: 1;
  16645: 1;
  16646: 1;
  16647: 1;
  16648: 1;
  16649: 1;
  16650: 1;
  16651: 1;
  16652: 1;
  16653: 1;
  16654: 1;
  16655: 1;
  16656: 1;
  16657: 1;
  16658: 1;
  16659: 1;
  16660: 1;
  16661: 1;
  16662: 1;
  16663: 1;
  16664: 1;
  16665: 1;
  16666: 1;
  16667: 1;
  16668: 1;
  16669: 1;
  16670: 1;
  16671: 1;
  16672: 1;
  16673: 1;
  16674: 1;
  16675: 1;
  16676: 1;
  16677: 1;
  16678: 1;
  16679: 1;
  16680: 1;
  16681: 1;
  16682: 1;
  16683: 1;
  16684: 1;
  16685: 1;
  16686: 1;
  16687: 1;
  16688: 1;
  16689: 1;
  16690: 1;
  16691: 1;
  16692: 1;
  16693: 1;
  16694: 1;
  16695: 1;
  16696: 1;
  16697: 1;
  16698: 1;
  16699: 1;
  16700: 1;
  16701: 1;
  16702: 1;
  16703: 1;
  16704: 1;
  16705: 1;
  16706: 1;
  16707: 1;
  16708: 1;
  16709: 1;
  16710: 1;
  16711: 1;
  16712: 1;
  16713: 1;
  16714: 1;
  16715: 1;
  16716: 1;
  16717: 1;
  16718: 1;
  16719: 1;
  16720: 1;
  16721: 1;
  16722: 1;
  16723: 1;
  16724: 1;
  16725: 1;
  16726: 1;
  16727: 1;
  16728: 1;
  16729: 1;
  16730: 1;
  16731: 1;
  16732: 1;
  16733: 1;
  16734: 1;
  16735: 1;
  16736: 1;
  16737: 1;
  16738: 1;
  16739: 1;
  16740: 1;
  16741: 1;
  16742: 1;
  16743: 1;
  16744: 1;
  16745: 1;
  16746: 1;
  16747: 1;
  16748: 1;
  16749: 1;
  16750: 1;
  16751: 1;
  16752: 1;
  16753: 1;
  16754: 1;
  16755: 1;
  16756: 1;
  16757: 1;
  16758: 1;
  16759: 1;
  16760: 1;
  16761: 1;
  16762: 1;
  16763: 1;
  16764: 1;
  16765: 1;
  16766: 1;
  16767: 1;
  16768: 1;
  16769: 1;
  16770: 1;
  16771: 1;
  16772: 1;
  16773: 1;
  16774: 1;
  16775: 1;
  16776: 1;
  16777: 1;
  16778: 1;
  16779: 1;
  16780: 1;
  16781: 1;
  16782: 1;
  16783: 1;
  16784: 1;
  16785: 1;
  16786: 1;
  16787: 1;
  16788: 1;
  16789: 1;
  16790: 1;
  16791: 1;
  16792: 1;
  16793: 1;
  16794: 1;
  16795: 1;
  16796: 1;
  16797: 1;
  16798: 1;
  16799: 1;
  16800: 1;
  16801: 1;
  16802: 1;
  16803: 1;
  16804: 1;
  16805: 1;
  16806: 1;
  16807: 1;
  16808: 1;
  16809: 1;
  16810: 1;
  16811: 1;
  16812: 1;
  16813: 1;
  16814: 1;
  16815: 1;
  16816: 1;
  16817: 1;
  16818: 1;
  16819: 1;
  16820: 1;
  16821: 1;
  16822: 1;
  16823: 1;
  16824: 1;
  16825: 1;
  16826: 1;
  16827: 1;
  16828: 1;
  16829: 1;
  16830: 1;
  16831: 1;
  16832: 1;
  16833: 1;
  16834: 1;
  16835: 1;
  16836: 1;
  16837: 1;
  16838: 1;
  16839: 1;
  16840: 1;
  16841: 1;
  16842: 1;
  16843: 1;
  16844: 1;
  16845: 1;
  16846: 1;
  16847: 1;
  16848: 1;
  16849: 1;
  16850: 1;
  16851: 1;
  16852: 1;
  16853: 1;
  16854: 1;
  16855: 1;
  16856: 1;
  16857: 1;
  16858: 1;
  16859: 1;
  16860: 1;
  16861: 1;
  16862: 1;
  16863: 1;
  16864: 1;
  16865: 1;
  16866: 1;
  16867: 1;
  16868: 1;
  16869: 1;
  16870: 1;
  16871: 1;
  16872: 1;
  16873: 1;
  16874: 1;
  16875: 1;
  16876: 1;
  16877: 1;
  16878: 1;
  16879: 1;
  16880: 1;
  16881: 1;
  16882: 1;
  16883: 1;
  16884: 1;
  16885: 1;
  16886: 1;
  16887: 1;
  16888: 1;
  16889: 1;
  16890: 1;
  16891: 1;
  16892: 1;
  16893: 1;
  16894: 1;
  16895: 1;
  16896: 1;
  16897: 1;
  16898: 1;
  16899: 1;
  16900: 1;
  16901: 1;
  16902: 1;
  16903: 1;
  16904: 1;
  16905: 1;
  16906: 1;
  16907: 1;
  16908: 1;
  16909: 1;
  16910: 1;
  16911: 1;
  16912: 1;
  16913: 1;
  16914: 1;
  16915: 1;
  16916: 1;
  16917: 1;
  16918: 1;
  16919: 1;
  16920: 1;
  16921: 1;
  16922: 1;
  16923: 1;
  16924: 1;
  16925: 1;
  16926: 1;
  16927: 1;
  16928: 1;
  16929: 1;
  16930: 1;
  16931: 1;
  16932: 1;
  16933: 1;
  16934: 1;
  16935: 1;
  16936: 1;
  16937: 1;
  16938: 1;
  16939: 1;
  16940: 1;
  16941: 1;
  16942: 1;
  16943: 1;
  16944: 1;
  16945: 1;
  16946: 1;
  16947: 1;
  16948: 1;
  16949: 1;
  16950: 1;
  16951: 1;
  16952: 1;
  16953: 1;
  16954: 1;
  16955: 1;
  16956: 1;
  16957: 1;
  16958: 1;
  16959: 1;
END;
