WIDTH=24;
DEPTH=20480;

ADDRESS_RADIX=UNS;
DATA_RADIX=HEX;

CONTENT BEGIN
  0: ffffff;
  1: ffffff;
  2: ffffff;
  3: ffffff;
  4: ffffff;
  5: ffffff;
  6: ffffff;
  7: ffffff;
  8: ffffff;
  9: ffffff;
  10: ffffff;
  11: ffffff;
  12: ffffff;
  13: ffffff;
  14: ffffff;
  15: ffffff;
  16: ffffff;
  17: ffffff;
  18: ffffff;
  19: ffffff;
  20: ffffff;
  21: ffffff;
  22: ffffff;
  23: ffffff;
  24: ffffff;
  25: ffffff;
  26: ffffff;
  27: ffffff;
  28: ffffff;
  29: ffffff;
  30: ffffff;
  31: fffffd;
  32: fffefb;
  33: fffefb;
  34: fffeff;
  35: ffffff;
  36: fffeff;
  37: feffff;
  38: feffff;
  39: fefffd;
  40: fffffd;
  41: fdfdfb;
  42: fffeff;
  43: fffeff;
  44: ffffff;
  45: ffffff;
  46: fbfdf8;
  47: fefffb;
  48: ffffff;
  49: fbfbfd;
  50: ffffff;
  51: ffffff;
  52: fefcfd;
  53: fffffd;
  54: fffefd;
  55: fffdfa;
  56: e5e4df;
  57: c6c5c0;
  58: a4a59f;
  59: 7f807a;
  60: 565853;
  61: 40423d;
  62: 2d3130;
  63: 1a1e1d;
  64: 10204;
  65: 17181a;
  66: 808080;
  67: fafafa;
  68: ffffff;
  69: ffffff;
  70: ffffff;
  71: ffffff;
  72: fffffd;
  73: fffffd;
  74: ffffff;
  75: ffffff;
  76: ffffff;
  77: ffffff;
  78: ffffff;
  79: ffffff;
  80: ffffff;
  81: ffffff;
  82: ffffff;
  83: ffffff;
  84: ffffff;
  85: ffffff;
  86: ffffff;
  87: ffffff;
  88: ffffff;
  89: ffffff;
  90: ffffff;
  91: ffffff;
  92: ffffff;
  93: ffffff;
  94: ffffff;
  95: ffffff;
  96: ffffff;
  97: ffffff;
  98: ffffff;
  99: ffffff;
  100: ffffff;
  101: ffffff;
  102: ffffff;
  103: ffffff;
  104: ffffff;
  105: ffffff;
  106: ffffff;
  107: ffffff;
  108: ffffff;
  109: ffffff;
  110: ffffff;
  111: ffffff;
  112: ffffff;
  113: ffffff;
  114: ffffff;
  115: ffffff;
  116: ffffff;
  117: ffffff;
  118: ffffff;
  119: ffffff;
  120: ffffff;
  121: ffffff;
  122: ffffff;
  123: ffffff;
  124: ffffff;
  125: ffffff;
  126: ffffff;
  127: ffffff;
  128: ffffff;
  129: ffffff;
  130: ffffff;
  131: ffffff;
  132: ffffff;
  133: ffffff;
  134: ffffff;
  135: ffffff;
  136: ffffff;
  137: ffffff;
  138: ffffff;
  139: ffffff;
  140: ffffff;
  141: ffffff;
  142: ffffff;
  143: ffffff;
  144: ffffff;
  145: ffffff;
  146: ffffff;
  147: ffffff;
  148: ffffff;
  149: ffffff;
  150: ffffff;
  151: ffffff;
  152: ffffff;
  153: ffffff;
  154: ffffff;
  155: ffffff;
  156: ffffff;
  157: ffffff;
  158: ffffff;
  159: fffffd;
  160: fffdfd;
  161: fffdfd;
  162: fffeff;
  163: ffffff;
  164: feffff;
  165: fcffff;
  166: feffff;
  167: feffff;
  168: ffffff;
  169: fefefe;
  170: fffeff;
  171: fcfcfe;
  172: fefeff;
  173: ffffff;
  174: fefffb;
  175: fdfffa;
  176: ffffff;
  177: ffffff;
  178: ffffff;
  179: f9f9f9;
  180: e3e1e2;
  181: cbcac8;
  182: acaba9;
  183: 92918d;
  184: 787773;
  185: 666561;
  186: 565752;
  187: 454641;
  188: 2d2f2c;
  189: 212320;
  190: 171918;
  191: b0d0c;
  192: 30406;
  193: a0b0d;
  194: 454545;
  195: bebebe;
  196: fcfcfc;
  197: ffffff;
  198: ffffff;
  199: ffffff;
  200: fffffd;
  201: fffffd;
  202: ffffff;
  203: ffffff;
  204: ffffff;
  205: ffffff;
  206: ffffff;
  207: ffffff;
  208: ffffff;
  209: ffffff;
  210: ffffff;
  211: ffffff;
  212: ffffff;
  213: ffffff;
  214: ffffff;
  215: ffffff;
  216: ffffff;
  217: ffffff;
  218: ffffff;
  219: ffffff;
  220: ffffff;
  221: ffffff;
  222: ffffff;
  223: ffffff;
  224: ffffff;
  225: ffffff;
  226: ffffff;
  227: ffffff;
  228: ffffff;
  229: ffffff;
  230: ffffff;
  231: ffffff;
  232: ffffff;
  233: ffffff;
  234: ffffff;
  235: ffffff;
  236: ffffff;
  237: ffffff;
  238: ffffff;
  239: ffffff;
  240: ffffff;
  241: ffffff;
  242: ffffff;
  243: ffffff;
  244: ffffff;
  245: ffffff;
  246: ffffff;
  247: ffffff;
  248: ffffff;
  249: ffffff;
  250: ffffff;
  251: ffffff;
  252: ffffff;
  253: ffffff;
  254: ffffff;
  255: ffffff;
  256: ffffff;
  257: ffffff;
  258: ffffff;
  259: ffffff;
  260: ffffff;
  261: ffffff;
  262: ffffff;
  263: ffffff;
  264: ffffff;
  265: ffffff;
  266: ffffff;
  267: ffffff;
  268: ffffff;
  269: ffffff;
  270: ffffff;
  271: ffffff;
  272: ffffff;
  273: ffffff;
  274: ffffff;
  275: ffffff;
  276: ffffff;
  277: ffffff;
  278: ffffff;
  279: ffffff;
  280: ffffff;
  281: ffffff;
  282: ffffff;
  283: ffffff;
  284: ffffff;
  285: ffffff;
  286: ffffff;
  287: fffeff;
  288: fffdff;
  289: fffdff;
  290: fffeff;
  291: feffff;
  292: fbffff;
  293: fbffff;
  294: fcffff;
  295: feffff;
  296: fefdff;
  297: fdfbff;
  298: fffeff;
  299: ffffff;
  300: fefeff;
  301: fbfdfc;
  302: fcfef9;
  303: fefffd;
  304: fdfdfd;
  305: f5f5f7;
  306: e9e9e9;
  307: c6c6c4;
  308: 929290;
  309: 61615f;
  310: 333331;
  311: 161614;
  312: 80808;
  313: 40404;
  314: 50507;
  315: 60608;
  316: 20202;
  317: 30303;
  318: 50505;
  319: 201;
  320: 10204;
  321: 10204;
  322: c0c0c;
  323: 7b7b7b;
  324: f8f8f8;
  325: ffffff;
  326: fefefe;
  327: ffffff;
  328: fffffd;
  329: fffffd;
  330: ffffff;
  331: ffffff;
  332: ffffff;
  333: ffffff;
  334: ffffff;
  335: ffffff;
  336: ffffff;
  337: ffffff;
  338: ffffff;
  339: ffffff;
  340: ffffff;
  341: ffffff;
  342: ffffff;
  343: ffffff;
  344: ffffff;
  345: ffffff;
  346: ffffff;
  347: ffffff;
  348: ffffff;
  349: ffffff;
  350: ffffff;
  351: ffffff;
  352: ffffff;
  353: ffffff;
  354: ffffff;
  355: ffffff;
  356: ffffff;
  357: ffffff;
  358: ffffff;
  359: ffffff;
  360: ffffff;
  361: ffffff;
  362: ffffff;
  363: ffffff;
  364: ffffff;
  365: ffffff;
  366: ffffff;
  367: ffffff;
  368: ffffff;
  369: ffffff;
  370: ffffff;
  371: ffffff;
  372: ffffff;
  373: ffffff;
  374: ffffff;
  375: ffffff;
  376: ffffff;
  377: ffffff;
  378: ffffff;
  379: ffffff;
  380: ffffff;
  381: ffffff;
  382: ffffff;
  383: ffffff;
  384: ffffff;
  385: ffffff;
  386: ffffff;
  387: ffffff;
  388: ffffff;
  389: ffffff;
  390: ffffff;
  391: ffffff;
  392: ffffff;
  393: ffffff;
  394: ffffff;
  395: ffffff;
  396: ffffff;
  397: ffffff;
  398: ffffff;
  399: ffffff;
  400: ffffff;
  401: ffffff;
  402: ffffff;
  403: ffffff;
  404: ffffff;
  405: ffffff;
  406: ffffff;
  407: ffffff;
  408: ffffff;
  409: ffffff;
  410: ffffff;
  411: ffffff;
  412: ffffff;
  413: ffffff;
  414: ffffff;
  415: fffeff;
  416: fffdff;
  417: fffdff;
  418: ffffff;
  419: fcffff;
  420: fbffff;
  421: fbffff;
  422: feffff;
  423: ffffff;
  424: fffeff;
  425: fefcff;
  426: ffffff;
  427: feffff;
  428: feffff;
  429: feffff;
  430: feffff;
  431: fcfefb;
  432: e2e2e2;
  433: aeaeac;
  434: 747472;
  435: 494947;
  436: 2b2b29;
  437: 181818;
  438: 80a09;
  439: 10204;
  440: 205;
  441: 108;
  442: 10a;
  443: 109;
  444: 10b;
  445: 20b;
  446: 20b;
  447: 109;
  448: 104;
  449: 103;
  450: 0;
  451: 595959;
  452: f4f4f4;
  453: ffffff;
  454: ffffff;
  455: ffffff;
  456: fffffd;
  457: fffffd;
  458: ffffff;
  459: ffffff;
  460: ffffff;
  461: ffffff;
  462: ffffff;
  463: ffffff;
  464: ffffff;
  465: ffffff;
  466: ffffff;
  467: ffffff;
  468: ffffff;
  469: ffffff;
  470: ffffff;
  471: ffffff;
  472: ffffff;
  473: ffffff;
  474: ffffff;
  475: ffffff;
  476: ffffff;
  477: ffffff;
  478: ffffff;
  479: ffffff;
  480: ffffff;
  481: ffffff;
  482: ffffff;
  483: ffffff;
  484: ffffff;
  485: ffffff;
  486: ffffff;
  487: ffffff;
  488: ffffff;
  489: ffffff;
  490: ffffff;
  491: ffffff;
  492: ffffff;
  493: ffffff;
  494: ffffff;
  495: ffffff;
  496: ffffff;
  497: ffffff;
  498: ffffff;
  499: ffffff;
  500: ffffff;
  501: ffffff;
  502: ffffff;
  503: ffffff;
  504: ffffff;
  505: ffffff;
  506: ffffff;
  507: ffffff;
  508: ffffff;
  509: ffffff;
  510: ffffff;
  511: ffffff;
  512: ffffff;
  513: ffffff;
  514: ffffff;
  515: ffffff;
  516: ffffff;
  517: ffffff;
  518: ffffff;
  519: ffffff;
  520: ffffff;
  521: ffffff;
  522: ffffff;
  523: ffffff;
  524: ffffff;
  525: ffffff;
  526: ffffff;
  527: ffffff;
  528: ffffff;
  529: ffffff;
  530: ffffff;
  531: ffffff;
  532: ffffff;
  533: ffffff;
  534: ffffff;
  535: ffffff;
  536: ffffff;
  537: ffffff;
  538: ffffff;
  539: ffffff;
  540: ffffff;
  541: ffffff;
  542: ffffff;
  543: ffffff;
  544: ffffff;
  545: fffeff;
  546: fcffff;
  547: fcffff;
  548: fcffff;
  549: feffff;
  550: fffeff;
  551: fffeff;
  552: fffbfa;
  553: fffefb;
  554: fffffb;
  555: fcfefb;
  556: fbfffe;
  557: fbffff;
  558: e2e6e9;
  559: bdbec0;
  560: 83847f;
  561: 4e4d48;
  562: 191a15;
  563: 10101;
  564: 2;
  565: 4;
  566: 7;
  567: 109;
  568: 20b;
  569: a16;
  570: 51525;
  571: a1c30;
  572: f253d;
  573: f2944;
  574: 183351;
  575: 172d45;
  576: 710;
  577: 2;
  578: 20202;
  579: 555555;
  580: f4f4f4;
  581: ffffff;
  582: ffffff;
  583: ffffff;
  584: fffffd;
  585: fffffd;
  586: ffffff;
  587: ffffff;
  588: ffffff;
  589: ffffff;
  590: ffffff;
  591: ffffff;
  592: ffffff;
  593: ffffff;
  594: ffffff;
  595: ffffff;
  596: ffffff;
  597: ffffff;
  598: ffffff;
  599: ffffff;
  600: ffffff;
  601: ffffff;
  602: ffffff;
  603: ffffff;
  604: ffffff;
  605: ffffff;
  606: ffffff;
  607: ffffff;
  608: ffffff;
  609: ffffff;
  610: ffffff;
  611: ffffff;
  612: ffffff;
  613: ffffff;
  614: ffffff;
  615: ffffff;
  616: ffffff;
  617: ffffff;
  618: ffffff;
  619: ffffff;
  620: ffffff;
  621: ffffff;
  622: ffffff;
  623: ffffff;
  624: ffffff;
  625: ffffff;
  626: ffffff;
  627: ffffff;
  628: ffffff;
  629: ffffff;
  630: ffffff;
  631: ffffff;
  632: ffffff;
  633: ffffff;
  634: ffffff;
  635: ffffff;
  636: ffffff;
  637: ffffff;
  638: ffffff;
  639: ffffff;
  640: ffffff;
  641: ffffff;
  642: ffffff;
  643: ffffff;
  644: ffffff;
  645: ffffff;
  646: ffffff;
  647: ffffff;
  648: ffffff;
  649: ffffff;
  650: ffffff;
  651: ffffff;
  652: ffffff;
  653: ffffff;
  654: ffffff;
  655: ffffff;
  656: ffffff;
  657: ffffff;
  658: ffffff;
  659: ffffff;
  660: ffffff;
  661: ffffff;
  662: ffffff;
  663: ffffff;
  664: ffffff;
  665: ffffff;
  666: ffffff;
  667: ffffff;
  668: ffffff;
  669: ffffff;
  670: ffffff;
  671: ffffff;
  672: feffff;
  673: fcffff;
  674: fcffff;
  675: feffff;
  676: fffeff;
  677: fffeff;
  678: fffeff;
  679: fffdfd;
  680: fffefb;
  681: fffffa;
  682: fefff9;
  683: fefffb;
  684: f7fcf8;
  685: d5d9da;
  686: 8f9094;
  687: 424244;
  688: 13120e;
  689: 80702;
  690: 100;
  691: 104;
  692: 109;
  693: 40e;
  694: 717;
  695: 1024;
  696: f253c;
  697: 1a3550;
  698: 2c4b6a;
  699: 375b7f;
  700: 436a91;
  701: 47719b;
  702: 507ba8;
  703: 4b6b91;
  704: 5111f;
  705: 2;
  706: 20202;
  707: 575757;
  708: f5f5f5;
  709: ffffff;
  710: ffffff;
  711: ffffff;
  712: fffffd;
  713: fffffd;
  714: ffffff;
  715: ffffff;
  716: ffffff;
  717: ffffff;
  718: ffffff;
  719: ffffff;
  720: ffffff;
  721: ffffff;
  722: ffffff;
  723: ffffff;
  724: ffffff;
  725: ffffff;
  726: ffffff;
  727: ffffff;
  728: ffffff;
  729: ffffff;
  730: ffffff;
  731: ffffff;
  732: ffffff;
  733: ffffff;
  734: ffffff;
  735: ffffff;
  736: ffffff;
  737: ffffff;
  738: ffffff;
  739: ffffff;
  740: ffffff;
  741: ffffff;
  742: ffffff;
  743: ffffff;
  744: ffffff;
  745: ffffff;
  746: ffffff;
  747: ffffff;
  748: ffffff;
  749: ffffff;
  750: ffffff;
  751: ffffff;
  752: ffffff;
  753: ffffff;
  754: ffffff;
  755: ffffff;
  756: ffffff;
  757: ffffff;
  758: ffffff;
  759: ffffff;
  760: ffffff;
  761: ffffff;
  762: ffffff;
  763: ffffff;
  764: ffffff;
  765: ffffff;
  766: ffffff;
  767: ffffff;
  768: ffffff;
  769: ffffff;
  770: ffffff;
  771: ffffff;
  772: ffffff;
  773: ffffff;
  774: ffffff;
  775: ffffff;
  776: ffffff;
  777: ffffff;
  778: ffffff;
  779: ffffff;
  780: ffffff;
  781: ffffff;
  782: ffffff;
  783: ffffff;
  784: ffffff;
  785: ffffff;
  786: ffffff;
  787: ffffff;
  788: ffffff;
  789: ffffff;
  790: ffffff;
  791: ffffff;
  792: ffffff;
  793: ffffff;
  794: ffffff;
  795: ffffff;
  796: ffffff;
  797: ffffff;
  798: ffffff;
  799: feffff;
  800: fcffff;
  801: fcffff;
  802: feffff;
  803: fffeff;
  804: fffdff;
  805: fffcff;
  806: fffeff;
  807: fffefb;
  808: fefdf8;
  809: fffff8;
  810: fefffa;
  811: e7e9e4;
  812: a9a9a7;
  813: 636363;
  814: 2f2d30;
  815: 70508;
  816: 50102;
  817: 0;
  818: 104;
  819: 30c;
  820: 111f;
  821: 102b40;
  822: 20425e;
  823: 2d5579;
  824: 406c99;
  825: 4577aa;
  826: 5487be;
  827: 5990c9;
  828: 6299d2;
  829: 649bd3;
  830: 6aa1d9;
  831: 5c86b0;
  832: 31322;
  833: 2;
  834: 0;
  835: 585858;
  836: f6f6f6;
  837: ffffff;
  838: ffffff;
  839: ffffff;
  840: fffffd;
  841: fffffd;
  842: ffffff;
  843: ffffff;
  844: ffffff;
  845: ffffff;
  846: ffffff;
  847: ffffff;
  848: ffffff;
  849: ffffff;
  850: ffffff;
  851: ffffff;
  852: ffffff;
  853: ffffff;
  854: ffffff;
  855: ffffff;
  856: ffffff;
  857: ffffff;
  858: ffffff;
  859: ffffff;
  860: ffffff;
  861: ffffff;
  862: ffffff;
  863: ffffff;
  864: ffffff;
  865: ffffff;
  866: ffffff;
  867: ffffff;
  868: ffffff;
  869: ffffff;
  870: ffffff;
  871: ffffff;
  872: ffffff;
  873: ffffff;
  874: ffffff;
  875: ffffff;
  876: ffffff;
  877: ffffff;
  878: ffffff;
  879: ffffff;
  880: ffffff;
  881: ffffff;
  882: ffffff;
  883: ffffff;
  884: ffffff;
  885: ffffff;
  886: ffffff;
  887: ffffff;
  888: ffffff;
  889: ffffff;
  890: ffffff;
  891: ffffff;
  892: ffffff;
  893: ffffff;
  894: ffffff;
  895: ffffff;
  896: ffffff;
  897: ffffff;
  898: ffffff;
  899: ffffff;
  900: ffffff;
  901: ffffff;
  902: ffffff;
  903: ffffff;
  904: ffffff;
  905: ffffff;
  906: ffffff;
  907: ffffff;
  908: ffffff;
  909: ffffff;
  910: ffffff;
  911: ffffff;
  912: ffffff;
  913: ffffff;
  914: ffffff;
  915: ffffff;
  916: ffffff;
  917: ffffff;
  918: ffffff;
  919: ffffff;
  920: ffffff;
  921: ffffff;
  922: ffffff;
  923: ffffff;
  924: ffffff;
  925: ffffff;
  926: ffffff;
  927: feffff;
  928: fcfffd;
  929: fcfffd;
  930: fffeff;
  931: fffdff;
  932: fffcff;
  933: fffcff;
  934: fffeff;
  935: ffffff;
  936: fefffb;
  937: f6fbf5;
  938: dadcd7;
  939: 999a95;
  940: 3f3e3c;
  941: 40203;
  942: 10002;
  943: 4;
  944: 9;
  945: 510;
  946: 31322;
  947: e2439;
  948: 24435f;
  949: 3e668a;
  950: 5081ac;
  951: 5e96c9;
  952: 63a1dc;
  953: 62a3e3;
  954: 66a7eb;
  955: 60a3e7;
  956: 62a3e5;
  957: 62a2e2;
  958: 68a6e3;
  959: 5584b2;
  960: f1f;
  961: 40507;
  962: 0;
  963: 575757;
  964: f6f6f6;
  965: ffffff;
  966: ffffff;
  967: ffffff;
  968: fffffd;
  969: fffffd;
  970: ffffff;
  971: ffffff;
  972: ffffff;
  973: ffffff;
  974: ffffff;
  975: ffffff;
  976: ffffff;
  977: ffffff;
  978: ffffff;
  979: ffffff;
  980: ffffff;
  981: ffffff;
  982: ffffff;
  983: ffffff;
  984: ffffff;
  985: ffffff;
  986: ffffff;
  987: ffffff;
  988: ffffff;
  989: ffffff;
  990: ffffff;
  991: ffffff;
  992: ffffff;
  993: ffffff;
  994: ffffff;
  995: ffffff;
  996: ffffff;
  997: ffffff;
  998: ffffff;
  999: ffffff;
  1000: ffffff;
  1001: ffffff;
  1002: ffffff;
  1003: ffffff;
  1004: ffffff;
  1005: ffffff;
  1006: ffffff;
  1007: ffffff;
  1008: ffffff;
  1009: ffffff;
  1010: ffffff;
  1011: ffffff;
  1012: ffffff;
  1013: ffffff;
  1014: ffffff;
  1015: ffffff;
  1016: ffffff;
  1017: ffffff;
  1018: ffffff;
  1019: ffffff;
  1020: ffffff;
  1021: ffffff;
  1022: ffffff;
  1023: ffffff;
  1024: ffffff;
  1025: ffffff;
  1026: ffffff;
  1027: ffffff;
  1028: ffffff;
  1029: ffffff;
  1030: ffffff;
  1031: ffffff;
  1032: ffffff;
  1033: ffffff;
  1034: ffffff;
  1035: ffffff;
  1036: ffffff;
  1037: ffffff;
  1038: ffffff;
  1039: ffffff;
  1040: ffffff;
  1041: ffffff;
  1042: ffffff;
  1043: ffffff;
  1044: ffffff;
  1045: ffffff;
  1046: ffffff;
  1047: ffffff;
  1048: ffffff;
  1049: ffffff;
  1050: ffffff;
  1051: ffffff;
  1052: ffffff;
  1053: ffffff;
  1054: ffffff;
  1055: ffffff;
  1056: fdfffc;
  1057: fffffd;
  1058: fffdfa;
  1059: fffafb;
  1060: fffdff;
  1061: fffeff;
  1062: f9fdff;
  1063: fbffff;
  1064: f8ffff;
  1065: cbd1d1;
  1066: 6e6e6c;
  1067: 292524;
  1068: c0807;
  1069: 10000;
  1070: 105;
  1071: 20b;
  1072: 519;
  1073: a2540;
  1074: 294a6b;
  1075: 476e97;
  1076: 5c8cbc;
  1077: 6198d0;
  1078: 5e9cd9;
  1079: 5fa3e4;
  1080: 5ca2e7;
  1081: 5aa3e7;
  1082: 58a1e5;
  1083: 57a1e2;
  1084: 589de0;
  1085: 5a9edf;
  1086: 609fe2;
  1087: 5080b1;
  1088: 1123;
  1089: 2;
  1090: 20202;
  1091: 575757;
  1092: f5f5f5;
  1093: ffffff;
  1094: ffffff;
  1095: ffffff;
  1096: fffffd;
  1097: fffffd;
  1098: ffffff;
  1099: ffffff;
  1100: ffffff;
  1101: ffffff;
  1102: ffffff;
  1103: ffffff;
  1104: ffffff;
  1105: ffffff;
  1106: ffffff;
  1107: ffffff;
  1108: ffffff;
  1109: ffffff;
  1110: ffffff;
  1111: ffffff;
  1112: ffffff;
  1113: ffffff;
  1114: ffffff;
  1115: ffffff;
  1116: ffffff;
  1117: ffffff;
  1118: ffffff;
  1119: ffffff;
  1120: ffffff;
  1121: ffffff;
  1122: ffffff;
  1123: ffffff;
  1124: ffffff;
  1125: ffffff;
  1126: ffffff;
  1127: ffffff;
  1128: ffffff;
  1129: ffffff;
  1130: ffffff;
  1131: ffffff;
  1132: ffffff;
  1133: ffffff;
  1134: ffffff;
  1135: ffffff;
  1136: ffffff;
  1137: ffffff;
  1138: ffffff;
  1139: ffffff;
  1140: ffffff;
  1141: ffffff;
  1142: ffffff;
  1143: ffffff;
  1144: ffffff;
  1145: ffffff;
  1146: ffffff;
  1147: ffffff;
  1148: ffffff;
  1149: ffffff;
  1150: ffffff;
  1151: ffffff;
  1152: ffffff;
  1153: ffffff;
  1154: ffffff;
  1155: ffffff;
  1156: ffffff;
  1157: ffffff;
  1158: ffffff;
  1159: ffffff;
  1160: ffffff;
  1161: ffffff;
  1162: ffffff;
  1163: ffffff;
  1164: ffffff;
  1165: ffffff;
  1166: ffffff;
  1167: ffffff;
  1168: ffffff;
  1169: ffffff;
  1170: ffffff;
  1171: ffffff;
  1172: ffffff;
  1173: ffffff;
  1174: ffffff;
  1175: ffffff;
  1176: ffffff;
  1177: ffffff;
  1178: ffffff;
  1179: ffffff;
  1180: ffffff;
  1181: ffffff;
  1182: ffffff;
  1183: ffffff;
  1184: ffffff;
  1185: fffffd;
  1186: fffefb;
  1187: fffdfa;
  1188: fffdfc;
  1189: fbfbfb;
  1190: fbffff;
  1191: f0f7fd;
  1192: b3b8bc;
  1193: 5e6263;
  1194: 1d1c1a;
  1195: 30000;
  1196: 10002;
  1197: 30a;
  1198: 410;
  1199: 71d34;
  1200: 1c4064;
  1201: 396592;
  1202: 5587b8;
  1203: 659ad0;
  1204: 6aa5e1;
  1205: 67a7e7;
  1206: 5ca1e6;
  1207: 569fe4;
  1208: 539de4;
  1209: 539ee2;
  1210: 529de1;
  1211: 549de1;
  1212: 569bde;
  1213: 589bdf;
  1214: 5e9fe3;
  1215: 4e80b3;
  1216: 1123;
  1217: 2;
  1218: 20202;
  1219: 575757;
  1220: f5f5f5;
  1221: ffffff;
  1222: ffffff;
  1223: ffffff;
  1224: fffffd;
  1225: fffffd;
  1226: ffffff;
  1227: ffffff;
  1228: ffffff;
  1229: ffffff;
  1230: ffffff;
  1231: ffffff;
  1232: ffffff;
  1233: ffffff;
  1234: ffffff;
  1235: ffffff;
  1236: ffffff;
  1237: ffffff;
  1238: ffffff;
  1239: ffffff;
  1240: ffffff;
  1241: ffffff;
  1242: ffffff;
  1243: ffffff;
  1244: ffffff;
  1245: ffffff;
  1246: ffffff;
  1247: ffffff;
  1248: ffffff;
  1249: ffffff;
  1250: ffffff;
  1251: ffffff;
  1252: ffffff;
  1253: ffffff;
  1254: ffffff;
  1255: ffffff;
  1256: ffffff;
  1257: ffffff;
  1258: ffffff;
  1259: ffffff;
  1260: ffffff;
  1261: ffffff;
  1262: ffffff;
  1263: ffffff;
  1264: ffffff;
  1265: ffffff;
  1266: ffffff;
  1267: ffffff;
  1268: ffffff;
  1269: ffffff;
  1270: ffffff;
  1271: ffffff;
  1272: ffffff;
  1273: ffffff;
  1274: ffffff;
  1275: ffffff;
  1276: ffffff;
  1277: ffffff;
  1278: ffffff;
  1279: ffffff;
  1280: ffffff;
  1281: ffffff;
  1282: ffffff;
  1283: ffffff;
  1284: ffffff;
  1285: ffffff;
  1286: ffffff;
  1287: ffffff;
  1288: ffffff;
  1289: ffffff;
  1290: ffffff;
  1291: ffffff;
  1292: ffffff;
  1293: ffffff;
  1294: ffffff;
  1295: ffffff;
  1296: ffffff;
  1297: ffffff;
  1298: ffffff;
  1299: ffffff;
  1300: ffffff;
  1301: ffffff;
  1302: ffffff;
  1303: ffffff;
  1304: ffffff;
  1305: ffffff;
  1306: ffffff;
  1307: ffffff;
  1308: ffffff;
  1309: ffffff;
  1310: ffffff;
  1311: ffffff;
  1312: ffffff;
  1313: f9f7f8;
  1314: fffdfa;
  1315: fffffa;
  1316: fbfaf8;
  1317: ffffff;
  1318: f2f5fa;
  1319: babdc2;
  1320: 4d4c51;
  1321: d0b0c;
  1322: 40000;
  1323: 20100;
  1324: 109;
  1325: b1b;
  1326: 4213f;
  1327: 2e5783;
  1328: 4b82bb;
  1329: 5c99da;
  1330: 64a4e2;
  1331: 5f9fdd;
  1332: 5b9cdc;
  1333: 5b9cdc;
  1334: 589cdd;
  1335: 589bdf;
  1336: 559adf;
  1337: 559adf;
  1338: 559adf;
  1339: 579ae0;
  1340: 5699dd;
  1341: 599ce0;
  1342: 5da1e2;
  1343: 4e82b2;
  1344: 1223;
  1345: 2;
  1346: 20202;
  1347: 575757;
  1348: f5f5f5;
  1349: ffffff;
  1350: ffffff;
  1351: ffffff;
  1352: fffffd;
  1353: fffffd;
  1354: ffffff;
  1355: ffffff;
  1356: ffffff;
  1357: ffffff;
  1358: ffffff;
  1359: ffffff;
  1360: ffffff;
  1361: ffffff;
  1362: ffffff;
  1363: ffffff;
  1364: ffffff;
  1365: ffffff;
  1366: ffffff;
  1367: ffffff;
  1368: ffffff;
  1369: ffffff;
  1370: ffffff;
  1371: ffffff;
  1372: ffffff;
  1373: ffffff;
  1374: ffffff;
  1375: ffffff;
  1376: ffffff;
  1377: ffffff;
  1378: ffffff;
  1379: ffffff;
  1380: ffffff;
  1381: ffffff;
  1382: ffffff;
  1383: ffffff;
  1384: ffffff;
  1385: ffffff;
  1386: ffffff;
  1387: ffffff;
  1388: ffffff;
  1389: ffffff;
  1390: ffffff;
  1391: ffffff;
  1392: ffffff;
  1393: ffffff;
  1394: ffffff;
  1395: ffffff;
  1396: ffffff;
  1397: ffffff;
  1398: ffffff;
  1399: ffffff;
  1400: ffffff;
  1401: ffffff;
  1402: ffffff;
  1403: ffffff;
  1404: ffffff;
  1405: ffffff;
  1406: ffffff;
  1407: ffffff;
  1408: ffffff;
  1409: ffffff;
  1410: ffffff;
  1411: ffffff;
  1412: ffffff;
  1413: ffffff;
  1414: ffffff;
  1415: ffffff;
  1416: ffffff;
  1417: ffffff;
  1418: ffffff;
  1419: ffffff;
  1420: ffffff;
  1421: ffffff;
  1422: ffffff;
  1423: ffffff;
  1424: ffffff;
  1425: ffffff;
  1426: ffffff;
  1427: ffffff;
  1428: ffffff;
  1429: ffffff;
  1430: ffffff;
  1431: ffffff;
  1432: ffffff;
  1433: ffffff;
  1434: ffffff;
  1435: ffffff;
  1436: ffffff;
  1437: ffffff;
  1438: ffffff;
  1439: ffffff;
  1440: fffeff;
  1441: ffffff;
  1442: fffffd;
  1443: fffffb;
  1444: fefefc;
  1445: fefefe;
  1446: acabb0;
  1447: 454449;
  1448: d0b0e;
  1449: 10000;
  1450: 20001;
  1451: 208;
  1452: 1123;
  1453: 1f3e5d;
  1454: 406c9b;
  1455: 558dc8;
  1456: 61a2e6;
  1457: 61a5ee;
  1458: 5ea3e8;
  1459: 589de0;
  1460: 579ade;
  1461: 569adb;
  1462: 569adb;
  1463: 5a9edf;
  1464: 599ade;
  1465: 5a9bdf;
  1466: 599ade;
  1467: 5a9bdf;
  1468: 599ade;
  1469: 599dde;
  1470: 5da1e2;
  1471: 4e82b2;
  1472: 1123;
  1473: 2;
  1474: 20202;
  1475: 575757;
  1476: f5f5f5;
  1477: ffffff;
  1478: ffffff;
  1479: ffffff;
  1480: fffffd;
  1481: fffffd;
  1482: ffffff;
  1483: ffffff;
  1484: ffffff;
  1485: ffffff;
  1486: ffffff;
  1487: ffffff;
  1488: ffffff;
  1489: ffffff;
  1490: ffffff;
  1491: ffffff;
  1492: ffffff;
  1493: ffffff;
  1494: ffffff;
  1495: ffffff;
  1496: ffffff;
  1497: ffffff;
  1498: ffffff;
  1499: ffffff;
  1500: ffffff;
  1501: ffffff;
  1502: ffffff;
  1503: ffffff;
  1504: ffffff;
  1505: ffffff;
  1506: ffffff;
  1507: ffffff;
  1508: ffffff;
  1509: ffffff;
  1510: ffffff;
  1511: ffffff;
  1512: ffffff;
  1513: ffffff;
  1514: ffffff;
  1515: ffffff;
  1516: ffffff;
  1517: ffffff;
  1518: ffffff;
  1519: ffffff;
  1520: ffffff;
  1521: ffffff;
  1522: ffffff;
  1523: ffffff;
  1524: ffffff;
  1525: ffffff;
  1526: ffffff;
  1527: ffffff;
  1528: ffffff;
  1529: ffffff;
  1530: ffffff;
  1531: ffffff;
  1532: ffffff;
  1533: ffffff;
  1534: ffffff;
  1535: ffffff;
  1536: ffffff;
  1537: ffffff;
  1538: ffffff;
  1539: ffffff;
  1540: ffffff;
  1541: ffffff;
  1542: ffffff;
  1543: ffffff;
  1544: ffffff;
  1545: ffffff;
  1546: ffffff;
  1547: ffffff;
  1548: ffffff;
  1549: ffffff;
  1550: ffffff;
  1551: ffffff;
  1552: ffffff;
  1553: ffffff;
  1554: ffffff;
  1555: ffffff;
  1556: ffffff;
  1557: ffffff;
  1558: ffffff;
  1559: ffffff;
  1560: ffffff;
  1561: ffffff;
  1562: ffffff;
  1563: ffffff;
  1564: ffffff;
  1565: ffffff;
  1566: ffffff;
  1567: ffffff;
  1568: feffff;
  1569: feffff;
  1570: f9fafc;
  1571: feffff;
  1572: f8f8f8;
  1573: b3b1b2;
  1574: 4a4647;
  1575: 40001;
  1576: 60105;
  1577: 4;
  1578: 20b;
  1579: 71a2b;
  1580: 264969;
  1581: 4a7aa8;
  1582: 619bda;
  1583: 62a2e9;
  1584: 5a9de1;
  1585: 579ade;
  1586: 5598dc;
  1587: 579ae0;
  1588: 599ce2;
  1589: 579ae1;
  1590: 5497dd;
  1591: 5499de;
  1592: 589bdf;
  1593: 589bdf;
  1594: 579bdc;
  1595: 599adc;
  1596: 599adc;
  1597: 5b9add;
  1598: 5f9ee1;
  1599: 5080b1;
  1600: 1123;
  1601: 2;
  1602: 20202;
  1603: 575757;
  1604: f5f5f5;
  1605: ffffff;
  1606: ffffff;
  1607: ffffff;
  1608: fffffd;
  1609: fffffd;
  1610: ffffff;
  1611: ffffff;
  1612: ffffff;
  1613: ffffff;
  1614: ffffff;
  1615: ffffff;
  1616: ffffff;
  1617: ffffff;
  1618: ffffff;
  1619: ffffff;
  1620: ffffff;
  1621: ffffff;
  1622: ffffff;
  1623: ffffff;
  1624: ffffff;
  1625: ffffff;
  1626: ffffff;
  1627: ffffff;
  1628: ffffff;
  1629: ffffff;
  1630: ffffff;
  1631: ffffff;
  1632: ffffff;
  1633: ffffff;
  1634: ffffff;
  1635: ffffff;
  1636: ffffff;
  1637: ffffff;
  1638: ffffff;
  1639: ffffff;
  1640: ffffff;
  1641: ffffff;
  1642: ffffff;
  1643: ffffff;
  1644: ffffff;
  1645: ffffff;
  1646: ffffff;
  1647: ffffff;
  1648: ffffff;
  1649: ffffff;
  1650: ffffff;
  1651: ffffff;
  1652: ffffff;
  1653: ffffff;
  1654: ffffff;
  1655: ffffff;
  1656: ffffff;
  1657: ffffff;
  1658: ffffff;
  1659: ffffff;
  1660: ffffff;
  1661: ffffff;
  1662: ffffff;
  1663: ffffff;
  1664: ffffff;
  1665: ffffff;
  1666: ffffff;
  1667: ffffff;
  1668: ffffff;
  1669: ffffff;
  1670: ffffff;
  1671: ffffff;
  1672: ffffff;
  1673: ffffff;
  1674: ffffff;
  1675: ffffff;
  1676: ffffff;
  1677: ffffff;
  1678: ffffff;
  1679: ffffff;
  1680: ffffff;
  1681: ffffff;
  1682: ffffff;
  1683: ffffff;
  1684: ffffff;
  1685: ffffff;
  1686: ffffff;
  1687: ffffff;
  1688: ffffff;
  1689: ffffff;
  1690: ffffff;
  1691: ffffff;
  1692: ffffff;
  1693: ffffff;
  1694: ffffff;
  1695: ffffff;
  1696: ffffff;
  1697: fcfdff;
  1698: feffff;
  1699: fcfdff;
  1700: bcbcbc;
  1701: 41403e;
  1702: f0b0a;
  1703: 40001;
  1704: 5;
  1705: 511;
  1706: d233b;
  1707: 33577b;
  1708: 5588b7;
  1709: 5e9ad6;
  1710: 589be1;
  1711: 5ba1e7;
  1712: 599ce0;
  1713: 589cdd;
  1714: 5899dd;
  1715: 5699df;
  1716: 579ae1;
  1717: 599ce3;
  1718: 589ce3;
  1719: 589de2;
  1720: 569bde;
  1721: 579ade;
  1722: 579bdc;
  1723: 599ada;
  1724: 5998db;
  1725: 5b9add;
  1726: 619ee1;
  1727: 517fb1;
  1728: 1123;
  1729: 2;
  1730: 20202;
  1731: 575757;
  1732: f5f5f5;
  1733: ffffff;
  1734: ffffff;
  1735: ffffff;
  1736: fffffd;
  1737: fffffd;
  1738: ffffff;
  1739: ffffff;
  1740: ffffff;
  1741: ffffff;
  1742: ffffff;
  1743: ffffff;
  1744: ffffff;
  1745: ffffff;
  1746: ffffff;
  1747: ffffff;
  1748: ffffff;
  1749: ffffff;
  1750: ffffff;
  1751: ffffff;
  1752: ffffff;
  1753: ffffff;
  1754: ffffff;
  1755: ffffff;
  1756: ffffff;
  1757: ffffff;
  1758: ffffff;
  1759: ffffff;
  1760: ffffff;
  1761: ffffff;
  1762: ffffff;
  1763: ffffff;
  1764: ffffff;
  1765: ffffff;
  1766: ffffff;
  1767: ffffff;
  1768: ffffff;
  1769: ffffff;
  1770: ffffff;
  1771: ffffff;
  1772: ffffff;
  1773: ffffff;
  1774: ffffff;
  1775: ffffff;
  1776: ffffff;
  1777: ffffff;
  1778: ffffff;
  1779: ffffff;
  1780: ffffff;
  1781: ffffff;
  1782: ffffff;
  1783: ffffff;
  1784: ffffff;
  1785: ffffff;
  1786: ffffff;
  1787: ffffff;
  1788: ffffff;
  1789: ffffff;
  1790: ffffff;
  1791: ffffff;
  1792: ffffff;
  1793: ffffff;
  1794: ffffff;
  1795: ffffff;
  1796: ffffff;
  1797: ffffff;
  1798: ffffff;
  1799: ffffff;
  1800: ffffff;
  1801: ffffff;
  1802: ffffff;
  1803: ffffff;
  1804: ffffff;
  1805: ffffff;
  1806: ffffff;
  1807: ffffff;
  1808: ffffff;
  1809: ffffff;
  1810: ffffff;
  1811: ffffff;
  1812: ffffff;
  1813: ffffff;
  1814: ffffff;
  1815: ffffff;
  1816: ffffff;
  1817: ffffff;
  1818: ffffff;
  1819: ffffff;
  1820: ffffff;
  1821: ffffff;
  1822: ffffff;
  1823: fffeff;
  1824: fefafb;
  1825: fffeff;
  1826: ffffff;
  1827: bdbfbe;
  1828: 51514f;
  1829: 60701;
  1830: 10000;
  1831: 102;
  1832: 20e;
  1833: 122a46;
  1834: 345d8b;
  1835: 4d81bb;
  1836: 5b9add;
  1837: 60a5ea;
  1838: 599edf;
  1839: 5499da;
  1840: 559add;
  1841: 569bde;
  1842: 589bdf;
  1843: 5699dd;
  1844: 5598de;
  1845: 579ae0;
  1846: 589be1;
  1847: 5699dd;
  1848: 579ade;
  1849: 599ade;
  1850: 599ade;
  1851: 599adc;
  1852: 5a99de;
  1853: 5c9bde;
  1854: 609fe2;
  1855: 5181b2;
  1856: 1123;
  1857: 2;
  1858: 20202;
  1859: 575757;
  1860: f5f5f5;
  1861: ffffff;
  1862: ffffff;
  1863: ffffff;
  1864: fffffd;
  1865: fffffd;
  1866: ffffff;
  1867: ffffff;
  1868: ffffff;
  1869: ffffff;
  1870: ffffff;
  1871: ffffff;
  1872: ffffff;
  1873: ffffff;
  1874: ffffff;
  1875: ffffff;
  1876: ffffff;
  1877: ffffff;
  1878: ffffff;
  1879: ffffff;
  1880: ffffff;
  1881: ffffff;
  1882: ffffff;
  1883: ffffff;
  1884: ffffff;
  1885: ffffff;
  1886: ffffff;
  1887: ffffff;
  1888: ffffff;
  1889: ffffff;
  1890: ffffff;
  1891: ffffff;
  1892: ffffff;
  1893: ffffff;
  1894: ffffff;
  1895: ffffff;
  1896: ffffff;
  1897: ffffff;
  1898: ffffff;
  1899: ffffff;
  1900: ffffff;
  1901: ffffff;
  1902: ffffff;
  1903: ffffff;
  1904: ffffff;
  1905: ffffff;
  1906: ffffff;
  1907: ffffff;
  1908: ffffff;
  1909: ffffff;
  1910: ffffff;
  1911: ffffff;
  1912: ffffff;
  1913: ffffff;
  1914: ffffff;
  1915: ffffff;
  1916: ffffff;
  1917: ffffff;
  1918: ffffff;
  1919: ffffff;
  1920: ffffff;
  1921: ffffff;
  1922: ffffff;
  1923: ffffff;
  1924: ffffff;
  1925: ffffff;
  1926: ffffff;
  1927: ffffff;
  1928: ffffff;
  1929: ffffff;
  1930: ffffff;
  1931: ffffff;
  1932: ffffff;
  1933: ffffff;
  1934: ffffff;
  1935: ffffff;
  1936: ffffff;
  1937: ffffff;
  1938: fefffd;
  1939: fefffd;
  1940: feffff;
  1941: feffff;
  1942: ffffff;
  1943: ffffff;
  1944: fffeff;
  1945: fffeff;
  1946: fffffd;
  1947: fffffd;
  1948: ffffff;
  1949: ffffff;
  1950: ffffff;
  1951: fffffd;
  1952: fffefd;
  1953: fffcfd;
  1954: d8d8d8;
  1955: 646464;
  1956: 10100;
  1957: 10100;
  1958: 100;
  1959: b14;
  1960: c2744;
  1961: 325b87;
  1962: 558bc9;
  1963: 63a3ea;
  1964: 5b9fe8;
  1965: 5298de;
  1966: 599edf;
  1967: 569ad9;
  1968: 589cdd;
  1969: 5699dd;
  1970: 579ade;
  1971: 589bdf;
  1972: 579ade;
  1973: 579ade;
  1974: 579ade;
  1975: 579ade;
  1976: 579ade;
  1977: 5a9bdd;
  1978: 5a99de;
  1979: 5a99dc;
  1980: 5b97dd;
  1981: 5d9add;
  1982: 5f9ee1;
  1983: 5080b1;
  1984: 1121;
  1985: 2;
  1986: 20202;
  1987: 575757;
  1988: f5f5f5;
  1989: ffffff;
  1990: ffffff;
  1991: ffffff;
  1992: fffffd;
  1993: fffffd;
  1994: ffffff;
  1995: ffffff;
  1996: ffffff;
  1997: ffffff;
  1998: ffffff;
  1999: ffffff;
  2000: ffffff;
  2001: ffffff;
  2002: ffffff;
  2003: ffffff;
  2004: ffffff;
  2005: ffffff;
  2006: ffffff;
  2007: ffffff;
  2008: ffffff;
  2009: ffffff;
  2010: ffffff;
  2011: ffffff;
  2012: ffffff;
  2013: ffffff;
  2014: ffffff;
  2015: ffffff;
  2016: ffffff;
  2017: ffffff;
  2018: ffffff;
  2019: ffffff;
  2020: ffffff;
  2021: ffffff;
  2022: ffffff;
  2023: ffffff;
  2024: ffffff;
  2025: ffffff;
  2026: ffffff;
  2027: ffffff;
  2028: ffffff;
  2029: ffffff;
  2030: ffffff;
  2031: ffffff;
  2032: ffffff;
  2033: ffffff;
  2034: ffffff;
  2035: ffffff;
  2036: ffffff;
  2037: ffffff;
  2038: ffffff;
  2039: ffffff;
  2040: ffffff;
  2041: ffffff;
  2042: ffffff;
  2043: ffffff;
  2044: ffffff;
  2045: ffffff;
  2046: ffffff;
  2047: ffffff;
  2048: ffffff;
  2049: ffffff;
  2050: ffffff;
  2051: ffffff;
  2052: ffffff;
  2053: ffffff;
  2054: ffffff;
  2055: ffffff;
  2056: ffffff;
  2057: ffffff;
  2058: ffffff;
  2059: ffffff;
  2060: ffffff;
  2061: ffffff;
  2062: ffffff;
  2063: ffffff;
  2064: fffeff;
  2065: fffffd;
  2066: fcfffb;
  2067: fbfffb;
  2068: fbffff;
  2069: fcffff;
  2070: fffeff;
  2071: fffdff;
  2072: fffdff;
  2073: fffefd;
  2074: fffffb;
  2075: fffffb;
  2076: fcfefb;
  2077: fffffd;
  2078: fdfdfb;
  2079: fffffd;
  2080: fffffd;
  2081: efefef;
  2082: 757575;
  2083: 131313;
  2084: 40001;
  2085: 4;
  2086: 311;
  2087: a2542;
  2088: 346397;
  2089: 4d8ac9;
  2090: 5a9fe2;
  2091: 579de2;
  2092: 599ce2;
  2093: 599ade;
  2094: 5499da;
  2095: 589dde;
  2096: 5899d9;
  2097: 599ada;
  2098: 5a9bdd;
  2099: 5b9ce0;
  2100: 589bdf;
  2101: 5699dd;
  2102: 559add;
  2103: 569bdc;
  2104: 569adb;
  2105: 5a9bdb;
  2106: 5e9bde;
  2107: 5c99da;
  2108: 5d98dc;
  2109: 609bdd;
  2110: 609dde;
  2111: 5181b1;
  2112: 1020;
  2113: 10101;
  2114: 0;
  2115: 585858;
  2116: f6f6f6;
  2117: ffffff;
  2118: ffffff;
  2119: ffffff;
  2120: ffffff;
  2121: ffffff;
  2122: ffffff;
  2123: ffffff;
  2124: ffffff;
  2125: ffffff;
  2126: ffffff;
  2127: ffffff;
  2128: ffffff;
  2129: ffffff;
  2130: ffffff;
  2131: ffffff;
  2132: ffffff;
  2133: ffffff;
  2134: ffffff;
  2135: ffffff;
  2136: ffffff;
  2137: ffffff;
  2138: ffffff;
  2139: ffffff;
  2140: ffffff;
  2141: ffffff;
  2142: ffffff;
  2143: ffffff;
  2144: ffffff;
  2145: ffffff;
  2146: ffffff;
  2147: ffffff;
  2148: ffffff;
  2149: ffffff;
  2150: ffffff;
  2151: ffffff;
  2152: ffffff;
  2153: ffffff;
  2154: ffffff;
  2155: ffffff;
  2156: ffffff;
  2157: ffffff;
  2158: ffffff;
  2159: ffffff;
  2160: ffffff;
  2161: ffffff;
  2162: ffffff;
  2163: ffffff;
  2164: ffffff;
  2165: ffffff;
  2166: ffffff;
  2167: ffffff;
  2168: ffffff;
  2169: ffffff;
  2170: ffffff;
  2171: ffffff;
  2172: ffffff;
  2173: ffffff;
  2174: ffffff;
  2175: ffffff;
  2176: ffffff;
  2177: ffffff;
  2178: ffffff;
  2179: ffffff;
  2180: ffffff;
  2181: ffffff;
  2182: ffffff;
  2183: ffffff;
  2184: ffffff;
  2185: ffffff;
  2186: ffffff;
  2187: ffffff;
  2188: ffffff;
  2189: ffffff;
  2190: ffffff;
  2191: fffeff;
  2192: fffeff;
  2193: fffffd;
  2194: fcfffa;
  2195: fbfffb;
  2196: fbffff;
  2197: fcffff;
  2198: fffdff;
  2199: fffcff;
  2200: fffbff;
  2201: fffefb;
  2202: fffffa;
  2203: fdfff9;
  2204: fefffd;
  2205: f8faf7;
  2206: fffffd;
  2207: fefefc;
  2208: f9fbfa;
  2209: 969897;
  2210: 1d1d1d;
  2211: 30102;
  2212: 2;
  2213: 20e;
  2214: a1f3c;
  2215: 345a87;
  2216: 4e8ac8;
  2217: 569ce2;
  2218: 57a0e5;
  2219: 549adf;
  2220: 599adc;
  2221: 599adc;
  2222: 5499dc;
  2223: 589dde;
  2224: 5a9bdb;
  2225: 5899d9;
  2226: 5798dc;
  2227: 5598df;
  2228: 569ae1;
  2229: 579ce1;
  2230: 579cdf;
  2231: 579ddb;
  2232: 579bda;
  2233: 599ada;
  2234: 5a99dc;
  2235: 5b9add;
  2236: 5a99de;
  2237: 5b9add;
  2238: 5d9ede;
  2239: 4e81b0;
  2240: 1121;
  2241: 20202;
  2242: 0;
  2243: 585858;
  2244: f5f5f5;
  2245: ffffff;
  2246: ffffff;
  2247: ffffff;
  2248: ffffff;
  2249: ffffff;
  2250: ffffff;
  2251: ffffff;
  2252: ffffff;
  2253: ffffff;
  2254: ffffff;
  2255: ffffff;
  2256: ffffff;
  2257: ffffff;
  2258: ffffff;
  2259: ffffff;
  2260: ffffff;
  2261: ffffff;
  2262: ffffff;
  2263: ffffff;
  2264: ffffff;
  2265: ffffff;
  2266: ffffff;
  2267: ffffff;
  2268: ffffff;
  2269: ffffff;
  2270: ffffff;
  2271: ffffff;
  2272: ffffff;
  2273: ffffff;
  2274: ffffff;
  2275: ffffff;
  2276: ffffff;
  2277: ffffff;
  2278: ffffff;
  2279: ffffff;
  2280: ffffff;
  2281: ffffff;
  2282: ffffff;
  2283: ffffff;
  2284: ffffff;
  2285: ffffff;
  2286: ffffff;
  2287: ffffff;
  2288: ffffff;
  2289: ffffff;
  2290: ffffff;
  2291: ffffff;
  2292: ffffff;
  2293: ffffff;
  2294: ffffff;
  2295: ffffff;
  2296: ffffff;
  2297: ffffff;
  2298: ffffff;
  2299: ffffff;
  2300: ffffff;
  2301: ffffff;
  2302: ffffff;
  2303: ffffff;
  2304: ffffff;
  2305: ffffff;
  2306: ffffff;
  2307: ffffff;
  2308: ffffff;
  2309: ffffff;
  2310: ffffff;
  2311: ffffff;
  2312: ffffff;
  2313: ffffff;
  2314: ffffff;
  2315: ffffff;
  2316: ffffff;
  2317: ffffff;
  2318: ffffff;
  2319: fffeff;
  2320: fffdff;
  2321: fffeff;
  2322: fefffb;
  2323: fcfffb;
  2324: fcffff;
  2325: feffff;
  2326: fffdff;
  2327: fffdff;
  2328: fffdfe;
  2329: fffdfa;
  2330: fffffb;
  2331: fcfefb;
  2332: feffff;
  2333: feffff;
  2334: fdfdfd;
  2335: ffffff;
  2336: bfc3c2;
  2337: 353638;
  2338: 30000;
  2339: 10002;
  2340: 107;
  2341: f23;
  2342: 305581;
  2343: 578ac3;
  2344: 5e9bda;
  2345: 5a9de1;
  2346: 579ade;
  2347: 5598dc;
  2348: 599ade;
  2349: 579ade;
  2350: 559add;
  2351: 569bde;
  2352: 5899db;
  2353: 589be1;
  2354: 579ce7;
  2355: 559cea;
  2356: 549be9;
  2357: 559be3;
  2358: 559add;
  2359: 589ad7;
  2360: 5799d5;
  2361: 5799d6;
  2362: 5499dc;
  2363: 569ce2;
  2364: 559be3;
  2365: 559de5;
  2366: 5da4e6;
  2367: 4d83b2;
  2368: 1121;
  2369: 20202;
  2370: 0;
  2371: 575757;
  2372: f4f4f4;
  2373: fefefe;
  2374: fefefe;
  2375: ffffff;
  2376: ffffff;
  2377: ffffff;
  2378: ffffff;
  2379: ffffff;
  2380: ffffff;
  2381: ffffff;
  2382: ffffff;
  2383: ffffff;
  2384: ffffff;
  2385: ffffff;
  2386: ffffff;
  2387: ffffff;
  2388: ffffff;
  2389: ffffff;
  2390: ffffff;
  2391: ffffff;
  2392: ffffff;
  2393: ffffff;
  2394: ffffff;
  2395: ffffff;
  2396: ffffff;
  2397: ffffff;
  2398: ffffff;
  2399: ffffff;
  2400: ffffff;
  2401: ffffff;
  2402: ffffff;
  2403: ffffff;
  2404: ffffff;
  2405: ffffff;
  2406: ffffff;
  2407: ffffff;
  2408: ffffff;
  2409: ffffff;
  2410: ffffff;
  2411: ffffff;
  2412: ffffff;
  2413: ffffff;
  2414: ffffff;
  2415: ffffff;
  2416: ffffff;
  2417: ffffff;
  2418: ffffff;
  2419: ffffff;
  2420: ffffff;
  2421: ffffff;
  2422: ffffff;
  2423: ffffff;
  2424: ffffff;
  2425: ffffff;
  2426: ffffff;
  2427: ffffff;
  2428: ffffff;
  2429: ffffff;
  2430: ffffff;
  2431: ffffff;
  2432: ffffff;
  2433: ffffff;
  2434: ffffff;
  2435: ffffff;
  2436: ffffff;
  2437: ffffff;
  2438: ffffff;
  2439: ffffff;
  2440: ffffff;
  2441: ffffff;
  2442: ffffff;
  2443: ffffff;
  2444: ffffff;
  2445: ffffff;
  2446: ffffff;
  2447: fffeff;
  2448: fffdff;
  2449: fffdff;
  2450: fffffd;
  2451: fefffb;
  2452: fefffd;
  2453: ffffff;
  2454: fffeff;
  2455: fffdff;
  2456: fffefd;
  2457: fefdf9;
  2458: fefffd;
  2459: fbfffe;
  2460: fafeff;
  2461: feffff;
  2462: fcfcfe;
  2463: e2e2e4;
  2464: 57585a;
  2465: 20305;
  2466: 40003;
  2467: 8;
  2468: e1e;
  2469: 2a4b6a;
  2470: 4f82b9;
  2471: 5a97d8;
  2472: 5798d8;
  2473: 5798d8;
  2474: 5998db;
  2475: 5b9add;
  2476: 579ade;
  2477: 569bde;
  2478: 579ade;
  2479: 579ade;
  2480: 5699dd;
  2481: 5699df;
  2482: 5499e4;
  2483: 5198e6;
  2484: 529ae6;
  2485: 559be3;
  2486: 579cdf;
  2487: 589cdb;
  2488: 599ddc;
  2489: 599dde;
  2490: 549ae0;
  2491: 559be3;
  2492: 5398e3;
  2493: 589ee4;
  2494: 64a9ea;
  2495: 5588b7;
  2496: 1020;
  2497: 20202;
  2498: 10101;
  2499: 585858;
  2500: f5f5f5;
  2501: ffffff;
  2502: fefefe;
  2503: fefefe;
  2504: ffffff;
  2505: ffffff;
  2506: ffffff;
  2507: ffffff;
  2508: ffffff;
  2509: ffffff;
  2510: ffffff;
  2511: ffffff;
  2512: ffffff;
  2513: ffffff;
  2514: ffffff;
  2515: ffffff;
  2516: ffffff;
  2517: ffffff;
  2518: ffffff;
  2519: ffffff;
  2520: ffffff;
  2521: ffffff;
  2522: ffffff;
  2523: ffffff;
  2524: ffffff;
  2525: ffffff;
  2526: ffffff;
  2527: ffffff;
  2528: ffffff;
  2529: ffffff;
  2530: ffffff;
  2531: ffffff;
  2532: ffffff;
  2533: ffffff;
  2534: ffffff;
  2535: ffffff;
  2536: ffffff;
  2537: ffffff;
  2538: ffffff;
  2539: ffffff;
  2540: ffffff;
  2541: ffffff;
  2542: ffffff;
  2543: ffffff;
  2544: ffffff;
  2545: ffffff;
  2546: ffffff;
  2547: ffffff;
  2548: ffffff;
  2549: ffffff;
  2550: ffffff;
  2551: ffffff;
  2552: ffffff;
  2553: ffffff;
  2554: ffffff;
  2555: ffffff;
  2556: ffffff;
  2557: ffffff;
  2558: ffffff;
  2559: ffffff;
  2560: ffffff;
  2561: ffffff;
  2562: ffffff;
  2563: ffffff;
  2564: ffffff;
  2565: ffffff;
  2566: ffffff;
  2567: ffffff;
  2568: ffffff;
  2569: ffffff;
  2570: ffffff;
  2571: ffffff;
  2572: ffffff;
  2573: ffffff;
  2574: ffffff;
  2575: fffeff;
  2576: fffdff;
  2577: fffdff;
  2578: fffeff;
  2579: fffffd;
  2580: fffffd;
  2581: fffffd;
  2582: fffeff;
  2583: fffefd;
  2584: fffffb;
  2585: fefffa;
  2586: fbfffe;
  2587: fcffff;
  2588: fcffff;
  2589: f8f9fe;
  2590: f9f7fc;
  2591: 8e8c8f;
  2592: d0c11;
  2593: 4;
  2594: 2;
  2595: 20e;
  2596: 1f3c5c;
  2597: 507eb0;
  2598: 5693d2;
  2599: 5499dc;
  2600: 5a9bdd;
  2601: 5b9bdb;
  2602: 5e9bde;
  2603: 5c9bde;
  2604: 5599da;
  2605: 559add;
  2606: 589bdf;
  2607: 579ade;
  2608: 589cdd;
  2609: 569bdc;
  2610: 5499de;
  2611: 5499de;
  2612: 569ae1;
  2613: 579ce1;
  2614: 549adf;
  2615: 4f98dc;
  2616: 519adf;
  2617: 57a0e5;
  2618: 5da3eb;
  2619: 62a4ee;
  2620: 62a1e8;
  2621: 66a1e3;
  2622: 6da3e1;
  2623: 5b81ae;
  2624: 20f1f;
  2625: 20202;
  2626: 0;
  2627: 585858;
  2628: f5f5f5;
  2629: ffffff;
  2630: ffffff;
  2631: ffffff;
  2632: ffffff;
  2633: ffffff;
  2634: ffffff;
  2635: ffffff;
  2636: ffffff;
  2637: ffffff;
  2638: ffffff;
  2639: ffffff;
  2640: ffffff;
  2641: ffffff;
  2642: ffffff;
  2643: ffffff;
  2644: ffffff;
  2645: ffffff;
  2646: ffffff;
  2647: ffffff;
  2648: ffffff;
  2649: ffffff;
  2650: ffffff;
  2651: ffffff;
  2652: ffffff;
  2653: ffffff;
  2654: ffffff;
  2655: ffffff;
  2656: ffffff;
  2657: ffffff;
  2658: ffffff;
  2659: ffffff;
  2660: ffffff;
  2661: ffffff;
  2662: ffffff;
  2663: ffffff;
  2664: ffffff;
  2665: ffffff;
  2666: ffffff;
  2667: ffffff;
  2668: ffffff;
  2669: ffffff;
  2670: ffffff;
  2671: ffffff;
  2672: ffffff;
  2673: ffffff;
  2674: ffffff;
  2675: ffffff;
  2676: ffffff;
  2677: ffffff;
  2678: ffffff;
  2679: ffffff;
  2680: ffffff;
  2681: ffffff;
  2682: ffffff;
  2683: ffffff;
  2684: ffffff;
  2685: ffffff;
  2686: ffffff;
  2687: ffffff;
  2688: ffffff;
  2689: ffffff;
  2690: ffffff;
  2691: ffffff;
  2692: ffffff;
  2693: ffffff;
  2694: ffffff;
  2695: ffffff;
  2696: ffffff;
  2697: ffffff;
  2698: ffffff;
  2699: ffffff;
  2700: ffffff;
  2701: ffffff;
  2702: ffffff;
  2703: fffeff;
  2704: fffdff;
  2705: fffdff;
  2706: fffeff;
  2707: fffffd;
  2708: fffffd;
  2709: fffffd;
  2710: fffefd;
  2711: fffffb;
  2712: fffffb;
  2713: fdfffc;
  2714: fcffff;
  2715: faffff;
  2716: fbfeff;
  2717: feffff;
  2718: cdcbce;
  2719: 2f2a2e;
  2720: 10005;
  2721: 108;
  2722: 50b;
  2723: e2439;
  2724: 4771a1;
  2725: 4f89c8;
  2726: 5398db;
  2727: 539ce0;
  2728: 589bdf;
  2729: 5b9add;
  2730: 5d99df;
  2731: 5a99de;
  2732: 559adb;
  2733: 569bdc;
  2734: 589be1;
  2735: 5699df;
  2736: 5699dd;
  2737: 589dde;
  2738: 5a9edf;
  2739: 589cdd;
  2740: 5899dd;
  2741: 579ade;
  2742: 579de2;
  2743: 569fe3;
  2744: 59a2e6;
  2745: 5ea3e6;
  2746: 64a4e4;
  2747: 659cdc;
  2748: 6091cb;
  2749: 5b86bb;
  2750: 557baa;
  2751: 435d80;
  2752: 30b16;
  2753: 0;
  2754: 0;
  2755: 565656;
  2756: f3f3f3;
  2757: ffffff;
  2758: ffffff;
  2759: fefefe;
  2760: ffffff;
  2761: ffffff;
  2762: ffffff;
  2763: ffffff;
  2764: ffffff;
  2765: ffffff;
  2766: ffffff;
  2767: ffffff;
  2768: ffffff;
  2769: ffffff;
  2770: ffffff;
  2771: ffffff;
  2772: ffffff;
  2773: ffffff;
  2774: ffffff;
  2775: ffffff;
  2776: ffffff;
  2777: ffffff;
  2778: ffffff;
  2779: ffffff;
  2780: ffffff;
  2781: ffffff;
  2782: ffffff;
  2783: ffffff;
  2784: ffffff;
  2785: ffffff;
  2786: ffffff;
  2787: ffffff;
  2788: ffffff;
  2789: ffffff;
  2790: ffffff;
  2791: ffffff;
  2792: ffffff;
  2793: ffffff;
  2794: ffffff;
  2795: ffffff;
  2796: ffffff;
  2797: ffffff;
  2798: ffffff;
  2799: ffffff;
  2800: ffffff;
  2801: ffffff;
  2802: ffffff;
  2803: ffffff;
  2804: ffffff;
  2805: ffffff;
  2806: ffffff;
  2807: ffffff;
  2808: ffffff;
  2809: ffffff;
  2810: ffffff;
  2811: ffffff;
  2812: ffffff;
  2813: ffffff;
  2814: ffffff;
  2815: ffffff;
  2816: ffffff;
  2817: ffffff;
  2818: ffffff;
  2819: ffffff;
  2820: ffffff;
  2821: ffffff;
  2822: ffffff;
  2823: ffffff;
  2824: ffffff;
  2825: ffffff;
  2826: ffffff;
  2827: ffffff;
  2828: ffffff;
  2829: ffffff;
  2830: ffffff;
  2831: ffffff;
  2832: fffeff;
  2833: fffdff;
  2834: fffdff;
  2835: fffeff;
  2836: fffefd;
  2837: fffefd;
  2838: fffefb;
  2839: fffffb;
  2840: fffffb;
  2841: fefffd;
  2842: fcffff;
  2843: fbffff;
  2844: fafbff;
  2845: eeedf2;
  2846: 6e6a6b;
  2847: 30000;
  2848: 20006;
  2849: c;
  2850: 1426;
  2851: 3a6084;
  2852: 5187c3;
  2853: 5696dd;
  2854: 5398db;
  2855: 549bdb;
  2856: 5598dc;
  2857: 5797de;
  2858: 5898e0;
  2859: 579ae0;
  2860: 579cdf;
  2861: 579cdd;
  2862: 579ae0;
  2863: 5699df;
  2864: 5598df;
  2865: 579ae0;
  2866: 599ade;
  2867: 5697db;
  2868: 5796d9;
  2869: 5c9ddf;
  2870: 61a5e6;
  2871: 66aae9;
  2872: 60a0dd;
  2873: 538fc5;
  2874: 4979a9;
  2875: 396089;
  2876: 2f4d6f;
  2877: 243e59;
  2878: 20344d;
  2879: 1a2738;
  2880: 1060c;
  2881: 0;
  2882: 0;
  2883: 585858;
  2884: f4f4f4;
  2885: ffffff;
  2886: fefefe;
  2887: fefefe;
  2888: ffffff;
  2889: ffffff;
  2890: ffffff;
  2891: ffffff;
  2892: ffffff;
  2893: ffffff;
  2894: ffffff;
  2895: ffffff;
  2896: ffffff;
  2897: ffffff;
  2898: ffffff;
  2899: ffffff;
  2900: ffffff;
  2901: ffffff;
  2902: ffffff;
  2903: ffffff;
  2904: ffffff;
  2905: ffffff;
  2906: ffffff;
  2907: ffffff;
  2908: ffffff;
  2909: ffffff;
  2910: ffffff;
  2911: ffffff;
  2912: ffffff;
  2913: ffffff;
  2914: ffffff;
  2915: ffffff;
  2916: ffffff;
  2917: ffffff;
  2918: ffffff;
  2919: ffffff;
  2920: ffffff;
  2921: ffffff;
  2922: ffffff;
  2923: ffffff;
  2924: ffffff;
  2925: ffffff;
  2926: ffffff;
  2927: ffffff;
  2928: ffffff;
  2929: ffffff;
  2930: ffffff;
  2931: ffffff;
  2932: ffffff;
  2933: ffffff;
  2934: ffffff;
  2935: ffffff;
  2936: ffffff;
  2937: ffffff;
  2938: ffffff;
  2939: ffffff;
  2940: ffffff;
  2941: ffffff;
  2942: ffffff;
  2943: ffffff;
  2944: ffffff;
  2945: ffffff;
  2946: ffffff;
  2947: ffffff;
  2948: ffffff;
  2949: ffffff;
  2950: ffffff;
  2951: ffffff;
  2952: ffffff;
  2953: ffffff;
  2954: ffffff;
  2955: ffffff;
  2956: ffffff;
  2957: ffffff;
  2958: ffffff;
  2959: ffffff;
  2960: ffffff;
  2961: fffeff;
  2962: fffeff;
  2963: fffeff;
  2964: fffefd;
  2965: fffefd;
  2966: fffefb;
  2967: fffffd;
  2968: fdfdfb;
  2969: feffff;
  2970: f7fbfc;
  2971: fcffff;
  2972: ffffff;
  2973: b2b0b1;
  2974: 171310;
  2975: 40001;
  2976: 9;
  2977: 91c;
  2978: 224364;
  2979: 5183b4;
  2980: 5292d2;
  2981: 5599e2;
  2982: 559add;
  2983: 579bdc;
  2984: 589bdf;
  2985: 589be1;
  2986: 579ae1;
  2987: 579be2;
  2988: 579ce1;
  2989: 5598dc;
  2990: 5699df;
  2991: 5a9de3;
  2992: 579be4;
  2993: 569ae3;
  2994: 5699df;
  2995: 5c9be0;
  2996: 64a1e2;
  2997: 66a2e0;
  2998: 5e99d1;
  2999: 568ec1;
  3000: 4474a2;
  3001: 2d577d;
  3002: 1b3d59;
  3003: 82137;
  3004: 11222;
  3005: 511;
  3006: 20b;
  3007: 208;
  3008: 10204;
  3009: 0;
  3010: 40404;
  3011: 5d5d5d;
  3012: f8f8f8;
  3013: ffffff;
  3014: ffffff;
  3015: ffffff;
  3016: ffffff;
  3017: ffffff;
  3018: ffffff;
  3019: ffffff;
  3020: ffffff;
  3021: ffffff;
  3022: ffffff;
  3023: ffffff;
  3024: ffffff;
  3025: ffffff;
  3026: ffffff;
  3027: ffffff;
  3028: ffffff;
  3029: ffffff;
  3030: ffffff;
  3031: ffffff;
  3032: ffffff;
  3033: ffffff;
  3034: ffffff;
  3035: ffffff;
  3036: ffffff;
  3037: ffffff;
  3038: ffffff;
  3039: ffffff;
  3040: ffffff;
  3041: ffffff;
  3042: ffffff;
  3043: ffffff;
  3044: ffffff;
  3045: ffffff;
  3046: ffffff;
  3047: ffffff;
  3048: ffffff;
  3049: ffffff;
  3050: ffffff;
  3051: ffffff;
  3052: ffffff;
  3053: ffffff;
  3054: ffffff;
  3055: ffffff;
  3056: ffffff;
  3057: ffffff;
  3058: ffffff;
  3059: ffffff;
  3060: ffffff;
  3061: ffffff;
  3062: ffffff;
  3063: ffffff;
  3064: ffffff;
  3065: ffffff;
  3066: ffffff;
  3067: ffffff;
  3068: ffffff;
  3069: ffffff;
  3070: ffffff;
  3071: ffffff;
  3072: ffffff;
  3073: ffffff;
  3074: ffffff;
  3075: ffffff;
  3076: ffffff;
  3077: ffffff;
  3078: ffffff;
  3079: ffffff;
  3080: ffffff;
  3081: ffffff;
  3082: ffffff;
  3083: ffffff;
  3084: ffffff;
  3085: ffffff;
  3086: ffffff;
  3087: ffffff;
  3088: feffff;
  3089: feffff;
  3090: ffffff;
  3091: fffeff;
  3092: fffefd;
  3093: fffefd;
  3094: fffffd;
  3095: fffffd;
  3096: fafcfb;
  3097: feffff;
  3098: fbfcfe;
  3099: ffffff;
  3100: ededed;
  3101: 4c4b47;
  3102: 40100;
  3103: 0;
  3104: 10;
  3105: 9203f;
  3106: 4e79ac;
  3107: 538dcc;
  3108: 4e92d1;
  3109: 579cdf;
  3110: 5999e0;
  3111: 5898df;
  3112: 579ade;
  3113: 579ce1;
  3114: 5399df;
  3115: 559be1;
  3116: 579ae1;
  3117: 5699e0;
  3118: 589be1;
  3119: 579ce1;
  3120: 569ae3;
  3121: 5399e1;
  3122: 5599e0;
  3123: 60a1e5;
  3124: 69a5e3;
  3125: 6598cd;
  3126: 49749e;
  3127: 294a6b;
  3128: e273d;
  3129: 51725;
  3130: c15;
  3131: 80c;
  3132: 205;
  3133: 204;
  3134: 303;
  3135: 102;
  3136: 20403;
  3137: 0;
  3138: 0;
  3139: 959595;
  3140: fbfbfb;
  3141: ffffff;
  3142: fefefe;
  3143: ffffff;
  3144: ffffff;
  3145: ffffff;
  3146: ffffff;
  3147: ffffff;
  3148: ffffff;
  3149: ffffff;
  3150: ffffff;
  3151: ffffff;
  3152: ffffff;
  3153: ffffff;
  3154: ffffff;
  3155: ffffff;
  3156: ffffff;
  3157: ffffff;
  3158: ffffff;
  3159: ffffff;
  3160: ffffff;
  3161: ffffff;
  3162: ffffff;
  3163: ffffff;
  3164: ffffff;
  3165: ffffff;
  3166: ffffff;
  3167: ffffff;
  3168: ffffff;
  3169: ffffff;
  3170: ffffff;
  3171: ffffff;
  3172: ffffff;
  3173: ffffff;
  3174: ffffff;
  3175: ffffff;
  3176: ffffff;
  3177: ffffff;
  3178: ffffff;
  3179: ffffff;
  3180: ffffff;
  3181: ffffff;
  3182: ffffff;
  3183: ffffff;
  3184: ffffff;
  3185: ffffff;
  3186: ffffff;
  3187: ffffff;
  3188: ffffff;
  3189: ffffff;
  3190: ffffff;
  3191: ffffff;
  3192: ffffff;
  3193: ffffff;
  3194: ffffff;
  3195: ffffff;
  3196: ffffff;
  3197: ffffff;
  3198: ffffff;
  3199: ffffff;
  3200: ffffff;
  3201: ffffff;
  3202: ffffff;
  3203: ffffff;
  3204: ffffff;
  3205: ffffff;
  3206: ffffff;
  3207: ffffff;
  3208: ffffff;
  3209: ffffff;
  3210: ffffff;
  3211: ffffff;
  3212: ffffff;
  3213: ffffff;
  3214: ffffff;
  3215: feffff;
  3216: fcffff;
  3217: fcffff;
  3218: feffff;
  3219: ffffff;
  3220: fffffd;
  3221: fffffd;
  3222: fffffd;
  3223: ffffff;
  3224: feffff;
  3225: fbfbfd;
  3226: ffffff;
  3227: fffeff;
  3228: a7a6a2;
  3229: 100f0b;
  3230: 100;
  3231: 205;
  3232: c24;
  3233: 2f527a;
  3234: 5385c4;
  3235: 508fd4;
  3236: 5399d7;
  3237: 589edc;
  3238: 5898df;
  3239: 5b9be3;
  3240: 5699df;
  3241: 589de2;
  3242: 569ce1;
  3243: 569ce1;
  3244: 589ae4;
  3245: 579ae1;
  3246: 559adf;
  3247: 5499de;
  3248: 5197dd;
  3249: 589de2;
  3250: 64a8e9;
  3251: 629fd8;
  3252: 4f81b4;
  3253: 365d84;
  3254: 18314f;
  3255: 51525;
  3256: 30c;
  3257: 104;
  3258: 201;
  3259: 100;
  3260: 200;
  3261: 403;
  3262: 50908;
  3263: 141817;
  3264: 191b1a;
  3265: 2a2a2a;
  3266: 575757;
  3267: cdcdcd;
  3268: ffffff;
  3269: ffffff;
  3270: ffffff;
  3271: fefefe;
  3272: ffffff;
  3273: ffffff;
  3274: ffffff;
  3275: ffffff;
  3276: ffffff;
  3277: ffffff;
  3278: ffffff;
  3279: ffffff;
  3280: ffffff;
  3281: ffffff;
  3282: ffffff;
  3283: ffffff;
  3284: ffffff;
  3285: ffffff;
  3286: ffffff;
  3287: ffffff;
  3288: ffffff;
  3289: ffffff;
  3290: ffffff;
  3291: ffffff;
  3292: ffffff;
  3293: ffffff;
  3294: ffffff;
  3295: ffffff;
  3296: ffffff;
  3297: ffffff;
  3298: ffffff;
  3299: ffffff;
  3300: ffffff;
  3301: ffffff;
  3302: ffffff;
  3303: ffffff;
  3304: ffffff;
  3305: ffffff;
  3306: ffffff;
  3307: ffffff;
  3308: ffffff;
  3309: ffffff;
  3310: ffffff;
  3311: ffffff;
  3312: ffffff;
  3313: ffffff;
  3314: ffffff;
  3315: ffffff;
  3316: ffffff;
  3317: ffffff;
  3318: ffffff;
  3319: ffffff;
  3320: ffffff;
  3321: ffffff;
  3322: ffffff;
  3323: ffffff;
  3324: ffffff;
  3325: ffffff;
  3326: ffffff;
  3327: ffffff;
  3328: ffffff;
  3329: ffffff;
  3330: ffffff;
  3331: ffffff;
  3332: ffffff;
  3333: ffffff;
  3334: ffffff;
  3335: ffffff;
  3336: ffffff;
  3337: ffffff;
  3338: ffffff;
  3339: ffffff;
  3340: ffffff;
  3341: ffffff;
  3342: ffffff;
  3343: feffff;
  3344: fcffff;
  3345: fcffff;
  3346: feffff;
  3347: ffffff;
  3348: fffffd;
  3349: fffffd;
  3350: ffffff;
  3351: feffff;
  3352: fffeff;
  3353: fcfbff;
  3354: fffdfe;
  3355: eae9e5;
  3356: 53524d;
  3357: 100;
  3358: 304;
  3359: 310;
  3360: d2f52;
  3361: 5281b5;
  3362: 568dce;
  3363: 5392d7;
  3364: 589cd9;
  3365: 579bda;
  3366: 579ae0;
  3367: 599ce3;
  3368: 5599e0;
  3369: 579ce1;
  3370: 579cdf;
  3371: 559add;
  3372: 579ae1;
  3373: 599ce3;
  3374: 569be0;
  3375: 579cdf;
  3376: 5aa1e3;
  3377: 5ca0dd;
  3378: 629ed2;
  3379: 5182ab;
  3380: 254868;
  3381: 2182d;
  3382: 413;
  3383: 7;
  3384: 30305;
  3385: 10000;
  3386: a0a08;
  3387: f110e;
  3388: 181c1b;
  3389: 333939;
  3390: 4a4f52;
  3391: 5e6263;
  3392: 6c6d6f;
  3393: 868686;
  3394: c0c0c0;
  3395: fcfcfc;
  3396: ffffff;
  3397: fefefe;
  3398: ffffff;
  3399: fefefe;
  3400: ffffff;
  3401: ffffff;
  3402: ffffff;
  3403: ffffff;
  3404: ffffff;
  3405: ffffff;
  3406: ffffff;
  3407: ffffff;
  3408: ffffff;
  3409: ffffff;
  3410: ffffff;
  3411: ffffff;
  3412: ffffff;
  3413: ffffff;
  3414: ffffff;
  3415: ffffff;
  3416: ffffff;
  3417: ffffff;
  3418: ffffff;
  3419: ffffff;
  3420: ffffff;
  3421: ffffff;
  3422: ffffff;
  3423: ffffff;
  3424: ffffff;
  3425: ffffff;
  3426: ffffff;
  3427: ffffff;
  3428: ffffff;
  3429: ffffff;
  3430: ffffff;
  3431: ffffff;
  3432: ffffff;
  3433: ffffff;
  3434: ffffff;
  3435: ffffff;
  3436: ffffff;
  3437: ffffff;
  3438: ffffff;
  3439: ffffff;
  3440: ffffff;
  3441: ffffff;
  3442: ffffff;
  3443: ffffff;
  3444: ffffff;
  3445: ffffff;
  3446: ffffff;
  3447: ffffff;
  3448: ffffff;
  3449: ffffff;
  3450: ffffff;
  3451: ffffff;
  3452: ffffff;
  3453: ffffff;
  3454: ffffff;
  3455: ffffff;
  3456: ffffff;
  3457: ffffff;
  3458: ffffff;
  3459: ffffff;
  3460: ffffff;
  3461: ffffff;
  3462: ffffff;
  3463: ffffff;
  3464: ffffff;
  3465: ffffff;
  3466: ffffff;
  3467: ffffff;
  3468: ffffff;
  3469: ffffff;
  3470: ffffff;
  3471: feffff;
  3472: fcffff;
  3473: fcffff;
  3474: feffff;
  3475: fffffd;
  3476: fffffd;
  3477: fefffd;
  3478: feffff;
  3479: feffff;
  3480: fdfcff;
  3481: fffeff;
  3482: fffefd;
  3483: b0afaa;
  3484: 14150f;
  3485: 301;
  3486: 50b;
  3487: f25;
  3488: 356190;
  3489: 5890cd;
  3490: 528dcf;
  3491: 5796d9;
  3492: 5899db;
  3493: 5599da;
  3494: 589bdf;
  3495: 559adf;
  3496: 579be2;
  3497: 559adf;
  3498: 579bdc;
  3499: 579bdc;
  3500: 579ae0;
  3501: 579ae0;
  3502: 5598dc;
  3503: 5a9edf;
  3504: 65a5e3;
  3505: 629ed4;
  3506: 3d6c96;
  3507: 143652;
  3508: 1223;
  3509: 20b;
  3510: 106;
  3511: 30104;
  3512: 10000;
  3513: 191919;
  3514: 484a47;
  3515: 6f7470;
  3516: 929695;
  3517: b3b7b6;
  3518: c4c8c9;
  3519: cacecf;
  3520: d1d1d1;
  3521: dedede;
  3522: f8f8f8;
  3523: ffffff;
  3524: ffffff;
  3525: ffffff;
  3526: fcfcfc;
  3527: ffffff;
  3528: ffffff;
  3529: ffffff;
  3530: ffffff;
  3531: ffffff;
  3532: ffffff;
  3533: ffffff;
  3534: ffffff;
  3535: ffffff;
  3536: ffffff;
  3537: ffffff;
  3538: ffffff;
  3539: ffffff;
  3540: ffffff;
  3541: ffffff;
  3542: ffffff;
  3543: ffffff;
  3544: ffffff;
  3545: ffffff;
  3546: ffffff;
  3547: ffffff;
  3548: ffffff;
  3549: ffffff;
  3550: ffffff;
  3551: ffffff;
  3552: ffffff;
  3553: ffffff;
  3554: ffffff;
  3555: ffffff;
  3556: ffffff;
  3557: ffffff;
  3558: ffffff;
  3559: ffffff;
  3560: ffffff;
  3561: ffffff;
  3562: ffffff;
  3563: ffffff;
  3564: ffffff;
  3565: ffffff;
  3566: ffffff;
  3567: ffffff;
  3568: ffffff;
  3569: ffffff;
  3570: ffffff;
  3571: ffffff;
  3572: ffffff;
  3573: ffffff;
  3574: ffffff;
  3575: ffffff;
  3576: ffffff;
  3577: ffffff;
  3578: ffffff;
  3579: ffffff;
  3580: ffffff;
  3581: ffffff;
  3582: ffffff;
  3583: ffffff;
  3584: ffffff;
  3585: ffffff;
  3586: ffffff;
  3587: ffffff;
  3588: ffffff;
  3589: ffffff;
  3590: ffffff;
  3591: ffffff;
  3592: ffffff;
  3593: ffffff;
  3594: ffffff;
  3595: ffffff;
  3596: ffffff;
  3597: ffffff;
  3598: ffffff;
  3599: ffffff;
  3600: feffff;
  3601: feffff;
  3602: ffffff;
  3603: fffffd;
  3604: fefffb;
  3605: fefffd;
  3606: feffff;
  3607: feffff;
  3608: fffeff;
  3609: fbf9fc;
  3610: f3efec;
  3611: 575651;
  3612: 200;
  3613: 305;
  3614: 313;
  3615: 123054;
  3616: 5386bf;
  3617: 4d8ccf;
  3618: 5390cf;
  3619: 5a9ad8;
  3620: 5999e0;
  3621: 579ae1;
  3622: 579cdf;
  3623: 569bde;
  3624: 579ce1;
  3625: 5598de;
  3626: 5b9ce0;
  3627: 5c9ddf;
  3628: 5699dd;
  3629: 5396da;
  3630: 5a99dc;
  3631: 64a0de;
  3632: 6195ce;
  3633: 47729f;
  3634: 102f4c;
  3635: 517;
  3636: 1060c;
  3637: 10002;
  3638: 10002;
  3639: 1d1b20;
  3640: 3a3b40;
  3641: 757a7d;
  3642: a6acac;
  3643: cfd5d1;
  3644: f4f9f3;
  3645: fefffb;
  3646: fcfdf8;
  3647: fefefc;
  3648: fefefe;
  3649: ffffff;
  3650: ffffff;
  3651: fbfbfb;
  3652: ffffff;
  3653: ffffff;
  3654: fdfdfd;
  3655: ffffff;
  3656: ffffff;
  3657: ffffff;
  3658: ffffff;
  3659: ffffff;
  3660: ffffff;
  3661: ffffff;
  3662: ffffff;
  3663: ffffff;
  3664: ffffff;
  3665: ffffff;
  3666: ffffff;
  3667: ffffff;
  3668: ffffff;
  3669: ffffff;
  3670: ffffff;
  3671: ffffff;
  3672: ffffff;
  3673: ffffff;
  3674: ffffff;
  3675: ffffff;
  3676: ffffff;
  3677: ffffff;
  3678: ffffff;
  3679: ffffff;
  3680: ffffff;
  3681: ffffff;
  3682: ffffff;
  3683: ffffff;
  3684: ffffff;
  3685: ffffff;
  3686: ffffff;
  3687: ffffff;
  3688: ffffff;
  3689: ffffff;
  3690: ffffff;
  3691: ffffff;
  3692: ffffff;
  3693: ffffff;
  3694: ffffff;
  3695: ffffff;
  3696: ffffff;
  3697: ffffff;
  3698: ffffff;
  3699: ffffff;
  3700: ffffff;
  3701: ffffff;
  3702: ffffff;
  3703: ffffff;
  3704: ffffff;
  3705: ffffff;
  3706: ffffff;
  3707: ffffff;
  3708: ffffff;
  3709: ffffff;
  3710: ffffff;
  3711: ffffff;
  3712: ffffff;
  3713: ffffff;
  3714: ffffff;
  3715: ffffff;
  3716: ffffff;
  3717: ffffff;
  3718: ffffff;
  3719: ffffff;
  3720: ffffff;
  3721: ffffff;
  3722: ffffff;
  3723: ffffff;
  3724: ffffff;
  3725: ffffff;
  3726: ffffff;
  3727: ffffff;
  3728: ffffff;
  3729: ffffff;
  3730: ffffff;
  3731: fffffb;
  3732: fefffa;
  3733: fefffb;
  3734: fcffff;
  3735: feffff;
  3736: fffeff;
  3737: fffeff;
  3738: c4bfbc;
  3739: 11100b;
  3740: 604;
  3741: 50c;
  3742: a25;
  3743: 3c5e8b;
  3744: 578ece;
  3745: 4b8bd2;
  3746: 5898d8;
  3747: 5899d9;
  3748: 5b9be3;
  3749: 599be5;
  3750: 5398db;
  3751: 589dde;
  3752: 589bdf;
  3753: 5699dd;
  3754: 579ade;
  3755: 589cdd;
  3756: 5498d9;
  3757: 599ada;
  3758: 67a4e5;
  3759: 6a9ed8;
  3760: 466d98;
  3761: d2846;
  3762: 81a;
  3763: 209;
  3764: 0;
  3765: 60200;
  3766: 262223;
  3767: 6e6c6f;
  3768: bfc0c5;
  3769: e5e8ed;
  3770: f0f6f6;
  3771: f8fdf9;
  3772: fefffb;
  3773: fffffa;
  3774: fffffb;
  3775: fffffd;
  3776: ffffff;
  3777: fefefe;
  3778: ffffff;
  3779: ffffff;
  3780: ffffff;
  3781: fefefe;
  3782: ffffff;
  3783: ffffff;
  3784: ffffff;
  3785: ffffff;
  3786: ffffff;
  3787: ffffff;
  3788: ffffff;
  3789: ffffff;
  3790: ffffff;
  3791: ffffff;
  3792: ffffff;
  3793: ffffff;
  3794: ffffff;
  3795: ffffff;
  3796: ffffff;
  3797: ffffff;
  3798: ffffff;
  3799: ffffff;
  3800: ffffff;
  3801: ffffff;
  3802: ffffff;
  3803: ffffff;
  3804: ffffff;
  3805: ffffff;
  3806: ffffff;
  3807: ffffff;
  3808: ffffff;
  3809: ffffff;
  3810: ffffff;
  3811: ffffff;
  3812: ffffff;
  3813: ffffff;
  3814: ffffff;
  3815: ffffff;
  3816: ffffff;
  3817: ffffff;
  3818: ffffff;
  3819: ffffff;
  3820: ffffff;
  3821: ffffff;
  3822: ffffff;
  3823: ffffff;
  3824: ffffff;
  3825: ffffff;
  3826: ffffff;
  3827: ffffff;
  3828: ffffff;
  3829: ffffff;
  3830: ffffff;
  3831: ffffff;
  3832: ffffff;
  3833: ffffff;
  3834: ffffff;
  3835: ffffff;
  3836: ffffff;
  3837: ffffff;
  3838: ffffff;
  3839: ffffff;
  3840: ffffff;
  3841: ffffff;
  3842: ffffff;
  3843: ffffff;
  3844: ffffff;
  3845: ffffff;
  3846: ffffff;
  3847: ffffff;
  3848: ffffff;
  3849: ffffff;
  3850: ffffff;
  3851: ffffff;
  3852: ffffff;
  3853: ffffff;
  3854: ffffff;
  3855: ffffff;
  3856: fffeff;
  3857: fffeff;
  3858: fffeff;
  3859: fffffb;
  3860: fffffa;
  3861: fefffa;
  3862: fcffff;
  3863: feffff;
  3864: fbfaff;
  3865: fffeff;
  3866: 7e7975;
  3867: 10000;
  3868: 403;
  3869: 612;
  3870: e284b;
  3871: 5981b5;
  3872: 538acb;
  3873: 4f8fd6;
  3874: 599ce2;
  3875: 559adf;
  3876: 579be4;
  3877: 569ce4;
  3878: 5398dd;
  3879: 589bdf;
  3880: 579bda;
  3881: 589cdb;
  3882: 5497db;
  3883: 5699dd;
  3884: 5599d8;
  3885: 61a1df;
  3886: 629edc;
  3887: 4775a7;
  3888: 192e49;
  3889: 20c;
  3890: 207;
  3891: 302;
  3892: 30502;
  3893: 464644;
  3894: 969495;
  3895: cecccd;
  3896: f7f5f8;
  3897: fffdff;
  3898: ffffff;
  3899: fffffd;
  3900: fcfcfa;
  3901: fdfbfc;
  3902: fffeff;
  3903: fefcff;
  3904: fefefe;
  3905: fdfdfd;
  3906: ffffff;
  3907: ffffff;
  3908: fdfdfd;
  3909: fdfdfd;
  3910: ffffff;
  3911: ffffff;
  3912: ffffff;
  3913: ffffff;
  3914: ffffff;
  3915: ffffff;
  3916: ffffff;
  3917: ffffff;
  3918: ffffff;
  3919: ffffff;
  3920: ffffff;
  3921: ffffff;
  3922: ffffff;
  3923: ffffff;
  3924: ffffff;
  3925: ffffff;
  3926: ffffff;
  3927: ffffff;
  3928: ffffff;
  3929: ffffff;
  3930: ffffff;
  3931: ffffff;
  3932: ffffff;
  3933: ffffff;
  3934: ffffff;
  3935: ffffff;
  3936: ffffff;
  3937: ffffff;
  3938: ffffff;
  3939: ffffff;
  3940: ffffff;
  3941: ffffff;
  3942: ffffff;
  3943: ffffff;
  3944: ffffff;
  3945: ffffff;
  3946: ffffff;
  3947: ffffff;
  3948: ffffff;
  3949: ffffff;
  3950: ffffff;
  3951: ffffff;
  3952: ffffff;
  3953: ffffff;
  3954: ffffff;
  3955: ffffff;
  3956: ffffff;
  3957: ffffff;
  3958: ffffff;
  3959: ffffff;
  3960: ffffff;
  3961: ffffff;
  3962: ffffff;
  3963: ffffff;
  3964: ffffff;
  3965: ffffff;
  3966: ffffff;
  3967: ffffff;
  3968: ffffff;
  3969: ffffff;
  3970: ffffff;
  3971: ffffff;
  3972: ffffff;
  3973: ffffff;
  3974: ffffff;
  3975: ffffff;
  3976: ffffff;
  3977: ffffff;
  3978: ffffff;
  3979: ffffff;
  3980: ffffff;
  3981: ffffff;
  3982: ffffff;
  3983: ffffff;
  3984: fffeff;
  3985: fffeff;
  3986: fffeff;
  3987: fffffd;
  3988: fffffb;
  3989: fefffb;
  3990: fefffd;
  3991: feffff;
  3992: ffffff;
  3993: e1dfe0;
  3994: 322e2b;
  3995: 0;
  3996: 307;
  3997: b20;
  3998: 355784;
  3999: 5d8bc7;
  4000: 518bcb;
  4001: 5293d7;
  4002: 589be2;
  4003: 589ce5;
  4004: 549ae0;
  4005: 559adf;
  4006: 589de2;
  4007: 559add;
  4008: 559adb;
  4009: 599edf;
  4010: 5598dc;
  4011: 589bdf;
  4012: 5c9ddd;
  4013: 67a2dc;
  4014: 5486b9;
  4015: 15375a;
  4016: 20e;
  4017: 100;
  4018: 302;
  4019: e130f;
  4020: 444945;
  4021: aaaca9;
  4022: f7f7f7;
  4023: fffeff;
  4024: fffeff;
  4025: fffeff;
  4026: fffffd;
  4027: fffffd;
  4028: fffeff;
  4029: fffeff;
  4030: fefcff;
  4031: fffeff;
  4032: ffffff;
  4033: feffff;
  4034: fefefe;
  4035: fcfcfc;
  4036: fefefe;
  4037: ffffff;
  4038: fcfcfc;
  4039: ffffff;
  4040: ffffff;
  4041: ffffff;
  4042: ffffff;
  4043: ffffff;
  4044: ffffff;
  4045: ffffff;
  4046: ffffff;
  4047: ffffff;
  4048: ffffff;
  4049: ffffff;
  4050: ffffff;
  4051: ffffff;
  4052: fffeff;
  4053: fffeff;
  4054: fffeff;
  4055: fffeff;
  4056: fffeff;
  4057: ffffff;
  4058: ffffff;
  4059: ffffff;
  4060: ffffff;
  4061: ffffff;
  4062: ffffff;
  4063: ffffff;
  4064: ffffff;
  4065: fffffd;
  4066: fffeff;
  4067: ffffff;
  4068: ffffff;
  4069: ffffff;
  4070: ffffff;
  4071: ffffff;
  4072: ffffff;
  4073: ffffff;
  4074: ffffff;
  4075: ffffff;
  4076: ffffff;
  4077: ffffff;
  4078: ffffff;
  4079: ffffff;
  4080: ffffff;
  4081: ffffff;
  4082: ffffff;
  4083: ffffff;
  4084: ffffff;
  4085: ffffff;
  4086: ffffff;
  4087: ffffff;
  4088: ffffff;
  4089: ffffff;
  4090: ffffff;
  4091: ffffff;
  4092: ffffff;
  4093: ffffff;
  4094: ffffff;
  4095: ffffff;
  4096: ffffff;
  4097: ffffff;
  4098: ffffff;
  4099: ffffff;
  4100: ffffff;
  4101: ffffff;
  4102: ffffff;
  4103: ffffff;
  4104: ffffff;
  4105: ffffff;
  4106: ffffff;
  4107: ffffff;
  4108: ffffff;
  4109: ffffff;
  4110: ffffff;
  4111: ffffff;
  4112: fffeff;
  4113: fefefe;
  4114: fcfefd;
  4115: fcfdff;
  4116: feffff;
  4117: ffffff;
  4118: fffffd;
  4119: fefffa;
  4120: fdfdfb;
  4121: a8a8a8;
  4122: a0809;
  4123: 5;
  4124: 512;
  4125: 5203d;
  4126: 4e7cb0;
  4127: 528ccc;
  4128: 508dce;
  4129: 5798dc;
  4130: 589be2;
  4131: 5498df;
  4132: 579ade;
  4133: 589cdd;
  4134: 559adb;
  4135: 559cde;
  4136: 519cdf;
  4137: 539ce0;
  4138: 5396da;
  4139: 5d9cdf;
  4140: 63a0df;
  4141: 6296c8;
  4142: 23425f;
  4143: e1d;
  4144: 307;
  4145: 0;
  4146: 100;
  4147: 565857;
  4148: c1c3c2;
  4149: eeeeee;
  4150: ffffff;
  4151: ffffff;
  4152: fffeff;
  4153: fffeff;
  4154: ffffff;
  4155: ffffff;
  4156: ffffff;
  4157: ffffff;
  4158: ffffff;
  4159: ffffff;
  4160: feffff;
  4161: fcfffd;
  4162: fefffd;
  4163: fefffd;
  4164: fefffd;
  4165: fefffd;
  4166: fefffd;
  4167: fefffd;
  4168: fefffd;
  4169: fefffd;
  4170: feffff;
  4171: feffff;
  4172: feffff;
  4173: feffff;
  4174: feffff;
  4175: feffff;
  4176: feffff;
  4177: feffff;
  4178: ffffff;
  4179: fffeff;
  4180: fffeff;
  4181: fffdfd;
  4182: fffdff;
  4183: fffdff;
  4184: fffdff;
  4185: fffeff;
  4186: fffeff;
  4187: fffeff;
  4188: fffeff;
  4189: ffffff;
  4190: ffffff;
  4191: ffffff;
  4192: fffffd;
  4193: fffffb;
  4194: fffefd;
  4195: fffffd;
  4196: fffffd;
  4197: fffffd;
  4198: ffffff;
  4199: ffffff;
  4200: ffffff;
  4201: ffffff;
  4202: ffffff;
  4203: ffffff;
  4204: ffffff;
  4205: ffffff;
  4206: ffffff;
  4207: ffffff;
  4208: ffffff;
  4209: ffffff;
  4210: ffffff;
  4211: ffffff;
  4212: ffffff;
  4213: ffffff;
  4214: ffffff;
  4215: ffffff;
  4216: ffffff;
  4217: ffffff;
  4218: ffffff;
  4219: ffffff;
  4220: ffffff;
  4221: ffffff;
  4222: ffffff;
  4223: ffffff;
  4224: ffffff;
  4225: ffffff;
  4226: ffffff;
  4227: ffffff;
  4228: ffffff;
  4229: ffffff;
  4230: ffffff;
  4231: ffffff;
  4232: ffffff;
  4233: ffffff;
  4234: ffffff;
  4235: ffffff;
  4236: ffffff;
  4237: ffffff;
  4238: ffffff;
  4239: ffffff;
  4240: fffffd;
  4241: fefefc;
  4242: fcffff;
  4243: fcffff;
  4244: fdfeff;
  4245: fdfdff;
  4246: fffffd;
  4247: fffefa;
  4248: f6f6f4;
  4249: 5b5d5c;
  4250: 40406;
  4251: 10a;
  4252: 317;
  4253: 214368;
  4254: 5b8fc9;
  4255: 4a89ce;
  4256: 5190d3;
  4257: 5899db;
  4258: 589be2;
  4259: 5699e0;
  4260: 599adc;
  4261: 599ada;
  4262: 559adb;
  4263: 539dde;
  4264: 549fe3;
  4265: 559ee3;
  4266: 5699df;
  4267: 629edd;
  4268: 699dd6;
  4269: 375e87;
  4270: 11425;
  4271: 205;
  4272: 2;
  4273: 30303;
  4274: 535353;
  4275: b6b6b6;
  4276: fefefe;
  4277: ffffff;
  4278: fdfdfd;
  4279: fefefe;
  4280: ffffff;
  4281: ffffff;
  4282: ffffff;
  4283: ffffff;
  4284: ffffff;
  4285: ffffff;
  4286: ffffff;
  4287: ffffff;
  4288: feffff;
  4289: fefffd;
  4290: feffff;
  4291: fefffd;
  4292: feffff;
  4293: fefffd;
  4294: ffffff;
  4295: fefffd;
  4296: ffffff;
  4297: feffff;
  4298: ffffff;
  4299: feffff;
  4300: ffffff;
  4301: feffff;
  4302: ffffff;
  4303: feffff;
  4304: feffff;
  4305: feffff;
  4306: ffffff;
  4307: fffeff;
  4308: fffefd;
  4309: fffefd;
  4310: fffdff;
  4311: fffeff;
  4312: fffeff;
  4313: fffeff;
  4314: ffffff;
  4315: ffffff;
  4316: ffffff;
  4317: ffffff;
  4318: ffffff;
  4319: ffffff;
  4320: fffffd;
  4321: fffffb;
  4322: fffefd;
  4323: fffffd;
  4324: fffffd;
  4325: ffffff;
  4326: ffffff;
  4327: ffffff;
  4328: ffffff;
  4329: ffffff;
  4330: ffffff;
  4331: ffffff;
  4332: ffffff;
  4333: ffffff;
  4334: ffffff;
  4335: ffffff;
  4336: ffffff;
  4337: ffffff;
  4338: ffffff;
  4339: ffffff;
  4340: ffffff;
  4341: ffffff;
  4342: ffffff;
  4343: ffffff;
  4344: ffffff;
  4345: ffffff;
  4346: ffffff;
  4347: ffffff;
  4348: ffffff;
  4349: ffffff;
  4350: ffffff;
  4351: ffffff;
  4352: ffffff;
  4353: ffffff;
  4354: ffffff;
  4355: ffffff;
  4356: ffffff;
  4357: ffffff;
  4358: ffffff;
  4359: ffffff;
  4360: ffffff;
  4361: ffffff;
  4362: ffffff;
  4363: ffffff;
  4364: ffffff;
  4365: ffffff;
  4366: ffffff;
  4367: ffffff;
  4368: fffffd;
  4369: fdfdfb;
  4370: fcffff;
  4371: fcffff;
  4372: fcfdff;
  4373: ffffff;
  4374: fffffd;
  4375: fffffb;
  4376: dddddd;
  4377: 1f2120;
  4378: 2;
  4379: 10b;
  4380: d25;
  4381: 456a94;
  4382: 588eca;
  4383: 4988cd;
  4384: 5596d8;
  4385: 599ade;
  4386: 579ae0;
  4387: 5699df;
  4388: 599adc;
  4389: 579bda;
  4390: 559adb;
  4391: 569ddf;
  4392: 5499dc;
  4393: 5499dc;
  4394: 589de2;
  4395: 69a3e2;
  4396: 567da8;
  4397: 9233e;
  4398: 312;
  4399: 107;
  4400: 10204;
  4401: 363636;
  4402: b6b6b6;
  4403: f9f9f9;
  4404: ffffff;
  4405: fdfdfd;
  4406: ffffff;
  4407: fdfdfd;
  4408: ffffff;
  4409: ffffff;
  4410: ffffff;
  4411: ffffff;
  4412: ffffff;
  4413: ffffff;
  4414: ffffff;
  4415: ffffff;
  4416: ffffff;
  4417: ffffff;
  4418: ffffff;
  4419: ffffff;
  4420: ffffff;
  4421: ffffff;
  4422: fffeff;
  4423: ffffff;
  4424: fffeff;
  4425: ffffff;
  4426: fffeff;
  4427: ffffff;
  4428: fffeff;
  4429: ffffff;
  4430: fffeff;
  4431: ffffff;
  4432: fefffd;
  4433: fefffb;
  4434: fefffd;
  4435: fefffd;
  4436: fefffd;
  4437: fefffd;
  4438: fffffd;
  4439: fffffd;
  4440: fffffd;
  4441: fffffd;
  4442: fefffd;
  4443: fefffb;
  4444: fefffb;
  4445: fefffb;
  4446: fefffb;
  4447: fffffb;
  4448: fffffd;
  4449: fffffd;
  4450: fffeff;
  4451: ffffff;
  4452: ffffff;
  4453: feffff;
  4454: feffff;
  4455: feffff;
  4456: feffff;
  4457: feffff;
  4458: ffffff;
  4459: ffffff;
  4460: ffffff;
  4461: ffffff;
  4462: fffffd;
  4463: fffffd;
  4464: ffffff;
  4465: ffffff;
  4466: ffffff;
  4467: ffffff;
  4468: ffffff;
  4469: ffffff;
  4470: ffffff;
  4471: ffffff;
  4472: ffffff;
  4473: ffffff;
  4474: ffffff;
  4475: ffffff;
  4476: ffffff;
  4477: ffffff;
  4478: ffffff;
  4479: ffffff;
  4480: ffffff;
  4481: ffffff;
  4482: ffffff;
  4483: ffffff;
  4484: ffffff;
  4485: ffffff;
  4486: ffffff;
  4487: ffffff;
  4488: ffffff;
  4489: ffffff;
  4490: ffffff;
  4491: ffffff;
  4492: ffffff;
  4493: ffffff;
  4494: ffffff;
  4495: ffffff;
  4496: fffffd;
  4497: fdfffc;
  4498: fdfeff;
  4499: feffff;
  4500: ffffff;
  4501: fffffd;
  4502: fffefd;
  4503: fffefc;
  4504: acacae;
  4505: b0c0e;
  4506: 0;
  4507: 20c;
  4508: e2947;
  4509: 5884b5;
  4510: 4f87c4;
  4511: 4d8cd1;
  4512: 599ade;
  4513: 579ade;
  4514: 569be0;
  4515: 569be0;
  4516: 589cdd;
  4517: 579bdc;
  4518: 559add;
  4519: 579cdf;
  4520: 5b9cde;
  4521: 5697d9;
  4522: 5ea1e5;
  4523: 669ad3;
  4524: 274260;
  4525: 515;
  4526: 50f;
  4527: 107;
  4528: 1f2022;
  4529: a4a4a4;
  4530: f2f2f2;
  4531: ffffff;
  4532: fcfcfc;
  4533: fefefe;
  4534: fefefe;
  4535: ffffff;
  4536: ffffff;
  4537: ffffff;
  4538: ffffff;
  4539: ffffff;
  4540: ffffff;
  4541: ffffff;
  4542: ffffff;
  4543: ffffff;
  4544: fffeff;
  4545: fffeff;
  4546: fffeff;
  4547: fffeff;
  4548: fffeff;
  4549: fffeff;
  4550: fffeff;
  4551: fffeff;
  4552: fffeff;
  4553: fffeff;
  4554: fffeff;
  4555: fffeff;
  4556: fffeff;
  4557: fffeff;
  4558: fffeff;
  4559: fffffd;
  4560: fffffb;
  4561: fffffb;
  4562: fefffb;
  4563: fcfffd;
  4564: fcffff;
  4565: fcffff;
  4566: fcffff;
  4567: fcffff;
  4568: fefffd;
  4569: fefffb;
  4570: fefffb;
  4571: fffffa;
  4572: fffffa;
  4573: fffffa;
  4574: fffffa;
  4575: fffffb;
  4576: ffffff;
  4577: ffffff;
  4578: ffffff;
  4579: ffffff;
  4580: feffff;
  4581: feffff;
  4582: feffff;
  4583: feffff;
  4584: feffff;
  4585: feffff;
  4586: ffffff;
  4587: ffffff;
  4588: ffffff;
  4589: ffffff;
  4590: fffffd;
  4591: fffffd;
  4592: ffffff;
  4593: ffffff;
  4594: ffffff;
  4595: ffffff;
  4596: ffffff;
  4597: ffffff;
  4598: ffffff;
  4599: ffffff;
  4600: ffffff;
  4601: ffffff;
  4602: ffffff;
  4603: ffffff;
  4604: ffffff;
  4605: ffffff;
  4606: ffffff;
  4607: ffffff;
  4608: ffffff;
  4609: ffffff;
  4610: ffffff;
  4611: ffffff;
  4612: ffffff;
  4613: ffffff;
  4614: ffffff;
  4615: ffffff;
  4616: ffffff;
  4617: ffffff;
  4618: ffffff;
  4619: ffffff;
  4620: ffffff;
  4621: ffffff;
  4622: ffffff;
  4623: ffffff;
  4624: fefffd;
  4625: feffff;
  4626: fcfdff;
  4627: fefeff;
  4628: fffffd;
  4629: fefffa;
  4630: fffcfb;
  4631: faf9f7;
  4632: 6d6d6f;
  4633: 103;
  4634: 100;
  4635: 511;
  4636: 26496f;
  4637: 5a8dc4;
  4638: 4e8ac9;
  4639: 5493d8;
  4640: 5b9ce0;
  4641: 579ae0;
  4642: 569be0;
  4643: 579ce1;
  4644: 579bdc;
  4645: 569adb;
  4646: 579ade;
  4647: 599ade;
  4648: 5d9cdf;
  4649: 5b98d9;
  4650: 66a2e0;
  4651: 45719e;
  4652: 51223;
  4653: 10206;
  4654: 107;
  4655: 60b0f;
  4656: 797a7c;
  4657: f0f0f0;
  4658: ffffff;
  4659: ffffff;
  4660: ffffff;
  4661: ffffff;
  4662: fefefe;
  4663: fefefe;
  4664: ffffff;
  4665: ffffff;
  4666: ffffff;
  4667: ffffff;
  4668: ffffff;
  4669: ffffff;
  4670: ffffff;
  4671: ffffff;
  4672: fffeff;
  4673: fffeff;
  4674: fffeff;
  4675: fffeff;
  4676: fffeff;
  4677: fffeff;
  4678: fffeff;
  4679: fffffd;
  4680: fffeff;
  4681: fffffd;
  4682: fffeff;
  4683: fffffd;
  4684: fffeff;
  4685: fffffd;
  4686: fffefd;
  4687: fffefb;
  4688: fffefb;
  4689: fffffb;
  4690: fffffd;
  4691: feffff;
  4692: fcffff;
  4693: fbffff;
  4694: fbffff;
  4695: fcffff;
  4696: feffff;
  4697: fefffd;
  4698: fffffd;
  4699: fffffb;
  4700: fffffb;
  4701: fffffb;
  4702: fffffb;
  4703: fffffd;
  4704: ffffff;
  4705: feffff;
  4706: feffff;
  4707: feffff;
  4708: feffff;
  4709: feffff;
  4710: feffff;
  4711: feffff;
  4712: feffff;
  4713: feffff;
  4714: ffffff;
  4715: ffffff;
  4716: fffffd;
  4717: fffffd;
  4718: fffffd;
  4719: fffffd;
  4720: ffffff;
  4721: ffffff;
  4722: ffffff;
  4723: ffffff;
  4724: ffffff;
  4725: ffffff;
  4726: ffffff;
  4727: ffffff;
  4728: ffffff;
  4729: ffffff;
  4730: ffffff;
  4731: ffffff;
  4732: ffffff;
  4733: ffffff;
  4734: ffffff;
  4735: ffffff;
  4736: ffffff;
  4737: ffffff;
  4738: ffffff;
  4739: ffffff;
  4740: ffffff;
  4741: ffffff;
  4742: ffffff;
  4743: ffffff;
  4744: ffffff;
  4745: ffffff;
  4746: ffffff;
  4747: ffffff;
  4748: ffffff;
  4749: ffffff;
  4750: ffffff;
  4751: ffffff;
  4752: fdfffe;
  4753: feffff;
  4754: ffffff;
  4755: fefefe;
  4756: fffffb;
  4757: fdfef9;
  4758: fffffb;
  4759: ebe9ea;
  4760: 363638;
  4761: 4;
  4762: 407;
  4763: b1b;
  4764: 3f6a97;
  4765: 548fcb;
  4766: 4d8acb;
  4767: 5697db;
  4768: 599ce2;
  4769: 559adf;
  4770: 559be0;
  4771: 569ddf;
  4772: 559adb;
  4773: 569adb;
  4774: 5a9bdf;
  4775: 5998dd;
  4776: 5796db;
  4777: 639fde;
  4778: 6497cc;
  4779: 1a3c5f;
  4780: 20c;
  4781: 30000;
  4782: 4;
  4783: 404447;
  4784: d9dadc;
  4785: fdfdfd;
  4786: fdfdfd;
  4787: ffffff;
  4788: fbfbfb;
  4789: fcfcfc;
  4790: ffffff;
  4791: fcfcfc;
  4792: ffffff;
  4793: ffffff;
  4794: ffffff;
  4795: ffffff;
  4796: ffffff;
  4797: ffffff;
  4798: ffffff;
  4799: ffffff;
  4800: ffffff;
  4801: ffffff;
  4802: fffeff;
  4803: ffffff;
  4804: ffffff;
  4805: ffffff;
  4806: fffffd;
  4807: fffffd;
  4808: fffffd;
  4809: fffffd;
  4810: fffffd;
  4811: fffffd;
  4812: fffffd;
  4813: fffffd;
  4814: fffffb;
  4815: fffefb;
  4816: fffefb;
  4817: fffefd;
  4818: fffeff;
  4819: ffffff;
  4820: fcffff;
  4821: fcffff;
  4822: fcffff;
  4823: fcffff;
  4824: feffff;
  4825: ffffff;
  4826: fffffd;
  4827: fffffd;
  4828: fffefd;
  4829: fffefd;
  4830: fffefd;
  4831: fffeff;
  4832: ffffff;
  4833: feffff;
  4834: feffff;
  4835: feffff;
  4836: feffff;
  4837: feffff;
  4838: feffff;
  4839: feffff;
  4840: feffff;
  4841: feffff;
  4842: ffffff;
  4843: ffffff;
  4844: fffffd;
  4845: fffffd;
  4846: fffffd;
  4847: fffffd;
  4848: ffffff;
  4849: ffffff;
  4850: ffffff;
  4851: ffffff;
  4852: ffffff;
  4853: ffffff;
  4854: ffffff;
  4855: ffffff;
  4856: ffffff;
  4857: ffffff;
  4858: ffffff;
  4859: ffffff;
  4860: ffffff;
  4861: ffffff;
  4862: ffffff;
  4863: ffffff;
  4864: ffffff;
  4865: ffffff;
  4866: ffffff;
  4867: ffffff;
  4868: ffffff;
  4869: ffffff;
  4870: ffffff;
  4871: ffffff;
  4872: ffffff;
  4873: ffffff;
  4874: ffffff;
  4875: ffffff;
  4876: ffffff;
  4877: ffffff;
  4878: ffffff;
  4879: ffffff;
  4880: fdfffe;
  4881: fdfffe;
  4882: fffeff;
  4883: fffeff;
  4884: fffffb;
  4885: fffffb;
  4886: fffffb;
  4887: c6c5c3;
  4888: 141416;
  4889: 5;
  4890: 309;
  4891: a2037;
  4892: 4f81b4;
  4893: 4d8ccf;
  4894: 4a89ce;
  4895: 5798dc;
  4896: 579ae0;
  4897: 559adf;
  4898: 569ddf;
  4899: 569ddd;
  4900: 5499da;
  4901: 579bdc;
  4902: 5b9add;
  4903: 5897dc;
  4904: 579ae1;
  4905: 6aa4e3;
  4906: 4b729d;
  4907: 142c;
  4908: 5;
  4909: 30000;
  4910: 1a1819;
  4911: a1a1a3;
  4912: fcfcfc;
  4913: ffffff;
  4914: ffffff;
  4915: fefefe;
  4916: ffffff;
  4917: fefefe;
  4918: fdfdfd;
  4919: ffffff;
  4920: ffffff;
  4921: ffffff;
  4922: ffffff;
  4923: ffffff;
  4924: ffffff;
  4925: ffffff;
  4926: ffffff;
  4927: ffffff;
  4928: ffffff;
  4929: feffff;
  4930: ffffff;
  4931: feffff;
  4932: feffff;
  4933: feffff;
  4934: feffff;
  4935: feffff;
  4936: feffff;
  4937: feffff;
  4938: fefffd;
  4939: fefffd;
  4940: fffffd;
  4941: fffffd;
  4942: fffffb;
  4943: fffffb;
  4944: fffefd;
  4945: fffeff;
  4946: fffeff;
  4947: fffeff;
  4948: ffffff;
  4949: feffff;
  4950: feffff;
  4951: feffff;
  4952: fffffd;
  4953: fffffd;
  4954: fffffd;
  4955: fffffd;
  4956: fffffd;
  4957: fffeff;
  4958: fffeff;
  4959: fffeff;
  4960: ffffff;
  4961: ffffff;
  4962: ffffff;
  4963: ffffff;
  4964: ffffff;
  4965: ffffff;
  4966: ffffff;
  4967: ffffff;
  4968: ffffff;
  4969: ffffff;
  4970: ffffff;
  4971: ffffff;
  4972: ffffff;
  4973: ffffff;
  4974: ffffff;
  4975: ffffff;
  4976: ffffff;
  4977: ffffff;
  4978: ffffff;
  4979: ffffff;
  4980: ffffff;
  4981: ffffff;
  4982: ffffff;
  4983: ffffff;
  4984: ffffff;
  4985: ffffff;
  4986: ffffff;
  4987: ffffff;
  4988: ffffff;
  4989: ffffff;
  4990: ffffff;
  4991: ffffff;
  4992: ffffff;
  4993: ffffff;
  4994: ffffff;
  4995: ffffff;
  4996: ffffff;
  4997: ffffff;
  4998: ffffff;
  4999: ffffff;
  5000: ffffff;
  5001: ffffff;
  5002: ffffff;
  5003: ffffff;
  5004: ffffff;
  5005: ffffff;
  5006: ffffff;
  5007: feffff;
  5008: feffff;
  5009: fafbfd;
  5010: fffeff;
  5011: fffffd;
  5012: fffffd;
  5013: fffffd;
  5014: fcfbf7;
  5015: 9e9d9b;
  5016: 70508;
  5017: 209;
  5018: 20e;
  5019: 213c59;
  5020: 538ac2;
  5021: 468bd0;
  5022: 4f92d8;
  5023: 5699dd;
  5024: 5699df;
  5025: 5499dc;
  5026: 579cdd;
  5027: 579cdd;
  5028: 5499da;
  5029: 579bdc;
  5030: 5e9bde;
  5031: 5897dc;
  5032: 599be5;
  5033: 679dd9;
  5034: 234060;
  5035: 20e;
  5036: 205;
  5037: 10100;
  5038: 51504e;
  5039: f1eff0;
  5040: ffffff;
  5041: fdfdfd;
  5042: ffffff;
  5043: fefefe;
  5044: fefefe;
  5045: ffffff;
  5046: fdfdfd;
  5047: ffffff;
  5048: ffffff;
  5049: ffffff;
  5050: ffffff;
  5051: ffffff;
  5052: ffffff;
  5053: ffffff;
  5054: ffffff;
  5055: ffffff;
  5056: feffff;
  5057: feffff;
  5058: feffff;
  5059: feffff;
  5060: feffff;
  5061: fcffff;
  5062: fcffff;
  5063: fcffff;
  5064: fcffff;
  5065: fcffff;
  5066: feffff;
  5067: feffff;
  5068: feffff;
  5069: fefffd;
  5070: fefffd;
  5071: fffffd;
  5072: fffeff;
  5073: fffeff;
  5074: fffeff;
  5075: fffeff;
  5076: fffffd;
  5077: fffffd;
  5078: fffffd;
  5079: fffffd;
  5080: fffffd;
  5081: fffffd;
  5082: ffffff;
  5083: ffffff;
  5084: ffffff;
  5085: ffffff;
  5086: fffeff;
  5087: fffeff;
  5088: fffeff;
  5089: fffffd;
  5090: fffeff;
  5091: fffffd;
  5092: fffeff;
  5093: ffffff;
  5094: ffffff;
  5095: ffffff;
  5096: ffffff;
  5097: ffffff;
  5098: ffffff;
  5099: ffffff;
  5100: ffffff;
  5101: ffffff;
  5102: ffffff;
  5103: ffffff;
  5104: ffffff;
  5105: ffffff;
  5106: ffffff;
  5107: ffffff;
  5108: ffffff;
  5109: ffffff;
  5110: ffffff;
  5111: ffffff;
  5112: ffffff;
  5113: ffffff;
  5114: ffffff;
  5115: ffffff;
  5116: ffffff;
  5117: ffffff;
  5118: ffffff;
  5119: ffffff;
  5120: ffffff;
  5121: ffffff;
  5122: ffffff;
  5123: ffffff;
  5124: ffffff;
  5125: ffffff;
  5126: ffffff;
  5127: ffffff;
  5128: ffffff;
  5129: ffffff;
  5130: ffffff;
  5131: ffffff;
  5132: ffffff;
  5133: ffffff;
  5134: ffffff;
  5135: feffff;
  5136: feffff;
  5137: feffff;
  5138: fffffb;
  5139: fffffb;
  5140: fefefe;
  5141: fefefe;
  5142: fdfcfa;
  5143: 6c6b69;
  5144: 30102;
  5145: 7;
  5146: 316;
  5147: 3c5c82;
  5148: 5591cd;
  5149: 4089ce;
  5150: 5295db;
  5151: 5699df;
  5152: 599ce3;
  5153: 5499dc;
  5154: 5a9bdb;
  5155: 569ad9;
  5156: 569bde;
  5157: 589de0;
  5158: 5897dc;
  5159: 5b9adf;
  5160: 61a1e8;
  5161: 5285bc;
  5162: 2172c;
  5163: 105;
  5164: 104;
  5165: e1211;
  5166: afaeac;
  5167: fffffd;
  5168: ffffff;
  5169: ffffff;
  5170: ffffff;
  5171: ffffff;
  5172: ffffff;
  5173: ffffff;
  5174: ffffff;
  5175: ffffff;
  5176: ffffff;
  5177: ffffff;
  5178: ffffff;
  5179: ffffff;
  5180: ffffff;
  5181: ffffff;
  5182: ffffff;
  5183: ffffff;
  5184: ffffff;
  5185: fbfbfd;
  5186: ffffff;
  5187: fdfeff;
  5188: feffff;
  5189: feffff;
  5190: fbfcff;
  5191: feffff;
  5192: feffff;
  5193: feffff;
  5194: feffff;
  5195: feffff;
  5196: feffff;
  5197: feffff;
  5198: ffffff;
  5199: ffffff;
  5200: fefdff;
  5201: fffeff;
  5202: fffeff;
  5203: fffdfe;
  5204: fffffd;
  5205: fffefa;
  5206: fffefb;
  5207: fefdfb;
  5208: fffffd;
  5209: ffffff;
  5210: feffff;
  5211: feffff;
  5212: feffff;
  5213: feffff;
  5214: fefdff;
  5215: ffffff;
  5216: fffffd;
  5217: fffffb;
  5218: fffefd;
  5219: fffefa;
  5220: fffefd;
  5221: fffffd;
  5222: fffffd;
  5223: fffffd;
  5224: fffffd;
  5225: fffffd;
  5226: ffffff;
  5227: fefefe;
  5228: ffffff;
  5229: ffffff;
  5230: feffff;
  5231: fdfeff;
  5232: ffffff;
  5233: ffffff;
  5234: ffffff;
  5235: ffffff;
  5236: ffffff;
  5237: ffffff;
  5238: ffffff;
  5239: ffffff;
  5240: ffffff;
  5241: ffffff;
  5242: ffffff;
  5243: ffffff;
  5244: ffffff;
  5245: ffffff;
  5246: ffffff;
  5247: ffffff;
  5248: ffffff;
  5249: ffffff;
  5250: ffffff;
  5251: ffffff;
  5252: ffffff;
  5253: ffffff;
  5254: ffffff;
  5255: ffffff;
  5256: ffffff;
  5257: ffffff;
  5258: ffffff;
  5259: ffffff;
  5260: ffffff;
  5261: ffffff;
  5262: ffffff;
  5263: ffffff;
  5264: fdfeff;
  5265: feffff;
  5266: fffffb;
  5267: fefdf8;
  5268: fdfeff;
  5269: feffff;
  5270: eeeeec;
  5271: 454440;
  5272: 20100;
  5273: 10a;
  5274: e28;
  5275: 446b96;
  5276: 5391ce;
  5277: 448dd2;
  5278: 5396dd;
  5279: 589be1;
  5280: 569ae1;
  5281: 5598dc;
  5282: 5a9ad8;
  5283: 5999d7;
  5284: 579cdf;
  5285: 589de2;
  5286: 5797de;
  5287: 5f9cdf;
  5288: 629edd;
  5289: 2f5b8a;
  5290: 413;
  5291: 30504;
  5292: 303;
  5293: 414747;
  5294: ececec;
  5295: fffffd;
  5296: ffffff;
  5297: ffffff;
  5298: ffffff;
  5299: ffffff;
  5300: ffffff;
  5301: ffffff;
  5302: ffffff;
  5303: ffffff;
  5304: ffffff;
  5305: ffffff;
  5306: ffffff;
  5307: ffffff;
  5308: ffffff;
  5309: ffffff;
  5310: ffffff;
  5311: ffffff;
  5312: fcfafb;
  5313: fffeff;
  5314: fffeff;
  5315: fafafc;
  5316: fcfcfe;
  5317: fcfdff;
  5318: fbfbfd;
  5319: fbfcfe;
  5320: fafbfd;
  5321: fafbfd;
  5322: fafbfd;
  5323: fafbfd;
  5324: fafbfd;
  5325: fafcfb;
  5326: fbfbfb;
  5327: fbfbfd;
  5328: fbfaff;
  5329: fefdff;
  5330: fefdff;
  5331: fffeff;
  5332: fffffd;
  5333: fffefd;
  5334: fffefd;
  5335: fffefc;
  5336: fefdfb;
  5337: ffffff;
  5338: fbfcfe;
  5339: fafbfd;
  5340: fbfcff;
  5341: f8f9fd;
  5342: feffff;
  5343: fcfcfe;
  5344: fbfaf8;
  5345: fefaf7;
  5346: fffcf9;
  5347: fffcf9;
  5348: fefaf7;
  5349: fdf9f6;
  5350: fbfaf8;
  5351: fdfcfa;
  5352: fefdfb;
  5353: fffffd;
  5354: fefefe;
  5355: ffffff;
  5356: fefefe;
  5357: ffffff;
  5358: feffff;
  5359: feffff;
  5360: ffffff;
  5361: ffffff;
  5362: ffffff;
  5363: ffffff;
  5364: ffffff;
  5365: ffffff;
  5366: ffffff;
  5367: ffffff;
  5368: ffffff;
  5369: ffffff;
  5370: ffffff;
  5371: ffffff;
  5372: ffffff;
  5373: ffffff;
  5374: ffffff;
  5375: ffffff;
  5376: ffffff;
  5377: ffffff;
  5378: ffffff;
  5379: ffffff;
  5380: ffffff;
  5381: ffffff;
  5382: ffffff;
  5383: ffffff;
  5384: ffffff;
  5385: ffffff;
  5386: ffffff;
  5387: ffffff;
  5388: ffffff;
  5389: ffffff;
  5390: ffffff;
  5391: ffffff;
  5392: fdfcff;
  5393: ffffff;
  5394: fffffa;
  5395: fefdf8;
  5396: feffff;
  5397: fcffff;
  5398: dadad8;
  5399: 201f1b;
  5400: 10000;
  5401: 20c;
  5402: 71f41;
  5403: 4f7aad;
  5404: 4d8dcb;
  5405: 488ed4;
  5406: 5497de;
  5407: 589be2;
  5408: 5599e0;
  5409: 5699dd;
  5410: 5b99d6;
  5411: 5b99d6;
  5412: 589be1;
  5413: 559be1;
  5414: 5598df;
  5415: 619edf;
  5416: 679ad1;
  5417: 103257;
  5418: 20e;
  5419: 100;
  5420: 60c0c;
  5421: 929898;
  5422: feffff;
  5423: fdfdfd;
  5424: ffffff;
  5425: ffffff;
  5426: ffffff;
  5427: ffffff;
  5428: ffffff;
  5429: ffffff;
  5430: ffffff;
  5431: ffffff;
  5432: ffffff;
  5433: ffffff;
  5434: ffffff;
  5435: ffffff;
  5436: ffffff;
  5437: ffffff;
  5438: ffffff;
  5439: fffffd;
  5440: fffefb;
  5441: f3f0eb;
  5442: d0ccc9;
  5443: bfbbb8;
  5444: bcbbb9;
  5445: b9b9b7;
  5446: bcbabb;
  5447: bbbbbb;
  5448: bbbbbb;
  5449: bbbbbb;
  5450: bbbbbb;
  5451: bbbbbb;
  5452: bbbbbb;
  5453: bbbbb9;
  5454: bcbbb9;
  5455: bbbbbb;
  5456: bcbbc0;
  5457: cfced3;
  5458: f7f6fb;
  5459: ffffff;
  5460: fdfdff;
  5461: fefcfd;
  5462: fffeff;
  5463: fffffd;
  5464: eeedeb;
  5465: c7c6c4;
  5466: bab8b9;
  5467: bebcbd;
  5468: bebcbf;
  5469: b8b6b9;
  5470: bfbdc0;
  5471: bbb9ba;
  5472: bcbbb9;
  5473: bcbbb9;
  5474: bcbbb9;
  5475: bdbcba;
  5476: bcbbb9;
  5477: bcbbb9;
  5478: bdbcba;
  5479: c0bfbd;
  5480: dddcda;
  5481: fbfaf8;
  5482: fefefe;
  5483: fefefe;
  5484: feffff;
  5485: feffff;
  5486: feffff;
  5487: fcfdff;
  5488: ffffff;
  5489: ffffff;
  5490: ffffff;
  5491: ffffff;
  5492: ffffff;
  5493: ffffff;
  5494: ffffff;
  5495: ffffff;
  5496: ffffff;
  5497: ffffff;
  5498: ffffff;
  5499: ffffff;
  5500: ffffff;
  5501: ffffff;
  5502: ffffff;
  5503: ffffff;
  5504: ffffff;
  5505: ffffff;
  5506: ffffff;
  5507: ffffff;
  5508: ffffff;
  5509: ffffff;
  5510: ffffff;
  5511: ffffff;
  5512: ffffff;
  5513: ffffff;
  5514: ffffff;
  5515: ffffff;
  5516: ffffff;
  5517: ffffff;
  5518: ffffff;
  5519: ffffff;
  5520: fffeff;
  5521: fffdff;
  5522: fffef9;
  5523: fffffb;
  5524: fcffff;
  5525: f8fdff;
  5526: c0c2c1;
  5527: d0e09;
  5528: 30000;
  5529: 10c;
  5530: 16345a;
  5531: 5586be;
  5532: 4a8aca;
  5533: 4a8ed5;
  5534: 5699e0;
  5535: 579ae1;
  5536: 569ae1;
  5537: 589bdf;
  5538: 5c99d8;
  5539: 5b98d7;
  5540: 589be1;
  5541: 549ae2;
  5542: 5599e0;
  5543: 65a1df;
  5544: 5782ad;
  5545: 1530;
  5546: 30c;
  5547: 100;
  5548: 262827;
  5549: dbdddc;
  5550: fafbfd;
  5551: feffff;
  5552: ffffff;
  5553: ffffff;
  5554: ffffff;
  5555: ffffff;
  5556: ffffff;
  5557: ffffff;
  5558: ffffff;
  5559: ffffff;
  5560: ffffff;
  5561: ffffff;
  5562: ffffff;
  5563: ffffff;
  5564: ffffff;
  5565: ffffff;
  5566: ffffff;
  5567: fffefc;
  5568: fbf8f3;
  5569: 9f9a94;
  5570: 58534f;
  5571: 45423d;
  5572: 41403c;
  5573: 3f403b;
  5574: 3f3f3d;
  5575: 3e3e3c;
  5576: 3f3f3d;
  5577: 3e403d;
  5578: 3e403f;
  5579: 3e403d;
  5580: 3e403f;
  5581: 3e403d;
  5582: 3f3f3d;
  5583: 3f3f3d;
  5584: 3d3e40;
  5585: 58595d;
  5586: bcbfc4;
  5587: faffff;
  5588: f9ffff;
  5589: f9ffff;
  5590: fbffff;
  5591: fbffff;
  5592: 929294;
  5593: 454344;
  5594: 403c3b;
  5595: 433f3c;
  5596: 423e3d;
  5597: 413d3c;
  5598: 403f3d;
  5599: 3d3d3d;
  5600: 404040;
  5601: 3e3e3e;
  5602: 3d3d3d;
  5603: 3e3e3e;
  5604: 3f3f3f;
  5605: 3e3e3e;
  5606: 3f3f3f;
  5607: 40403e;
  5608: 656364;
  5609: c0c0c0;
  5610: fefefe;
  5611: ffffff;
  5612: feffff;
  5613: fafbfd;
  5614: feffff;
  5615: feffff;
  5616: ffffff;
  5617: ffffff;
  5618: ffffff;
  5619: ffffff;
  5620: ffffff;
  5621: ffffff;
  5622: ffffff;
  5623: ffffff;
  5624: ffffff;
  5625: ffffff;
  5626: ffffff;
  5627: ffffff;
  5628: ffffff;
  5629: ffffff;
  5630: ffffff;
  5631: ffffff;
  5632: ffffff;
  5633: ffffff;
  5634: ffffff;
  5635: ffffff;
  5636: ffffff;
  5637: ffffff;
  5638: ffffff;
  5639: ffffff;
  5640: ffffff;
  5641: ffffff;
  5642: ffffff;
  5643: ffffff;
  5644: ffffff;
  5645: ffffff;
  5646: ffffff;
  5647: ffffff;
  5648: fffeff;
  5649: fffdfe;
  5650: fefdf9;
  5651: fefffd;
  5652: faffff;
  5653: f4f9fc;
  5654: a2a4a3;
  5655: 60604;
  5656: 40000;
  5657: 10e;
  5658: 254a74;
  5659: 558dc8;
  5660: 4a8aca;
  5661: 4d90d6;
  5662: 5b9be2;
  5663: 579ae0;
  5664: 569be0;
  5665: 599ce0;
  5666: 5c99da;
  5667: 5c99dc;
  5668: 579ae1;
  5669: 549ae2;
  5670: 579de2;
  5671: 67a2da;
  5672: 3f6385;
  5673: 718;
  5674: 209;
  5675: 10204;
  5676: 5b5a58;
  5677: faf9f7;
  5678: feffff;
  5679: feffff;
  5680: ffffff;
  5681: ffffff;
  5682: ffffff;
  5683: ffffff;
  5684: ffffff;
  5685: ffffff;
  5686: ffffff;
  5687: ffffff;
  5688: ffffff;
  5689: ffffff;
  5690: ffffff;
  5691: ffffff;
  5692: ffffff;
  5693: ffffff;
  5694: fefefe;
  5695: fefdfb;
  5696: d7d4cf;
  5697: 413e37;
  5698: 30000;
  5699: 10000;
  5700: 100;
  5701: 10300;
  5702: 201;
  5703: 100;
  5704: 100;
  5705: 100;
  5706: 102;
  5707: 100;
  5708: 102;
  5709: 100;
  5710: 100;
  5711: 100;
  5712: 100;
  5713: 608;
  5714: 606b71;
  5715: dbecf6;
  5716: e0f3ff;
  5717: daf0fe;
  5718: dff2ff;
  5719: ccdde7;
  5720: 2b343b;
  5721: 102;
  5722: 40300;
  5723: 30000;
  5724: 30000;
  5725: 40300;
  5726: 30400;
  5727: 100;
  5728: 104;
  5729: 105;
  5730: 206;
  5731: 206;
  5732: 104;
  5733: 104;
  5734: 2;
  5735: 100;
  5736: a0a0c;
  5737: 656565;
  5738: eeeeee;
  5739: ffffff;
  5740: fefefe;
  5741: fefefe;
  5742: fdfdfd;
  5743: ffffff;
  5744: ffffff;
  5745: ffffff;
  5746: ffffff;
  5747: ffffff;
  5748: ffffff;
  5749: ffffff;
  5750: ffffff;
  5751: ffffff;
  5752: ffffff;
  5753: ffffff;
  5754: ffffff;
  5755: ffffff;
  5756: ffffff;
  5757: ffffff;
  5758: ffffff;
  5759: ffffff;
  5760: ffffff;
  5761: ffffff;
  5762: ffffff;
  5763: ffffff;
  5764: ffffff;
  5765: ffffff;
  5766: ffffff;
  5767: ffffff;
  5768: ffffff;
  5769: ffffff;
  5770: ffffff;
  5771: ffffff;
  5772: ffffff;
  5773: ffffff;
  5774: ffffff;
  5775: ffffff;
  5776: fffeff;
  5777: fffeff;
  5778: fefefc;
  5779: feffff;
  5780: fbffff;
  5781: f8fefe;
  5782: 838786;
  5783: 40402;
  5784: 60000;
  5785: 212;
  5786: 325d8a;
  5787: 518dcb;
  5788: 4c89cc;
  5789: 5190d5;
  5790: 5b9be2;
  5791: 5898df;
  5792: 5699df;
  5793: 589bdf;
  5794: 5a99de;
  5795: 5b9adf;
  5796: 5799e3;
  5797: 559be3;
  5798: 5ba0e3;
  5799: 659fd1;
  5800: 294962;
  5801: 40d;
  5802: 105;
  5803: a0a0a;
  5804: 9b9794;
  5805: fffdfa;
  5806: ffffff;
  5807: fdfeff;
  5808: ffffff;
  5809: ffffff;
  5810: ffffff;
  5811: ffffff;
  5812: ffffff;
  5813: ffffff;
  5814: ffffff;
  5815: ffffff;
  5816: fefefe;
  5817: ffffff;
  5818: ffffff;
  5819: ffffff;
  5820: ffffff;
  5821: ffffff;
  5822: fefefe;
  5823: fcfcfc;
  5824: a1a09e;
  5825: e0f0a;
  5826: 0;
  5827: 10302;
  5828: 102;
  5829: 104;
  5830: 104;
  5831: 205;
  5832: 205;
  5833: 107;
  5834: 107;
  5835: 107;
  5836: 107;
  5837: 107;
  5838: 107;
  5839: 207;
  5840: 207;
  5841: 40b;
  5842: 263c4a;
  5843: aac6dc;
  5844: a6c9e5;
  5845: a5c9e9;
  5846: abceec;
  5847: 89a7c1;
  5848: 31627;
  5849: 30c;
  5850: 104;
  5851: 0;
  5852: 0;
  5853: 100;
  5854: 202;
  5855: 205;
  5856: 207;
  5857: 209;
  5858: 30a;
  5859: 209;
  5860: 107;
  5861: 105;
  5862: 306;
  5863: 306;
  5864: 2;
  5865: 1d1e20;
  5866: d5d5d5;
  5867: fcfcfc;
  5868: fcfcfc;
  5869: ffffff;
  5870: fcfcfc;
  5871: ffffff;
  5872: ffffff;
  5873: ffffff;
  5874: ffffff;
  5875: ffffff;
  5876: ffffff;
  5877: ffffff;
  5878: ffffff;
  5879: ffffff;
  5880: ffffff;
  5881: ffffff;
  5882: ffffff;
  5883: ffffff;
  5884: ffffff;
  5885: ffffff;
  5886: ffffff;
  5887: ffffff;
  5888: ffffff;
  5889: ffffff;
  5890: ffffff;
  5891: ffffff;
  5892: ffffff;
  5893: ffffff;
  5894: ffffff;
  5895: ffffff;
  5896: ffffff;
  5897: ffffff;
  5898: ffffff;
  5899: ffffff;
  5900: ffffff;
  5901: ffffff;
  5902: ffffff;
  5903: ffffff;
  5904: fffdfe;
  5905: fffeff;
  5906: ffffff;
  5907: feffff;
  5908: f9ffff;
  5909: f5fefb;
  5910: 65696a;
  5911: 30303;
  5912: 50000;
  5913: 718;
  5914: 3b6a98;
  5915: 4e8ece;
  5916: 4a87ca;
  5917: 5693d6;
  5918: 5b9adf;
  5919: 5899dd;
  5920: 579ade;
  5921: 579ade;
  5922: 5898df;
  5923: 5a9ae2;
  5924: 5698e2;
  5925: 579be2;
  5926: 5b9fde;
  5927: 5d93c1;
  5928: e2a3f;
  5929: 307;
  5930: 103;
  5931: 1c1815;
  5932: d3cecb;
  5933: fffefb;
  5934: fdfdfd;
  5935: feffff;
  5936: ffffff;
  5937: ffffff;
  5938: ffffff;
  5939: ffffff;
  5940: ffffff;
  5941: ffffff;
  5942: ffffff;
  5943: ffffff;
  5944: fefefe;
  5945: ffffff;
  5946: ffffff;
  5947: ffffff;
  5948: ffffff;
  5949: ffffff;
  5950: fefefe;
  5951: fbfbfd;
  5952: 7a7b7f;
  5953: 5;
  5954: 108;
  5955: 40a;
  5956: 70f;
  5957: 20913;
  5958: 10914;
  5959: 20c18;
  5960: 30d19;
  5961: 10d1b;
  5962: 10d1b;
  5963: 10d1b;
  5964: 10d1b;
  5965: 10d1b;
  5966: 10d1b;
  5967: d1d;
  5968: e1e;
  5969: 41d33;
  5970: 305373;
  5971: 7eabd4;
  5972: 79aee0;
  5973: 77b0e7;
  5974: 7eb3e7;
  5975: 6695c3;
  5976: f3156;
  5977: 142f;
  5978: 91a;
  5979: 40c17;
  5980: 70d19;
  5981: 20a15;
  5982: a18;
  5983: e1b;
  5984: d18;
  5985: e19;
  5986: d16;
  5987: c15;
  5988: 40e17;
  5989: 50e15;
  5990: 60c;
  5991: 105;
  5992: 104;
  5993: 103;
  5994: c5c5c5;
  5995: ffffff;
  5996: fefdfb;
  5997: fffffd;
  5998: fefdfb;
  5999: fffffd;
  6000: ffffff;
  6001: ffffff;
  6002: ffffff;
  6003: ffffff;
  6004: ffffff;
  6005: ffffff;
  6006: ffffff;
  6007: ffffff;
  6008: ffffff;
  6009: ffffff;
  6010: ffffff;
  6011: ffffff;
  6012: ffffff;
  6013: ffffff;
  6014: ffffff;
  6015: ffffff;
  6016: ffffff;
  6017: ffffff;
  6018: ffffff;
  6019: ffffff;
  6020: ffffff;
  6021: ffffff;
  6022: ffffff;
  6023: ffffff;
  6024: ffffff;
  6025: ffffff;
  6026: ffffff;
  6027: ffffff;
  6028: ffffff;
  6029: ffffff;
  6030: ffffff;
  6031: ffffff;
  6032: fffeff;
  6033: fffeff;
  6034: fffeff;
  6035: feffff;
  6036: f9fffd;
  6037: f0f6f4;
  6038: 4c5051;
  6039: 10103;
  6040: 40003;
  6041: c1d;
  6042: 4272a3;
  6043: 508fd2;
  6044: 4b88cb;
  6045: 5a97da;
  6046: 5b9adf;
  6047: 5a9bdf;
  6048: 5a9bdd;
  6049: 579ade;
  6050: 5699df;
  6051: 589be2;
  6052: 5599e2;
  6053: 589be2;
  6054: 5b9cdc;
  6055: 5489b5;
  6056: 1727;
  6057: 104;
  6058: 20200;
  6059: 35312e;
  6060: f0ebe8;
  6061: fffdfa;
  6062: ffffff;
  6063: fcfdff;
  6064: ffffff;
  6065: ffffff;
  6066: ffffff;
  6067: ffffff;
  6068: ffffff;
  6069: ffffff;
  6070: ffffff;
  6071: ffffff;
  6072: fefefe;
  6073: ffffff;
  6074: ffffff;
  6075: ffffff;
  6076: ffffff;
  6077: ffffff;
  6078: fefefe;
  6079: f9fafc;
  6080: 797d80;
  6081: 2050c;
  6082: 9;
  6083: 20f;
  6084: 15263a;
  6085: 223850;
  6086: 233b57;
  6087: 213a58;
  6088: 253e5c;
  6089: 243f5c;
  6090: 243f5d;
  6091: 223f5d;
  6092: 243f5d;
  6093: 243f5d;
  6094: 243f5d;
  6095: 223f5f;
  6096: 1d3e61;
  6097: 284e75;
  6098: 5b8bbb;
  6099: 6ca5dc;
  6100: 69a9e9;
  6101: 5fa2e6;
  6102: 65a4e7;
  6103: 6aa5e1;
  6104: 4675a9;
  6105: 1f4470;
  6106: 203d5f;
  6107: 263f5d;
  6108: 223958;
  6109: 294260;
  6110: 234060;
  6111: 213e5e;
  6112: 23415d;
  6113: 243f5a;
  6114: 223d58;
  6115: 233f57;
  6116: 284259;
  6117: 253c4e;
  6118: 12202b;
  6119: 30b;
  6120: 407;
  6121: a0b0d;
  6122: b9babc;
  6123: ffffff;
  6124: fefefe;
  6125: fefdfb;
  6126: fffffd;
  6127: fffefc;
  6128: ffffff;
  6129: ffffff;
  6130: ffffff;
  6131: ffffff;
  6132: ffffff;
  6133: ffffff;
  6134: ffffff;
  6135: ffffff;
  6136: ffffff;
  6137: ffffff;
  6138: ffffff;
  6139: ffffff;
  6140: ffffff;
  6141: ffffff;
  6142: ffffff;
  6143: ffffff;
  6144: ffffff;
  6145: ffffff;
  6146: ffffff;
  6147: ffffff;
  6148: ffffff;
  6149: ffffff;
  6150: ffffff;
  6151: ffffff;
  6152: ffffff;
  6153: ffffff;
  6154: ffffff;
  6155: ffffff;
  6156: ffffff;
  6157: ffffff;
  6158: ffffff;
  6159: ffffff;
  6160: fffeff;
  6161: fffeff;
  6162: fffeff;
  6163: ffffff;
  6164: fefffd;
  6165: edf1f0;
  6166: 333436;
  6167: 105;
  6168: 5;
  6169: 91b31;
  6170: 4a79af;
  6171: 4b8acf;
  6172: 4a8bcf;
  6173: 5697db;
  6174: 5998df;
  6175: 5b9adf;
  6176: 5b9cde;
  6177: 5498d9;
  6178: 579ade;
  6179: 599ee3;
  6180: 5599e0;
  6181: 5699e0;
  6182: 63a4e6;
  6183: 4272a2;
  6184: 919;
  6185: 201;
  6186: 20200;
  6187: 5b5a58;
  6188: f7f6f4;
  6189: fffffd;
  6190: fdfdfd;
  6191: feffff;
  6192: ffffff;
  6193: ffffff;
  6194: ffffff;
  6195: ffffff;
  6196: ffffff;
  6197: ffffff;
  6198: ffffff;
  6199: ffffff;
  6200: ffffff;
  6201: ffffff;
  6202: ffffff;
  6203: ffffff;
  6204: ffffff;
  6205: ffffff;
  6206: ffffff;
  6207: fafafa;
  6208: 7d7f7e;
  6209: 50608;
  6210: 4;
  6211: 414;
  6212: 34567b;
  6213: 4e7cad;
  6214: 4577ac;
  6215: 4f82b9;
  6216: 5487be;
  6217: 5487be;
  6218: 5188c0;
  6219: 5087bf;
  6220: 5087bf;
  6221: 5087bf;
  6222: 5388be;
  6223: 5387c0;
  6224: 4f87c0;
  6225: 5691cb;
  6226: 5e9cd9;
  6227: 60a0e0;
  6228: 5c9fe3;
  6229: 5c9fe5;
  6230: 5fa0e4;
  6231: 61a0e3;
  6232: 5995d3;
  6233: 558dc8;
  6234: 5087bf;
  6235: 5186bc;
  6236: 5487be;
  6237: 5487be;
  6238: 5387c0;
  6239: 5286bf;
  6240: 5286bf;
  6241: 5287bd;
  6242: 5287bd;
  6243: 4d84ba;
  6244: 4f88bd;
  6245: 5d8cb6;
  6246: 273f57;
  6247: 40e;
  6248: 4;
  6249: c0c0c;
  6250: bebfc1;
  6251: feffff;
  6252: fefefe;
  6253: ffffff;
  6254: ffffff;
  6255: ffffff;
  6256: ffffff;
  6257: ffffff;
  6258: ffffff;
  6259: ffffff;
  6260: ffffff;
  6261: ffffff;
  6262: ffffff;
  6263: ffffff;
  6264: ffffff;
  6265: ffffff;
  6266: ffffff;
  6267: ffffff;
  6268: ffffff;
  6269: ffffff;
  6270: ffffff;
  6271: ffffff;
  6272: ffffff;
  6273: ffffff;
  6274: ffffff;
  6275: ffffff;
  6276: ffffff;
  6277: ffffff;
  6278: ffffff;
  6279: ffffff;
  6280: ffffff;
  6281: ffffff;
  6282: ffffff;
  6283: ffffff;
  6284: ffffff;
  6285: ffffff;
  6286: ffffff;
  6287: ffffff;
  6288: fffeff;
  6289: fffeff;
  6290: fffdfe;
  6291: fffffd;
  6292: fdfffc;
  6293: e6e8e7;
  6294: 2a2a2c;
  6295: 4;
  6296: 107;
  6297: d233a;
  6298: 507fb7;
  6299: 4f8bd3;
  6300: 498cd0;
  6301: 5497db;
  6302: 5998df;
  6303: 5b9adf;
  6304: 599adc;
  6305: 579bdc;
  6306: 589cdd;
  6307: 569bde;
  6308: 569ae1;
  6309: 5a9de4;
  6310: 60a1e5;
  6311: 3a6a9b;
  6312: 618;
  6313: 2;
  6314: 0;
  6315: 80807e;
  6316: fcfafb;
  6317: fffeff;
  6318: fefefe;
  6319: feffff;
  6320: ffffff;
  6321: ffffff;
  6322: ffffff;
  6323: ffffff;
  6324: ffffff;
  6325: ffffff;
  6326: ffffff;
  6327: ffffff;
  6328: ffffff;
  6329: ffffff;
  6330: ffffff;
  6331: ffffff;
  6332: ffffff;
  6333: ffffff;
  6334: ffffff;
  6335: fafaf8;
  6336: 7f7f7d;
  6337: 50503;
  6338: 2;
  6339: b1c;
  6340: 3e6996;
  6341: 5d97d6;
  6342: 5493d6;
  6343: 5d9ee2;
  6344: 66a5e8;
  6345: 65a6e8;
  6346: 63a6ea;
  6347: 62a7ea;
  6348: 62a7ea;
  6349: 62a7ea;
  6350: 65a6e8;
  6351: 65a6e8;
  6352: 63a6ea;
  6353: 5fa4e9;
  6354: 5a9fe4;
  6355: 559adf;
  6356: 5396dc;
  6357: 5598de;
  6358: 5699df;
  6359: 579ae0;
  6360: 64a7eb;
  6361: 62a5e9;
  6362: 60a3e7;
  6363: 61a4e8;
  6364: 65a6ea;
  6365: 65a6ea;
  6366: 64a5e9;
  6367: 64a5e9;
  6368: 63a6ec;
  6369: 63a6ec;
  6370: 65a8ec;
  6371: 64a9ec;
  6372: 66acf1;
  6373: 6ca8de;
  6374: 2e4b69;
  6375: 410;
  6376: 4;
  6377: d0b0c;
  6378: bebfc1;
  6379: fcffff;
  6380: fefeff;
  6381: ffffff;
  6382: ffffff;
  6383: ffffff;
  6384: ffffff;
  6385: ffffff;
  6386: ffffff;
  6387: ffffff;
  6388: ffffff;
  6389: ffffff;
  6390: ffffff;
  6391: ffffff;
  6392: ffffff;
  6393: ffffff;
  6394: ffffff;
  6395: ffffff;
  6396: ffffff;
  6397: ffffff;
  6398: ffffff;
  6399: ffffff;
  6400: ffffff;
  6401: ffffff;
  6402: ffffff;
  6403: ffffff;
  6404: ffffff;
  6405: ffffff;
  6406: ffffff;
  6407: ffffff;
  6408: ffffff;
  6409: ffffff;
  6410: ffffff;
  6411: ffffff;
  6412: ffffff;
  6413: ffffff;
  6414: ffffff;
  6415: ffffff;
  6416: fffeff;
  6417: fffeff;
  6418: fdfdfd;
  6419: fffffd;
  6420: fdfffe;
  6421: dcdedd;
  6422: 202022;
  6423: 5;
  6424: 20a;
  6425: 142a42;
  6426: 5583be;
  6427: 4e8dd4;
  6428: 498cd0;
  6429: 5497db;
  6430: 599ade;
  6431: 5b9adf;
  6432: 5899db;
  6433: 589cdd;
  6434: 579ade;
  6435: 5499dc;
  6436: 589be1;
  6437: 5c9ce3;
  6438: 5e9de2;
  6439: 4072a7;
  6440: 132b;
  6441: 40a;
  6442: 191a1c;
  6443: b7b7b5;
  6444: fefcfd;
  6445: fffdff;
  6446: ffffff;
  6447: fefefe;
  6448: ffffff;
  6449: ffffff;
  6450: ffffff;
  6451: ffffff;
  6452: ffffff;
  6453: ffffff;
  6454: ffffff;
  6455: ffffff;
  6456: ffffff;
  6457: ffffff;
  6458: ffffff;
  6459: ffffff;
  6460: ffffff;
  6461: ffffff;
  6462: ffffff;
  6463: fafaf8;
  6464: 80807e;
  6465: 40402;
  6466: 2;
  6467: 617;
  6468: 3a6592;
  6469: 5892d1;
  6470: 4e8dd0;
  6471: 5596da;
  6472: 5e9de0;
  6473: 5d9ee0;
  6474: 5b9ee2;
  6475: 5a9fe2;
  6476: 5a9fe2;
  6477: 5a9fe2;
  6478: 5d9ee0;
  6479: 5d9ee0;
  6480: 5b9ee2;
  6481: 5a9de1;
  6482: 589bdf;
  6483: 579ade;
  6484: 589bdf;
  6485: 589bdf;
  6486: 579ade;
  6487: 5598dc;
  6488: 589bdf;
  6489: 599ce0;
  6490: 5a9de1;
  6491: 5b9ee2;
  6492: 5b9ee2;
  6493: 5a9de1;
  6494: 5a9de1;
  6495: 5a9de1;
  6496: 5c9fe5;
  6497: 599ce2;
  6498: 589bdf;
  6499: 579cdf;
  6500: 5ba1e6;
  6501: 66a2d8;
  6502: 2b4866;
  6503: 20e;
  6504: 4;
  6505: d0b0c;
  6506: bebfc1;
  6507: fcffff;
  6508: fefeff;
  6509: ffffff;
  6510: ffffff;
  6511: ffffff;
  6512: ffffff;
  6513: ffffff;
  6514: ffffff;
  6515: ffffff;
  6516: ffffff;
  6517: ffffff;
  6518: ffffff;
  6519: ffffff;
  6520: ffffff;
  6521: ffffff;
  6522: ffffff;
  6523: ffffff;
  6524: ffffff;
  6525: ffffff;
  6526: ffffff;
  6527: ffffff;
  6528: ffffff;
  6529: ffffff;
  6530: ffffff;
  6531: ffffff;
  6532: ffffff;
  6533: ffffff;
  6534: ffffff;
  6535: ffffff;
  6536: ffffff;
  6537: ffffff;
  6538: ffffff;
  6539: ffffff;
  6540: ffffff;
  6541: ffffff;
  6542: ffffff;
  6543: ffffff;
  6544: fffeff;
  6545: fffeff;
  6546: fefefc;
  6547: fffffd;
  6548: feffff;
  6549: d6d7d9;
  6550: 1a191e;
  6551: 10207;
  6552: 109;
  6553: 192e49;
  6554: 5785c0;
  6555: 4c8bd2;
  6556: 488bd1;
  6557: 5598dc;
  6558: 599ade;
  6559: 5a99de;
  6560: 599adc;
  6561: 589cdd;
  6562: 559add;
  6563: 569bde;
  6564: 5a9bdf;
  6565: 5998dd;
  6566: 5e9de2;
  6567: 578bc4;
  6568: 264562;
  6569: 2a3843;
  6570: 6c7174;
  6571: e6e6e6;
  6572: fffdff;
  6573: fefcff;
  6574: ffffff;
  6575: fdfdfd;
  6576: ffffff;
  6577: ffffff;
  6578: ffffff;
  6579: ffffff;
  6580: ffffff;
  6581: ffffff;
  6582: ffffff;
  6583: ffffff;
  6584: ffffff;
  6585: ffffff;
  6586: ffffff;
  6587: ffffff;
  6588: ffffff;
  6589: ffffff;
  6590: ffffff;
  6591: fafafa;
  6592: 81817f;
  6593: 70705;
  6594: 10103;
  6595: 819;
  6596: 376191;
  6597: 538dcc;
  6598: 4a89cc;
  6599: 5293d7;
  6600: 5a99dc;
  6601: 599adc;
  6602: 579ade;
  6603: 559add;
  6604: 559add;
  6605: 559add;
  6606: 5899db;
  6607: 5899db;
  6608: 5497db;
  6609: 5598dc;
  6610: 579ade;
  6611: 579ade;
  6612: 579ade;
  6613: 579ade;
  6614: 579ade;
  6615: 589bdf;
  6616: 579ade;
  6617: 579ade;
  6618: 589bdf;
  6619: 579ade;
  6620: 579ade;
  6621: 5699dd;
  6622: 5699dd;
  6623: 579ade;
  6624: 579ae0;
  6625: 5699df;
  6626: 579ade;
  6627: 559add;
  6628: 579de2;
  6629: 629ed4;
  6630: 2a4765;
  6631: 511;
  6632: 4;
  6633: d0b0c;
  6634: bebfc1;
  6635: fcffff;
  6636: fefeff;
  6637: ffffff;
  6638: ffffff;
  6639: ffffff;
  6640: ffffff;
  6641: ffffff;
  6642: ffffff;
  6643: ffffff;
  6644: ffffff;
  6645: ffffff;
  6646: ffffff;
  6647: ffffff;
  6648: ffffff;
  6649: ffffff;
  6650: ffffff;
  6651: ffffff;
  6652: ffffff;
  6653: ffffff;
  6654: ffffff;
  6655: ffffff;
  6656: ffffff;
  6657: ffffff;
  6658: ffffff;
  6659: ffffff;
  6660: ffffff;
  6661: ffffff;
  6662: ffffff;
  6663: ffffff;
  6664: ffffff;
  6665: ffffff;
  6666: ffffff;
  6667: ffffff;
  6668: ffffff;
  6669: ffffff;
  6670: ffffff;
  6671: ffffff;
  6672: fefefe;
  6673: ffffff;
  6674: fffffd;
  6675: fefefc;
  6676: feffff;
  6677: d0d4d5;
  6678: 141519;
  6679: 209;
  6680: 10b;
  6681: 1c314c;
  6682: 5785c0;
  6683: 4a89d0;
  6684: 488dd2;
  6685: 559add;
  6686: 5a9bdd;
  6687: 5a99dc;
  6688: 599ade;
  6689: 579ade;
  6690: 549adf;
  6691: 569bde;
  6692: 5a9bdf;
  6693: 5796db;
  6694: 5e9de2;
  6695: 659dd8;
  6696: 5f85a9;
  6697: 8097a7;
  6698: c7ced4;
  6699: ffffff;
  6700: ffffff;
  6701: fefeff;
  6702: ffffff;
  6703: fefefc;
  6704: ffffff;
  6705: ffffff;
  6706: ffffff;
  6707: ffffff;
  6708: ffffff;
  6709: ffffff;
  6710: ffffff;
  6711: ffffff;
  6712: ffffff;
  6713: ffffff;
  6714: ffffff;
  6715: ffffff;
  6716: ffffff;
  6717: ffffff;
  6718: ffffff;
  6719: fafafa;
  6720: 7c7c7a;
  6721: 30303;
  6722: 2;
  6723: 718;
  6724: 366090;
  6725: 528ccb;
  6726: 4988cb;
  6727: 5293d7;
  6728: 5a99dc;
  6729: 599adc;
  6730: 579ade;
  6731: 569bde;
  6732: 569bde;
  6733: 569bde;
  6734: 599adc;
  6735: 599adc;
  6736: 589bdf;
  6737: 589bdf;
  6738: 589bdf;
  6739: 579ade;
  6740: 5598dc;
  6741: 5598dc;
  6742: 5699dd;
  6743: 589bdf;
  6744: 579ade;
  6745: 579ade;
  6746: 579ade;
  6747: 579ade;
  6748: 579ade;
  6749: 579ade;
  6750: 589bdf;
  6751: 589bdf;
  6752: 5699df;
  6753: 579ae0;
  6754: 599ce0;
  6755: 579cdf;
  6756: 589ee3;
  6757: 619dd3;
  6758: 284563;
  6759: 30f;
  6760: 4;
  6761: d0b0c;
  6762: bebfc1;
  6763: fcffff;
  6764: fefeff;
  6765: ffffff;
  6766: ffffff;
  6767: ffffff;
  6768: ffffff;
  6769: ffffff;
  6770: ffffff;
  6771: ffffff;
  6772: ffffff;
  6773: ffffff;
  6774: ffffff;
  6775: ffffff;
  6776: ffffff;
  6777: ffffff;
  6778: ffffff;
  6779: ffffff;
  6780: ffffff;
  6781: ffffff;
  6782: ffffff;
  6783: ffffff;
  6784: ffffff;
  6785: ffffff;
  6786: ffffff;
  6787: ffffff;
  6788: ffffff;
  6789: ffffff;
  6790: ffffff;
  6791: ffffff;
  6792: ffffff;
  6793: ffffff;
  6794: ffffff;
  6795: ffffff;
  6796: ffffff;
  6797: ffffff;
  6798: ffffff;
  6799: ffffff;
  6800: fefefe;
  6801: fffffd;
  6802: fffffd;
  6803: fdfffc;
  6804: fcffff;
  6805: caced1;
  6806: f1015;
  6807: 7;
  6808: 10d;
  6809: 213653;
  6810: 5886c2;
  6811: 4a88d1;
  6812: 498ed3;
  6813: 569bde;
  6814: 5a9bdd;
  6815: 5899db;
  6816: 5699dd;
  6817: 579cdf;
  6818: 559be0;
  6819: 559adf;
  6820: 5b9add;
  6821: 5c99dc;
  6822: 5a9bdf;
  6823: 629dd9;
  6824: 7ba8d1;
  6825: c7e6fb;
  6826: f3fcff;
  6827: ffffff;
  6828: ffffff;
  6829: ffffff;
  6830: fcfcfc;
  6831: fffffd;
  6832: ffffff;
  6833: ffffff;
  6834: ffffff;
  6835: ffffff;
  6836: ffffff;
  6837: ffffff;
  6838: ffffff;
  6839: ffffff;
  6840: ffffff;
  6841: ffffff;
  6842: ffffff;
  6843: ffffff;
  6844: ffffff;
  6845: ffffff;
  6846: ffffff;
  6847: fafafa;
  6848: 81817f;
  6849: 70707;
  6850: 10103;
  6851: 91c;
  6852: 396393;
  6853: 548ecd;
  6854: 4988cd;
  6855: 5091d5;
  6856: 5b9adf;
  6857: 5a9bdd;
  6858: 579ade;
  6859: 569bde;
  6860: 569bde;
  6861: 569bde;
  6862: 599adc;
  6863: 599adc;
  6864: 579ade;
  6865: 5699dd;
  6866: 5699dd;
  6867: 589bdf;
  6868: 5a9de1;
  6869: 599ce0;
  6870: 589bdf;
  6871: 579ade;
  6872: 5699dd;
  6873: 579ade;
  6874: 579ade;
  6875: 579ade;
  6876: 589bdf;
  6877: 589bdf;
  6878: 579ade;
  6879: 5699dd;
  6880: 589be1;
  6881: 5699df;
  6882: 5699dd;
  6883: 5499dc;
  6884: 579de2;
  6885: 639fd5;
  6886: 2b4866;
  6887: 511;
  6888: 4;
  6889: d0b0c;
  6890: bebfc1;
  6891: fcffff;
  6892: fefeff;
  6893: ffffff;
  6894: ffffff;
  6895: ffffff;
  6896: ffffff;
  6897: ffffff;
  6898: ffffff;
  6899: ffffff;
  6900: ffffff;
  6901: ffffff;
  6902: ffffff;
  6903: ffffff;
  6904: ffffff;
  6905: ffffff;
  6906: ffffff;
  6907: ffffff;
  6908: ffffff;
  6909: ffffff;
  6910: ffffff;
  6911: ffffff;
  6912: ffffff;
  6913: ffffff;
  6914: ffffff;
  6915: ffffff;
  6916: ffffff;
  6917: ffffff;
  6918: ffffff;
  6919: ffffff;
  6920: ffffff;
  6921: ffffff;
  6922: ffffff;
  6923: ffffff;
  6924: ffffff;
  6925: ffffff;
  6926: ffffff;
  6927: ffffff;
  6928: ffffff;
  6929: fefefc;
  6930: fefffd;
  6931: fefffd;
  6932: fbfffe;
  6933: c4c8cb;
  6934: b0c11;
  6935: 9;
  6936: 210;
  6937: 253a57;
  6938: 5987c3;
  6939: 4a88d1;
  6940: 4b90d5;
  6941: 569bde;
  6942: 589cdd;
  6943: 599adc;
  6944: 5699dd;
  6945: 579cdf;
  6946: 569ce1;
  6947: 559adf;
  6948: 5c99dc;
  6949: 5e9bdc;
  6950: 5899dd;
  6951: 5e9cd9;
  6952: 76a9d6;
  6953: d8fcff;
  6954: f7ffff;
  6955: fbfbfb;
  6956: feffff;
  6957: fffeff;
  6958: fcfcfc;
  6959: fffffd;
  6960: ffffff;
  6961: ffffff;
  6962: ffffff;
  6963: ffffff;
  6964: ffffff;
  6965: ffffff;
  6966: ffffff;
  6967: ffffff;
  6968: ffffff;
  6969: ffffff;
  6970: ffffff;
  6971: ffffff;
  6972: ffffff;
  6973: ffffff;
  6974: ffffff;
  6975: fafafa;
  6976: 7e7e7c;
  6977: 40404;
  6978: 4;
  6979: 619;
  6980: 376191;
  6981: 538dcc;
  6982: 4988cd;
  6983: 5091d5;
  6984: 5a99de;
  6985: 599adc;
  6986: 579ade;
  6987: 569be0;
  6988: 569bde;
  6989: 569bde;
  6990: 599ade;
  6991: 599ade;
  6992: 5c9ddf;
  6993: 599adc;
  6994: 5798da;
  6995: 5899db;
  6996: 579bdc;
  6997: 579bdc;
  6998: 579bdc;
  6999: 579bdc;
  7000: 5699dd;
  7001: 579ade;
  7002: 589bdf;
  7003: 579ade;
  7004: 569bde;
  7005: 569bde;
  7006: 569bde;
  7007: 5499dc;
  7008: 589be1;
  7009: 579ae0;
  7010: 589bdf;
  7011: 579cdf;
  7012: 599fe4;
  7013: 639fd5;
  7014: 284563;
  7015: 20e;
  7016: 4;
  7017: d0b0c;
  7018: bebfc1;
  7019: fcffff;
  7020: fefeff;
  7021: ffffff;
  7022: ffffff;
  7023: ffffff;
  7024: ffffff;
  7025: ffffff;
  7026: ffffff;
  7027: ffffff;
  7028: ffffff;
  7029: ffffff;
  7030: ffffff;
  7031: ffffff;
  7032: ffffff;
  7033: ffffff;
  7034: ffffff;
  7035: ffffff;
  7036: ffffff;
  7037: ffffff;
  7038: ffffff;
  7039: ffffff;
  7040: ffffff;
  7041: ffffff;
  7042: ffffff;
  7043: ffffff;
  7044: ffffff;
  7045: ffffff;
  7046: ffffff;
  7047: ffffff;
  7048: ffffff;
  7049: ffffff;
  7050: ffffff;
  7051: ffffff;
  7052: ffffff;
  7053: ffffff;
  7054: ffffff;
  7055: ffffff;
  7056: ffffff;
  7057: fdfdfb;
  7058: fefffd;
  7059: fefffd;
  7060: fbfffe;
  7061: c0c4c7;
  7062: 90a0f;
  7063: 10a;
  7064: 210;
  7065: 253a59;
  7066: 5987c3;
  7067: 4a88d1;
  7068: 4b90d5;
  7069: 5499dc;
  7070: 579bdc;
  7071: 5a9bdd;
  7072: 589bdf;
  7073: 569bde;
  7074: 569ce2;
  7075: 569be0;
  7076: 5b98d9;
  7077: 5d98da;
  7078: 5899dd;
  7079: 62a0dd;
  7080: 6ea4d2;
  7081: cdf2ff;
  7082: f5ffff;
  7083: fdfdfd;
  7084: feffff;
  7085: feffff;
  7086: fffeff;
  7087: fffffd;
  7088: ffffff;
  7089: ffffff;
  7090: ffffff;
  7091: ffffff;
  7092: ffffff;
  7093: ffffff;
  7094: ffffff;
  7095: ffffff;
  7096: ffffff;
  7097: ffffff;
  7098: ffffff;
  7099: ffffff;
  7100: ffffff;
  7101: ffffff;
  7102: ffffff;
  7103: fafafa;
  7104: 7e7e7c;
  7105: 50505;
  7106: 10005;
  7107: 81b;
  7108: 366090;
  7109: 528ccb;
  7110: 4a89ce;
  7111: 5495d9;
  7112: 5b9adf;
  7113: 5a9bdd;
  7114: 589be1;
  7115: 579ce1;
  7116: 579cdf;
  7117: 579cdf;
  7118: 5a9bdf;
  7119: 5a9bdf;
  7120: 5899db;
  7121: 5899db;
  7122: 599adc;
  7123: 5a9bdd;
  7124: 589cdd;
  7125: 569adb;
  7126: 569adb;
  7127: 579bdc;
  7128: 5699dd;
  7129: 589bdf;
  7130: 589bdf;
  7131: 579ade;
  7132: 559add;
  7133: 569bde;
  7134: 579cdf;
  7135: 579cdf;
  7136: 5699df;
  7137: 579ae0;
  7138: 599ce0;
  7139: 569bde;
  7140: 569ce1;
  7141: 619dd3;
  7142: 294664;
  7143: 511;
  7144: 4;
  7145: d0b0c;
  7146: bebfc1;
  7147: fcffff;
  7148: fefeff;
  7149: ffffff;
  7150: ffffff;
  7151: ffffff;
  7152: ffffff;
  7153: ffffff;
  7154: ffffff;
  7155: ffffff;
  7156: ffffff;
  7157: ffffff;
  7158: ffffff;
  7159: ffffff;
  7160: ffffff;
  7161: ffffff;
  7162: ffffff;
  7163: ffffff;
  7164: ffffff;
  7165: ffffff;
  7166: ffffff;
  7167: ffffff;
  7168: ffffff;
  7169: ffffff;
  7170: ffffff;
  7171: ffffff;
  7172: ffffff;
  7173: ffffff;
  7174: ffffff;
  7175: ffffff;
  7176: ffffff;
  7177: ffffff;
  7178: ffffff;
  7179: ffffff;
  7180: ffffff;
  7181: ffffff;
  7182: ffffff;
  7183: ffffff;
  7184: fdfffe;
  7185: fefffd;
  7186: fefffd;
  7187: fcfefb;
  7188: fcffff;
  7189: c8cccf;
  7190: e0f14;
  7191: 7;
  7192: 20e;
  7193: 203552;
  7194: 5886c2;
  7195: 4a88d1;
  7196: 498ed3;
  7197: 569bde;
  7198: 589cdd;
  7199: 5899db;
  7200: 589bdf;
  7201: 5499dc;
  7202: 5399df;
  7203: 589de2;
  7204: 5a97d8;
  7205: 5b96d8;
  7206: 5c9de1;
  7207: 609edb;
  7208: 74aad8;
  7209: d1f6ff;
  7210: f1feff;
  7211: fffffd;
  7212: feffff;
  7213: feffff;
  7214: fffdfe;
  7215: fffffd;
  7216: ffffff;
  7217: ffffff;
  7218: ffffff;
  7219: ffffff;
  7220: ffffff;
  7221: ffffff;
  7222: ffffff;
  7223: ffffff;
  7224: ffffff;
  7225: ffffff;
  7226: ffffff;
  7227: ffffff;
  7228: ffffff;
  7229: ffffff;
  7230: ffffff;
  7231: fafafa;
  7232: 7e807d;
  7233: 40605;
  7234: 4;
  7235: 71a;
  7236: 376191;
  7237: 538dcc;
  7238: 4988cd;
  7239: 5293d7;
  7240: 5a9bdf;
  7241: 5a9bdd;
  7242: 589be1;
  7243: 569be0;
  7244: 569be0;
  7245: 569be0;
  7246: 5a9bdf;
  7247: 5a9bdf;
  7248: 599adc;
  7249: 599adc;
  7250: 599adc;
  7251: 599adc;
  7252: 579bdc;
  7253: 579bdc;
  7254: 579bdc;
  7255: 579bdc;
  7256: 579ade;
  7257: 579ade;
  7258: 579ade;
  7259: 579ade;
  7260: 569bde;
  7261: 569bde;
  7262: 569bde;
  7263: 569bde;
  7264: 579ae0;
  7265: 579ae0;
  7266: 589bdf;
  7267: 569bde;
  7268: 589ee3;
  7269: 639fd5;
  7270: 2a4765;
  7271: 410;
  7272: 4;
  7273: d0b0c;
  7274: bebfc1;
  7275: fcffff;
  7276: fefeff;
  7277: ffffff;
  7278: ffffff;
  7279: ffffff;
  7280: ffffff;
  7281: ffffff;
  7282: ffffff;
  7283: ffffff;
  7284: ffffff;
  7285: ffffff;
  7286: ffffff;
  7287: ffffff;
  7288: ffffff;
  7289: ffffff;
  7290: ffffff;
  7291: ffffff;
  7292: ffffff;
  7293: ffffff;
  7294: ffffff;
  7295: ffffff;
  7296: ffffff;
  7297: ffffff;
  7298: ffffff;
  7299: ffffff;
  7300: ffffff;
  7301: ffffff;
  7302: ffffff;
  7303: ffffff;
  7304: ffffff;
  7305: ffffff;
  7306: ffffff;
  7307: ffffff;
  7308: ffffff;
  7309: ffffff;
  7310: ffffff;
  7311: ffffff;
  7312: feffff;
  7313: feffff;
  7314: fefffd;
  7315: fefffd;
  7316: fcffff;
  7317: d0d1d3;
  7318: 17161b;
  7319: 7;
  7320: 10d;
  7321: 1e3350;
  7322: 5785c1;
  7323: 4a88d1;
  7324: 488dd2;
  7325: 569bde;
  7326: 589cdd;
  7327: 5899db;
  7328: 589bdf;
  7329: 559add;
  7330: 559be0;
  7331: 569be0;
  7332: 5b98d9;
  7333: 5c99da;
  7334: 5a9bdf;
  7335: 62a0db;
  7336: 70a3ce;
  7337: add1e9;
  7338: ecf7fd;
  7339: fffffd;
  7340: fbfcff;
  7341: fffeff;
  7342: ffffff;
  7343: fffefc;
  7344: ffffff;
  7345: ffffff;
  7346: ffffff;
  7347: ffffff;
  7348: ffffff;
  7349: ffffff;
  7350: ffffff;
  7351: ffffff;
  7352: ffffff;
  7353: ffffff;
  7354: ffffff;
  7355: ffffff;
  7356: ffffff;
  7357: ffffff;
  7358: ffffff;
  7359: fafafa;
  7360: 7e807d;
  7361: 40605;
  7362: 4;
  7363: 81b;
  7364: 386292;
  7365: 548ece;
  7366: 4b8acf;
  7367: 5393da;
  7368: 599ade;
  7369: 5699dd;
  7370: 559adf;
  7371: 559adf;
  7372: 559adf;
  7373: 559adf;
  7374: 5899dd;
  7375: 5899dd;
  7376: 5899db;
  7377: 5899db;
  7378: 599adc;
  7379: 599adc;
  7380: 579bdc;
  7381: 579bdc;
  7382: 579bdc;
  7383: 579bdc;
  7384: 579ade;
  7385: 579ade;
  7386: 579ade;
  7387: 579ade;
  7388: 569bde;
  7389: 569bde;
  7390: 569bde;
  7391: 569bde;
  7392: 579ae0;
  7393: 579ae0;
  7394: 589bdf;
  7395: 569bde;
  7396: 589ee3;
  7397: 639fd5;
  7398: 2a4765;
  7399: 410;
  7400: 4;
  7401: d0b0c;
  7402: bebfc1;
  7403: fcffff;
  7404: fefeff;
  7405: ffffff;
  7406: ffffff;
  7407: ffffff;
  7408: ffffff;
  7409: ffffff;
  7410: ffffff;
  7411: ffffff;
  7412: ffffff;
  7413: ffffff;
  7414: ffffff;
  7415: ffffff;
  7416: ffffff;
  7417: ffffff;
  7418: ffffff;
  7419: ffffff;
  7420: ffffff;
  7421: ffffff;
  7422: ffffff;
  7423: ffffff;
  7424: ffffff;
  7425: ffffff;
  7426: ffffff;
  7427: ffffff;
  7428: ffffff;
  7429: ffffff;
  7430: ffffff;
  7431: ffffff;
  7432: ffffff;
  7433: ffffff;
  7434: ffffff;
  7435: ffffff;
  7436: ffffff;
  7437: ffffff;
  7438: ffffff;
  7439: ffffff;
  7440: ffffff;
  7441: ffffff;
  7442: fcfefb;
  7443: fefffd;
  7444: feffff;
  7445: d8d9db;
  7446: 1e1d22;
  7447: 5;
  7448: b;
  7449: 1a2e49;
  7450: 5784bf;
  7451: 4b89d2;
  7452: 478cd1;
  7453: 559add;
  7454: 589bdf;
  7455: 5899dd;
  7456: 589bdf;
  7457: 569bde;
  7458: 569ce1;
  7459: 559add;
  7460: 5a99dc;
  7461: 5d9adb;
  7462: 5a9bdf;
  7463: 5f9ad4;
  7464: 49769d;
  7465: 5a798d;
  7466: a4adb2;
  7467: f4f4f2;
  7468: fefeff;
  7469: ffffff;
  7470: fefefe;
  7471: fffffd;
  7472: ffffff;
  7473: ffffff;
  7474: ffffff;
  7475: ffffff;
  7476: ffffff;
  7477: ffffff;
  7478: ffffff;
  7479: ffffff;
  7480: ffffff;
  7481: ffffff;
  7482: ffffff;
  7483: ffffff;
  7484: ffffff;
  7485: ffffff;
  7486: ffffff;
  7487: fafafa;
  7488: 7f817e;
  7489: 50706;
  7490: 4;
  7491: 71a;
  7492: 366090;
  7493: 518dcc;
  7494: 4887cc;
  7495: 5090d7;
  7496: 5a9bdf;
  7497: 589bdf;
  7498: 569be0;
  7499: 559be0;
  7500: 569be0;
  7501: 569be0;
  7502: 599ade;
  7503: 599ade;
  7504: 589bdf;
  7505: 589bdf;
  7506: 589bdf;
  7507: 589bdf;
  7508: 579ade;
  7509: 579ade;
  7510: 579ade;
  7511: 579ade;
  7512: 579ade;
  7513: 579ade;
  7514: 579ade;
  7515: 579ade;
  7516: 579ade;
  7517: 579ade;
  7518: 579ade;
  7519: 579ade;
  7520: 579ae0;
  7521: 579ae0;
  7522: 589bdf;
  7523: 569bde;
  7524: 589ee3;
  7525: 639fd5;
  7526: 2a4765;
  7527: 410;
  7528: 4;
  7529: d0b0c;
  7530: bebfc1;
  7531: fcffff;
  7532: fefeff;
  7533: ffffff;
  7534: ffffff;
  7535: ffffff;
  7536: ffffff;
  7537: ffffff;
  7538: ffffff;
  7539: ffffff;
  7540: ffffff;
  7541: ffffff;
  7542: ffffff;
  7543: ffffff;
  7544: ffffff;
  7545: ffffff;
  7546: ffffff;
  7547: ffffff;
  7548: ffffff;
  7549: ffffff;
  7550: ffffff;
  7551: ffffff;
  7552: ffffff;
  7553: ffffff;
  7554: ffffff;
  7555: ffffff;
  7556: ffffff;
  7557: ffffff;
  7558: ffffff;
  7559: ffffff;
  7560: ffffff;
  7561: ffffff;
  7562: ffffff;
  7563: ffffff;
  7564: ffffff;
  7565: ffffff;
  7566: ffffff;
  7567: ffffff;
  7568: ffffff;
  7569: ffffff;
  7570: fdfffc;
  7571: fefffb;
  7572: fefffd;
  7573: e0e2e1;
  7574: 1f1f21;
  7575: 5;
  7576: 9;
  7577: 142843;
  7578: 5582bd;
  7579: 4d8cd3;
  7580: 488bcf;
  7581: 559add;
  7582: 599ce0;
  7583: 599ade;
  7584: 579ade;
  7585: 589bdf;
  7586: 559be0;
  7587: 569bde;
  7588: 599adc;
  7589: 5b9add;
  7590: 5d9cdf;
  7591: 518ac1;
  7592: d3453;
  7593: c2331;
  7594: 384042;
  7595: c8c8c6;
  7596: ffffff;
  7597: fcfcfe;
  7598: ffffff;
  7599: fffffd;
  7600: ffffff;
  7601: ffffff;
  7602: ffffff;
  7603: ffffff;
  7604: ffffff;
  7605: ffffff;
  7606: ffffff;
  7607: ffffff;
  7608: ffffff;
  7609: ffffff;
  7610: ffffff;
  7611: ffffff;
  7612: ffffff;
  7613: ffffff;
  7614: ffffff;
  7615: fafafa;
  7616: 7e807d;
  7617: 40605;
  7618: 4;
  7619: 71a;
  7620: 366293;
  7621: 538fce;
  7622: 4a89ce;
  7623: 5393da;
  7624: 599ade;
  7625: 579ade;
  7626: 569be0;
  7627: 559be0;
  7628: 569be0;
  7629: 569be0;
  7630: 599ade;
  7631: 599ade;
  7632: 589bdf;
  7633: 579ade;
  7634: 5699dd;
  7635: 5598dc;
  7636: 5598dc;
  7637: 5699dd;
  7638: 579ade;
  7639: 579ade;
  7640: 579ade;
  7641: 579ade;
  7642: 579ade;
  7643: 579ade;
  7644: 579ade;
  7645: 579ade;
  7646: 579ade;
  7647: 579ade;
  7648: 579ae0;
  7649: 579ae0;
  7650: 589bdf;
  7651: 569bde;
  7652: 589ee3;
  7653: 639fd5;
  7654: 2a4765;
  7655: 410;
  7656: 4;
  7657: d0b0c;
  7658: bebfc1;
  7659: fcffff;
  7660: fefeff;
  7661: ffffff;
  7662: ffffff;
  7663: ffffff;
  7664: ffffff;
  7665: ffffff;
  7666: ffffff;
  7667: ffffff;
  7668: ffffff;
  7669: ffffff;
  7670: ffffff;
  7671: ffffff;
  7672: ffffff;
  7673: ffffff;
  7674: ffffff;
  7675: ffffff;
  7676: ffffff;
  7677: ffffff;
  7678: ffffff;
  7679: ffffff;
  7680: ffffff;
  7681: ffffff;
  7682: ffffff;
  7683: ffffff;
  7684: ffffff;
  7685: ffffff;
  7686: ffffff;
  7687: ffffff;
  7688: ffffff;
  7689: ffffff;
  7690: ffffff;
  7691: ffffff;
  7692: ffffff;
  7693: ffffff;
  7694: ffffff;
  7695: ffffff;
  7696: ffffff;
  7697: ffffff;
  7698: fffffd;
  7699: fffffb;
  7700: fefffd;
  7701: e8eae9;
  7702: 252525;
  7703: 10005;
  7704: 208;
  7705: d213a;
  7706: 517eb7;
  7707: 4f8ed5;
  7708: 488bcf;
  7709: 5499dc;
  7710: 599ce2;
  7711: 5999e0;
  7712: 599ade;
  7713: 589bdf;
  7714: 5398db;
  7715: 579cdf;
  7716: 599ade;
  7717: 5a99dc;
  7718: 61a0e3;
  7719: 4378ac;
  7720: c25;
  7721: 40b;
  7722: 303;
  7723: 8a8a88;
  7724: fefcfd;
  7725: fefcff;
  7726: ffffff;
  7727: fefefe;
  7728: ffffff;
  7729: ffffff;
  7730: ffffff;
  7731: ffffff;
  7732: ffffff;
  7733: ffffff;
  7734: ffffff;
  7735: ffffff;
  7736: ffffff;
  7737: ffffff;
  7738: ffffff;
  7739: ffffff;
  7740: ffffff;
  7741: ffffff;
  7742: ffffff;
  7743: fafafa;
  7744: 7f8180;
  7745: 40507;
  7746: 4;
  7747: 619;
  7748: 356192;
  7749: 518dcc;
  7750: 4887cc;
  7751: 5090d7;
  7752: 599ade;
  7753: 579ade;
  7754: 569be0;
  7755: 549adf;
  7756: 559adf;
  7757: 559adf;
  7758: 599ade;
  7759: 599ade;
  7760: 5699dd;
  7761: 5699dd;
  7762: 5699dd;
  7763: 5699dd;
  7764: 5699dd;
  7765: 579ade;
  7766: 579ade;
  7767: 589bdf;
  7768: 579ade;
  7769: 579ade;
  7770: 579ade;
  7771: 579ade;
  7772: 579ade;
  7773: 579ade;
  7774: 579ade;
  7775: 579ade;
  7776: 579ae0;
  7777: 579ae0;
  7778: 589bdf;
  7779: 569bde;
  7780: 589ee3;
  7781: 639fd5;
  7782: 2a4765;
  7783: 410;
  7784: 4;
  7785: d0b0c;
  7786: bebfc1;
  7787: fcffff;
  7788: fefeff;
  7789: ffffff;
  7790: ffffff;
  7791: ffffff;
  7792: ffffff;
  7793: ffffff;
  7794: ffffff;
  7795: ffffff;
  7796: ffffff;
  7797: ffffff;
  7798: ffffff;
  7799: ffffff;
  7800: ffffff;
  7801: ffffff;
  7802: ffffff;
  7803: ffffff;
  7804: ffffff;
  7805: ffffff;
  7806: ffffff;
  7807: ffffff;
  7808: ffffff;
  7809: ffffff;
  7810: ffffff;
  7811: ffffff;
  7812: ffffff;
  7813: ffffff;
  7814: ffffff;
  7815: ffffff;
  7816: ffffff;
  7817: ffffff;
  7818: ffffff;
  7819: ffffff;
  7820: ffffff;
  7821: ffffff;
  7822: ffffff;
  7823: ffffff;
  7824: fffeff;
  7825: fefeff;
  7826: fffffd;
  7827: fffffb;
  7828: fefffd;
  7829: eff1ee;
  7830: 373536;
  7831: 20204;
  7832: 206;
  7833: 3172f;
  7834: 4a77ae;
  7835: 4e8dd4;
  7836: 488bcf;
  7837: 5398db;
  7838: 589be1;
  7839: 5a9ae1;
  7840: 5899dd;
  7841: 579ade;
  7842: 5497db;
  7843: 579cdf;
  7844: 579ade;
  7845: 5899dd;
  7846: 62a2e2;
  7847: 4274a5;
  7848: 71b;
  7849: 204;
  7850: 100;
  7851: 585856;
  7852: f9f7f8;
  7853: fffeff;
  7854: fefefe;
  7855: ffffff;
  7856: ffffff;
  7857: ffffff;
  7858: ffffff;
  7859: ffffff;
  7860: ffffff;
  7861: ffffff;
  7862: ffffff;
  7863: ffffff;
  7864: ffffff;
  7865: ffffff;
  7866: ffffff;
  7867: ffffff;
  7868: ffffff;
  7869: ffffff;
  7870: ffffff;
  7871: fafafa;
  7872: 7f8180;
  7873: 40507;
  7874: 4;
  7875: 81b;
  7876: 376394;
  7877: 5490cf;
  7878: 4b8ad1;
  7879: 5393da;
  7880: 5a9ae1;
  7881: 589bdf;
  7882: 579ce1;
  7883: 569ce1;
  7884: 579ce1;
  7885: 579ce1;
  7886: 5a9bdf;
  7887: 5a9bdf;
  7888: 579ade;
  7889: 589bdf;
  7890: 599ce0;
  7891: 599ce0;
  7892: 599ce0;
  7893: 579ade;
  7894: 5699dd;
  7895: 5598dc;
  7896: 579ade;
  7897: 579ade;
  7898: 579ade;
  7899: 579ade;
  7900: 579ade;
  7901: 579ade;
  7902: 579ade;
  7903: 579ade;
  7904: 579ae0;
  7905: 579ae0;
  7906: 589bdf;
  7907: 569bde;
  7908: 589ee3;
  7909: 639fd5;
  7910: 2a4765;
  7911: 410;
  7912: 4;
  7913: d0b0c;
  7914: bebfc1;
  7915: fcffff;
  7916: fefeff;
  7917: ffffff;
  7918: ffffff;
  7919: ffffff;
  7920: ffffff;
  7921: ffffff;
  7922: ffffff;
  7923: ffffff;
  7924: ffffff;
  7925: ffffff;
  7926: ffffff;
  7927: ffffff;
  7928: ffffff;
  7929: ffffff;
  7930: ffffff;
  7931: ffffff;
  7932: ffffff;
  7933: ffffff;
  7934: ffffff;
  7935: ffffff;
  7936: ffffff;
  7937: ffffff;
  7938: ffffff;
  7939: ffffff;
  7940: ffffff;
  7941: ffffff;
  7942: ffffff;
  7943: ffffff;
  7944: ffffff;
  7945: ffffff;
  7946: ffffff;
  7947: ffffff;
  7948: ffffff;
  7949: ffffff;
  7950: ffffff;
  7951: ffffff;
  7952: fefdff;
  7953: ffffff;
  7954: fefefc;
  7955: fffffb;
  7956: fcfef9;
  7957: f4f6f1;
  7958: 545351;
  7959: 20202;
  7960: 104;
  7961: e24;
  7962: 4370a7;
  7963: 4d8cd1;
  7964: 478ace;
  7965: 5297da;
  7966: 579ae0;
  7967: 5999e0;
  7968: 599ade;
  7969: 5699dd;
  7970: 579bdc;
  7971: 559add;
  7972: 579ce1;
  7973: 579ade;
  7974: 5fa0e0;
  7975: 5383b1;
  7976: 41624;
  7977: 100;
  7978: 40500;
  7979: 323230;
  7980: e9e7e8;
  7981: fffeff;
  7982: fdfdff;
  7983: feffff;
  7984: ffffff;
  7985: ffffff;
  7986: ffffff;
  7987: ffffff;
  7988: ffffff;
  7989: ffffff;
  7990: ffffff;
  7991: ffffff;
  7992: ffffff;
  7993: ffffff;
  7994: ffffff;
  7995: ffffff;
  7996: ffffff;
  7997: ffffff;
  7998: ffffff;
  7999: fafafa;
  8000: 7c7e7d;
  8001: 20305;
  8002: 4;
  8003: a1d;
  8004: 3d699a;
  8005: 5b97d6;
  8006: 5594db;
  8007: 5e9ee5;
  8008: 66a6ed;
  8009: 63a6ea;
  8010: 62a7ec;
  8011: 61a7ec;
  8012: 62a7ec;
  8013: 62a7ec;
  8014: 65a5ec;
  8015: 65a5ec;
  8016: 63a6ec;
  8017: 63a8ed;
  8018: 63a8ed;
  8019: 62a7ec;
  8020: 63a6ec;
  8021: 61a4ea;
  8022: 60a3e9;
  8023: 60a3e9;
  8024: 579ade;
  8025: 579ade;
  8026: 579ade;
  8027: 579ade;
  8028: 599ade;
  8029: 599ade;
  8030: 599ade;
  8031: 599ade;
  8032: 579ae0;
  8033: 579ae0;
  8034: 589bdf;
  8035: 569bde;
  8036: 589ee3;
  8037: 639fd5;
  8038: 2a4765;
  8039: 410;
  8040: 4;
  8041: d0b0c;
  8042: bebfc1;
  8043: fcffff;
  8044: fefeff;
  8045: ffffff;
  8046: ffffff;
  8047: ffffff;
  8048: ffffff;
  8049: ffffff;
  8050: ffffff;
  8051: ffffff;
  8052: ffffff;
  8053: ffffff;
  8054: ffffff;
  8055: ffffff;
  8056: ffffff;
  8057: ffffff;
  8058: ffffff;
  8059: ffffff;
  8060: ffffff;
  8061: ffffff;
  8062: ffffff;
  8063: ffffff;
  8064: ffffff;
  8065: ffffff;
  8066: ffffff;
  8067: ffffff;
  8068: ffffff;
  8069: ffffff;
  8070: ffffff;
  8071: ffffff;
  8072: ffffff;
  8073: ffffff;
  8074: ffffff;
  8075: ffffff;
  8076: ffffff;
  8077: ffffff;
  8078: ffffff;
  8079: ffffff;
  8080: fffeff;
  8081: ffffff;
  8082: fdfdfb;
  8083: fefffb;
  8084: fcfef9;
  8085: fafbf6;
  8086: 6c6b69;
  8087: 40203;
  8088: 4;
  8089: 81c;
  8090: 3f6a9d;
  8091: 4d8acd;
  8092: 4889cd;
  8093: 5295d9;
  8094: 5899dd;
  8095: 599ade;
  8096: 599ade;
  8097: 5699dd;
  8098: 5a9edf;
  8099: 5297da;
  8100: 589de2;
  8101: 589be1;
  8102: 5e9de0;
  8103: 6393c4;
  8104: 152638;
  8105: 2;
  8106: 201;
  8107: 141613;
  8108: d0cfcd;
  8109: fffffd;
  8110: ffffff;
  8111: fcfefd;
  8112: ffffff;
  8113: ffffff;
  8114: ffffff;
  8115: ffffff;
  8116: ffffff;
  8117: ffffff;
  8118: ffffff;
  8119: ffffff;
  8120: ffffff;
  8121: ffffff;
  8122: ffffff;
  8123: ffffff;
  8124: ffffff;
  8125: ffffff;
  8126: ffffff;
  8127: fafafa;
  8128: 7f8180;
  8129: 40507;
  8130: 5;
  8131: 818;
  8132: 3e6189;
  8133: 5b8cc4;
  8134: 5387c3;
  8135: 5991ce;
  8136: 6199d6;
  8137: 5f9ad6;
  8138: 5e9ad6;
  8139: 5d9bd6;
  8140: 5e9ad6;
  8141: 5e9ad6;
  8142: 5f9ad4;
  8143: 5f9ad6;
  8144: 5f9ad6;
  8145: 5e9ad6;
  8146: 5d99d5;
  8147: 5d99d5;
  8148: 5e99d5;
  8149: 5f9ad6;
  8150: 609bd7;
  8151: 609cdb;
  8152: 599adc;
  8153: 579ae0;
  8154: 569be0;
  8155: 569be0;
  8156: 579ade;
  8157: 599adc;
  8158: 5a99de;
  8159: 599ade;
  8160: 5999e0;
  8161: 579ae0;
  8162: 589bdf;
  8163: 569bde;
  8164: 589ee3;
  8165: 639fd5;
  8166: 2a4765;
  8167: 410;
  8168: 4;
  8169: d0b0c;
  8170: bebfc1;
  8171: feffff;
  8172: fefefe;
  8173: ffffff;
  8174: ffffff;
  8175: ffffff;
  8176: ffffff;
  8177: ffffff;
  8178: ffffff;
  8179: ffffff;
  8180: ffffff;
  8181: ffffff;
  8182: ffffff;
  8183: ffffff;
  8184: ffffff;
  8185: ffffff;
  8186: ffffff;
  8187: ffffff;
  8188: ffffff;
  8189: ffffff;
  8190: ffffff;
  8191: ffffff;
  8192: ffffff;
  8193: ffffff;
  8194: ffffff;
  8195: ffffff;
  8196: ffffff;
  8197: ffffff;
  8198: ffffff;
  8199: ffffff;
  8200: ffffff;
  8201: ffffff;
  8202: ffffff;
  8203: ffffff;
  8204: ffffff;
  8205: ffffff;
  8206: ffffff;
  8207: ffffff;
  8208: fffeff;
  8209: fefdff;
  8210: fefffd;
  8211: fcfef9;
  8212: fdfffa;
  8213: fbfaf8;
  8214: 898586;
  8215: 80405;
  8216: 10103;
  8217: 616;
  8218: 325d8a;
  8219: 5690cf;
  8220: 4b87cd;
  8221: 5291d8;
  8222: 5a9bdd;
  8223: 599ada;
  8224: 579bdc;
  8225: 569adb;
  8226: 579ade;
  8227: 589bdf;
  8228: 559be0;
  8229: 559adf;
  8230: 5e9ae2;
  8231: 6e9cd7;
  8232: 304465;
  8233: 20f;
  8234: 305;
  8235: 40a06;
  8236: 9d9c98;
  8237: fffcf7;
  8238: fdfef9;
  8239: fffffd;
  8240: ffffff;
  8241: ffffff;
  8242: ffffff;
  8243: ffffff;
  8244: ffffff;
  8245: ffffff;
  8246: ffffff;
  8247: ffffff;
  8248: fefefe;
  8249: ffffff;
  8250: ffffff;
  8251: ffffff;
  8252: ffffff;
  8253: ffffff;
  8254: fefefe;
  8255: fafafa;
  8256: 7b7d7c;
  8257: 20607;
  8258: 105;
  8259: 814;
  8260: 2b4159;
  8261: 415e80;
  8262: 3a5c82;
  8263: 3e638d;
  8264: 416893;
  8265: 3f6894;
  8266: 3e6994;
  8267: 3d6a93;
  8268: 3e6993;
  8269: 3e6a91;
  8270: 3e6a8f;
  8271: 3f6991;
  8272: 3e6793;
  8273: 406995;
  8274: 3d6892;
  8275: 416c96;
  8276: 3d6791;
  8277: 3f6894;
  8278: 4a739f;
  8279: 6191c2;
  8280: 649fe1;
  8281: 5799e3;
  8282: 559be3;
  8283: 539ce1;
  8284: 569ddd;
  8285: 569ad9;
  8286: 5e9ae0;
  8287: 5c98e0;
  8288: 5999e0;
  8289: 579ae0;
  8290: 589bdf;
  8291: 569bde;
  8292: 589ee3;
  8293: 639fd5;
  8294: 2a4765;
  8295: 410;
  8296: 4;
  8297: d0b0c;
  8298: bfbfc1;
  8299: feffff;
  8300: fefefe;
  8301: fffffd;
  8302: ffffff;
  8303: ffffff;
  8304: ffffff;
  8305: ffffff;
  8306: ffffff;
  8307: ffffff;
  8308: ffffff;
  8309: ffffff;
  8310: ffffff;
  8311: ffffff;
  8312: ffffff;
  8313: ffffff;
  8314: ffffff;
  8315: ffffff;
  8316: ffffff;
  8317: ffffff;
  8318: ffffff;
  8319: ffffff;
  8320: ffffff;
  8321: ffffff;
  8322: ffffff;
  8323: ffffff;
  8324: ffffff;
  8325: ffffff;
  8326: ffffff;
  8327: ffffff;
  8328: ffffff;
  8329: ffffff;
  8330: ffffff;
  8331: ffffff;
  8332: ffffff;
  8333: ffffff;
  8334: ffffff;
  8335: ffffff;
  8336: fefdff;
  8337: fffeff;
  8338: fefffd;
  8339: fefffa;
  8340: fefffd;
  8341: fefdfb;
  8342: a29c9e;
  8343: d0709;
  8344: 2;
  8345: 313;
  8346: 234a73;
  8347: 568cc8;
  8348: 4d86cd;
  8349: 538fd7;
  8350: 5a9bdd;
  8351: 579bda;
  8352: 579bdc;
  8353: 579bdc;
  8354: 599ade;
  8355: 589bdf;
  8356: 559be0;
  8357: 5599e0;
  8358: 5c9be2;
  8359: 6c9cda;
  8360: 46628a;
  8361: 61d;
  8362: 50b;
  8363: 300;
  8364: 565550;
  8365: fbf8f3;
  8366: fffffd;
  8367: fafcfb;
  8368: ffffff;
  8369: ffffff;
  8370: ffffff;
  8371: ffffff;
  8372: ffffff;
  8373: ffffff;
  8374: ffffff;
  8375: ffffff;
  8376: fefefe;
  8377: ffffff;
  8378: ffffff;
  8379: ffffff;
  8380: ffffff;
  8381: ffffff;
  8382: fefefe;
  8383: fbfbfb;
  8384: 797977;
  8385: 50706;
  8386: 205;
  8387: 109;
  8388: 131d29;
  8389: 152535;
  8390: 14263c;
  8391: 122840;
  8392: 122a44;
  8393: 112b46;
  8394: 102b46;
  8395: 102c44;
  8396: 112b42;
  8397: 112b42;
  8398: 112c41;
  8399: 112c41;
  8400: 142c46;
  8401: 132b45;
  8402: 132d44;
  8403: 142e45;
  8404: 132d46;
  8405: 112b46;
  8406: 1a3351;
  8407: 305379;
  8408: 5d91cb;
  8409: 5f9ee5;
  8410: 589ce5;
  8411: 549de2;
  8412: 559cda;
  8413: 569ad9;
  8414: 5c98de;
  8415: 5c98e0;
  8416: 5999e0;
  8417: 579ae0;
  8418: 589bdf;
  8419: 569bde;
  8420: 589ee3;
  8421: 639fd5;
  8422: 2a4765;
  8423: 410;
  8424: 4;
  8425: d0b0c;
  8426: bfbfc1;
  8427: feffff;
  8428: fffdfe;
  8429: fffffd;
  8430: ffffff;
  8431: ffffff;
  8432: ffffff;
  8433: ffffff;
  8434: ffffff;
  8435: ffffff;
  8436: ffffff;
  8437: ffffff;
  8438: ffffff;
  8439: ffffff;
  8440: ffffff;
  8441: ffffff;
  8442: ffffff;
  8443: ffffff;
  8444: ffffff;
  8445: ffffff;
  8446: ffffff;
  8447: ffffff;
  8448: ffffff;
  8449: ffffff;
  8450: ffffff;
  8451: ffffff;
  8452: ffffff;
  8453: ffffff;
  8454: ffffff;
  8455: ffffff;
  8456: ffffff;
  8457: ffffff;
  8458: ffffff;
  8459: ffffff;
  8460: ffffff;
  8461: ffffff;
  8462: ffffff;
  8463: ffffff;
  8464: fffeff;
  8465: fffeff;
  8466: fefffb;
  8467: fefffa;
  8468: fefffd;
  8469: fefefe;
  8470: c2bdc1;
  8471: 120d11;
  8472: 0;
  8473: 20e;
  8474: f3157;
  8475: 5586c0;
  8476: 4d86cd;
  8477: 4d8bd4;
  8478: 599adc;
  8479: 579bda;
  8480: 579bdc;
  8481: 579ade;
  8482: 599adc;
  8483: 5a9bdf;
  8484: 569be0;
  8485: 559adf;
  8486: 599ce2;
  8487: 659dda;
  8488: 587eab;
  8489: 142e;
  8490: 408;
  8491: 100;
  8492: 201f1b;
  8493: dddcda;
  8494: feffff;
  8495: fcffff;
  8496: feffff;
  8497: ffffff;
  8498: ffffff;
  8499: ffffff;
  8500: ffffff;
  8501: ffffff;
  8502: ffffff;
  8503: ffffff;
  8504: fefefe;
  8505: ffffff;
  8506: ffffff;
  8507: ffffff;
  8508: ffffff;
  8509: ffffff;
  8510: fefefe;
  8511: fcfbf9;
  8512: 8e8a87;
  8513: 50100;
  8514: 20100;
  8515: 2;
  8516: 2050a;
  8517: 10a;
  8518: 30d;
  8519: 10c;
  8520: 30f;
  8521: 30f;
  8522: 30d;
  8523: 30d;
  8524: 30c;
  8525: 30c;
  8526: 20a;
  8527: 20a;
  8528: 10a;
  8529: 109;
  8530: 50a;
  8531: 207;
  8532: 50e;
  8533: 30f;
  8534: 414;
  8535: 11933;
  8536: 4672a1;
  8537: 649cd9;
  8538: 599adc;
  8539: 559adb;
  8540: 559dd8;
  8541: 559bd7;
  8542: 5998dd;
  8543: 5a99e0;
  8544: 5999e0;
  8545: 579ae0;
  8546: 589bdf;
  8547: 569bde;
  8548: 589ee3;
  8549: 639fd5;
  8550: 2a4765;
  8551: 410;
  8552: 4;
  8553: d0b0c;
  8554: bfbfc1;
  8555: feffff;
  8556: fffdfe;
  8557: fffffd;
  8558: ffffff;
  8559: ffffff;
  8560: ffffff;
  8561: ffffff;
  8562: ffffff;
  8563: ffffff;
  8564: ffffff;
  8565: ffffff;
  8566: ffffff;
  8567: ffffff;
  8568: ffffff;
  8569: ffffff;
  8570: ffffff;
  8571: ffffff;
  8572: ffffff;
  8573: ffffff;
  8574: ffffff;
  8575: ffffff;
  8576: ffffff;
  8577: ffffff;
  8578: ffffff;
  8579: ffffff;
  8580: ffffff;
  8581: ffffff;
  8582: ffffff;
  8583: ffffff;
  8584: ffffff;
  8585: ffffff;
  8586: ffffff;
  8587: ffffff;
  8588: ffffff;
  8589: ffffff;
  8590: ffffff;
  8591: ffffff;
  8592: fffeff;
  8593: fffeff;
  8594: fefffa;
  8595: fefffa;
  8596: fefffd;
  8597: ffffff;
  8598: e2dde1;
  8599: 231e22;
  8600: 0;
  8601: 30d;
  8602: 1c3c;
  8603: 527db0;
  8604: 4f88cd;
  8605: 4989d3;
  8606: 5699dd;
  8607: 579bdc;
  8608: 579ade;
  8609: 599ade;
  8610: 5a99dc;
  8611: 5a9bdd;
  8612: 569bde;
  8613: 569be0;
  8614: 579ce1;
  8615: 609edb;
  8616: 6597c8;
  8617: 143652;
  8618: 309;
  8619: 100;
  8620: 60702;
  8621: 959595;
  8622: f7faff;
  8623: fcffff;
  8624: feffff;
  8625: ffffff;
  8626: ffffff;
  8627: ffffff;
  8628: ffffff;
  8629: ffffff;
  8630: ffffff;
  8631: ffffff;
  8632: ffffff;
  8633: ffffff;
  8634: ffffff;
  8635: ffffff;
  8636: ffffff;
  8637: ffffff;
  8638: fefefe;
  8639: fefcfd;
  8640: b8b4b3;
  8641: 14100f;
  8642: 10000;
  8643: 20001;
  8644: 2;
  8645: 2;
  8646: 2;
  8647: 2;
  8648: 4;
  8649: 4;
  8650: 2;
  8651: 2;
  8652: 2;
  8653: 10000;
  8654: 10000;
  8655: 30000;
  8656: 30000;
  8657: 30000;
  8658: 30200;
  8659: 0;
  8660: 2;
  8661: 5;
  8662: 9;
  8663: 317;
  8664: 264b77;
  8665: 5e92cb;
  8666: 5491d0;
  8667: 5296d7;
  8668: 569cda;
  8669: 579ddb;
  8670: 5797de;
  8671: 5999e1;
  8672: 5999e0;
  8673: 579ae0;
  8674: 589bdf;
  8675: 569bde;
  8676: 589ee3;
  8677: 639fd5;
  8678: 2a4765;
  8679: 410;
  8680: 4;
  8681: d0b0c;
  8682: bfbfc1;
  8683: feffff;
  8684: fffdfe;
  8685: fffffd;
  8686: ffffff;
  8687: ffffff;
  8688: ffffff;
  8689: ffffff;
  8690: ffffff;
  8691: ffffff;
  8692: ffffff;
  8693: ffffff;
  8694: ffffff;
  8695: ffffff;
  8696: ffffff;
  8697: ffffff;
  8698: ffffff;
  8699: ffffff;
  8700: ffffff;
  8701: ffffff;
  8702: ffffff;
  8703: ffffff;
  8704: ffffff;
  8705: ffffff;
  8706: ffffff;
  8707: ffffff;
  8708: ffffff;
  8709: ffffff;
  8710: ffffff;
  8711: ffffff;
  8712: ffffff;
  8713: ffffff;
  8714: ffffff;
  8715: ffffff;
  8716: ffffff;
  8717: ffffff;
  8718: ffffff;
  8719: ffffff;
  8720: fffeff;
  8721: fefeff;
  8722: fefffa;
  8723: fefffa;
  8724: feffff;
  8725: feffff;
  8726: f5f3f6;
  8727: 443f43;
  8728: 0;
  8729: 30a;
  8730: f27;
  8731: 496f9c;
  8732: 558ccd;
  8733: 4789d3;
  8734: 5396dc;
  8735: 579ade;
  8736: 579ae0;
  8737: 599ade;
  8738: 5a99dc;
  8739: 599ada;
  8740: 579ade;
  8741: 569bde;
  8742: 569ce1;
  8743: 589edc;
  8744: 65a2d8;
  8745: 356083;
  8746: 914;
  8747: 10100;
  8748: 100;
  8749: 424443;
  8750: e1e6ec;
  8751: fafeff;
  8752: feffff;
  8753: ffffff;
  8754: ffffff;
  8755: ffffff;
  8756: ffffff;
  8757: ffffff;
  8758: ffffff;
  8759: ffffff;
  8760: ffffff;
  8761: ffffff;
  8762: ffffff;
  8763: ffffff;
  8764: ffffff;
  8765: ffffff;
  8766: ffffff;
  8767: fefeff;
  8768: e6e5ea;
  8769: 626367;
  8770: 2c2d31;
  8771: 202125;
  8772: 1c1d1f;
  8773: 212224;
  8774: 1f2120;
  8775: 212322;
  8776: 20221f;
  8777: 21211f;
  8778: 212121;
  8779: 222021;
  8780: 222021;
  8781: 242021;
  8782: 242021;
  8783: 251f21;
  8784: 262022;
  8785: 221e1d;
  8786: 252120;
  8787: 232220;
  8788: 1a181b;
  8789: 20106;
  8790: 3030b;
  8791: 215;
  8792: 11345e;
  8793: 5889c4;
  8794: 4d88ca;
  8795: 4e8ed5;
  8796: 559add;
  8797: 599ce0;
  8798: 5797e1;
  8799: 5999e3;
  8800: 5999e1;
  8801: 579ae0;
  8802: 589bdf;
  8803: 569bde;
  8804: 589ee3;
  8805: 639fd5;
  8806: 2a4765;
  8807: 410;
  8808: 4;
  8809: d0b0c;
  8810: bfbfc1;
  8811: feffff;
  8812: fffdfe;
  8813: fffffd;
  8814: ffffff;
  8815: ffffff;
  8816: ffffff;
  8817: ffffff;
  8818: ffffff;
  8819: ffffff;
  8820: ffffff;
  8821: ffffff;
  8822: ffffff;
  8823: ffffff;
  8824: ffffff;
  8825: ffffff;
  8826: ffffff;
  8827: ffffff;
  8828: ffffff;
  8829: ffffff;
  8830: ffffff;
  8831: ffffff;
  8832: ffffff;
  8833: ffffff;
  8834: ffffff;
  8835: ffffff;
  8836: ffffff;
  8837: ffffff;
  8838: ffffff;
  8839: ffffff;
  8840: ffffff;
  8841: ffffff;
  8842: ffffff;
  8843: ffffff;
  8844: ffffff;
  8845: ffffff;
  8846: ffffff;
  8847: ffffff;
  8848: fffeff;
  8849: fefcff;
  8850: fffffb;
  8851: fefffb;
  8852: fcffff;
  8853: fdfeff;
  8854: faf8fb;
  8855: 6d6b6c;
  8856: 10101;
  8857: 105;
  8858: 71a;
  8859: 37577d;
  8860: 578dcb;
  8861: 498cd3;
  8862: 5095da;
  8863: 569be0;
  8864: 579ae1;
  8865: 5999e0;
  8866: 5a9ada;
  8867: 599ada;
  8868: 599adc;
  8869: 569bde;
  8870: 539ce0;
  8871: 549edd;
  8872: 5da2dd;
  8873: 5386b1;
  8874: 3182b;
  8875: 205;
  8876: 10300;
  8877: e100f;
  8878: a8abb2;
  8879: fbfeff;
  8880: fdfeff;
  8881: ffffff;
  8882: ffffff;
  8883: ffffff;
  8884: ffffff;
  8885: ffffff;
  8886: ffffff;
  8887: ffffff;
  8888: ffffff;
  8889: ffffff;
  8890: ffffff;
  8891: ffffff;
  8892: ffffff;
  8893: ffffff;
  8894: ffffff;
  8895: ffffff;
  8896: fdfeff;
  8897: cdd0d5;
  8898: 8e8f94;
  8899: 77787c;
  8900: 757678;
  8901: 757776;
  8902: 767875;
  8903: 777775;
  8904: 767772;
  8905: 767772;
  8906: 777674;
  8907: 777674;
  8908: 777674;
  8909: 777576;
  8910: 797576;
  8911: 797478;
  8912: 787679;
  8913: 757376;
  8914: 787878;
  8915: 7b7b7b;
  8916: 5f5f61;
  8917: 7060b;
  8918: 10207;
  8919: 213;
  8920: f305b;
  8921: 5687c1;
  8922: 4c85c8;
  8923: 4b8bd2;
  8924: 5598dc;
  8925: 589bdf;
  8926: 5898e2;
  8927: 5a9ae4;
  8928: 5999e1;
  8929: 579ae0;
  8930: 589bdf;
  8931: 569bde;
  8932: 589ee3;
  8933: 639fd5;
  8934: 2a4765;
  8935: 410;
  8936: 4;
  8937: d0b0c;
  8938: bfbfc1;
  8939: feffff;
  8940: fffdfe;
  8941: fffffd;
  8942: ffffff;
  8943: ffffff;
  8944: ffffff;
  8945: ffffff;
  8946: ffffff;
  8947: ffffff;
  8948: ffffff;
  8949: ffffff;
  8950: ffffff;
  8951: ffffff;
  8952: ffffff;
  8953: ffffff;
  8954: ffffff;
  8955: ffffff;
  8956: ffffff;
  8957: ffffff;
  8958: ffffff;
  8959: ffffff;
  8960: ffffff;
  8961: ffffff;
  8962: ffffff;
  8963: ffffff;
  8964: ffffff;
  8965: ffffff;
  8966: ffffff;
  8967: ffffff;
  8968: ffffff;
  8969: ffffff;
  8970: ffffff;
  8971: ffffff;
  8972: ffffff;
  8973: ffffff;
  8974: ffffff;
  8975: ffffff;
  8976: fffeff;
  8977: fefcfd;
  8978: fffffb;
  8979: fdfffa;
  8980: fbffff;
  8981: fafeff;
  8982: fbfbfd;
  8983: 9f9f9f;
  8984: 80808;
  8985: 104;
  8986: 30f;
  8987: 203958;
  8988: 5587c2;
  8989: 4b8bd2;
  8990: 4e91d7;
  8991: 569be0;
  8992: 579ae1;
  8993: 579ae0;
  8994: 599ada;
  8995: 599bd8;
  8996: 599adc;
  8997: 579ade;
  8998: 539ce0;
  8999: 519cdf;
  9000: 5aa4e1;
  9001: 659fcf;
  9002: 23415d;
  9003: 30f;
  9004: 203;
  9005: 0;
  9006: 525357;
  9007: e2e3e8;
  9008: fefeff;
  9009: fefefe;
  9010: ffffff;
  9011: ffffff;
  9012: ffffff;
  9013: ffffff;
  9014: ffffff;
  9015: ffffff;
  9016: ffffff;
  9017: ffffff;
  9018: ffffff;
  9019: ffffff;
  9020: ffffff;
  9021: ffffff;
  9022: ffffff;
  9023: ffffff;
  9024: fefeff;
  9025: feffff;
  9026: e1e1e3;
  9027: d2d2d2;
  9028: d3d3d3;
  9029: d1d1cf;
  9030: d2d2d0;
  9031: d2d1cd;
  9032: d3d2ce;
  9033: d3d2ce;
  9034: d2d2d0;
  9035: d2d2d2;
  9036: d2d2d2;
  9037: d2d2d4;
  9038: d2d1d6;
  9039: d1d2d7;
  9040: cfd4d8;
  9041: cdd5d8;
  9042: d2d7da;
  9043: d3d8db;
  9044: afb3b6;
  9045: d1114;
  9046: 106;
  9047: 313;
  9048: 14365c;
  9049: 5687bf;
  9050: 4d87c7;
  9051: 4c8bd0;
  9052: 569ad9;
  9053: 589cdd;
  9054: 5899dd;
  9055: 5a9ae1;
  9056: 5999e0;
  9057: 579ae0;
  9058: 589bdf;
  9059: 569bde;
  9060: 589ee3;
  9061: 639fd5;
  9062: 2a4765;
  9063: 410;
  9064: 4;
  9065: d0b0c;
  9066: bfbfc1;
  9067: feffff;
  9068: fffdfe;
  9069: fffffd;
  9070: ffffff;
  9071: ffffff;
  9072: ffffff;
  9073: ffffff;
  9074: ffffff;
  9075: ffffff;
  9076: ffffff;
  9077: ffffff;
  9078: ffffff;
  9079: ffffff;
  9080: ffffff;
  9081: ffffff;
  9082: ffffff;
  9083: ffffff;
  9084: ffffff;
  9085: ffffff;
  9086: ffffff;
  9087: ffffff;
  9088: ffffff;
  9089: ffffff;
  9090: ffffff;
  9091: ffffff;
  9092: ffffff;
  9093: ffffff;
  9094: ffffff;
  9095: ffffff;
  9096: ffffff;
  9097: ffffff;
  9098: ffffff;
  9099: ffffff;
  9100: ffffff;
  9101: ffffff;
  9102: ffffff;
  9103: ffffff;
  9104: fffeff;
  9105: fdfbfc;
  9106: fffffb;
  9107: fcfefb;
  9108: fcffff;
  9109: fcffff;
  9110: feffff;
  9111: c7c7c7;
  9112: 11110f;
  9113: 103;
  9114: 107;
  9115: 10213b;
  9116: 5280b4;
  9117: 4c89cc;
  9118: 4c8fd3;
  9119: 569be0;
  9120: 569ae1;
  9121: 579ade;
  9122: 579bda;
  9123: 599bd8;
  9124: 5a99dc;
  9125: 599ade;
  9126: 559be0;
  9127: 519cdf;
  9128: 539dde;
  9129: 65a4da;
  9130: 4e759c;
  9131: 142c;
  9132: 205;
  9133: 10000;
  9134: b090a;
  9135: a09ea1;
  9136: fefefe;
  9137: fefefe;
  9138: ffffff;
  9139: ffffff;
  9140: ffffff;
  9141: ffffff;
  9142: ffffff;
  9143: ffffff;
  9144: ffffff;
  9145: ffffff;
  9146: ffffff;
  9147: ffffff;
  9148: ffffff;
  9149: ffffff;
  9150: ffffff;
  9151: ffffff;
  9152: fefefe;
  9153: ffffff;
  9154: fffffd;
  9155: fefdfb;
  9156: fffefc;
  9157: fffffd;
  9158: fffefb;
  9159: fffffb;
  9160: fffffb;
  9161: fffffd;
  9162: fffeff;
  9163: ffffff;
  9164: feffff;
  9165: feffff;
  9166: feffff;
  9167: fcffff;
  9168: f8ffff;
  9169: f9ffff;
  9170: f9ffff;
  9171: f8fdff;
  9172: d8dcdf;
  9173: e1213;
  9174: 102;
  9175: 510;
  9176: 17395e;
  9177: 5786bc;
  9178: 5188c9;
  9179: 4e8dd2;
  9180: 579bda;
  9181: 569cda;
  9182: 5899dd;
  9183: 5a9bdf;
  9184: 579ae0;
  9185: 579ae0;
  9186: 589bdf;
  9187: 569bde;
  9188: 589ee3;
  9189: 639fd5;
  9190: 2a4765;
  9191: 410;
  9192: 4;
  9193: d0b0c;
  9194: bfbfc1;
  9195: feffff;
  9196: fffdfe;
  9197: fffffd;
  9198: ffffff;
  9199: ffffff;
  9200: ffffff;
  9201: ffffff;
  9202: ffffff;
  9203: ffffff;
  9204: ffffff;
  9205: ffffff;
  9206: ffffff;
  9207: ffffff;
  9208: ffffff;
  9209: ffffff;
  9210: ffffff;
  9211: ffffff;
  9212: ffffff;
  9213: ffffff;
  9214: ffffff;
  9215: ffffff;
  9216: ffffff;
  9217: ffffff;
  9218: ffffff;
  9219: ffffff;
  9220: ffffff;
  9221: ffffff;
  9222: ffffff;
  9223: ffffff;
  9224: ffffff;
  9225: ffffff;
  9226: ffffff;
  9227: ffffff;
  9228: ffffff;
  9229: ffffff;
  9230: ffffff;
  9231: ffffff;
  9232: fefcfd;
  9233: fffeff;
  9234: fffffb;
  9235: fcfefb;
  9236: fcffff;
  9237: fcffff;
  9238: f8f9fb;
  9239: f0f0f0;
  9240: 353533;
  9241: 20200;
  9242: 4;
  9243: 91c;
  9244: 436c9a;
  9245: 518bca;
  9246: 4c8bce;
  9247: 5196db;
  9248: 569be0;
  9249: 579cdf;
  9250: 579bda;
  9251: 5899d9;
  9252: 5a99dc;
  9253: 5899dd;
  9254: 559adf;
  9255: 559ee2;
  9256: 5399de;
  9257: 61a1df;
  9258: 6597ca;
  9259: 193a5d;
  9260: 30c;
  9261: 10100;
  9262: 40000;
  9263: 3e3a37;
  9264: d3d2d0;
  9265: fdfdfd;
  9266: fefefe;
  9267: ffffff;
  9268: fefefe;
  9269: ffffff;
  9270: ffffff;
  9271: ffffff;
  9272: fefefe;
  9273: ffffff;
  9274: ffffff;
  9275: ffffff;
  9276: ffffff;
  9277: ffffff;
  9278: ffffff;
  9279: fefefc;
  9280: fffffb;
  9281: fffffa;
  9282: fffffa;
  9283: fffffa;
  9284: fffefb;
  9285: fffefb;
  9286: fffdfd;
  9287: fffefd;
  9288: fffefd;
  9289: fffeff;
  9290: fffeff;
  9291: ffffff;
  9292: feffff;
  9293: feffff;
  9294: fcffff;
  9295: fcffff;
  9296: fbfffe;
  9297: fdfffe;
  9298: fefffd;
  9299: fffffd;
  9300: ccccca;
  9301: 131311;
  9302: 100;
  9303: 30b;
  9304: 173859;
  9305: 5987bb;
  9306: 5188c9;
  9307: 4d8cd1;
  9308: 569bdc;
  9309: 569bdc;
  9310: 579ade;
  9311: 579ae0;
  9312: 579ae0;
  9313: 579ae0;
  9314: 589bdf;
  9315: 569bde;
  9316: 589ee3;
  9317: 639fd5;
  9318: 2a4765;
  9319: 410;
  9320: 4;
  9321: d0b0c;
  9322: bfbfc1;
  9323: feffff;
  9324: fffdfe;
  9325: fffffd;
  9326: ffffff;
  9327: ffffff;
  9328: ffffff;
  9329: ffffff;
  9330: ffffff;
  9331: ffffff;
  9332: ffffff;
  9333: ffffff;
  9334: ffffff;
  9335: ffffff;
  9336: ffffff;
  9337: ffffff;
  9338: ffffff;
  9339: ffffff;
  9340: ffffff;
  9341: ffffff;
  9342: ffffff;
  9343: ffffff;
  9344: ffffff;
  9345: ffffff;
  9346: ffffff;
  9347: ffffff;
  9348: ffffff;
  9349: ffffff;
  9350: ffffff;
  9351: ffffff;
  9352: ffffff;
  9353: ffffff;
  9354: ffffff;
  9355: ffffff;
  9356: ffffff;
  9357: ffffff;
  9358: ffffff;
  9359: ffffff;
  9360: fffeff;
  9361: fffffd;
  9362: fffffd;
  9363: fdfffc;
  9364: fcffff;
  9365: fcffff;
  9366: fdfeff;
  9367: fafafa;
  9368: 6e6e6c;
  9369: 10100;
  9370: 40203;
  9371: 211;
  9372: 27496f;
  9373: 5b8ec5;
  9374: 4a85c7;
  9375: 5194da;
  9376: 569be0;
  9377: 569ddf;
  9378: 569cda;
  9379: 5899d9;
  9380: 5b9adf;
  9381: 5a99de;
  9382: 5699df;
  9383: 579ce1;
  9384: 579ce1;
  9385: 5b9cde;
  9386: 69a3e2;
  9387: 4a75a2;
  9388: 81b2c;
  9389: 104;
  9390: 0;
  9391: 80703;
  9392: 71716f;
  9393: e6e6e6;
  9394: ffffff;
  9395: fcfcfc;
  9396: ffffff;
  9397: ffffff;
  9398: ffffff;
  9399: fcfcfc;
  9400: ffffff;
  9401: ffffff;
  9402: ffffff;
  9403: ffffff;
  9404: fefefe;
  9405: ffffff;
  9406: ffffff;
  9407: fffffd;
  9408: fffffb;
  9409: fffffa;
  9410: fffffa;
  9411: fffffb;
  9412: fffefd;
  9413: fffefd;
  9414: fffeff;
  9415: fffeff;
  9416: fffdff;
  9417: fffeff;
  9418: fffeff;
  9419: ffffff;
  9420: feffff;
  9421: feffff;
  9422: fcffff;
  9423: fefffd;
  9424: fffffd;
  9425: fffefa;
  9426: fffffb;
  9427: fffffb;
  9428: cccbc9;
  9429: 13120e;
  9430: 10000;
  9431: 40a;
  9432: 193759;
  9433: 5987bb;
  9434: 5188cb;
  9435: 4d8bd4;
  9436: 569be0;
  9437: 559be0;
  9438: 579ae0;
  9439: 579ae0;
  9440: 579ae0;
  9441: 579ae0;
  9442: 589bdf;
  9443: 569bde;
  9444: 589ee3;
  9445: 639fd5;
  9446: 2a4765;
  9447: 410;
  9448: 4;
  9449: d0b0c;
  9450: bfbfc1;
  9451: feffff;
  9452: fffdfe;
  9453: fffffd;
  9454: ffffff;
  9455: ffffff;
  9456: ffffff;
  9457: ffffff;
  9458: ffffff;
  9459: ffffff;
  9460: ffffff;
  9461: ffffff;
  9462: ffffff;
  9463: ffffff;
  9464: ffffff;
  9465: ffffff;
  9466: ffffff;
  9467: ffffff;
  9468: ffffff;
  9469: ffffff;
  9470: ffffff;
  9471: ffffff;
  9472: ffffff;
  9473: ffffff;
  9474: ffffff;
  9475: ffffff;
  9476: ffffff;
  9477: ffffff;
  9478: ffffff;
  9479: ffffff;
  9480: ffffff;
  9481: ffffff;
  9482: ffffff;
  9483: ffffff;
  9484: ffffff;
  9485: ffffff;
  9486: ffffff;
  9487: ffffff;
  9488: fffffd;
  9489: fffffd;
  9490: fffffd;
  9491: fefefe;
  9492: feffff;
  9493: feffff;
  9494: feffff;
  9495: feffff;
  9496: afafad;
  9497: a0a08;
  9498: 10000;
  9499: 10b;
  9500: d2645;
  9501: 5781b1;
  9502: 548cc9;
  9503: 4f90d4;
  9504: 559add;
  9505: 569ddf;
  9506: 569bdc;
  9507: 5899db;
  9508: 5b9adf;
  9509: 5a99e0;
  9510: 5699df;
  9511: 579ae0;
  9512: 5b9ce0;
  9513: 5596da;
  9514: 609fe6;
  9515: 689bd4;
  9516: 284360;
  9517: 713;
  9518: 205;
  9519: 100;
  9520: 151515;
  9521: a2a2a2;
  9522: f0f0f0;
  9523: ffffff;
  9524: ffffff;
  9525: ffffff;
  9526: ffffff;
  9527: ffffff;
  9528: ffffff;
  9529: ffffff;
  9530: ffffff;
  9531: ffffff;
  9532: ffffff;
  9533: fefefe;
  9534: ffffff;
  9535: feffff;
  9536: fcfffd;
  9537: fcfffd;
  9538: fcffff;
  9539: fcffff;
  9540: feffff;
  9541: feffff;
  9542: fffeff;
  9543: fffeff;
  9544: fffeff;
  9545: fffeff;
  9546: fffeff;
  9547: ffffff;
  9548: feffff;
  9549: feffff;
  9550: fefffd;
  9551: fefffd;
  9552: fffffd;
  9553: fffdfc;
  9554: fffefd;
  9555: fffdfc;
  9556: cdc9ca;
  9557: 151110;
  9558: 10000;
  9559: 40d;
  9560: 19375b;
  9561: 5986bf;
  9562: 5187cf;
  9563: 4d8bd8;
  9564: 569ae3;
  9565: 559be3;
  9566: 5799e3;
  9567: 579ae1;
  9568: 579ae0;
  9569: 579ae0;
  9570: 589bdf;
  9571: 569bde;
  9572: 589ee3;
  9573: 639fd5;
  9574: 2a4765;
  9575: 410;
  9576: 4;
  9577: d0b0c;
  9578: bfbfc1;
  9579: feffff;
  9580: fffdfe;
  9581: fffffd;
  9582: ffffff;
  9583: ffffff;
  9584: ffffff;
  9585: ffffff;
  9586: ffffff;
  9587: ffffff;
  9588: ffffff;
  9589: ffffff;
  9590: ffffff;
  9591: ffffff;
  9592: ffffff;
  9593: ffffff;
  9594: ffffff;
  9595: ffffff;
  9596: ffffff;
  9597: ffffff;
  9598: ffffff;
  9599: ffffff;
  9600: ffffff;
  9601: ffffff;
  9602: ffffff;
  9603: ffffff;
  9604: ffffff;
  9605: ffffff;
  9606: ffffff;
  9607: ffffff;
  9608: ffffff;
  9609: ffffff;
  9610: ffffff;
  9611: ffffff;
  9612: ffffff;
  9613: ffffff;
  9614: ffffff;
  9615: ffffff;
  9616: fffffd;
  9617: fefefc;
  9618: ffffff;
  9619: ffffff;
  9620: ffffff;
  9621: fdfffe;
  9622: fdfffe;
  9623: feffff;
  9624: dddddb;
  9625: 252523;
  9626: 10000;
  9627: 107;
  9628: 122a;
  9629: 41628b;
  9630: 5c8fc8;
  9631: 4a89cc;
  9632: 5398db;
  9633: 559cde;
  9634: 589bdf;
  9635: 599ade;
  9636: 5a9ae1;
  9637: 5999e0;
  9638: 5699df;
  9639: 579ae0;
  9640: 599ade;
  9641: 5999e0;
  9642: 589ae4;
  9643: 69a3e2;
  9644: 567ba5;
  9645: c243c;
  9646: 50f;
  9647: 608;
  9648: 203;
  9649: 333333;
  9650: ababab;
  9651: ffffff;
  9652: fefefe;
  9653: fefefe;
  9654: ffffff;
  9655: fefefe;
  9656: fefefe;
  9657: fefefe;
  9658: fefefe;
  9659: ffffff;
  9660: ffffff;
  9661: ffffff;
  9662: fefefe;
  9663: feffff;
  9664: fcffff;
  9665: fbffff;
  9666: fcffff;
  9667: fcffff;
  9668: fcffff;
  9669: feffff;
  9670: feffff;
  9671: fffeff;
  9672: fffeff;
  9673: fffeff;
  9674: fffeff;
  9675: ffffff;
  9676: ffffff;
  9677: fffffd;
  9678: fffffb;
  9679: fffffb;
  9680: fffffd;
  9681: fffefc;
  9682: fffeff;
  9683: fffdfe;
  9684: ccc8c9;
  9685: 12110f;
  9686: 10000;
  9687: 30c;
  9688: 17385b;
  9689: 5887bf;
  9690: 5187d1;
  9691: 4d8ada;
  9692: 569ae5;
  9693: 569ae3;
  9694: 579ae1;
  9695: 579ae0;
  9696: 579ae0;
  9697: 579ae0;
  9698: 589bdf;
  9699: 569bde;
  9700: 589ee3;
  9701: 639fd5;
  9702: 2a4765;
  9703: 410;
  9704: 4;
  9705: d0b0c;
  9706: bfbfc1;
  9707: feffff;
  9708: fffdfe;
  9709: fffffd;
  9710: ffffff;
  9711: ffffff;
  9712: ffffff;
  9713: ffffff;
  9714: ffffff;
  9715: ffffff;
  9716: ffffff;
  9717: ffffff;
  9718: ffffff;
  9719: ffffff;
  9720: ffffff;
  9721: ffffff;
  9722: ffffff;
  9723: ffffff;
  9724: ffffff;
  9725: ffffff;
  9726: ffffff;
  9727: ffffff;
  9728: ffffff;
  9729: ffffff;
  9730: ffffff;
  9731: ffffff;
  9732: ffffff;
  9733: ffffff;
  9734: ffffff;
  9735: ffffff;
  9736: ffffff;
  9737: ffffff;
  9738: ffffff;
  9739: ffffff;
  9740: ffffff;
  9741: ffffff;
  9742: ffffff;
  9743: ffffff;
  9744: fffffd;
  9745: ffffff;
  9746: ffffff;
  9747: ffffff;
  9748: ffffff;
  9749: fffffd;
  9750: fefefc;
  9751: fefefc;
  9752: f9fbf8;
  9753: 5d5d5b;
  9754: 0;
  9755: 5;
  9756: 515;
  9757: 253e5d;
  9758: 5887bd;
  9759: 4e89cb;
  9760: 5195d6;
  9761: 559add;
  9762: 589be1;
  9763: 5999e0;
  9764: 5999e0;
  9765: 5699dd;
  9766: 5699dd;
  9767: 579ade;
  9768: 599ade;
  9769: 5d9de4;
  9770: 5699e0;
  9771: 609dde;
  9772: 709fd5;
  9773: 365c83;
  9774: 172d;
  9775: 40e;
  9776: 408;
  9777: 0;
  9778: 4f4f4f;
  9779: bcbcbc;
  9780: f2f2f2;
  9781: ffffff;
  9782: fafafa;
  9783: ffffff;
  9784: ffffff;
  9785: ffffff;
  9786: fefefe;
  9787: ffffff;
  9788: ffffff;
  9789: ffffff;
  9790: fefefe;
  9791: fefefe;
  9792: feffff;
  9793: fcffff;
  9794: feffff;
  9795: feffff;
  9796: feffff;
  9797: fffeff;
  9798: fffeff;
  9799: fffeff;
  9800: fffeff;
  9801: fffeff;
  9802: fffeff;
  9803: fffffd;
  9804: fffffd;
  9805: fffffb;
  9806: fffefb;
  9807: fffffb;
  9808: fffffd;
  9809: fdfffe;
  9810: feffff;
  9811: fdfeff;
  9812: cacaca;
  9813: 10120f;
  9814: 100;
  9815: 40b;
  9816: 163959;
  9817: 5688bd;
  9818: 4f88cf;
  9819: 4c8bd8;
  9820: 569ae1;
  9821: 569bde;
  9822: 579bdc;
  9823: 599adc;
  9824: 579ade;
  9825: 579ae0;
  9826: 589bdf;
  9827: 569bde;
  9828: 589ee3;
  9829: 639fd5;
  9830: 2a4765;
  9831: 410;
  9832: 4;
  9833: d0b0c;
  9834: bfbfc1;
  9835: feffff;
  9836: fffdfe;
  9837: fffffd;
  9838: ffffff;
  9839: ffffff;
  9840: ffffff;
  9841: ffffff;
  9842: ffffff;
  9843: ffffff;
  9844: ffffff;
  9845: ffffff;
  9846: ffffff;
  9847: ffffff;
  9848: ffffff;
  9849: ffffff;
  9850: ffffff;
  9851: ffffff;
  9852: ffffff;
  9853: ffffff;
  9854: ffffff;
  9855: ffffff;
  9856: ffffff;
  9857: ffffff;
  9858: ffffff;
  9859: ffffff;
  9860: ffffff;
  9861: ffffff;
  9862: ffffff;
  9863: ffffff;
  9864: ffffff;
  9865: ffffff;
  9866: ffffff;
  9867: ffffff;
  9868: ffffff;
  9869: ffffff;
  9870: ffffff;
  9871: ffffff;
  9872: fffffd;
  9873: ffffff;
  9874: fdfeff;
  9875: feffff;
  9876: fffffd;
  9877: fffffd;
  9878: fffffd;
  9879: fffffd;
  9880: fefffd;
  9881: a6a8a7;
  9882: 80a09;
  9883: 4;
  9884: b;
  9885: 81933;
  9886: 517aae;
  9887: 548ece;
  9888: 4f90d2;
  9889: 5497dd;
  9890: 5a9ae2;
  9891: 5999e1;
  9892: 579ae0;
  9893: 559add;
  9894: 5699dd;
  9895: 589bdf;
  9896: 589bdf;
  9897: 5699dd;
  9898: 5798dc;
  9899: 5a97da;
  9900: 67a1e0;
  9901: 6193c8;
  9902: 244a6e;
  9903: b1f;
  9904: 209;
  9905: 30303;
  9906: 40404;
  9907: 444444;
  9908: bbbbbb;
  9909: fdfdfd;
  9910: ffffff;
  9911: ffffff;
  9912: ffffff;
  9913: ffffff;
  9914: ffffff;
  9915: fefefe;
  9916: fefefe;
  9917: ffffff;
  9918: ffffff;
  9919: ffffff;
  9920: ffffff;
  9921: ffffff;
  9922: ffffff;
  9923: ffffff;
  9924: ffffff;
  9925: ffffff;
  9926: fffeff;
  9927: fffeff;
  9928: fffeff;
  9929: fffeff;
  9930: fffeff;
  9931: fffffd;
  9932: fffefd;
  9933: fffefd;
  9934: fffefd;
  9935: fffffd;
  9936: fffffd;
  9937: fdfffe;
  9938: feffff;
  9939: feffff;
  9940: c9cbca;
  9941: 101211;
  9942: 200;
  9943: 40b;
  9944: 153959;
  9945: 5688bd;
  9946: 4f88cf;
  9947: 4c8bd8;
  9948: 569ae1;
  9949: 569bdc;
  9950: 599ada;
  9951: 599ada;
  9952: 579ade;
  9953: 579ae0;
  9954: 589bdf;
  9955: 569bde;
  9956: 589ee3;
  9957: 639fd5;
  9958: 2a4765;
  9959: 410;
  9960: 4;
  9961: d0b0c;
  9962: bfbfc1;
  9963: feffff;
  9964: fffdfe;
  9965: fffffd;
  9966: ffffff;
  9967: ffffff;
  9968: ffffff;
  9969: ffffff;
  9970: ffffff;
  9971: ffffff;
  9972: ffffff;
  9973: ffffff;
  9974: ffffff;
  9975: ffffff;
  9976: ffffff;
  9977: ffffff;
  9978: ffffff;
  9979: ffffff;
  9980: ffffff;
  9981: ffffff;
  9982: ffffff;
  9983: ffffff;
  9984: ffffff;
  9985: ffffff;
  9986: ffffff;
  9987: ffffff;
  9988: ffffff;
  9989: ffffff;
  9990: ffffff;
  9991: ffffff;
  9992: ffffff;
  9993: ffffff;
  9994: ffffff;
  9995: ffffff;
  9996: ffffff;
  9997: ffffff;
  9998: ffffff;
  9999: ffffff;
  10000: fefefc;
  10001: ffffff;
  10002: fdfeff;
  10003: fdfeff;
  10004: fffefc;
  10005: fffefb;
  10006: fffffb;
  10007: fefefc;
  10008: fcfefb;
  10009: e1e3e2;
  10010: 363739;
  10011: 105;
  10012: 5;
  10013: 619;
  10014: 31598a;
  10015: 548bcb;
  10016: 4d8ccf;
  10017: 5494db;
  10018: 5999e3;
  10019: 5999e3;
  10020: 569be0;
  10021: 549bdd;
  10022: 559adb;
  10023: 579cdf;
  10024: 579cdf;
  10025: 5396da;
  10026: 5f9cdd;
  10027: 5d9adb;
  10028: 5b9be2;
  10029: 6aa5e7;
  10030: 5080b0;
  10031: 163854;
  10032: 20c;
  10033: 20202;
  10034: 0;
  10035: c0c0c;
  10036: 474747;
  10037: a0a0a0;
  10038: e7e7e7;
  10039: ffffff;
  10040: fafafa;
  10041: ffffff;
  10042: ffffff;
  10043: ffffff;
  10044: fefefe;
  10045: ffffff;
  10046: ffffff;
  10047: ffffff;
  10048: fffeff;
  10049: fffeff;
  10050: fffffd;
  10051: fffffd;
  10052: fffffd;
  10053: fffffd;
  10054: ffffff;
  10055: fffffd;
  10056: fffffd;
  10057: ffffff;
  10058: ffffff;
  10059: ffffff;
  10060: fffeff;
  10061: fffeff;
  10062: fffeff;
  10063: fffeff;
  10064: fffeff;
  10065: fffdfe;
  10066: ffffff;
  10067: ffffff;
  10068: cacacc;
  10069: 111111;
  10070: 200;
  10071: 30c;
  10072: 16385d;
  10073: 5687c1;
  10074: 4f87d2;
  10075: 4d8ada;
  10076: 5799e3;
  10077: 569bde;
  10078: 599adc;
  10079: 599ada;
  10080: 579ade;
  10081: 579ae0;
  10082: 589bdf;
  10083: 569bde;
  10084: 589ee3;
  10085: 639fd5;
  10086: 2a4765;
  10087: 410;
  10088: 4;
  10089: d0b0c;
  10090: bfbfc1;
  10091: feffff;
  10092: fffdfe;
  10093: fffffd;
  10094: ffffff;
  10095: ffffff;
  10096: ffffff;
  10097: ffffff;
  10098: ffffff;
  10099: ffffff;
  10100: ffffff;
  10101: ffffff;
  10102: ffffff;
  10103: ffffff;
  10104: ffffff;
  10105: ffffff;
  10106: ffffff;
  10107: ffffff;
  10108: ffffff;
  10109: ffffff;
  10110: ffffff;
  10111: ffffff;
  10112: ffffff;
  10113: ffffff;
  10114: ffffff;
  10115: ffffff;
  10116: ffffff;
  10117: ffffff;
  10118: ffffff;
  10119: ffffff;
  10120: ffffff;
  10121: ffffff;
  10122: ffffff;
  10123: ffffff;
  10124: ffffff;
  10125: ffffff;
  10126: ffffff;
  10127: ffffff;
  10128: fefefe;
  10129: ffffff;
  10130: feffff;
  10131: ffffff;
  10132: fffefd;
  10133: fffefb;
  10134: fffffb;
  10135: fefefc;
  10136: ffffff;
  10137: f9fafc;
  10138: 747579;
  10139: 30408;
  10140: 4;
  10141: 212;
  10142: b294f;
  10143: 5382b8;
  10144: 4f8acc;
  10145: 5393db;
  10146: 5997e0;
  10147: 5898df;
  10148: 569bde;
  10149: 559cde;
  10150: 559be0;
  10151: 559be0;
  10152: 579ce1;
  10153: 5697db;
  10154: 5f9cdd;
  10155: 5897da;
  10156: 5498e1;
  10157: 5c9fe5;
  10158: 6da5de;
  10159: 4d79a0;
  10160: 152a3f;
  10161: 710;
  10162: 107;
  10163: 5;
  10164: 20305;
  10165: 3a3a38;
  10166: 939391;
  10167: d7d7d5;
  10168: f2f2f2;
  10169: fafcfb;
  10170: feffff;
  10171: feffff;
  10172: fdfffe;
  10173: ffffff;
  10174: ffffff;
  10175: fffefc;
  10176: fffeff;
  10177: fffeff;
  10178: fffefd;
  10179: fffffd;
  10180: fffffd;
  10181: fffffd;
  10182: fffffd;
  10183: fffffd;
  10184: fffffd;
  10185: ffffff;
  10186: ffffff;
  10187: ffffff;
  10188: ffffff;
  10189: fffeff;
  10190: fffeff;
  10191: ffffff;
  10192: fffefd;
  10193: fffefc;
  10194: fffeff;
  10195: fefdff;
  10196: cac8cd;
  10197: 111113;
  10198: 100;
  10199: 40d;
  10200: 16385d;
  10201: 5687c1;
  10202: 5187d1;
  10203: 4d8ada;
  10204: 5999e3;
  10205: 579ae0;
  10206: 599adc;
  10207: 599adc;
  10208: 579ae0;
  10209: 579ae0;
  10210: 589cdd;
  10211: 569bdc;
  10212: 56a0e1;
  10213: 629fd5;
  10214: 2a4864;
  10215: 410;
  10216: 5;
  10217: d0b0c;
  10218: bfbfc1;
  10219: ffffff;
  10220: fefefe;
  10221: fffffd;
  10222: ffffff;
  10223: ffffff;
  10224: ffffff;
  10225: ffffff;
  10226: ffffff;
  10227: ffffff;
  10228: ffffff;
  10229: ffffff;
  10230: ffffff;
  10231: ffffff;
  10232: ffffff;
  10233: ffffff;
  10234: ffffff;
  10235: ffffff;
  10236: ffffff;
  10237: ffffff;
  10238: ffffff;
  10239: ffffff;
  10240: ffffff;
  10241: ffffff;
  10242: ffffff;
  10243: ffffff;
  10244: ffffff;
  10245: ffffff;
  10246: ffffff;
  10247: ffffff;
  10248: ffffff;
  10249: ffffff;
  10250: ffffff;
  10251: ffffff;
  10252: ffffff;
  10253: ffffff;
  10254: ffffff;
  10255: ffffff;
  10256: ffffff;
  10257: ffffff;
  10258: ffffff;
  10259: fffeff;
  10260: fffeff;
  10261: fffffd;
  10262: fffffd;
  10263: ffffff;
  10264: fdfdfd;
  10265: feffff;
  10266: c3c4c8;
  10267: 16171b;
  10268: 10206;
  10269: 10a;
  10270: a1a;
  10271: 405d7f;
  10272: 568ccc;
  10273: 4f8fd9;
  10274: 5794d7;
  10275: 5c9cdc;
  10276: 579ede;
  10277: 519ade;
  10278: 539be3;
  10279: 569ae3;
  10280: 5898df;
  10281: 5a99de;
  10282: 5b9adf;
  10283: 599ade;
  10284: 5699dd;
  10285: 589cdd;
  10286: 5f9fdd;
  10287: 6aa1d7;
  10288: 486f96;
  10289: 112c47;
  10290: 418;
  10291: 20e;
  10292: 205;
  10293: 50601;
  10294: 272621;
  10295: 62615c;
  10296: abadaa;
  10297: dfe5e3;
  10298: f9ffff;
  10299: f8ffff;
  10300: faffff;
  10301: feffff;
  10302: fffefc;
  10303: fffefb;
  10304: fffffd;
  10305: ffffff;
  10306: fefcfd;
  10307: fdfdfd;
  10308: ffffff;
  10309: fdfdfd;
  10310: ffffff;
  10311: ffffff;
  10312: ffffff;
  10313: ffffff;
  10314: ffffff;
  10315: ffffff;
  10316: ffffff;
  10317: ffffff;
  10318: ffffff;
  10319: ffffff;
  10320: fffefb;
  10321: fffefc;
  10322: feffff;
  10323: feffff;
  10324: cac9d1;
  10325: 111016;
  10326: 0;
  10327: 40d;
  10328: 163959;
  10329: 5688bd;
  10330: 5187cd;
  10331: 4f8ad6;
  10332: 5a99e0;
  10333: 599ade;
  10334: 579ade;
  10335: 569be0;
  10336: 579ae1;
  10337: 5999e0;
  10338: 5a9bdb;
  10339: 569cd8;
  10340: 53a1e1;
  10341: 5fa1d5;
  10342: 2a4862;
  10343: 40e;
  10344: 7;
  10345: c0c0e;
  10346: bfbfbf;
  10347: ffffff;
  10348: fefefc;
  10349: fefffd;
  10350: feffff;
  10351: feffff;
  10352: ffffff;
  10353: ffffff;
  10354: ffffff;
  10355: ffffff;
  10356: ffffff;
  10357: ffffff;
  10358: ffffff;
  10359: ffffff;
  10360: ffffff;
  10361: ffffff;
  10362: ffffff;
  10363: ffffff;
  10364: ffffff;
  10365: ffffff;
  10366: ffffff;
  10367: ffffff;
  10368: ffffff;
  10369: ffffff;
  10370: ffffff;
  10371: ffffff;
  10372: ffffff;
  10373: ffffff;
  10374: ffffff;
  10375: ffffff;
  10376: ffffff;
  10377: ffffff;
  10378: ffffff;
  10379: ffffff;
  10380: ffffff;
  10381: ffffff;
  10382: ffffff;
  10383: ffffff;
  10384: ffffff;
  10385: ffffff;
  10386: fffeff;
  10387: fffeff;
  10388: fffeff;
  10389: fffeff;
  10390: fffeff;
  10391: fffeff;
  10392: ffffff;
  10393: ffffff;
  10394: f3f4f8;
  10395: 55565a;
  10396: 5;
  10397: 10409;
  10398: 107;
  10399: 1b2d45;
  10400: 5583be;
  10401: 528ed6;
  10402: 538ed0;
  10403: 5b9bd9;
  10404: 569bdc;
  10405: 519ade;
  10406: 5399e1;
  10407: 599de6;
  10408: 5a99e0;
  10409: 5d99df;
  10410: 5a9ae1;
  10411: 579ae0;
  10412: 559add;
  10413: 569bde;
  10414: 5a9edf;
  10415: 62a0dd;
  10416: 6c9fd4;
  10417: 406b95;
  10418: 133251;
  10419: b20;
  10420: 20b;
  10421: 100;
  10422: 10000;
  10423: d0d05;
  10424: 464742;
  10425: 777b7a;
  10426: a4acae;
  10427: c4ccce;
  10428: e3e8eb;
  10429: f7f8fa;
  10430: fefaf9;
  10431: fffcf9;
  10432: fefcfd;
  10433: ffffff;
  10434: ffffff;
  10435: fefefe;
  10436: ffffff;
  10437: ffffff;
  10438: fdfdfd;
  10439: ffffff;
  10440: ffffff;
  10441: ffffff;
  10442: ffffff;
  10443: ffffff;
  10444: ffffff;
  10445: ffffff;
  10446: ffffff;
  10447: fffffd;
  10448: fffefb;
  10449: fffefa;
  10450: fcffff;
  10451: fcffff;
  10452: cac9d1;
  10453: 111016;
  10454: 10000;
  10455: 30d;
  10456: 153858;
  10457: 5488ba;
  10458: 4e87ca;
  10459: 4c8ad3;
  10460: 5998df;
  10461: 579ade;
  10462: 559adf;
  10463: 5599e0;
  10464: 5698e2;
  10465: 5898df;
  10466: 599ada;
  10467: 559bd9;
  10468: 52a2e1;
  10469: 5fa1d5;
  10470: 2a4862;
  10471: 30e;
  10472: 7;
  10473: d0b10;
  10474: c0bebf;
  10475: fffffd;
  10476: fefefc;
  10477: fffffd;
  10478: ffffff;
  10479: ffffff;
  10480: ffffff;
  10481: ffffff;
  10482: ffffff;
  10483: ffffff;
  10484: ffffff;
  10485: ffffff;
  10486: ffffff;
  10487: ffffff;
  10488: ffffff;
  10489: ffffff;
  10490: ffffff;
  10491: ffffff;
  10492: ffffff;
  10493: ffffff;
  10494: ffffff;
  10495: ffffff;
  10496: ffffff;
  10497: ffffff;
  10498: ffffff;
  10499: ffffff;
  10500: ffffff;
  10501: ffffff;
  10502: ffffff;
  10503: ffffff;
  10504: ffffff;
  10505: ffffff;
  10506: ffffff;
  10507: ffffff;
  10508: ffffff;
  10509: ffffff;
  10510: ffffff;
  10511: ffffff;
  10512: ffffff;
  10513: ffffff;
  10514: ffffff;
  10515: ffffff;
  10516: fffeff;
  10517: fffeff;
  10518: fffeff;
  10519: fffeff;
  10520: fbf9fa;
  10521: ffffff;
  10522: fdfeff;
  10523: aeafb3;
  10524: 111419;
  10525: 5;
  10526: 206;
  10527: c20;
  10528: 365e8f;
  10529: 578dcd;
  10530: 528ecd;
  10531: 5897da;
  10532: 5b9be2;
  10533: 589be1;
  10534: 569adb;
  10535: 5a9bdd;
  10536: 5a99e0;
  10537: 5b9ae1;
  10538: 5a9bdf;
  10539: 579ade;
  10540: 559be3;
  10541: 559be1;
  10542: 589cdd;
  10543: 5c9cda;
  10544: 62a0dd;
  10545: 649bd3;
  10546: 4974a1;
  10547: 153252;
  10548: e21;
  10549: 2060f;
  10550: 10000;
  10551: 50000;
  10552: 50100;
  10553: 12110f;
  10554: 303133;
  10555: 616266;
  10556: 949599;
  10557: b8b7bc;
  10558: d1ccd0;
  10559: e0dcdd;
  10560: e8e6e7;
  10561: e7e7e7;
  10562: f5f5f5;
  10563: ffffff;
  10564: fefefe;
  10565: ffffff;
  10566: fdfdfd;
  10567: fdfdfd;
  10568: ffffff;
  10569: ffffff;
  10570: ffffff;
  10571: ffffff;
  10572: ffffff;
  10573: ffffff;
  10574: ffffff;
  10575: fffffd;
  10576: fffffa;
  10577: fffefa;
  10578: feffff;
  10579: fcffff;
  10580: cac9cf;
  10581: 121015;
  10582: 0;
  10583: 40d;
  10584: 163a5a;
  10585: 5489bb;
  10586: 4d8acb;
  10587: 4a8dd4;
  10588: 579ae0;
  10589: 579ce1;
  10590: 559be0;
  10591: 559be1;
  10592: 5799e3;
  10593: 5999e1;
  10594: 5a9bdf;
  10595: 569bde;
  10596: 54a1e5;
  10597: 62a0d9;
  10598: 2d4865;
  10599: 311;
  10600: 7;
  10601: f0a0e;
  10602: c2bebf;
  10603: fffefd;
  10604: fffdfe;
  10605: fffeff;
  10606: fffeff;
  10607: fffeff;
  10608: ffffff;
  10609: ffffff;
  10610: ffffff;
  10611: ffffff;
  10612: ffffff;
  10613: ffffff;
  10614: ffffff;
  10615: ffffff;
  10616: ffffff;
  10617: ffffff;
  10618: ffffff;
  10619: ffffff;
  10620: ffffff;
  10621: ffffff;
  10622: ffffff;
  10623: ffffff;
  10624: ffffff;
  10625: ffffff;
  10626: ffffff;
  10627: ffffff;
  10628: ffffff;
  10629: ffffff;
  10630: ffffff;
  10631: ffffff;
  10632: ffffff;
  10633: ffffff;
  10634: ffffff;
  10635: ffffff;
  10636: ffffff;
  10637: ffffff;
  10638: ffffff;
  10639: ffffff;
  10640: ffffff;
  10641: ffffff;
  10642: ffffff;
  10643: ffffff;
  10644: fffeff;
  10645: fffeff;
  10646: fffeff;
  10647: fffeff;
  10648: fffeff;
  10649: fffdfe;
  10650: fefeff;
  10651: eaebed;
  10652: 4f5054;
  10653: 5;
  10654: 5;
  10655: 313;
  10656: c2a50;
  10657: 517fb3;
  10658: 558fce;
  10659: 5493d8;
  10660: 5999e0;
  10661: 5b9ce0;
  10662: 5c9cda;
  10663: 5898d6;
  10664: 599adc;
  10665: 599ade;
  10666: 599ade;
  10667: 579ade;
  10668: 559be3;
  10669: 559be1;
  10670: 579bdc;
  10671: 5899d9;
  10672: 5c9fe3;
  10673: 63a3e3;
  10674: 689cd5;
  10675: 527ba7;
  10676: 2d4a6a;
  10677: 91930;
  10678: 10c;
  10679: 10207;
  10680: 20204;
  10681: 10000;
  10682: 60407;
  10683: 1b191c;
  10684: 2d2b2e;
  10685: 3c3a3d;
  10686: 4f4d50;
  10687: 605e61;
  10688: 6b6b6b;
  10689: 7d7d7d;
  10690: b7b7b7;
  10691: fefefe;
  10692: fefefe;
  10693: fdfdfd;
  10694: ffffff;
  10695: ffffff;
  10696: ffffff;
  10697: ffffff;
  10698: ffffff;
  10699: ffffff;
  10700: ffffff;
  10701: ffffff;
  10702: ffffff;
  10703: fffffd;
  10704: fffffb;
  10705: fffefa;
  10706: feffff;
  10707: feffff;
  10708: cac9ce;
  10709: 121015;
  10710: 10000;
  10711: 40d;
  10712: 14385a;
  10713: 5388bc;
  10714: 4c89cc;
  10715: 498bd5;
  10716: 5599e0;
  10717: 569be0;
  10718: 559adf;
  10719: 559adf;
  10720: 579ae1;
  10721: 5898e0;
  10722: 5a9bdf;
  10723: 5699dd;
  10724: 559fe6;
  10725: 619ed7;
  10726: 2b4663;
  10727: 10d;
  10728: 5;
  10729: f0b0c;
  10730: c2bebf;
  10731: fffefd;
  10732: fffdfe;
  10733: fffeff;
  10734: fffeff;
  10735: fffeff;
  10736: ffffff;
  10737: ffffff;
  10738: ffffff;
  10739: ffffff;
  10740: ffffff;
  10741: ffffff;
  10742: ffffff;
  10743: ffffff;
  10744: ffffff;
  10745: ffffff;
  10746: ffffff;
  10747: ffffff;
  10748: ffffff;
  10749: ffffff;
  10750: ffffff;
  10751: ffffff;
  10752: ffffff;
  10753: ffffff;
  10754: ffffff;
  10755: ffffff;
  10756: ffffff;
  10757: ffffff;
  10758: ffffff;
  10759: ffffff;
  10760: ffffff;
  10761: ffffff;
  10762: ffffff;
  10763: ffffff;
  10764: ffffff;
  10765: ffffff;
  10766: ffffff;
  10767: ffffff;
  10768: feffff;
  10769: feffff;
  10770: ffffff;
  10771: ffffff;
  10772: ffffff;
  10773: ffffff;
  10774: fffffd;
  10775: fffffd;
  10776: fffeff;
  10777: fefcfd;
  10778: ffffff;
  10779: feffff;
  10780: a6a7a9;
  10781: 14181b;
  10782: 407;
  10783: 20b;
  10784: 81e;
  10785: 315379;
  10786: 578ac9;
  10787: 5492db;
  10788: 5292d9;
  10789: 5a99dc;
  10790: 5e9bda;
  10791: 5c9ad7;
  10792: 579bd8;
  10793: 569bdc;
  10794: 579ae0;
  10795: 579ae0;
  10796: 589be1;
  10797: 579ade;
  10798: 569adb;
  10799: 559adb;
  10800: 579ce1;
  10801: 5497db;
  10802: 61a1df;
  10803: 68a3db;
  10804: 5688b9;
  10805: 315b83;
  10806: 122f4d;
  10807: 6182e;
  10808: 814;
  10809: 5;
  10810: 30000;
  10811: 60000;
  10812: 40000;
  10813: 40000;
  10814: 50304;
  10815: 20202;
  10816: 60606;
  10817: 1a1a1a;
  10818: 575757;
  10819: d3d3d3;
  10820: ffffff;
  10821: fdfdfd;
  10822: ffffff;
  10823: fdfdfd;
  10824: ffffff;
  10825: ffffff;
  10826: ffffff;
  10827: ffffff;
  10828: ffffff;
  10829: ffffff;
  10830: ffffff;
  10831: ffffff;
  10832: ffffff;
  10833: fefefe;
  10834: feffff;
  10835: feffff;
  10836: cbc8cf;
  10837: 121015;
  10838: 10002;
  10839: 30f;
  10840: 16385d;
  10841: 5588bf;
  10842: 4e89cd;
  10843: 4c8cd6;
  10844: 5999e1;
  10845: 5a9ae1;
  10846: 599ade;
  10847: 599adc;
  10848: 599ade;
  10849: 599adc;
  10850: 5b9add;
  10851: 579bdc;
  10852: 599fe5;
  10853: 639ed6;
  10854: 2c4762;
  10855: 40d;
  10856: 2;
  10857: d0c0a;
  10858: c0bfbd;
  10859: fffffd;
  10860: fefefe;
  10861: ffffff;
  10862: ffffff;
  10863: ffffff;
  10864: ffffff;
  10865: ffffff;
  10866: ffffff;
  10867: ffffff;
  10868: ffffff;
  10869: ffffff;
  10870: ffffff;
  10871: ffffff;
  10872: ffffff;
  10873: ffffff;
  10874: ffffff;
  10875: ffffff;
  10876: ffffff;
  10877: ffffff;
  10878: ffffff;
  10879: ffffff;
  10880: ffffff;
  10881: ffffff;
  10882: ffffff;
  10883: ffffff;
  10884: ffffff;
  10885: ffffff;
  10886: ffffff;
  10887: ffffff;
  10888: ffffff;
  10889: ffffff;
  10890: ffffff;
  10891: ffffff;
  10892: ffffff;
  10893: ffffff;
  10894: ffffff;
  10895: ffffff;
  10896: feffff;
  10897: feffff;
  10898: ffffff;
  10899: ffffff;
  10900: ffffff;
  10901: ffffff;
  10902: fffffd;
  10903: fffffd;
  10904: fdfbfc;
  10905: fffeff;
  10906: fcfcfc;
  10907: ffffff;
  10908: ecedef;
  10909: 505153;
  10910: 20305;
  10911: 105;
  10912: 10c;
  10913: 81d38;
  10914: 4671a6;
  10915: 5a93d6;
  10916: 5392d9;
  10917: 5a9bdf;
  10918: 5a97d8;
  10919: 5c9cda;
  10920: 579bd8;
  10921: 559bd9;
  10922: 559adf;
  10923: 579ae0;
  10924: 5a9bdf;
  10925: 5a9bdd;
  10926: 569bde;
  10927: 559adf;
  10928: 559be0;
  10929: 569ddf;
  10930: 5ba2e4;
  10931: 5ba1df;
  10932: 5c9eda;
  10933: 5e9ad0;
  10934: 4c7caa;
  10935: 2b5176;
  10936: 112b44;
  10937: 1020;
  10938: 10b;
  10939: 5;
  10940: 4;
  10941: 2;
  10942: 205;
  10943: 104;
  10944: 103;
  10945: 10101;
  10946: f0f0f;
  10947: 8e8e8e;
  10948: fbfbfb;
  10949: ffffff;
  10950: fdfdfd;
  10951: fbfbfb;
  10952: ffffff;
  10953: ffffff;
  10954: ffffff;
  10955: ffffff;
  10956: ffffff;
  10957: ffffff;
  10958: ffffff;
  10959: ffffff;
  10960: ffffff;
  10961: fdfffe;
  10962: feffff;
  10963: feffff;
  10964: cbc9ce;
  10965: 121015;
  10966: 10002;
  10967: 30f;
  10968: 15375c;
  10969: 5487bc;
  10970: 4d88cc;
  10971: 4b8bd3;
  10972: 5898df;
  10973: 599ade;
  10974: 5a99dc;
  10975: 5a9ada;
  10976: 5899d9;
  10977: 569ad9;
  10978: 5a9bdd;
  10979: 579ade;
  10980: 589ee3;
  10981: 659ed5;
  10982: 2c4762;
  10983: 50e;
  10984: 202;
  10985: b0d08;
  10986: bec0bd;
  10987: feffff;
  10988: fdfeff;
  10989: feffff;
  10990: feffff;
  10991: feffff;
  10992: ffffff;
  10993: ffffff;
  10994: ffffff;
  10995: ffffff;
  10996: ffffff;
  10997: ffffff;
  10998: ffffff;
  10999: ffffff;
  11000: ffffff;
  11001: ffffff;
  11002: ffffff;
  11003: ffffff;
  11004: ffffff;
  11005: ffffff;
  11006: ffffff;
  11007: ffffff;
  11008: ffffff;
  11009: ffffff;
  11010: ffffff;
  11011: ffffff;
  11012: ffffff;
  11013: ffffff;
  11014: ffffff;
  11015: ffffff;
  11016: ffffff;
  11017: ffffff;
  11018: ffffff;
  11019: ffffff;
  11020: ffffff;
  11021: ffffff;
  11022: ffffff;
  11023: ffffff;
  11024: feffff;
  11025: feffff;
  11026: ffffff;
  11027: ffffff;
  11028: ffffff;
  11029: ffffff;
  11030: fffffd;
  11031: fffffd;
  11032: fffffd;
  11033: fffffd;
  11034: ffffff;
  11035: fefefe;
  11036: ffffff;
  11037: b0b2b1;
  11038: 1d1f1e;
  11039: 103;
  11040: 105;
  11041: 212;
  11042: 213f65;
  11043: 4f7eb6;
  11044: 5591d7;
  11045: 569ae3;
  11046: 5697db;
  11047: 5a9bdb;
  11048: 579bda;
  11049: 569cda;
  11050: 569bdc;
  11051: 569bde;
  11052: 5a99dc;
  11053: 599adc;
  11054: 569be0;
  11055: 559be1;
  11056: 569ce1;
  11057: 5299db;
  11058: 5099dd;
  11059: 549de1;
  11060: 5ba4e8;
  11061: 64a9ea;
  11062: 5fa0da;
  11063: 5289bf;
  11064: 4574a0;
  11065: 2f5579;
  11066: 1f3d59;
  11067: 172d42;
  11068: 81929;
  11069: a17;
  11070: 410;
  11071: 40b;
  11072: 104;
  11073: 0;
  11074: 0;
  11075: 636363;
  11076: f8f8f8;
  11077: fefefe;
  11078: ffffff;
  11079: ffffff;
  11080: ffffff;
  11081: ffffff;
  11082: ffffff;
  11083: ffffff;
  11084: ffffff;
  11085: ffffff;
  11086: ffffff;
  11087: ffffff;
  11088: fefffd;
  11089: fdfffa;
  11090: fefffb;
  11091: fffffb;
  11092: cbcac8;
  11093: 121011;
  11094: 0;
  11095: 30f;
  11096: 143757;
  11097: 5387b9;
  11098: 4c88c7;
  11099: 4b8cd0;
  11100: 5599da;
  11101: 569ad9;
  11102: 5999d7;
  11103: 5999d7;
  11104: 559bd7;
  11105: 549bd9;
  11106: 569bde;
  11107: 559adf;
  11108: 589ce3;
  11109: 639bd4;
  11110: 274662;
  11111: 30c;
  11112: 302;
  11113: 90e08;
  11114: bcc1bd;
  11115: fcffff;
  11116: fbffff;
  11117: fcffff;
  11118: feffff;
  11119: feffff;
  11120: ffffff;
  11121: ffffff;
  11122: ffffff;
  11123: ffffff;
  11124: ffffff;
  11125: ffffff;
  11126: ffffff;
  11127: ffffff;
  11128: ffffff;
  11129: ffffff;
  11130: ffffff;
  11131: ffffff;
  11132: ffffff;
  11133: ffffff;
  11134: ffffff;
  11135: ffffff;
  11136: ffffff;
  11137: ffffff;
  11138: ffffff;
  11139: ffffff;
  11140: ffffff;
  11141: ffffff;
  11142: ffffff;
  11143: ffffff;
  11144: ffffff;
  11145: ffffff;
  11146: ffffff;
  11147: ffffff;
  11148: ffffff;
  11149: ffffff;
  11150: ffffff;
  11151: ffffff;
  11152: feffff;
  11153: feffff;
  11154: ffffff;
  11155: ffffff;
  11156: ffffff;
  11157: ffffff;
  11158: fffffd;
  11159: fffffd;
  11160: fffffd;
  11161: fcfbf9;
  11162: ffffff;
  11163: ffffff;
  11164: ffffff;
  11165: f7f7f7;
  11166: 6d6f6e;
  11167: 60606;
  11168: 10000;
  11169: 208;
  11170: e26;
  11171: 385b85;
  11172: 548bcb;
  11173: 5295dc;
  11174: 559adf;
  11175: 559add;
  11176: 589cdd;
  11177: 589cdb;
  11178: 559cdc;
  11179: 569bdc;
  11180: 579bdc;
  11181: 599ade;
  11182: 589be1;
  11183: 589be1;
  11184: 569bde;
  11185: 579cdf;
  11186: 559be0;
  11187: 539ce1;
  11188: 529ae2;
  11189: 519adf;
  11190: 5aa0e5;
  11191: 67a8e8;
  11192: 65a1dd;
  11193: 5d92c6;
  11194: 507fad;
  11195: 3d678d;
  11196: 2d4f72;
  11197: 22415e;
  11198: 19344f;
  11199: 102538;
  11200: 40a;
  11201: 10101;
  11202: 30303;
  11203: 535353;
  11204: f5f5f5;
  11205: fdfdfd;
  11206: ffffff;
  11207: fdfdfd;
  11208: ffffff;
  11209: ffffff;
  11210: ffffff;
  11211: ffffff;
  11212: ffffff;
  11213: ffffff;
  11214: ffffff;
  11215: ffffff;
  11216: fffffd;
  11217: fefffa;
  11218: fffffa;
  11219: fffffa;
  11220: cacac8;
  11221: 111113;
  11222: 2;
  11223: 411;
  11224: 1c3e61;
  11225: 5b8dc0;
  11226: 5490ce;
  11227: 5293d7;
  11228: 5da1e2;
  11229: 5ea2e1;
  11230: 60a0de;
  11231: 60a0de;
  11232: 5da3df;
  11233: 5ca3e1;
  11234: 5ea1e5;
  11235: 5da0e6;
  11236: 61a1e8;
  11237: 6ca0d9;
  11238: 2c4b68;
  11239: 913;
  11240: 304;
  11241: 90e0a;
  11242: bcc1bd;
  11243: feffff;
  11244: fdfeff;
  11245: feffff;
  11246: ffffff;
  11247: ffffff;
  11248: ffffff;
  11249: ffffff;
  11250: ffffff;
  11251: ffffff;
  11252: ffffff;
  11253: ffffff;
  11254: ffffff;
  11255: ffffff;
  11256: ffffff;
  11257: ffffff;
  11258: ffffff;
  11259: ffffff;
  11260: ffffff;
  11261: ffffff;
  11262: ffffff;
  11263: ffffff;
  11264: ffffff;
  11265: ffffff;
  11266: ffffff;
  11267: ffffff;
  11268: ffffff;
  11269: ffffff;
  11270: ffffff;
  11271: ffffff;
  11272: ffffff;
  11273: ffffff;
  11274: ffffff;
  11275: ffffff;
  11276: ffffff;
  11277: ffffff;
  11278: ffffff;
  11279: ffffff;
  11280: feffff;
  11281: feffff;
  11282: ffffff;
  11283: ffffff;
  11284: ffffff;
  11285: ffffff;
  11286: fffffd;
  11287: fffffd;
  11288: fffffd;
  11289: fffefc;
  11290: fffffd;
  11291: fffffd;
  11292: fffffd;
  11293: fdfdfb;
  11294: cfcfcf;
  11295: 313131;
  11296: 10000;
  11297: 105;
  11298: 10b;
  11299: c223a;
  11300: 406e9f;
  11301: 5592d3;
  11302: 5298de;
  11303: 539be3;
  11304: 579ade;
  11305: 589cdd;
  11306: 549bd9;
  11307: 519bda;
  11308: 569ce1;
  11309: 579ce1;
  11310: 5a99de;
  11311: 5e9bde;
  11312: 5998dd;
  11313: 599ade;
  11314: 579ae0;
  11315: 559adf;
  11316: 5599e0;
  11317: 569ae1;
  11318: 589ce5;
  11319: 599de4;
  11320: 5da0e6;
  11321: 5fa0e2;
  11322: 5f9cdb;
  11323: 5d98d2;
  11324: 588fc7;
  11325: 5487bc;
  11326: 5183b4;
  11327: 3c6084;
  11328: 30f1b;
  11329: 0;
  11330: 20202;
  11331: 575757;
  11332: f5f5f5;
  11333: ffffff;
  11334: ffffff;
  11335: ffffff;
  11336: ffffff;
  11337: ffffff;
  11338: ffffff;
  11339: ffffff;
  11340: ffffff;
  11341: ffffff;
  11342: ffffff;
  11343: ffffff;
  11344: ffffff;
  11345: fdfbfc;
  11346: fffffb;
  11347: fffffd;
  11348: cacacc;
  11349: 101116;
  11350: 108;
  11351: 213;
  11352: 193b61;
  11353: 6193c8;
  11354: 5a94d4;
  11355: 5796db;
  11356: 62a5e9;
  11357: 63a7e8;
  11358: 63a2e5;
  11359: 67a7e7;
  11360: 65a7e4;
  11361: 62a6e3;
  11362: 65a4e7;
  11363: 68a4ea;
  11364: 6ca7eb;
  11365: 76a7df;
  11366: 2f4c6a;
  11367: 512;
  11368: 508;
  11369: 40807;
  11370: bdbfbe;
  11371: ffffff;
  11372: fcfcfe;
  11373: fffeff;
  11374: fffefd;
  11375: fffdfc;
  11376: fffeff;
  11377: ffffff;
  11378: ffffff;
  11379: ffffff;
  11380: ffffff;
  11381: ffffff;
  11382: ffffff;
  11383: ffffff;
  11384: ffffff;
  11385: ffffff;
  11386: ffffff;
  11387: ffffff;
  11388: ffffff;
  11389: ffffff;
  11390: ffffff;
  11391: ffffff;
  11392: ffffff;
  11393: ffffff;
  11394: ffffff;
  11395: ffffff;
  11396: ffffff;
  11397: ffffff;
  11398: ffffff;
  11399: ffffff;
  11400: ffffff;
  11401: ffffff;
  11402: ffffff;
  11403: ffffff;
  11404: ffffff;
  11405: ffffff;
  11406: ffffff;
  11407: ffffff;
  11408: feffff;
  11409: feffff;
  11410: ffffff;
  11411: ffffff;
  11412: ffffff;
  11413: ffffff;
  11414: fffffd;
  11415: fffffd;
  11416: fffffd;
  11417: fefdfb;
  11418: fffffd;
  11419: fffffd;
  11420: fcfcfa;
  11421: fffffd;
  11422: f7f7f7;
  11423: 919191;
  11424: 151314;
  11425: 0;
  11426: 103;
  11427: 210;
  11428: 17385b;
  11429: 4c7eb1;
  11430: 5695d8;
  11431: 5599e0;
  11432: 5396da;
  11433: 579bdc;
  11434: 589fdf;
  11435: 559fe0;
  11436: 519ce0;
  11437: 549adf;
  11438: 5c99dc;
  11439: 5e97da;
  11440: 5c99dc;
  11441: 5a99de;
  11442: 5999e0;
  11443: 5999e0;
  11444: 579ae1;
  11445: 579ae1;
  11446: 569ae3;
  11447: 579be4;
  11448: 579be4;
  11449: 5a9ee7;
  11450: 5fa3ea;
  11451: 64a7ed;
  11452: 66a7e9;
  11453: 66a7e7;
  11454: 68a8e6;
  11455: 5787b5;
  11456: 101f;
  11457: 0;
  11458: 20202;
  11459: 575757;
  11460: f5f5f5;
  11461: ffffff;
  11462: ffffff;
  11463: ffffff;
  11464: ffffff;
  11465: ffffff;
  11466: ffffff;
  11467: ffffff;
  11468: ffffff;
  11469: ffffff;
  11470: ffffff;
  11471: ffffff;
  11472: ffffff;
  11473: fffeff;
  11474: fffffb;
  11475: fffffb;
  11476: c5c6ca;
  11477: 101116;
  11478: 7;
  11479: 515;
  11480: 143151;
  11481: 4c75a3;
  11482: 4476ab;
  11483: 4178b1;
  11484: 4a85bd;
  11485: 4d86bd;
  11486: 4d81ba;
  11487: 5085bb;
  11488: 4e86b9;
  11489: 4e85bb;
  11490: 5084be;
  11491: 5183be;
  11492: 5384be;
  11493: 5d83b0;
  11494: 253d57;
  11495: 511;
  11496: 105;
  11497: c0e0d;
  11498: c1c1c3;
  11499: ffffff;
  11500: fefeff;
  11501: fffeff;
  11502: fffcfc;
  11503: fffefd;
  11504: fffeff;
  11505: ffffff;
  11506: ffffff;
  11507: ffffff;
  11508: ffffff;
  11509: ffffff;
  11510: ffffff;
  11511: ffffff;
  11512: ffffff;
  11513: ffffff;
  11514: ffffff;
  11515: ffffff;
  11516: ffffff;
  11517: ffffff;
  11518: ffffff;
  11519: ffffff;
  11520: ffffff;
  11521: ffffff;
  11522: ffffff;
  11523: ffffff;
  11524: ffffff;
  11525: ffffff;
  11526: ffffff;
  11527: ffffff;
  11528: ffffff;
  11529: ffffff;
  11530: ffffff;
  11531: ffffff;
  11532: ffffff;
  11533: ffffff;
  11534: ffffff;
  11535: ffffff;
  11536: ffffff;
  11537: ffffff;
  11538: ffffff;
  11539: ffffff;
  11540: ffffff;
  11541: ffffff;
  11542: ffffff;
  11543: ffffff;
  11544: fefefc;
  11545: fffffd;
  11546: fffffd;
  11547: fefefc;
  11548: fffffd;
  11549: fffffd;
  11550: fffffd;
  11551: e6e6e4;
  11552: 605f5d;
  11553: 60606;
  11554: 10204;
  11555: 50c;
  11556: 71b;
  11557: 294a6b;
  11558: 5384bc;
  11559: 5893d5;
  11560: 5fa0e2;
  11561: 569ddf;
  11562: 529bdf;
  11563: 519cdf;
  11564: 519cdf;
  11565: 579cdf;
  11566: 5f9adc;
  11567: 6097d8;
  11568: 5c99dc;
  11569: 5a99dc;
  11570: 599ade;
  11571: 599ade;
  11572: 579ae0;
  11573: 579ae0;
  11574: 579ae1;
  11575: 5699e0;
  11576: 5497dd;
  11577: 5699df;
  11578: 579ae0;
  11579: 599ce0;
  11580: 599ce0;
  11581: 5ba0e3;
  11582: 5fa4e7;
  11583: 5286b8;
  11584: 1121;
  11585: 0;
  11586: 20202;
  11587: 575757;
  11588: f5f5f5;
  11589: ffffff;
  11590: ffffff;
  11591: ffffff;
  11592: ffffff;
  11593: ffffff;
  11594: ffffff;
  11595: ffffff;
  11596: ffffff;
  11597: ffffff;
  11598: ffffff;
  11599: ffffff;
  11600: ffffff;
  11601: fffffd;
  11602: fffff8;
  11603: fefff7;
  11604: c6c8c7;
  11605: b0c0e;
  11606: 0;
  11607: 107;
  11608: 8192d;
  11609: 26415e;
  11610: 1e3f60;
  11611: 1e4266;
  11612: 214a6a;
  11613: 244b6c;
  11614: 244669;
  11615: 274869;
  11616: 25476a;
  11617: 25496d;
  11618: 27496f;
  11619: 25476d;
  11620: 28486e;
  11621: 2f4866;
  11622: 142132;
  11623: 208;
  11624: 2;
  11625: a0a08;
  11626: bebebe;
  11627: feffff;
  11628: feffff;
  11629: ffffff;
  11630: fffffd;
  11631: fffffd;
  11632: ffffff;
  11633: ffffff;
  11634: ffffff;
  11635: ffffff;
  11636: ffffff;
  11637: ffffff;
  11638: ffffff;
  11639: ffffff;
  11640: ffffff;
  11641: ffffff;
  11642: ffffff;
  11643: ffffff;
  11644: ffffff;
  11645: ffffff;
  11646: ffffff;
  11647: ffffff;
  11648: ffffff;
  11649: ffffff;
  11650: ffffff;
  11651: ffffff;
  11652: ffffff;
  11653: ffffff;
  11654: ffffff;
  11655: ffffff;
  11656: ffffff;
  11657: ffffff;
  11658: ffffff;
  11659: ffffff;
  11660: ffffff;
  11661: ffffff;
  11662: ffffff;
  11663: ffffff;
  11664: ffffff;
  11665: ffffff;
  11666: ffffff;
  11667: ffffff;
  11668: ffffff;
  11669: ffffff;
  11670: ffffff;
  11671: ffffff;
  11672: fcfcfa;
  11673: fffffd;
  11674: fefefc;
  11675: fefefc;
  11676: fffffd;
  11677: fdfdfb;
  11678: fcfcfa;
  11679: fffffd;
  11680: c3c2c0;
  11681: 41413f;
  11682: 104;
  11683: 208;
  11684: 40d;
  11685: 1125;
  11686: 2b4d73;
  11687: 5d8cc2;
  11688: 5d99d7;
  11689: 589de0;
  11690: 569ce1;
  11691: 539ce0;
  11692: 549de1;
  11693: 559adb;
  11694: 5b97d6;
  11695: 5f99d9;
  11696: 5a99dc;
  11697: 599ade;
  11698: 5899dd;
  11699: 599ade;
  11700: 5a9bdf;
  11701: 589bdf;
  11702: 579ade;
  11703: 579ade;
  11704: 599ce0;
  11705: 599ce0;
  11706: 579ade;
  11707: 5699dd;
  11708: 5598dc;
  11709: 579bdc;
  11710: 5ca0e1;
  11711: 5082b3;
  11712: 1121;
  11713: 0;
  11714: 20202;
  11715: 575757;
  11716: f5f5f5;
  11717: ffffff;
  11718: ffffff;
  11719: ffffff;
  11720: ffffff;
  11721: ffffff;
  11722: ffffff;
  11723: ffffff;
  11724: ffffff;
  11725: ffffff;
  11726: ffffff;
  11727: ffffff;
  11728: feffff;
  11729: fdfffe;
  11730: fffffa;
  11731: fdfff7;
  11732: ced0cf;
  11733: 90909;
  11734: 70302;
  11735: 10103;
  11736: 40e;
  11737: 51222;
  11738: f22;
  11739: 1324;
  11740: 1324;
  11741: 1624;
  11742: 11121;
  11743: 31323;
  11744: 11224;
  11745: 11226;
  11746: 11329;
  11747: 1127;
  11748: 31426;
  11749: 71522;
  11750: 30a10;
  11751: 2;
  11752: 40402;
  11753: 60604;
  11754: bfc1c0;
  11755: fcffff;
  11756: fcffff;
  11757: fdfffe;
  11758: ffffff;
  11759: fefefc;
  11760: ffffff;
  11761: ffffff;
  11762: ffffff;
  11763: ffffff;
  11764: ffffff;
  11765: ffffff;
  11766: ffffff;
  11767: ffffff;
  11768: ffffff;
  11769: ffffff;
  11770: ffffff;
  11771: ffffff;
  11772: ffffff;
  11773: ffffff;
  11774: ffffff;
  11775: ffffff;
  11776: ffffff;
  11777: ffffff;
  11778: ffffff;
  11779: ffffff;
  11780: ffffff;
  11781: ffffff;
  11782: ffffff;
  11783: ffffff;
  11784: ffffff;
  11785: ffffff;
  11786: ffffff;
  11787: ffffff;
  11788: ffffff;
  11789: ffffff;
  11790: ffffff;
  11791: ffffff;
  11792: ffffff;
  11793: ffffff;
  11794: ffffff;
  11795: ffffff;
  11796: ffffff;
  11797: ffffff;
  11798: ffffff;
  11799: ffffff;
  11800: ffffff;
  11801: fcfcfc;
  11802: ffffff;
  11803: ffffff;
  11804: fdfdfd;
  11805: ffffff;
  11806: ffffff;
  11807: fffffd;
  11808: fffefb;
  11809: 9b9a98;
  11810: 1e2326;
  11811: 107;
  11812: 30a;
  11813: 10c;
  11814: c1e32;
  11815: 3b5c7f;
  11816: 5788c0;
  11817: 5f9cdd;
  11818: 5a9edf;
  11819: 5297da;
  11820: 569bde;
  11821: 589bdf;
  11822: 5898d8;
  11823: 5b9bdb;
  11824: 579ce1;
  11825: 559be0;
  11826: 5699dd;
  11827: 5899db;
  11828: 599ada;
  11829: 5a9cd9;
  11830: 599ada;
  11831: 579bda;
  11832: 5499dc;
  11833: 569bde;
  11834: 569bde;
  11835: 589cdd;
  11836: 5a9ad8;
  11837: 5e9ad8;
  11838: 629dd7;
  11839: 537ea8;
  11840: 31020;
  11841: 0;
  11842: 20202;
  11843: 575757;
  11844: f5f5f5;
  11845: ffffff;
  11846: ffffff;
  11847: ffffff;
  11848: ffffff;
  11849: ffffff;
  11850: ffffff;
  11851: ffffff;
  11852: ffffff;
  11853: ffffff;
  11854: ffffff;
  11855: ffffff;
  11856: fdfeff;
  11857: fcfdff;
  11858: fefffd;
  11859: fdfffa;
  11860: dce0e3;
  11861: 242529;
  11862: 40000;
  11863: 40000;
  11864: 20005;
  11865: 7;
  11866: 7;
  11867: 106;
  11868: 105;
  11869: 104;
  11870: 4;
  11871: 10004;
  11872: 10005;
  11873: 4;
  11874: 5;
  11875: 104;
  11876: 202;
  11877: 100;
  11878: 10100;
  11879: 10000;
  11880: 10000;
  11881: 1f1f1d;
  11882: d3d7d6;
  11883: fbffff;
  11884: faffff;
  11885: fafffe;
  11886: fcffff;
  11887: fcfefb;
  11888: ffffff;
  11889: ffffff;
  11890: ffffff;
  11891: ffffff;
  11892: ffffff;
  11893: ffffff;
  11894: ffffff;
  11895: ffffff;
  11896: ffffff;
  11897: ffffff;
  11898: ffffff;
  11899: ffffff;
  11900: ffffff;
  11901: ffffff;
  11902: ffffff;
  11903: ffffff;
  11904: ffffff;
  11905: ffffff;
  11906: ffffff;
  11907: ffffff;
  11908: ffffff;
  11909: ffffff;
  11910: ffffff;
  11911: ffffff;
  11912: ffffff;
  11913: ffffff;
  11914: ffffff;
  11915: ffffff;
  11916: ffffff;
  11917: ffffff;
  11918: ffffff;
  11919: ffffff;
  11920: ffffff;
  11921: ffffff;
  11922: ffffff;
  11923: ffffff;
  11924: ffffff;
  11925: ffffff;
  11926: ffffff;
  11927: ffffff;
  11928: ffffff;
  11929: fdfdfd;
  11930: ffffff;
  11931: ffffff;
  11932: fdfdfd;
  11933: ffffff;
  11934: ffffff;
  11935: fffffd;
  11936: fffdfa;
  11937: eeede9;
  11938: 767c7c;
  11939: 70c10;
  11940: 5;
  11941: 1040b;
  11942: 20b;
  11943: b2035;
  11944: 3c618b;
  11945: 598ac2;
  11946: 64a0de;
  11947: 5a9bdd;
  11948: 589be1;
  11949: 599ce2;
  11950: 569adb;
  11951: 569adb;
  11952: 569ce1;
  11953: 569ce2;
  11954: 569bde;
  11955: 569adb;
  11956: 5899d9;
  11957: 599ada;
  11958: 599ada;
  11959: 579bda;
  11960: 579cdf;
  11961: 589de0;
  11962: 579cdf;
  11963: 589cdd;
  11964: 5a9ada;
  11965: 5e9ad8;
  11966: 629dd9;
  11967: 537ea9;
  11968: 31020;
  11969: 0;
  11970: 20202;
  11971: 575757;
  11972: f5f5f5;
  11973: ffffff;
  11974: ffffff;
  11975: ffffff;
  11976: ffffff;
  11977: ffffff;
  11978: ffffff;
  11979: ffffff;
  11980: ffffff;
  11981: ffffff;
  11982: ffffff;
  11983: ffffff;
  11984: fffeff;
  11985: fffeff;
  11986: fefffd;
  11987: fefffd;
  11988: f0f5f8;
  11989: 6b6f72;
  11990: e0a09;
  11991: c0402;
  11992: 80204;
  11993: 40000;
  11994: 60000;
  11995: 70101;
  11996: 30200;
  11997: 30200;
  11998: 60000;
  11999: 90001;
  12000: 90001;
  12001: 60100;
  12002: 40300;
  12003: 40300;
  12004: 40400;
  12005: 20200;
  12006: 20100;
  12007: 40300;
  12008: c0b09;
  12009: 616161;
  12010: f0f4f5;
  12011: fbffff;
  12012: faffff;
  12013: fcffff;
  12014: fdfffc;
  12015: fffffd;
  12016: ffffff;
  12017: ffffff;
  12018: ffffff;
  12019: ffffff;
  12020: ffffff;
  12021: ffffff;
  12022: ffffff;
  12023: ffffff;
  12024: ffffff;
  12025: ffffff;
  12026: ffffff;
  12027: ffffff;
  12028: ffffff;
  12029: ffffff;
  12030: ffffff;
  12031: ffffff;
  12032: ffffff;
  12033: ffffff;
  12034: ffffff;
  12035: ffffff;
  12036: ffffff;
  12037: ffffff;
  12038: ffffff;
  12039: ffffff;
  12040: ffffff;
  12041: ffffff;
  12042: ffffff;
  12043: ffffff;
  12044: ffffff;
  12045: ffffff;
  12046: ffffff;
  12047: ffffff;
  12048: fffeff;
  12049: fffeff;
  12050: fffeff;
  12051: fffeff;
  12052: ffffff;
  12053: ffffff;
  12054: ffffff;
  12055: ffffff;
  12056: fefefe;
  12057: ffffff;
  12058: ffffff;
  12059: fdfdfd;
  12060: ffffff;
  12061: ffffff;
  12062: fbfbfb;
  12063: fffffd;
  12064: fefdf8;
  12065: fffffa;
  12066: d0d0d0;
  12067: 626367;
  12068: 70c10;
  12069: 208;
  12070: 208;
  12071: 20e;
  12072: d213a;
  12073: 375881;
  12074: 5c8ec9;
  12075: 65a1e7;
  12076: 5b9fe6;
  12077: 559be1;
  12078: 549bdd;
  12079: 559adb;
  12080: 579ade;
  12081: 579ae0;
  12082: 579ae0;
  12083: 579ade;
  12084: 569be0;
  12085: 559add;
  12086: 559add;
  12087: 579ade;
  12088: 579ade;
  12089: 579ade;
  12090: 5598dc;
  12091: 5598dc;
  12092: 5696dd;
  12093: 5999e0;
  12094: 5f9fe7;
  12095: 5082b7;
  12096: 1123;
  12097: 0;
  12098: 20202;
  12099: 575757;
  12100: f5f5f5;
  12101: ffffff;
  12102: ffffff;
  12103: ffffff;
  12104: ffffff;
  12105: ffffff;
  12106: ffffff;
  12107: ffffff;
  12108: ffffff;
  12109: ffffff;
  12110: ffffff;
  12111: ffffff;
  12112: fffdff;
  12113: fffeff;
  12114: fffffb;
  12115: fdfffa;
  12116: fbffff;
  12117: c1c6ca;
  12118: 6a6869;
  12119: 514b4b;
  12120: 4c4849;
  12121: 4c4849;
  12122: 4e4a49;
  12123: 4c4b47;
  12124: 4a4c49;
  12125: 484d49;
  12126: 4b4b4b;
  12127: 4c4a4d;
  12128: 4e494f;
  12129: 4c474b;
  12130: 4c4c4c;
  12131: 4b4c47;
  12132: 4b4b43;
  12133: 4d4d45;
  12134: 4a4947;
  12135: 4d4b4c;
  12136: 686669;
  12137: bcbbc0;
  12138: feffff;
  12139: fcfdff;
  12140: feffff;
  12141: fefefc;
  12142: fffdfa;
  12143: fffefb;
  12144: fffffd;
  12145: ffffff;
  12146: ffffff;
  12147: ffffff;
  12148: ffffff;
  12149: ffffff;
  12150: ffffff;
  12151: ffffff;
  12152: ffffff;
  12153: ffffff;
  12154: ffffff;
  12155: ffffff;
  12156: ffffff;
  12157: ffffff;
  12158: ffffff;
  12159: ffffff;
  12160: ffffff;
  12161: ffffff;
  12162: ffffff;
  12163: ffffff;
  12164: ffffff;
  12165: ffffff;
  12166: ffffff;
  12167: ffffff;
  12168: ffffff;
  12169: ffffff;
  12170: ffffff;
  12171: ffffff;
  12172: ffffff;
  12173: ffffff;
  12174: ffffff;
  12175: ffffff;
  12176: fffeff;
  12177: fffeff;
  12178: fffeff;
  12179: fffeff;
  12180: ffffff;
  12181: ffffff;
  12182: ffffff;
  12183: ffffff;
  12184: ffffff;
  12185: fbfbfb;
  12186: ffffff;
  12187: ffffff;
  12188: fefefe;
  12189: ffffff;
  12190: ffffff;
  12191: fffffd;
  12192: fffffb;
  12193: fffffb;
  12194: fffffd;
  12195: cacbcd;
  12196: 4e5357;
  12197: 60b0f;
  12198: 4;
  12199: 207;
  12200: 410;
  12201: e233e;
  12202: 375b8b;
  12203: 5789c4;
  12204: 5e9bdc;
  12205: 5ca1e4;
  12206: 59a2e6;
  12207: 559cde;
  12208: 5497db;
  12209: 5899dd;
  12210: 579ade;
  12211: 579ce1;
  12212: 559be1;
  12213: 559be1;
  12214: 559be1;
  12215: 569ae1;
  12216: 5699df;
  12217: 579ae0;
  12218: 579ade;
  12219: 589be1;
  12220: 579ae1;
  12221: 589ae4;
  12222: 5b9fea;
  12223: 4d80b9;
  12224: 1123;
  12225: 0;
  12226: 20202;
  12227: 575757;
  12228: f5f5f5;
  12229: ffffff;
  12230: ffffff;
  12231: ffffff;
  12232: ffffff;
  12233: ffffff;
  12234: ffffff;
  12235: ffffff;
  12236: ffffff;
  12237: ffffff;
  12238: ffffff;
  12239: fffeff;
  12240: fffcff;
  12241: fffeff;
  12242: fffffb;
  12243: fdfffa;
  12244: fbffff;
  12245: fcffff;
  12246: dadada;
  12247: b1b0ae;
  12248: ada9aa;
  12249: b0aeaf;
  12250: b2aead;
  12251: adadab;
  12252: acb1ad;
  12253: aaaead;
  12254: adaeb0;
  12255: adacb1;
  12256: b0adb4;
  12257: aeacb1;
  12258: b0b0b2;
  12259: aeaeac;
  12260: acada7;
  12261: b3b2ad;
  12262: adadad;
  12263: b1b1b3;
  12264: d4d2d7;
  12265: fffeff;
  12266: fefdff;
  12267: feffff;
  12268: ffffff;
  12269: fffefc;
  12270: fffefb;
  12271: fffcf9;
  12272: fffffd;
  12273: ffffff;
  12274: ffffff;
  12275: ffffff;
  12276: ffffff;
  12277: ffffff;
  12278: ffffff;
  12279: ffffff;
  12280: ffffff;
  12281: ffffff;
  12282: ffffff;
  12283: ffffff;
  12284: ffffff;
  12285: ffffff;
  12286: ffffff;
  12287: ffffff;
  12288: ffffff;
  12289: ffffff;
  12290: ffffff;
  12291: ffffff;
  12292: ffffff;
  12293: ffffff;
  12294: ffffff;
  12295: ffffff;
  12296: ffffff;
  12297: ffffff;
  12298: ffffff;
  12299: ffffff;
  12300: ffffff;
  12301: ffffff;
  12302: ffffff;
  12303: ffffff;
  12304: ffffff;
  12305: ffffff;
  12306: ffffff;
  12307: ffffff;
  12308: ffffff;
  12309: ffffff;
  12310: ffffff;
  12311: ffffff;
  12312: ffffff;
  12313: ffffff;
  12314: ffffff;
  12315: ffffff;
  12316: ffffff;
  12317: ffffff;
  12318: ffffff;
  12319: ffffff;
  12320: fffffd;
  12321: fffefc;
  12322: ffffff;
  12323: f7f8fa;
  12324: c0c4c7;
  12325: 444849;
  12326: 20202;
  12327: 2;
  12328: 106;
  12329: 410;
  12330: 81d38;
  12331: 2d5076;
  12332: 5284b7;
  12333: 63a1de;
  12334: 5ba1e6;
  12335: 56a0e7;
  12336: 559adb;
  12337: 569ad9;
  12338: 579cdf;
  12339: 569ce1;
  12340: 549ae2;
  12341: 539be5;
  12342: 549ce6;
  12343: 539be5;
  12344: 569ce4;
  12345: 559be1;
  12346: 559adf;
  12347: 589be1;
  12348: 589be1;
  12349: 599ce3;
  12350: 5c9fe6;
  12351: 4e80b5;
  12352: 1123;
  12353: 0;
  12354: 20202;
  12355: 575757;
  12356: f5f5f5;
  12357: ffffff;
  12358: ffffff;
  12359: ffffff;
  12360: ffffff;
  12361: ffffff;
  12362: ffffff;
  12363: ffffff;
  12364: ffffff;
  12365: ffffff;
  12366: ffffff;
  12367: ffffff;
  12368: fffeff;
  12369: fffeff;
  12370: fefefc;
  12371: fffffd;
  12372: feffff;
  12373: feffff;
  12374: fafafa;
  12375: f4f4f4;
  12376: f2f0f1;
  12377: f1f1f1;
  12378: f2f0f1;
  12379: f1f1f1;
  12380: f0f2f1;
  12381: f0f2f1;
  12382: f1f1f1;
  12383: f1f1f3;
  12384: f1f1f3;
  12385: f1f1f3;
  12386: f1f1f1;
  12387: f1f1f1;
  12388: f1f1ef;
  12389: f1f1ef;
  12390: f1f1f1;
  12391: f1f1f1;
  12392: ffffff;
  12393: ffffff;
  12394: ffffff;
  12395: ffffff;
  12396: ffffff;
  12397: ffffff;
  12398: fffffd;
  12399: fffffd;
  12400: ffffff;
  12401: ffffff;
  12402: ffffff;
  12403: ffffff;
  12404: ffffff;
  12405: ffffff;
  12406: ffffff;
  12407: ffffff;
  12408: ffffff;
  12409: ffffff;
  12410: ffffff;
  12411: ffffff;
  12412: ffffff;
  12413: ffffff;
  12414: ffffff;
  12415: ffffff;
  12416: ffffff;
  12417: ffffff;
  12418: ffffff;
  12419: ffffff;
  12420: ffffff;
  12421: ffffff;
  12422: ffffff;
  12423: ffffff;
  12424: ffffff;
  12425: ffffff;
  12426: ffffff;
  12427: ffffff;
  12428: ffffff;
  12429: ffffff;
  12430: ffffff;
  12431: ffffff;
  12432: ffffff;
  12433: ffffff;
  12434: ffffff;
  12435: ffffff;
  12436: ffffff;
  12437: ffffff;
  12438: ffffff;
  12439: ffffff;
  12440: ffffff;
  12441: ffffff;
  12442: ffffff;
  12443: ffffff;
  12444: ffffff;
  12445: ffffff;
  12446: ffffff;
  12447: ffffff;
  12448: fffefc;
  12449: ffffff;
  12450: fdfeff;
  12451: fdfeff;
  12452: fcffff;
  12453: acaead;
  12454: 484745;
  12455: 90806;
  12456: 10000;
  12457: 308;
  12458: 20e;
  12459: 31930;
  12460: 24486c;
  12461: 497bac;
  12462: 5c98d4;
  12463: 5fa3e4;
  12464: 61a6e7;
  12465: 5a9fe2;
  12466: 5398db;
  12467: 5297dc;
  12468: 569be0;
  12469: 579be2;
  12470: 569ce2;
  12471: 579de3;
  12472: 579be2;
  12473: 579ce1;
  12474: 579ae0;
  12475: 589be1;
  12476: 579ade;
  12477: 5a9bdf;
  12478: 5d9ee0;
  12479: 4f7fb0;
  12480: 11121;
  12481: 0;
  12482: 20202;
  12483: 575757;
  12484: f5f5f5;
  12485: ffffff;
  12486: ffffff;
  12487: ffffff;
  12488: ffffff;
  12489: ffffff;
  12490: ffffff;
  12491: ffffff;
  12492: ffffff;
  12493: ffffff;
  12494: ffffff;
  12495: ffffff;
  12496: ffffff;
  12497: ffffff;
  12498: ffffff;
  12499: ffffff;
  12500: ffffff;
  12501: ffffff;
  12502: fefefe;
  12503: fbfbfb;
  12504: ffffff;
  12505: ffffff;
  12506: ffffff;
  12507: ffffff;
  12508: ffffff;
  12509: ffffff;
  12510: ffffff;
  12511: ffffff;
  12512: ffffff;
  12513: ffffff;
  12514: ffffff;
  12515: ffffff;
  12516: ffffff;
  12517: ffffff;
  12518: ffffff;
  12519: ffffff;
  12520: ffffff;
  12521: ffffff;
  12522: ffffff;
  12523: ffffff;
  12524: ffffff;
  12525: ffffff;
  12526: ffffff;
  12527: ffffff;
  12528: ffffff;
  12529: ffffff;
  12530: ffffff;
  12531: ffffff;
  12532: ffffff;
  12533: ffffff;
  12534: ffffff;
  12535: ffffff;
  12536: ffffff;
  12537: ffffff;
  12538: ffffff;
  12539: ffffff;
  12540: ffffff;
  12541: ffffff;
  12542: ffffff;
  12543: ffffff;
  12544: ffffff;
  12545: ffffff;
  12546: ffffff;
  12547: ffffff;
  12548: ffffff;
  12549: ffffff;
  12550: ffffff;
  12551: ffffff;
  12552: ffffff;
  12553: ffffff;
  12554: ffffff;
  12555: ffffff;
  12556: ffffff;
  12557: ffffff;
  12558: ffffff;
  12559: ffffff;
  12560: ffffff;
  12561: ffffff;
  12562: ffffff;
  12563: ffffff;
  12564: ffffff;
  12565: ffffff;
  12566: ffffff;
  12567: ffffff;
  12568: ffffff;
  12569: ffffff;
  12570: ffffff;
  12571: ffffff;
  12572: ffffff;
  12573: ffffff;
  12574: ffffff;
  12575: ffffff;
  12576: fefefe;
  12577: fafafa;
  12578: feffff;
  12579: feffff;
  12580: feffff;
  12581: f9fbfa;
  12582: b8b7b5;
  12583: 474340;
  12584: c0805;
  12585: 20001;
  12586: 7;
  12587: 412;
  12588: f27;
  12589: 1b395b;
  12590: 436d97;
  12591: 6194c9;
  12592: 5e9fe3;
  12593: 5da2ed;
  12594: 5b9fe6;
  12595: 599ce0;
  12596: 5c9cdc;
  12597: 5a9ad8;
  12598: 5996d5;
  12599: 5a97d6;
  12600: 5897da;
  12601: 5897da;
  12602: 5998dd;
  12603: 599ade;
  12604: 599adc;
  12605: 5b9bd9;
  12606: 5f9fdc;
  12607: 5181af;
  12608: 11120;
  12609: 0;
  12610: 20202;
  12611: 575757;
  12612: f5f5f5;
  12613: ffffff;
  12614: ffffff;
  12615: ffffff;
  12616: ffffff;
  12617: ffffff;
  12618: ffffff;
  12619: ffffff;
  12620: ffffff;
  12621: ffffff;
  12622: ffffff;
  12623: ffffff;
  12624: fefefe;
  12625: ffffff;
  12626: ffffff;
  12627: ffffff;
  12628: ffffff;
  12629: ffffff;
  12630: ffffff;
  12631: ffffff;
  12632: ffffff;
  12633: ffffff;
  12634: ffffff;
  12635: ffffff;
  12636: ffffff;
  12637: ffffff;
  12638: ffffff;
  12639: ffffff;
  12640: ffffff;
  12641: ffffff;
  12642: ffffff;
  12643: ffffff;
  12644: ffffff;
  12645: ffffff;
  12646: ffffff;
  12647: ffffff;
  12648: ffffff;
  12649: ffffff;
  12650: ffffff;
  12651: ffffff;
  12652: ffffff;
  12653: ffffff;
  12654: ffffff;
  12655: ffffff;
  12656: ffffff;
  12657: ffffff;
  12658: ffffff;
  12659: ffffff;
  12660: ffffff;
  12661: ffffff;
  12662: ffffff;
  12663: ffffff;
  12664: ffffff;
  12665: ffffff;
  12666: ffffff;
  12667: ffffff;
  12668: ffffff;
  12669: ffffff;
  12670: ffffff;
  12671: ffffff;
  12672: ffffff;
  12673: ffffff;
  12674: ffffff;
  12675: ffffff;
  12676: ffffff;
  12677: ffffff;
  12678: ffffff;
  12679: ffffff;
  12680: ffffff;
  12681: ffffff;
  12682: ffffff;
  12683: ffffff;
  12684: ffffff;
  12685: ffffff;
  12686: ffffff;
  12687: ffffff;
  12688: ffffff;
  12689: ffffff;
  12690: ffffff;
  12691: ffffff;
  12692: ffffff;
  12693: ffffff;
  12694: ffffff;
  12695: ffffff;
  12696: ffffff;
  12697: ffffff;
  12698: ffffff;
  12699: ffffff;
  12700: ffffff;
  12701: ffffff;
  12702: ffffff;
  12703: ffffff;
  12704: ffffff;
  12705: fdfdfd;
  12706: feffff;
  12707: fcfdff;
  12708: fbfcfe;
  12709: ffffff;
  12710: f2f1ef;
  12711: c0bcb9;
  12712: 5d5956;
  12713: d0906;
  12714: 10002;
  12715: 209;
  12716: 511;
  12717: d1f;
  12718: d233b;
  12719: 2f5176;
  12720: 4c7fb8;
  12721: 5f9adc;
  12722: 6ca8e7;
  12723: 66a2e1;
  12724: 619ddb;
  12725: 5e9ad8;
  12726: 5c99d8;
  12727: 5d9ddb;
  12728: 5a99dc;
  12729: 5a9bdf;
  12730: 599ade;
  12731: 5a9bdd;
  12732: 5899d9;
  12733: 5a9cd9;
  12734: 5d9fdb;
  12735: 4e7eac;
  12736: 11120;
  12737: 0;
  12738: 20202;
  12739: 575757;
  12740: f5f5f5;
  12741: ffffff;
  12742: ffffff;
  12743: ffffff;
  12744: ffffff;
  12745: ffffff;
  12746: ffffff;
  12747: ffffff;
  12748: ffffff;
  12749: ffffff;
  12750: ffffff;
  12751: ffffff;
  12752: fefefe;
  12753: ffffff;
  12754: ffffff;
  12755: fefefe;
  12756: fdfdfd;
  12757: fefefe;
  12758: ffffff;
  12759: ffffff;
  12760: fefefe;
  12761: fefefe;
  12762: fefefe;
  12763: fefefe;
  12764: fefefe;
  12765: fefefe;
  12766: fefefe;
  12767: fefefe;
  12768: fefefe;
  12769: fefefe;
  12770: fefefe;
  12771: fefefe;
  12772: fefefe;
  12773: fefefe;
  12774: fefefe;
  12775: fefefe;
  12776: ffffff;
  12777: ffffff;
  12778: ffffff;
  12779: ffffff;
  12780: ffffff;
  12781: ffffff;
  12782: ffffff;
  12783: ffffff;
  12784: ffffff;
  12785: ffffff;
  12786: ffffff;
  12787: ffffff;
  12788: ffffff;
  12789: ffffff;
  12790: ffffff;
  12791: ffffff;
  12792: ffffff;
  12793: ffffff;
  12794: ffffff;
  12795: ffffff;
  12796: ffffff;
  12797: ffffff;
  12798: ffffff;
  12799: ffffff;
  12800: ffffff;
  12801: ffffff;
  12802: ffffff;
  12803: ffffff;
  12804: ffffff;
  12805: ffffff;
  12806: ffffff;
  12807: ffffff;
  12808: ffffff;
  12809: ffffff;
  12810: ffffff;
  12811: ffffff;
  12812: ffffff;
  12813: ffffff;
  12814: ffffff;
  12815: ffffff;
  12816: ffffff;
  12817: ffffff;
  12818: ffffff;
  12819: ffffff;
  12820: ffffff;
  12821: ffffff;
  12822: ffffff;
  12823: ffffff;
  12824: ffffff;
  12825: ffffff;
  12826: ffffff;
  12827: ffffff;
  12828: ffffff;
  12829: ffffff;
  12830: ffffff;
  12831: ffffff;
  12832: fdfdff;
  12833: ffffff;
  12834: ffffff;
  12835: fdfdff;
  12836: feffff;
  12837: fbfdfc;
  12838: fcfcfa;
  12839: fffffb;
  12840: bfbbb8;
  12841: 605c59;
  12842: 282423;
  12843: 10000;
  12844: 4;
  12845: 108;
  12846: 40f;
  12847: a1728;
  12848: 253f60;
  12849: 416692;
  12850: 5d87b7;
  12851: 6897cf;
  12852: 69a0e0;
  12853: 66a3e6;
  12854: 5ea1e7;
  12855: 5ca2e8;
  12856: 579de3;
  12857: 559ee3;
  12858: 549adf;
  12859: 559add;
  12860: 5499da;
  12861: 589cdd;
  12862: 5ca0e1;
  12863: 4e80b1;
  12864: 1121;
  12865: 0;
  12866: 20202;
  12867: 575757;
  12868: f5f5f5;
  12869: ffffff;
  12870: ffffff;
  12871: ffffff;
  12872: ffffff;
  12873: ffffff;
  12874: ffffff;
  12875: ffffff;
  12876: ffffff;
  12877: ffffff;
  12878: ffffff;
  12879: ffffff;
  12880: ffffff;
  12881: ffffff;
  12882: ffffff;
  12883: ffffff;
  12884: ffffff;
  12885: fefefe;
  12886: ffffff;
  12887: ffffff;
  12888: ffffff;
  12889: ffffff;
  12890: ffffff;
  12891: ffffff;
  12892: ffffff;
  12893: ffffff;
  12894: ffffff;
  12895: ffffff;
  12896: ffffff;
  12897: ffffff;
  12898: ffffff;
  12899: ffffff;
  12900: ffffff;
  12901: ffffff;
  12902: ffffff;
  12903: ffffff;
  12904: ffffff;
  12905: ffffff;
  12906: ffffff;
  12907: ffffff;
  12908: ffffff;
  12909: ffffff;
  12910: ffffff;
  12911: ffffff;
  12912: ffffff;
  12913: ffffff;
  12914: ffffff;
  12915: ffffff;
  12916: ffffff;
  12917: ffffff;
  12918: ffffff;
  12919: ffffff;
  12920: ffffff;
  12921: ffffff;
  12922: ffffff;
  12923: ffffff;
  12924: ffffff;
  12925: ffffff;
  12926: ffffff;
  12927: ffffff;
  12928: ffffff;
  12929: ffffff;
  12930: ffffff;
  12931: ffffff;
  12932: ffffff;
  12933: ffffff;
  12934: ffffff;
  12935: ffffff;
  12936: ffffff;
  12937: ffffff;
  12938: ffffff;
  12939: ffffff;
  12940: ffffff;
  12941: ffffff;
  12942: ffffff;
  12943: ffffff;
  12944: ffffff;
  12945: ffffff;
  12946: ffffff;
  12947: ffffff;
  12948: ffffff;
  12949: ffffff;
  12950: ffffff;
  12951: ffffff;
  12952: ffffff;
  12953: ffffff;
  12954: ffffff;
  12955: ffffff;
  12956: ffffff;
  12957: ffffff;
  12958: ffffff;
  12959: ffffff;
  12960: fefeff;
  12961: ffffff;
  12962: fefeff;
  12963: ffffff;
  12964: ffffff;
  12965: feffff;
  12966: ffffff;
  12967: fefefc;
  12968: f8f7f5;
  12969: d1d0ce;
  12970: 817d7c;
  12971: 282423;
  12972: 90504;
  12973: 10000;
  12974: 30102;
  12975: 5;
  12976: 919;
  12977: d213a;
  12978: 294364;
  12979: 476a92;
  12980: 5d8bbd;
  12981: 649bd4;
  12982: 63a0e1;
  12983: 61a4e8;
  12984: 599fe5;
  12985: 57a0e5;
  12986: 549de1;
  12987: 559cde;
  12988: 559add;
  12989: 599ce0;
  12990: 5fa0e4;
  12991: 4f81b4;
  12992: 11121;
  12993: 0;
  12994: 20202;
  12995: 575757;
  12996: f5f5f5;
  12997: ffffff;
  12998: ffffff;
  12999: ffffff;
  13000: ffffff;
  13001: ffffff;
  13002: ffffff;
  13003: ffffff;
  13004: ffffff;
  13005: ffffff;
  13006: ffffff;
  13007: ffffff;
  13008: ffffff;
  13009: ffffff;
  13010: ffffff;
  13011: ffffff;
  13012: ffffff;
  13013: ffffff;
  13014: ffffff;
  13015: ffffff;
  13016: ffffff;
  13017: ffffff;
  13018: ffffff;
  13019: ffffff;
  13020: ffffff;
  13021: ffffff;
  13022: ffffff;
  13023: ffffff;
  13024: ffffff;
  13025: ffffff;
  13026: ffffff;
  13027: ffffff;
  13028: ffffff;
  13029: ffffff;
  13030: ffffff;
  13031: ffffff;
  13032: ffffff;
  13033: ffffff;
  13034: ffffff;
  13035: ffffff;
  13036: ffffff;
  13037: ffffff;
  13038: ffffff;
  13039: ffffff;
  13040: ffffff;
  13041: ffffff;
  13042: ffffff;
  13043: ffffff;
  13044: ffffff;
  13045: ffffff;
  13046: ffffff;
  13047: ffffff;
  13048: ffffff;
  13049: ffffff;
  13050: ffffff;
  13051: ffffff;
  13052: ffffff;
  13053: ffffff;
  13054: ffffff;
  13055: ffffff;
  13056: ffffff;
  13057: ffffff;
  13058: ffffff;
  13059: ffffff;
  13060: ffffff;
  13061: ffffff;
  13062: ffffff;
  13063: ffffff;
  13064: ffffff;
  13065: ffffff;
  13066: ffffff;
  13067: ffffff;
  13068: ffffff;
  13069: ffffff;
  13070: ffffff;
  13071: ffffff;
  13072: ffffff;
  13073: ffffff;
  13074: ffffff;
  13075: ffffff;
  13076: ffffff;
  13077: ffffff;
  13078: ffffff;
  13079: ffffff;
  13080: ffffff;
  13081: ffffff;
  13082: ffffff;
  13083: ffffff;
  13084: ffffff;
  13085: ffffff;
  13086: ffffff;
  13087: ffffff;
  13088: ffffff;
  13089: ffffff;
  13090: fcfafb;
  13091: ffffff;
  13092: ffffff;
  13093: fefefe;
  13094: fbfdfc;
  13095: feffff;
  13096: feffff;
  13097: fcffff;
  13098: d7d8da;
  13099: 979799;
  13100: 4a4a4a;
  13101: d0c0a;
  13102: 10000;
  13103: 30303;
  13104: 107;
  13105: 30d;
  13106: 11120;
  13107: 152a3f;
  13108: 2a4864;
  13109: 3d6387;
  13110: 4d7caa;
  13111: 588fc5;
  13112: 619fdc;
  13113: 60a3e7;
  13114: 62a7ec;
  13115: 62a8ee;
  13116: 61a5ec;
  13117: 66a7eb;
  13118: 6aa9ec;
  13119: 5b89ba;
  13120: 11121;
  13121: 0;
  13122: 20202;
  13123: 575757;
  13124: f5f5f5;
  13125: ffffff;
  13126: ffffff;
  13127: ffffff;
  13128: ffffff;
  13129: ffffff;
  13130: ffffff;
  13131: ffffff;
  13132: ffffff;
  13133: ffffff;
  13134: ffffff;
  13135: ffffff;
  13136: ffffff;
  13137: fefefe;
  13138: fefefe;
  13139: ffffff;
  13140: ffffff;
  13141: fefefe;
  13142: fefefe;
  13143: ffffff;
  13144: ffffff;
  13145: ffffff;
  13146: ffffff;
  13147: ffffff;
  13148: ffffff;
  13149: ffffff;
  13150: ffffff;
  13151: ffffff;
  13152: ffffff;
  13153: ffffff;
  13154: ffffff;
  13155: ffffff;
  13156: ffffff;
  13157: ffffff;
  13158: ffffff;
  13159: ffffff;
  13160: ffffff;
  13161: ffffff;
  13162: ffffff;
  13163: ffffff;
  13164: ffffff;
  13165: ffffff;
  13166: ffffff;
  13167: ffffff;
  13168: ffffff;
  13169: ffffff;
  13170: ffffff;
  13171: ffffff;
  13172: ffffff;
  13173: ffffff;
  13174: ffffff;
  13175: ffffff;
  13176: ffffff;
  13177: ffffff;
  13178: ffffff;
  13179: ffffff;
  13180: ffffff;
  13181: ffffff;
  13182: ffffff;
  13183: ffffff;
  13184: ffffff;
  13185: ffffff;
  13186: ffffff;
  13187: ffffff;
  13188: ffffff;
  13189: ffffff;
  13190: ffffff;
  13191: ffffff;
  13192: ffffff;
  13193: ffffff;
  13194: ffffff;
  13195: ffffff;
  13196: ffffff;
  13197: ffffff;
  13198: ffffff;
  13199: ffffff;
  13200: ffffff;
  13201: ffffff;
  13202: ffffff;
  13203: ffffff;
  13204: ffffff;
  13205: ffffff;
  13206: ffffff;
  13207: ffffff;
  13208: ffffff;
  13209: ffffff;
  13210: ffffff;
  13211: ffffff;
  13212: ffffff;
  13213: ffffff;
  13214: ffffff;
  13215: ffffff;
  13216: fdfdff;
  13217: ffffff;
  13218: fffeff;
  13219: fffeff;
  13220: fcfafb;
  13221: fefefe;
  13222: ffffff;
  13223: fcfdff;
  13224: fcffff;
  13225: faffff;
  13226: f8fdff;
  13227: f4f8fb;
  13228: b0b1b3;
  13229: 626262;
  13230: 292826;
  13231: c0b09;
  13232: 0;
  13233: 102;
  13234: 205;
  13235: 40a;
  13236: a16;
  13237: 51e32;
  13238: 1f3e5a;
  13239: 30567b;
  13240: 426e9d;
  13241: 497bb0;
  13242: 5289c2;
  13243: 5a92cf;
  13244: 5e96d3;
  13245: 639bd8;
  13246: 699fdb;
  13247: 5882ac;
  13248: 31020;
  13249: 0;
  13250: 20202;
  13251: 575757;
  13252: f5f5f5;
  13253: ffffff;
  13254: ffffff;
  13255: ffffff;
  13256: ffffff;
  13257: ffffff;
  13258: ffffff;
  13259: ffffff;
  13260: ffffff;
  13261: ffffff;
  13262: ffffff;
  13263: ffffff;
  13264: ffffff;
  13265: ffffff;
  13266: ffffff;
  13267: ffffff;
  13268: ffffff;
  13269: fefefe;
  13270: fefefe;
  13271: ffffff;
  13272: ffffff;
  13273: ffffff;
  13274: ffffff;
  13275: ffffff;
  13276: ffffff;
  13277: ffffff;
  13278: ffffff;
  13279: ffffff;
  13280: ffffff;
  13281: ffffff;
  13282: ffffff;
  13283: ffffff;
  13284: ffffff;
  13285: ffffff;
  13286: ffffff;
  13287: ffffff;
  13288: ffffff;
  13289: ffffff;
  13290: ffffff;
  13291: ffffff;
  13292: ffffff;
  13293: ffffff;
  13294: ffffff;
  13295: ffffff;
  13296: ffffff;
  13297: ffffff;
  13298: ffffff;
  13299: ffffff;
  13300: ffffff;
  13301: ffffff;
  13302: ffffff;
  13303: ffffff;
  13304: ffffff;
  13305: ffffff;
  13306: ffffff;
  13307: ffffff;
  13308: ffffff;
  13309: ffffff;
  13310: ffffff;
  13311: ffffff;
  13312: ffffff;
  13313: ffffff;
  13314: ffffff;
  13315: ffffff;
  13316: ffffff;
  13317: ffffff;
  13318: ffffff;
  13319: ffffff;
  13320: ffffff;
  13321: ffffff;
  13322: ffffff;
  13323: ffffff;
  13324: ffffff;
  13325: ffffff;
  13326: ffffff;
  13327: ffffff;
  13328: ffffff;
  13329: ffffff;
  13330: ffffff;
  13331: ffffff;
  13332: ffffff;
  13333: ffffff;
  13334: ffffff;
  13335: ffffff;
  13336: ffffff;
  13337: ffffff;
  13338: ffffff;
  13339: ffffff;
  13340: ffffff;
  13341: ffffff;
  13342: ffffff;
  13343: ffffff;
  13344: feffff;
  13345: ffffff;
  13346: fffeff;
  13347: fffffd;
  13348: fffffd;
  13349: fffffd;
  13350: fffffd;
  13351: feffff;
  13352: fcffff;
  13353: faffff;
  13354: f9ffff;
  13355: f9ffff;
  13356: eef3f6;
  13357: d4d8d9;
  13358: 9c9d9f;
  13359: 525252;
  13360: 13120e;
  13361: 100;
  13362: 10300;
  13363: 404;
  13364: 207;
  13365: 60e;
  13366: a17;
  13367: 6192a;
  13368: c2038;
  13369: 19314d;
  13370: 264061;
  13371: 36547a;
  13372: 3c5d86;
  13373: 466b97;
  13374: 5079a5;
  13375: 476587;
  13376: 6101c;
  13377: 0;
  13378: 30303;
  13379: 575757;
  13380: f5f5f5;
  13381: ffffff;
  13382: fefefe;
  13383: fefefe;
  13384: ffffff;
  13385: ffffff;
  13386: ffffff;
  13387: ffffff;
  13388: ffffff;
  13389: ffffff;
  13390: ffffff;
  13391: ffffff;
  13392: ffffff;
  13393: ffffff;
  13394: ffffff;
  13395: ffffff;
  13396: ffffff;
  13397: ffffff;
  13398: ffffff;
  13399: ffffff;
  13400: ffffff;
  13401: ffffff;
  13402: ffffff;
  13403: ffffff;
  13404: ffffff;
  13405: ffffff;
  13406: ffffff;
  13407: ffffff;
  13408: ffffff;
  13409: ffffff;
  13410: ffffff;
  13411: ffffff;
  13412: ffffff;
  13413: ffffff;
  13414: ffffff;
  13415: ffffff;
  13416: ffffff;
  13417: ffffff;
  13418: ffffff;
  13419: ffffff;
  13420: ffffff;
  13421: ffffff;
  13422: ffffff;
  13423: ffffff;
  13424: ffffff;
  13425: ffffff;
  13426: ffffff;
  13427: ffffff;
  13428: ffffff;
  13429: ffffff;
  13430: ffffff;
  13431: ffffff;
  13432: ffffff;
  13433: ffffff;
  13434: ffffff;
  13435: ffffff;
  13436: ffffff;
  13437: ffffff;
  13438: ffffff;
  13439: ffffff;
  13440: ffffff;
  13441: ffffff;
  13442: ffffff;
  13443: ffffff;
  13444: ffffff;
  13445: ffffff;
  13446: ffffff;
  13447: ffffff;
  13448: ffffff;
  13449: ffffff;
  13450: ffffff;
  13451: ffffff;
  13452: ffffff;
  13453: ffffff;
  13454: ffffff;
  13455: ffffff;
  13456: ffffff;
  13457: ffffff;
  13458: ffffff;
  13459: ffffff;
  13460: ffffff;
  13461: ffffff;
  13462: ffffff;
  13463: ffffff;
  13464: ffffff;
  13465: ffffff;
  13466: ffffff;
  13467: ffffff;
  13468: ffffff;
  13469: ffffff;
  13470: ffffff;
  13471: ffffff;
  13472: feffff;
  13473: feffff;
  13474: ffffff;
  13475: fffffd;
  13476: fffefb;
  13477: fffefb;
  13478: fffffb;
  13479: fffffd;
  13480: fcfefd;
  13481: fcffff;
  13482: fbffff;
  13483: f7fcff;
  13484: f8fdff;
  13485: fcffff;
  13486: e9eaec;
  13487: b4b4b4;
  13488: 7d7c78;
  13489: 4e4d48;
  13490: 23241f;
  13491: 50704;
  13492: 102;
  13493: 407;
  13494: 206;
  13495: 107;
  13496: 20a;
  13497: 510;
  13498: a18;
  13499: e1b2e;
  13500: 16263d;
  13501: 182c45;
  13502: 1d3551;
  13503: 1c2e44;
  13504: 70f;
  13505: 0;
  13506: 60606;
  13507: 505050;
  13508: f3f3f3;
  13509: ffffff;
  13510: ffffff;
  13511: ffffff;
  13512: ffffff;
  13513: ffffff;
  13514: ffffff;
  13515: ffffff;
  13516: ffffff;
  13517: ffffff;
  13518: ffffff;
  13519: ffffff;
  13520: ffffff;
  13521: ffffff;
  13522: ffffff;
  13523: ffffff;
  13524: ffffff;
  13525: ffffff;
  13526: ffffff;
  13527: ffffff;
  13528: ffffff;
  13529: ffffff;
  13530: ffffff;
  13531: ffffff;
  13532: ffffff;
  13533: ffffff;
  13534: ffffff;
  13535: ffffff;
  13536: ffffff;
  13537: ffffff;
  13538: ffffff;
  13539: ffffff;
  13540: ffffff;
  13541: ffffff;
  13542: ffffff;
  13543: ffffff;
  13544: ffffff;
  13545: ffffff;
  13546: ffffff;
  13547: ffffff;
  13548: ffffff;
  13549: ffffff;
  13550: ffffff;
  13551: ffffff;
  13552: ffffff;
  13553: ffffff;
  13554: ffffff;
  13555: ffffff;
  13556: ffffff;
  13557: ffffff;
  13558: ffffff;
  13559: ffffff;
  13560: ffffff;
  13561: ffffff;
  13562: ffffff;
  13563: ffffff;
  13564: ffffff;
  13565: ffffff;
  13566: ffffff;
  13567: ffffff;
  13568: ffffff;
  13569: ffffff;
  13570: ffffff;
  13571: ffffff;
  13572: ffffff;
  13573: ffffff;
  13574: ffffff;
  13575: ffffff;
  13576: ffffff;
  13577: ffffff;
  13578: ffffff;
  13579: ffffff;
  13580: ffffff;
  13581: ffffff;
  13582: ffffff;
  13583: ffffff;
  13584: ffffff;
  13585: ffffff;
  13586: ffffff;
  13587: ffffff;
  13588: ffffff;
  13589: ffffff;
  13590: ffffff;
  13591: ffffff;
  13592: ffffff;
  13593: ffffff;
  13594: ffffff;
  13595: ffffff;
  13596: ffffff;
  13597: ffffff;
  13598: ffffff;
  13599: ffffff;
  13600: feffff;
  13601: feffff;
  13602: ffffff;
  13603: fffffd;
  13604: fffefb;
  13605: fffefb;
  13606: fffefb;
  13607: fffffb;
  13608: fffffd;
  13609: fefefc;
  13610: fdfffe;
  13611: feffff;
  13612: feffff;
  13613: ffffff;
  13614: ffffff;
  13615: fbfbf9;
  13616: ebebe9;
  13617: bfbfbd;
  13618: 828280;
  13619: 484647;
  13620: 1f1d1e;
  13621: 100e11;
  13622: 8080a;
  13623: 2;
  13624: 104;
  13625: 104;
  13626: 205;
  13627: 205;
  13628: 309;
  13629: 30b;
  13630: 10a;
  13631: 108;
  13632: 2;
  13633: 0;
  13634: 0;
  13635: 5b5b5b;
  13636: f6f6f6;
  13637: fefefe;
  13638: ffffff;
  13639: fefefe;
  13640: ffffff;
  13641: ffffff;
  13642: ffffff;
  13643: ffffff;
  13644: ffffff;
  13645: ffffff;
  13646: ffffff;
  13647: ffffff;
  13648: ffffff;
  13649: ffffff;
  13650: ffffff;
  13651: ffffff;
  13652: ffffff;
  13653: ffffff;
  13654: ffffff;
  13655: ffffff;
  13656: ffffff;
  13657: ffffff;
  13658: ffffff;
  13659: ffffff;
  13660: ffffff;
  13661: ffffff;
  13662: ffffff;
  13663: ffffff;
  13664: ffffff;
  13665: ffffff;
  13666: ffffff;
  13667: ffffff;
  13668: ffffff;
  13669: ffffff;
  13670: ffffff;
  13671: ffffff;
  13672: ffffff;
  13673: ffffff;
  13674: ffffff;
  13675: ffffff;
  13676: ffffff;
  13677: ffffff;
  13678: ffffff;
  13679: ffffff;
  13680: ffffff;
  13681: ffffff;
  13682: ffffff;
  13683: ffffff;
  13684: ffffff;
  13685: ffffff;
  13686: ffffff;
  13687: ffffff;
  13688: ffffff;
  13689: ffffff;
  13690: ffffff;
  13691: ffffff;
  13692: ffffff;
  13693: ffffff;
  13694: ffffff;
  13695: ffffff;
  13696: ffffff;
  13697: ffffff;
  13698: ffffff;
  13699: ffffff;
  13700: ffffff;
  13701: ffffff;
  13702: ffffff;
  13703: ffffff;
  13704: ffffff;
  13705: ffffff;
  13706: ffffff;
  13707: ffffff;
  13708: ffffff;
  13709: ffffff;
  13710: ffffff;
  13711: ffffff;
  13712: ffffff;
  13713: ffffff;
  13714: ffffff;
  13715: ffffff;
  13716: ffffff;
  13717: ffffff;
  13718: ffffff;
  13719: ffffff;
  13720: ffffff;
  13721: ffffff;
  13722: ffffff;
  13723: ffffff;
  13724: ffffff;
  13725: ffffff;
  13726: ffffff;
  13727: ffffff;
  13728: feffff;
  13729: feffff;
  13730: ffffff;
  13731: fffffd;
  13732: fffffd;
  13733: fffefb;
  13734: fffefb;
  13735: fffefb;
  13736: fffffb;
  13737: fffffb;
  13738: fffffd;
  13739: fffffd;
  13740: fffefc;
  13741: fefdfb;
  13742: fffffd;
  13743: fffffd;
  13744: ffffff;
  13745: f5f5f5;
  13746: dcdcdc;
  13747: bdbbbc;
  13748: 969495;
  13749: 6e6c6d;
  13750: 494748;
  13751: 262626;
  13752: 50706;
  13753: 10302;
  13754: 400;
  13755: 200;
  13756: 100;
  13757: 10100;
  13758: 10000;
  13759: 20100;
  13760: 0;
  13761: 0;
  13762: 0;
  13763: 7d7d7d;
  13764: f6f6f6;
  13765: fefefe;
  13766: ffffff;
  13767: ffffff;
  13768: ffffff;
  13769: ffffff;
  13770: ffffff;
  13771: ffffff;
  13772: ffffff;
  13773: ffffff;
  13774: ffffff;
  13775: ffffff;
  13776: ffffff;
  13777: ffffff;
  13778: ffffff;
  13779: ffffff;
  13780: ffffff;
  13781: ffffff;
  13782: ffffff;
  13783: ffffff;
  13784: ffffff;
  13785: ffffff;
  13786: ffffff;
  13787: ffffff;
  13788: ffffff;
  13789: ffffff;
  13790: ffffff;
  13791: ffffff;
  13792: ffffff;
  13793: ffffff;
  13794: ffffff;
  13795: ffffff;
  13796: ffffff;
  13797: ffffff;
  13798: ffffff;
  13799: ffffff;
  13800: ffffff;
  13801: ffffff;
  13802: ffffff;
  13803: ffffff;
  13804: ffffff;
  13805: ffffff;
  13806: ffffff;
  13807: ffffff;
  13808: ffffff;
  13809: ffffff;
  13810: ffffff;
  13811: ffffff;
  13812: ffffff;
  13813: ffffff;
  13814: ffffff;
  13815: ffffff;
  13816: ffffff;
  13817: ffffff;
  13818: ffffff;
  13819: ffffff;
  13820: ffffff;
  13821: ffffff;
  13822: ffffff;
  13823: ffffff;
  13824: ffffff;
  13825: ffffff;
  13826: ffffff;
  13827: ffffff;
  13828: ffffff;
  13829: ffffff;
  13830: ffffff;
  13831: ffffff;
  13832: ffffff;
  13833: ffffff;
  13834: ffffff;
  13835: ffffff;
  13836: ffffff;
  13837: ffffff;
  13838: ffffff;
  13839: ffffff;
  13840: ffffff;
  13841: ffffff;
  13842: ffffff;
  13843: ffffff;
  13844: ffffff;
  13845: ffffff;
  13846: ffffff;
  13847: ffffff;
  13848: ffffff;
  13849: ffffff;
  13850: ffffff;
  13851: ffffff;
  13852: ffffff;
  13853: ffffff;
  13854: ffffff;
  13855: ffffff;
  13856: ffffff;
  13857: ffffff;
  13858: fffffd;
  13859: fffffd;
  13860: fffffd;
  13861: fffffd;
  13862: fffffd;
  13863: fffffb;
  13864: fffcf9;
  13865: fffefb;
  13866: fffefb;
  13867: fffbf8;
  13868: fffbf8;
  13869: fffefb;
  13870: fffefd;
  13871: fffdfe;
  13872: fefdff;
  13873: fffeff;
  13874: fffeff;
  13875: feffff;
  13876: f3f5f4;
  13877: d2d4d3;
  13878: a8aaa7;
  13879: 80807e;
  13880: 636363;
  13881: 464646;
  13882: 3a3a3a;
  13883: 303030;
  13884: 222423;
  13885: 1c1e1d;
  13886: 151716;
  13887: 131514;
  13888: b0b0b;
  13889: 111111;
  13890: 343434;
  13891: b9b9b9;
  13892: fdfdfd;
  13893: ffffff;
  13894: ffffff;
  13895: ffffff;
  13896: ffffff;
  13897: ffffff;
  13898: ffffff;
  13899: ffffff;
  13900: ffffff;
  13901: ffffff;
  13902: ffffff;
  13903: ffffff;
  13904: ffffff;
  13905: ffffff;
  13906: ffffff;
  13907: ffffff;
  13908: ffffff;
  13909: ffffff;
  13910: ffffff;
  13911: ffffff;
  13912: ffffff;
  13913: ffffff;
  13914: ffffff;
  13915: ffffff;
  13916: ffffff;
  13917: ffffff;
  13918: ffffff;
  13919: ffffff;
  13920: ffffff;
  13921: ffffff;
  13922: ffffff;
  13923: ffffff;
  13924: ffffff;
  13925: ffffff;
  13926: ffffff;
  13927: ffffff;
  13928: ffffff;
  13929: ffffff;
  13930: ffffff;
  13931: ffffff;
  13932: ffffff;
  13933: ffffff;
  13934: ffffff;
  13935: ffffff;
  13936: ffffff;
  13937: ffffff;
  13938: ffffff;
  13939: ffffff;
  13940: ffffff;
  13941: ffffff;
  13942: ffffff;
  13943: ffffff;
  13944: ffffff;
  13945: ffffff;
  13946: ffffff;
  13947: ffffff;
  13948: ffffff;
  13949: ffffff;
  13950: ffffff;
  13951: ffffff;
  13952: ffffff;
  13953: ffffff;
  13954: ffffff;
  13955: ffffff;
  13956: ffffff;
  13957: ffffff;
  13958: ffffff;
  13959: ffffff;
  13960: ffffff;
  13961: ffffff;
  13962: ffffff;
  13963: ffffff;
  13964: ffffff;
  13965: ffffff;
  13966: ffffff;
  13967: ffffff;
  13968: ffffff;
  13969: ffffff;
  13970: ffffff;
  13971: ffffff;
  13972: ffffff;
  13973: ffffff;
  13974: ffffff;
  13975: ffffff;
  13976: ffffff;
  13977: ffffff;
  13978: ffffff;
  13979: ffffff;
  13980: ffffff;
  13981: ffffff;
  13982: ffffff;
  13983: ffffff;
  13984: fffffd;
  13985: fffffb;
  13986: fffffd;
  13987: fffffd;
  13988: feffff;
  13989: feffff;
  13990: ffffff;
  13991: ffffff;
  13992: fffffd;
  13993: fffdfc;
  13994: fffefd;
  13995: fffefd;
  13996: fffdfc;
  13997: fdfcfa;
  13998: fefcfd;
  13999: fffeff;
  14000: fdfcff;
  14001: fffeff;
  14002: fbfcff;
  14003: feffff;
  14004: feffff;
  14005: f9fbfa;
  14006: f4f6f3;
  14007: ebebe9;
  14008: e1e1e1;
  14009: c6c4c5;
  14010: b2b0b1;
  14011: 999999;
  14012: 7c7c7c;
  14013: 6d6f6e;
  14014: 606261;
  14015: 555756;
  14016: 4b4b4b;
  14017: 575757;
  14018: 9a9a9a;
  14019: f0f0f0;
  14020: ffffff;
  14021: ffffff;
  14022: fbfbfb;
  14023: ffffff;
  14024: ffffff;
  14025: ffffff;
  14026: ffffff;
  14027: ffffff;
  14028: ffffff;
  14029: ffffff;
  14030: ffffff;
  14031: ffffff;
  14032: ffffff;
  14033: ffffff;
  14034: ffffff;
  14035: ffffff;
  14036: ffffff;
  14037: ffffff;
  14038: ffffff;
  14039: ffffff;
  14040: ffffff;
  14041: ffffff;
  14042: ffffff;
  14043: ffffff;
  14044: ffffff;
  14045: ffffff;
  14046: ffffff;
  14047: ffffff;
  14048: ffffff;
  14049: ffffff;
  14050: ffffff;
  14051: ffffff;
  14052: ffffff;
  14053: ffffff;
  14054: ffffff;
  14055: ffffff;
  14056: ffffff;
  14057: ffffff;
  14058: ffffff;
  14059: ffffff;
  14060: ffffff;
  14061: ffffff;
  14062: ffffff;
  14063: ffffff;
  14064: ffffff;
  14065: ffffff;
  14066: ffffff;
  14067: ffffff;
  14068: ffffff;
  14069: ffffff;
  14070: ffffff;
  14071: ffffff;
  14072: ffffff;
  14073: ffffff;
  14074: ffffff;
  14075: ffffff;
  14076: ffffff;
  14077: ffffff;
  14078: ffffff;
  14079: ffffff;
  14080: ffffff;
  14081: ffffff;
  14082: ffffff;
  14083: ffffff;
  14084: ffffff;
  14085: ffffff;
  14086: ffffff;
  14087: ffffff;
  14088: ffffff;
  14089: ffffff;
  14090: ffffff;
  14091: ffffff;
  14092: ffffff;
  14093: ffffff;
  14094: ffffff;
  14095: ffffff;
  14096: ffffff;
  14097: ffffff;
  14098: ffffff;
  14099: ffffff;
  14100: ffffff;
  14101: ffffff;
  14102: ffffff;
  14103: ffffff;
  14104: ffffff;
  14105: ffffff;
  14106: ffffff;
  14107: ffffff;
  14108: ffffff;
  14109: ffffff;
  14110: ffffff;
  14111: fffffd;
  14112: fffefb;
  14113: fffffa;
  14114: fffffb;
  14115: feffff;
  14116: fcffff;
  14117: fcffff;
  14118: fcffff;
  14119: fcffff;
  14120: feffff;
  14121: fcfcfc;
  14122: fffdfe;
  14123: fffdfe;
  14124: fffeff;
  14125: ffffff;
  14126: ffffff;
  14127: fdfdff;
  14128: ffffff;
  14129: ffffff;
  14130: fefefe;
  14131: fefefe;
  14132: ffffff;
  14133: fefefe;
  14134: ffffff;
  14135: ffffff;
  14136: ffffff;
  14137: fcfcfc;
  14138: f6f6f6;
  14139: e4e4e4;
  14140: d2d2d4;
  14141: cfcdd0;
  14142: cac8cb;
  14143: c0bec1;
  14144: b8b8b8;
  14145: bfbfbf;
  14146: e6e6e6;
  14147: ffffff;
  14148: fdfdfd;
  14149: fefefe;
  14150: fefefe;
  14151: ffffff;
  14152: ffffff;
  14153: ffffff;
  14154: ffffff;
  14155: ffffff;
  14156: ffffff;
  14157: ffffff;
  14158: ffffff;
  14159: ffffff;
  14160: ffffff;
  14161: ffffff;
  14162: ffffff;
  14163: ffffff;
  14164: ffffff;
  14165: ffffff;
  14166: ffffff;
  14167: ffffff;
  14168: ffffff;
  14169: ffffff;
  14170: ffffff;
  14171: ffffff;
  14172: ffffff;
  14173: ffffff;
  14174: ffffff;
  14175: ffffff;
  14176: ffffff;
  14177: ffffff;
  14178: ffffff;
  14179: ffffff;
  14180: ffffff;
  14181: ffffff;
  14182: ffffff;
  14183: ffffff;
  14184: ffffff;
  14185: ffffff;
  14186: ffffff;
  14187: ffffff;
  14188: ffffff;
  14189: ffffff;
  14190: ffffff;
  14191: ffffff;
  14192: ffffff;
  14193: ffffff;
  14194: ffffff;
  14195: ffffff;
  14196: ffffff;
  14197: ffffff;
  14198: ffffff;
  14199: ffffff;
  14200: ffffff;
  14201: ffffff;
  14202: ffffff;
  14203: ffffff;
  14204: ffffff;
  14205: ffffff;
  14206: ffffff;
  14207: ffffff;
  14208: ffffff;
  14209: ffffff;
  14210: ffffff;
  14211: ffffff;
  14212: ffffff;
  14213: ffffff;
  14214: ffffff;
  14215: ffffff;
  14216: ffffff;
  14217: ffffff;
  14218: ffffff;
  14219: ffffff;
  14220: ffffff;
  14221: ffffff;
  14222: ffffff;
  14223: ffffff;
  14224: ffffff;
  14225: ffffff;
  14226: ffffff;
  14227: ffffff;
  14228: ffffff;
  14229: ffffff;
  14230: ffffff;
  14231: ffffff;
  14232: ffffff;
  14233: ffffff;
  14234: ffffff;
  14235: ffffff;
  14236: ffffff;
  14237: ffffff;
  14238: ffffff;
  14239: fffffd;
  14240: fffefb;
  14241: fffefb;
  14242: fffffd;
  14243: feffff;
  14244: fcffff;
  14245: fcffff;
  14246: fcffff;
  14247: fcffff;
  14248: feffff;
  14249: fcfcfe;
  14250: ffffff;
  14251: fffeff;
  14252: fdfdff;
  14253: fefeff;
  14254: fdfeff;
  14255: feffff;
  14256: fdfdfd;
  14257: fffffd;
  14258: ffffff;
  14259: ffffff;
  14260: fffeff;
  14261: fffeff;
  14262: ffffff;
  14263: ffffff;
  14264: fefefe;
  14265: ffffff;
  14266: ffffff;
  14267: ffffff;
  14268: fffeff;
  14269: fffeff;
  14270: fffdff;
  14271: fffdff;
  14272: fefefe;
  14273: ffffff;
  14274: fdfdfd;
  14275: ffffff;
  14276: ffffff;
  14277: ffffff;
  14278: ffffff;
  14279: fbfbfb;
  14280: ffffff;
  14281: ffffff;
  14282: ffffff;
  14283: ffffff;
  14284: ffffff;
  14285: ffffff;
  14286: ffffff;
  14287: ffffff;
  14288: ffffff;
  14289: ffffff;
  14290: ffffff;
  14291: ffffff;
  14292: ffffff;
  14293: ffffff;
  14294: ffffff;
  14295: ffffff;
  14296: ffffff;
  14297: ffffff;
  14298: ffffff;
  14299: ffffff;
  14300: ffffff;
  14301: ffffff;
  14302: ffffff;
  14303: ffffff;
  14304: ffffff;
  14305: ffffff;
  14306: ffffff;
  14307: ffffff;
  14308: ffffff;
  14309: ffffff;
  14310: ffffff;
  14311: ffffff;
  14312: ffffff;
  14313: ffffff;
  14314: ffffff;
  14315: ffffff;
  14316: ffffff;
  14317: ffffff;
  14318: ffffff;
  14319: ffffff;
  14320: ffffff;
  14321: ffffff;
  14322: ffffff;
  14323: ffffff;
  14324: ffffff;
  14325: ffffff;
  14326: ffffff;
  14327: ffffff;
  14328: ffffff;
  14329: ffffff;
  14330: ffffff;
  14331: ffffff;
  14332: ffffff;
  14333: ffffff;
  14334: ffffff;
  14335: ffffff;
  14336: ffffff;
  14337: ffffff;
  14338: ffffff;
  14339: ffffff;
  14340: ffffff;
  14341: ffffff;
  14342: ffffff;
  14343: ffffff;
  14344: ffffff;
  14345: ffffff;
  14346: ffffff;
  14347: fdfdfd;
  14348: ffffff;
  14349: ffffff;
  14350: fdfdfd;
  14351: ffffff;
  14352: ffffff;
  14353: ffffff;
  14354: ffffff;
  14355: ffffff;
  14356: ffffff;
  14357: ffffff;
  14358: ffffff;
  14359: ffffff;
  14360: ffffff;
  14361: ffffff;
  14362: ffffff;
  14363: ffffff;
  14364: ffffff;
  14365: ffffff;
  14366: ffffff;
  14367: ffffff;
  14368: fffffd;
  14369: fffffd;
  14370: ffffff;
  14371: ffffff;
  14372: feffff;
  14373: feffff;
  14374: feffff;
  14375: feffff;
  14376: ffffff;
  14377: ffffff;
  14378: ffffff;
  14379: ffffff;
  14380: ffffff;
  14381: ffffff;
  14382: ffffff;
  14383: ffffff;
  14384: ffffff;
  14385: fefefe;
  14386: ffffff;
  14387: ffffff;
  14388: fefefe;
  14389: fefefe;
  14390: ffffff;
  14391: ffffff;
  14392: fdfdfd;
  14393: fefefe;
  14394: ffffff;
  14395: ffffff;
  14396: ffffff;
  14397: fcfcfc;
  14398: ffffff;
  14399: fefefe;
  14400: ffffff;
  14401: ffffff;
  14402: ffffff;
  14403: ffffff;
  14404: ffffff;
  14405: ffffff;
  14406: ffffff;
  14407: ffffff;
  14408: ffffff;
  14409: ffffff;
  14410: ffffff;
  14411: ffffff;
  14412: ffffff;
  14413: ffffff;
  14414: ffffff;
  14415: ffffff;
  14416: ffffff;
  14417: ffffff;
  14418: ffffff;
  14419: ffffff;
  14420: ffffff;
  14421: ffffff;
  14422: ffffff;
  14423: ffffff;
  14424: ffffff;
  14425: ffffff;
  14426: ffffff;
  14427: ffffff;
  14428: ffffff;
  14429: ffffff;
  14430: ffffff;
  14431: ffffff;
  14432: ffffff;
  14433: ffffff;
  14434: fdfdfd;
  14435: ffffff;
  14436: ffffff;
  14437: fcfcfc;
  14438: ffffff;
  14439: ffffff;
  14440: fefefe;
  14441: ffffff;
  14442: fefefe;
  14443: ffffff;
  14444: ffffff;
  14445: fcfcfc;
  14446: fefefe;
  14447: ffffff;
  14448: ffffff;
  14449: ffffff;
  14450: ffffff;
  14451: ffffff;
  14452: ffffff;
  14453: ffffff;
  14454: ffffff;
  14455: ffffff;
  14456: ffffff;
  14457: ffffff;
  14458: ffffff;
  14459: ffffff;
  14460: ffffff;
  14461: ffffff;
  14462: ffffff;
  14463: ffffff;
  14464: ffffff;
  14465: ffffff;
  14466: ffffff;
  14467: ffffff;
  14468: ffffff;
  14469: ffffff;
  14470: ffffff;
  14471: ffffff;
  14472: ffffff;
  14473: ffffff;
  14474: fdfdfd;
  14475: ffffff;
  14476: ffffff;
  14477: ffffff;
  14478: ffffff;
  14479: fdfdfd;
  14480: ffffff;
  14481: ffffff;
  14482: ffffff;
  14483: ffffff;
  14484: ffffff;
  14485: ffffff;
  14486: ffffff;
  14487: ffffff;
  14488: ffffff;
  14489: ffffff;
  14490: ffffff;
  14491: ffffff;
  14492: ffffff;
  14493: ffffff;
  14494: ffffff;
  14495: ffffff;
  14496: ffffff;
  14497: ffffff;
  14498: ffffff;
  14499: ffffff;
  14500: ffffff;
  14501: ffffff;
  14502: ffffff;
  14503: ffffff;
  14504: ffffff;
  14505: ffffff;
  14506: ffffff;
  14507: ffffff;
  14508: ffffff;
  14509: ffffff;
  14510: ffffff;
  14511: ffffff;
  14512: ffffff;
  14513: fefefe;
  14514: fefefe;
  14515: ffffff;
  14516: ffffff;
  14517: fefefe;
  14518: fefefe;
  14519: ffffff;
  14520: ffffff;
  14521: ffffff;
  14522: fefefe;
  14523: fbfbfb;
  14524: fdfdfd;
  14525: ffffff;
  14526: ffffff;
  14527: fefefe;
  14528: ffffff;
  14529: ffffff;
  14530: ffffff;
  14531: ffffff;
  14532: ffffff;
  14533: ffffff;
  14534: ffffff;
  14535: ffffff;
  14536: ffffff;
  14537: ffffff;
  14538: ffffff;
  14539: ffffff;
  14540: ffffff;
  14541: ffffff;
  14542: ffffff;
  14543: ffffff;
  14544: ffffff;
  14545: ffffff;
  14546: ffffff;
  14547: ffffff;
  14548: ffffff;
  14549: ffffff;
  14550: ffffff;
  14551: ffffff;
  14552: ffffff;
  14553: ffffff;
  14554: ffffff;
  14555: ffffff;
  14556: ffffff;
  14557: ffffff;
  14558: ffffff;
  14559: ffffff;
  14560: ffffff;
  14561: ffffff;
  14562: fcfcfc;
  14563: fefefe;
  14564: ffffff;
  14565: ffffff;
  14566: ffffff;
  14567: fdfdfd;
  14568: ffffff;
  14569: ffffff;
  14570: fcfcfc;
  14571: ffffff;
  14572: ffffff;
  14573: fefefe;
  14574: ffffff;
  14575: fefefe;
  14576: ffffff;
  14577: ffffff;
  14578: ffffff;
  14579: ffffff;
  14580: ffffff;
  14581: ffffff;
  14582: ffffff;
  14583: ffffff;
  14584: ffffff;
  14585: ffffff;
  14586: ffffff;
  14587: ffffff;
  14588: ffffff;
  14589: ffffff;
  14590: ffffff;
  14591: ffffff;
  14592: ffffff;
  14593: ffffff;
  14594: ffffff;
  14595: ffffff;
  14596: ffffff;
  14597: ffffff;
  14598: ffffff;
  14599: ffffff;
  14600: ffffff;
  14601: ffffff;
  14602: fefefe;
  14603: ffffff;
  14604: ffffff;
  14605: fefefe;
  14606: ffffff;
  14607: ffffff;
  14608: ffffff;
  14609: ffffff;
  14610: ffffff;
  14611: ffffff;
  14612: ffffff;
  14613: ffffff;
  14614: ffffff;
  14615: ffffff;
  14616: ffffff;
  14617: ffffff;
  14618: ffffff;
  14619: ffffff;
  14620: ffffff;
  14621: ffffff;
  14622: ffffff;
  14623: ffffff;
  14624: ffffff;
  14625: ffffff;
  14626: ffffff;
  14627: ffffff;
  14628: ffffff;
  14629: ffffff;
  14630: ffffff;
  14631: ffffff;
  14632: ffffff;
  14633: ffffff;
  14634: ffffff;
  14635: ffffff;
  14636: ffffff;
  14637: ffffff;
  14638: ffffff;
  14639: ffffff;
  14640: fcfcfc;
  14641: ffffff;
  14642: ffffff;
  14643: fdfdfd;
  14644: fdfdfd;
  14645: fdfdfd;
  14646: fdfdfd;
  14647: ffffff;
  14648: fbfbfb;
  14649: fefefe;
  14650: ffffff;
  14651: ffffff;
  14652: ffffff;
  14653: ffffff;
  14654: fcfcfc;
  14655: ffffff;
  14656: ffffff;
  14657: ffffff;
  14658: ffffff;
  14659: ffffff;
  14660: ffffff;
  14661: ffffff;
  14662: ffffff;
  14663: ffffff;
  14664: ffffff;
  14665: ffffff;
  14666: ffffff;
  14667: ffffff;
  14668: ffffff;
  14669: ffffff;
  14670: ffffff;
  14671: ffffff;
  14672: ffffff;
  14673: ffffff;
  14674: ffffff;
  14675: ffffff;
  14676: ffffff;
  14677: ffffff;
  14678: ffffff;
  14679: ffffff;
  14680: ffffff;
  14681: ffffff;
  14682: ffffff;
  14683: ffffff;
  14684: ffffff;
  14685: ffffff;
  14686: ffffff;
  14687: ffffff;
  14688: fdfdfd;
  14689: ffffff;
  14690: ffffff;
  14691: ffffff;
  14692: ffffff;
  14693: fefefe;
  14694: ffffff;
  14695: fcfcfc;
  14696: ffffff;
  14697: fefefe;
  14698: ffffff;
  14699: ffffff;
  14700: ffffff;
  14701: ffffff;
  14702: ffffff;
  14703: fdfdfd;
  14704: ffffff;
  14705: ffffff;
  14706: ffffff;
  14707: ffffff;
  14708: ffffff;
  14709: ffffff;
  14710: ffffff;
  14711: ffffff;
  14712: ffffff;
  14713: ffffff;
  14714: ffffff;
  14715: ffffff;
  14716: ffffff;
  14717: ffffff;
  14718: ffffff;
  14719: ffffff;
  14720: ffffff;
  14721: ffffff;
  14722: ffffff;
  14723: ffffff;
  14724: ffffff;
  14725: ffffff;
  14726: ffffff;
  14727: ffffff;
  14728: ffffff;
  14729: ffffff;
  14730: ffffff;
  14731: ffffff;
  14732: fcfcfc;
  14733: fdfdfd;
  14734: ffffff;
  14735: ffffff;
  14736: ffffff;
  14737: ffffff;
  14738: ffffff;
  14739: ffffff;
  14740: ffffff;
  14741: ffffff;
  14742: ffffff;
  14743: ffffff;
  14744: ffffff;
  14745: ffffff;
  14746: ffffff;
  14747: ffffff;
  14748: ffffff;
  14749: ffffff;
  14750: ffffff;
  14751: ffffff;
  14752: ffffff;
  14753: ffffff;
  14754: ffffff;
  14755: ffffff;
  14756: ffffff;
  14757: ffffff;
  14758: ffffff;
  14759: ffffff;
  14760: ffffff;
  14761: ffffff;
  14762: ffffff;
  14763: ffffff;
  14764: ffffff;
  14765: ffffff;
  14766: ffffff;
  14767: ffffff;
  14768: ffffff;
  14769: ffffff;
  14770: fefefe;
  14771: fcfcfc;
  14772: ffffff;
  14773: ffffff;
  14774: ffffff;
  14775: fefefe;
  14776: ffffff;
  14777: ffffff;
  14778: ffffff;
  14779: ffffff;
  14780: ffffff;
  14781: ffffff;
  14782: fdfdfd;
  14783: ffffff;
  14784: ffffff;
  14785: ffffff;
  14786: ffffff;
  14787: ffffff;
  14788: ffffff;
  14789: ffffff;
  14790: ffffff;
  14791: ffffff;
  14792: ffffff;
  14793: ffffff;
  14794: ffffff;
  14795: ffffff;
  14796: ffffff;
  14797: ffffff;
  14798: ffffff;
  14799: ffffff;
  14800: ffffff;
  14801: ffffff;
  14802: ffffff;
  14803: ffffff;
  14804: ffffff;
  14805: ffffff;
  14806: ffffff;
  14807: ffffff;
  14808: ffffff;
  14809: ffffff;
  14810: ffffff;
  14811: ffffff;
  14812: ffffff;
  14813: ffffff;
  14814: ffffff;
  14815: ffffff;
  14816: ffffff;
  14817: ffffff;
  14818: ffffff;
  14819: ffffff;
  14820: fefefe;
  14821: fefefe;
  14822: ffffff;
  14823: ffffff;
  14824: fdfdfd;
  14825: fefefe;
  14826: fefefe;
  14827: fdfdfd;
  14828: fcfcfc;
  14829: fefefe;
  14830: ffffff;
  14831: ffffff;
  14832: ffffff;
  14833: ffffff;
  14834: ffffff;
  14835: ffffff;
  14836: ffffff;
  14837: ffffff;
  14838: ffffff;
  14839: ffffff;
  14840: ffffff;
  14841: ffffff;
  14842: ffffff;
  14843: ffffff;
  14844: ffffff;
  14845: ffffff;
  14846: ffffff;
  14847: ffffff;
  14848: ffffff;
  14849: ffffff;
  14850: ffffff;
  14851: ffffff;
  14852: ffffff;
  14853: ffffff;
  14854: ffffff;
  14855: ffffff;
  14856: fefefe;
  14857: fdfdfd;
  14858: ffffff;
  14859: ffffff;
  14860: ffffff;
  14861: ffffff;
  14862: fdfdfd;
  14863: fcfcfc;
  14864: ffffff;
  14865: ffffff;
  14866: ffffff;
  14867: ffffff;
  14868: ffffff;
  14869: ffffff;
  14870: ffffff;
  14871: ffffff;
  14872: ffffff;
  14873: ffffff;
  14874: ffffff;
  14875: ffffff;
  14876: ffffff;
  14877: ffffff;
  14878: ffffff;
  14879: ffffff;
  14880: ffffff;
  14881: ffffff;
  14882: ffffff;
  14883: ffffff;
  14884: ffffff;
  14885: ffffff;
  14886: ffffff;
  14887: ffffff;
  14888: ffffff;
  14889: ffffff;
  14890: ffffff;
  14891: ffffff;
  14892: ffffff;
  14893: ffffff;
  14894: ffffff;
  14895: ffffff;
  14896: ffffff;
  14897: fbfbfb;
  14898: ffffff;
  14899: ffffff;
  14900: fefefe;
  14901: fdfdfd;
  14902: fbfbfb;
  14903: ffffff;
  14904: fdfdfd;
  14905: fdfdfd;
  14906: ffffff;
  14907: ffffff;
  14908: fcfcfc;
  14909: ffffff;
  14910: ffffff;
  14911: ffffff;
  14912: ffffff;
  14913: ffffff;
  14914: ffffff;
  14915: ffffff;
  14916: ffffff;
  14917: ffffff;
  14918: ffffff;
  14919: ffffff;
  14920: ffffff;
  14921: ffffff;
  14922: ffffff;
  14923: ffffff;
  14924: ffffff;
  14925: ffffff;
  14926: ffffff;
  14927: ffffff;
  14928: ffffff;
  14929: ffffff;
  14930: ffffff;
  14931: ffffff;
  14932: ffffff;
  14933: ffffff;
  14934: ffffff;
  14935: ffffff;
  14936: ffffff;
  14937: ffffff;
  14938: ffffff;
  14939: ffffff;
  14940: ffffff;
  14941: ffffff;
  14942: ffffff;
  14943: ffffff;
  14944: ffffff;
  14945: fefefe;
  14946: ffffff;
  14947: ffffff;
  14948: ffffff;
  14949: fefefe;
  14950: fcfcfc;
  14951: fcfcfc;
  14952: fefefe;
  14953: ffffff;
  14954: ffffff;
  14955: fefefe;
  14956: ffffff;
  14957: ffffff;
  14958: fcfcfc;
  14959: fdfdfd;
  14960: ffffff;
  14961: ffffff;
  14962: ffffff;
  14963: ffffff;
  14964: ffffff;
  14965: ffffff;
  14966: ffffff;
  14967: ffffff;
  14968: ffffff;
  14969: ffffff;
  14970: ffffff;
  14971: ffffff;
  14972: ffffff;
  14973: ffffff;
  14974: ffffff;
  14975: ffffff;
  14976: ffffff;
  14977: ffffff;
  14978: ffffff;
  14979: ffffff;
  14980: ffffff;
  14981: ffffff;
  14982: ffffff;
  14983: ffffff;
  14984: ffffff;
  14985: ffffff;
  14986: fefefe;
  14987: fbfbfb;
  14988: ffffff;
  14989: ffffff;
  14990: ffffff;
  14991: ffffff;
  14992: ffffff;
  14993: ffffff;
  14994: ffffff;
  14995: ffffff;
  14996: ffffff;
  14997: ffffff;
  14998: ffffff;
  14999: ffffff;
  15000: ffffff;
  15001: ffffff;
  15002: ffffff;
  15003: ffffff;
  15004: ffffff;
  15005: ffffff;
  15006: ffffff;
  15007: ffffff;
  15008: ffffff;
  15009: ffffff;
  15010: ffffff;
  15011: ffffff;
  15012: ffffff;
  15013: ffffff;
  15014: ffffff;
  15015: ffffff;
  15016: ffffff;
  15017: ffffff;
  15018: ffffff;
  15019: ffffff;
  15020: ffffff;
  15021: ffffff;
  15022: ffffff;
  15023: ffffff;
  15024: ffffff;
  15025: fefefe;
  15026: ffffff;
  15027: ffffff;
  15028: fefefe;
  15029: ffffff;
  15030: fcfcfc;
  15031: ffffff;
  15032: ffffff;
  15033: ffffff;
  15034: fefefe;
  15035: ffffff;
  15036: ffffff;
  15037: fdfdfd;
  15038: ffffff;
  15039: ffffff;
  15040: ffffff;
  15041: ffffff;
  15042: ffffff;
  15043: ffffff;
  15044: ffffff;
  15045: ffffff;
  15046: ffffff;
  15047: ffffff;
  15048: ffffff;
  15049: ffffff;
  15050: ffffff;
  15051: ffffff;
  15052: ffffff;
  15053: ffffff;
  15054: ffffff;
  15055: ffffff;
  15056: ffffff;
  15057: ffffff;
  15058: ffffff;
  15059: ffffff;
  15060: ffffff;
  15061: ffffff;
  15062: ffffff;
  15063: ffffff;
  15064: ffffff;
  15065: ffffff;
  15066: ffffff;
  15067: ffffff;
  15068: ffffff;
  15069: ffffff;
  15070: ffffff;
  15071: ffffff;
  15072: ffffff;
  15073: fefefe;
  15074: ffffff;
  15075: ffffff;
  15076: ffffff;
  15077: ffffff;
  15078: ffffff;
  15079: ffffff;
  15080: fefefe;
  15081: fcfcfc;
  15082: fcfcfc;
  15083: fcfcfc;
  15084: ffffff;
  15085: ffffff;
  15086: fdfdfd;
  15087: ffffff;
  15088: ffffff;
  15089: ffffff;
  15090: ffffff;
  15091: ffffff;
  15092: ffffff;
  15093: ffffff;
  15094: ffffff;
  15095: ffffff;
  15096: ffffff;
  15097: ffffff;
  15098: ffffff;
  15099: ffffff;
  15100: ffffff;
  15101: ffffff;
  15102: ffffff;
  15103: ffffff;
  15104: ffffff;
  15105: ffffff;
  15106: ffffff;
  15107: ffffff;
  15108: ffffff;
  15109: ffffff;
  15110: ffffff;
  15111: ffffff;
  15112: fbfbfb;
  15113: ffffff;
  15114: fcfcfc;
  15115: f8f8f8;
  15116: f9f9f9;
  15117: f5f5f5;
  15118: fbfbfb;
  15119: ffffff;
  15120: ffffff;
  15121: ffffff;
  15122: ffffff;
  15123: ffffff;
  15124: ffffff;
  15125: ffffff;
  15126: ffffff;
  15127: ffffff;
  15128: ffffff;
  15129: ffffff;
  15130: ffffff;
  15131: ffffff;
  15132: ffffff;
  15133: ffffff;
  15134: ffffff;
  15135: ffffff;
  15136: ffffff;
  15137: ffffff;
  15138: ffffff;
  15139: ffffff;
  15140: ffffff;
  15141: ffffff;
  15142: ffffff;
  15143: ffffff;
  15144: ffffff;
  15145: ffffff;
  15146: ffffff;
  15147: ffffff;
  15148: ffffff;
  15149: ffffff;
  15150: ffffff;
  15151: ffffff;
  15152: ffffff;
  15153: ffffff;
  15154: fdfdfd;
  15155: fbfbfb;
  15156: ffffff;
  15157: f4f4f4;
  15158: d0d0d0;
  15159: c6c6c6;
  15160: f2f2f2;
  15161: ffffff;
  15162: fcfcfc;
  15163: fdfdfd;
  15164: ffffff;
  15165: fefefe;
  15166: ffffff;
  15167: fefefe;
  15168: ffffff;
  15169: ffffff;
  15170: ffffff;
  15171: ffffff;
  15172: ffffff;
  15173: ffffff;
  15174: ffffff;
  15175: ffffff;
  15176: ffffff;
  15177: ffffff;
  15178: ffffff;
  15179: ffffff;
  15180: ffffff;
  15181: ffffff;
  15182: ffffff;
  15183: ffffff;
  15184: ffffff;
  15185: ffffff;
  15186: ffffff;
  15187: ffffff;
  15188: ffffff;
  15189: ffffff;
  15190: ffffff;
  15191: ffffff;
  15192: ffffff;
  15193: ffffff;
  15194: ffffff;
  15195: ffffff;
  15196: ffffff;
  15197: ffffff;
  15198: ffffff;
  15199: ffffff;
  15200: ffffff;
  15201: ffffff;
  15202: ffffff;
  15203: fcfcfc;
  15204: fdfdfd;
  15205: ffffff;
  15206: f8f8f8;
  15207: f3f3f3;
  15208: fbfbfb;
  15209: f6f6f6;
  15210: ffffff;
  15211: ffffff;
  15212: fefefe;
  15213: fefefe;
  15214: fefefe;
  15215: ffffff;
  15216: ffffff;
  15217: ffffff;
  15218: ffffff;
  15219: ffffff;
  15220: ffffff;
  15221: ffffff;
  15222: ffffff;
  15223: ffffff;
  15224: ffffff;
  15225: ffffff;
  15226: ffffff;
  15227: ffffff;
  15228: ffffff;
  15229: ffffff;
  15230: ffffff;
  15231: ffffff;
  15232: ffffff;
  15233: ffffff;
  15234: ffffff;
  15235: ffffff;
  15236: ffffff;
  15237: ffffff;
  15238: ffffff;
  15239: ffffff;
  15240: ffffff;
  15241: fdfdfd;
  15242: cacaca;
  15243: ababab;
  15244: a4a4a4;
  15245: aeaeae;
  15246: e1e1e1;
  15247: ffffff;
  15248: ffffff;
  15249: ffffff;
  15250: ffffff;
  15251: ffffff;
  15252: ffffff;
  15253: ffffff;
  15254: ffffff;
  15255: ffffff;
  15256: ffffff;
  15257: ffffff;
  15258: ffffff;
  15259: ffffff;
  15260: ffffff;
  15261: ffffff;
  15262: ffffff;
  15263: ffffff;
  15264: ffffff;
  15265: ffffff;
  15266: ffffff;
  15267: ffffff;
  15268: ffffff;
  15269: ffffff;
  15270: ffffff;
  15271: ffffff;
  15272: ffffff;
  15273: ffffff;
  15274: ffffff;
  15275: ffffff;
  15276: ffffff;
  15277: ffffff;
  15278: ffffff;
  15279: ffffff;
  15280: fefefe;
  15281: ffffff;
  15282: ffffff;
  15283: ffffff;
  15284: f6f6f6;
  15285: b5b5b5;
  15286: 6e6e6e;
  15287: 696969;
  15288: a3a3a3;
  15289: ececec;
  15290: ffffff;
  15291: fefefe;
  15292: fdfdfd;
  15293: fcfcfc;
  15294: ffffff;
  15295: fdfdfd;
  15296: ffffff;
  15297: ffffff;
  15298: ffffff;
  15299: ffffff;
  15300: ffffff;
  15301: ffffff;
  15302: ffffff;
  15303: ffffff;
  15304: ffffff;
  15305: ffffff;
  15306: ffffff;
  15307: ffffff;
  15308: ffffff;
  15309: ffffff;
  15310: ffffff;
  15311: ffffff;
  15312: ffffff;
  15313: ffffff;
  15314: ffffff;
  15315: ffffff;
  15316: ffffff;
  15317: ffffff;
  15318: ffffff;
  15319: ffffff;
  15320: ffffff;
  15321: ffffff;
  15322: ffffff;
  15323: ffffff;
  15324: ffffff;
  15325: ffffff;
  15326: ffffff;
  15327: ffffff;
  15328: ffffff;
  15329: fdfdfd;
  15330: ffffff;
  15331: ffffff;
  15332: ffffff;
  15333: f7f7f7;
  15334: cbcbcb;
  15335: a5a5a5;
  15336: a3a3a3;
  15337: b0b0b0;
  15338: e0e0e0;
  15339: ffffff;
  15340: fefefe;
  15341: ffffff;
  15342: ffffff;
  15343: fdfdfd;
  15344: ffffff;
  15345: ffffff;
  15346: ffffff;
  15347: ffffff;
  15348: ffffff;
  15349: ffffff;
  15350: ffffff;
  15351: ffffff;
  15352: ffffff;
  15353: ffffff;
  15354: ffffff;
  15355: ffffff;
  15356: ffffff;
  15357: ffffff;
  15358: ffffff;
  15359: ffffff;
  15360: ffffff;
  15361: ffffff;
  15362: ffffff;
  15363: ffffff;
  15364: ffffff;
  15365: ffffff;
  15366: ffffff;
  15367: ffffff;
  15368: ffffff;
  15369: f9f9f9;
  15370: 7d7d7d;
  15371: 2b2b2b;
  15372: 292929;
  15373: 313131;
  15374: afafaf;
  15375: ffffff;
  15376: ffffff;
  15377: ffffff;
  15378: ffffff;
  15379: ffffff;
  15380: ffffff;
  15381: ffffff;
  15382: ffffff;
  15383: ffffff;
  15384: ffffff;
  15385: ffffff;
  15386: fefefe;
  15387: fefefe;
  15388: ffffff;
  15389: ffffff;
  15390: ffffff;
  15391: ffffff;
  15392: ffffff;
  15393: ffffff;
  15394: fefefe;
  15395: fefefe;
  15396: ffffff;
  15397: fefefe;
  15398: ffffff;
  15399: ffffff;
  15400: fefefe;
  15401: ffffff;
  15402: ffffff;
  15403: ffffff;
  15404: fefefe;
  15405: fefefe;
  15406: ffffff;
  15407: ffffff;
  15408: ffffff;
  15409: fcfcfc;
  15410: ffffff;
  15411: ffffff;
  15412: cccccc;
  15413: 404040;
  15414: 191919;
  15415: 151515;
  15416: 2e2e2e;
  15417: b2b2b2;
  15418: fdfdfd;
  15419: fefefe;
  15420: ffffff;
  15421: ffffff;
  15422: fcfcfc;
  15423: ffffff;
  15424: fdfdfd;
  15425: ffffff;
  15426: fcfcfc;
  15427: ffffff;
  15428: ffffff;
  15429: ffffff;
  15430: ffffff;
  15431: fefefe;
  15432: ffffff;
  15433: fefefe;
  15434: fefefe;
  15435: ffffff;
  15436: ffffff;
  15437: fefefe;
  15438: fefefe;
  15439: ffffff;
  15440: ffffff;
  15441: ffffff;
  15442: ffffff;
  15443: ffffff;
  15444: ffffff;
  15445: ffffff;
  15446: ffffff;
  15447: ffffff;
  15448: ffffff;
  15449: ffffff;
  15450: fefefe;
  15451: fefefe;
  15452: fefefe;
  15453: fefefe;
  15454: ffffff;
  15455: ffffff;
  15456: ffffff;
  15457: ffffff;
  15458: ffffff;
  15459: fefefe;
  15460: fefefe;
  15461: fbfbfb;
  15462: 666666;
  15463: 2d2d2d;
  15464: 2b2b2b;
  15465: 313131;
  15466: bbbbbb;
  15467: ffffff;
  15468: fefefe;
  15469: fefefe;
  15470: ffffff;
  15471: ffffff;
  15472: fefefe;
  15473: ffffff;
  15474: ffffff;
  15475: ffffff;
  15476: fefefe;
  15477: ffffff;
  15478: ffffff;
  15479: ffffff;
  15480: ffffff;
  15481: ffffff;
  15482: ffffff;
  15483: ffffff;
  15484: ffffff;
  15485: ffffff;
  15486: ffffff;
  15487: ffffff;
  15488: ffffff;
  15489: ffffff;
  15490: ffffff;
  15491: ffffff;
  15492: ffffff;
  15493: ffffff;
  15494: ffffff;
  15495: ffffff;
  15496: ffffff;
  15497: f3f3f3;
  15498: 545454;
  15499: 0;
  15500: 0;
  15501: 30303;
  15502: 9d9d9d;
  15503: fbfbfb;
  15504: ffffff;
  15505: fefefe;
  15506: ffffff;
  15507: ffffff;
  15508: fefefe;
  15509: fefefe;
  15510: ffffff;
  15511: fdfdfd;
  15512: fefefe;
  15513: ffffff;
  15514: ffffff;
  15515: ffffff;
  15516: ffffff;
  15517: fefefe;
  15518: ffffff;
  15519: ffffff;
  15520: fefefe;
  15521: ffffff;
  15522: ffffff;
  15523: ffffff;
  15524: fefefe;
  15525: fefefe;
  15526: fefefe;
  15527: fefefe;
  15528: fefefe;
  15529: fefefe;
  15530: fefefe;
  15531: fefefe;
  15532: ffffff;
  15533: ffffff;
  15534: ffffff;
  15535: fefefe;
  15536: ffffff;
  15537: fdfdfd;
  15538: fdfdfd;
  15539: fafafa;
  15540: 9b9b9b;
  15541: 10101;
  15542: 0;
  15543: 0;
  15544: 30303;
  15545: 616161;
  15546: f8f8f8;
  15547: ffffff;
  15548: f2f2f2;
  15549: bcbcbc;
  15550: b3b3b3;
  15551: b4b4b4;
  15552: c9c9c9;
  15553: fbfbfb;
  15554: ffffff;
  15555: ffffff;
  15556: ffffff;
  15557: ffffff;
  15558: ffffff;
  15559: ffffff;
  15560: ffffff;
  15561: ffffff;
  15562: ffffff;
  15563: ffffff;
  15564: ffffff;
  15565: ffffff;
  15566: ffffff;
  15567: ffffff;
  15568: ffffff;
  15569: ffffff;
  15570: ffffff;
  15571: ffffff;
  15572: ffffff;
  15573: ffffff;
  15574: ffffff;
  15575: ffffff;
  15576: fefefe;
  15577: ffffff;
  15578: ffffff;
  15579: ffffff;
  15580: ffffff;
  15581: ffffff;
  15582: ffffff;
  15583: ffffff;
  15584: ffffff;
  15585: fdfdfd;
  15586: fefefe;
  15587: ffffff;
  15588: ffffff;
  15589: f1f1f1;
  15590: 464646;
  15591: 0;
  15592: 0;
  15593: 30303;
  15594: 9e9e9e;
  15595: fdfdfd;
  15596: ffffff;
  15597: ffffff;
  15598: ffffff;
  15599: ffffff;
  15600: ffffff;
  15601: ffffff;
  15602: ffffff;
  15603: fefefe;
  15604: fefefe;
  15605: ffffff;
  15606: ffffff;
  15607: fefefe;
  15608: ffffff;
  15609: ffffff;
  15610: ffffff;
  15611: ffffff;
  15612: ffffff;
  15613: ffffff;
  15614: ffffff;
  15615: ffffff;
  15616: ffffff;
  15617: ffffff;
  15618: ffffff;
  15619: ffffff;
  15620: ffffff;
  15621: ffffff;
  15622: ffffff;
  15623: ffffff;
  15624: ffffff;
  15625: f9f9f9;
  15626: 545454;
  15627: 10101;
  15628: 20202;
  15629: 0;
  15630: 9d9d9d;
  15631: ffffff;
  15632: ffffff;
  15633: fefefe;
  15634: ffffff;
  15635: ffffff;
  15636: fefefe;
  15637: ffffff;
  15638: ffffff;
  15639: ffffff;
  15640: ffffff;
  15641: ffffff;
  15642: ffffff;
  15643: ffffff;
  15644: ffffff;
  15645: ffffff;
  15646: ffffff;
  15647: fdfdfd;
  15648: fdfdfd;
  15649: ffffff;
  15650: ffffff;
  15651: fefefe;
  15652: fefefe;
  15653: ffffff;
  15654: ffffff;
  15655: ffffff;
  15656: ffffff;
  15657: ffffff;
  15658: ffffff;
  15659: ffffff;
  15660: ffffff;
  15661: ffffff;
  15662: ffffff;
  15663: ffffff;
  15664: ffffff;
  15665: ffffff;
  15666: ffffff;
  15667: f9f9f9;
  15668: 7d7d7d;
  15669: 0;
  15670: 20202;
  15671: 20202;
  15672: 20202;
  15673: 3f3f3f;
  15674: f7f7f7;
  15675: ffffff;
  15676: dadada;
  15677: 545454;
  15678: 414141;
  15679: 424242;
  15680: 6b6b6b;
  15681: f2f2f2;
  15682: ffffff;
  15683: fbfbfb;
  15684: ffffff;
  15685: ffffff;
  15686: fcfcfc;
  15687: ffffff;
  15688: fefefe;
  15689: fcfcfc;
  15690: fdfdfd;
  15691: ffffff;
  15692: ffffff;
  15693: fdfdfd;
  15694: fdfdfd;
  15695: ffffff;
  15696: ffffff;
  15697: ffffff;
  15698: ffffff;
  15699: ffffff;
  15700: ffffff;
  15701: ffffff;
  15702: ffffff;
  15703: ffffff;
  15704: ffffff;
  15705: ffffff;
  15706: ffffff;
  15707: fefefe;
  15708: fefefe;
  15709: fefefe;
  15710: ffffff;
  15711: ffffff;
  15712: ffffff;
  15713: fefefe;
  15714: ffffff;
  15715: ffffff;
  15716: fefefe;
  15717: f0f0f0;
  15718: 4a4a4a;
  15719: 20202;
  15720: 0;
  15721: 70707;
  15722: a5a5a5;
  15723: fefefe;
  15724: fefefe;
  15725: fdfdfd;
  15726: ffffff;
  15727: ffffff;
  15728: fefefe;
  15729: fefefe;
  15730: ffffff;
  15731: ffffff;
  15732: ffffff;
  15733: ffffff;
  15734: ffffff;
  15735: ffffff;
  15736: ffffff;
  15737: ffffff;
  15738: ffffff;
  15739: ffffff;
  15740: ffffff;
  15741: ffffff;
  15742: ffffff;
  15743: ffffff;
  15744: ffffff;
  15745: ffffff;
  15746: ffffff;
  15747: ffffff;
  15748: ffffff;
  15749: ffffff;
  15750: ffffff;
  15751: ffffff;
  15752: fdfdfd;
  15753: f5f5f5;
  15754: 5f5f5f;
  15755: 30303;
  15756: 10101;
  15757: a0a0a;
  15758: 9d9d9d;
  15759: fefefe;
  15760: ffffff;
  15761: ffffff;
  15762: ffffff;
  15763: ffffff;
  15764: fdfdfd;
  15765: fefefe;
  15766: ffffff;
  15767: fdfdfd;
  15768: fcfcfc;
  15769: ffffff;
  15770: ffffff;
  15771: ffffff;
  15772: ffffff;
  15773: fefefe;
  15774: ffffff;
  15775: ffffff;
  15776: ffffff;
  15777: fefefe;
  15778: fefefe;
  15779: fefefe;
  15780: ffffff;
  15781: ffffff;
  15782: ffffff;
  15783: fefefe;
  15784: ffffff;
  15785: fefefe;
  15786: fefefe;
  15787: fefefe;
  15788: fefefe;
  15789: fefefe;
  15790: fefefe;
  15791: ffffff;
  15792: ffffff;
  15793: ffffff;
  15794: ffffff;
  15795: f9f9f9;
  15796: 8a8a8a;
  15797: 40404;
  15798: 0;
  15799: 0;
  15800: 0;
  15801: 626262;
  15802: f7f7f7;
  15803: fdfdfd;
  15804: cbcbcb;
  15805: 1a1a1a;
  15806: 90909;
  15807: 60606;
  15808: 313131;
  15809: ededed;
  15810: ffffff;
  15811: ffffff;
  15812: ffffff;
  15813: ffffff;
  15814: ffffff;
  15815: ffffff;
  15816: fefefe;
  15817: ffffff;
  15818: ffffff;
  15819: fefefe;
  15820: fefefe;
  15821: ffffff;
  15822: ffffff;
  15823: fefefe;
  15824: ffffff;
  15825: ffffff;
  15826: ffffff;
  15827: ffffff;
  15828: ffffff;
  15829: ffffff;
  15830: ffffff;
  15831: ffffff;
  15832: fefefe;
  15833: ffffff;
  15834: ffffff;
  15835: ffffff;
  15836: ffffff;
  15837: ffffff;
  15838: ffffff;
  15839: fefefe;
  15840: fefefe;
  15841: fcfcfc;
  15842: fefefe;
  15843: ffffff;
  15844: ffffff;
  15845: f5f5f5;
  15846: 4a4a4a;
  15847: 0;
  15848: 20202;
  15849: 80808;
  15850: a6a6a6;
  15851: fdfdfd;
  15852: fefefe;
  15853: ffffff;
  15854: ffffff;
  15855: fcfcfc;
  15856: ffffff;
  15857: fefefe;
  15858: fefefe;
  15859: fefefe;
  15860: fdfdfd;
  15861: fdfdfd;
  15862: ffffff;
  15863: ffffff;
  15864: ffffff;
  15865: ffffff;
  15866: ffffff;
  15867: ffffff;
  15868: ffffff;
  15869: ffffff;
  15870: ffffff;
  15871: ffffff;
  15872: ffffff;
  15873: ffffff;
  15874: ffffff;
  15875: ffffff;
  15876: ffffff;
  15877: ffffff;
  15878: ffffff;
  15879: ffffff;
  15880: ffffff;
  15881: f3f3f3;
  15882: 636363;
  15883: 10101;
  15884: 0;
  15885: e0e0e;
  15886: 9f9f9f;
  15887: fdfdfd;
  15888: fefefe;
  15889: fefefe;
  15890: ffffff;
  15891: ffffff;
  15892: ffffff;
  15893: ffffff;
  15894: ffffff;
  15895: ffffff;
  15896: ffffff;
  15897: ffffff;
  15898: ffffff;
  15899: ffffff;
  15900: ffffff;
  15901: ffffff;
  15902: fefefe;
  15903: fefefe;
  15904: ffffff;
  15905: ffffff;
  15906: ffffff;
  15907: ffffff;
  15908: ffffff;
  15909: fdfdfd;
  15910: fcfcfc;
  15911: fdfdfd;
  15912: fefefe;
  15913: ffffff;
  15914: ffffff;
  15915: ffffff;
  15916: ffffff;
  15917: fefefe;
  15918: fefefe;
  15919: ffffff;
  15920: fdfdfd;
  15921: fbfbfb;
  15922: fdfdfd;
  15923: ffffff;
  15924: cfcfcf;
  15925: 3f3f3f;
  15926: 191919;
  15927: 161616;
  15928: 393939;
  15929: b0b0b0;
  15930: ffffff;
  15931: ffffff;
  15932: cacaca;
  15933: 80808;
  15934: 0;
  15935: 20202;
  15936: 252525;
  15937: e8e8e8;
  15938: fdfdfd;
  15939: ffffff;
  15940: fdfdfd;
  15941: ffffff;
  15942: ffffff;
  15943: fcfcfc;
  15944: ffffff;
  15945: fefefe;
  15946: ffffff;
  15947: ffffff;
  15948: ffffff;
  15949: fefefe;
  15950: fefefe;
  15951: fefefe;
  15952: ffffff;
  15953: ffffff;
  15954: ffffff;
  15955: ffffff;
  15956: ffffff;
  15957: ffffff;
  15958: ffffff;
  15959: ffffff;
  15960: ffffff;
  15961: ffffff;
  15962: ffffff;
  15963: ffffff;
  15964: ffffff;
  15965: ffffff;
  15966: fdfdfd;
  15967: fdfdfd;
  15968: ffffff;
  15969: ffffff;
  15970: fefefe;
  15971: fdfdfd;
  15972: ffffff;
  15973: f6f6f6;
  15974: 4d4d4d;
  15975: 10101;
  15976: 10101;
  15977: 50505;
  15978: a8a8a8;
  15979: ffffff;
  15980: fefefe;
  15981: fefefe;
  15982: fefefe;
  15983: ffffff;
  15984: ffffff;
  15985: ffffff;
  15986: ffffff;
  15987: ffffff;
  15988: ffffff;
  15989: ffffff;
  15990: fdfdfd;
  15991: fcfcfc;
  15992: ffffff;
  15993: ffffff;
  15994: ffffff;
  15995: ffffff;
  15996: ffffff;
  15997: ffffff;
  15998: ffffff;
  15999: ffffff;
  16000: ffffff;
  16001: ffffff;
  16002: ffffff;
  16003: ffffff;
  16004: ffffff;
  16005: ffffff;
  16006: ffffff;
  16007: ffffff;
  16008: ffffff;
  16009: f2f2f2;
  16010: 5e5e5e;
  16011: 40404;
  16012: 0;
  16013: 90909;
  16014: a0a0a0;
  16015: fafafa;
  16016: ffffff;
  16017: ffffff;
  16018: ffffff;
  16019: fefefe;
  16020: fdfdfd;
  16021: ffffff;
  16022: ffffff;
  16023: fcfcfc;
  16024: fcfcfc;
  16025: fdfdfd;
  16026: fefefe;
  16027: ffffff;
  16028: ffffff;
  16029: ffffff;
  16030: ffffff;
  16031: ffffff;
  16032: ffffff;
  16033: ffffff;
  16034: ffffff;
  16035: ffffff;
  16036: fefefe;
  16037: fefefe;
  16038: ffffff;
  16039: ffffff;
  16040: ffffff;
  16041: fefefe;
  16042: fcfcfc;
  16043: fefefe;
  16044: ffffff;
  16045: ffffff;
  16046: fefefe;
  16047: fefefe;
  16048: ffffff;
  16049: ffffff;
  16050: ffffff;
  16051: fdfdfd;
  16052: f5f5f5;
  16053: b0b0b0;
  16054: 696969;
  16055: 666666;
  16056: a5a5a5;
  16057: ededed;
  16058: ffffff;
  16059: fcfcfc;
  16060: cfcfcf;
  16061: 121212;
  16062: 20202;
  16063: 0;
  16064: 2d2d2d;
  16065: f8f8f8;
  16066: ffffff;
  16067: fdfdfd;
  16068: fdfdfd;
  16069: ffffff;
  16070: fefefe;
  16071: ffffff;
  16072: ffffff;
  16073: ffffff;
  16074: ffffff;
  16075: ffffff;
  16076: ffffff;
  16077: ffffff;
  16078: ffffff;
  16079: ffffff;
  16080: fefefe;
  16081: ffffff;
  16082: ffffff;
  16083: ffffff;
  16084: ffffff;
  16085: ffffff;
  16086: ffffff;
  16087: ffffff;
  16088: fdfdfd;
  16089: fdfdfd;
  16090: ffffff;
  16091: ffffff;
  16092: ffffff;
  16093: fdfdfd;
  16094: ffffff;
  16095: ffffff;
  16096: fdfdfd;
  16097: ffffff;
  16098: ffffff;
  16099: ffffff;
  16100: ffffff;
  16101: f4f4f4;
  16102: 4b4b4b;
  16103: 0;
  16104: 10101;
  16105: a0a0a;
  16106: acacac;
  16107: ffffff;
  16108: fdfdfd;
  16109: ffffff;
  16110: ffffff;
  16111: ffffff;
  16112: fdfdfd;
  16113: fcfcfc;
  16114: fcfcfc;
  16115: fdfdfd;
  16116: ffffff;
  16117: ffffff;
  16118: ffffff;
  16119: ffffff;
  16120: ffffff;
  16121: ffffff;
  16122: ffffff;
  16123: ffffff;
  16124: ffffff;
  16125: ffffff;
  16126: ffffff;
  16127: ffffff;
  16128: ffffff;
  16129: ffffff;
  16130: ffffff;
  16131: ffffff;
  16132: ffffff;
  16133: ffffff;
  16134: ffffff;
  16135: ffffff;
  16136: ffffff;
  16137: f6f6f6;
  16138: 5c5c5c;
  16139: 40404;
  16140: 10101;
  16141: 80808;
  16142: a2a2a2;
  16143: ffffff;
  16144: fcfcfc;
  16145: fcfcfc;
  16146: ffffff;
  16147: ffffff;
  16148: ffffff;
  16149: ffffff;
  16150: f7f7f7;
  16151: ededed;
  16152: e3e3e3;
  16153: eeeeee;
  16154: fbfbfb;
  16155: ffffff;
  16156: ffffff;
  16157: fcfcfc;
  16158: fefefe;
  16159: ffffff;
  16160: ffffff;
  16161: ffffff;
  16162: fefefe;
  16163: fcfcfc;
  16164: fefefe;
  16165: ffffff;
  16166: ffffff;
  16167: fbfbfb;
  16168: ffffff;
  16169: f1f1f1;
  16170: e4e4e4;
  16171: e6e6e6;
  16172: f2f2f2;
  16173: fcfcfc;
  16174: ffffff;
  16175: ffffff;
  16176: fafafa;
  16177: fefefe;
  16178: ffffff;
  16179: fefefe;
  16180: ffffff;
  16181: ffffff;
  16182: d4d4d4;
  16183: dbdbdb;
  16184: fdfdfd;
  16185: ffffff;
  16186: fbfbfb;
  16187: ffffff;
  16188: d9d9d9;
  16189: 151515;
  16190: 0;
  16191: 40404;
  16192: 353535;
  16193: f6f6f6;
  16194: ffffff;
  16195: ffffff;
  16196: ffffff;
  16197: ffffff;
  16198: fefefe;
  16199: ffffff;
  16200: fefefe;
  16201: fefefe;
  16202: f2f2f2;
  16203: e0e0e0;
  16204: e0e0e0;
  16205: f3f3f3;
  16206: ffffff;
  16207: ffffff;
  16208: fefefe;
  16209: fefefe;
  16210: ffffff;
  16211: ffffff;
  16212: ffffff;
  16213: ffffff;
  16214: ffffff;
  16215: ffffff;
  16216: ffffff;
  16217: ffffff;
  16218: ffffff;
  16219: fefefe;
  16220: f1f1f1;
  16221: e6e6e6;
  16222: e8e8e8;
  16223: f1f1f1;
  16224: fdfdfd;
  16225: fefefe;
  16226: ffffff;
  16227: ffffff;
  16228: ffffff;
  16229: f5f5f5;
  16230: 4c4c4c;
  16231: 0;
  16232: 0;
  16233: b0b0b;
  16234: aeaeae;
  16235: ffffff;
  16236: ffffff;
  16237: fcfcfc;
  16238: eaeaea;
  16239: e1e1e1;
  16240: f5f5f5;
  16241: fdfdfd;
  16242: ffffff;
  16243: ffffff;
  16244: fdfdfd;
  16245: fefefe;
  16246: ffffff;
  16247: ffffff;
  16248: ffffff;
  16249: ffffff;
  16250: ffffff;
  16251: ffffff;
  16252: ffffff;
  16253: ffffff;
  16254: ffffff;
  16255: ffffff;
  16256: ffffff;
  16257: ffffff;
  16258: ffffff;
  16259: ffffff;
  16260: ffffff;
  16261: ffffff;
  16262: ffffff;
  16263: ffffff;
  16264: fefefe;
  16265: f8f8f8;
  16266: 5f5f5f;
  16267: 20202;
  16268: 20202;
  16269: a0a0a;
  16270: 9d9d9d;
  16271: fefefe;
  16272: ffffff;
  16273: ffffff;
  16274: ffffff;
  16275: fbfbfb;
  16276: eaeaea;
  16277: d0d0d0;
  16278: adadad;
  16279: 909090;
  16280: 888888;
  16281: 959595;
  16282: afafaf;
  16283: d0d0d0;
  16284: eeeeee;
  16285: ffffff;
  16286: ffffff;
  16287: fdfdfd;
  16288: fefefe;
  16289: ffffff;
  16290: ffffff;
  16291: fefefe;
  16292: ffffff;
  16293: ffffff;
  16294: f1f1f1;
  16295: dfdfdf;
  16296: bbbbbb;
  16297: a2a2a2;
  16298: 8c8c8c;
  16299: 8e8e8e;
  16300: a4a4a4;
  16301: bcbcbc;
  16302: c9c9c9;
  16303: cdcdcd;
  16304: d3d3d3;
  16305: d1d1d1;
  16306: d1d1d1;
  16307: f2f2f2;
  16308: fdfdfd;
  16309: e1e1e1;
  16310: dcdcdc;
  16311: d4d4d4;
  16312: dcdcdc;
  16313: fcfcfc;
  16314: f6f6f6;
  16315: d5d5d5;
  16316: a3a3a3;
  16317: e0e0e;
  16318: 10101;
  16319: 0;
  16320: 262626;
  16321: bcbcbc;
  16322: d9d9d9;
  16323: fbfbfb;
  16324: fcfcfc;
  16325: fdfdfd;
  16326: ffffff;
  16327: f7f7f7;
  16328: dddddd;
  16329: bdbdbd;
  16330: 9c9c9c;
  16331: 8e8e8e;
  16332: 8f8f8f;
  16333: 9e9e9e;
  16334: c0c0c0;
  16335: e1e1e1;
  16336: fefefe;
  16337: fefefe;
  16338: ffffff;
  16339: ffffff;
  16340: ffffff;
  16341: ffffff;
  16342: ffffff;
  16343: ffffff;
  16344: ffffff;
  16345: f4f4f4;
  16346: e0e0e0;
  16347: c4c4c4;
  16348: a3a3a3;
  16349: 8e8e8e;
  16350: 929292;
  16351: a2a2a2;
  16352: c6c6c6;
  16353: dcdcdc;
  16354: f6f6f6;
  16355: ffffff;
  16356: ffffff;
  16357: f3f3f3;
  16358: 4b4b4b;
  16359: 20202;
  16360: 0;
  16361: d0d0d;
  16362: aeaeae;
  16363: f2f2f2;
  16364: d2d2d2;
  16365: adadad;
  16366: 909090;
  16367: 919191;
  16368: 9f9f9f;
  16369: c2c2c2;
  16370: e9e9e9;
  16371: fdfdfd;
  16372: ffffff;
  16373: ffffff;
  16374: ffffff;
  16375: fefefe;
  16376: ffffff;
  16377: ffffff;
  16378: ffffff;
  16379: ffffff;
  16380: ffffff;
  16381: ffffff;
  16382: ffffff;
  16383: ffffff;
  16384: ffffff;
  16385: ffffff;
  16386: ffffff;
  16387: ffffff;
  16388: ffffff;
  16389: ffffff;
  16390: ffffff;
  16391: ffffff;
  16392: ffffff;
  16393: f5f5f5;
  16394: 606060;
  16395: 0;
  16396: 0;
  16397: 90909;
  16398: a0a0a0;
  16399: fdfdfd;
  16400: fdfdfd;
  16401: ffffff;
  16402: fdfdfd;
  16403: e3e3e3;
  16404: 8f8f8f;
  16405: 505050;
  16406: 2a2a2a;
  16407: 262626;
  16408: 232323;
  16409: 212121;
  16410: 313131;
  16411: 595959;
  16412: 9b9b9b;
  16413: e9e9e9;
  16414: fdfdfd;
  16415: fdfdfd;
  16416: ffffff;
  16417: fdfdfd;
  16418: fdfdfd;
  16419: ffffff;
  16420: fdfdfd;
  16421: ffffff;
  16422: b8b8b8;
  16423: 6d6d6d;
  16424: 3a3a3a;
  16425: 272727;
  16426: 222222;
  16427: 202020;
  16428: 2b2b2b;
  16429: 3a3a3a;
  16430: 4b4b4b;
  16431: 4e4e4e;
  16432: 525252;
  16433: 4d4d4d;
  16434: 555555;
  16435: c1c1c1;
  16436: f8f8f8;
  16437: 7f7f7f;
  16438: 575757;
  16439: 535353;
  16440: 696969;
  16441: e9e9e9;
  16442: dadada;
  16443: 606060;
  16444: 3b3b3b;
  16445: 60606;
  16446: 0;
  16447: 40404;
  16448: d0d0d;
  16449: 424242;
  16450: 646464;
  16451: e9e9e9;
  16452: fefefe;
  16453: ffffff;
  16454: fcfcfc;
  16455: c4c4c4;
  16456: 717171;
  16457: 3d3d3d;
  16458: 252525;
  16459: 202020;
  16460: 1f1f1f;
  16461: 292929;
  16462: 3e3e3e;
  16463: 7c7c7c;
  16464: cecece;
  16465: ffffff;
  16466: ffffff;
  16467: ffffff;
  16468: fdfdfd;
  16469: ffffff;
  16470: fefefe;
  16471: ffffff;
  16472: ffffff;
  16473: c7c7c7;
  16474: 717171;
  16475: 414141;
  16476: 292929;
  16477: 202020;
  16478: 212121;
  16479: 272727;
  16480: 444444;
  16481: 727272;
  16482: c6c6c6;
  16483: ffffff;
  16484: ffffff;
  16485: f2f2f2;
  16486: 494949;
  16487: 30303;
  16488: 20202;
  16489: 90909;
  16490: 979797;
  16491: ababab;
  16492: 565656;
  16493: 2b2b2b;
  16494: 232323;
  16495: 222222;
  16496: 292929;
  16497: 424242;
  16498: 8c8c8c;
  16499: ededed;
  16500: fcfcfc;
  16501: ffffff;
  16502: ffffff;
  16503: fefefe;
  16504: ffffff;
  16505: ffffff;
  16506: ffffff;
  16507: ffffff;
  16508: ffffff;
  16509: ffffff;
  16510: ffffff;
  16511: ffffff;
  16512: ffffff;
  16513: ffffff;
  16514: ffffff;
  16515: ffffff;
  16516: ffffff;
  16517: ffffff;
  16518: ffffff;
  16519: ffffff;
  16520: ffffff;
  16521: f5f5f5;
  16522: 5f5f5f;
  16523: 0;
  16524: 10101;
  16525: 90909;
  16526: 9f9f9f;
  16527: fdfdfd;
  16528: fdfdfd;
  16529: ffffff;
  16530: d5d5d5;
  16531: 757575;
  16532: 343434;
  16533: 30303;
  16534: 10101;
  16535: 0;
  16536: 0;
  16537: 50505;
  16538: 0;
  16539: 70707;
  16540: 3d3d3d;
  16541: 848484;
  16542: dbdbdb;
  16543: ffffff;
  16544: ffffff;
  16545: ffffff;
  16546: ffffff;
  16547: fdfdfd;
  16548: f6f6f6;
  16549: aaaaaa;
  16550: 555555;
  16551: 1b1b1b;
  16552: 20202;
  16553: 0;
  16554: 0;
  16555: 10101;
  16556: 10101;
  16557: 0;
  16558: 0;
  16559: 10101;
  16560: 80808;
  16561: 0;
  16562: 80808;
  16563: 9b9b9b;
  16564: ebebeb;
  16565: 383838;
  16566: 10101;
  16567: 30303;
  16568: 191919;
  16569: e1e1e1;
  16570: c3c3c3;
  16571: e0e0e;
  16572: 0;
  16573: 0;
  16574: 40404;
  16575: 0;
  16576: 0;
  16577: 30303;
  16578: 181818;
  16579: d2d2d2;
  16580: ffffff;
  16581: ffffff;
  16582: b2b2b2;
  16583: 595959;
  16584: 1a1a1a;
  16585: 30303;
  16586: 0;
  16587: 0;
  16588: 30303;
  16589: 0;
  16590: 0;
  16591: 212121;
  16592: 656565;
  16593: c5c5c5;
  16594: fdfdfd;
  16595: fbfbfb;
  16596: ffffff;
  16597: ffffff;
  16598: ffffff;
  16599: fafafa;
  16600: b2b2b2;
  16601: 5c5c5c;
  16602: 202020;
  16603: 40404;
  16604: 10101;
  16605: 10101;
  16606: 0;
  16607: 30303;
  16608: 0;
  16609: 1f1f1f;
  16610: 585858;
  16611: ababab;
  16612: ececec;
  16613: f9f9f9;
  16614: 4e4e4e;
  16615: 0;
  16616: 0;
  16617: 70707;
  16618: 474747;
  16619: 414141;
  16620: f0f0f;
  16621: 0;
  16622: 10101;
  16623: 0;
  16624: 30303;
  16625: 40404;
  16626: 313131;
  16627: 8d8d8d;
  16628: f4f4f4;
  16629: ffffff;
  16630: fcfcfc;
  16631: ffffff;
  16632: ffffff;
  16633: ffffff;
  16634: ffffff;
  16635: ffffff;
  16636: ffffff;
  16637: ffffff;
  16638: ffffff;
  16639: ffffff;
  16640: ffffff;
  16641: ffffff;
  16642: ffffff;
  16643: ffffff;
  16644: ffffff;
  16645: ffffff;
  16646: ffffff;
  16647: ffffff;
  16648: ffffff;
  16649: f6f6f6;
  16650: 5e5e5e;
  16651: 0;
  16652: 30303;
  16653: 90909;
  16654: 9f9f9f;
  16655: fefefe;
  16656: ffffff;
  16657: e9e9e9;
  16658: 757575;
  16659: 101010;
  16660: 20202;
  16661: 0;
  16662: 0;
  16663: 0;
  16664: 0;
  16665: 0;
  16666: 50505;
  16667: 0;
  16668: 0;
  16669: 181818;
  16670: 838383;
  16671: f4f4f4;
  16672: ffffff;
  16673: fcfcfc;
  16674: ffffff;
  16675: fdfdfd;
  16676: bbbbbb;
  16677: 404040;
  16678: a0a0a;
  16679: 0;
  16680: 20202;
  16681: 0;
  16682: 0;
  16683: 30303;
  16684: 0;
  16685: 0;
  16686: 10101;
  16687: 0;
  16688: 0;
  16689: 0;
  16690: 70707;
  16691: 989898;
  16692: f1f1f1;
  16693: 2f2f2f;
  16694: 0;
  16695: 0;
  16696: b0b0b;
  16697: dbdbdb;
  16698: c0c0c0;
  16699: 80808;
  16700: 10101;
  16701: 10101;
  16702: 0;
  16703: 40404;
  16704: 10101;
  16705: 0;
  16706: 90909;
  16707: d4d4d4;
  16708: fefefe;
  16709: cfcfcf;
  16710: 494949;
  16711: 50505;
  16712: 30303;
  16713: 0;
  16714: 40404;
  16715: 80808;
  16716: 70707;
  16717: 0;
  16718: 0;
  16719: 30303;
  16720: a0a0a;
  16721: 616161;
  16722: e9e9e9;
  16723: ffffff;
  16724: fdfdfd;
  16725: fdfdfd;
  16726: ffffff;
  16727: cacaca;
  16728: 464646;
  16729: 40404;
  16730: 0;
  16731: 0;
  16732: 0;
  16733: 20202;
  16734: 0;
  16735: 0;
  16736: 30303;
  16737: 0;
  16738: 30303;
  16739: 383838;
  16740: b8b8b8;
  16741: f1f1f1;
  16742: 4b4b4b;
  16743: 0;
  16744: 0;
  16745: 40404;
  16746: 40404;
  16747: 0;
  16748: 0;
  16749: 20202;
  16750: 0;
  16751: 10101;
  16752: 0;
  16753: 0;
  16754: 0;
  16755: 272727;
  16756: b8b8b8;
  16757: fefefe;
  16758: ffffff;
  16759: ffffff;
  16760: ffffff;
  16761: ffffff;
  16762: ffffff;
  16763: ffffff;
  16764: ffffff;
  16765: ffffff;
  16766: ffffff;
  16767: ffffff;
  16768: ffffff;
  16769: ffffff;
  16770: ffffff;
  16771: ffffff;
  16772: ffffff;
  16773: ffffff;
  16774: ffffff;
  16775: ffffff;
  16776: ffffff;
  16777: f7f7f7;
  16778: 5d5d5d;
  16779: 0;
  16780: 30303;
  16781: 90909;
  16782: a0a0a0;
  16783: ffffff;
  16784: fafafa;
  16785: a1a1a1;
  16786: 262626;
  16787: 0;
  16788: 0;
  16789: 20202;
  16790: 0;
  16791: 121212;
  16792: 202020;
  16793: 60606;
  16794: 0;
  16795: 30303;
  16796: 10101;
  16797: 10101;
  16798: 2c2c2c;
  16799: acacac;
  16800: ffffff;
  16801: ffffff;
  16802: fdfdfd;
  16803: e7e7e7;
  16804: 535353;
  16805: 30303;
  16806: 0;
  16807: 20202;
  16808: 0;
  16809: 60606;
  16810: 1c1c1c;
  16811: 161616;
  16812: 40404;
  16813: 0;
  16814: 20202;
  16815: 20202;
  16816: 0;
  16817: 20202;
  16818: 1b1b1b;
  16819: aeaeae;
  16820: ededed;
  16821: 2c2c2c;
  16822: 20202;
  16823: 10101;
  16824: f0f0f;
  16825: d3d3d3;
  16826: c8c8c8;
  16827: 1a1a1a;
  16828: 60606;
  16829: 0;
  16830: 0;
  16831: 0;
  16832: 0;
  16833: 70707;
  16834: 242424;
  16835: dedede;
  16836: f7f7f7;
  16837: 6c6c6c;
  16838: e0e0e;
  16839: 20202;
  16840: 0;
  16841: 20202;
  16842: 2e2e2e;
  16843: 4f4f4f;
  16844: 484848;
  16845: 212121;
  16846: 20202;
  16847: 0;
  16848: 0;
  16849: 141414;
  16850: 979797;
  16851: fcfcfc;
  16852: ffffff;
  16853: ffffff;
  16854: e8e8e8;
  16855: 646464;
  16856: c0c0c;
  16857: 0;
  16858: 30303;
  16859: 20202;
  16860: 70707;
  16861: 171717;
  16862: 161616;
  16863: 10101;
  16864: 0;
  16865: 0;
  16866: 0;
  16867: 30303;
  16868: 959595;
  16869: f2f2f2;
  16870: 515151;
  16871: 0;
  16872: 40404;
  16873: 0;
  16874: 0;
  16875: 30303;
  16876: 0;
  16877: 141414;
  16878: 161616;
  16879: 40404;
  16880: 0;
  16881: 70707;
  16882: 0;
  16883: 0;
  16884: 5f5f5f;
  16885: f6f6f6;
  16886: ffffff;
  16887: fdfdfd;
  16888: ffffff;
  16889: ffffff;
  16890: ffffff;
  16891: ffffff;
  16892: ffffff;
  16893: ffffff;
  16894: ffffff;
  16895: ffffff;
  16896: ffffff;
  16897: ffffff;
  16898: ffffff;
  16899: ffffff;
  16900: ffffff;
  16901: ffffff;
  16902: ffffff;
  16903: ffffff;
  16904: fefefe;
  16905: f7f7f7;
  16906: 5d5d5d;
  16907: 0;
  16908: 20202;
  16909: 80808;
  16910: a2a2a2;
  16911: ffffff;
  16912: e5e5e5;
  16913: 444444;
  16914: 0;
  16915: 0;
  16916: 30303;
  16917: 131313;
  16918: 424242;
  16919: 6a6a6a;
  16920: 787878;
  16921: 6e6e6e;
  16922: 393939;
  16923: e0e0e;
  16924: 0;
  16925: 0;
  16926: 10101;
  16927: 545454;
  16928: eaeaea;
  16929: ffffff;
  16930: fdfdfd;
  16931: 9d9d9d;
  16932: 90909;
  16933: 0;
  16934: 20202;
  16935: 10101;
  16936: 2b2b2b;
  16937: 5e5e5e;
  16938: 828282;
  16939: 797979;
  16940: 5a5a5a;
  16941: 2a2a2a;
  16942: 0;
  16943: 0;
  16944: 10101;
  16945: 0;
  16946: 3b3b3b;
  16947: dfdfdf;
  16948: f2f2f2;
  16949: 333333;
  16950: 0;
  16951: 10101;
  16952: 101010;
  16953: d1d1d1;
  16954: e7e7e7;
  16955: 767676;
  16956: 4c4c4c;
  16957: 60606;
  16958: 50505;
  16959: 0;
  16960: 121212;
  16961: 595959;
  16962: 838383;
  16963: eeeeee;
  16964: c4c4c4;
  16965: 151515;
  16966: 0;
  16967: 0;
  16968: e0e0e;
  16969: 505050;
  16970: 8f8f8f;
  16971: adadad;
  16972: acacac;
  16973: 868686;
  16974: 393939;
  16975: 50505;
  16976: 20202;
  16977: 20202;
  16978: 363636;
  16979: dddddd;
  16980: ffffff;
  16981: fdfdfd;
  16982: a7a7a7;
  16983: 131313;
  16984: 0;
  16985: 20202;
  16986: 0;
  16987: 2c2c2c;
  16988: 585858;
  16989: 7a7a7a;
  16990: 7a7a7a;
  16991: 515151;
  16992: 2b2b2b;
  16993: 0;
  16994: 10101;
  16995: 2e2e2e;
  16996: aaaaaa;
  16997: f0f0f0;
  16998: 4d4d4d;
  16999: 0;
  17000: 0;
  17001: 30303;
  17002: 10101;
  17003: 1b1b1b;
  17004: 4d4d4d;
  17005: 767676;
  17006: 747474;
  17007: 575757;
  17008: 212121;
  17009: 0;
  17010: 10101;
  17011: 10101;
  17012: 1c1c1c;
  17013: d4d4d4;
  17014: fefefe;
  17015: ffffff;
  17016: ffffff;
  17017: ffffff;
  17018: ffffff;
  17019: ffffff;
  17020: ffffff;
  17021: ffffff;
  17022: ffffff;
  17023: ffffff;
  17024: ffffff;
  17025: ffffff;
  17026: ffffff;
  17027: ffffff;
  17028: ffffff;
  17029: ffffff;
  17030: ffffff;
  17031: ffffff;
  17032: fefefe;
  17033: f7f7f7;
  17034: 5d5d5d;
  17035: 10101;
  17036: 0;
  17037: 80808;
  17038: a4a4a4;
  17039: fbfbfb;
  17040: a9a9a9;
  17041: e0e0e;
  17042: 20202;
  17043: 0;
  17044: 40404;
  17045: 595959;
  17046: bebebe;
  17047: ebebeb;
  17048: ebebeb;
  17049: e6e6e6;
  17050: b2b2b2;
  17051: 4d4d4d;
  17052: 0;
  17053: 30303;
  17054: 0;
  17055: 131313;
  17056: bababa;
  17057: fcfcfc;
  17058: f0f0f0;
  17059: 474747;
  17060: 0;
  17061: 40404;
  17062: 0;
  17063: 202020;
  17064: 939393;
  17065: d9d9d9;
  17066: e9e9e9;
  17067: e7e7e7;
  17068: d5d5d5;
  17069: 8d8d8d;
  17070: 1e1e1e;
  17071: 0;
  17072: 0;
  17073: 30303;
  17074: 4b4b4b;
  17075: f5f5f5;
  17076: f0f0f0;
  17077: 353535;
  17078: 0;
  17079: 0;
  17080: 101010;
  17081: cacaca;
  17082: fafafa;
  17083: eaeaea;
  17084: bbbbbb;
  17085: d0d0d;
  17086: 0;
  17087: 10101;
  17088: 232323;
  17089: d4d4d4;
  17090: e7e7e7;
  17091: f9f9f9;
  17092: 6e6e6e;
  17093: 0;
  17094: 20202;
  17095: 50505;
  17096: 4a4a4a;
  17097: cdcdcd;
  17098: f0f0f0;
  17099: fdfdfd;
  17100: fbfbfb;
  17101: eeeeee;
  17102: b5b5b5;
  17103: 282828;
  17104: 0;
  17105: 20202;
  17106: a0a0a;
  17107: a9a9a9;
  17108: ffffff;
  17109: f1f1f1;
  17110: 555555;
  17111: 0;
  17112: 0;
  17113: 0;
  17114: 1e1e1e;
  17115: 8e8e8e;
  17116: d8d8d8;
  17117: ebebeb;
  17118: e9e9e9;
  17119: d3d3d3;
  17120: 858585;
  17121: 1c1c1c;
  17122: 171717;
  17123: 999999;
  17124: efefef;
  17125: f8f8f8;
  17126: 4b4b4b;
  17127: 20202;
  17128: 30303;
  17129: 0;
  17130: 80808;
  17131: 6b6b6b;
  17132: c7c7c7;
  17133: ececec;
  17134: eeeeee;
  17135: d3d3d3;
  17136: 7a7a7a;
  17137: 80808;
  17138: 0;
  17139: 30303;
  17140: 40404;
  17141: a4a4a4;
  17142: fcfcfc;
  17143: ffffff;
  17144: ffffff;
  17145: ffffff;
  17146: ffffff;
  17147: ffffff;
  17148: ffffff;
  17149: ffffff;
  17150: ffffff;
  17151: ffffff;
  17152: ffffff;
  17153: ffffff;
  17154: ffffff;
  17155: ffffff;
  17156: ffffff;
  17157: ffffff;
  17158: ffffff;
  17159: ffffff;
  17160: ffffff;
  17161: f6f6f6;
  17162: 5e5e5e;
  17163: 20202;
  17164: 0;
  17165: 90909;
  17166: a5a5a5;
  17167: f5f5f5;
  17168: 696969;
  17169: 10101;
  17170: 0;
  17171: 0;
  17172: 363636;
  17173: bebebe;
  17174: f8f8f8;
  17175: ffffff;
  17176: ffffff;
  17177: fdfdfd;
  17178: f4f4f4;
  17179: afafaf;
  17180: 2c2c2c;
  17181: 0;
  17182: 0;
  17183: 40404;
  17184: 7e7e7e;
  17185: fafafa;
  17186: cbcbcb;
  17187: 151515;
  17188: 20202;
  17189: 0;
  17190: 80808;
  17191: 7c7c7c;
  17192: dfdfdf;
  17193: ffffff;
  17194: fefefe;
  17195: ffffff;
  17196: ffffff;
  17197: d8d8d8;
  17198: 737373;
  17199: 70707;
  17200: 0;
  17201: 10101;
  17202: 303030;
  17203: e3e3e3;
  17204: f5f5f5;
  17205: 323232;
  17206: 0;
  17207: 30303;
  17208: c0c0c;
  17209: c9c9c9;
  17210: fcfcfc;
  17211: ffffff;
  17212: d6d6d6;
  17213: 151515;
  17214: 30303;
  17215: 0;
  17216: 313131;
  17217: ffffff;
  17218: ffffff;
  17219: e4e4e4;
  17220: 2b2b2b;
  17221: 0;
  17222: 0;
  17223: 151515;
  17224: ababab;
  17225: ffffff;
  17226: fbfbfb;
  17227: ffffff;
  17228: fcfcfc;
  17229: fdfdfd;
  17230: fefefe;
  17231: 787878;
  17232: 70707;
  17233: 0;
  17234: 10101;
  17235: 686868;
  17236: f7f7f7;
  17237: dadada;
  17238: 1e1e1e;
  17239: 0;
  17240: 20202;
  17241: a0a0a;
  17242: 767676;
  17243: dcdcdc;
  17244: ffffff;
  17245: fefefe;
  17246: fefefe;
  17247: ffffff;
  17248: d7d7d7;
  17249: 8d8d8d;
  17250: 848484;
  17251: e4e4e4;
  17252: ffffff;
  17253: f4f4f4;
  17254: 4c4c4c;
  17255: 0;
  17256: 0;
  17257: 10101;
  17258: 373737;
  17259: c2c2c2;
  17260: ffffff;
  17261: ffffff;
  17262: fbfbfb;
  17263: ffffff;
  17264: cbcbcb;
  17265: 373737;
  17266: 0;
  17267: 10101;
  17268: 50505;
  17269: 7e7e7e;
  17270: fbfbfb;
  17271: fdfdfd;
  17272: ffffff;
  17273: ffffff;
  17274: ffffff;
  17275: ffffff;
  17276: ffffff;
  17277: ffffff;
  17278: ffffff;
  17279: ffffff;
  17280: ffffff;
  17281: ffffff;
  17282: ffffff;
  17283: ffffff;
  17284: ffffff;
  17285: ffffff;
  17286: ffffff;
  17287: ffffff;
  17288: ffffff;
  17289: f6f6f6;
  17290: 5e5e5e;
  17291: 30303;
  17292: 0;
  17293: a0a0a;
  17294: a6a6a6;
  17295: f0f0f0;
  17296: 353535;
  17297: 0;
  17298: 20202;
  17299: 80808;
  17300: 7e7e7e;
  17301: ffffff;
  17302: ffffff;
  17303: ffffff;
  17304: fdfdfd;
  17305: ffffff;
  17306: fbfbfb;
  17307: ffffff;
  17308: 767676;
  17309: 40404;
  17310: 0;
  17311: 0;
  17312: 474747;
  17313: f5f5f5;
  17314: 9f9f9f;
  17315: 70707;
  17316: 0;
  17317: 20202;
  17318: 2d2d2d;
  17319: d9d9d9;
  17320: ffffff;
  17321: ffffff;
  17322: ffffff;
  17323: fefefe;
  17324: fefefe;
  17325: ffffff;
  17326: d3d3d3;
  17327: 252525;
  17328: 10101;
  17329: 0;
  17330: 70707;
  17331: b5b5b5;
  17332: efefef;
  17333: 353535;
  17334: 30303;
  17335: 0;
  17336: 111111;
  17337: c7c7c7;
  17338: ffffff;
  17339: ffffff;
  17340: cfcfcf;
  17341: 141414;
  17342: 0;
  17343: 0;
  17344: 343434;
  17345: ededed;
  17346: ffffff;
  17347: c4c4c4;
  17348: b0b0b;
  17349: 0;
  17350: 40404;
  17351: 191919;
  17352: b2b2b2;
  17353: cecece;
  17354: c7c7c7;
  17355: c3c3c3;
  17356: c2c2c2;
  17357: cbcbcb;
  17358: cecece;
  17359: 858585;
  17360: 80808;
  17361: 0;
  17362: 0;
  17363: 393939;
  17364: f3f3f3;
  17365: afafaf;
  17366: 70707;
  17367: 0;
  17368: 0;
  17369: 272727;
  17370: d2d2d2;
  17371: ffffff;
  17372: fdfdfd;
  17373: ffffff;
  17374: ffffff;
  17375: fdfdfd;
  17376: ffffff;
  17377: f2f2f2;
  17378: ebebeb;
  17379: fefefe;
  17380: ffffff;
  17381: f4f4f4;
  17382: 4d4d4d;
  17383: 0;
  17384: 0;
  17385: 60606;
  17386: 737373;
  17387: ffffff;
  17388: ffffff;
  17389: fefefe;
  17390: ffffff;
  17391: ffffff;
  17392: fdfdfd;
  17393: 6d6d6d;
  17394: 50505;
  17395: 0;
  17396: 30303;
  17397: 666666;
  17398: f8f8f8;
  17399: ffffff;
  17400: ffffff;
  17401: ffffff;
  17402: ffffff;
  17403: ffffff;
  17404: ffffff;
  17405: ffffff;
  17406: ffffff;
  17407: ffffff;
  17408: ffffff;
  17409: ffffff;
  17410: ffffff;
  17411: ffffff;
  17412: ffffff;
  17413: ffffff;
  17414: ffffff;
  17415: ffffff;
  17416: ffffff;
  17417: f6f6f6;
  17418: 5e5e5e;
  17419: 0;
  17420: 10101;
  17421: b0b0b;
  17422: aeaeae;
  17423: e1e1e1;
  17424: 191919;
  17425: 0;
  17426: 10101;
  17427: 151515;
  17428: c6c6c6;
  17429: ffffff;
  17430: ffffff;
  17431: ffffff;
  17432: fefefe;
  17433: ffffff;
  17434: ffffff;
  17435: ffffff;
  17436: bbbbbb;
  17437: 101010;
  17438: 0;
  17439: 30303;
  17440: 2c2c2c;
  17441: eeeeee;
  17442: 828282;
  17443: 30303;
  17444: 0;
  17445: 10101;
  17446: 636363;
  17447: f4f4f4;
  17448: ffffff;
  17449: ffffff;
  17450: ffffff;
  17451: ffffff;
  17452: ffffff;
  17453: ffffff;
  17454: f3f3f3;
  17455: 575757;
  17456: 40404;
  17457: 0;
  17458: 30303;
  17459: 8c8c8c;
  17460: f1f1f1;
  17461: 323232;
  17462: 0;
  17463: 20202;
  17464: 101010;
  17465: c9c9c9;
  17466: ffffff;
  17467: ffffff;
  17468: cbcbcb;
  17469: 121212;
  17470: 0;
  17471: 0;
  17472: 333333;
  17473: f1f1f1;
  17474: ffffff;
  17475: a0a0a0;
  17476: 90909;
  17477: 0;
  17478: 0;
  17479: f0f0f;
  17480: 454545;
  17481: 484848;
  17482: 3f3f3f;
  17483: 3f3f3f;
  17484: 404040;
  17485: 424242;
  17486: 474747;
  17487: 383838;
  17488: 20202;
  17489: 0;
  17490: 0;
  17491: 202020;
  17492: e6e6e6;
  17493: 959595;
  17494: 0;
  17495: 20202;
  17496: 10101;
  17497: 595959;
  17498: f9f9f9;
  17499: fdfdfd;
  17500: fefefe;
  17501: ffffff;
  17502: fdfdfd;
  17503: ffffff;
  17504: ffffff;
  17505: ffffff;
  17506: fefefe;
  17507: fefefe;
  17508: ffffff;
  17509: f1f1f1;
  17510: 4d4d4d;
  17511: 10101;
  17512: 0;
  17513: 70707;
  17514: a4a4a4;
  17515: fdfdfd;
  17516: ffffff;
  17517: fefefe;
  17518: ffffff;
  17519: ffffff;
  17520: fdfdfd;
  17521: 909090;
  17522: 80808;
  17523: 0;
  17524: 0;
  17525: 5d5d5d;
  17526: f5f5f5;
  17527: ffffff;
  17528: ffffff;
  17529: ffffff;
  17530: ffffff;
  17531: ffffff;
  17532: ffffff;
  17533: ffffff;
  17534: ffffff;
  17535: ffffff;
  17536: ffffff;
  17537: ffffff;
  17538: ffffff;
  17539: ffffff;
  17540: ffffff;
  17541: ffffff;
  17542: ffffff;
  17543: ffffff;
  17544: fefefe;
  17545: f7f7f7;
  17546: 5e5e5e;
  17547: 0;
  17548: 10101;
  17549: c0c0c;
  17550: acacac;
  17551: d8d8d8;
  17552: 121212;
  17553: 0;
  17554: 10101;
  17555: 222222;
  17556: efefef;
  17557: fcfcfc;
  17558: ffffff;
  17559: fefefe;
  17560: ffffff;
  17561: fcfcfc;
  17562: fdfdfd;
  17563: ffffff;
  17564: dedede;
  17565: 1e1e1e;
  17566: 10101;
  17567: 0;
  17568: 252525;
  17569: e1e1e1;
  17570: 707070;
  17571: 0;
  17572: 0;
  17573: 70707;
  17574: 858585;
  17575: ffffff;
  17576: ffffff;
  17577: ffffff;
  17578: fefefe;
  17579: fefefe;
  17580: fefefe;
  17581: ffffff;
  17582: fbfbfb;
  17583: 818181;
  17584: 30303;
  17585: 20202;
  17586: 10101;
  17587: 7f7f7f;
  17588: e9e9e9;
  17589: 363636;
  17590: 20202;
  17591: 0;
  17592: 101010;
  17593: c9c9c9;
  17594: ffffff;
  17595: ffffff;
  17596: cbcbcb;
  17597: 111111;
  17598: 0;
  17599: 0;
  17600: 333333;
  17601: ececec;
  17602: ffffff;
  17603: 929292;
  17604: 90909;
  17605: 0;
  17606: 30303;
  17607: 0;
  17608: 10101;
  17609: 0;
  17610: 0;
  17611: 20202;
  17612: 20202;
  17613: 0;
  17614: 20202;
  17615: 0;
  17616: 0;
  17617: 0;
  17618: 40404;
  17619: a0a0a;
  17620: d9d9d9;
  17621: 828282;
  17622: 50505;
  17623: 10101;
  17624: 90909;
  17625: 7d7d7d;
  17626: ffffff;
  17627: ffffff;
  17628: fdfdfd;
  17629: fefefe;
  17630: ffffff;
  17631: fcfcfc;
  17632: fdfdfd;
  17633: fefefe;
  17634: ffffff;
  17635: ffffff;
  17636: fdfdfd;
  17637: f6f6f6;
  17638: 4d4d4d;
  17639: 0;
  17640: 10101;
  17641: a0a0a;
  17642: a7a7a7;
  17643: ffffff;
  17644: ffffff;
  17645: fefefe;
  17646: ffffff;
  17647: ffffff;
  17648: fdfdfd;
  17649: 909090;
  17650: 80808;
  17651: 0;
  17652: 0;
  17653: 5d5d5d;
  17654: f5f5f5;
  17655: ffffff;
  17656: ffffff;
  17657: ffffff;
  17658: ffffff;
  17659: ffffff;
  17660: ffffff;
  17661: ffffff;
  17662: ffffff;
  17663: ffffff;
  17664: ffffff;
  17665: ffffff;
  17666: ffffff;
  17667: ffffff;
  17668: ffffff;
  17669: ffffff;
  17670: ffffff;
  17671: ffffff;
  17672: fdfdfd;
  17673: f7f7f7;
  17674: 5d5d5d;
  17675: 10101;
  17676: 10101;
  17677: c0c0c;
  17678: acacac;
  17679: d5d5d5;
  17680: c0c0c;
  17681: 50505;
  17682: 0;
  17683: 2b2b2b;
  17684: eeeeee;
  17685: ffffff;
  17686: ffffff;
  17687: fdfdfd;
  17688: ffffff;
  17689: ffffff;
  17690: ffffff;
  17691: ffffff;
  17692: e2e2e2;
  17693: 1b1b1b;
  17694: 0;
  17695: 0;
  17696: 1f1f1f;
  17697: e3e3e3;
  17698: 707070;
  17699: 40404;
  17700: 10101;
  17701: 80808;
  17702: 8a8a8a;
  17703: fdfdfd;
  17704: fcfcfc;
  17705: ffffff;
  17706: ffffff;
  17707: ffffff;
  17708: ffffff;
  17709: fdfdfd;
  17710: fdfdfd;
  17711: 828282;
  17712: 50505;
  17713: 0;
  17714: 50505;
  17715: 7d7d7d;
  17716: eaeaea;
  17717: 373737;
  17718: 20202;
  17719: 0;
  17720: 101010;
  17721: c9c9c9;
  17722: ffffff;
  17723: ffffff;
  17724: cbcbcb;
  17725: 111111;
  17726: 0;
  17727: 0;
  17728: 323232;
  17729: f1f1f1;
  17730: ffffff;
  17731: 8d8d8d;
  17732: 50505;
  17733: 0;
  17734: 50505;
  17735: 0;
  17736: 40404;
  17737: 50505;
  17738: 60606;
  17739: 10101;
  17740: 20202;
  17741: 30303;
  17742: 60606;
  17743: 50505;
  17744: d0d0d;
  17745: b0b0b;
  17746: 0;
  17747: 1b1b1b;
  17748: d6d6d6;
  17749: 818181;
  17750: 90909;
  17751: 0;
  17752: 60606;
  17753: 7f7f7f;
  17754: fafafa;
  17755: ffffff;
  17756: ffffff;
  17757: fefefe;
  17758: ffffff;
  17759: ffffff;
  17760: ffffff;
  17761: fbfbfb;
  17762: ffffff;
  17763: fcfcfc;
  17764: ffffff;
  17765: f6f6f6;
  17766: 4b4b4b;
  17767: 20202;
  17768: 10101;
  17769: a0a0a;
  17770: a7a7a7;
  17771: ffffff;
  17772: ffffff;
  17773: fdfdfd;
  17774: fefefe;
  17775: ffffff;
  17776: fdfdfd;
  17777: 909090;
  17778: 80808;
  17779: 0;
  17780: 0;
  17781: 5d5d5d;
  17782: f5f5f5;
  17783: ffffff;
  17784: ffffff;
  17785: ffffff;
  17786: ffffff;
  17787: ffffff;
  17788: ffffff;
  17789: ffffff;
  17790: ffffff;
  17791: ffffff;
  17792: ffffff;
  17793: ffffff;
  17794: ffffff;
  17795: ffffff;
  17796: ffffff;
  17797: ffffff;
  17798: ffffff;
  17799: ffffff;
  17800: ffffff;
  17801: f7f7f7;
  17802: 5c5c5c;
  17803: 10101;
  17804: 0;
  17805: b0b0b;
  17806: aeaeae;
  17807: dedede;
  17808: 171717;
  17809: 0;
  17810: 0;
  17811: 1c1c1c;
  17812: d6d6d6;
  17813: fdfdfd;
  17814: ffffff;
  17815: ffffff;
  17816: ffffff;
  17817: fefefe;
  17818: fdfdfd;
  17819: fdfdfd;
  17820: c3c3c3;
  17821: 141414;
  17822: 0;
  17823: 40404;
  17824: 272727;
  17825: ebebeb;
  17826: 7c7c7c;
  17827: 30303;
  17828: 0;
  17829: 40404;
  17830: 6a6a6a;
  17831: fcfcfc;
  17832: ffffff;
  17833: fefefe;
  17834: fdfdfd;
  17835: fdfdfd;
  17836: ffffff;
  17837: ffffff;
  17838: fefefe;
  17839: 5d5d5d;
  17840: 30303;
  17841: 0;
  17842: 80808;
  17843: 8d8d8d;
  17844: eeeeee;
  17845: 323232;
  17846: 0;
  17847: 10101;
  17848: 101010;
  17849: c9c9c9;
  17850: ffffff;
  17851: ffffff;
  17852: cbcbcb;
  17853: 111111;
  17854: 0;
  17855: 0;
  17856: 303030;
  17857: f0f0f0;
  17858: fefefe;
  17859: 969696;
  17860: 40404;
  17861: 10101;
  17862: 0;
  17863: 90909;
  17864: 3d3d3d;
  17865: 474747;
  17866: 424242;
  17867: 424242;
  17868: 444444;
  17869: 414141;
  17870: 424242;
  17871: 484848;
  17872: 4f4f4f;
  17873: 4a4a4a;
  17874: 464646;
  17875: 505050;
  17876: dedede;
  17877: 8f8f8f;
  17878: 50505;
  17879: 0;
  17880: 0;
  17881: 686868;
  17882: ffffff;
  17883: ffffff;
  17884: fcfcfc;
  17885: ffffff;
  17886: ffffff;
  17887: ffffff;
  17888: ffffff;
  17889: fbfbfb;
  17890: ffffff;
  17891: fefefe;
  17892: ffffff;
  17893: f4f4f4;
  17894: 4b4b4b;
  17895: 0;
  17896: 0;
  17897: 80808;
  17898: a5a5a5;
  17899: fefefe;
  17900: ffffff;
  17901: fdfdfd;
  17902: ffffff;
  17903: ffffff;
  17904: fdfdfd;
  17905: 909090;
  17906: 80808;
  17907: 0;
  17908: 0;
  17909: 5d5d5d;
  17910: f5f5f5;
  17911: ffffff;
  17912: ffffff;
  17913: ffffff;
  17914: ffffff;
  17915: ffffff;
  17916: ffffff;
  17917: ffffff;
  17918: ffffff;
  17919: ffffff;
  17920: ffffff;
  17921: ffffff;
  17922: ffffff;
  17923: ffffff;
  17924: ffffff;
  17925: ffffff;
  17926: ffffff;
  17927: ffffff;
  17928: ffffff;
  17929: f7f7f7;
  17930: 5c5c5c;
  17931: 30303;
  17932: 0;
  17933: 90909;
  17934: acacac;
  17935: ebebeb;
  17936: 2c2c2c;
  17937: 0;
  17938: 0;
  17939: 80808;
  17940: 999999;
  17941: fefefe;
  17942: fefefe;
  17943: fefefe;
  17944: fefefe;
  17945: fdfdfd;
  17946: ffffff;
  17947: fdfdfd;
  17948: 828282;
  17949: 80808;
  17950: 0;
  17951: 0;
  17952: 3e3e3e;
  17953: efefef;
  17954: 999999;
  17955: 0;
  17956: 20202;
  17957: 10101;
  17958: 363636;
  17959: e0e0e0;
  17960: fcfcfc;
  17961: fdfdfd;
  17962: ffffff;
  17963: ffffff;
  17964: fcfcfc;
  17965: ffffff;
  17966: d7d7d7;
  17967: 303030;
  17968: 0;
  17969: 20202;
  17970: 40404;
  17971: aeaeae;
  17972: f2f2f2;
  17973: 323232;
  17974: 10101;
  17975: 0;
  17976: 101010;
  17977: c9c9c9;
  17978: ffffff;
  17979: fefefe;
  17980: cbcbcb;
  17981: 111111;
  17982: 0;
  17983: 0;
  17984: 323232;
  17985: ebebeb;
  17986: ffffff;
  17987: b0b0b0;
  17988: 90909;
  17989: 10101;
  17990: 0;
  17991: e0e0e;
  17992: 888888;
  17993: b0b0b0;
  17994: a7a7a7;
  17995: a5a5a5;
  17996: a4a4a4;
  17997: a6a6a6;
  17998: adadad;
  17999: b4b4b4;
  18000: adadad;
  18001: b9b9b9;
  18002: a4a4a4;
  18003: aaaaaa;
  18004: f3f3f3;
  18005: a7a7a7;
  18006: 30303;
  18007: 30303;
  18008: 0;
  18009: 333333;
  18010: d5d5d5;
  18011: ffffff;
  18012: ffffff;
  18013: ffffff;
  18014: fefefe;
  18015: ffffff;
  18016: ffffff;
  18017: ebebeb;
  18018: ebebeb;
  18019: ffffff;
  18020: fbfbfb;
  18021: f4f4f4;
  18022: 505050;
  18023: 0;
  18024: 0;
  18025: 80808;
  18026: a5a5a5;
  18027: fefefe;
  18028: ffffff;
  18029: ffffff;
  18030: ffffff;
  18031: ffffff;
  18032: fcfcfc;
  18033: 909090;
  18034: 80808;
  18035: 0;
  18036: 0;
  18037: 5d5d5d;
  18038: f6f6f6;
  18039: ffffff;
  18040: ffffff;
  18041: ffffff;
  18042: ffffff;
  18043: ffffff;
  18044: ffffff;
  18045: ffffff;
  18046: ffffff;
  18047: ffffff;
  18048: ffffff;
  18049: ffffff;
  18050: ffffff;
  18051: ffffff;
  18052: ffffff;
  18053: ffffff;
  18054: ffffff;
  18055: ffffff;
  18056: ffffff;
  18057: f5f5f5;
  18058: 5e5e5e;
  18059: 40404;
  18060: 0;
  18061: 70707;
  18062: a7a7a7;
  18063: f5f5f5;
  18064: 525252;
  18065: 0;
  18066: 30303;
  18067: 0;
  18068: 424242;
  18069: d8d8d8;
  18070: fcfcfc;
  18071: ffffff;
  18072: ffffff;
  18073: ffffff;
  18074: fafafa;
  18075: cdcdcd;
  18076: 353535;
  18077: 20202;
  18078: 70707;
  18079: 0;
  18080: 6b6b6b;
  18081: f7f7f7;
  18082: c4c4c4;
  18083: c0c0c;
  18084: 0;
  18085: 0;
  18086: d0d0d;
  18087: 8d8d8d;
  18088: fbfbfb;
  18089: ffffff;
  18090: ffffff;
  18091: ffffff;
  18092: fcfcfc;
  18093: f4f4f4;
  18094: 8c8c8c;
  18095: b0b0b;
  18096: 0;
  18097: 20202;
  18098: d0d0d;
  18099: d7d7d7;
  18100: f7f7f7;
  18101: 313131;
  18102: 30303;
  18103: 0;
  18104: 101010;
  18105: c9c9c9;
  18106: ffffff;
  18107: fefefe;
  18108: cbcbcb;
  18109: 111111;
  18110: 0;
  18111: 0;
  18112: 333333;
  18113: ededed;
  18114: ffffff;
  18115: d6d6d6;
  18116: 141414;
  18117: 0;
  18118: 0;
  18119: f0f0f;
  18120: 9e9e9e;
  18121: e8e8e8;
  18122: f7f7f7;
  18123: f9f9f9;
  18124: f4f4f4;
  18125: f3f3f3;
  18126: f4f4f4;
  18127: ebebeb;
  18128: bababa;
  18129: e8e8e8;
  18130: f1f1f1;
  18131: f7f7f7;
  18132: ffffff;
  18133: cdcdcd;
  18134: 101010;
  18135: 10101;
  18136: 0;
  18137: e0e0e;
  18138: 929292;
  18139: f8f8f8;
  18140: ffffff;
  18141: ffffff;
  18142: fbfbfb;
  18143: ffffff;
  18144: f3f3f3;
  18145: a5a5a5;
  18146: 9b9b9b;
  18147: f2f2f2;
  18148: ffffff;
  18149: f5f5f5;
  18150: 4c4c4c;
  18151: 20202;
  18152: 10101;
  18153: 90909;
  18154: a5a5a5;
  18155: fefefe;
  18156: ffffff;
  18157: ffffff;
  18158: ffffff;
  18159: fefefe;
  18160: fcfcfc;
  18161: 8f8f8f;
  18162: 70707;
  18163: 0;
  18164: 0;
  18165: 5d5d5d;
  18166: f6f6f6;
  18167: ffffff;
  18168: ffffff;
  18169: ffffff;
  18170: ffffff;
  18171: ffffff;
  18172: ffffff;
  18173: ffffff;
  18174: ffffff;
  18175: ffffff;
  18176: ffffff;
  18177: ffffff;
  18178: ffffff;
  18179: ffffff;
  18180: ffffff;
  18181: ffffff;
  18182: ffffff;
  18183: ffffff;
  18184: ffffff;
  18185: f5f5f5;
  18186: 5f5f5f;
  18187: 30303;
  18188: 0;
  18189: 80808;
  18190: a2a2a2;
  18191: fbfbfb;
  18192: 989898;
  18193: 20202;
  18194: 0;
  18195: 0;
  18196: 111111;
  18197: 6b6b6b;
  18198: c2c2c2;
  18199: e7e7e7;
  18200: f8f8f8;
  18201: ebebeb;
  18202: bbbbbb;
  18203: 666666;
  18204: 80808;
  18205: 0;
  18206: 0;
  18207: 70707;
  18208: ababab;
  18209: fdfdfd;
  18210: e6e6e6;
  18211: 3e3e3e;
  18212: 0;
  18213: 10101;
  18214: 10101;
  18215: 383838;
  18216: 9b9b9b;
  18217: d4d4d4;
  18218: f4f4f4;
  18219: f8f8f8;
  18220: d6d6d6;
  18221: 9c9c9c;
  18222: 343434;
  18223: 0;
  18224: 0;
  18225: 30303;
  18226: 484848;
  18227: f2f2f2;
  18228: f3f3f3;
  18229: 2e2e2e;
  18230: 0;
  18231: 10101;
  18232: 101010;
  18233: c9c9c9;
  18234: ffffff;
  18235: fefefe;
  18236: cbcbcb;
  18237: 111111;
  18238: 0;
  18239: 0;
  18240: 2f2f2f;
  18241: efefef;
  18242: fcfcfc;
  18243: f0f0f0;
  18244: 494949;
  18245: 10101;
  18246: 0;
  18247: 70707;
  18248: 515151;
  18249: c5c5c5;
  18250: ffffff;
  18251: fefefe;
  18252: fefefe;
  18253: ffffff;
  18254: e1e1e1;
  18255: 959595;
  18256: 5e5e5e;
  18257: 939393;
  18258: fcfcfc;
  18259: ffffff;
  18260: fbfbfb;
  18261: ededed;
  18262: 474747;
  18263: 0;
  18264: 0;
  18265: 0;
  18266: 353535;
  18267: 9e9e9e;
  18268: dadada;
  18269: fafafa;
  18270: eeeeee;
  18271: d1d1d1;
  18272: 999999;
  18273: 3e3e3e;
  18274: 3a3a3a;
  18275: a9a9a9;
  18276: f7f7f7;
  18277: f7f7f7;
  18278: 484848;
  18279: 0;
  18280: 0;
  18281: 90909;
  18282: a5a5a5;
  18283: fefefe;
  18284: ffffff;
  18285: fefefe;
  18286: fefefe;
  18287: fefefe;
  18288: fcfcfc;
  18289: 8f8f8f;
  18290: 70707;
  18291: 0;
  18292: 0;
  18293: 5d5d5d;
  18294: f6f6f6;
  18295: ffffff;
  18296: ffffff;
  18297: ffffff;
  18298: ffffff;
  18299: ffffff;
  18300: ffffff;
  18301: ffffff;
  18302: ffffff;
  18303: ffffff;
  18304: ffffff;
  18305: ffffff;
  18306: ffffff;
  18307: ffffff;
  18308: ffffff;
  18309: ffffff;
  18310: ffffff;
  18311: ffffff;
  18312: ffffff;
  18313: f5f5f5;
  18314: 5f5f5f;
  18315: 0;
  18316: 0;
  18317: b0b0b;
  18318: a0a0a0;
  18319: ffffff;
  18320: d7d7d7;
  18321: 2b2b2b;
  18322: 10101;
  18323: 20202;
  18324: 0;
  18325: 111111;
  18326: 5d5d5d;
  18327: 999999;
  18328: a7a7a7;
  18329: 989898;
  18330: 5a5a5a;
  18331: a0a0a;
  18332: 20202;
  18333: 10101;
  18334: 0;
  18335: 3b3b3b;
  18336: e1e1e1;
  18337: ffffff;
  18338: fbfbfb;
  18339: 848484;
  18340: d0d0d;
  18341: 20202;
  18342: 0;
  18343: 10101;
  18344: 353535;
  18345: 818181;
  18346: a5a5a5;
  18347: a7a7a7;
  18348: 808080;
  18349: 323232;
  18350: 0;
  18351: 10101;
  18352: 0;
  18353: 101010;
  18354: 969696;
  18355: ffffff;
  18356: ededed;
  18357: 343434;
  18358: 0;
  18359: 0;
  18360: 101010;
  18361: c9c9c9;
  18362: ffffff;
  18363: fefefe;
  18364: cbcbcb;
  18365: 111111;
  18366: 0;
  18367: 0;
  18368: 333333;
  18369: f0f0f0;
  18370: ffffff;
  18371: fafafa;
  18372: 979797;
  18373: d0d0d;
  18374: 20202;
  18375: 0;
  18376: 20202;
  18377: 545454;
  18378: a9a9a9;
  18379: cecece;
  18380: d6d6d6;
  18381: b4b4b4;
  18382: 787878;
  18383: 242424;
  18384: 10101;
  18385: 212121;
  18386: 989898;
  18387: f5f5f5;
  18388: ffffff;
  18389: fbfbfb;
  18390: 959595;
  18391: f0f0f;
  18392: 0;
  18393: 10101;
  18394: 0;
  18395: 3a3a3a;
  18396: 818181;
  18397: a7a7a7;
  18398: 9e9e9e;
  18399: 7b7b7b;
  18400: 303030;
  18401: 0;
  18402: 0;
  18403: 414141;
  18404: c8c8c8;
  18405: f3f3f3;
  18406: 515151;
  18407: 0;
  18408: 0;
  18409: 90909;
  18410: a6a6a6;
  18411: ffffff;
  18412: ffffff;
  18413: fefefe;
  18414: ffffff;
  18415: ffffff;
  18416: fcfcfc;
  18417: 8f8f8f;
  18418: 70707;
  18419: 0;
  18420: 0;
  18421: 5d5d5d;
  18422: f6f6f6;
  18423: ffffff;
  18424: ffffff;
  18425: ffffff;
  18426: ffffff;
  18427: ffffff;
  18428: ffffff;
  18429: ffffff;
  18430: ffffff;
  18431: ffffff;
  18432: ffffff;
  18433: ffffff;
  18434: ffffff;
  18435: ffffff;
  18436: ffffff;
  18437: ffffff;
  18438: ffffff;
  18439: ffffff;
  18440: fdfdfd;
  18441: f7f7f7;
  18442: 5a5a5a;
  18443: 20202;
  18444: 0;
  18445: 90909;
  18446: a1a1a1;
  18447: ffffff;
  18448: fcfcfc;
  18449: 888888;
  18450: b0b0b;
  18451: 0;
  18452: 10101;
  18453: 20202;
  18454: 111111;
  18455: 242424;
  18456: 292929;
  18457: 242424;
  18458: 131313;
  18459: 0;
  18460: 30303;
  18461: 0;
  18462: 101010;
  18463: 979797;
  18464: fcfcfc;
  18465: ffffff;
  18466: fefefe;
  18467: dcdcdc;
  18468: 3f3f3f;
  18469: 10101;
  18470: 0;
  18471: 20202;
  18472: 60606;
  18473: 1d1d1d;
  18474: 282828;
  18475: 2c2c2c;
  18476: 1b1b1b;
  18477: 10101;
  18478: 30303;
  18479: 10101;
  18480: 10101;
  18481: 4d4d4d;
  18482: dfdfdf;
  18483: ffffff;
  18484: ebebeb;
  18485: 303030;
  18486: 20202;
  18487: 0;
  18488: f0f0f;
  18489: c9c9c9;
  18490: ffffff;
  18491: ffffff;
  18492: c7c7c7;
  18493: d0d0d;
  18494: 20202;
  18495: 0;
  18496: 313131;
  18497: ededed;
  18498: ffffff;
  18499: fafafa;
  18500: e1e1e1;
  18501: 3f3f3f;
  18502: 0;
  18503: 10101;
  18504: 10101;
  18505: 101010;
  18506: 2c2c2c;
  18507: 4a4a4a;
  18508: 4f4f4f;
  18509: 363636;
  18510: 161616;
  18511: 10101;
  18512: 40404;
  18513: 0;
  18514: 383838;
  18515: e0e0e0;
  18516: fdfdfd;
  18517: ffffff;
  18518: e2e2e2;
  18519: 4a4a4a;
  18520: 10101;
  18521: 0;
  18522: 0;
  18523: 70707;
  18524: 212121;
  18525: 262626;
  18526: 282828;
  18527: 1a1a1a;
  18528: 30303;
  18529: 20202;
  18530: 0;
  18531: b0b0b;
  18532: 929292;
  18533: f1f1f1;
  18534: 4c4c4c;
  18535: 20202;
  18536: 0;
  18537: 60606;
  18538: a5a5a5;
  18539: ffffff;
  18540: ffffff;
  18541: ffffff;
  18542: fdfdfd;
  18543: ffffff;
  18544: fdfdfd;
  18545: 8f8f8f;
  18546: 50505;
  18547: 0;
  18548: 30303;
  18549: 5b5b5b;
  18550: f7f7f7;
  18551: ffffff;
  18552: ffffff;
  18553: ffffff;
  18554: ffffff;
  18555: ffffff;
  18556: ffffff;
  18557: ffffff;
  18558: ffffff;
  18559: ffffff;
  18560: ffffff;
  18561: ffffff;
  18562: ffffff;
  18563: ffffff;
  18564: ffffff;
  18565: ffffff;
  18566: ffffff;
  18567: ffffff;
  18568: ffffff;
  18569: f5f5f5;
  18570: 515151;
  18571: 0;
  18572: 0;
  18573: 30303;
  18574: 9a9a9a;
  18575: fcfcfc;
  18576: ffffff;
  18577: d9d9d9;
  18578: 5f5f5f;
  18579: 121212;
  18580: 0;
  18581: 0;
  18582: 30303;
  18583: 0;
  18584: 20202;
  18585: 0;
  18586: 0;
  18587: 30303;
  18588: 0;
  18589: 141414;
  18590: 6c6c6c;
  18591: e3e3e3;
  18592: ffffff;
  18593: fdfdfd;
  18594: fefefe;
  18595: fefefe;
  18596: a5a5a5;
  18597: 353535;
  18598: 10101;
  18599: 0;
  18600: 10101;
  18601: 0;
  18602: 0;
  18603: 0;
  18604: 40404;
  18605: 40404;
  18606: 0;
  18607: 0;
  18608: 383838;
  18609: acacac;
  18610: ffffff;
  18611: fefefe;
  18612: e9e9e9;
  18613: 1f1f1f;
  18614: 0;
  18615: 20202;
  18616: 70707;
  18617: c6c6c6;
  18618: ffffff;
  18619: ffffff;
  18620: c6c6c6;
  18621: 90909;
  18622: 0;
  18623: 0;
  18624: 222222;
  18625: eaeaea;
  18626: ffffff;
  18627: ffffff;
  18628: ffffff;
  18629: a1a1a1;
  18630: 303030;
  18631: 0;
  18632: 0;
  18633: 0;
  18634: 0;
  18635: 0;
  18636: 10101;
  18637: 10101;
  18638: 0;
  18639: 0;
  18640: 0;
  18641: 141414;
  18642: 585858;
  18643: e2e2e2;
  18644: ffffff;
  18645: fefefe;
  18646: ffffff;
  18647: acacac;
  18648: 3a3a3a;
  18649: 10101;
  18650: 0;
  18651: 0;
  18652: 0;
  18653: 0;
  18654: 0;
  18655: 0;
  18656: 0;
  18657: 0;
  18658: 20202;
  18659: 2e2e2e;
  18660: adadad;
  18661: efefef;
  18662: 434343;
  18663: 0;
  18664: 0;
  18665: 40404;
  18666: a0a0a0;
  18667: fcfcfc;
  18668: fdfdfd;
  18669: ffffff;
  18670: ffffff;
  18671: ffffff;
  18672: f9f9f9;
  18673: 888888;
  18674: 0;
  18675: 0;
  18676: 0;
  18677: 525252;
  18678: f3f3f3;
  18679: ffffff;
  18680: ffffff;
  18681: ffffff;
  18682: ffffff;
  18683: ffffff;
  18684: ffffff;
  18685: ffffff;
  18686: ffffff;
  18687: ffffff;
  18688: ffffff;
  18689: ffffff;
  18690: ffffff;
  18691: ffffff;
  18692: ffffff;
  18693: ffffff;
  18694: ffffff;
  18695: ffffff;
  18696: ffffff;
  18697: f4f4f4;
  18698: 585858;
  18699: 80808;
  18700: 80808;
  18701: e0e0e;
  18702: 9c9c9c;
  18703: fbfbfb;
  18704: fefefe;
  18705: ffffff;
  18706: c4c4c4;
  18707: 585858;
  18708: 151515;
  18709: 70707;
  18710: 0;
  18711: 0;
  18712: 0;
  18713: 0;
  18714: 20202;
  18715: c0c0c;
  18716: 181818;
  18717: 636363;
  18718: d4d4d4;
  18719: ffffff;
  18720: fefefe;
  18721: ffffff;
  18722: fcfcfc;
  18723: ffffff;
  18724: fcfcfc;
  18725: 969696;
  18726: 333333;
  18727: 101010;
  18728: 10101;
  18729: 0;
  18730: 60606;
  18731: 0;
  18732: 0;
  18733: 40404;
  18734: f0f0f;
  18735: 3c3c3c;
  18736: a4a4a4;
  18737: fefefe;
  18738: ffffff;
  18739: ffffff;
  18740: e6e6e6;
  18741: 303030;
  18742: 40404;
  18743: 60606;
  18744: 141414;
  18745: c8c8c8;
  18746: ffffff;
  18747: fefefe;
  18748: cacaca;
  18749: 151515;
  18750: 70707;
  18751: 70707;
  18752: 303030;
  18753: eaeaea;
  18754: fdfdfd;
  18755: ffffff;
  18756: ffffff;
  18757: f2f2f2;
  18758: 8a8a8a;
  18759: 2a2a2a;
  18760: d0d0d;
  18761: 30303;
  18762: 30303;
  18763: 20202;
  18764: 0;
  18765: 0;
  18766: 0;
  18767: a0a0a;
  18768: 1b1b1b;
  18769: 606060;
  18770: c3c3c3;
  18771: fcfcfc;
  18772: ffffff;
  18773: fcfcfc;
  18774: ffffff;
  18775: fafafa;
  18776: 9a9a9a;
  18777: 373737;
  18778: 121212;
  18779: 20202;
  18780: 0;
  18781: 10101;
  18782: 0;
  18783: 20202;
  18784: 40404;
  18785: d0d0d;
  18786: 363636;
  18787: 919191;
  18788: f4f4f4;
  18789: f8f8f8;
  18790: 464646;
  18791: 90909;
  18792: 80808;
  18793: 101010;
  18794: a2a2a2;
  18795: fdfdfd;
  18796: ffffff;
  18797: ffffff;
  18798: ffffff;
  18799: fefefe;
  18800: f8f8f8;
  18801: 8d8d8d;
  18802: b0b0b;
  18803: 80808;
  18804: 80808;
  18805: 585858;
  18806: f2f2f2;
  18807: ffffff;
  18808: ffffff;
  18809: ffffff;
  18810: ffffff;
  18811: ffffff;
  18812: ffffff;
  18813: ffffff;
  18814: ffffff;
  18815: ffffff;
  18816: ffffff;
  18817: ffffff;
  18818: ffffff;
  18819: ffffff;
  18820: ffffff;
  18821: ffffff;
  18822: ffffff;
  18823: ffffff;
  18824: ffffff;
  18825: fbfbfb;
  18826: 898989;
  18827: 454545;
  18828: 424242;
  18829: 4c4c4c;
  18830: bababa;
  18831: ffffff;
  18832: ffffff;
  18833: fdfdfd;
  18834: fefefe;
  18835: c6c6c6;
  18836: 808080;
  18837: 4a4a4a;
  18838: 202020;
  18839: e0e0e;
  18840: c0c0c;
  18841: e0e0e;
  18842: 272727;
  18843: 515151;
  18844: 8a8a8a;
  18845: cdcdcd;
  18846: ffffff;
  18847: fcfcfc;
  18848: ffffff;
  18849: fdfdfd;
  18850: ffffff;
  18851: ffffff;
  18852: ffffff;
  18853: efefef;
  18854: b5b5b5;
  18855: 646464;
  18856: 343434;
  18857: 161616;
  18858: a0a0a;
  18859: 80808;
  18860: 191919;
  18861: 373737;
  18862: 6b6b6b;
  18863: bababa;
  18864: f1f1f1;
  18865: ffffff;
  18866: fafafa;
  18867: ffffff;
  18868: f0f0f0;
  18869: 656565;
  18870: 434343;
  18871: 424242;
  18872: 545454;
  18873: d9d9d9;
  18874: ffffff;
  18875: ffffff;
  18876: dbdbdb;
  18877: 545454;
  18878: 444444;
  18879: 434343;
  18880: 666666;
  18881: f2f2f2;
  18882: ffffff;
  18883: ffffff;
  18884: fbfbfb;
  18885: ffffff;
  18886: e2e2e2;
  18887: a5a5a5;
  18888: 636363;
  18889: 343434;
  18890: 141414;
  18891: 70707;
  18892: 70707;
  18893: 121212;
  18894: 2d2d2d;
  18895: 575757;
  18896: 919191;
  18897: cbcbcb;
  18898: fafafa;
  18899: ffffff;
  18900: ffffff;
  18901: ffffff;
  18902: ffffff;
  18903: fcfcfc;
  18904: eaeaea;
  18905: adadad;
  18906: 6a6a6a;
  18907: 353535;
  18908: 1a1a1a;
  18909: a0a0a;
  18910: e0e0e;
  18911: 161616;
  18912: 373737;
  18913: 6a6a6a;
  18914: aaaaaa;
  18915: e1e1e1;
  18916: ffffff;
  18917: f7f7f7;
  18918: 7a7a7a;
  18919: 444444;
  18920: 424242;
  18921: 4d4d4d;
  18922: bdbdbd;
  18923: ffffff;
  18924: ffffff;
  18925: ffffff;
  18926: ffffff;
  18927: ffffff;
  18928: fefefe;
  18929: b0b0b0;
  18930: 4c4c4c;
  18931: 424242;
  18932: 464646;
  18933: 898989;
  18934: fafafa;
  18935: ffffff;
  18936: ffffff;
  18937: ffffff;
  18938: ffffff;
  18939: ffffff;
  18940: ffffff;
  18941: ffffff;
  18942: ffffff;
  18943: ffffff;
  18944: ffffff;
  18945: ffffff;
  18946: ffffff;
  18947: ffffff;
  18948: ffffff;
  18949: ffffff;
  18950: ffffff;
  18951: ffffff;
  18952: fbfbfb;
  18953: fdfdfd;
  18954: cacaca;
  18955: a5a5a5;
  18956: a2a2a2;
  18957: a9a9a9;
  18958: e0e0e0;
  18959: fdfdfd;
  18960: fbfbfb;
  18961: ffffff;
  18962: ffffff;
  18963: fbfbfb;
  18964: e4e4e4;
  18965: a9a9a9;
  18966: 838383;
  18967: 6a6a6a;
  18968: 666666;
  18969: 6d6d6d;
  18970: 8b8b8b;
  18971: b6b6b6;
  18972: eaeaea;
  18973: ffffff;
  18974: ffffff;
  18975: ffffff;
  18976: fefefe;
  18977: fdfdfd;
  18978: e6e6e6;
  18979: d2d2d2;
  18980: c8c8c8;
  18981: dcdcdc;
  18982: f7f7f7;
  18983: cacaca;
  18984: 959595;
  18985: 797979;
  18986: 696969;
  18987: 6a6a6a;
  18988: 7b7b7b;
  18989: 979797;
  18990: cecece;
  18991: f8f8f8;
  18992: d9d9d9;
  18993: cdcdcd;
  18994: d4d4d4;
  18995: e6e6e6;
  18996: f9f9f9;
  18997: b9b9b9;
  18998: a5a5a5;
  18999: a4a4a4;
  19000: adadad;
  19001: eeeeee;
  19002: fcfcfc;
  19003: fcfcfc;
  19004: ededed;
  19005: adadad;
  19006: a5a5a5;
  19007: a6a6a6;
  19008: bababa;
  19009: fdfdfd;
  19010: fdfdfd;
  19011: ffffff;
  19012: ffffff;
  19013: fbfbfb;
  19014: ffffff;
  19015: fcfcfc;
  19016: c3c3c3;
  19017: 959595;
  19018: 757575;
  19019: 676767;
  19020: 686868;
  19021: 757575;
  19022: 8f8f8f;
  19023: b8b8b8;
  19024: ececec;
  19025: fdfdfd;
  19026: ffffff;
  19027: fefefe;
  19028: fbfbfb;
  19029: fefefe;
  19030: ffffff;
  19031: ffffff;
  19032: fefefe;
  19033: fefefe;
  19034: d0d0d0;
  19035: 9a9a9a;
  19036: 7d7d7d;
  19037: 656565;
  19038: 6b6b6b;
  19039: 7a7a7a;
  19040: 979797;
  19041: cdcdcd;
  19042: fdfdfd;
  19043: ffffff;
  19044: fdfdfd;
  19045: fcfcfc;
  19046: c9c9c9;
  19047: a2a2a2;
  19048: a8a8a8;
  19049: acacac;
  19050: e5e5e5;
  19051: ffffff;
  19052: fefefe;
  19053: fefefe;
  19054: fdfdfd;
  19055: ffffff;
  19056: fdfdfd;
  19057: dadada;
  19058: aaaaaa;
  19059: a2a2a2;
  19060: a6a6a6;
  19061: cbcbcb;
  19062: fefefe;
  19063: fcfcfc;
  19064: ffffff;
  19065: ffffff;
  19066: ffffff;
  19067: ffffff;
  19068: ffffff;
  19069: ffffff;
  19070: ffffff;
  19071: ffffff;
  19072: ffffff;
  19073: ffffff;
  19074: ffffff;
  19075: ffffff;
  19076: ffffff;
  19077: ffffff;
  19078: ffffff;
  19079: ffffff;
  19080: ffffff;
  19081: ffffff;
  19082: fafafa;
  19083: f1f1f1;
  19084: f3f3f3;
  19085: f2f2f2;
  19086: fefefe;
  19087: ffffff;
  19088: ffffff;
  19089: ffffff;
  19090: fefefe;
  19091: fdfdfd;
  19092: ffffff;
  19093: f0f0f0;
  19094: ebebeb;
  19095: eaeaea;
  19096: e2e2e2;
  19097: e8e8e8;
  19098: ececec;
  19099: f2f2f2;
  19100: ffffff;
  19101: fdfdfd;
  19102: ffffff;
  19103: ffffff;
  19104: fdfdfd;
  19105: ffffff;
  19106: a2a2a2;
  19107: 656565;
  19108: 676767;
  19109: 707070;
  19110: c8c8c8;
  19111: fefefe;
  19112: efefef;
  19113: e9e9e9;
  19114: e4e4e4;
  19115: e5e5e5;
  19116: ebebeb;
  19117: f1f1f1;
  19118: fbfbfb;
  19119: bbbbbb;
  19120: 696969;
  19121: 656565;
  19122: 666666;
  19123: aaaaaa;
  19124: fcfcfc;
  19125: fdfdfd;
  19126: efefef;
  19127: f4f4f4;
  19128: f3f3f3;
  19129: ffffff;
  19130: ffffff;
  19131: ffffff;
  19132: ffffff;
  19133: f4f4f4;
  19134: f2f2f2;
  19135: f3f3f3;
  19136: f8f8f8;
  19137: ffffff;
  19138: fbfbfb;
  19139: fdfdfd;
  19140: ffffff;
  19141: ffffff;
  19142: fcfcfc;
  19143: ffffff;
  19144: f9f9f9;
  19145: efefef;
  19146: eaeaea;
  19147: e4e4e4;
  19148: e3e3e3;
  19149: e8e8e8;
  19150: ededed;
  19151: f8f8f8;
  19152: ffffff;
  19153: fdfdfd;
  19154: ffffff;
  19155: fefefe;
  19156: fcfcfc;
  19157: ffffff;
  19158: fdfdfd;
  19159: fefefe;
  19160: fcfcfc;
  19161: ffffff;
  19162: f9f9f9;
  19163: ececec;
  19164: ebebeb;
  19165: e6e6e6;
  19166: e4e4e4;
  19167: ececec;
  19168: f2f2f2;
  19169: f6f6f6;
  19170: ffffff;
  19171: fefefe;
  19172: fdfdfd;
  19173: fefefe;
  19174: fcfcfc;
  19175: f3f3f3;
  19176: f1f1f1;
  19177: efefef;
  19178: fcfcfc;
  19179: ffffff;
  19180: ffffff;
  19181: ffffff;
  19182: fdfdfd;
  19183: ffffff;
  19184: ffffff;
  19185: fbfbfb;
  19186: f4f4f4;
  19187: f2f2f2;
  19188: f2f2f2;
  19189: fafafa;
  19190: ffffff;
  19191: ffffff;
  19192: ffffff;
  19193: ffffff;
  19194: ffffff;
  19195: ffffff;
  19196: ffffff;
  19197: ffffff;
  19198: ffffff;
  19199: ffffff;
  19200: ffffff;
  19201: ffffff;
  19202: ffffff;
  19203: ffffff;
  19204: ffffff;
  19205: ffffff;
  19206: ffffff;
  19207: ffffff;
  19208: fefefe;
  19209: fbfbfb;
  19210: fefefe;
  19211: ffffff;
  19212: ffffff;
  19213: ffffff;
  19214: ffffff;
  19215: fdfdfd;
  19216: ffffff;
  19217: fbfbfb;
  19218: ffffff;
  19219: fcfcfc;
  19220: ffffff;
  19221: ffffff;
  19222: fdfdfd;
  19223: fefefe;
  19224: ffffff;
  19225: ffffff;
  19226: ffffff;
  19227: ffffff;
  19228: ffffff;
  19229: fdfdfd;
  19230: fdfdfd;
  19231: ffffff;
  19232: ffffff;
  19233: f4f4f4;
  19234: 777777;
  19235: 191919;
  19236: 171717;
  19237: 1d1d1d;
  19238: 838383;
  19239: fefefe;
  19240: ffffff;
  19241: ffffff;
  19242: ffffff;
  19243: fdfdfd;
  19244: fdfdfd;
  19245: ffffff;
  19246: fbfbfb;
  19247: 727272;
  19248: 1b1b1b;
  19249: 181818;
  19250: 1c1c1c;
  19251: 848484;
  19252: fcfcfc;
  19253: fcfcfc;
  19254: fcfcfc;
  19255: ffffff;
  19256: ffffff;
  19257: fefefe;
  19258: fdfdfd;
  19259: fdfdfd;
  19260: ffffff;
  19261: ffffff;
  19262: ffffff;
  19263: fefefe;
  19264: ffffff;
  19265: fefefe;
  19266: ffffff;
  19267: ffffff;
  19268: fafafa;
  19269: ffffff;
  19270: ffffff;
  19271: ffffff;
  19272: fdfdfd;
  19273: ffffff;
  19274: ffffff;
  19275: fcfcfc;
  19276: fbfbfb;
  19277: ffffff;
  19278: ffffff;
  19279: ffffff;
  19280: fbfbfb;
  19281: ffffff;
  19282: fcfcfc;
  19283: ffffff;
  19284: fefefe;
  19285: fbfbfb;
  19286: ffffff;
  19287: fcfcfc;
  19288: ffffff;
  19289: fefefe;
  19290: ffffff;
  19291: ffffff;
  19292: ffffff;
  19293: ffffff;
  19294: fcfcfc;
  19295: fdfdfd;
  19296: ffffff;
  19297: fefefe;
  19298: ffffff;
  19299: ffffff;
  19300: ffffff;
  19301: fbfbfb;
  19302: fefefe;
  19303: fdfdfd;
  19304: ffffff;
  19305: ffffff;
  19306: ffffff;
  19307: ffffff;
  19308: ffffff;
  19309: ffffff;
  19310: ffffff;
  19311: fefefe;
  19312: fcfcfc;
  19313: fdfdfd;
  19314: ffffff;
  19315: ffffff;
  19316: ffffff;
  19317: fefefe;
  19318: fbfbfb;
  19319: fefefe;
  19320: ffffff;
  19321: ffffff;
  19322: ffffff;
  19323: ffffff;
  19324: ffffff;
  19325: ffffff;
  19326: ffffff;
  19327: ffffff;
  19328: ffffff;
  19329: ffffff;
  19330: ffffff;
  19331: ffffff;
  19332: ffffff;
  19333: ffffff;
  19334: ffffff;
  19335: ffffff;
  19336: ffffff;
  19337: ffffff;
  19338: ffffff;
  19339: fdfdfd;
  19340: fefefe;
  19341: fdfdfd;
  19342: ffffff;
  19343: ffffff;
  19344: fefefe;
  19345: ffffff;
  19346: ffffff;
  19347: ffffff;
  19348: ffffff;
  19349: fefefe;
  19350: ffffff;
  19351: fefefe;
  19352: ffffff;
  19353: fefefe;
  19354: ffffff;
  19355: fbfbfb;
  19356: fdfdfd;
  19357: ffffff;
  19358: fdfdfd;
  19359: ffffff;
  19360: ffffff;
  19361: f7f7f7;
  19362: 787878;
  19363: 30303;
  19364: 0;
  19365: 0;
  19366: 414141;
  19367: eaeaea;
  19368: ffffff;
  19369: fbfbfb;
  19370: fefefe;
  19371: ffffff;
  19372: ffffff;
  19373: fefefe;
  19374: e6e6e6;
  19375: 303030;
  19376: 10101;
  19377: 0;
  19378: 20202;
  19379: 8e8e8e;
  19380: f9f9f9;
  19381: ffffff;
  19382: ffffff;
  19383: ffffff;
  19384: fefefe;
  19385: fefefe;
  19386: ffffff;
  19387: ffffff;
  19388: ffffff;
  19389: fdfdfd;
  19390: ffffff;
  19391: fefefe;
  19392: fdfdfd;
  19393: ffffff;
  19394: ffffff;
  19395: fcfcfc;
  19396: ffffff;
  19397: ffffff;
  19398: fefefe;
  19399: ffffff;
  19400: ffffff;
  19401: ffffff;
  19402: fefefe;
  19403: ffffff;
  19404: ffffff;
  19405: ffffff;
  19406: ffffff;
  19407: fefefe;
  19408: ffffff;
  19409: ffffff;
  19410: fefefe;
  19411: fefefe;
  19412: ffffff;
  19413: ffffff;
  19414: fcfcfc;
  19415: ffffff;
  19416: fdfdfd;
  19417: fefefe;
  19418: ffffff;
  19419: ffffff;
  19420: fdfdfd;
  19421: fcfcfc;
  19422: ffffff;
  19423: ffffff;
  19424: fefefe;
  19425: ffffff;
  19426: fcfcfc;
  19427: fdfdfd;
  19428: ffffff;
  19429: ffffff;
  19430: ffffff;
  19431: ffffff;
  19432: fefefe;
  19433: ffffff;
  19434: ffffff;
  19435: ffffff;
  19436: fdfdfd;
  19437: fefefe;
  19438: ffffff;
  19439: ffffff;
  19440: ffffff;
  19441: fefefe;
  19442: ffffff;
  19443: fdfdfd;
  19444: fefefe;
  19445: ffffff;
  19446: ffffff;
  19447: ffffff;
  19448: ffffff;
  19449: ffffff;
  19450: ffffff;
  19451: ffffff;
  19452: ffffff;
  19453: ffffff;
  19454: ffffff;
  19455: ffffff;
  19456: ffffff;
  19457: ffffff;
  19458: ffffff;
  19459: ffffff;
  19460: ffffff;
  19461: ffffff;
  19462: ffffff;
  19463: ffffff;
  19464: ffffff;
  19465: ffffff;
  19466: ffffff;
  19467: ffffff;
  19468: ffffff;
  19469: ffffff;
  19470: ffffff;
  19471: ffffff;
  19472: ffffff;
  19473: ffffff;
  19474: ffffff;
  19475: ffffff;
  19476: ffffff;
  19477: ffffff;
  19478: ffffff;
  19479: ffffff;
  19480: ffffff;
  19481: ffffff;
  19482: ffffff;
  19483: ffffff;
  19484: ffffff;
  19485: ffffff;
  19486: ffffff;
  19487: ffffff;
  19488: ffffff;
  19489: ffffff;
  19490: a3a3a3;
  19491: 20202;
  19492: 0;
  19493: 40404;
  19494: 101010;
  19495: b0b0b0;
  19496: ffffff;
  19497: fefefe;
  19498: ffffff;
  19499: ffffff;
  19500: fdfdfd;
  19501: ffffff;
  19502: a2a2a2;
  19503: c0c0c;
  19504: 0;
  19505: 10101;
  19506: 70707;
  19507: bcbcbc;
  19508: ffffff;
  19509: ffffff;
  19510: ffffff;
  19511: fefefe;
  19512: ffffff;
  19513: ffffff;
  19514: ffffff;
  19515: ffffff;
  19516: ffffff;
  19517: ffffff;
  19518: ffffff;
  19519: ffffff;
  19520: ffffff;
  19521: ffffff;
  19522: ffffff;
  19523: ffffff;
  19524: ffffff;
  19525: ffffff;
  19526: ffffff;
  19527: ffffff;
  19528: ffffff;
  19529: ffffff;
  19530: ffffff;
  19531: ffffff;
  19532: ffffff;
  19533: ffffff;
  19534: ffffff;
  19535: ffffff;
  19536: ffffff;
  19537: ffffff;
  19538: ffffff;
  19539: ffffff;
  19540: ffffff;
  19541: ffffff;
  19542: ffffff;
  19543: ffffff;
  19544: ffffff;
  19545: ffffff;
  19546: ffffff;
  19547: ffffff;
  19548: ffffff;
  19549: ffffff;
  19550: ffffff;
  19551: ffffff;
  19552: ffffff;
  19553: ffffff;
  19554: ffffff;
  19555: ffffff;
  19556: ffffff;
  19557: ffffff;
  19558: ffffff;
  19559: ffffff;
  19560: ffffff;
  19561: ffffff;
  19562: ffffff;
  19563: ffffff;
  19564: ffffff;
  19565: ffffff;
  19566: ffffff;
  19567: ffffff;
  19568: ffffff;
  19569: ffffff;
  19570: ffffff;
  19571: ffffff;
  19572: ffffff;
  19573: ffffff;
  19574: ffffff;
  19575: ffffff;
  19576: ffffff;
  19577: ffffff;
  19578: ffffff;
  19579: ffffff;
  19580: ffffff;
  19581: ffffff;
  19582: ffffff;
  19583: ffffff;
  19584: ffffff;
  19585: ffffff;
  19586: ffffff;
  19587: ffffff;
  19588: ffffff;
  19589: ffffff;
  19590: ffffff;
  19591: ffffff;
  19592: ffffff;
  19593: ffffff;
  19594: ffffff;
  19595: ffffff;
  19596: ffffff;
  19597: ffffff;
  19598: ffffff;
  19599: ffffff;
  19600: ffffff;
  19601: ffffff;
  19602: ffffff;
  19603: ffffff;
  19604: ffffff;
  19605: ffffff;
  19606: ffffff;
  19607: ffffff;
  19608: ffffff;
  19609: ffffff;
  19610: ffffff;
  19611: ffffff;
  19612: ffffff;
  19613: ffffff;
  19614: ffffff;
  19615: ffffff;
  19616: ffffff;
  19617: fdfdfd;
  19618: dcdcdc;
  19619: 232323;
  19620: 0;
  19621: 10101;
  19622: 10101;
  19623: 505050;
  19624: b5b5b5;
  19625: eaeaea;
  19626: fdfdfd;
  19627: ffffff;
  19628: e8e8e8;
  19629: b6b6b6;
  19630: 4b4b4b;
  19631: 0;
  19632: 0;
  19633: 0;
  19634: 363636;
  19635: e3e3e3;
  19636: ffffff;
  19637: ffffff;
  19638: fefefe;
  19639: ffffff;
  19640: ffffff;
  19641: ffffff;
  19642: ffffff;
  19643: ffffff;
  19644: ffffff;
  19645: ffffff;
  19646: ffffff;
  19647: ffffff;
  19648: ffffff;
  19649: ffffff;
  19650: ffffff;
  19651: ffffff;
  19652: ffffff;
  19653: ffffff;
  19654: ffffff;
  19655: ffffff;
  19656: ffffff;
  19657: ffffff;
  19658: ffffff;
  19659: ffffff;
  19660: ffffff;
  19661: ffffff;
  19662: ffffff;
  19663: ffffff;
  19664: ffffff;
  19665: ffffff;
  19666: ffffff;
  19667: ffffff;
  19668: ffffff;
  19669: ffffff;
  19670: ffffff;
  19671: ffffff;
  19672: ffffff;
  19673: ffffff;
  19674: ffffff;
  19675: ffffff;
  19676: ffffff;
  19677: ffffff;
  19678: ffffff;
  19679: ffffff;
  19680: ffffff;
  19681: ffffff;
  19682: ffffff;
  19683: ffffff;
  19684: ffffff;
  19685: ffffff;
  19686: ffffff;
  19687: ffffff;
  19688: ffffff;
  19689: ffffff;
  19690: ffffff;
  19691: ffffff;
  19692: ffffff;
  19693: ffffff;
  19694: ffffff;
  19695: ffffff;
  19696: ffffff;
  19697: ffffff;
  19698: ffffff;
  19699: ffffff;
  19700: ffffff;
  19701: ffffff;
  19702: ffffff;
  19703: ffffff;
  19704: ffffff;
  19705: ffffff;
  19706: ffffff;
  19707: ffffff;
  19708: ffffff;
  19709: ffffff;
  19710: ffffff;
  19711: ffffff;
  19712: ffffff;
  19713: ffffff;
  19714: ffffff;
  19715: ffffff;
  19716: ffffff;
  19717: ffffff;
  19718: ffffff;
  19719: ffffff;
  19720: ffffff;
  19721: ffffff;
  19722: ffffff;
  19723: ffffff;
  19724: ffffff;
  19725: ffffff;
  19726: ffffff;
  19727: ffffff;
  19728: ffffff;
  19729: ffffff;
  19730: ffffff;
  19731: ffffff;
  19732: ffffff;
  19733: ffffff;
  19734: ffffff;
  19735: ffffff;
  19736: ffffff;
  19737: ffffff;
  19738: ffffff;
  19739: ffffff;
  19740: ffffff;
  19741: ffffff;
  19742: ffffff;
  19743: ffffff;
  19744: ffffff;
  19745: fbfbfb;
  19746: f7f7f7;
  19747: 676767;
  19748: 0;
  19749: 10101;
  19750: 0;
  19751: 50505;
  19752: 4d4d4d;
  19753: 9d9d9d;
  19754: c1c1c1;
  19755: c2c2c2;
  19756: 9b9b9b;
  19757: 525252;
  19758: 40404;
  19759: 0;
  19760: 0;
  19761: 80808;
  19762: 808080;
  19763: fcfcfc;
  19764: fefefe;
  19765: ffffff;
  19766: fefefe;
  19767: ffffff;
  19768: ffffff;
  19769: ffffff;
  19770: ffffff;
  19771: ffffff;
  19772: ffffff;
  19773: ffffff;
  19774: ffffff;
  19775: ffffff;
  19776: ffffff;
  19777: ffffff;
  19778: ffffff;
  19779: ffffff;
  19780: ffffff;
  19781: ffffff;
  19782: ffffff;
  19783: ffffff;
  19784: ffffff;
  19785: ffffff;
  19786: ffffff;
  19787: ffffff;
  19788: ffffff;
  19789: ffffff;
  19790: ffffff;
  19791: ffffff;
  19792: ffffff;
  19793: ffffff;
  19794: ffffff;
  19795: ffffff;
  19796: ffffff;
  19797: ffffff;
  19798: ffffff;
  19799: ffffff;
  19800: ffffff;
  19801: ffffff;
  19802: ffffff;
  19803: ffffff;
  19804: ffffff;
  19805: ffffff;
  19806: ffffff;
  19807: ffffff;
  19808: ffffff;
  19809: ffffff;
  19810: ffffff;
  19811: ffffff;
  19812: ffffff;
  19813: ffffff;
  19814: ffffff;
  19815: ffffff;
  19816: ffffff;
  19817: ffffff;
  19818: ffffff;
  19819: ffffff;
  19820: ffffff;
  19821: ffffff;
  19822: ffffff;
  19823: ffffff;
  19824: ffffff;
  19825: ffffff;
  19826: ffffff;
  19827: ffffff;
  19828: ffffff;
  19829: ffffff;
  19830: ffffff;
  19831: ffffff;
  19832: ffffff;
  19833: ffffff;
  19834: ffffff;
  19835: ffffff;
  19836: ffffff;
  19837: ffffff;
  19838: ffffff;
  19839: ffffff;
  19840: ffffff;
  19841: ffffff;
  19842: ffffff;
  19843: ffffff;
  19844: ffffff;
  19845: ffffff;
  19846: ffffff;
  19847: ffffff;
  19848: ffffff;
  19849: ffffff;
  19850: ffffff;
  19851: ffffff;
  19852: ffffff;
  19853: ffffff;
  19854: ffffff;
  19855: ffffff;
  19856: ffffff;
  19857: ffffff;
  19858: ffffff;
  19859: ffffff;
  19860: ffffff;
  19861: ffffff;
  19862: ffffff;
  19863: ffffff;
  19864: ffffff;
  19865: ffffff;
  19866: ffffff;
  19867: ffffff;
  19868: ffffff;
  19869: ffffff;
  19870: ffffff;
  19871: ffffff;
  19872: fdfdfd;
  19873: ffffff;
  19874: fcfcfc;
  19875: c2c2c2;
  19876: 272727;
  19877: 0;
  19878: 30303;
  19879: 30303;
  19880: d0d0d;
  19881: 2e2e2e;
  19882: 444444;
  19883: 414141;
  19884: 303030;
  19885: 121212;
  19886: 0;
  19887: 40404;
  19888: 0;
  19889: 353535;
  19890: d0d0d0;
  19891: fdfdfd;
  19892: ffffff;
  19893: fefefe;
  19894: ffffff;
  19895: fdfdfd;
  19896: ffffff;
  19897: ffffff;
  19898: ffffff;
  19899: ffffff;
  19900: ffffff;
  19901: ffffff;
  19902: ffffff;
  19903: ffffff;
  19904: ffffff;
  19905: ffffff;
  19906: ffffff;
  19907: ffffff;
  19908: ffffff;
  19909: ffffff;
  19910: ffffff;
  19911: ffffff;
  19912: ffffff;
  19913: ffffff;
  19914: ffffff;
  19915: ffffff;
  19916: ffffff;
  19917: ffffff;
  19918: ffffff;
  19919: ffffff;
  19920: ffffff;
  19921: ffffff;
  19922: ffffff;
  19923: ffffff;
  19924: ffffff;
  19925: ffffff;
  19926: ffffff;
  19927: ffffff;
  19928: ffffff;
  19929: ffffff;
  19930: ffffff;
  19931: ffffff;
  19932: ffffff;
  19933: ffffff;
  19934: ffffff;
  19935: ffffff;
  19936: ffffff;
  19937: ffffff;
  19938: ffffff;
  19939: ffffff;
  19940: ffffff;
  19941: ffffff;
  19942: ffffff;
  19943: ffffff;
  19944: ffffff;
  19945: ffffff;
  19946: ffffff;
  19947: ffffff;
  19948: ffffff;
  19949: ffffff;
  19950: ffffff;
  19951: ffffff;
  19952: ffffff;
  19953: ffffff;
  19954: ffffff;
  19955: ffffff;
  19956: ffffff;
  19957: ffffff;
  19958: ffffff;
  19959: ffffff;
  19960: ffffff;
  19961: ffffff;
  19962: ffffff;
  19963: ffffff;
  19964: ffffff;
  19965: ffffff;
  19966: ffffff;
  19967: ffffff;
  19968: ffffff;
  19969: ffffff;
  19970: ffffff;
  19971: ffffff;
  19972: ffffff;
  19973: ffffff;
  19974: ffffff;
  19975: ffffff;
  19976: ffffff;
  19977: ffffff;
  19978: ffffff;
  19979: ffffff;
  19980: ffffff;
  19981: ffffff;
  19982: ffffff;
  19983: ffffff;
  19984: ffffff;
  19985: ffffff;
  19986: ffffff;
  19987: ffffff;
  19988: ffffff;
  19989: ffffff;
  19990: ffffff;
  19991: ffffff;
  19992: ffffff;
  19993: ffffff;
  19994: ffffff;
  19995: ffffff;
  19996: ffffff;
  19997: ffffff;
  19998: ffffff;
  19999: ffffff;
  20000: fefefe;
  20001: ffffff;
  20002: fefefe;
  20003: f7f7f7;
  20004: 898989;
  20005: 202020;
  20006: 0;
  20007: 0;
  20008: 0;
  20009: 0;
  20010: 40404;
  20011: 0;
  20012: 0;
  20013: 0;
  20014: 0;
  20015: 0;
  20016: 252525;
  20017: 8f8f8f;
  20018: ffffff;
  20019: fefefe;
  20020: ffffff;
  20021: fcfcfc;
  20022: ffffff;
  20023: fdfdfd;
  20024: ffffff;
  20025: ffffff;
  20026: ffffff;
  20027: ffffff;
  20028: ffffff;
  20029: ffffff;
  20030: ffffff;
  20031: ffffff;
  20032: ffffff;
  20033: ffffff;
  20034: ffffff;
  20035: ffffff;
  20036: ffffff;
  20037: ffffff;
  20038: ffffff;
  20039: ffffff;
  20040: ffffff;
  20041: ffffff;
  20042: ffffff;
  20043: ffffff;
  20044: ffffff;
  20045: ffffff;
  20046: ffffff;
  20047: ffffff;
  20048: ffffff;
  20049: ffffff;
  20050: ffffff;
  20051: ffffff;
  20052: ffffff;
  20053: ffffff;
  20054: ffffff;
  20055: ffffff;
  20056: ffffff;
  20057: ffffff;
  20058: ffffff;
  20059: ffffff;
  20060: ffffff;
  20061: ffffff;
  20062: ffffff;
  20063: ffffff;
  20064: ffffff;
  20065: ffffff;
  20066: ffffff;
  20067: ffffff;
  20068: ffffff;
  20069: ffffff;
  20070: ffffff;
  20071: ffffff;
  20072: ffffff;
  20073: ffffff;
  20074: ffffff;
  20075: ffffff;
  20076: ffffff;
  20077: ffffff;
  20078: ffffff;
  20079: ffffff;
  20080: ffffff;
  20081: ffffff;
  20082: ffffff;
  20083: ffffff;
  20084: ffffff;
  20085: ffffff;
  20086: ffffff;
  20087: ffffff;
  20088: ffffff;
  20089: ffffff;
  20090: ffffff;
  20091: ffffff;
  20092: ffffff;
  20093: ffffff;
  20094: ffffff;
  20095: ffffff;
  20096: ffffff;
  20097: ffffff;
  20098: ffffff;
  20099: ffffff;
  20100: ffffff;
  20101: ffffff;
  20102: ffffff;
  20103: ffffff;
  20104: ffffff;
  20105: ffffff;
  20106: ffffff;
  20107: ffffff;
  20108: ffffff;
  20109: ffffff;
  20110: ffffff;
  20111: ffffff;
  20112: ffffff;
  20113: ffffff;
  20114: ffffff;
  20115: ffffff;
  20116: ffffff;
  20117: ffffff;
  20118: ffffff;
  20119: ffffff;
  20120: ffffff;
  20121: ffffff;
  20122: ffffff;
  20123: ffffff;
  20124: ffffff;
  20125: ffffff;
  20126: ffffff;
  20127: ffffff;
  20128: ffffff;
  20129: fdfdfd;
  20130: fefefe;
  20131: fefefe;
  20132: e2e2e2;
  20133: 757575;
  20134: 181818;
  20135: 90909;
  20136: 10101;
  20137: 20202;
  20138: 0;
  20139: 0;
  20140: 0;
  20141: 30303;
  20142: 30303;
  20143: 1a1a1a;
  20144: 7c7c7c;
  20145: e6e6e6;
  20146: ffffff;
  20147: ffffff;
  20148: ffffff;
  20149: fefefe;
  20150: ffffff;
  20151: fefefe;
  20152: ffffff;
  20153: ffffff;
  20154: ffffff;
  20155: ffffff;
  20156: ffffff;
  20157: ffffff;
  20158: ffffff;
  20159: ffffff;
  20160: ffffff;
  20161: ffffff;
  20162: ffffff;
  20163: ffffff;
  20164: ffffff;
  20165: ffffff;
  20166: ffffff;
  20167: ffffff;
  20168: ffffff;
  20169: ffffff;
  20170: ffffff;
  20171: ffffff;
  20172: ffffff;
  20173: ffffff;
  20174: ffffff;
  20175: ffffff;
  20176: ffffff;
  20177: ffffff;
  20178: ffffff;
  20179: ffffff;
  20180: ffffff;
  20181: ffffff;
  20182: ffffff;
  20183: ffffff;
  20184: ffffff;
  20185: ffffff;
  20186: ffffff;
  20187: ffffff;
  20188: ffffff;
  20189: ffffff;
  20190: ffffff;
  20191: ffffff;
  20192: ffffff;
  20193: ffffff;
  20194: ffffff;
  20195: ffffff;
  20196: ffffff;
  20197: ffffff;
  20198: ffffff;
  20199: ffffff;
  20200: ffffff;
  20201: ffffff;
  20202: ffffff;
  20203: ffffff;
  20204: ffffff;
  20205: ffffff;
  20206: ffffff;
  20207: ffffff;
  20208: ffffff;
  20209: ffffff;
  20210: ffffff;
  20211: ffffff;
  20212: ffffff;
  20213: ffffff;
  20214: ffffff;
  20215: ffffff;
  20216: ffffff;
  20217: ffffff;
  20218: ffffff;
  20219: ffffff;
  20220: ffffff;
  20221: ffffff;
  20222: ffffff;
  20223: ffffff;
  20224: ffffff;
  20225: ffffff;
  20226: ffffff;
  20227: ffffff;
  20228: ffffff;
  20229: ffffff;
  20230: ffffff;
  20231: ffffff;
  20232: ffffff;
  20233: ffffff;
  20234: ffffff;
  20235: ffffff;
  20236: ffffff;
  20237: ffffff;
  20238: ffffff;
  20239: ffffff;
  20240: ffffff;
  20241: ffffff;
  20242: ffffff;
  20243: ffffff;
  20244: ffffff;
  20245: ffffff;
  20246: ffffff;
  20247: ffffff;
  20248: ffffff;
  20249: ffffff;
  20250: ffffff;
  20251: ffffff;
  20252: ffffff;
  20253: ffffff;
  20254: ffffff;
  20255: ffffff;
  20256: fefefe;
  20257: ffffff;
  20258: ffffff;
  20259: ffffff;
  20260: ffffff;
  20261: cecece;
  20262: 888888;
  20263: 5d5d5d;
  20264: 303030;
  20265: 151515;
  20266: 0;
  20267: 10101;
  20268: 151515;
  20269: 343434;
  20270: 595959;
  20271: 8f8f8f;
  20272: d4d4d4;
  20273: ffffff;
  20274: fbfbfb;
  20275: fefefe;
  20276: fdfdfd;
  20277: ffffff;
  20278: ffffff;
  20279: fefefe;
  20280: ffffff;
  20281: ffffff;
  20282: ffffff;
  20283: ffffff;
  20284: ffffff;
  20285: ffffff;
  20286: ffffff;
  20287: ffffff;
  20288: ffffff;
  20289: ffffff;
  20290: ffffff;
  20291: ffffff;
  20292: ffffff;
  20293: ffffff;
  20294: ffffff;
  20295: ffffff;
  20296: ffffff;
  20297: ffffff;
  20298: ffffff;
  20299: ffffff;
  20300: ffffff;
  20301: ffffff;
  20302: ffffff;
  20303: ffffff;
  20304: ffffff;
  20305: ffffff;
  20306: ffffff;
  20307: ffffff;
  20308: ffffff;
  20309: ffffff;
  20310: ffffff;
  20311: ffffff;
  20312: ffffff;
  20313: ffffff;
  20314: ffffff;
  20315: ffffff;
  20316: ffffff;
  20317: ffffff;
  20318: ffffff;
  20319: ffffff;
  20320: ffffff;
  20321: ffffff;
  20322: ffffff;
  20323: ffffff;
  20324: ffffff;
  20325: ffffff;
  20326: ffffff;
  20327: ffffff;
  20328: ffffff;
  20329: ffffff;
  20330: ffffff;
  20331: ffffff;
  20332: ffffff;
  20333: ffffff;
  20334: ffffff;
  20335: ffffff;
  20336: ffffff;
  20337: ffffff;
  20338: ffffff;
  20339: ffffff;
  20340: ffffff;
  20341: ffffff;
  20342: ffffff;
  20343: ffffff;
  20344: ffffff;
  20345: ffffff;
  20346: ffffff;
  20347: ffffff;
  20348: ffffff;
  20349: ffffff;
  20350: ffffff;
  20351: ffffff;
  20352: ffffff;
  20353: ffffff;
  20354: ffffff;
  20355: ffffff;
  20356: ffffff;
  20357: ffffff;
  20358: ffffff;
  20359: ffffff;
  20360: ffffff;
  20361: ffffff;
  20362: ffffff;
  20363: ffffff;
  20364: ffffff;
  20365: ffffff;
  20366: ffffff;
  20367: ffffff;
  20368: ffffff;
  20369: ffffff;
  20370: ffffff;
  20371: ffffff;
  20372: ffffff;
  20373: ffffff;
  20374: ffffff;
  20375: ffffff;
  20376: ffffff;
  20377: ffffff;
  20378: ffffff;
  20379: ffffff;
  20380: ffffff;
  20381: ffffff;
  20382: ffffff;
  20383: ffffff;
  20384: ffffff;
  20385: ffffff;
  20386: fdfdfd;
  20387: fefefe;
  20388: ffffff;
  20389: ffffff;
  20390: fcfcfc;
  20391: afafaf;
  20392: 616161;
  20393: 242424;
  20394: 70707;
  20395: 50505;
  20396: 232323;
  20397: 5d5d5d;
  20398: b4b4b4;
  20399: fbfbfb;
  20400: fefefe;
  20401: fbfbfb;
  20402: ffffff;
  20403: fefefe;
  20404: fefefe;
  20405: ffffff;
  20406: fefefe;
  20407: ffffff;
  20408: ffffff;
  20409: ffffff;
  20410: ffffff;
  20411: ffffff;
  20412: ffffff;
  20413: ffffff;
  20414: ffffff;
  20415: ffffff;
  20416: ffffff;
  20417: ffffff;
  20418: ffffff;
  20419: ffffff;
  20420: ffffff;
  20421: ffffff;
  20422: ffffff;
  20423: ffffff;
  20424: ffffff;
  20425: ffffff;
  20426: ffffff;
  20427: ffffff;
  20428: ffffff;
  20429: ffffff;
  20430: ffffff;
  20431: ffffff;
  20432: ffffff;
  20433: ffffff;
  20434: ffffff;
  20435: ffffff;
  20436: ffffff;
  20437: ffffff;
  20438: ffffff;
  20439: ffffff;
  20440: ffffff;
  20441: ffffff;
  20442: ffffff;
  20443: ffffff;
  20444: ffffff;
  20445: ffffff;
  20446: ffffff;
  20447: ffffff;
  20448: ffffff;
  20449: ffffff;
  20450: ffffff;
  20451: ffffff;
  20452: ffffff;
  20453: ffffff;
  20454: ffffff;
  20455: ffffff;
  20456: ffffff;
  20457: ffffff;
  20458: ffffff;
  20459: ffffff;
  20460: ffffff;
  20461: ffffff;
  20462: ffffff;
  20463: ffffff;
  20464: ffffff;
  20465: ffffff;
  20466: ffffff;
  20467: ffffff;
  20468: ffffff;
  20469: ffffff;
  20470: ffffff;
  20471: ffffff;
  20472: ffffff;
  20473: ffffff;
  20474: ffffff;
  20475: ffffff;
  20476: ffffff;
  20477: ffffff;
  20478: ffffff;
  20479: ffffff;
END;
