WIDTH=24;
DEPTH=20480;

ADDRESS_RADIX=UNS;
DATA_RADIX=HEX;

CONTENT BEGIN
  0: fcfcfc;
  1: fcfcfc;
  2: fcfcfc;
  3: fcfcfc;
  4: fcfcfc;
  5: fcfcfc;
  6: fcfcfc;
  7: fcfcfc;
  8: fcfcfc;
  9: fcfcfc;
  10: fdfdfd;
  11: fdfdfd;
  12: fdfdfd;
  13: fdfdfd;
  14: fcfcfc;
  15: fcfcfc;
  16: fcfcfc;
  17: fcfcfc;
  18: fcfcfc;
  19: fcfcfc;
  20: fcfcfc;
  21: fcfcfc;
  22: fcfcfc;
  23: fcfcfc;
  24: fdfdfd;
  25: fdfdfd;
  26: fdfdfd;
  27: fcfcfc;
  28: fcfcfc;
  29: fcfcfc;
  30: fcfcfc;
  31: fcfcfe;
  32: fdfbff;
  33: fafbff;
  34: f5fefb;
  35: f5fffa;
  36: fcfef9;
  37: fefefc;
  38: fffcfd;
  39: fdfbfe;
  40: fefcff;
  41: fcfcfe;
  42: fdfdfb;
  43: fdfef9;
  44: fbfef7;
  45: fafcf7;
  46: fafafa;
  47: fcfcfc;
  48: f9f9f9;
  49: fefffb;
  50: f9fffb;
  51: f5fff6;
  52: f8f8f6;
  53: f7f9f8;
  54: f9ffff;
  55: effbfb;
  56: f3fcfb;
  57: f8fcfb;
  58: f7f2ee;
  59: fffdf5;
  60: fffcf4;
  61: fcfaee;
  62: fdfaf3;
  63: fcfcf4;
  64: fcfef3;
  65: f9fbf0;
  66: f8faef;
  67: fafcf1;
  68: fbfbef;
  69: f9f9ef;
  70: f7f8f0;
  71: f8f7f3;
  72: fbf6fa;
  73: fef9fd;
  74: fcfafb;
  75: f7fcf6;
  76: f1fbf3;
  77: f3fdf5;
  78: fcfdff;
  79: fffdff;
  80: faf9fe;
  81: fafbff;
  82: f6fcfc;
  83: fafeff;
  84: fff9fb;
  85: fffbfd;
  86: fbfbf9;
  87: fafffb;
  88: f9fffb;
  89: fafffb;
  90: fbfdfc;
  91: fcfcfc;
  92: fdfcfa;
  93: fcfdf8;
  94: fbfdf8;
  95: f9fef8;
  96: fcfcfa;
  97: fcfcfc;
  98: fcfcfc;
  99: fdfdfd;
  100: fdfdfd;
  101: fdfdfd;
  102: fdfdfd;
  103: fdfdfd;
  104: fcfcfc;
  105: fcfcfc;
  106: fcfcfc;
  107: fcfcfc;
  108: fcfcfc;
  109: fcfcfc;
  110: fcfcfc;
  111: fcfcfc;
  112: fdfdfd;
  113: fefefe;
  114: fefefe;
  115: fcfcfc;
  116: fcfcfc;
  117: fcfcfc;
  118: fcfcfc;
  119: fcfcfc;
  120: fcfcfc;
  121: fcfcfc;
  122: fdfdfd;
  123: fdfdfd;
  124: fdfdfd;
  125: fdfdfd;
  126: fdfdfd;
  127: fdfdfd;
  128: fcfcfc;
  129: fcfcfc;
  130: fcfcfc;
  131: fcfcfc;
  132: fcfcfc;
  133: fcfcfc;
  134: fcfcfc;
  135: fcfcfc;
  136: fcfcfc;
  137: fcfcfc;
  138: fdfdfd;
  139: fdfdfd;
  140: fdfdfd;
  141: fdfdfd;
  142: fcfcfc;
  143: fcfcfc;
  144: fcfcfc;
  145: fcfcfc;
  146: fcfcfc;
  147: fcfcfc;
  148: fcfcfc;
  149: fcfcfc;
  150: fcfcfc;
  151: fcfcfc;
  152: fdfdfd;
  153: fdfdfd;
  154: fdfdfd;
  155: fcfcfc;
  156: fcfcfc;
  157: fcfcfc;
  158: fcfcfc;
  159: fcfcfe;
  160: fcfbff;
  161: fbfcff;
  162: f8fefc;
  163: f8fefa;
  164: fcfef9;
  165: fefffa;
  166: fdfdfb;
  167: fcfcfc;
  168: fdfbfe;
  169: fcfafd;
  170: fcfcfc;
  171: fbfdfa;
  172: f8fdf7;
  173: f7fcf6;
  174: f8faf9;
  175: fafcfb;
  176: fafefd;
  177: f6fcf8;
  178: f6fcf8;
  179: f2f8f4;
  180: f4f4f4;
  181: f6f6f6;
  182: f7fbfc;
  183: f2f6f5;
  184: f7f7f5;
  185: f7edeb;
  186: ffe7e3;
  187: fff2ef;
  188: ffe5df;
  189: ffdbd5;
  190: ffdad6;
  191: ffd5d1;
  192: ffd8d4;
  193: ffdeda;
  194: ffece7;
  195: ffefea;
  196: ffeae4;
  197: ffede7;
  198: fffaf3;
  199: fffdf8;
  200: fffefd;
  201: f0f0f0;
  202: f5f7f6;
  203: f7fcf8;
  204: f1f7f3;
  205: fbfffd;
  206: fafafa;
  207: fbfbfd;
  208: fafafa;
  209: fafcfb;
  210: f7fbfa;
  211: fbfdfc;
  212: fef9fd;
  213: fffdfe;
  214: fdfdfd;
  215: fbfffc;
  216: fafffb;
  217: fcfefb;
  218: fcfcfc;
  219: fdfbfc;
  220: fcfcfe;
  221: fcfcfc;
  222: fcfdf8;
  223: fcfdf8;
  224: fcfcfa;
  225: fcfcfc;
  226: fcfcfc;
  227: fdfdfd;
  228: fdfdfd;
  229: fdfdfd;
  230: fdfdfd;
  231: fdfdfd;
  232: fcfcfc;
  233: fcfcfc;
  234: fcfcfc;
  235: fcfcfc;
  236: fcfcfc;
  237: fcfcfc;
  238: fcfcfc;
  239: fcfcfc;
  240: fdfdfd;
  241: fefefe;
  242: fefefe;
  243: fcfcfc;
  244: fcfcfc;
  245: fcfcfc;
  246: fcfcfc;
  247: fcfcfc;
  248: fcfcfc;
  249: fcfcfc;
  250: fdfdfd;
  251: fdfdfd;
  252: fdfdfd;
  253: fdfdfd;
  254: fdfdfd;
  255: fdfdfd;
  256: fcfcfc;
  257: fcfcfc;
  258: fcfcfc;
  259: fcfcfc;
  260: fcfcfc;
  261: fcfcfc;
  262: fcfcfc;
  263: fcfcfc;
  264: fcfcfc;
  265: fcfcfc;
  266: fdfdfd;
  267: fdfdfd;
  268: fdfdfd;
  269: fdfdfd;
  270: fcfcfc;
  271: fcfcfc;
  272: fcfcfc;
  273: fcfcfc;
  274: fcfcfc;
  275: fcfcfc;
  276: fcfcfc;
  277: fcfcfc;
  278: fcfcfc;
  279: fdfdfd;
  280: fdfdfd;
  281: fdfdfd;
  282: fdfdfd;
  283: fcfcfc;
  284: fcfcfc;
  285: fcfcfc;
  286: fcfcfc;
  287: fcfcfc;
  288: fcfcfe;
  289: fcfcfe;
  290: fcfcfe;
  291: fdfbfc;
  292: fdfef9;
  293: fdfff9;
  294: f9fff8;
  295: f9fef8;
  296: fdfbfc;
  297: fffafe;
  298: fcfcfe;
  299: fafefd;
  300: f8fefa;
  301: f4fdf8;
  302: f6fcf8;
  303: f5fefb;
  304: f3fefa;
  305: f4fffb;
  306: f1f6f9;
  307: fafbff;
  308: fffdff;
  309: fffdff;
  310: fffbfa;
  311: fbf3f0;
  312: fff6f0;
  313: fff4ef;
  314: ffd5d4;
  315: ffa6a7;
  316: e87477;
  317: e66061;
  318: e14c4e;
  319: c82c2f;
  320: d03437;
  321: df4448;
  322: dd484e;
  323: da5359;
  324: f68589;
  325: ffc5c8;
  326: ffe5e3;
  327: ffe8e3;
  328: f7f4eb;
  329: f4fef5;
  330: f8ffff;
  331: f1faf9;
  332: f6f7fb;
  333: fdfbfe;
  334: fcfcfa;
  335: f9faf5;
  336: fbfcf6;
  337: fcfdf7;
  338: fbfaf6;
  339: fffcfd;
  340: fcfafd;
  341: fefdff;
  342: fdfdff;
  343: fefefe;
  344: fdfdfb;
  345: fefdfb;
  346: fffafe;
  347: fffaff;
  348: fbfcff;
  349: fbfcff;
  350: fffbfc;
  351: fffbfa;
  352: fdfbfc;
  353: fcfcfc;
  354: fcfcfc;
  355: fdfdfd;
  356: fdfdfd;
  357: fdfdfd;
  358: fdfdfd;
  359: fdfdfd;
  360: fcfcfc;
  361: fcfcfc;
  362: fcfcfc;
  363: fcfcfc;
  364: fcfcfc;
  365: fcfcfc;
  366: fcfcfc;
  367: fcfcfc;
  368: fdfdfd;
  369: fefefe;
  370: fefefe;
  371: fcfcfc;
  372: fcfcfc;
  373: fcfcfc;
  374: fcfcfc;
  375: fcfcfc;
  376: fcfcfc;
  377: fcfcfc;
  378: fdfdfd;
  379: fdfdfd;
  380: fdfdfd;
  381: fdfdfd;
  382: fdfdfd;
  383: fdfdfd;
  384: fcfcfc;
  385: fcfcfc;
  386: fcfcfc;
  387: fcfcfc;
  388: fcfcfc;
  389: fcfcfc;
  390: fcfcfc;
  391: fcfcfc;
  392: fcfcfc;
  393: fcfcfc;
  394: fdfdfd;
  395: fdfdfd;
  396: fdfdfd;
  397: fdfdfd;
  398: fcfcfc;
  399: fcfcfc;
  400: fcfcfc;
  401: fcfcfc;
  402: fcfcfc;
  403: fcfcfc;
  404: fcfcfc;
  405: fcfcfc;
  406: fdfdfd;
  407: fdfdfd;
  408: fdfdfd;
  409: fdfdfd;
  410: fdfdfd;
  411: fcfcfc;
  412: fcfcfc;
  413: fcfcfc;
  414: fcfcfc;
  415: fcfcfc;
  416: fcfcfc;
  417: fcfcfc;
  418: fdfbfe;
  419: fffbfc;
  420: fffcf9;
  421: fefff9;
  422: f7fff8;
  423: f8fff7;
  424: fdfbfc;
  425: fffbff;
  426: fdfbfe;
  427: fcfdff;
  428: f6fffc;
  429: f3fef8;
  430: f7fdf9;
  431: f8fefc;
  432: f3fcf9;
  433: f8ffff;
  434: fbfcff;
  435: fef8fc;
  436: fff4fa;
  437: ffeff2;
  438: ffe7e7;
  439: ffe2e0;
  440: ffbbb5;
  441: f28f8a;
  442: c84847;
  443: b31a1d;
  444: ba0d11;
  445: c80b0f;
  446: d50a0d;
  447: da080b;
  448: db0a10;
  449: d4050b;
  450: da0b15;
  451: d00e17;
  452: b80a13;
  453: bb2a2f;
  454: e0706e;
  455: fba69f;
  456: ffe1d6;
  457: ffe7dd;
  458: ffefeb;
  459: fff2f4;
  460: f2e7ed;
  461: fffbff;
  462: faf6f5;
  463: fcfbf6;
  464: fbfdf2;
  465: fdfff4;
  466: fefbf6;
  467: fffcfb;
  468: fcfaff;
  469: fefdff;
  470: fcfcfe;
  471: fdfdfd;
  472: fdfdfb;
  473: fefdfb;
  474: fffafe;
  475: fffaff;
  476: fcfbff;
  477: fbfbff;
  478: fffafe;
  479: fffafc;
  480: fdfbfc;
  481: fcfcfc;
  482: fcfcfc;
  483: fdfdfd;
  484: fdfdfd;
  485: fdfdfd;
  486: fdfdfd;
  487: fdfdfd;
  488: fcfcfc;
  489: fcfcfc;
  490: fcfcfc;
  491: fcfcfc;
  492: fcfcfc;
  493: fcfcfc;
  494: fcfcfc;
  495: fcfcfc;
  496: fdfdfd;
  497: fefefe;
  498: fefefe;
  499: fcfcfc;
  500: fcfcfc;
  501: fcfcfc;
  502: fcfcfc;
  503: fcfcfc;
  504: fcfcfc;
  505: fcfcfc;
  506: fdfdfd;
  507: fdfdfd;
  508: fdfdfd;
  509: fdfdfd;
  510: fdfdfd;
  511: fdfdfd;
  512: fcfcfc;
  513: fcfcfc;
  514: fcfcfc;
  515: fcfcfc;
  516: fcfcfc;
  517: fcfcfc;
  518: fcfcfc;
  519: fcfcfc;
  520: fcfcfc;
  521: fcfcfc;
  522: fdfdfd;
  523: fdfdfd;
  524: fdfdfd;
  525: fdfdfd;
  526: fcfcfc;
  527: fcfcfc;
  528: fcfcfc;
  529: fcfcfc;
  530: fcfcfc;
  531: fcfcfc;
  532: fcfcfc;
  533: fcfcfc;
  534: fdfdfd;
  535: fdfdfd;
  536: fdfdfd;
  537: fdfdfd;
  538: fdfdfd;
  539: fcfcfc;
  540: fcfcfc;
  541: fcfcfc;
  542: fcfcfc;
  543: fcfcfc;
  544: fffbfa;
  545: fdfcfa;
  546: fcfcfc;
  547: fefcfd;
  548: fffbfb;
  549: fffdfa;
  550: f9fff8;
  551: f8fff8;
  552: fcfafb;
  553: fffbff;
  554: fef9fd;
  555: fdfdfd;
  556: f6fffa;
  557: f2fbf6;
  558: fbfbfb;
  559: fbf9fc;
  560: fcf7fd;
  561: fcf7fd;
  562: fcf8f9;
  563: fff7f7;
  564: ffd6d5;
  565: ffb9b8;
  566: c64142;
  567: b10d0c;
  568: c81612;
  569: d91c16;
  570: dd130f;
  571: dc0a09;
  572: e30f0e;
  573: e61010;
  574: e20e0d;
  575: dd0908;
  576: db090c;
  577: df0a0c;
  578: e3060b;
  579: e5090b;
  580: e81013;
  581: e01212;
  582: d81511;
  583: d61e16;
  584: c91b14;
  585: b11c16;
  586: f78a87;
  587: ffcfcf;
  588: fff2f2;
  589: fdf3f4;
  590: fff7fa;
  591: fdf7f7;
  592: faf9f4;
  593: fcfdf5;
  594: fbfcf6;
  595: fefdfb;
  596: fef9fd;
  597: fffeff;
  598: fcfdff;
  599: fbfdfc;
  600: fcfef9;
  601: fdfef9;
  602: fffafc;
  603: fff9ff;
  604: fdfaff;
  605: fcfbff;
  606: fcfbff;
  607: fcfcfc;
  608: fcfcfc;
  609: fcfcfc;
  610: fdfdfd;
  611: fdfdfd;
  612: fdfdfd;
  613: fdfdfd;
  614: fdfdfd;
  615: fdfdfd;
  616: fcfcfc;
  617: fcfcfc;
  618: fcfcfc;
  619: fcfcfc;
  620: fcfcfc;
  621: fcfcfc;
  622: fcfcfc;
  623: fcfcfc;
  624: fdfdfd;
  625: fefefe;
  626: fefefe;
  627: fcfcfc;
  628: fcfcfc;
  629: fcfcfc;
  630: fcfcfc;
  631: fcfcfc;
  632: fcfcfc;
  633: fcfcfc;
  634: fdfdfd;
  635: fdfdfd;
  636: fdfdfd;
  637: fdfdfd;
  638: fdfdfd;
  639: fdfdfd;
  640: fcfcfc;
  641: fcfcfc;
  642: fcfcfc;
  643: fcfcfc;
  644: fcfcfc;
  645: fcfcfc;
  646: fcfcfc;
  647: fcfcfc;
  648: fcfcfc;
  649: fcfcfc;
  650: fdfdfd;
  651: fdfdfd;
  652: fdfdfd;
  653: fdfdfd;
  654: fcfcfc;
  655: fcfcfc;
  656: fcfcfc;
  657: fcfcfc;
  658: fcfcfc;
  659: fcfcfc;
  660: fcfcfc;
  661: fdfdfd;
  662: fdfdfd;
  663: fdfdfd;
  664: fdfdfd;
  665: fdfdfd;
  666: fdfdfd;
  667: fdfdfd;
  668: fcfcfc;
  669: fcfcfc;
  670: fcfcfc;
  671: fdfbfc;
  672: fffbfa;
  673: fdfcfa;
  674: fbfdfc;
  675: fdfdfd;
  676: fffdfe;
  677: fffdfc;
  678: fcfefb;
  679: fbfdfa;
  680: fcfafb;
  681: fffdfe;
  682: fdf9fa;
  683: fefdfb;
  684: f8fefa;
  685: f4faf6;
  686: fcfcfe;
  687: fef9fd;
  688: fff9fd;
  689: fff8fa;
  690: ffe9e9;
  691: ffd9d7;
  692: e88985;
  693: c33c39;
  694: cf1719;
  695: de1012;
  696: d50908;
  697: d30c07;
  698: d61412;
  699: d01715;
  700: c61616;
  701: c01817;
  702: c3211f;
  703: c22421;
  704: c12624;
  705: bb1b1b;
  706: c11416;
  707: c31111;
  708: c30f0e;
  709: ce1512;
  710: d7160f;
  711: d30801;
  712: e00c08;
  713: db110d;
  714: ba0e0c;
  715: b5312f;
  716: ffb3b2;
  717: ffebee;
  718: fff0f5;
  719: fff3f6;
  720: fbf6f2;
  721: f9fbf6;
  722: fafbf6;
  723: fcfcfa;
  724: fcfafd;
  725: fffeff;
  726: fdfdff;
  727: fcfefd;
  728: fcfef9;
  729: fdfef9;
  730: fffbfc;
  731: fffafe;
  732: fdfaff;
  733: fcfbff;
  734: fbfcff;
  735: fbfcfe;
  736: fcfcfc;
  737: fcfcfc;
  738: fdfdfd;
  739: fdfdfd;
  740: fdfdfd;
  741: fdfdfd;
  742: fdfdfd;
  743: fdfdfd;
  744: fcfcfc;
  745: fcfcfc;
  746: fcfcfc;
  747: fcfcfc;
  748: fcfcfc;
  749: fcfcfc;
  750: fcfcfc;
  751: fcfcfc;
  752: fdfdfd;
  753: fefefe;
  754: fefefe;
  755: fcfcfc;
  756: fcfcfc;
  757: fcfcfc;
  758: fcfcfc;
  759: fcfcfc;
  760: fcfcfc;
  761: fcfcfc;
  762: fdfdfd;
  763: fdfdfd;
  764: fdfdfd;
  765: fdfdfd;
  766: fdfdfd;
  767: fdfdfd;
  768: fcfcfc;
  769: fcfcfc;
  770: fcfcfc;
  771: fcfcfc;
  772: fcfcfc;
  773: fcfcfc;
  774: fcfcfc;
  775: fcfcfc;
  776: fcfcfc;
  777: fcfcfc;
  778: fdfdfd;
  779: fdfdfd;
  780: fdfdfd;
  781: fdfdfd;
  782: fcfcfc;
  783: fcfcfc;
  784: fcfcfc;
  785: fcfcfc;
  786: fcfcfc;
  787: fcfcfc;
  788: fcfcfc;
  789: fdfdfd;
  790: fdfdfd;
  791: fdfdfd;
  792: fdfdfd;
  793: fdfdfd;
  794: fdfdfd;
  795: fdfdfd;
  796: fdfdfd;
  797: fdfdfd;
  798: fdfdfd;
  799: fdfdfd;
  800: fefdfb;
  801: fcfcfa;
  802: fbfdfa;
  803: fcfefb;
  804: fdfeff;
  805: fefeff;
  806: fffbff;
  807: fffafe;
  808: fffbfc;
  809: fffffd;
  810: fcfbf7;
  811: fefffa;
  812: fcfefb;
  813: f5faf6;
  814: f9ffff;
  815: fbfbf9;
  816: fff6ed;
  817: fff3ea;
  818: fd9592;
  819: ad1919;
  820: cb1c19;
  821: d81614;
  822: d3070a;
  823: c90a0f;
  824: c22629;
  825: cd4f50;
  826: f58e91;
  827: ffc3c4;
  828: ffe5e4;
  829: ffeeeb;
  830: fff0ec;
  831: ffece8;
  832: ffebe6;
  833: ffeae6;
  834: ffe2e4;
  835: ffdfe1;
  836: ffdddc;
  837: ffbdb9;
  838: e27973;
  839: c33a34;
  840: d1241e;
  841: cd0704;
  842: e51312;
  843: dc1212;
  844: c61619;
  845: c4393c;
  846: ffa9ab;
  847: ffe9e9;
  848: fef4f2;
  849: f6fcfa;
  850: f9f9f9;
  851: fbf9fa;
  852: f8faf9;
  853: fdfffc;
  854: fdfdfb;
  855: fefdfb;
  856: fdfdfb;
  857: fcfcfa;
  858: fdfcfa;
  859: fdfcfa;
  860: fcfcfc;
  861: fbfdfc;
  862: f9fdfe;
  863: f9fdfe;
  864: fbfdfc;
  865: fdfdfd;
  866: fdfdfd;
  867: fdfdfd;
  868: fdfdfd;
  869: fdfdfd;
  870: fdfdfd;
  871: fdfdfd;
  872: fdfdfd;
  873: fdfdfd;
  874: fdfdfd;
  875: fdfdfd;
  876: fdfdfd;
  877: fdfdfd;
  878: fdfdfd;
  879: fdfdfd;
  880: fdfdfd;
  881: fefefe;
  882: fefefe;
  883: fcfcfc;
  884: fcfcfc;
  885: fcfcfc;
  886: fcfcfc;
  887: fcfcfc;
  888: fcfcfc;
  889: fcfcfc;
  890: fdfdfd;
  891: fdfdfd;
  892: fdfdfd;
  893: fdfdfd;
  894: fdfdfd;
  895: fdfdfd;
  896: fcfcfc;
  897: fcfcfc;
  898: fcfcfc;
  899: fcfcfc;
  900: fcfcfc;
  901: fcfcfc;
  902: fcfcfc;
  903: fcfcfc;
  904: fcfcfc;
  905: fcfcfc;
  906: fdfdfd;
  907: fdfdfd;
  908: fdfdfd;
  909: fdfdfd;
  910: fcfcfc;
  911: fcfcfc;
  912: fcfcfc;
  913: fcfcfc;
  914: fcfcfc;
  915: fcfcfc;
  916: fcfcfc;
  917: fdfdfd;
  918: fdfdfd;
  919: fdfdfd;
  920: fdfdfd;
  921: fdfdfd;
  922: fdfdfd;
  923: fdfdfd;
  924: fdfdfd;
  925: fdfdfd;
  926: fdfdfd;
  927: fdfdfd;
  928: fcfefd;
  929: fbfdfa;
  930: fbfdf8;
  931: fcfefb;
  932: faffff;
  933: fbffff;
  934: fffaff;
  935: fff8ff;
  936: fefafb;
  937: fefffa;
  938: fafbf6;
  939: fcfef9;
  940: f9fefa;
  941: f4f9f5;
  942: fbfdf8;
  943: fff7ef;
  944: ffe4d8;
  945: ffafa6;
  946: b81a19;
  947: db1a1b;
  948: d10b08;
  949: ce0e09;
  950: c51716;
  951: e15352;
  952: ffbabc;
  953: ffd6db;
  954: ffe9f1;
  955: ffecf0;
  956: fefdfb;
  957: f4faf6;
  958: f1f6f0;
  959: f5faf4;
  960: f3fdf4;
  961: f9fef8;
  962: fffcfe;
  963: fff8fc;
  964: fff9f7;
  965: fff9f5;
  966: ffe9e4;
  967: ffceca;
  968: f47c7b;
  969: c72926;
  970: d31111;
  971: e41211;
  972: d70508;
  973: cc1215;
  974: af2324;
  975: d07675;
  976: ffeeed;
  977: fff9f7;
  978: faf8f9;
  979: f8faf9;
  980: f4f8f7;
  981: fbfdfa;
  982: fdfcf8;
  983: fffbf8;
  984: fffcfb;
  985: fdfcfa;
  986: fcfcfa;
  987: fcfdf8;
  988: fbfef7;
  989: fbfdf8;
  990: f9fdfc;
  991: f9fdfe;
  992: fdfdfd;
  993: fdfdfd;
  994: fdfdfd;
  995: fdfdfd;
  996: fdfdfd;
  997: fdfdfd;
  998: fdfdfd;
  999: fdfdfd;
  1000: fdfdfd;
  1001: fdfdfd;
  1002: fdfdfd;
  1003: fdfdfd;
  1004: fdfdfd;
  1005: fdfdfd;
  1006: fdfdfd;
  1007: fdfdfd;
  1008: fdfdfd;
  1009: fefefe;
  1010: fefefe;
  1011: fcfcfc;
  1012: fcfcfc;
  1013: fcfcfc;
  1014: fcfcfc;
  1015: fcfcfc;
  1016: fcfcfc;
  1017: fcfcfc;
  1018: fdfdfd;
  1019: fdfdfd;
  1020: fdfdfd;
  1021: fdfdfd;
  1022: fdfdfd;
  1023: fdfdfd;
  1024: fcfcfc;
  1025: fcfcfc;
  1026: fcfcfc;
  1027: fdfdfd;
  1028: fdfdfd;
  1029: fdfdfd;
  1030: fdfdfd;
  1031: fefefe;
  1032: fefefe;
  1033: fefefe;
  1034: fdfdfd;
  1035: fdfdfd;
  1036: fdfdfd;
  1037: fcfcfc;
  1038: fcfcfc;
  1039: fcfcfc;
  1040: fcfcfc;
  1041: fcfcfc;
  1042: fdfdfd;
  1043: fdfdfd;
  1044: fdfdfd;
  1045: fdfdfd;
  1046: fdfdfd;
  1047: fdfdfd;
  1048: fdfdfd;
  1049: fdfdfd;
  1050: fdfdfd;
  1051: fdfdfd;
  1052: fdfdfd;
  1053: fdfdfd;
  1054: fdfdfd;
  1055: fcfefd;
  1056: fafeff;
  1057: fafefd;
  1058: fdfdfb;
  1059: fdfffc;
  1060: f8ffff;
  1061: f9feff;
  1062: fffbff;
  1063: fffaff;
  1064: fefdfb;
  1065: fbfdf8;
  1066: fafcf9;
  1067: fbffff;
  1068: f2fcfb;
  1069: f6fcf8;
  1070: faf0e7;
  1071: ffeae0;
  1072: fc9189;
  1073: db3d3a;
  1074: e11a1f;
  1075: da1214;
  1076: b9150c;
  1077: a11f12;
  1078: d87c71;
  1079: ffd0c9;
  1080: ffefee;
  1081: fff1f5;
  1082: fff1fb;
  1083: fff7fe;
  1084: ffffff;
  1085: fbfffb;
  1086: fbfef7;
  1087: f8fbf2;
  1088: f7fdf1;
  1089: f7faf1;
  1090: fcf7f4;
  1091: fef8fa;
  1092: fdf9fa;
  1093: fcf8f9;
  1094: fff5f6;
  1095: fff3f3;
  1096: ffeeef;
  1097: e89796;
  1098: a72b2b;
  1099: b11310;
  1100: dc201e;
  1101: d51210;
  1102: d71e1c;
  1103: ad1716;
  1104: ffb9b8;
  1105: ffebe9;
  1106: fff8f5;
  1107: f2fbf8;
  1108: f9fbfa;
  1109: f3f1f2;
  1110: fdf9f6;
  1111: fffbf8;
  1112: fffbfd;
  1113: fef9fd;
  1114: fbfbf9;
  1115: fbfdf8;
  1116: fbfef5;
  1117: fbfef5;
  1118: fcfcfc;
  1119: fdfdff;
  1120: fdfdfd;
  1121: fdfdfd;
  1122: fdfdfd;
  1123: fdfdfd;
  1124: fdfdfd;
  1125: fdfdfd;
  1126: fdfdfd;
  1127: fdfdfd;
  1128: fdfdfd;
  1129: fdfdfd;
  1130: fdfdfd;
  1131: fdfdfd;
  1132: fdfdfd;
  1133: fdfdfd;
  1134: fdfdfd;
  1135: fdfdfd;
  1136: fdfdfd;
  1137: fdfdfd;
  1138: fdfdfd;
  1139: fdfdfd;
  1140: fcfcfc;
  1141: fcfcfc;
  1142: fcfcfc;
  1143: fcfcfc;
  1144: fcfcfc;
  1145: fcfcfc;
  1146: fdfdfd;
  1147: fdfdfd;
  1148: fdfdfd;
  1149: fdfdfd;
  1150: fdfdfd;
  1151: fdfdfd;
  1152: fcfcfc;
  1153: fcfcfc;
  1154: fcfcfc;
  1155: fcfcfc;
  1156: fdfdfd;
  1157: fdfdfd;
  1158: fefefe;
  1159: fefefe;
  1160: fefefe;
  1161: fdfdfd;
  1162: fdfdfd;
  1163: fdfdfd;
  1164: fdfdfd;
  1165: fcfcfc;
  1166: fcfcfc;
  1167: fcfcfc;
  1168: fcfcfc;
  1169: fcfcfc;
  1170: fdfdfd;
  1171: fdfdfd;
  1172: fdfdfd;
  1173: fdfdfd;
  1174: fdfdfd;
  1175: fdfdfd;
  1176: fdfdfd;
  1177: fdfdfd;
  1178: fdfdfd;
  1179: fdfdfd;
  1180: fdfdfd;
  1181: fdfdfd;
  1182: fdfdfd;
  1183: fdfdff;
  1184: fcfdff;
  1185: fcfdff;
  1186: fdfdfd;
  1187: fdfffc;
  1188: f7ffff;
  1189: f9ffff;
  1190: fefcff;
  1191: fffbfc;
  1192: fcfdf8;
  1193: f7f9f4;
  1194: f5f9fa;
  1195: faffff;
  1196: f4fefd;
  1197: fff9f6;
  1198: ffebe3;
  1199: c5635a;
  1200: b4100e;
  1201: d91215;
  1202: e31a20;
  1203: be1012;
  1204: ff9e96;
  1205: ffe4d9;
  1206: ffe9df;
  1207: fff1ea;
  1208: fcf8f5;
  1209: fafafc;
  1210: fff8ff;
  1211: fffbff;
  1212: fdfffe;
  1213: fbfffa;
  1214: fbfdf8;
  1215: fbfcf6;
  1216: fafdf4;
  1217: fafbf3;
  1218: fbfaf6;
  1219: fdfcfa;
  1220: fdfbfc;
  1221: f9fafc;
  1222: f6fbfe;
  1223: fafbff;
  1224: fffafe;
  1225: ffe9ed;
  1226: ffe4e5;
  1227: ffd1cf;
  1228: ff7873;
  1229: ba0e0a;
  1230: dc1615;
  1231: d71b1a;
  1232: a11110;
  1233: eb9190;
  1234: fff0ed;
  1235: f6f5f1;
  1236: fffeff;
  1237: f5f3f4;
  1238: fffdfa;
  1239: fffdfc;
  1240: fef9fd;
  1241: fcfafd;
  1242: fcfcfc;
  1243: fcfef9;
  1244: fbfef5;
  1245: fcfdf5;
  1246: fcfcfc;
  1247: fdfdff;
  1248: fdfdfd;
  1249: fdfdfd;
  1250: fdfdfd;
  1251: fdfdfd;
  1252: fdfdfd;
  1253: fdfdfd;
  1254: fdfdfd;
  1255: fdfdfd;
  1256: fdfdfd;
  1257: fdfdfd;
  1258: fdfdfd;
  1259: fdfdfd;
  1260: fdfdfd;
  1261: fdfdfd;
  1262: fdfdfd;
  1263: fdfdfd;
  1264: fdfdfd;
  1265: fdfdfd;
  1266: fdfdfd;
  1267: fdfdfd;
  1268: fcfcfc;
  1269: fcfcfc;
  1270: fcfcfc;
  1271: fcfcfc;
  1272: fcfcfc;
  1273: fcfcfc;
  1274: fdfdfd;
  1275: fdfdfd;
  1276: fdfdfd;
  1277: fdfdfd;
  1278: fdfdfd;
  1279: fdfdfd;
  1280: fcfcfc;
  1281: fcfcfc;
  1282: fcfcfc;
  1283: fcfcfc;
  1284: fdfdfd;
  1285: fefefe;
  1286: fefefe;
  1287: fefefe;
  1288: fefefe;
  1289: fdfdfd;
  1290: fdfdfd;
  1291: fdfdfd;
  1292: fdfdfd;
  1293: fdfdfd;
  1294: fcfcfc;
  1295: fcfcfc;
  1296: fcfcfc;
  1297: fdfdfd;
  1298: fdfdfd;
  1299: fdfdfd;
  1300: fdfdfd;
  1301: fdfdfd;
  1302: fdfdfd;
  1303: fdfdfd;
  1304: fdfdfd;
  1305: fdfdfd;
  1306: fdfdfd;
  1307: fdfdfd;
  1308: fdfdfd;
  1309: fdfdfd;
  1310: fdfdfd;
  1311: fdfdff;
  1312: fefbff;
  1313: fdfcff;
  1314: fdfdff;
  1315: fcfefd;
  1316: fafefd;
  1317: fcfefd;
  1318: fefdfb;
  1319: fffbf8;
  1320: fafbf5;
  1321: f8faf7;
  1322: fcffff;
  1323: f6f9fe;
  1324: feffff;
  1325: fff0ee;
  1326: ffa3a1;
  1327: b40e0e;
  1328: e51014;
  1329: ec191f;
  1330: b10c10;
  1331: ec797c;
  1332: ffeae9;
  1333: fff3f1;
  1334: faebee;
  1335: fdf9fa;
  1336: f3f9f7;
  1337: f2fbf6;
  1338: f9fbf6;
  1339: fbfcf7;
  1340: fafcf9;
  1341: f9fbf8;
  1342: f9fafc;
  1343: fafafc;
  1344: fdfbfe;
  1345: fbf9fa;
  1346: f9fbf8;
  1347: fbfdf8;
  1348: fcfbf9;
  1349: fbf9fa;
  1350: f6fafb;
  1351: fafbff;
  1352: f0e9f0;
  1353: fffaff;
  1354: ffedf1;
  1355: ffe9eb;
  1356: ffe5df;
  1357: b44440;
  1358: c61414;
  1359: dd0c0f;
  1360: da1214;
  1361: ba1e1f;
  1362: ffc1be;
  1363: fff2f0;
  1364: fef5f6;
  1365: f8f8fa;
  1366: fafaf8;
  1367: f7f7f5;
  1368: f8fcfd;
  1369: f8fcff;
  1370: fcfdff;
  1371: fdfdfd;
  1372: fcfdf8;
  1373: fbfcf7;
  1374: fbfdfc;
  1375: fdfeff;
  1376: fdfdfd;
  1377: fdfdfd;
  1378: fdfdfd;
  1379: fdfdfd;
  1380: fdfdfd;
  1381: fdfdfd;
  1382: fdfdfd;
  1383: fdfdfd;
  1384: fdfdfd;
  1385: fdfdfd;
  1386: fdfdfd;
  1387: fdfdfd;
  1388: fdfdfd;
  1389: fdfdfd;
  1390: fdfdfd;
  1391: fdfdfd;
  1392: fdfdfd;
  1393: fdfdfd;
  1394: fdfdfd;
  1395: fdfdfd;
  1396: fcfcfc;
  1397: fcfcfc;
  1398: fcfcfc;
  1399: fcfcfc;
  1400: fcfcfc;
  1401: fcfcfc;
  1402: fdfdfd;
  1403: fdfdfd;
  1404: fdfdfd;
  1405: fdfdfd;
  1406: fdfdfd;
  1407: fdfdfd;
  1408: fcfcfc;
  1409: fcfcfc;
  1410: fcfcfc;
  1411: fdfdfd;
  1412: fdfdfd;
  1413: fdfdfd;
  1414: fefefe;
  1415: fefefe;
  1416: fdfdfd;
  1417: fdfdfd;
  1418: fdfdfd;
  1419: fdfdfd;
  1420: fdfdfd;
  1421: fdfdfd;
  1422: fdfdfd;
  1423: fdfdfd;
  1424: fdfdfd;
  1425: fdfdfd;
  1426: fdfdfd;
  1427: fdfdfd;
  1428: fdfdfd;
  1429: fdfdfd;
  1430: fdfdfd;
  1431: fdfdfd;
  1432: fdfdfd;
  1433: fdfdfd;
  1434: fdfdfd;
  1435: fdfdfd;
  1436: fdfdfd;
  1437: fdfdfd;
  1438: fdfdfd;
  1439: fdfdff;
  1440: fefcff;
  1441: fefcff;
  1442: fdfdff;
  1443: fdfdfd;
  1444: fcfefb;
  1445: fdfdfb;
  1446: fffbf8;
  1447: fffcf7;
  1448: fffffb;
  1449: f9fbf8;
  1450: f9fafe;
  1451: fdf7fb;
  1452: ffeeef;
  1453: ffe8e9;
  1454: d43a3c;
  1455: d41012;
  1456: de1213;
  1457: c21010;
  1458: d56161;
  1459: ffe6e5;
  1460: fceaea;
  1461: ebeef3;
  1462: fefdff;
  1463: fbfbff;
  1464: f4fdfc;
  1465: f4fff9;
  1466: f9fff9;
  1467: fcfef9;
  1468: fdfdfb;
  1469: fcfcfc;
  1470: fbfcff;
  1471: fdfcff;
  1472: fffaff;
  1473: fcfaff;
  1474: fafcfb;
  1475: f9fefa;
  1476: fdfbfc;
  1477: fbf9fa;
  1478: f7fbfc;
  1479: f7fbfe;
  1480: fdfcff;
  1481: f8f7fc;
  1482: f8f7fc;
  1483: fffcfc;
  1484: ffede8;
  1485: ffe3de;
  1486: b73736;
  1487: bb0b0b;
  1488: dc0b0e;
  1489: d11516;
  1490: cd5556;
  1491: ffe7e8;
  1492: ffedec;
  1493: fffbfb;
  1494: fcfbf9;
  1495: feffff;
  1496: f6fffe;
  1497: f6fffe;
  1498: fcfdff;
  1499: fdfdfd;
  1500: fcfcfa;
  1501: fbfbf9;
  1502: fbfdfc;
  1503: fafeff;
  1504: fdfdfd;
  1505: fdfdfd;
  1506: fdfdfd;
  1507: fdfdfd;
  1508: fdfdfd;
  1509: fdfdfd;
  1510: fdfdfd;
  1511: fdfdfd;
  1512: fdfdfd;
  1513: fdfdfd;
  1514: fdfdfd;
  1515: fdfdfd;
  1516: fdfdfd;
  1517: fdfdfd;
  1518: fdfdfd;
  1519: fdfdfd;
  1520: fdfdfd;
  1521: fdfdfd;
  1522: fdfdfd;
  1523: fdfdfd;
  1524: fcfcfc;
  1525: fcfcfc;
  1526: fcfcfc;
  1527: fcfcfc;
  1528: fcfcfc;
  1529: fcfcfc;
  1530: fdfdfd;
  1531: fdfdfd;
  1532: fdfdfd;
  1533: fdfdfd;
  1534: fdfdfd;
  1535: fdfdfd;
  1536: fdfdfd;
  1537: fdfdfd;
  1538: fdfdfd;
  1539: fdfdfd;
  1540: fdfdfd;
  1541: fdfdfd;
  1542: fdfdfd;
  1543: fdfdfd;
  1544: fdfdfd;
  1545: fdfdfd;
  1546: fdfdfd;
  1547: fdfdfd;
  1548: fdfdfd;
  1549: fdfdfd;
  1550: fdfdfd;
  1551: fdfdfd;
  1552: fdfdfd;
  1553: fdfdfd;
  1554: fdfdfd;
  1555: fdfdfd;
  1556: fdfdfd;
  1557: fdfdfd;
  1558: fdfdfd;
  1559: fdfdfd;
  1560: fdfdfd;
  1561: fdfdfd;
  1562: fdfdfd;
  1563: fdfdfd;
  1564: fdfdfd;
  1565: fdfdfd;
  1566: fdfdfd;
  1567: fdfdfd;
  1568: fdfdff;
  1569: fefcff;
  1570: fffcfd;
  1571: fefdfb;
  1572: fdfef9;
  1573: fefdf9;
  1574: fffbf7;
  1575: fffbf8;
  1576: f5f5f3;
  1577: fbfbf9;
  1578: fbfaf8;
  1579: fff3f2;
  1580: ffdadc;
  1581: b6393d;
  1582: d31a20;
  1583: d11013;
  1584: bc2d27;
  1585: fc9c90;
  1586: ffeadf;
  1587: fff7f0;
  1588: f1f3f2;
  1589: f1f8fe;
  1590: f9f7ff;
  1591: fcfbff;
  1592: f8fdff;
  1593: f8fefe;
  1594: fcfefd;
  1595: fefefe;
  1596: fefefe;
  1597: fefeff;
  1598: fdfeff;
  1599: fcfdff;
  1600: fffcff;
  1601: fffbff;
  1602: fdfdff;
  1603: fcfdff;
  1604: fdfcff;
  1605: fbfcff;
  1606: f8fcff;
  1607: f8fefe;
  1608: f9fffd;
  1609: f5fef9;
  1610: f8fefc;
  1611: f9fbf8;
  1612: fef6f3;
  1613: fff3ef;
  1614: ffddd4;
  1615: ffc5bd;
  1616: b20d09;
  1617: dc1b1c;
  1618: d52730;
  1619: b43338;
  1620: ffe4e0;
  1621: ffece5;
  1622: fffbf8;
  1623: f2f4f3;
  1624: f7ffff;
  1625: f6fffe;
  1626: fbfbfd;
  1627: fdfbfc;
  1628: fbfdfc;
  1629: fafcfb;
  1630: f9fdfe;
  1631: fafeff;
  1632: fdfdfd;
  1633: fdfdfd;
  1634: fdfdfd;
  1635: fdfdfd;
  1636: fdfdfd;
  1637: fdfdfd;
  1638: fdfdfd;
  1639: fdfdfd;
  1640: fdfdfd;
  1641: fdfdfd;
  1642: fdfdfd;
  1643: fdfdfd;
  1644: fdfdfd;
  1645: fdfdfd;
  1646: fdfdfd;
  1647: fdfdfd;
  1648: fdfdfd;
  1649: fdfdfd;
  1650: fdfdfd;
  1651: fdfdfd;
  1652: fcfcfc;
  1653: fcfcfc;
  1654: fcfcfc;
  1655: fcfcfc;
  1656: fcfcfc;
  1657: fcfcfc;
  1658: fdfdfd;
  1659: fdfdfd;
  1660: fdfdfd;
  1661: fdfdfd;
  1662: fdfdfd;
  1663: fdfdfd;
  1664: fdfdfd;
  1665: fdfdfd;
  1666: fdfdfd;
  1667: fdfdfd;
  1668: fdfdfd;
  1669: fdfdfd;
  1670: fdfdfd;
  1671: fdfdfd;
  1672: fdfdfd;
  1673: fdfdfd;
  1674: fdfdfd;
  1675: fdfdfd;
  1676: fdfdfd;
  1677: fdfdfd;
  1678: fdfdfd;
  1679: fdfdfd;
  1680: fdfdfd;
  1681: fdfdfd;
  1682: fdfdfd;
  1683: fdfdfd;
  1684: fdfdfd;
  1685: fdfdfd;
  1686: fdfdfd;
  1687: fdfdfd;
  1688: fdfdfd;
  1689: fdfdfd;
  1690: fdfdfd;
  1691: fdfdfd;
  1692: fdfdfd;
  1693: fdfdfd;
  1694: fdfdfd;
  1695: fdfdfd;
  1696: fcfefd;
  1697: fdfdfd;
  1698: fefcfd;
  1699: fffcfb;
  1700: fffcf9;
  1701: fffcf7;
  1702: fffbf8;
  1703: fcfbf9;
  1704: fbfcfe;
  1705: f4f3f1;
  1706: faede5;
  1707: ffd8d1;
  1708: ffbab8;
  1709: b11314;
  1710: cb1315;
  1711: bf1b1a;
  1712: ffb4ad;
  1713: ffe1d8;
  1714: fffbf1;
  1715: f7f7ef;
  1716: ebf1ef;
  1717: f9feff;
  1718: fefdff;
  1719: fcfbff;
  1720: fbfcff;
  1721: fafbfd;
  1722: fbfbfb;
  1723: fcfcfc;
  1724: fdfdff;
  1725: fcfdff;
  1726: fbfcfe;
  1727: fcfcfe;
  1728: fefcff;
  1729: fefcff;
  1730: fefcff;
  1731: fdfcff;
  1732: fcfdff;
  1733: fbfcff;
  1734: fbfcfe;
  1735: f9fdfc;
  1736: f9fffb;
  1737: f6fffa;
  1738: f5fefb;
  1739: fbffff;
  1740: fafaf8;
  1741: fffffb;
  1742: f8f5ec;
  1743: ffeae0;
  1744: e5746c;
  1745: bb1716;
  1746: da171f;
  1747: c6171e;
  1748: b9504c;
  1749: fff0e8;
  1750: fffaf6;
  1751: eff1ee;
  1752: f9fdfc;
  1753: f8fcfb;
  1754: fbf9fa;
  1755: fcfbf9;
  1756: fcfcfc;
  1757: fbfdfc;
  1758: fbfcfe;
  1759: fcfdff;
  1760: fdfdfd;
  1761: fdfdfd;
  1762: fdfdfd;
  1763: fdfdfd;
  1764: fdfdfd;
  1765: fdfdfd;
  1766: fdfdfd;
  1767: fdfdfd;
  1768: fdfdfd;
  1769: fdfdfd;
  1770: fdfdfd;
  1771: fdfdfd;
  1772: fdfdfd;
  1773: fdfdfd;
  1774: fdfdfd;
  1775: fdfdfd;
  1776: fdfdfd;
  1777: fdfdfd;
  1778: fdfdfd;
  1779: fdfdfd;
  1780: fcfcfc;
  1781: fcfcfc;
  1782: fcfcfc;
  1783: fcfcfc;
  1784: fcfcfc;
  1785: fcfcfc;
  1786: fdfdfd;
  1787: fdfdfd;
  1788: fdfdfd;
  1789: fdfdfd;
  1790: fdfdfd;
  1791: fdfdfd;
  1792: fdfdfd;
  1793: fdfdfd;
  1794: fdfdfd;
  1795: fdfdfd;
  1796: fdfdfd;
  1797: fdfdfd;
  1798: fdfdfd;
  1799: fdfdfd;
  1800: fdfdfd;
  1801: fdfdfd;
  1802: fdfdfd;
  1803: fdfdfd;
  1804: fdfdfd;
  1805: fdfdfd;
  1806: fdfdfd;
  1807: fdfdfd;
  1808: fdfdfd;
  1809: fdfdfd;
  1810: fdfdfd;
  1811: fdfdfd;
  1812: fdfdfd;
  1813: fdfdfd;
  1814: fdfdfd;
  1815: fdfdfd;
  1816: fdfdfd;
  1817: fdfdfd;
  1818: fdfdfd;
  1819: fdfdfd;
  1820: fdfdfd;
  1821: fdfdfd;
  1822: fdfdfd;
  1823: fcfefb;
  1824: fafffb;
  1825: fafff9;
  1826: fcfefb;
  1827: fefdf9;
  1828: fffbf8;
  1829: fffaf8;
  1830: fefafb;
  1831: fafbff;
  1832: f4fcff;
  1833: fdf9f8;
  1834: ffeadd;
  1835: e79889;
  1836: a20b04;
  1837: cc1d18;
  1838: b81f17;
  1839: ffb0a9;
  1840: ffeef1;
  1841: ffedef;
  1842: fff7f6;
  1843: fcf7f3;
  1844: fffefb;
  1845: fcf8f5;
  1846: f9f9f7;
  1847: fcfefb;
  1848: fefefc;
  1849: fdfdfb;
  1850: fefdfb;
  1851: fffefc;
  1852: fdfffe;
  1853: fdfeff;
  1854: fffdff;
  1855: fffcff;
  1856: fbfcff;
  1857: fcfdff;
  1858: fffbff;
  1859: fffbfc;
  1860: fbfdf8;
  1861: fbfef7;
  1862: fdfcf8;
  1863: fefaf9;
  1864: fef9fd;
  1865: fffeff;
  1866: f4fcfe;
  1867: f1faf9;
  1868: f7fbfa;
  1869: f8f8f6;
  1870: f5f3f4;
  1871: fff9f8;
  1872: ffe9e0;
  1873: eb827c;
  1874: d3191c;
  1875: d4070c;
  1876: d4302f;
  1877: e87f7b;
  1878: fff4ef;
  1879: fcfdf8;
  1880: fdf7f9;
  1881: fdf7f9;
  1882: fdf9f6;
  1883: fdfcf8;
  1884: fdfcfa;
  1885: fdfbfc;
  1886: fdfbfe;
  1887: fefcff;
  1888: fdfdfd;
  1889: fdfdfd;
  1890: fdfdfd;
  1891: fdfdfd;
  1892: fdfdfd;
  1893: fdfdfd;
  1894: fdfdfd;
  1895: fdfdfd;
  1896: fdfdfd;
  1897: fdfdfd;
  1898: fdfdfd;
  1899: fdfdfd;
  1900: fdfdfd;
  1901: fdfdfd;
  1902: fdfdfd;
  1903: fdfdfd;
  1904: fdfdfd;
  1905: fdfdfd;
  1906: fdfdfd;
  1907: fdfdfd;
  1908: fcfcfc;
  1909: fcfcfc;
  1910: fcfcfc;
  1911: fcfcfc;
  1912: fcfcfc;
  1913: fcfcfc;
  1914: fdfdfd;
  1915: fdfdfd;
  1916: fdfdfd;
  1917: fdfdfd;
  1918: fdfdfd;
  1919: fdfdfd;
  1920: fdfdfd;
  1921: fdfdfd;
  1922: fdfdfd;
  1923: fdfdfd;
  1924: fdfdfd;
  1925: fdfdfd;
  1926: fefefe;
  1927: fefefe;
  1928: fdfdfd;
  1929: fdfdfd;
  1930: fdfdfd;
  1931: fdfdfd;
  1932: fdfdfd;
  1933: fdfdfd;
  1934: fdfdfd;
  1935: fdfdfd;
  1936: fdfdfd;
  1937: fdfdfd;
  1938: fdfdfd;
  1939: fdfdfd;
  1940: fdfdfd;
  1941: fdfdfd;
  1942: fdfdfd;
  1943: fdfdfd;
  1944: fdfdfd;
  1945: fdfdfd;
  1946: fdfdfd;
  1947: fdfdfd;
  1948: fdfdfd;
  1949: fdfdfd;
  1950: fdfdfd;
  1951: fcfefd;
  1952: fafffb;
  1953: fafffb;
  1954: fafffb;
  1955: fdfdfb;
  1956: fffcf8;
  1957: fffaf8;
  1958: fcfafb;
  1959: fafbff;
  1960: f8fdff;
  1961: fcecec;
  1962: ffdcd2;
  1963: 9c281b;
  1964: c81b15;
  1965: c61913;
  1966: 952016;
  1967: ffebe3;
  1968: fff1f6;
  1969: f7edf6;
  1970: fffcfe;
  1971: faf6f3;
  1972: fffaf7;
  1973: fffefa;
  1974: fcfdf8;
  1975: fdfffa;
  1976: fcfdf8;
  1977: fdfcf8;
  1978: fdfcf8;
  1979: fdfcf8;
  1980: fbfdfa;
  1981: fbfcfe;
  1982: fffaff;
  1983: fffbff;
  1984: fafdff;
  1985: fafeff;
  1986: fefcff;
  1987: fffcfb;
  1988: fdfef6;
  1989: fdfff4;
  1990: fffdf6;
  1991: fffbf8;
  1992: fffaff;
  1993: fef9ff;
  1994: f7fbfe;
  1995: f7ffff;
  1996: f9fffd;
  1997: f6faf9;
  1998: f6f5fa;
  1999: fffbfd;
  2000: f7e9e6;
  2001: ffdfda;
  2002: ae1011;
  2003: ea2224;
  2004: d21010;
  2005: b62522;
  2006: ffd8d1;
  2007: fff8f5;
  2008: fdf2f6;
  2009: fdf4f7;
  2010: fdfaf5;
  2011: fefdf8;
  2012: fefcfd;
  2013: fdfbfe;
  2014: fffbfc;
  2015: fffdfe;
  2016: fefcfd;
  2017: fdfdfd;
  2018: fdfdfd;
  2019: fdfdfd;
  2020: fdfdfd;
  2021: fdfdfd;
  2022: fdfdfd;
  2023: fdfdfd;
  2024: fdfdfd;
  2025: fdfdfd;
  2026: fdfdfd;
  2027: fdfdfd;
  2028: fdfdfd;
  2029: fdfdfd;
  2030: fdfdfd;
  2031: fdfdfd;
  2032: fdfdfd;
  2033: fdfdfd;
  2034: fdfdfd;
  2035: fdfdfd;
  2036: fcfcfc;
  2037: fcfcfc;
  2038: fcfcfc;
  2039: fcfcfc;
  2040: fcfcfc;
  2041: fcfcfc;
  2042: fdfdfd;
  2043: fdfdfd;
  2044: fdfdfd;
  2045: fdfdfd;
  2046: fdfdfd;
  2047: fdfdfd;
  2048: fdfdfd;
  2049: fdfdfd;
  2050: fdfdfd;
  2051: fdfdfd;
  2052: fdfdfd;
  2053: fdfdfd;
  2054: fdfdfd;
  2055: fdfdfd;
  2056: fdfdfd;
  2057: fdfdfd;
  2058: fdfdfd;
  2059: fdfdfd;
  2060: fdfdfd;
  2061: fdfdfd;
  2062: fcfcfc;
  2063: fcfcfc;
  2064: fcfcfc;
  2065: fdfdfd;
  2066: fdfdfd;
  2067: fdfdfd;
  2068: fdfdfd;
  2069: fdfdfd;
  2070: fdfdfd;
  2071: fefefe;
  2072: fdfdfd;
  2073: fdfdfd;
  2074: fdfdfd;
  2075: fdfdfd;
  2076: fdfdfd;
  2077: fdfdfd;
  2078: fdfdfd;
  2079: fdfdfd;
  2080: fdfbfe;
  2081: fefeff;
  2082: fdfeff;
  2083: fcfefd;
  2084: fefffa;
  2085: faf9f4;
  2086: fffef9;
  2087: fbfaf6;
  2088: faf6f5;
  2089: fff3f3;
  2090: ffb3b0;
  2091: b31816;
  2092: d62327;
  2093: c2292b;
  2094: f6aba5;
  2095: ffede8;
  2096: ffeff2;
  2097: fcf2fa;
  2098: faf9f7;
  2099: fbfcf7;
  2100: fcfdf8;
  2101: fcfdf8;
  2102: fbfbf9;
  2103: fcfcfc;
  2104: fbf9fa;
  2105: fdfcfa;
  2106: fefdf9;
  2107: fdfef9;
  2108: fdfdfb;
  2109: fffdff;
  2110: fffcff;
  2111: fdfbff;
  2112: fbfffe;
  2113: fbfffe;
  2114: fafafc;
  2115: fcfafb;
  2116: fffffb;
  2117: fffef9;
  2118: f8f9f1;
  2119: fcfbf7;
  2120: fffbff;
  2121: fff9ff;
  2122: fcfaff;
  2123: fafbfd;
  2124: f5fefb;
  2125: f3fcf9;
  2126: f2f6f9;
  2127: f0f1f5;
  2128: fbf9fe;
  2129: ffebee;
  2130: ff9e9f;
  2131: bf1d1b;
  2132: e01d19;
  2133: bc0f09;
  2134: ffa49d;
  2135: fff0ee;
  2136: faebee;
  2137: fdfdff;
  2138: fbfcf7;
  2139: fbfcf7;
  2140: fefcff;
  2141: fdfbff;
  2142: fafafa;
  2143: fefefc;
  2144: fefcfd;
  2145: fefcfd;
  2146: fdfbfc;
  2147: fdfbfc;
  2148: fcfcfc;
  2149: fdfdfd;
  2150: fdfdfd;
  2151: fdfdfd;
  2152: fdfdfd;
  2153: fdfdfd;
  2154: fdfdfd;
  2155: fdfdfd;
  2156: fcfefd;
  2157: fcfefd;
  2158: fcfefd;
  2159: fcfefd;
  2160: fdfdfd;
  2161: fefefe;
  2162: fefefe;
  2163: fdfdfd;
  2164: fcfcfc;
  2165: fdfdfd;
  2166: fdfdfd;
  2167: fdfdfd;
  2168: fdfdfd;
  2169: fdfdfd;
  2170: fdfdfd;
  2171: fdfdfd;
  2172: fdfdfd;
  2173: fdfdfd;
  2174: fdfdfd;
  2175: fdfdfd;
  2176: fcfcfc;
  2177: fcfcfc;
  2178: fcfcfc;
  2179: fcfcfc;
  2180: fcfcfc;
  2181: fcfcfc;
  2182: fcfcfc;
  2183: fcfcfc;
  2184: fdfdfd;
  2185: fdfdfd;
  2186: fdfdfd;
  2187: fdfdfd;
  2188: fdfdfd;
  2189: fdfdfd;
  2190: fcfcfc;
  2191: fcfcfc;
  2192: fcfcfc;
  2193: fdfdfd;
  2194: fdfdfd;
  2195: fdfdfd;
  2196: fdfdfd;
  2197: fdfdfd;
  2198: fdfdfd;
  2199: fefefe;
  2200: fdfdfd;
  2201: fdfdfd;
  2202: fcfcfc;
  2203: fcfcfc;
  2204: fcfcfc;
  2205: fcfcfc;
  2206: fcfcfc;
  2207: fdfbfc;
  2208: fffafe;
  2209: fffaff;
  2210: fefeff;
  2211: f8fcfd;
  2212: f7fcf8;
  2213: fefffb;
  2214: fbfcf6;
  2215: f7f2ec;
  2216: fffbf8;
  2217: ffdad9;
  2218: a81619;
  2219: c81116;
  2220: bd141b;
  2221: de6366;
  2222: fff0ec;
  2223: f8f0ed;
  2224: fef5f8;
  2225: fcf7fb;
  2226: fbfbf9;
  2227: fbfdf8;
  2228: fbfdf8;
  2229: fcfcfa;
  2230: fdfbfc;
  2231: fefcff;
  2232: fdfdff;
  2233: fdfdfd;
  2234: fafbf6;
  2235: f8f9f4;
  2236: fbfbf9;
  2237: f9f7f8;
  2238: fffdff;
  2239: fcfbff;
  2240: fcfefd;
  2241: feffff;
  2242: f9fafe;
  2243: ffffff;
  2244: f9f9f9;
  2245: f8f9f4;
  2246: fffffa;
  2247: fffffb;
  2248: fdfbfe;
  2249: fffaff;
  2250: fffaff;
  2251: fefefe;
  2252: fbfffc;
  2253: f9fffb;
  2254: f8fcfd;
  2255: f7fbfe;
  2256: fbfcff;
  2257: fff8fb;
  2258: ffdddc;
  2259: c54b46;
  2260: c7110d;
  2261: c7120b;
  2262: 92150f;
  2263: ffd9d7;
  2264: ffeef2;
  2265: f3f2f7;
  2266: fafbf6;
  2267: fffffb;
  2268: fef9ff;
  2269: fcfaff;
  2270: feffff;
  2271: fbfdfa;
  2272: fdfdfd;
  2273: fdfbfc;
  2274: fdfbfc;
  2275: fdfbfc;
  2276: fcfcfc;
  2277: fcfcfc;
  2278: fdfdfd;
  2279: fdfdfd;
  2280: fdfdfd;
  2281: fdfdfd;
  2282: fdfdfd;
  2283: fdfdfd;
  2284: fcfefd;
  2285: fbfdfc;
  2286: fbfdfc;
  2287: fbfdfc;
  2288: fdfdfd;
  2289: fefefe;
  2290: fefefe;
  2291: fdfdfd;
  2292: fcfcfc;
  2293: fdfdfd;
  2294: fdfdfd;
  2295: fdfdfd;
  2296: fdfdfd;
  2297: fdfdfd;
  2298: fdfdfd;
  2299: fdfdfd;
  2300: fdfdfd;
  2301: fdfdfd;
  2302: fdfdfd;
  2303: fdfdfd;
  2304: fcfcfc;
  2305: fcfcfc;
  2306: fcfcfc;
  2307: fcfcfc;
  2308: fcfcfc;
  2309: fcfcfc;
  2310: fcfcfc;
  2311: fcfcfc;
  2312: fdfdfd;
  2313: fdfdfd;
  2314: fdfdfd;
  2315: fdfdfd;
  2316: fdfdfd;
  2317: fdfdfd;
  2318: fcfcfc;
  2319: fcfcfc;
  2320: fcfcfc;
  2321: fdfdfd;
  2322: fdfdfd;
  2323: fdfdfd;
  2324: fdfdfd;
  2325: fdfdfd;
  2326: fdfdfd;
  2327: fefefe;
  2328: fcfcfc;
  2329: fcfcfc;
  2330: fcfcfc;
  2331: fcfcfc;
  2332: fcfcfc;
  2333: fcfcfc;
  2334: fcfcfc;
  2335: fdfbfc;
  2336: fffbff;
  2337: fdf8fc;
  2338: fcfcfc;
  2339: f9fdfc;
  2340: f6fffc;
  2341: fafffc;
  2342: fbfbf9;
  2343: fff5f1;
  2344: ffe8e2;
  2345: ffadab;
  2346: cb1a24;
  2347: d20e18;
  2348: a01417;
  2349: ffc0be;
  2350: fff3ed;
  2351: f9faf5;
  2352: f8f8fa;
  2353: f9fafe;
  2354: fcfcfa;
  2355: fefdf9;
  2356: fdfcf8;
  2357: fffbfa;
  2358: fefcfd;
  2359: fdfdff;
  2360: fafbfd;
  2361: fcffff;
  2362: f7fcf8;
  2363: fefffd;
  2364: f0f2ef;
  2365: fafafa;
  2366: f7f7f9;
  2367: f8f8fa;
  2368: fbf9fc;
  2369: fefdff;
  2370: fcfdff;
  2371: f1f5f8;
  2372: f9fdfe;
  2373: f8fdf9;
  2374: fbfbf9;
  2375: fffffd;
  2376: fcfbff;
  2377: fcfbff;
  2378: fcfdff;
  2379: fdfffc;
  2380: fffff7;
  2381: fefef6;
  2382: fcfefb;
  2383: fdfdfd;
  2384: fefafb;
  2385: fff1f1;
  2386: fff1ea;
  2387: f6a9a1;
  2388: a61510;
  2389: bf1311;
  2390: c52a26;
  2391: ffb3b2;
  2392: ffe7eb;
  2393: f8f2f6;
  2394: fefdfb;
  2395: fbfaf8;
  2396: fcf7fb;
  2397: fcfafd;
  2398: fafefd;
  2399: f7fbfa;
  2400: fcfcfc;
  2401: fdfbfc;
  2402: fdfbfc;
  2403: fdfbfc;
  2404: fcfcfc;
  2405: fcfcfc;
  2406: fcfcfc;
  2407: fdfdfd;
  2408: fdfdfd;
  2409: fdfdfd;
  2410: fdfdfd;
  2411: fdfdfd;
  2412: fbfdfc;
  2413: fbfdfc;
  2414: fbfdfc;
  2415: fbfdfc;
  2416: fdfdfd;
  2417: fefefe;
  2418: fefefe;
  2419: fdfdfd;
  2420: fcfcfc;
  2421: fdfdfd;
  2422: fdfdfd;
  2423: fdfdfd;
  2424: fdfdfd;
  2425: fdfdfd;
  2426: fdfdfd;
  2427: fdfdfd;
  2428: fdfdfd;
  2429: fdfdfd;
  2430: fdfdfd;
  2431: fdfdfd;
  2432: fcfcfc;
  2433: fcfcfc;
  2434: fcfcfc;
  2435: fcfcfc;
  2436: fcfcfc;
  2437: fcfcfc;
  2438: fcfcfc;
  2439: fcfcfc;
  2440: fdfdfd;
  2441: fdfdfd;
  2442: fdfdfd;
  2443: fdfdfd;
  2444: fdfdfd;
  2445: fdfdfd;
  2446: fcfcfc;
  2447: fcfcfc;
  2448: fcfcfc;
  2449: fdfdfd;
  2450: fdfdfd;
  2451: fdfdfd;
  2452: fdfdfd;
  2453: fdfdfd;
  2454: fdfdfd;
  2455: fefefe;
  2456: fdfdfd;
  2457: fdfdfd;
  2458: fcfcfc;
  2459: fcfcfc;
  2460: fcfcfc;
  2461: fcfcfc;
  2462: fcfcfc;
  2463: fcfcfc;
  2464: fcfcfe;
  2465: fdfdfd;
  2466: fdfcfa;
  2467: fcfcfa;
  2468: f9ffff;
  2469: f3f9f7;
  2470: fefefe;
  2471: fff8f7;
  2472: ffeae3;
  2473: 8b1e1b;
  2474: cb1019;
  2475: d11621;
  2476: d86e6e;
  2477: ffdfda;
  2478: f9e7e3;
  2479: fefffd;
  2480: f2f8f8;
  2481: f4fafa;
  2482: fbfbfb;
  2483: fefdfb;
  2484: fffcfb;
  2485: fffbfc;
  2486: fdfbfc;
  2487: fbfbfd;
  2488: fbffff;
  2489: f5fbfb;
  2490: fcffff;
  2491: e7ece8;
  2492: f9fefa;
  2493: fcfffd;
  2494: dadedd;
  2495: 201;
  2496: 323433;
  2497: feffff;
  2498: fcfdff;
  2499: f8fcff;
  2500: fbffff;
  2501: f6faf9;
  2502: fcfafb;
  2503: faf8f9;
  2504: fcfbff;
  2505: f9fdff;
  2506: f9fffd;
  2507: fafff9;
  2508: fffcf5;
  2509: fffaf4;
  2510: fcfbf9;
  2511: fcfbf9;
  2512: fffcf9;
  2513: fff7f4;
  2514: fdf4eb;
  2515: fff0e8;
  2516: ffc5c3;
  2517: b61c1c;
  2518: cc1a1a;
  2519: ac1617;
  2520: ffbdc0;
  2521: fff1f3;
  2522: fffdfd;
  2523: f9f7f8;
  2524: fffafe;
  2525: fffdff;
  2526: f9fdfc;
  2527: f9fdfc;
  2528: fcfcfc;
  2529: fdfbfc;
  2530: fcfafb;
  2531: fcfafb;
  2532: fbfbfb;
  2533: fcfcfc;
  2534: fcfcfc;
  2535: fcfcfc;
  2536: fdfdfd;
  2537: fdfdfd;
  2538: fdfdfd;
  2539: fdfdfd;
  2540: fbfdfc;
  2541: fbfdfc;
  2542: fbfdfc;
  2543: fbfdfc;
  2544: fdfdfd;
  2545: fefefe;
  2546: fefefe;
  2547: fdfdfd;
  2548: fcfcfc;
  2549: fdfdfd;
  2550: fdfdfd;
  2551: fdfdfd;
  2552: fdfdfd;
  2553: fdfdfd;
  2554: fdfdfd;
  2555: fdfdfd;
  2556: fdfdfd;
  2557: fdfdfd;
  2558: fdfdfd;
  2559: fdfdfd;
  2560: fcfcfc;
  2561: fcfcfc;
  2562: fcfcfc;
  2563: fcfcfc;
  2564: fcfcfc;
  2565: fcfcfc;
  2566: fcfcfc;
  2567: fcfcfc;
  2568: fdfdfd;
  2569: fdfdfd;
  2570: fdfdfd;
  2571: fdfdfd;
  2572: fdfdfd;
  2573: fdfdfd;
  2574: fcfcfc;
  2575: fcfcfc;
  2576: fcfcfc;
  2577: fdfdfd;
  2578: fdfdfd;
  2579: fdfdfd;
  2580: fdfdfd;
  2581: fdfdfd;
  2582: fdfdfd;
  2583: fefefe;
  2584: fdfdfd;
  2585: fdfdfd;
  2586: fcfcfc;
  2587: fcfcfc;
  2588: fcfcfc;
  2589: fcfcfc;
  2590: fcfcfc;
  2591: fbfdfc;
  2592: f7fbfa;
  2593: fbfffe;
  2594: fffbf8;
  2595: fdf9f6;
  2596: f8fcfd;
  2597: f7fbfc;
  2598: fffbff;
  2599: ffeff0;
  2600: ffc3bc;
  2601: a91e19;
  2602: cd181d;
  2603: c4282c;
  2604: ffdad4;
  2605: ffefe7;
  2606: fffcfa;
  2607: fdfcfa;
  2608: f3f9f5;
  2609: f3fcf7;
  2610: fafcfb;
  2611: fefcff;
  2612: fffaff;
  2613: fffafe;
  2614: fbfbfd;
  2615: fafcfb;
  2616: f5f9f8;
  2617: fbfffe;
  2618: fcfffd;
  2619: f8fdf9;
  2620: fafffc;
  2621: dee7e2;
  2622: 616c66;
  2623: 41108;
  2624: 81609;
  2625: 8e988d;
  2626: ecf1ed;
  2627: f6f7f9;
  2628: fbfcfe;
  2629: f2f3f5;
  2630: f6f4f7;
  2631: fdfbfe;
  2632: fcfcfe;
  2633: f9fdfe;
  2634: f8fefc;
  2635: f9fefa;
  2636: fefdf9;
  2637: fffcfb;
  2638: fffbff;
  2639: fffbfc;
  2640: fffdf8;
  2641: fbfbf3;
  2642: f1f8f0;
  2643: fff1ea;
  2644: ffecea;
  2645: 981c1e;
  2646: d51415;
  2647: c91111;
  2648: d26b6e;
  2649: ffeaeb;
  2650: fff6f6;
  2651: fdfeff;
  2652: fcfcfe;
  2653: fcfcfe;
  2654: fbfdfc;
  2655: fafcf9;
  2656: fcfcfc;
  2657: fcfcfc;
  2658: fbfbfb;
  2659: fbfbfb;
  2660: fbfbfb;
  2661: fbfbfb;
  2662: fcfcfc;
  2663: fcfcfc;
  2664: fdfdfd;
  2665: fdfdfd;
  2666: fdfdfd;
  2667: fdfdfd;
  2668: fcfcfc;
  2669: fcfcfc;
  2670: fcfcfc;
  2671: fcfcfc;
  2672: fdfdfd;
  2673: fefefe;
  2674: fefefe;
  2675: fdfdfd;
  2676: fcfcfc;
  2677: fdfdfd;
  2678: fdfdfd;
  2679: fdfdfd;
  2680: fdfdfd;
  2681: fdfdfd;
  2682: fdfdfd;
  2683: fdfdfd;
  2684: fdfdfd;
  2685: fdfdfd;
  2686: fdfdfd;
  2687: fdfdfd;
  2688: fcfcfc;
  2689: fcfcfc;
  2690: fcfcfc;
  2691: fcfcfc;
  2692: fcfcfc;
  2693: fcfcfc;
  2694: fcfcfc;
  2695: fcfcfc;
  2696: fdfdfd;
  2697: fdfdfd;
  2698: fdfdfd;
  2699: fdfdfd;
  2700: fdfdfd;
  2701: fdfdfd;
  2702: fcfcfc;
  2703: fcfcfc;
  2704: fcfcfc;
  2705: fdfdfd;
  2706: fdfdfd;
  2707: fdfdfd;
  2708: fdfdfd;
  2709: fdfdfd;
  2710: fdfdfd;
  2711: fefefe;
  2712: fcfcfc;
  2713: fcfcfc;
  2714: fcfcfc;
  2715: fcfcfc;
  2716: fcfcfc;
  2717: fcfcfc;
  2718: fcfcfc;
  2719: fbfdfc;
  2720: fbfffe;
  2721: f7fcf8;
  2722: fcfbf7;
  2723: fefdf9;
  2724: f2f3f5;
  2725: faf8fb;
  2726: fff3f6;
  2727: ffdddf;
  2728: fc7d77;
  2729: b81611;
  2730: c22222;
  2731: ff8b8c;
  2732: fff1eb;
  2733: fffcf7;
  2734: fffbfa;
  2735: f6f5f3;
  2736: f7fef7;
  2737: f8fff8;
  2738: fcfdff;
  2739: fdfaff;
  2740: fcf9ff;
  2741: fbfaff;
  2742: fbfdfc;
  2743: fcfefb;
  2744: fefffd;
  2745: f8faf7;
  2746: f9fdfc;
  2747: f7fdf9;
  2748: f3fef8;
  2749: 4b5b51;
  2750: 1408;
  2751: 142b17;
  2752: 314b30;
  2753: d00;
  2754: 5c665b;
  2755: f9fbfa;
  2756: f7f6fb;
  2757: fefcff;
  2758: fdfbfe;
  2759: faf8fb;
  2760: fcfcfc;
  2761: f9fdfc;
  2762: f9fefa;
  2763: fafffb;
  2764: fefefe;
  2765: fefcff;
  2766: fffbff;
  2767: fffafe;
  2768: fcfbf6;
  2769: f8fbf2;
  2770: f8fffb;
  2771: f5f4ef;
  2772: ffe5e6;
  2773: d17374;
  2774: cf1314;
  2775: d81012;
  2776: aa2624;
  2777: ffe8e6;
  2778: fff4f3;
  2779: f7fdfd;
  2780: f9fafe;
  2781: fbfcff;
  2782: fcfcfc;
  2783: fbfbf9;
  2784: fcfcfc;
  2785: fcfcfc;
  2786: fbfbfb;
  2787: fbfbfb;
  2788: fbfbfb;
  2789: fcfcfc;
  2790: fcfcfc;
  2791: fcfcfc;
  2792: fdfdfd;
  2793: fdfdfd;
  2794: fdfdfd;
  2795: fcfcfc;
  2796: fcfcfc;
  2797: fcfcfc;
  2798: fcfcfc;
  2799: fcfcfc;
  2800: fdfdfd;
  2801: fefefe;
  2802: fefefe;
  2803: fdfdfd;
  2804: fcfcfc;
  2805: fdfdfd;
  2806: fdfdfd;
  2807: fdfdfd;
  2808: fdfdfd;
  2809: fdfdfd;
  2810: fdfdfd;
  2811: fdfdfd;
  2812: fdfdfd;
  2813: fdfdfd;
  2814: fdfdfd;
  2815: fdfdfd;
  2816: fcfcfc;
  2817: fcfcfc;
  2818: fcfcfc;
  2819: fcfcfc;
  2820: fcfcfc;
  2821: fcfcfc;
  2822: fcfcfc;
  2823: fcfcfc;
  2824: fdfdfd;
  2825: fdfdfd;
  2826: fdfdfd;
  2827: fdfdfd;
  2828: fdfdfd;
  2829: fdfdfd;
  2830: fcfcfc;
  2831: fcfcfc;
  2832: fcfcfc;
  2833: fdfdfd;
  2834: fdfdfd;
  2835: fdfdfd;
  2836: fdfdfd;
  2837: fdfdfd;
  2838: fdfdfd;
  2839: fefefe;
  2840: fdfdfd;
  2841: fdfdfd;
  2842: fcfcfc;
  2843: fcfcfc;
  2844: fcfcfc;
  2845: fcfcfc;
  2846: fcfcfc;
  2847: fcfcfc;
  2848: fffefc;
  2849: fafaf8;
  2850: f9fbf6;
  2851: fcfffd;
  2852: f1f5f8;
  2853: fbf2f7;
  2854: ffeced;
  2855: ef9b99;
  2856: ab0906;
  2857: c91a15;
  2858: 9a1816;
  2859: ffd3d2;
  2860: fff5f6;
  2861: fdf9fa;
  2862: fdfdfd;
  2863: fbfdfc;
  2864: fafff8;
  2865: fafff9;
  2866: fcfdff;
  2867: fbfbff;
  2868: fafbff;
  2869: f8fcfd;
  2870: f9fefa;
  2871: fcfff8;
  2872: fcfdf8;
  2873: f8f8f6;
  2874: feffff;
  2875: f7fdfb;
  2876: 1f2f25;
  2877: 2f4636;
  2878: 6a866f;
  2879: 1a3b1c;
  2880: 62885f;
  2881: 6b8d68;
  2882: 344a35;
  2883: 2f362f;
  2884: ede8ee;
  2885: fffbff;
  2886: fffaff;
  2887: fcfafb;
  2888: fafaf8;
  2889: fbfdfa;
  2890: fdfffc;
  2891: fdfffe;
  2892: fafeff;
  2893: fbfcff;
  2894: fcf9ff;
  2895: fcf9ff;
  2896: fefffd;
  2897: f3f8f1;
  2898: eaece7;
  2899: faf9f7;
  2900: fff6f7;
  2901: ffeaee;
  2902: b71113;
  2903: cf090a;
  2904: b51612;
  2905: ffbcb5;
  2906: fff7f3;
  2907: f5fbfb;
  2908: faffff;
  2909: fbfcff;
  2910: fffcfd;
  2911: fffcfc;
  2912: fdfbfc;
  2913: fcfcfc;
  2914: fcfcfc;
  2915: fbfbfb;
  2916: fbfbfb;
  2917: fcfcfc;
  2918: fcfcfc;
  2919: fdfdfd;
  2920: fcfcfc;
  2921: fcfcfc;
  2922: fcfcfc;
  2923: fcfcfc;
  2924: fcfcfc;
  2925: fcfcfc;
  2926: fcfcfc;
  2927: fcfcfc;
  2928: fdfdfd;
  2929: fefefe;
  2930: fefefe;
  2931: fdfdfd;
  2932: fcfcfc;
  2933: fdfdfd;
  2934: fdfdfd;
  2935: fdfdfd;
  2936: fdfdfd;
  2937: fdfdfd;
  2938: fdfdfd;
  2939: fdfdfd;
  2940: fdfdfd;
  2941: fdfdfd;
  2942: fdfdfd;
  2943: fdfdfd;
  2944: fdfdfd;
  2945: fdfdfd;
  2946: fdfdfd;
  2947: fdfdfd;
  2948: fdfdfd;
  2949: fdfdfd;
  2950: fdfdfd;
  2951: fdfdfd;
  2952: fdfdfd;
  2953: fdfdfd;
  2954: fdfdfd;
  2955: fdfdfd;
  2956: fdfdfd;
  2957: fdfdfd;
  2958: fcfcfc;
  2959: fcfcfc;
  2960: fcfcfc;
  2961: fdfdfd;
  2962: fdfdfd;
  2963: fdfdfd;
  2964: fdfdfd;
  2965: fdfdfd;
  2966: fdfdfd;
  2967: fefefe;
  2968: fdfdfd;
  2969: fdfdfd;
  2970: fdfdfd;
  2971: fdfdfd;
  2972: fdfdfd;
  2973: fdfdfd;
  2974: fdfdfd;
  2975: fdfdfd;
  2976: faf9f7;
  2977: fffffd;
  2978: f9fef8;
  2979: f7fcf8;
  2980: fafeff;
  2981: fff2f5;
  2982: ffe8e7;
  2983: af4340;
  2984: ce1814;
  2985: d6201d;
  2986: be5454;
  2987: ffeef0;
  2988: fff2f5;
  2989: fffafe;
  2990: fcfcfe;
  2991: f8faf9;
  2992: fafcf7;
  2993: fcfcfa;
  2994: fbfcff;
  2995: f9fcff;
  2996: f8fdff;
  2997: f8fefc;
  2998: f9fef7;
  2999: fcfff6;
  3000: f4f3ef;
  3001: fffefc;
  3002: e6eae9;
  3003: 8c9992;
  3004: 1202;
  3005: 65836b;
  3006: 638465;
  3007: c320b;
  3008: 618c5f;
  3009: 598459;
  3010: 507154;
  3011: d00;
  3012: 90928f;
  3013: faf4f8;
  3014: fef9fd;
  3015: fffeff;
  3016: f7f9f6;
  3017: fafcf7;
  3018: fdfffc;
  3019: fefffd;
  3020: fbfffe;
  3021: fbfcff;
  3022: fcfbff;
  3023: fdfcff;
  3024: f5faf6;
  3025: fcfffb;
  3026: fdfcf8;
  3027: faf9f7;
  3028: fcffff;
  3029: ffedf2;
  3030: c13236;
  3031: ce1211;
  3032: cf1c15;
  3033: ea6a5f;
  3034: ffebe5;
  3035: fcfffd;
  3036: faffff;
  3037: eff0f5;
  3038: fefafb;
  3039: fff9f9;
  3040: fdfbfc;
  3041: fcfcfc;
  3042: fcfcfc;
  3043: fbfbfb;
  3044: fcfcfc;
  3045: fcfcfc;
  3046: fcfcfc;
  3047: fdfdfd;
  3048: fcfcfc;
  3049: fcfcfc;
  3050: fcfcfc;
  3051: fcfcfc;
  3052: fcfcfc;
  3053: fdfdfd;
  3054: fdfdfd;
  3055: fdfdfd;
  3056: fdfdfd;
  3057: fefefe;
  3058: fefefe;
  3059: fdfdfd;
  3060: fcfcfc;
  3061: fdfdfd;
  3062: fdfdfd;
  3063: fdfdfd;
  3064: fdfdfd;
  3065: fdfdfd;
  3066: fdfdfd;
  3067: fdfdfd;
  3068: fdfdfd;
  3069: fdfdfd;
  3070: fdfdfd;
  3071: fdfdfd;
  3072: fdfdfd;
  3073: fdfdfd;
  3074: fdfdfd;
  3075: fdfdfd;
  3076: fdfdfd;
  3077: fdfdfd;
  3078: fdfdfd;
  3079: fdfdfd;
  3080: fdfdfd;
  3081: fdfdfd;
  3082: fdfdfd;
  3083: fdfdfd;
  3084: fdfdfd;
  3085: fdfdfd;
  3086: fdfdfd;
  3087: fcfcfc;
  3088: fcfefd;
  3089: fcfefd;
  3090: fdfdfd;
  3091: fcfcfc;
  3092: fcfcfc;
  3093: fdfdfd;
  3094: fefcfd;
  3095: fefcfd;
  3096: fefcfd;
  3097: fefcfd;
  3098: fdfdfd;
  3099: fdfdfd;
  3100: fdfdfd;
  3101: fdfdfd;
  3102: fcfefd;
  3103: fbfdfc;
  3104: fafffb;
  3105: f6fbf7;
  3106: fbfbf9;
  3107: fdfdfd;
  3108: fdfcff;
  3109: fff1f4;
  3110: ffe4df;
  3111: af2c24;
  3112: d3130e;
  3113: bf0d0b;
  3114: fea7ad;
  3115: fff4fb;
  3116: faeef2;
  3117: fbf9fc;
  3118: ffffff;
  3119: fbfbfb;
  3120: fefcfd;
  3121: fefcff;
  3122: fdfcff;
  3123: f9fdff;
  3124: f4fdf8;
  3125: f4fef5;
  3126: f3f6eb;
  3127: fdfef6;
  3128: fffefd;
  3129: fefefe;
  3130: f8fffd;
  3131: 61c0f;
  3132: 22409;
  3133: 527a57;
  3134: 6e946d;
  3135: 22800;
  3136: 537c52;
  3137: 58855c;
  3138: 194722;
  3139: 365d3e;
  3140: a00;
  3141: f3f8f2;
  3142: f3f1f2;
  3143: fffeff;
  3144: f3f5f4;
  3145: f8fdf9;
  3146: f8faf5;
  3147: f6f8f3;
  3148: fdfef9;
  3149: fcfcfa;
  3150: ffffff;
  3151: fefeff;
  3152: fbfdfc;
  3153: fdfdfb;
  3154: fffbf8;
  3155: fffffd;
  3156: f4f9fd;
  3157: fff3f8;
  3158: e8737b;
  3159: c92121;
  3160: d0140b;
  3161: d0392e;
  3162: ffe6db;
  3163: fffffa;
  3164: fbfcff;
  3165: f1f2f7;
  3166: fffcfd;
  3167: fffbfa;
  3168: fcfafb;
  3169: fcfcfc;
  3170: fcfcfc;
  3171: fcfcfc;
  3172: fcfcfc;
  3173: fcfcfc;
  3174: fcfcfc;
  3175: fcfcfc;
  3176: fcfcfc;
  3177: fcfcfc;
  3178: fcfcfc;
  3179: fdfdfd;
  3180: fdfdfd;
  3181: fdfdfd;
  3182: fdfdfd;
  3183: fefefe;
  3184: fefefe;
  3185: fefefe;
  3186: fdfdfd;
  3187: fdfdfd;
  3188: fdfdfd;
  3189: fdfdfd;
  3190: fdfdfd;
  3191: fdfdfd;
  3192: fdfdfd;
  3193: fdfdfd;
  3194: fdfdfd;
  3195: fdfdfd;
  3196: fdfdfd;
  3197: fdfdfd;
  3198: fdfdfd;
  3199: fdfdfd;
  3200: fdfdfd;
  3201: fdfdfd;
  3202: fdfdfd;
  3203: fdfdfd;
  3204: fdfdfd;
  3205: fdfdfd;
  3206: fdfdfd;
  3207: fdfdfd;
  3208: fdfdfd;
  3209: fdfdfd;
  3210: fdfdfd;
  3211: fdfdfd;
  3212: fdfdfd;
  3213: fdfdfd;
  3214: fdfdfd;
  3215: fcfcfc;
  3216: fcfefd;
  3217: fdfffe;
  3218: fdfdfd;
  3219: fcfcfc;
  3220: fcfcfc;
  3221: fdfdfd;
  3222: fefcfd;
  3223: fefcfd;
  3224: fefcfd;
  3225: fffdfe;
  3226: fefefe;
  3227: fefefe;
  3228: fdfdfd;
  3229: fcfcfc;
  3230: fafcfb;
  3231: f7fbfa;
  3232: f5fef9;
  3233: fbfffd;
  3234: fdfdfd;
  3235: faf8fb;
  3236: fbf9fe;
  3237: ffeef0;
  3238: ff9c96;
  3239: af1209;
  3240: d6150e;
  3241: c52120;
  3242: ffe0ea;
  3243: fff1fb;
  3244: fdf7fb;
  3245: fbfbfb;
  3246: fbfbfb;
  3247: fdfdfd;
  3248: fcfafd;
  3249: fbf9fe;
  3250: fbfaff;
  3251: fcfdff;
  3252: fbfffb;
  3253: f5fdf2;
  3254: f6f9f0;
  3255: ecede7;
  3256: fdfcfa;
  3257: dde4dd;
  3258: b00;
  3259: 4c7152;
  3260: 548357;
  3261: 2500;
  3262: 395f36;
  3263: d310b;
  3264: 608362;
  3265: 1700;
  3266: e4615;
  3267: 5b9362;
  3268: 4e7651;
  3269: 1000;
  3270: ecf3eb;
  3271: ffffff;
  3272: f7fbfc;
  3273: fafefd;
  3274: f5faf4;
  3275: fafdf6;
  3276: f4f5ef;
  3277: fdfcf8;
  3278: fafaf8;
  3279: fafcfb;
  3280: fefefe;
  3281: fffffd;
  3282: fdf8f5;
  3283: fefaf9;
  3284: f7fcff;
  3285: fff2f8;
  3286: ffc8d0;
  3287: b01b1d;
  3288: da1912;
  3289: b61206;
  3290: ffebe1;
  3291: fcf1eb;
  3292: fffcfd;
  3293: fffeff;
  3294: f5f5f7;
  3295: fdfdfd;
  3296: fcfcfc;
  3297: fcfcfc;
  3298: fcfcfc;
  3299: fcfcfc;
  3300: fcfcfc;
  3301: fcfcfc;
  3302: fcfcfc;
  3303: fbfbfb;
  3304: fcfcfc;
  3305: fcfcfc;
  3306: fcfcfc;
  3307: fdfdfd;
  3308: fdfdfd;
  3309: fdfdfd;
  3310: fdfdfd;
  3311: fdfdfd;
  3312: fefefe;
  3313: fefefe;
  3314: fdfdfd;
  3315: fdfdfd;
  3316: fdfdfd;
  3317: fdfdfd;
  3318: fdfdfd;
  3319: fdfdfd;
  3320: fdfdfd;
  3321: fdfdfd;
  3322: fdfdfd;
  3323: fdfdfd;
  3324: fdfdfd;
  3325: fdfdfd;
  3326: fdfdfd;
  3327: fdfdfd;
  3328: fdfdfd;
  3329: fdfdfd;
  3330: fdfdfd;
  3331: fdfdfd;
  3332: fdfdfd;
  3333: fdfdfd;
  3334: fdfdfd;
  3335: fdfdfd;
  3336: fdfdfd;
  3337: fdfdfd;
  3338: fdfdfd;
  3339: fdfdfd;
  3340: fdfdfd;
  3341: fdfdfd;
  3342: fdfdfd;
  3343: fcfcfc;
  3344: fcfefd;
  3345: fdfffe;
  3346: fdfdfd;
  3347: fdfdfd;
  3348: fdfdfd;
  3349: fdfdfd;
  3350: fefcfd;
  3351: fefcfd;
  3352: fcfafb;
  3353: fcfafb;
  3354: fcfcfc;
  3355: fdfdfd;
  3356: fdfdfd;
  3357: fdfdfd;
  3358: fcfefd;
  3359: fafefd;
  3360: f5fef9;
  3361: f7fffd;
  3362: f6f7f9;
  3363: fcfafd;
  3364: fffcff;
  3365: ffebeb;
  3366: d24943;
  3367: c9120c;
  3368: ce1510;
  3369: d64847;
  3370: ffeaf7;
  3371: efe7f4;
  3372: fffdff;
  3373: fcfcfc;
  3374: feffff;
  3375: f9f9f9;
  3376: fdfdff;
  3377: fcfcfe;
  3378: fffeff;
  3379: f8f8f8;
  3380: fbfdf8;
  3381: f5faf3;
  3382: f6f7f2;
  3383: f7f9f4;
  3384: e7ece6;
  3385: 485b48;
  3386: 153e16;
  3387: 6fa66d;
  3388: 5d9b5a;
  3389: 3800;
  3390: 2000;
  3391: d2b0f;
  3392: 3d5b3f;
  3393: 2901;
  3394: 418144;
  3395: 428b44;
  3396: 62a562;
  3397: 255928;
  3398: 405842;
  3399: d7e0db;
  3400: e6eaed;
  3401: fcffff;
  3402: f9fffd;
  3403: f5fcf5;
  3404: f9faf4;
  3405: fffefa;
  3406: fdfdfb;
  3407: fffffd;
  3408: fffeff;
  3409: f9f5f6;
  3410: fffdfd;
  3411: fffbfc;
  3412: f7fdfd;
  3413: fffafb;
  3414: ffd8de;
  3415: a9262b;
  3416: d31310;
  3417: ca1d16;
  3418: ffcdc0;
  3419: fff2ea;
  3420: fcf0f0;
  3421: faf8fb;
  3422: f9fafc;
  3423: fbffff;
  3424: fcfefd;
  3425: fcfcfc;
  3426: fcfcfc;
  3427: fcfcfc;
  3428: fdfdfd;
  3429: fdfdfd;
  3430: fcfcfc;
  3431: fcfcfc;
  3432: fcfcfc;
  3433: fcfcfc;
  3434: fcfcfc;
  3435: fcfcfc;
  3436: fdfdfd;
  3437: fdfdfd;
  3438: fdfdfd;
  3439: fdfdfd;
  3440: fefefe;
  3441: fefefe;
  3442: fdfdfd;
  3443: fdfdfd;
  3444: fdfdfd;
  3445: fdfdfd;
  3446: fdfdfd;
  3447: fdfdfd;
  3448: fdfdfd;
  3449: fdfdfd;
  3450: fdfdfd;
  3451: fdfdfd;
  3452: fdfdfd;
  3453: fdfdfd;
  3454: fdfdfd;
  3455: fdfdfd;
  3456: fdfdfd;
  3457: fdfdfd;
  3458: fdfdfd;
  3459: fdfdfd;
  3460: fdfdfd;
  3461: fdfdfd;
  3462: fdfdfd;
  3463: fdfdfd;
  3464: fdfdfd;
  3465: fdfdfd;
  3466: fdfdfd;
  3467: fdfdfd;
  3468: fdfdfd;
  3469: fdfdfd;
  3470: fcfcfc;
  3471: fcfcfc;
  3472: fcfefd;
  3473: fdfffe;
  3474: fefefe;
  3475: fdfdfd;
  3476: fdfdfd;
  3477: fdfdfd;
  3478: fefcfd;
  3479: fdfbfc;
  3480: fffeff;
  3481: fffdfe;
  3482: fdfdfd;
  3483: fdfdfd;
  3484: fdfdfd;
  3485: fcfcfc;
  3486: fafcfb;
  3487: f9fdfc;
  3488: f4fdf8;
  3489: f8fefc;
  3490: fbfbfd;
  3491: fffdff;
  3492: f9f3f3;
  3493: ffdcda;
  3494: ae110c;
  3495: e21f1b;
  3496: c11511;
  3497: ffb8b9;
  3498: ffe6f2;
  3499: fcfaff;
  3500: fffeff;
  3501: f7f9f8;
  3502: fbfdfa;
  3503: fefffd;
  3504: fafcfb;
  3505: f9f9f9;
  3506: fffeff;
  3507: fbf9fa;
  3508: fcfcfa;
  3509: fcfef9;
  3510: f8faf9;
  3511: d7ddd9;
  3512: 31104;
  3513: 1c391b;
  3514: 73a96f;
  3515: 579b50;
  3516: 4c9745;
  3517: 5b9c58;
  3518: 2a522d;
  3519: 1500;
  3520: 2104;
  3521: 689769;
  3522: 559d53;
  3523: 5aae56;
  3524: 499f48;
  3525: 71b673;
  3526: 193e1c;
  3527: a1a0f;
  3528: d0d5d8;
  3529: f9fcff;
  3530: f5fefd;
  3531: f8fefa;
  3532: fffffd;
  3533: fbfaf8;
  3534: fffffd;
  3535: f9f9f9;
  3536: fcfcfc;
  3537: fcfafb;
  3538: fffbfd;
  3539: fffeff;
  3540: f2f8f6;
  3541: fff7f6;
  3542: ffe8ec;
  3543: f08386;
  3544: bd0706;
  3545: cc1d18;
  3546: b0564b;
  3547: fff1e8;
  3548: fff9f7;
  3549: fffcfd;
  3550: fcffff;
  3551: f6fcfc;
  3552: fbfdfc;
  3553: fcfcfc;
  3554: fcfcfc;
  3555: fcfcfc;
  3556: fcfcfc;
  3557: fdfdfd;
  3558: fdfdfd;
  3559: fdfdfd;
  3560: fcfcfc;
  3561: fcfcfc;
  3562: fcfcfc;
  3563: fcfcfc;
  3564: fdfdfd;
  3565: fdfdfd;
  3566: fdfdfd;
  3567: fdfdfd;
  3568: fdfdfd;
  3569: fdfdfd;
  3570: fdfdfd;
  3571: fdfdfd;
  3572: fdfdfd;
  3573: fdfdfd;
  3574: fdfdfd;
  3575: fdfdfd;
  3576: fdfdfd;
  3577: fdfdfd;
  3578: fdfdfd;
  3579: fdfdfd;
  3580: fdfdfd;
  3581: fdfdfd;
  3582: fdfdfd;
  3583: fdfdfd;
  3584: fcfcfc;
  3585: fcfcfc;
  3586: fcfcfc;
  3587: fcfcfc;
  3588: fcfcfc;
  3589: fcfcfc;
  3590: fcfcfc;
  3591: fcfcfc;
  3592: fdfdfd;
  3593: fdfdfd;
  3594: fdfdfd;
  3595: fdfdfd;
  3596: fdfdfd;
  3597: fdfdfd;
  3598: fcfcfc;
  3599: fcfcfc;
  3600: fbfdfc;
  3601: fcfefd;
  3602: fdfdfd;
  3603: fdfdfd;
  3604: fcfcfc;
  3605: fdfdfd;
  3606: fefcfd;
  3607: fdfbfc;
  3608: fdfbfc;
  3609: fcfafb;
  3610: fcfcfc;
  3611: fdfdfd;
  3612: fefefe;
  3613: fdfdfd;
  3614: fbfdfc;
  3615: fbfdfc;
  3616: fbfdfa;
  3617: fcfcfc;
  3618: fffaff;
  3619: fff9fb;
  3620: f9f2ec;
  3621: ffdbd3;
  3622: b5100c;
  3623: de1b19;
  3624: b81d1b;
  3625: ffd2d5;
  3626: fff2f9;
  3627: e8e7ef;
  3628: f3f4f6;
  3629: f7fcf8;
  3630: fbfffe;
  3631: f7fcf8;
  3632: fbfffa;
  3633: fafbf6;
  3634: fffeff;
  3635: fffcff;
  3636: f6f4f5;
  3637: f8faf9;
  3638: f8fefc;
  3639: 3a4a40;
  3640: 2c442e;
  3641: 60895d;
  3642: 519349;
  3643: 57a84c;
  3644: 45993b;
  3645: 50984c;
  3646: 57845b;
  3647: 1100;
  3648: e3810;
  3649: 66a065;
  3650: 3f8f38;
  3651: 439f3c;
  3652: 52b04f;
  3653: 398839;
  3654: 659667;
  3655: 2b442f;
  3656: 3b4640;
  3657: f5fafd;
  3658: f8ffff;
  3659: f6fcfc;
  3660: ffffff;
  3661: fffeff;
  3662: f8f8fa;
  3663: ffffff;
  3664: ffffff;
  3665: fdfdfd;
  3666: fbf6fa;
  3667: fcfafd;
  3668: fafffc;
  3669: fbf8f3;
  3670: fff1f2;
  3671: ffa9ac;
  3672: bb1718;
  3673: c31a17;
  3674: 882015;
  3675: ffe6dd;
  3676: fff8f6;
  3677: fffbfc;
  3678: fdfeff;
  3679: f9ffff;
  3680: fafcfb;
  3681: fbfdfc;
  3682: fcfefd;
  3683: fcfefd;
  3684: fbfbfb;
  3685: fbfbfb;
  3686: fcfcfc;
  3687: fefefe;
  3688: fcfcfc;
  3689: fcfcfc;
  3690: fcfcfc;
  3691: fcfcfc;
  3692: fefcfd;
  3693: fefcfd;
  3694: fefcfd;
  3695: fefcfd;
  3696: fdfdfd;
  3697: fdfdfd;
  3698: fdfdfd;
  3699: fdfdfd;
  3700: fdfdfd;
  3701: fdfdfd;
  3702: fdfdfd;
  3703: fdfdfd;
  3704: fcfcfc;
  3705: fdfdfd;
  3706: fdfdfd;
  3707: fdfdfd;
  3708: fdfdfd;
  3709: fdfdfd;
  3710: fdfdfd;
  3711: fdfdfd;
  3712: fcfcfc;
  3713: fcfcfc;
  3714: fcfcfc;
  3715: fcfcfc;
  3716: fcfcfc;
  3717: fcfcfc;
  3718: fcfcfc;
  3719: fcfcfc;
  3720: fdfdfd;
  3721: fdfdfd;
  3722: fdfdfd;
  3723: fdfdfd;
  3724: fdfdfd;
  3725: fdfdfd;
  3726: fcfcfc;
  3727: fcfcfc;
  3728: fbfdfc;
  3729: fcfefd;
  3730: fdfdfd;
  3731: fcfcfc;
  3732: fcfcfc;
  3733: fdfdfd;
  3734: fdfbfc;
  3735: fcfafb;
  3736: f7f5f6;
  3737: f7f5f6;
  3738: f8f8f8;
  3739: fcfcfc;
  3740: fefefe;
  3741: fcfcfc;
  3742: fafcfb;
  3743: f9fbfa;
  3744: fcfcfa;
  3745: f9f7f8;
  3746: fcf5fc;
  3747: fff6fa;
  3748: fff5ee;
  3749: ffbbb3;
  3750: c81c1a;
  3751: ce0d0e;
  3752: a11d1b;
  3753: ffdddd;
  3754: fff2f6;
  3755: fbfbfd;
  3756: fdfffe;
  3757: fcfffd;
  3758: f8fcfb;
  3759: f9fefa;
  3760: f8fdf6;
  3761: fafbf6;
  3762: f5eff1;
  3763: fff9fd;
  3764: fffeff;
  3765: f4faf6;
  3766: d3e0d7;
  3767: 51c0a;
  3768: 66876a;
  3769: 679966;
  3770: 569f4e;
  3771: 489e3d;
  3772: 419b39;
  3773: 60ad5b;
  3774: 6b9f6e;
  3775: 5320b;
  3776: 417743;
  3777: 569c56;
  3778: 51a74c;
  3779: 4aab44;
  3780: 3a9837;
  3781: 55a453;
  3782: 5c915d;
  3783: 527354;
  3784: 800;
  3785: d5e2d9;
  3786: f1fcf8;
  3787: eff5f3;
  3788: ecebf0;
  3789: fbf9fe;
  3790: fdfeff;
  3791: fcfefd;
  3792: fafcf9;
  3793: fcfcfc;
  3794: fffeff;
  3795: fafafa;
  3796: f7fef7;
  3797: fffef9;
  3798: fff7f5;
  3799: ffdcdd;
  3800: c23232;
  3801: b81613;
  3802: 972117;
  3803: ffe8df;
  3804: ffeaea;
  3805: fffcff;
  3806: f2f2f4;
  3807: f8faf9;
  3808: fafcfb;
  3809: fcfefd;
  3810: fdfffe;
  3811: fcfefd;
  3812: fafafa;
  3813: f9f9f9;
  3814: fbfbfb;
  3815: fdfdfd;
  3816: fcfcfc;
  3817: fcfcfc;
  3818: fcfcfc;
  3819: fcfcfc;
  3820: fdfbfc;
  3821: fdfbfc;
  3822: fdfbfc;
  3823: fdfbfc;
  3824: fdfdfd;
  3825: fdfdfd;
  3826: fdfdfd;
  3827: fdfdfd;
  3828: fdfdfd;
  3829: fdfdfd;
  3830: fcfcfc;
  3831: fcfcfc;
  3832: fcfcfc;
  3833: fcfcfc;
  3834: fdfdfd;
  3835: fdfdfd;
  3836: fdfdfd;
  3837: fdfdfd;
  3838: fdfdfd;
  3839: fdfdfd;
  3840: fcfcfc;
  3841: fcfcfc;
  3842: fcfcfc;
  3843: fcfcfc;
  3844: fcfcfc;
  3845: fcfcfc;
  3846: fcfcfc;
  3847: fcfcfc;
  3848: fcfcfc;
  3849: fdfdfd;
  3850: fdfdfd;
  3851: fdfdfd;
  3852: fdfdfd;
  3853: fdfdfd;
  3854: fcfcfc;
  3855: fcfcfc;
  3856: fafcfb;
  3857: fbfdfc;
  3858: fdfdfd;
  3859: fcfcfc;
  3860: fcfcfc;
  3861: fcfcfc;
  3862: fcfafb;
  3863: fbf9fa;
  3864: fdfbfc;
  3865: fcfafb;
  3866: fbfbfb;
  3867: fdfdfd;
  3868: fcfcfc;
  3869: f9f9f9;
  3870: f5f7f6;
  3871: f4f6f5;
  3872: f8f8f8;
  3873: fbf9fc;
  3874: fff8ff;
  3875: fff9fd;
  3876: ffe9e3;
  3877: c46b65;
  3878: c91518;
  3879: c30b0d;
  3880: d7746f;
  3881: ffe9e2;
  3882: fff5f1;
  3883: fdfcf8;
  3884: fefefc;
  3885: fefefe;
  3886: fdfdff;
  3887: fafafa;
  3888: fbfdf8;
  3889: fcfcfa;
  3890: fffcff;
  3891: fff9ff;
  3892: f9f9f7;
  3893: e9f5eb;
  3894: e00;
  3895: 3f6043;
  3896: 103813;
  3897: 3b723b;
  3898: 57a154;
  3899: 54aa4f;
  3900: 429d3d;
  3901: 51a44c;
  3902: 5c985c;
  3903: 3600;
  3904: 3c8140;
  3905: 4fa254;
  3906: 4bac4f;
  3907: 41a545;
  3908: 4ca24b;
  3909: 539951;
  3910: 3200;
  3911: 2200;
  3912: 6f9073;
  3913: 1600;
  3914: e0ece2;
  3915: fcfefb;
  3916: f8f6f9;
  3917: fffeff;
  3918: fbfffc;
  3919: f7fef7;
  3920: f8faf7;
  3921: fffffd;
  3922: f3f7f6;
  3923: f8fefc;
  3924: fbfffa;
  3925: fefff9;
  3926: fff9f6;
  3927: ffecea;
  3928: ff9c98;
  3929: b41f19;
  3930: a9241d;
  3931: ffc2bd;
  3932: fff5f8;
  3933: f3f1f6;
  3934: fefafb;
  3935: f7f6f4;
  3936: fafafa;
  3937: fbfdfc;
  3938: fcfefd;
  3939: fbfdfc;
  3940: fafafa;
  3941: fafafa;
  3942: fcfcfc;
  3943: fefefe;
  3944: fcfcfc;
  3945: fcfcfc;
  3946: fcfcfc;
  3947: fcfcfc;
  3948: fdfbfc;
  3949: fdfbfc;
  3950: fdfbfc;
  3951: fdfbfc;
  3952: fdfdfd;
  3953: fdfdfd;
  3954: fdfdfd;
  3955: fdfdfd;
  3956: fdfdfd;
  3957: fdfdfd;
  3958: fcfcfc;
  3959: fcfcfc;
  3960: fcfcfc;
  3961: fcfcfc;
  3962: fcfcfc;
  3963: fdfdfd;
  3964: fdfdfd;
  3965: fdfdfd;
  3966: fdfdfd;
  3967: fdfdfd;
  3968: fcfcfe;
  3969: fcfcfc;
  3970: fcfcfc;
  3971: fcfcfc;
  3972: fcfcfc;
  3973: fdfbfc;
  3974: fdfbfc;
  3975: fdfbfc;
  3976: fcfcfc;
  3977: fdfdfd;
  3978: fcfefd;
  3979: fcfefd;
  3980: fdfdfd;
  3981: fdfdff;
  3982: fcfcfe;
  3983: fbfcfe;
  3984: fafcfb;
  3985: fbfdfc;
  3986: fcfcfc;
  3987: fcfcfe;
  3988: fcfcfe;
  3989: fcfcfe;
  3990: fbfbfb;
  3991: fafafa;
  3992: fefefe;
  3993: fbfbfb;
  3994: fcfbf9;
  3995: fffcfb;
  3996: fffcfa;
  3997: fffaf8;
  3998: fff8f5;
  3999: fff9f6;
  4000: fff4f4;
  4001: fff8fa;
  4002: fff1f7;
  4003: fff0f3;
  4004: ffdfdc;
  4005: ab3833;
  4006: d21b1f;
  4007: bd1515;
  4008: e39d93;
  4009: fffced;
  4010: fff9f1;
  4011: fefbf6;
  4012: fffffb;
  4013: fcfcfc;
  4014: fcfafd;
  4015: ffffff;
  4016: fdfdfd;
  4017: f9f9f9;
  4018: f4edf5;
  4019: fef9fd;
  4020: edf2eb;
  4021: 5d735c;
  4022: 143d13;
  4023: 6b9d6c;
  4024: 2800;
  4025: 3600;
  4026: 65ab65;
  4027: 4f9e4b;
  4028: 4da446;
  4029: 57aa50;
  4030: 6eab68;
  4031: 3b00;
  4032: 39853b;
  4033: 47a04c;
  4034: 46ab4d;
  4035: 43a349;
  4036: 5aa35a;
  4037: 407c40;
  4038: 2900;
  4039: 2b5d28;
  4040: 669865;
  4041: 73207;
  4042: 688267;
  4043: e5f1e5;
  4044: f8f8fa;
  4045: fcfaff;
  4046: fcffff;
  4047: f9fefa;
  4048: fafaf8;
  4049: fcfcfc;
  4050: fafefd;
  4051: f9fffb;
  4052: f8fdf7;
  4053: fafbf5;
  4054: fffffb;
  4055: ffedeb;
  4056: ffb9b5;
  4057: ad241e;
  4058: ac1b16;
  4059: ffb3af;
  4060: ffeff2;
  4061: fcfaff;
  4062: fcfafb;
  4063: fcf8f9;
  4064: fcf7fb;
  4065: fbf9fc;
  4066: fbfbfb;
  4067: fafcfb;
  4068: fafcfb;
  4069: fbfbfb;
  4070: fdfdfd;
  4071: ffffff;
  4072: fcfcfe;
  4073: fcfcfc;
  4074: fdfbfc;
  4075: fdfbfc;
  4076: fcfcfc;
  4077: fcfcfc;
  4078: fdfbfc;
  4079: fdfbfc;
  4080: fefcff;
  4081: fdfdff;
  4082: fdfdfd;
  4083: fdfdfd;
  4084: fcfefd;
  4085: fcfefd;
  4086: fbfdfc;
  4087: fcfcfc;
  4088: fcfcfa;
  4089: fcfcfa;
  4090: fdfcfa;
  4091: fdfdfd;
  4092: fcfefd;
  4093: fcfefd;
  4094: fdfdfd;
  4095: fdfdfb;
  4096: fcfbff;
  4097: fcfcfe;
  4098: fcfcfe;
  4099: fcfcfc;
  4100: fdfcfa;
  4101: fffbfa;
  4102: fffafe;
  4103: fffafe;
  4104: fdfbfe;
  4105: feffff;
  4106: fafffb;
  4107: f8fdf9;
  4108: fefeff;
  4109: fefcff;
  4110: faf9ff;
  4111: fafbff;
  4112: fbfdfc;
  4113: f9fbf8;
  4114: fefeff;
  4115: fdfbff;
  4116: faf8fd;
  4117: fffdff;
  4118: f9fafc;
  4119: fcffff;
  4120: f6fbf7;
  4121: fcfefb;
  4122: f6f5f1;
  4123: fff7f5;
  4124: fff2ee;
  4125: ffeee9;
  4126: ffefe5;
  4127: ffebe3;
  4128: ffd4d6;
  4129: ffd3d8;
  4130: ffd2d5;
  4131: ffcdcd;
  4132: ffbdb8;
  4133: 9d0c07;
  4134: cc1819;
  4135: d54441;
  4136: ffe8d8;
  4137: fcffec;
  4138: fffff7;
  4139: fdfcf7;
  4140: fcfdf7;
  4141: fafcf7;
  4142: fbfbfd;
  4143: fdfcff;
  4144: fefeff;
  4145: faf9fe;
  4146: fffdff;
  4147: f5f5f5;
  4148: c00;
  4149: 2b5024;
  4150: 62a65d;
  4151: 459242;
  4152: 61a262;
  4153: 306b33;
  4154: 2d00;
  4155: 5fa05e;
  4156: 46953c;
  4157: 519d45;
  4158: 528d4b;
  4159: 33d00;
  4160: 3c863b;
  4161: 4aa24b;
  4162: 46a547;
  4163: 449944;
  4164: 39723b;
  4165: 2f00;
  4166: 5d995b;
  4167: 53974e;
  4168: 4f9847;
  4169: 62a65d;
  4170: 3201;
  4171: 1700;
  4172: fbffff;
  4173: f6f0fc;
  4174: fdfcff;
  4175: f7f7f9;
  4176: fcfafd;
  4177: fffeff;
  4178: fcfcfe;
  4179: fbfdfc;
  4180: fafff8;
  4181: f9fcf3;
  4182: f3eded;
  4183: ffeaec;
  4184: ffd6d5;
  4185: 941411;
  4186: be201d;
  4187: f4706c;
  4188: fff0ec;
  4189: fdf9f6;
  4190: f3f7f8;
  4191: fcfbff;
  4192: fff5ff;
  4193: fff4fd;
  4194: fffeff;
  4195: f9fafc;
  4196: feffff;
  4197: fdfffe;
  4198: fcfafd;
  4199: faf8fb;
  4200: fcfbff;
  4201: f9f9fb;
  4202: fefafb;
  4203: fbfaf8;
  4204: fefefc;
  4205: fcfefb;
  4206: fbfbfb;
  4207: fbf9fc;
  4208: fefcff;
  4209: fefcff;
  4210: fdfdff;
  4211: fcfefd;
  4212: f9fffd;
  4213: f7fffd;
  4214: fafffb;
  4215: fcfefb;
  4216: fcfdf8;
  4217: fdfcf7;
  4218: fffbf8;
  4219: fefdfb;
  4220: fafefd;
  4221: f9fffd;
  4222: fcfefb;
  4223: fdfef9;
  4224: fcfbff;
  4225: fcfcfe;
  4226: fcfcfe;
  4227: fcfcfc;
  4228: fdfcfa;
  4229: fffbfa;
  4230: fffafe;
  4231: fffafe;
  4232: fcfcfc;
  4233: fcfefb;
  4234: fcfefb;
  4235: fbfdfa;
  4236: fffdff;
  4237: fffdff;
  4238: fdfcff;
  4239: fbfcfe;
  4240: fdfffc;
  4241: fefffd;
  4242: f9f7f8;
  4243: fffbff;
  4244: fef8fc;
  4245: fff7fa;
  4246: fffcfa;
  4247: fff3f0;
  4248: ffefed;
  4249: fff1ef;
  4250: ffece9;
  4251: ffe5e3;
  4252: ffc2bf;
  4253: f39a96;
  4254: cc6b62;
  4255: c75f56;
  4256: c0504f;
  4257: c65255;
  4258: c34f52;
  4259: d25052;
  4260: ff6360;
  4261: c01211;
  4262: c81a1b;
  4263: ec6d67;
  4264: fff5e6;
  4265: f2fded;
  4266: fefdf9;
  4267: faf6f5;
  4268: faf9f4;
  4269: fffffb;
  4270: fbfbfb;
  4271: f9fafe;
  4272: f8f9fd;
  4273: fafafc;
  4274: efeef3;
  4275: 989f98;
  4276: 82104;
  4277: 4a7b44;
  4278: 50a34b;
  4279: 49a447;
  4280: 57a358;
  4281: 5a9a5d;
  4282: 2700;
  4283: 427c41;
  4284: 468f3d;
  4285: 56a04b;
  4286: 5a9457;
  4287: 64005;
  4288: 3b8339;
  4289: 4c9e4a;
  4290: 4da34c;
  4291: 4f994e;
  4292: 33706;
  4293: 275928;
  4294: 599c57;
  4295: 40903b;
  4296: 489d3f;
  4297: 4c9c45;
  4298: 3a7839;
  4299: 42c0a;
  4300: bcc6c5;
  4301: f4f1fc;
  4302: faf7fe;
  4303: fefcff;
  4304: fdfdff;
  4305: fcfcfe;
  4306: fcfcfe;
  4307: fcfefd;
  4308: f8fdf6;
  4309: f9fef7;
  4310: f7f3f4;
  4311: ffecee;
  4312: ffe3e1;
  4313: 9a231f;
  4314: c51c19;
  4315: f35450;
  4316: ffd2cd;
  4317: ffede9;
  4318: ffebee;
  4319: ffe2e6;
  4320: ffe3eb;
  4321: ffe4eb;
  4322: ffe9ea;
  4323: ffe5e4;
  4324: ffedee;
  4325: ffeff2;
  4326: fff8fb;
  4327: fff4f8;
  4328: fef5f8;
  4329: fffeff;
  4330: f9f8f6;
  4331: fffffd;
  4332: f8f8f6;
  4333: fcfefd;
  4334: fcfefd;
  4335: fefeff;
  4336: fffbff;
  4337: fffbff;
  4338: fdfdff;
  4339: fafeff;
  4340: f9fffd;
  4341: f7fffd;
  4342: f8fefa;
  4343: fbfdfa;
  4344: fcfcfa;
  4345: fffbf8;
  4346: fffbf8;
  4347: fefdf9;
  4348: f9fffb;
  4349: f7fffb;
  4350: fcfefd;
  4351: fdfdfd;
  4352: fcfcfe;
  4353: fcfcfc;
  4354: fbfdfa;
  4355: fcfcfc;
  4356: fcfcfe;
  4357: fcfbff;
  4358: fdfbfc;
  4359: fcfcfa;
  4360: fafff8;
  4361: fbfdf8;
  4362: fffbfd;
  4363: fffbff;
  4364: fdfbfc;
  4365: fdfdfb;
  4366: fffef9;
  4367: fbfcf6;
  4368: fcfcfa;
  4369: f7f6f4;
  4370: fffbfa;
  4371: fffbf9;
  4372: fff4f0;
  4373: fff7f1;
  4374: fff6f0;
  4375: ffeae3;
  4376: ffdddc;
  4377: ffa2a3;
  4378: f97978;
  4379: b52323;
  4380: c21c1e;
  4381: bc0c0e;
  4382: c00c0b;
  4383: c70e0b;
  4384: d40e0d;
  4385: d00606;
  4386: d70c12;
  4387: d70a11;
  4388: de090f;
  4389: d81013;
  4390: c72220;
  4391: f98c87;
  4392: fff2e9;
  4393: f1f3ee;
  4394: fdf8fc;
  4395: fff8fd;
  4396: fff7f8;
  4397: fffdfa;
  4398: fbf9fa;
  4399: fefeff;
  4400: f7fbfc;
  4401: fafefd;
  4402: fbfffc;
  4403: 31102;
  4404: 4f7251;
  4405: 629d63;
  4406: 409540;
  4407: 58b658;
  4408: 51a653;
  4409: 4f984f;
  4410: 357036;
  4411: 54105;
  4412: 57a154;
  4413: 539d50;
  4414: 5a955b;
  4415: 13b01;
  4416: 458b42;
  4417: 4b9548;
  4418: 599f57;
  4419: 539454;
  4420: 2300;
  4421: 629c62;
  4422: 4c9649;
  4423: 4c9f47;
  4424: 4ca345;
  4425: 4a9a45;
  4426: 4c8f4c;
  4427: 37643b;
  4428: 223329;
  4429: eeeff3;
  4430: f5f3f8;
  4431: faf8fb;
  4432: fefffd;
  4433: f9fefa;
  4434: fcfefd;
  4435: feffff;
  4436: f6fbf5;
  4437: fafff9;
  4438: f4f8f9;
  4439: ffefef;
  4440: ffece5;
  4441: a3372d;
  4442: c9140d;
  4443: cd0300;
  4444: db322f;
  4445: d93f3f;
  4446: ce3235;
  4447: d43b3d;
  4448: e95855;
  4449: f1706b;
  4450: fe958f;
  4451: ffc4c1;
  4452: ffcfd0;
  4453: ffe3e8;
  4454: ffe7eb;
  4455: ffedef;
  4456: fff2f1;
  4457: fff9f4;
  4458: fcfdf8;
  4459: f8faf9;
  4460: fffeff;
  4461: faf8fd;
  4462: f4f5f9;
  4463: fcfcfc;
  4464: fffbf8;
  4465: fffcf9;
  4466: fdfdff;
  4467: fafeff;
  4468: fcfdff;
  4469: fcfefd;
  4470: f9fdfc;
  4471: f9fdfc;
  4472: fdfbff;
  4473: fffaff;
  4474: fffcfd;
  4475: fdfef9;
  4476: f9fff8;
  4477: f9fff9;
  4478: fdfcff;
  4479: fefbff;
  4480: fcfcfc;
  4481: fcfcfa;
  4482: fcfcfa;
  4483: fbfdfa;
  4484: fbfcff;
  4485: fbfcff;
  4486: fbfdfc;
  4487: fbfdf8;
  4488: fdfff9;
  4489: fbfcf6;
  4490: fffafc;
  4491: fffbff;
  4492: fbfaf8;
  4493: fbfcf6;
  4494: fcfdf5;
  4495: f8f9f1;
  4496: f4f3f1;
  4497: fff9fa;
  4498: fff5f1;
  4499: ffe6e1;
  4500: ffeae3;
  4501: ffc2bb;
  4502: ec9790;
  4503: 9d302b;
  4504: ad1e20;
  4505: bc191c;
  4506: c41617;
  4507: cb1112;
  4508: ce0a0c;
  4509: d40d10;
  4510: d61415;
  4511: d51210;
  4512: d90905;
  4513: e30f0c;
  4514: da070d;
  4515: db0912;
  4516: e10f18;
  4517: ca1318;
  4518: ac2623;
  4519: ffceca;
  4520: fff1ed;
  4521: fbfbfd;
  4522: fdf8ff;
  4523: fff9ff;
  4524: fff9fc;
  4525: fff6f7;
  4526: fffdff;
  4527: ffffff;
  4528: f8fdf9;
  4529: f3fdf4;
  4530: 414d3f;
  4531: 41c04;
  4532: 54815a;
  4533: 5e9d64;
  4534: 55a858;
  4535: 46a348;
  4536: 46a048;
  4537: 51a351;
  4538: 4b8e49;
  4539: 185617;
  4540: e550f;
  4541: 5ba05f;
  4542: 5b945f;
  4543: 134812;
  4544: 3e7a3a;
  4545: 5a9855;
  4546: 609a5f;
  4547: 1e00;
  4548: 478347;
  4549: 509650;
  4550: 4d9d48;
  4551: 50a64b;
  4552: 449a3f;
  4553: 499b49;
  4554: 5c9d5d;
  4555: 366539;
  4556: 7230c;
  4557: 6e7a70;
  4558: f3f3f1;
  4559: fffcfd;
  4560: f7f8f3;
  4561: f7f9f4;
  4562: f7fcf8;
  4563: fbfdfa;
  4564: fbfcf7;
  4565: fefffd;
  4566: f9feff;
  4567: fff9f8;
  4568: ffe5de;
  4569: bd5d51;
  4570: c1130c;
  4571: dd0c08;
  4572: da1214;
  4573: d41012;
  4574: d81213;
  4575: d61414;
  4576: d01712;
  4577: c51811;
  4578: b51c16;
  4579: a00e0e;
  4580: b21f25;
  4581: ab2027;
  4582: 94171b;
  4583: ba5251;
  4584: f5a6a1;
  4585: ffd6cd;
  4586: ffe5de;
  4587: ffece8;
  4588: ffeef0;
  4589: fcf1f5;
  4590: ffffff;
  4591: f5f7f6;
  4592: fefbf6;
  4593: fffcf7;
  4594: fcfdff;
  4595: fafeff;
  4596: fcfdff;
  4597: fdfdfd;
  4598: fcfcfc;
  4599: fcfbff;
  4600: fdfaff;
  4601: fefbff;
  4602: fdfdfd;
  4603: fcfef9;
  4604: fafff6;
  4605: fafff9;
  4606: fdfcff;
  4607: fefaff;
  4608: fcfefd;
  4609: fdfdfb;
  4610: fdfdfb;
  4611: fdfdfb;
  4612: fafeff;
  4613: fafeff;
  4614: fcfefd;
  4615: fdfdfb;
  4616: fffdfa;
  4617: fefaf7;
  4618: fcfcfc;
  4619: fbfdfc;
  4620: f9fbf6;
  4621: f8fdf6;
  4622: f8fdf6;
  4623: f4f9f3;
  4624: fdfbfc;
  4625: ffeef0;
  4626: ffd7d4;
  4627: ffe6e1;
  4628: ff9792;
  4629: cf3430;
  4630: c01010;
  4631: cd1112;
  4632: d00f12;
  4633: cf0e11;
  4634: d0181a;
  4635: c8181a;
  4636: c51d1d;
  4637: b91d1e;
  4638: a91a1c;
  4639: a11919;
  4640: a91e19;
  4641: ab1d19;
  4642: a9181d;
  4643: ae1c26;
  4644: aa1822;
  4645: 9d2026;
  4646: a95a56;
  4647: ffddd9;
  4648: fbecef;
  4649: fffeff;
  4650: fefbff;
  4651: fffaff;
  4652: fffeff;
  4653: fffcfb;
  4654: fdfbfe;
  4655: f2f4f3;
  4656: f9fff9;
  4657: e1efde;
  4658: f00;
  4659: 2e522c;
  4660: f3e12;
  4661: 4b884f;
  4662: 509e52;
  4663: 4ea44d;
  4664: 439c42;
  4665: 52a64e;
  4666: 489243;
  4667: 448a42;
  4668: 3500;
  4669: 5e9762;
  4670: 689769;
  4671: 83607;
  4672: 4a7b44;
  4673: 62955d;
  4674: 285723;
  4675: 1a4f17;
  4676: 549956;
  4677: 499b49;
  4678: 4ca345;
  4679: 4aa444;
  4680: 4fa951;
  4681: 4a9b4f;
  4682: 2d662f;
  4683: 2200;
  4684: 456f47;
  4685: 1700;
  4686: f4fcf1;
  4687: fbf7f6;
  4688: fefaf9;
  4689: fffffd;
  4690: fefefe;
  4691: fcfcfa;
  4692: fcfbf7;
  4693: fcfbf9;
  4694: f0f4f7;
  4695: fdf4f5;
  4696: ffece6;
  4697: cb7870;
  4698: b21914;
  4699: ce1513;
  4700: cd1517;
  4701: cb171a;
  4702: cc1e1d;
  4703: c61915;
  4704: cf1b1a;
  4705: d41c1c;
  4706: cd1419;
  4707: d81920;
  4708: d60a15;
  4709: db0c14;
  4710: e4181b;
  4711: cb0b08;
  4712: b71007;
  4713: d5473b;
  4714: fd867e;
  4715: ffdfd8;
  4716: ffe5e0;
  4717: fff7f2;
  4718: fffafa;
  4719: fafcfb;
  4720: f7fcf6;
  4721: f8fdf7;
  4722: f8fefc;
  4723: f9ffff;
  4724: fafefd;
  4725: fdfdfd;
  4726: fffbff;
  4727: fffaff;
  4728: fffaff;
  4729: fdfcff;
  4730: f9fffd;
  4731: f9fff9;
  4732: fcfff8;
  4733: fefdfb;
  4734: fefbff;
  4735: fffaff;
  4736: fdfdfd;
  4737: fdfdfd;
  4738: fefdfb;
  4739: fdfdfd;
  4740: fafeff;
  4741: fafeff;
  4742: fcfefd;
  4743: fefdfb;
  4744: fffcf9;
  4745: fffbfa;
  4746: fbfdfc;
  4747: f8fefc;
  4748: f8fdf9;
  4749: f9fef8;
  4750: f9fbf6;
  4751: fbf6f2;
  4752: fff6f4;
  4753: ffcfcf;
  4754: da7c7c;
  4755: aa2320;
  4756: c51112;
  4757: df1113;
  4758: e10a0f;
  4759: db0a0f;
  4760: c50e10;
  4761: bb1c19;
  4762: cf413f;
  4763: fd807e;
  4764: ffaaab;
  4765: ffd4d5;
  4766: ffdce0;
  4767: ffe1e2;
  4768: ffe5e1;
  4769: ffe6e3;
  4770: ffe1e6;
  4771: ffe2eb;
  4772: ffe2ec;
  4773: ffe6ea;
  4774: ffefed;
  4775: fff3ef;
  4776: faf6f7;
  4777: fafbff;
  4778: fdfcff;
  4779: fcfaff;
  4780: fefefe;
  4781: fffffd;
  4782: fbfaff;
  4783: fafefd;
  4784: 96a095;
  4785: a2105;
  4786: 5a8155;
  4787: 679964;
  4788: 2a5f2b;
  4789: 2700;
  4790: 478d47;
  4791: 499644;
  4792: 4fa449;
  4793: 4ca345;
  4794: 4ba146;
  4795: 4c9949;
  4796: 3b763c;
  4797: 2600;
  4798: 50794f;
  4799: 1d431a;
  4800: 51784b;
  4801: 73101;
  4802: 2800;
  4803: 528c51;
  4804: 469345;
  4805: 469f45;
  4806: 439f3c;
  4807: 4aa545;
  4808: 429744;
  4809: 2e7732;
  4810: 3301;
  4811: 48794a;
  4812: 538d53;
  4813: 427240;
  4814: 394b35;
  4815: dedfd9;
  4816: faf6f5;
  4817: fffcfd;
  4818: fbfbfb;
  4819: fbfbf9;
  4820: fffcf9;
  4821: fffbf8;
  4822: f5f5f7;
  4823: fffcfe;
  4824: fff1ed;
  4825: e8b1aa;
  4826: f38c85;
  4827: ff837d;
  4828: ff8788;
  4829: ff8e8f;
  4830: ff8e8b;
  4831: ff9391;
  4832: ff7b7c;
  4833: f56668;
  4834: e1464c;
  4835: de353c;
  4836: c0070d;
  4837: d60e11;
  4838: e10b0b;
  4839: f21b18;
  4840: dc0d05;
  4841: cf0d04;
  4842: c91310;
  4843: b8201d;
  4844: 9e3230;
  4845: ffd2d0;
  4846: ffe9e6;
  4847: fff5ef;
  4848: fafbf5;
  4849: f6fcf8;
  4850: f7fdfb;
  4851: f8fefc;
  4852: fcfefd;
  4853: fefcfd;
  4854: fffbff;
  4855: fffbff;
  4856: fffbff;
  4857: fdfcff;
  4858: f9fffd;
  4859: fafffb;
  4860: fefdf9;
  4861: fffcfb;
  4862: fffbff;
  4863: fffaff;
  4864: fffbff;
  4865: fffbff;
  4866: fefcfd;
  4867: fdfdfd;
  4868: fcfdff;
  4869: fcfdff;
  4870: fdfdff;
  4871: fefcfd;
  4872: fffbfa;
  4873: fefdfb;
  4874: fbfdfc;
  4875: f8fcfd;
  4876: f8fdff;
  4877: fafbff;
  4878: fcf7f4;
  4879: ffeee8;
  4880: ffdbd2;
  4881: c7544f;
  4882: bd1419;
  4883: d60a13;
  4884: e80f17;
  4885: de050d;
  4886: d3050f;
  4887: be1319;
  4888: be4e4a;
  4889: ffc5ba;
  4890: ffddd1;
  4891: ffeee5;
  4892: fff2f2;
  4893: ffe8ec;
  4894: ffe8ed;
  4895: ffecf0;
  4896: ffecec;
  4897: ffeef0;
  4898: ffecf1;
  4899: ffecf4;
  4900: ffe9f0;
  4901: fff4f6;
  4902: fffaf6;
  4903: fff8f2;
  4904: fffffd;
  4905: fafbfd;
  4906: fbfbfb;
  4907: fcfcfa;
  4908: f6fbf5;
  4909: f9fffb;
  4910: feffff;
  4911: f9fffd;
  4912: 152613;
  4913: 2300;
  4914: 6fa96e;
  4915: 589b58;
  4916: 538f51;
  4917: 175315;
  4918: 175315;
  4919: 64a85f;
  4920: 4e9e47;
  4921: 48a343;
  4922: 45a543;
  4923: 40963f;
  4924: 5a9658;
  4925: 2000;
  4926: 143812;
  4927: 21401e;
  4928: 587853;
  4929: 1a00;
  4930: 2c632a;
  4931: 488e46;
  4932: 4da149;
  4933: 4da848;
  4934: 45a541;
  4935: 449f42;
  4936: 529e53;
  4937: 24206;
  4938: 3a7241;
  4939: 5e9963;
  4940: 5aa258;
  4941: 64a35d;
  4942: 1100;
  4943: 667362;
  4944: fdfdfb;
  4945: fefcff;
  4946: fbfcfe;
  4947: fdfdfd;
  4948: fffaf6;
  4949: fff9f7;
  4950: f9f4f8;
  4951: fffbff;
  4952: f9f4f1;
  4953: fef1e9;
  4954: ffebdf;
  4955: ffeee2;
  4956: fff1ec;
  4957: ffebea;
  4958: ffeff0;
  4959: ffedf0;
  4960: ffeff1;
  4961: ffe6e5;
  4962: ffdad9;
  4963: ffbfbb;
  4964: f2938d;
  4965: be4741;
  4966: b21816;
  4967: c20e0d;
  4968: e01417;
  4969: e50a10;
  4970: ea0911;
  4971: e70e17;
  4972: d7151e;
  4973: c2292c;
  4974: f0938c;
  4975: fff1e7;
  4976: fff6f1;
  4977: f9fbfa;
  4978: f7fdfb;
  4979: f9fdfc;
  4980: fffbfa;
  4981: fffcfb;
  4982: fefdfb;
  4983: fdfdfb;
  4984: fcfdff;
  4985: fcfdff;
  4986: fdfdfd;
  4987: fefdfb;
  4988: fffcf9;
  4989: fffcfb;
  4990: fefcfd;
  4991: fefcff;
  4992: fffbff;
  4993: fefcff;
  4994: fefcff;
  4995: fefcff;
  4996: fefcff;
  4997: fdfdff;
  4998: fdfdff;
  4999: fdfdfd;
  5000: fdfcf8;
  5001: fffffb;
  5002: fbfdfc;
  5003: f6fbff;
  5004: f9fbff;
  5005: fff5ff;
  5006: ffe9ea;
  5007: ffded8;
  5008: d45b50;
  5009: af0c03;
  5010: e3181c;
  5011: e20f18;
  5012: d6171c;
  5013: c51c1f;
  5014: c52e35;
  5015: ff9295;
  5016: ffeae4;
  5017: ffebe0;
  5018: f2f4e9;
  5019: f0faf1;
  5020: fbfaf8;
  5021: fffafe;
  5022: fcf7fd;
  5023: fef9ff;
  5024: fffbfc;
  5025: fefafb;
  5026: fefbff;
  5027: fdfaff;
  5028: f5eff3;
  5029: fffbfd;
  5030: fbf7f4;
  5031: fffffb;
  5032: f3f8f4;
  5033: f6fbf7;
  5034: fafbf6;
  5035: fffffa;
  5036: f8fdf6;
  5037: f8fff8;
  5038: f6f5fa;
  5039: c8ceca;
  5040: 1400;
  5041: 3d6d3d;
  5042: 5fa660;
  5043: 54a556;
  5044: 539d52;
  5045: 478844;
  5046: 2e00;
  5047: 538f4f;
  5048: 52a04c;
  5049: 3f9a3a;
  5050: 389e38;
  5051: 44a244;
  5052: 6bae67;
  5053: 144410;
  5054: 2300;
  5055: 254223;
  5056: 183813;
  5057: 204b1d;
  5058: 5a9b5b;
  5059: 4d9c4d;
  5060: 4ea848;
  5061: 45a43e;
  5062: 46a142;
  5063: 4b9f4a;
  5064: 468946;
  5065: 3700;
  5066: 5a9b63;
  5067: 4b9351;
  5068: 5fb15c;
  5069: 539c4b;
  5070: a3809;
  5071: d00;
  5072: fbfffb;
  5073: f9f9fb;
  5074: fafbfd;
  5075: ffffff;
  5076: fef9f5;
  5077: fffbf8;
  5078: fef9fd;
  5079: fffeff;
  5080: f7f8fa;
  5081: fcfffd;
  5082: fafff7;
  5083: f6fff5;
  5084: f1fcf6;
  5085: f7fdfb;
  5086: f7f1f5;
  5087: fdf7fb;
  5088: fcfcfe;
  5089: fbfaf8;
  5090: fffcf8;
  5091: fff0ea;
  5092: ffece3;
  5093: ffe4dc;
  5094: ffc8c9;
  5095: df6165;
  5096: ba2126;
  5097: c4131b;
  5098: d8131c;
  5099: de0b14;
  5100: e50714;
  5101: df181d;
  5102: a6110a;
  5103: f38c83;
  5104: ffe9e9;
  5105: fff3f4;
  5106: fefaf7;
  5107: fafcf9;
  5108: fffbf8;
  5109: fffaf7;
  5110: fdfef8;
  5111: fafff9;
  5112: f9fffd;
  5113: fafeff;
  5114: fffcfd;
  5115: fffbfb;
  5116: fffcf9;
  5117: fefdf9;
  5118: fefdfb;
  5119: fdfdfd;
  5120: fbfdfc;
  5121: fbfdfc;
  5122: fdfbfe;
  5123: fff9fd;
  5124: fffafe;
  5125: fffcff;
  5126: fdfdfd;
  5127: fbfcf7;
  5128: fefff7;
  5129: fafdf6;
  5130: fafeff;
  5131: f3f7ff;
  5132: f9fbff;
  5133: ffe6f1;
  5134: ffbdbf;
  5135: a81712;
  5136: cb1b0e;
  5137: d8180d;
  5138: e01e1e;
  5139: b20f10;
  5140: f3908a;
  5141: ffe6dc;
  5142: ffe5e1;
  5143: fff1f0;
  5144: fff5f3;
  5145: fff8f7;
  5146: fffbfa;
  5147: fcfcfc;
  5148: fcfcfc;
  5149: fdfbfe;
  5150: fffafe;
  5151: fffbfc;
  5152: fffbfa;
  5153: fdfcfa;
  5154: fcfbff;
  5155: fbfcff;
  5156: fcfbff;
  5157: fdfdff;
  5158: fdfdfd;
  5159: fcfefb;
  5160: f7fffb;
  5161: f4fdf8;
  5162: fefff9;
  5163: fcfcf4;
  5164: fdfef6;
  5165: fffffb;
  5166: fbf9fa;
  5167: 181f17;
  5168: 668968;
  5169: 569157;
  5170: 50a256;
  5171: 46a24b;
  5172: 4da74f;
  5173: 4b9a4b;
  5174: 447e44;
  5175: 3600;
  5176: 5ca659;
  5177: 3e993c;
  5178: 3ca23e;
  5179: 42a342;
  5180: 53a551;
  5181: 599756;
  5182: 4e774d;
  5183: 22403;
  5184: c3209;
  5185: 629761;
  5186: 5ba45d;
  5187: 318932;
  5188: 44a53e;
  5189: 51ad48;
  5190: 42913e;
  5191: 62a560;
  5192: 1f00;
  5193: 579459;
  5194: 55a25c;
  5195: 459c4b;
  5196: 47a243;
  5197: 5dad58;
  5198: 6fa66f;
  5199: 36573a;
  5200: 6f7c72;
  5201: fbfdfc;
  5202: fefefe;
  5203: fcfbf9;
  5204: fffefb;
  5205: faf9f5;
  5206: f9fdfe;
  5207: f9feff;
  5208: fdfcff;
  5209: fefcff;
  5210: fcfcfa;
  5211: fcfcfa;
  5212: fbfdfc;
  5213: fcfcfe;
  5214: fffaff;
  5215: fffafe;
  5216: fbfcfe;
  5217: f9fdfc;
  5218: fcfcfa;
  5219: fffaf7;
  5220: fff7f6;
  5221: fff2f5;
  5222: ffecf5;
  5223: ffe9f1;
  5224: ffe4e9;
  5225: ffd8d8;
  5226: ffb0ac;
  5227: c33c39;
  5228: cc0f13;
  5229: e21013;
  5230: de1410;
  5231: bf100b;
  5232: a01b20;
  5233: ffc8ce;
  5234: fff7f2;
  5235: fbfef7;
  5236: fff7f5;
  5237: fef5f0;
  5238: fdfef6;
  5239: f9fff8;
  5240: f6ffff;
  5241: f2fafc;
  5242: fffcff;
  5243: fffbfc;
  5244: fffcf7;
  5245: fffef9;
  5246: fdfdfb;
  5247: fcfefd;
  5248: f7fffd;
  5249: f9fdfc;
  5250: fef9fd;
  5251: fff8fd;
  5252: fffaff;
  5253: fffdff;
  5254: fffefa;
  5255: fcfdf7;
  5256: fbfdf2;
  5257: fbfef7;
  5258: f7fbfe;
  5259: f0ebf2;
  5260: ffe8f0;
  5261: ffe9ef;
  5262: c12f30;
  5263: d61b16;
  5264: cf0d04;
  5265: ce170f;
  5266: ad1210;
  5267: ffa19d;
  5268: fff1e8;
  5269: f9f9ed;
  5270: fafbf5;
  5271: fafaf8;
  5272: fffbfc;
  5273: fffafc;
  5274: fffafe;
  5275: fdfbfe;
  5276: fcfcfe;
  5277: fcfcfc;
  5278: fffbfc;
  5279: fffbfa;
  5280: fffbfa;
  5281: fdfcfa;
  5282: fcfcfe;
  5283: fbfcff;
  5284: fbfcff;
  5285: fcfdff;
  5286: fdfdff;
  5287: fcfefd;
  5288: f9fffd;
  5289: f6fcf8;
  5290: fcfdf7;
  5291: faf9f4;
  5292: fdfcf7;
  5293: fbfaf6;
  5294: ece8e9;
  5295: c160d;
  5296: 6e946f;
  5297: 5a975c;
  5298: 50a456;
  5299: 3d9d43;
  5300: 58bc5c;
  5301: 54ac56;
  5302: 4e8e51;
  5303: 3400;
  5304: 478d47;
  5305: 4b9d49;
  5306: 58b658;
  5307: 49ab48;
  5308: 3f9a3b;
  5309: 519b4e;
  5310: 5b895b;
  5311: 2601;
  5312: 245422;
  5313: 579554;
  5314: 459848;
  5315: 41a042;
  5316: 41a13d;
  5317: 4ea547;
  5318: 54924f;
  5319: 477e45;
  5320: 43f05;
  5321: 599e5d;
  5322: 4ba34f;
  5323: 45a446;
  5324: 46a644;
  5325: 499b46;
  5326: 59925d;
  5327: 618265;
  5328: a00;
  5329: f9fbf8;
  5330: fdfbfc;
  5331: fbfaf8;
  5332: f8f7f3;
  5333: fefffb;
  5334: f9fffd;
  5335: fafeff;
  5336: fefbff;
  5337: fffbff;
  5338: fdfbfc;
  5339: fdfcfa;
  5340: fcfcfc;
  5341: fdfbfc;
  5342: fdfbfc;
  5343: fdfbfe;
  5344: fbfdfc;
  5345: f9fdfc;
  5346: f9fdfc;
  5347: fbfdfc;
  5348: fcfafd;
  5349: fff9fd;
  5350: fff5fe;
  5351: fff6fe;
  5352: fffdfe;
  5353: fef5f0;
  5354: fff6ed;
  5355: ffbfb7;
  5356: d14744;
  5357: c00c0b;
  5358: d60c08;
  5359: e21816;
  5360: ce1b21;
  5361: be393e;
  5362: ffd9d6;
  5363: feeae1;
  5364: fff9f2;
  5365: fffdf7;
  5366: fdfdf5;
  5367: f4fbf4;
  5368: f3fffd;
  5369: f0fafb;
  5370: fefcff;
  5371: fffbfe;
  5372: fffcf7;
  5373: fefff9;
  5374: fcfefb;
  5375: fafefd;
  5376: f3fefa;
  5377: f9fdfc;
  5378: fffbfd;
  5379: fff8fc;
  5380: fffbfa;
  5381: fdfcf8;
  5382: fefef4;
  5383: fefff5;
  5384: fdfef8;
  5385: f8f8f6;
  5386: f0f1f3;
  5387: ffe9eb;
  5388: ffe1e2;
  5389: ff8a88;
  5390: d71e1b;
  5391: d50b09;
  5392: c41617;
  5393: ac2424;
  5394: f29d9a;
  5395: ffeee8;
  5396: fff9f6;
  5397: f3fcf9;
  5398: fcfdff;
  5399: ffffff;
  5400: fdfbfc;
  5401: fcfcfa;
  5402: fbfdfc;
  5403: f9fdfc;
  5404: fbfdfc;
  5405: fcfcfc;
  5406: fffbfa;
  5407: fffbfa;
  5408: fdfcfa;
  5409: fcfcfc;
  5410: fdfbfe;
  5411: fdfbff;
  5412: fefbff;
  5413: fefbff;
  5414: fefcff;
  5415: fdfdff;
  5416: fefefe;
  5417: fdfdfb;
  5418: fdfcfa;
  5419: fffefa;
  5420: fcfbf9;
  5421: ffffff;
  5422: fbf9fc;
  5423: 400;
  5424: 577859;
  5425: 649d66;
  5426: 509c51;
  5427: 51ae55;
  5428: 3fa444;
  5429: 3f9f45;
  5430: 58a45c;
  5431: 135316;
  5432: 185217;
  5433: 67a562;
  5434: 56a64f;
  5435: 4ca845;
  5436: 419f3e;
  5437: 4ea04c;
  5438: 629763;
  5439: 8350a;
  5440: 2a662a;
  5441: 509d4f;
  5442: 46a348;
  5443: 44a544;
  5444: 42a042;
  5445: 519e4e;
  5446: 497842;
  5447: 103c0b;
  5448: 2c6e2e;
  5449: 55a85a;
  5450: 49a749;
  5451: 44a641;
  5452: 44a643;
  5453: 4fa14f;
  5454: 6da171;
  5455: 58715b;
  5456: 500;
  5457: fefdfb;
  5458: fbfbfb;
  5459: fafafa;
  5460: fffffd;
  5461: f9faf5;
  5462: fffffd;
  5463: fdf9fa;
  5464: fffbff;
  5465: fffbff;
  5466: fdfdfb;
  5467: fbfdf8;
  5468: fbfef7;
  5469: fbfef7;
  5470: fcfdf8;
  5471: fcfdf8;
  5472: fcfdf8;
  5473: fcfdf8;
  5474: fbfdfc;
  5475: fbfdfc;
  5476: fdfbfc;
  5477: fcfafb;
  5478: fdf8fc;
  5479: fafafc;
  5480: f8ffff;
  5481: f3f9f5;
  5482: fff7f0;
  5483: ffebe2;
  5484: ffddd1;
  5485: a94136;
  5486: b21f17;
  5487: c3110d;
  5488: df181b;
  5489: ce1b1f;
  5490: ff9a99;
  5491: ffeae3;
  5492: ffeae1;
  5493: fbf8ef;
  5494: fffefb;
  5495: fbfbfb;
  5496: f6fbfe;
  5497: f2fafc;
  5498: fcfcfe;
  5499: fefcfd;
  5500: fdfcfa;
  5501: fefefc;
  5502: fafeff;
  5503: f9ffff;
  5504: f6fffc;
  5505: f9fdfc;
  5506: fffafc;
  5507: fff9fc;
  5508: fdfcf8;
  5509: fbfef7;
  5510: fcfef1;
  5511: fcfef3;
  5512: f8faf7;
  5513: faf4f6;
  5514: ffeaec;
  5515: ffd6d7;
  5516: 911410;
  5517: bd1610;
  5518: db201b;
  5519: c1120f;
  5520: ff979c;
  5521: ffe3e6;
  5522: ffe8e7;
  5523: fbf3f0;
  5524: fcffff;
  5525: f5ffff;
  5526: f4f8fb;
  5527: fcfcfe;
  5528: fcfcfe;
  5529: fbfdfc;
  5530: f8fefe;
  5531: f8fefe;
  5532: fbfdfc;
  5533: fdfbfc;
  5534: fdfcfa;
  5535: fcfdf8;
  5536: fcfdf8;
  5537: fcfcfa;
  5538: fcfcfc;
  5539: fcfcfe;
  5540: fdfcff;
  5541: fdfcff;
  5542: fefcff;
  5543: fefcfd;
  5544: fffcfd;
  5545: fffbfa;
  5546: fcfbf9;
  5547: fefdfb;
  5548: fafafa;
  5549: fafafc;
  5550: fbf9fe;
  5551: fbfffd;
  5552: 1200;
  5553: 113f11;
  5554: 549752;
  5555: 53a752;
  5556: 49a94f;
  5557: 44a44a;
  5558: 4da24f;
  5559: 539a54;
  5560: 2a00;
  5561: d4008;
  5562: 5da252;
  5563: 45993b;
  5564: 4aa847;
  5565: 469c45;
  5566: 528b54;
  5567: 154716;
  5568: 448543;
  5569: 4b9d49;
  5570: 3ca03d;
  5571: 3ea23f;
  5572: 4fa44f;
  5573: 529550;
  5574: 2700;
  5575: 93502;
  5576: 4f9851;
  5577: 4da952;
  5578: 4bac4b;
  5579: 47a944;
  5580: 409b3e;
  5581: 519a51;
  5582: 42e0a;
  5583: 11607;
  5584: fdfff9;
  5585: fdfcfa;
  5586: ffffff;
  5587: fcfdff;
  5588: f8faf7;
  5589: fffffb;
  5590: faf9f7;
  5591: fffefd;
  5592: fffbfd;
  5593: fffcfd;
  5594: fdfdfb;
  5595: fbfdf8;
  5596: fbfef5;
  5597: fbfef5;
  5598: fcfdf8;
  5599: fcfcfa;
  5600: fcfdf8;
  5601: fcfcfa;
  5602: fdfdfd;
  5603: fdfdff;
  5604: fefcff;
  5605: fdfbfc;
  5606: fafcfb;
  5607: f6fcfa;
  5608: f3fdfc;
  5609: f9ffff;
  5610: fefefc;
  5611: fff8f3;
  5612: fff7ed;
  5613: fff1e3;
  5614: ffe0d7;
  5615: d14c45;
  5616: c71513;
  5617: ca0e0f;
  5618: bf1619;
  5619: 991f1c;
  5620: ffded4;
  5621: fff9f1;
  5622: fef5f6;
  5623: fffeff;
  5624: f6fafb;
  5625: f7fbfc;
  5626: fdfdfd;
  5627: fffdfe;
  5628: fefcff;
  5629: fdfdff;
  5630: f9ffff;
  5631: f7ffff;
  5632: fffffd;
  5633: fdfbfc;
  5634: fdf9fa;
  5635: fcfafb;
  5636: fbfffa;
  5637: fbfffa;
  5638: fbfef5;
  5639: f9fcf5;
  5640: f5fbfb;
  5641: fff1f4;
  5642: ffdddf;
  5643: e4696b;
  5644: d71e1c;
  5645: de1b17;
  5646: c22b22;
  5647: b14640;
  5648: ffdfdf;
  5649: ffeff1;
  5650: fffbfb;
  5651: fbf9fa;
  5652: f7f8fa;
  5653: fafeff;
  5654: f8fcff;
  5655: fafbff;
  5656: fdfbff;
  5657: fcfbff;
  5658: f6feff;
  5659: f6feff;
  5660: fcfcfe;
  5661: fdfbfc;
  5662: fbfdfa;
  5663: f9fef8;
  5664: fbfdf8;
  5665: fbfdf8;
  5666: f9fef8;
  5667: f8fff8;
  5668: f9fffb;
  5669: fafffb;
  5670: fcfef9;
  5671: fdfef9;
  5672: fffffb;
  5673: fcfbf7;
  5674: fcfcfa;
  5675: f9f9f9;
  5676: ffffff;
  5677: fefdff;
  5678: faf7ff;
  5679: e6e7eb;
  5680: 768179;
  5681: 1200;
  5682: 4d8349;
  5683: 4f974b;
  5684: 52a754;
  5685: 4eab52;
  5686: 47a147;
  5687: 4f9e4d;
  5688: 285a25;
  5689: 2000;
  5690: 5f9b55;
  5691: 4a943f;
  5692: 4ba244;
  5693: 4ca04a;
  5694: 4e894f;
  5695: 144b14;
  5696: 387a33;
  5697: 4ea149;
  5698: 44ab42;
  5699: 399d3a;
  5700: 549d54;
  5701: 4e884e;
  5702: 2c00;
  5703: 3e7639;
  5704: 459443;
  5705: 46a348;
  5706: 49aa4b;
  5707: 48a346;
  5708: 4f9c4c;
  5709: 4e884e;
  5710: 1d03;
  5711: 77847b;
  5712: f8fdf9;
  5713: fbfbfb;
  5714: f9fafe;
  5715: f8f9fd;
  5716: fdfffe;
  5717: fefffd;
  5718: fbfcf7;
  5719: fcfdf8;
  5720: fdfdfd;
  5721: fdfdfd;
  5722: fefcfd;
  5723: fdfcfa;
  5724: fdfcf8;
  5725: fdfcf8;
  5726: fdfbfe;
  5727: fcfbff;
  5728: fbfcfe;
  5729: fbfcfe;
  5730: fefcff;
  5731: fffbff;
  5732: fffbff;
  5733: fcfcfe;
  5734: f6fffc;
  5735: f4fffb;
  5736: f9fafc;
  5737: f5f5f7;
  5738: f3f2f7;
  5739: f8f3f7;
  5740: fffaf9;
  5741: fff3ed;
  5742: ffefe6;
  5743: ffd8cf;
  5744: b43f36;
  5745: bc1a17;
  5746: ef242a;
  5747: d01b20;
  5748: e07a75;
  5749: fff1eb;
  5750: fceeee;
  5751: f5f6fa;
  5752: f8f8f8;
  5753: fbfbf9;
  5754: fefdfb;
  5755: fffdfe;
  5756: fffdff;
  5757: fbfcff;
  5758: f9ffff;
  5759: f7fffd;
  5760: fcfbf7;
  5761: fdfcfa;
  5762: fffbff;
  5763: fdfdff;
  5764: f7fcf8;
  5765: f5fbf7;
  5766: f9fbf8;
  5767: fbfdfa;
  5768: f7fdfb;
  5769: fddedc;
  5770: e06f71;
  5771: cc2424;
  5772: d60808;
  5773: d91e19;
  5774: ea7973;
  5775: ffe0d9;
  5776: fff5f3;
  5777: f9f9f9;
  5778: f9f9f9;
  5779: fdfdfd;
  5780: fbfbfd;
  5781: fafbfd;
  5782: f6fafb;
  5783: fcfdff;
  5784: fdfbff;
  5785: fdfbff;
  5786: f9fdfe;
  5787: f9fdfe;
  5788: fdfbfe;
  5789: fdfbfc;
  5790: fbfdfc;
  5791: f9fdfc;
  5792: fcfcfa;
  5793: fcfdf8;
  5794: f9fef8;
  5795: f9fff9;
  5796: f9fff9;
  5797: f9fff9;
  5798: fcfef9;
  5799: fdfef9;
  5800: f6f7f2;
  5801: fffffb;
  5802: f9f9f7;
  5803: fefefe;
  5804: faf8fb;
  5805: f7f6fb;
  5806: faf9ff;
  5807: f1f2f6;
  5808: f2f3f5;
  5809: e5f6e4;
  5810: 2a00;
  5811: 619f5c;
  5812: 509d4f;
  5813: 429b41;
  5814: 4aa848;
  5815: 4da14b;
  5816: 639d62;
  5817: 396937;
  5818: a4002;
  5819: 4f9245;
  5820: 499e43;
  5821: 56aa54;
  5822: 5ea063;
  5823: 54008;
  5824: 42843c;
  5825: 56a64f;
  5826: 3ea33d;
  5827: 49aa49;
  5828: 539953;
  5829: 2e00;
  5830: 599154;
  5831: 4e914a;
  5832: 58ac56;
  5833: 41a042;
  5834: 41a044;
  5835: 469947;
  5836: 67a363;
  5837: 2000;
  5838: cde2d1;
  5839: f0f9f4;
  5840: f9fefa;
  5841: fdfffc;
  5842: fefdff;
  5843: fbfaff;
  5844: fbfcff;
  5845: f8faf9;
  5846: fdfffa;
  5847: fdfffa;
  5848: fafefd;
  5849: fcfefd;
  5850: fffcfd;
  5851: fffcfd;
  5852: fdfcf8;
  5853: fdfcfa;
  5854: fdfcff;
  5855: fdfcff;
  5856: fbfcff;
  5857: fbfcff;
  5858: fefcff;
  5859: fffbff;
  5860: fffbff;
  5861: fdfdfd;
  5862: f6fffc;
  5863: f8fefc;
  5864: fffdfe;
  5865: fffdff;
  5866: f9f4fa;
  5867: f7f5fa;
  5868: fdfdff;
  5869: fcfcfa;
  5870: f6f2ef;
  5871: fff8f3;
  5872: ffdcd3;
  5873: dc5f59;
  5874: d81013;
  5875: e4151b;
  5876: b92523;
  5877: e78e8a;
  5878: fff5f6;
  5879: fefcfd;
  5880: f6f6f6;
  5881: fcfcfa;
  5882: fdfcf8;
  5883: fefdfb;
  5884: fffdff;
  5885: fcfbff;
  5886: fafeff;
  5887: fafffe;
  5888: f9faf4;
  5889: fcfdf8;
  5890: fffeff;
  5891: fffdff;
  5892: faf8fd;
  5893: f6f5fa;
  5894: f9f8ff;
  5895: fefeff;
  5896: f2f3eb;
  5897: fff0e5;
  5898: b01211;
  5899: df1316;
  5900: d11514;
  5901: a61615;
  5902: ffd0ce;
  5903: fff7f5;
  5904: fffbfa;
  5905: f4f8f7;
  5906: f9f9f7;
  5907: fdfcfa;
  5908: fefdf9;
  5909: f9f9f7;
  5910: fcfefb;
  5911: feffff;
  5912: fffcfb;
  5913: fffbfb;
  5914: fefdf9;
  5915: fefdf9;
  5916: fefdfb;
  5917: fefcfd;
  5918: fdfcff;
  5919: fdfcff;
  5920: fffafe;
  5921: fffafe;
  5922: fdfbfc;
  5923: fcfefd;
  5924: fafeff;
  5925: fafeff;
  5926: fdfdff;
  5927: fdfdfd;
  5928: fcffff;
  5929: f9fefa;
  5930: ffffff;
  5931: fffdfe;
  5932: fffdfe;
  5933: f8f6f7;
  5934: f7fdfb;
  5935: f3f9f9;
  5936: fffeff;
  5937: f3fdf5;
  5938: a2c0b;
  5939: 4c8349;
  5940: 4a9344;
  5941: 499e43;
  5942: 4eac4c;
  5943: 4fa84e;
  5944: 519a51;
  5945: 4e8b4f;
  5946: 2200;
  5947: 60a15f;
  5948: 459941;
  5949: 479d46;
  5950: 62a86a;
  5951: 1d5c23;
  5952: 34732c;
  5953: 4b9442;
  5954: 44a242;
  5955: 429f44;
  5956: 5ba15b;
  5957: 2e00;
  5958: 64a760;
  5959: 439040;
  5960: 4ea64f;
  5961: 44a347;
  5962: 46a34a;
  5963: 519d53;
  5964: 3d683b;
  5965: a2107;
  5966: f8fff8;
  5967: f8fff8;
  5968: fcfffa;
  5969: f3f5f0;
  5970: fdfbfe;
  5971: fcf9ff;
  5972: fcfbff;
  5973: fdfeff;
  5974: fcffff;
  5975: f6fbf7;
  5976: fafeff;
  5977: fdfdff;
  5978: fffbff;
  5979: fffbfd;
  5980: fdfef9;
  5981: fafffb;
  5982: fafeff;
  5983: fcfdff;
  5984: fcfbff;
  5985: fefcff;
  5986: fdfdfd;
  5987: fdfdfb;
  5988: fdfdfb;
  5989: fdfef9;
  5990: fdfdfb;
  5991: fefdfb;
  5992: fffbfb;
  5993: fffafb;
  5994: fff7f8;
  5995: fffafa;
  5996: fcfefd;
  5997: f4f8f9;
  5998: fdfeff;
  5999: fff7f8;
  6000: fff2ee;
  6001: ffded8;
  6002: ba1615;
  6003: ce0608;
  6004: d11315;
  6005: ab1a1d;
  6006: ffe9e8;
  6007: fff1ee;
  6008: f6f6f4;
  6009: fafffe;
  6010: f9fefa;
  6011: fcfcfa;
  6012: fffdfe;
  6013: fefafb;
  6014: fefcfd;
  6015: fefefe;
  6016: fefffa;
  6017: fcfdf8;
  6018: fbfbf9;
  6019: fdfbfc;
  6020: fffcff;
  6021: fffaff;
  6022: fff9ff;
  6023: fff6f9;
  6024: fff0e6;
  6025: ef9386;
  6026: d21617;
  6027: d90a10;
  6028: af191b;
  6029: ed9291;
  6030: ffebeb;
  6031: fdf9f8;
  6032: f4f5f9;
  6033: f2f6f7;
  6034: fefefc;
  6035: fdfcf8;
  6036: fbfaf5;
  6037: fcfdf8;
  6038: fcfefb;
  6039: fcfcfc;
  6040: fffcfb;
  6041: fffcf9;
  6042: fffcf8;
  6043: fffdf8;
  6044: fffcfb;
  6045: fefcfd;
  6046: fefcff;
  6047: fefbff;
  6048: fff9ff;
  6049: fffafe;
  6050: fffbff;
  6051: fefcfd;
  6052: fdfdfd;
  6053: fdfdff;
  6054: fefcff;
  6055: fdfdff;
  6056: f6fcfc;
  6057: f8fefc;
  6058: ffffff;
  6059: fffdfe;
  6060: fdf9fa;
  6061: fefcfd;
  6062: dee3df;
  6063: eff5f3;
  6064: feffff;
  6065: f9ffff;
  6066: 7c937f;
  6067: 83107;
  6068: 5ea059;
  6069: 4a9a45;
  6070: 459e44;
  6071: 4ca64e;
  6072: 459a47;
  6073: 569f56;
  6074: 3200;
  6075: 4d8a4e;
  6076: 3a8c37;
  6077: 52a650;
  6078: 489051;
  6079: 115218;
  6080: 367a31;
  6081: 4d9845;
  6082: 4ea44d;
  6083: 52a754;
  6084: 307330;
  6085: 10510d;
  6086: 57a152;
  6087: 4ca048;
  6088: 48a749;
  6089: 43a248;
  6090: 4c9f4f;
  6091: 5c995e;
  6092: 1a371b;
  6093: b5c1b7;
  6094: f0faf2;
  6095: f0f7f0;
  6096: c0c5bf;
  6097: f8faf7;
  6098: fffeff;
  6099: fffcff;
  6100: fbfaff;
  6101: feffff;
  6102: fafffb;
  6103: fbfffc;
  6104: fcfefd;
  6105: fefcff;
  6106: fffaff;
  6107: fffbfd;
  6108: fdfdfb;
  6109: fafffb;
  6110: fafeff;
  6111: fcfdff;
  6112: fdfdff;
  6113: fefcfd;
  6114: fdfdfb;
  6115: fcfef9;
  6116: fcfef9;
  6117: fcfef9;
  6118: fefdf9;
  6119: fefdfb;
  6120: fffcfb;
  6121: fffafa;
  6122: fffdfb;
  6123: fffcf9;
  6124: f9fbf8;
  6125: f9fdfe;
  6126: fbfcff;
  6127: faf9fe;
  6128: fffcfb;
  6129: ffeee9;
  6130: e27673;
  6131: bf201d;
  6132: df181d;
  6133: c71418;
  6134: ffa8a4;
  6135: fff2ec;
  6136: fff5f3;
  6137: fbffff;
  6138: fafffb;
  6139: fdfef9;
  6140: fffdfa;
  6141: fffaf7;
  6142: fefcfd;
  6143: fefeff;
  6144: fdfbff;
  6145: fcfcfc;
  6146: fcfff8;
  6147: fafbf3;
  6148: fffafa;
  6149: fff5f9;
  6150: fff7fa;
  6151: fff1f1;
  6152: c45b55;
  6153: ad100b;
  6154: d10a11;
  6155: b70711;
  6156: ffccd5;
  6157: fff0f4;
  6158: fff6f4;
  6159: fcfefb;
  6160: fbfbff;
  6161: fbfbff;
  6162: fbfdfc;
  6163: fcfdf8;
  6164: fcfdf8;
  6165: fcfcfa;
  6166: fcfcfe;
  6167: fdfdff;
  6168: fefcfd;
  6169: fffcfb;
  6170: fffcf9;
  6171: fffcfb;
  6172: fffbff;
  6173: fffbff;
  6174: fffbff;
  6175: fffbff;
  6176: fffbff;
  6177: fffbff;
  6178: fffcfb;
  6179: fffcf9;
  6180: fefdf9;
  6181: fefdf9;
  6182: fefcfd;
  6183: fdfdff;
  6184: fafbfd;
  6185: f9fdfe;
  6186: f7f9f8;
  6187: f5f5f5;
  6188: faf8f9;
  6189: f5f3f4;
  6190: adadaf;
  6191: 2;
  6192: f7ffff;
  6193: f8ffff;
  6194: 9ea4a0;
  6195: d00;
  6196: 3c713d;
  6197: 57a057;
  6198: 51a454;
  6199: 409a43;
  6200: 4aa74c;
  6201: 479b46;
  6202: 529051;
  6203: 2b00;
  6204: 59a451;
  6205: 52a24d;
  6206: 54985b;
  6207: 105419;
  6208: 257224;
  6209: 5bad59;
  6210: 4fa252;
  6211: 58a45c;
  6212: 2900;
  6213: 539150;
  6214: 54a24c;
  6215: 51ac4c;
  6216: 3ca03d;
  6217: 39983e;
  6218: 60a562;
  6219: 37643b;
  6220: e02;
  6221: 98a1a0;
  6222: f7fffe;
  6223: c1ccc8;
  6224: 203;
  6225: 838488;
  6226: fffeff;
  6227: fcfbff;
  6228: ffffff;
  6229: fbfbf9;
  6230: fbfcf6;
  6231: fdfef8;
  6232: fcfbf7;
  6233: fffbfa;
  6234: fffbfb;
  6235: fffbfd;
  6236: fffcfd;
  6237: fdfdff;
  6238: fdfcff;
  6239: fcfdff;
  6240: fdfdfd;
  6241: fcfcfa;
  6242: fdfffe;
  6243: fefffd;
  6244: fbfdfa;
  6245: fbfdf8;
  6246: fcfef9;
  6247: fbfdf8;
  6248: fcfefb;
  6249: fdfdfb;
  6250: fdfdfb;
  6251: fcfdf8;
  6252: fcfcfa;
  6253: fcfcfa;
  6254: fdfbfe;
  6255: fdfbfe;
  6256: fdfbff;
  6257: fff3f5;
  6258: fff3f1;
  6259: ffcdca;
  6260: b1080b;
  6261: d01214;
  6262: a50d08;
  6263: e4817b;
  6264: fff4f3;
  6265: f7f5f6;
  6266: fffffd;
  6267: fdfcf7;
  6268: fffef8;
  6269: fffef9;
  6270: fbfbfd;
  6271: fdfeff;
  6272: fbf8ff;
  6273: fefeff;
  6274: f8fbf4;
  6275: f9fcf1;
  6276: fffefb;
  6277: fff5f4;
  6278: fff1f0;
  6279: ffd6d4;
  6280: b21413;
  6281: d71515;
  6282: d92227;
  6283: e05a61;
  6284: ffeef4;
  6285: f4eff3;
  6286: f3f5f2;
  6287: fafffb;
  6288: fafbff;
  6289: fafbff;
  6290: fbfdfa;
  6291: fbfdf8;
  6292: fcfdf8;
  6293: fcfcfc;
  6294: fcfbff;
  6295: fdfcff;
  6296: fdfdfd;
  6297: fdfdfb;
  6298: fefdf9;
  6299: fefdfb;
  6300: fefcff;
  6301: fefcff;
  6302: fefcff;
  6303: fefcfd;
  6304: fefcff;
  6305: fefcff;
  6306: fefdfb;
  6307: fffcf9;
  6308: fffcf9;
  6309: fffcf9;
  6310: fefcfd;
  6311: fdfdff;
  6312: fffeff;
  6313: fcfdff;
  6314: fafbfd;
  6315: eff1f0;
  6316: f2f4f3;
  6317: feffff;
  6318: 2d2c31;
  6319: 20307;
  6320: a0a9a8;
  6321: dbe1e1;
  6322: 28262b;
  6323: 30905;
  6324: f3412;
  6325: 46834a;
  6326: 59a55d;
  6327: 449c46;
  6328: 3f9f3e;
  6329: 4ba448;
  6330: 5b9e57;
  6331: 2700;
  6332: 4f9646;
  6333: 4d9647;
  6334: 5f9f62;
  6335: 1a5e21;
  6336: 227327;
  6337: 57a859;
  6338: 60a964;
  6339: 347938;
  6340: 3300;
  6341: 559851;
  6342: 51a44a;
  6343: 4fab48;
  6344: 41a542;
  6345: 4fa751;
  6346: 447b44;
  6347: f2d13;
  6348: a1511;
  6349: 14171c;
  6350: d1dad9;
  6351: 5a6362;
  6352: 10508;
  6353: f1014;
  6354: d3d4d8;
  6355: f7f9f8;
  6356: edefec;
  6357: fdfef9;
  6358: fffffa;
  6359: fbfaf5;
  6360: fffbf8;
  6361: fffbfa;
  6362: fffcfd;
  6363: fffbff;
  6364: fefcff;
  6365: fefcff;
  6366: fdfcff;
  6367: fcfdff;
  6368: ffffff;
  6369: fbfdfc;
  6370: fbfdfc;
  6371: fbfdfc;
  6372: fbfdfa;
  6373: fdfffc;
  6374: fdfffc;
  6375: fbfdfa;
  6376: fdfdfb;
  6377: fdfdfb;
  6378: fdfdfb;
  6379: fdfdfb;
  6380: fcfdf8;
  6381: fcfcfa;
  6382: fcfcfc;
  6383: fcfcfe;
  6384: f9f8fd;
  6385: fffeff;
  6386: eff1f0;
  6387: fff0ee;
  6388: dd5859;
  6389: cd191a;
  6390: cf1915;
  6391: ab1c16;
  6392: ffedec;
  6393: fff5f5;
  6394: fdf7f7;
  6395: fcfdf8;
  6396: fefef6;
  6397: fefdf8;
  6398: feffff;
  6399: f9fdff;
  6400: fdfcff;
  6401: fbfaff;
  6402: fdfef9;
  6403: fafdf6;
  6404: f4faf6;
  6405: fffbf9;
  6406: ffebea;
  6407: c05857;
  6408: da191e;
  6409: d3070a;
  6410: a31514;
  6411: ffd5d4;
  6412: ffe7e8;
  6413: f8f9fb;
  6414: ffffff;
  6415: fafaf8;
  6416: fbfcf7;
  6417: fbfcf6;
  6418: fcfdf5;
  6419: fcfdf7;
  6420: fcfcfa;
  6421: fcfcfe;
  6422: fcfbff;
  6423: fdfcff;
  6424: fdfdfd;
  6425: fcfef9;
  6426: fdfef8;
  6427: fcfef9;
  6428: fcfefd;
  6429: fcfefd;
  6430: fcfef9;
  6431: fcfef9;
  6432: fcfefd;
  6433: fcfefd;
  6434: fdfdfd;
  6435: fefcfd;
  6436: fefcfd;
  6437: fefcff;
  6438: fefcff;
  6439: fdfcff;
  6440: fcfbff;
  6441: feffff;
  6442: f1f5f6;
  6443: fbffff;
  6444: c9cfcd;
  6445: 606;
  6446: c1114;
  6447: 151a1e;
  6448: c0d11;
  6449: 10004;
  6450: 120b13;
  6451: c0c0e;
  6452: 1001;
  6453: 1c00;
  6454: 498e4d;
  6455: 4ea34e;
  6456: 43a141;
  6457: 4aa548;
  6458: 479144;
  6459: 498c45;
  6460: 3900;
  6461: 5b9956;
  6462: 5a9658;
  6463: a4c0e;
  6464: 307b38;
  6465: 4e9656;
  6466: 58955c;
  6467: 2800;
  6468: 478e4a;
  6469: 59a859;
  6470: 479c41;
  6471: 47a141;
  6472: 3e9c3e;
  6473: 4b994d;
  6474: 1400;
  6475: 41606;
  6476: 70b0a;
  6477: 151419;
  6478: 20609;
  6479: 1a1e1f;
  6480: f1012;
  6481: 90909;
  6482: 20403;
  6483: bfc1be;
  6484: fefffb;
  6485: f6f8f3;
  6486: f4f6f3;
  6487: fdfffe;
  6488: fcfcfe;
  6489: fcfbff;
  6490: fdfcff;
  6491: fdfcff;
  6492: fdfcff;
  6493: fcfdff;
  6494: fcfdff;
  6495: fcfdff;
  6496: fefeff;
  6497: fcfcfe;
  6498: fbfdfc;
  6499: fcfefd;
  6500: fcfefd;
  6501: fdfffe;
  6502: fffeff;
  6503: fffafe;
  6504: fffbff;
  6505: fffbfd;
  6506: fffbfb;
  6507: fffcf9;
  6508: fdfef9;
  6509: fcfefb;
  6510: f8fefe;
  6511: f8fefe;
  6512: fefcff;
  6513: f2f0f3;
  6514: fbfffe;
  6515: fff5f1;
  6516: ffcecd;
  6517: a81616;
  6518: cc0c0b;
  6519: d1221f;
  6520: d87a78;
  6521: ffeae9;
  6522: fffafb;
  6523: fcffff;
  6524: fcfefb;
  6525: f8faf5;
  6526: fefffd;
  6527: fcfefb;
  6528: fbfaff;
  6529: fcfbff;
  6530: fffeff;
  6531: fbfdfa;
  6532: f4fdf8;
  6533: f9eae5;
  6534: ffe1e0;
  6535: a31919;
  6536: e11518;
  6537: e01d21;
  6538: e47c79;
  6539: fff3ef;
  6540: fffdfa;
  6541: f0f6f6;
  6542: fafafc;
  6543: fefcfd;
  6544: fbfcf7;
  6545: fcfdf7;
  6546: fcfdf5;
  6547: fcfdf7;
  6548: fcfcfa;
  6549: fcfcfe;
  6550: fdfcff;
  6551: fdfcff;
  6552: fdfdfb;
  6553: fcfef9;
  6554: fcfef9;
  6555: fcfef9;
  6556: fcfefb;
  6557: fafffb;
  6558: fafff9;
  6559: fafff9;
  6560: fafffb;
  6561: fafefd;
  6562: fcfefd;
  6563: fcfefd;
  6564: fdfdfd;
  6565: fdfdff;
  6566: fdfdff;
  6567: fdfdff;
  6568: fcfcfe;
  6569: fcfdff;
  6570: f4f8f7;
  6571: d6dcda;
  6572: 707676;
  6573: 70c0f;
  6574: 121a1d;
  6575: b1014;
  6576: e0d13;
  6577: a050c;
  6578: a020d;
  6579: 9080e;
  6580: 111a19;
  6581: 1000;
  6582: 518e53;
  6583: 499b47;
  6584: 4ea94a;
  6585: 46a142;
  6586: 439541;
  6587: 5ba359;
  6588: 2900;
  6589: 699c61;
  6590: 679d63;
  6591: 175117;
  6592: 34753d;
  6593: 619f6c;
  6594: 4b7f4f;
  6595: 2c00;
  6596: 59a55b;
  6597: 4da34c;
  6598: 49a244;
  6599: 51a74c;
  6600: 40943f;
  6601: 367639;
  6602: 1e00;
  6603: 9160d;
  6604: 171719;
  6605: 10004;
  6606: 40308;
  6607: 8090d;
  6608: e0e10;
  6609: d0d0d;
  6610: 181a17;
  6611: 30502;
  6612: a9aea8;
  6613: eaefe9;
  6614: fcfffd;
  6615: f9fdfc;
  6616: fbfcff;
  6617: fcfdff;
  6618: fcfcff;
  6619: fcfdff;
  6620: fcfdff;
  6621: fcfdff;
  6622: fcfefb;
  6623: fdfffc;
  6624: fdfbfe;
  6625: fdfbff;
  6626: fefeff;
  6627: ffffff;
  6628: fbfdfa;
  6629: fcfcfc;
  6630: fefcff;
  6631: fffbff;
  6632: fffaff;
  6633: fffaff;
  6634: fffbfd;
  6635: fffcfb;
  6636: fdfdfb;
  6637: f9fdfc;
  6638: f6fffe;
  6639: f8fefe;
  6640: fffeff;
  6641: fffefd;
  6642: f3f7f6;
  6643: fff7f5;
  6644: ffdbd7;
  6645: c65956;
  6646: dd1f1f;
  6647: db1919;
  6648: a12523;
  6649: ffe5e6;
  6650: fffafd;
  6651: f3fbfe;
  6652: f9ffff;
  6653: fefffd;
  6654: fbfcf7;
  6655: fefff9;
  6656: fbfcff;
  6657: f8f7fd;
  6658: fffbff;
  6659: fafafa;
  6660: f7fdfb;
  6661: fff1ed;
  6662: ffafaf;
  6663: bc1414;
  6664: d81513;
  6665: b61411;
  6666: ffcac7;
  6667: fffbf7;
  6668: f4faf6;
  6669: f1fbfa;
  6670: feffff;
  6671: fbfaff;
  6672: fdfcff;
  6673: fdfdfd;
  6674: fdfef9;
  6675: fdfef9;
  6676: fefcff;
  6677: fefcff;
  6678: fefcfd;
  6679: fdfdfb;
  6680: fdfef8;
  6681: fdfef8;
  6682: fdfdfb;
  6683: fcfefd;
  6684: fbfdfc;
  6685: fbfdfc;
  6686: fbfdfa;
  6687: f9fefa;
  6688: f9fffd;
  6689: f9fffd;
  6690: f9fffb;
  6691: fafff9;
  6692: fcfef9;
  6693: fcfff8;
  6694: fcfff8;
  6695: fdfef8;
  6696: fdfdfb;
  6697: fefffd;
  6698: fbfdfc;
  6699: 424647;
  6700: c1013;
  6701: 12151a;
  6702: 90c13;
  6703: b0e15;
  6704: c0c14;
  6705: 90810;
  6706: 7080d;
  6707: b0e13;
  6708: 40710;
  6709: d04;
  6710: 2f6333;
  6711: 4f994e;
  6712: 46a144;
  6713: 4caa49;
  6714: 57b054;
  6715: 519b4c;
  6716: 104109;
  6717: 476f3d;
  6718: 6f9763;
  6719: 214f1e;
  6720: 32653c;
  6721: 5b8f68;
  6722: 204f25;
  6723: 245d26;
  6724: 459242;
  6725: 50ab4c;
  6726: 4dad4b;
  6727: 449d43;
  6728: 488b46;
  6729: 255325;
  6730: 1707;
  6731: 60f0e;
  6732: 16151a;
  6733: 120d13;
  6734: a070e;
  6735: b0a10;
  6736: c0b11;
  6737: 141318;
  6738: 141517;
  6739: 101211;
  6740: 300;
  6741: ebf0ea;
  6742: fafff9;
  6743: f8fdf9;
  6744: f9fdfc;
  6745: fafeff;
  6746: fcfdff;
  6747: fcfdff;
  6748: fdfdfd;
  6749: fdfef9;
  6750: fdfef6;
  6751: fffef9;
  6752: fffbff;
  6753: fffaff;
  6754: fffbff;
  6755: fefdfb;
  6756: fbfcf7;
  6757: fcfdf8;
  6758: fdfdfb;
  6759: fcfafb;
  6760: fffbff;
  6761: fffbff;
  6762: fefcff;
  6763: fcfbff;
  6764: fcfcfe;
  6765: f9fdfe;
  6766: f9fdfc;
  6767: fbfdfa;
  6768: fffaf7;
  6769: fefaf7;
  6770: fafffb;
  6771: f6f8f5;
  6772: fff8f5;
  6773: ffbdba;
  6774: be100f;
  6775: dd1515;
  6776: bb201e;
  6777: ffd8d9;
  6778: fff5fa;
  6779: f5feff;
  6780: fbffff;
  6781: eff1f0;
  6782: fffffb;
  6783: fefef6;
  6784: fbfcff;
  6785: fcfbff;
  6786: fff8ff;
  6787: fff9fd;
  6788: fbfaf8;
  6789: ffecea;
  6790: ad1d1d;
  6791: d11718;
  6792: bb120b;
  6793: e26960;
  6794: fff3ef;
  6795: f1f3f2;
  6796: eaf5f1;
  6797: f4fffb;
  6798: f9fdfe;
  6799: fffeff;
  6800: fdfcff;
  6801: fefdff;
  6802: fefefc;
  6803: fdfdfb;
  6804: fefcff;
  6805: fefcff;
  6806: fefcfd;
  6807: fefdf9;
  6808: fefdf8;
  6809: fdfef9;
  6810: fefcff;
  6811: fcfbff;
  6812: fcfcfe;
  6813: fcfcfc;
  6814: fcfcfc;
  6815: fbfdfc;
  6816: fafeff;
  6817: fafeff;
  6818: fafefd;
  6819: fafff9;
  6820: fafff9;
  6821: fcfff8;
  6822: fcfff8;
  6823: fcfff8;
  6824: fcfdf8;
  6825: fbfbf9;
  6826: e9e9e9;
  6827: a0b0d;
  6828: b0a10;
  6829: 101116;
  6830: 121119;
  6831: b0b13;
  6832: a0a14;
  6833: 4070e;
  6834: 5090c;
  6835: 104;
  6836: 4040e;
  6837: f1b19;
  6838: 2100;
  6839: 519252;
  6840: 4ca54b;
  6841: 47a944;
  6842: 3a9838;
  6843: 4f9e4b;
  6844: 5e9458;
  6845: 2300;
  6846: 385d31;
  6847: 1e431a;
  6848: 4b7253;
  6849: 396544;
  6850: 2500;
  6851: 67a367;
  6852: 479742;
  6853: 46a443;
  6854: 43a443;
  6855: 3c903b;
  6856: 699e66;
  6857: 1c00;
  6858: 700;
  6859: 80d11;
  6860: 7080d;
  6861: d0c12;
  6862: 7060c;
  6863: b0c11;
  6864: 90911;
  6865: b0b13;
  6866: 17181c;
  6867: 101113;
  6868: 20403;
  6869: f8faf7;
  6870: fafcf9;
  6871: fdfffc;
  6872: fcfefd;
  6873: fcfdff;
  6874: fdfdff;
  6875: fdfdff;
  6876: fefcfd;
  6877: fefdf9;
  6878: fffef9;
  6879: fffef9;
  6880: fffcfe;
  6881: fff9fd;
  6882: fdf9fa;
  6883: fbfaf8;
  6884: fbfcf7;
  6885: fcfefb;
  6886: fcfefb;
  6887: f9fbfa;
  6888: fdfdff;
  6889: fdfcff;
  6890: fcfbff;
  6891: fcfbff;
  6892: fcfbff;
  6893: fbfcfe;
  6894: fbfdfa;
  6895: fcfdf8;
  6896: fffbf8;
  6897: fffbf8;
  6898: f9fefa;
  6899: f5fbf7;
  6900: f8fdf9;
  6901: ffeae7;
  6902: be302e;
  6903: ca110f;
  6904: c41414;
  6905: e06263;
  6906: ffe6e9;
  6907: e9eef2;
  6908: f6fafd;
  6909: ffffff;
  6910: fcfbf7;
  6911: fffcf7;
  6912: f9fdfe;
  6913: f7f7f9;
  6914: fff5fd;
  6915: fff5fc;
  6916: fff4f6;
  6917: ffdbdb;
  6918: b50b0e;
  6919: da1e1c;
  6920: c4493a;
  6921: ffbfb0;
  6922: fff6f5;
  6923: fffeff;
  6924: eef4f2;
  6925: f6fcfa;
  6926: f9fdfe;
  6927: fafbfd;
  6928: fdfcff;
  6929: fdfdff;
  6930: fdfdfd;
  6931: fdfdff;
  6932: fefcff;
  6933: fefcff;
  6934: fefcff;
  6935: fefcfd;
  6936: fefdfb;
  6937: fefcfd;
  6938: fffbff;
  6939: fdfbff;
  6940: fdfbff;
  6941: fdfbfe;
  6942: fdfbfc;
  6943: fdfbfe;
  6944: fefbff;
  6945: fdfcff;
  6946: fdfcff;
  6947: fdfdfd;
  6948: fdfdfd;
  6949: fcfefb;
  6950: fcfefb;
  6951: fcfefd;
  6952: ffffff;
  6953: fafafa;
  6954: ececec;
  6955: 262628;
  6956: 19171a;
  6957: e0d12;
  6958: 131019;
  6959: b0914;
  6960: a0d14;
  6961: a0d12;
  6962: 50908;
  6963: d120e;
  6964: e0f13;
  6965: 906;
  6966: 8210c;
  6967: 5a8e5e;
  6968: 429742;
  6969: 42a842;
  6970: 3b9c3b;
  6971: 489e47;
  6972: 66a962;
  6973: 2d00;
  6974: 1b411a;
  6975: 204124;
  6976: 4b6c51;
  6977: 1900;
  6978: 144a16;
  6979: 599f57;
  6980: 499d45;
  6981: 44a242;
  6982: 45a345;
  6983: 4d994e;
  6984: 3b643a;
  6985: 1101;
  6986: 161f1c;
  6987: f1217;
  6988: 1080e;
  6989: 70e14;
  6990: 80b10;
  6991: b0e13;
  6992: 80b12;
  6993: f1219;
  6994: a0d14;
  6995: 7080d;
  6996: 6f7074;
  6997: fffeff;
  6998: ffffff;
  6999: fdfdff;
  7000: fefcff;
  7001: fefcff;
  7002: fefcff;
  7003: fefcff;
  7004: fffbff;
  7005: fffbff;
  7006: fffdfe;
  7007: fffcfc;
  7008: fdf8f5;
  7009: fcf7f4;
  7010: faf9f4;
  7011: fbfcf7;
  7012: f8fcfb;
  7013: f8fefe;
  7014: f9feff;
  7015: f7faff;
  7016: fcfdff;
  7017: fdfcff;
  7018: fdfcff;
  7019: fefcff;
  7020: fdfbfe;
  7021: fcfcfc;
  7022: fcfdf8;
  7023: fcfdf7;
  7024: fffdfa;
  7025: fefaf9;
  7026: f8faf7;
  7027: f5faf6;
  7028: f9fffd;
  7029: ffefec;
  7030: e4837d;
  7031: a9140e;
  7032: cf1516;
  7033: c1282a;
  7034: ffe7e9;
  7035: f9f9f9;
  7036: f8f6f7;
  7037: fefafb;
  7038: fbfaf8;
  7039: fffefa;
  7040: f8fcfb;
  7041: fcfcfc;
  7042: fff9fe;
  7043: fff2f9;
  7044: ffedef;
  7045: cc7473;
  7046: d21e21;
  7047: be0b07;
  7048: ffc4b4;
  7049: fff4e6;
  7050: fff7f7;
  7051: edebf0;
  7052: feffff;
  7053: f6faf9;
  7054: ffffff;
  7055: fefefe;
  7056: fcfcfc;
  7057: fdfdfd;
  7058: fdfdff;
  7059: fdfdff;
  7060: fdfdfd;
  7061: fdfdfd;
  7062: fefcfd;
  7063: fffdff;
  7064: fefcff;
  7065: fefcff;
  7066: fefcff;
  7067: fdfbff;
  7068: fdfaff;
  7069: fffaff;
  7070: fffbfc;
  7071: fffbfc;
  7072: fffaff;
  7073: fffbff;
  7074: fffbff;
  7075: fefcfd;
  7076: fefcfd;
  7077: fdfdfd;
  7078: fdfdff;
  7079: fdfcff;
  7080: f9f9fb;
  7081: f6f6f8;
  7082: f0eeef;
  7083: fffefc;
  7084: 8a8a8a;
  7085: b0b0d;
  7086: 7070f;
  7087: d1019;
  7088: c1117;
  7089: c1114;
  7090: 40905;
  7091: 10600;
  7092: b100c;
  7093: 777d79;
  7094: bac7be;
  7095: b300e;
  7096: 54a055;
  7097: 3e9f3e;
  7098: 51b150;
  7099: 4ba44a;
  7100: 4c9647;
  7101: 3a7437;
  7102: 2402;
  7103: 1b3720;
  7104: 1f3c20;
  7105: 244a21;
  7106: 519250;
  7107: 4ea04e;
  7108: 4aa347;
  7109: 419c3f;
  7110: 53ab54;
  7111: 579a57;
  7112: d00;
  7113: fbfffa;
  7114: 676b6c;
  7115: 80b10;
  7116: 91217;
  7117: 71015;
  7118: 50a0e;
  7119: 60b0f;
  7120: 50a10;
  7121: d1218;
  7122: 60910;
  7123: dadbe0;
  7124: fffeff;
  7125: fffcff;
  7126: fffcff;
  7127: fdfbff;
  7128: fffbff;
  7129: fffbff;
  7130: fefcff;
  7131: fefcff;
  7132: fffbff;
  7133: fffbff;
  7134: fffcff;
  7135: fffeff;
  7136: f4f0ef;
  7137: f6f5f1;
  7138: fdfef8;
  7139: fefffa;
  7140: f9fdfc;
  7141: f6fbfe;
  7142: f8fdff;
  7143: f9fcff;
  7144: fcfdff;
  7145: fcfdff;
  7146: fdfdfd;
  7147: fdfdfd;
  7148: fefcfd;
  7149: fdfcfa;
  7150: fdfcf8;
  7151: fdfcf7;
  7152: fdfcfa;
  7153: fdfcfa;
  7154: fcfcfc;
  7155: fafcfb;
  7156: f9fbfa;
  7157: fff1ee;
  7158: ffe7e0;
  7159: e77670;
  7160: d21819;
  7161: c11718;
  7162: ffccca;
  7163: fff7f5;
  7164: fffcfd;
  7165: fbf5f7;
  7166: fcfafb;
  7167: fafaf8;
  7168: f7fdf9;
  7169: fbfbf9;
  7170: fff9fc;
  7171: ffeef2;
  7172: ffe7e8;
  7173: 9e3635;
  7174: c41416;
  7175: c01c1b;
  7176: ffe1d9;
  7177: fff0e9;
  7178: fef8f8;
  7179: f5f5f7;
  7180: fdfdfd;
  7181: f9f9f9;
  7182: fffeff;
  7183: fffcfb;
  7184: fffefa;
  7185: fdfcfa;
  7186: fdfdff;
  7187: fefefe;
  7188: fcfdf5;
  7189: fcfff6;
  7190: fefffa;
  7191: fdfdfd;
  7192: fefdff;
  7193: fcfcfe;
  7194: fdfdfd;
  7195: fcfcfe;
  7196: f9f8ff;
  7197: fffdff;
  7198: fbf9fc;
  7199: fffdfc;
  7200: fffbfc;
  7201: fff9f7;
  7202: fffbf7;
  7203: fffdf8;
  7204: fefaf9;
  7205: fefcfd;
  7206: fcf9ff;
  7207: fffdff;
  7208: fffeff;
  7209: fefcff;
  7210: fdfef9;
  7211: fcfdf7;
  7212: e9ebe6;
  7213: 80e0c;
  7214: 50c12;
  7215: 60f16;
  7216: 91217;
  7217: 81013;
  7218: 60a09;
  7219: 121711;
  7220: 818881;
  7221: f1f8f1;
  7222: eff1f0;
  7223: d00;
  7224: 5c9a59;
  7225: 42963e;
  7226: 4ba148;
  7227: 4ea24a;
  7228: 46943e;
  7229: 589550;
  7230: 2e5130;
  7231: f2711;
  7232: 72201;
  7233: 5a8953;
  7234: 509f4e;
  7235: 45a446;
  7236: 45a345;
  7237: 4fa750;
  7238: 50a256;
  7239: 518a55;
  7240: b1a07;
  7241: f3efec;
  7242: f3f5f4;
  7243: 8e9396;
  7244: 80f15;
  7245: 40b11;
  7246: 50d10;
  7247: 50d0f;
  7248: 40c0e;
  7249: b1315;
  7250: 10609;
  7251: f5f6fb;
  7252: fffdff;
  7253: fbf6fd;
  7254: fffbff;
  7255: fffcff;
  7256: fffdff;
  7257: f9f7f8;
  7258: fcfcfa;
  7259: fffffd;
  7260: fafcfb;
  7261: fcfefd;
  7262: feffff;
  7263: f5f6f8;
  7264: ecf0f3;
  7265: fafeff;
  7266: fefffb;
  7267: fbfcf6;
  7268: fffffb;
  7269: fdfdfd;
  7270: f9f8fe;
  7271: fefdff;
  7272: fcfdff;
  7273: fbfdfa;
  7274: fefffb;
  7275: fdfffa;
  7276: fbfbfb;
  7277: fdfbfc;
  7278: fffefc;
  7279: fefdfb;
  7280: fcfcfa;
  7281: fbfbfb;
  7282: fcfcfe;
  7283: f8f8f8;
  7284: fdf9f8;
  7285: fcf1ed;
  7286: fff5ef;
  7287: ffbcb7;
  7288: cf1b1a;
  7289: d01c1b;
  7290: f0a19c;
  7291: fff1eb;
  7292: fffbfb;
  7293: fdf7f9;
  7294: faf8f9;
  7295: fcfefd;
  7296: f3faf3;
  7297: fcfef9;
  7298: f6eeec;
  7299: fff1f0;
  7300: ffe1e1;
  7301: 921719;
  7302: c21c1c;
  7303: bc2e2d;
  7304: ffe7e6;
  7305: faf6f5;
  7306: faf8f9;
  7307: f6f6f6;
  7308: faf8f9;
  7309: fcf8f9;
  7310: fffafa;
  7311: fffbf8;
  7312: fffef9;
  7313: fefdf9;
  7314: fdfbfc;
  7315: fefefe;
  7316: fafdf6;
  7317: fcfff6;
  7318: f9fef8;
  7319: f6faf9;
  7320: f8fcfd;
  7321: feffff;
  7322: fcfef9;
  7323: f9fbf6;
  7324: fcfcfe;
  7325: fbf9fe;
  7326: fffeff;
  7327: fcf8f9;
  7328: fdf8f5;
  7329: fffef8;
  7330: fffcf3;
  7331: fffff8;
  7332: fffffa;
  7333: fffefc;
  7334: faf8fd;
  7335: fdfaff;
  7336: f9f7fc;
  7337: fffeff;
  7338: fffffb;
  7339: fbfcf7;
  7340: c4c9c5;
  7341: 40d0c;
  7342: 30c11;
  7343: 61117;
  7344: a1318;
  7345: d1518;
  7346: 1c2021;
  7347: e1211;
  7348: f6fff8;
  7349: ecf2ee;
  7350: e9e9e9;
  7351: 21001;
  7352: 578a52;
  7353: 479144;
  7354: 398d38;
  7355: 469c45;
  7356: 52a84f;
  7357: 59a157;
  7358: 618b65;
  7359: 1900;
  7360: 1300;
  7361: 699c61;
  7362: 53a752;
  7363: 43a445;
  7364: 45a448;
  7365: 56ab5a;
  7366: 599d60;
  7367: 49734d;
  7368: 4d5548;
  7369: f5efef;
  7370: f1f3f2;
  7371: eef3f6;
  7372: 1b2024;
  7373: e1317;
  7374: 50a0e;
  7375: 40c0e;
  7376: 50e0d;
  7377: 202928;
  7378: 102;
  7379: bcbdc1;
  7380: fffdff;
  7381: fffaff;
  7382: fffbff;
  7383: fbf9fc;
  7384: fbfbfb;
  7385: fefffd;
  7386: fafcf7;
  7387: fafff9;
  7388: f7fcf8;
  7389: f7fbfa;
  7390: fcffff;
  7391: f0f4f5;
  7392: f9fbfa;
  7393: e9e9e7;
  7394: ccccc4;
  7395: fffcf3;
  7396: fffcf7;
  7397: fbf7f8;
  7398: fffeff;
  7399: fbfaff;
  7400: fefefc;
  7401: fcfff8;
  7402: fafff8;
  7403: fbfdf8;
  7404: ffffff;
  7405: fdfbfe;
  7406: fefafb;
  7407: fbf9fa;
  7408: fffffd;
  7409: f8faf9;
  7410: fbfcff;
  7411: fcfcfe;
  7412: fdf8f5;
  7413: f4ece9;
  7414: fffcf8;
  7415: ffe0dc;
  7416: b8100d;
  7417: d21f1b;
  7418: c46760;
  7419: fff1ec;
  7420: fff5f5;
  7421: faf6f7;
  7422: f9fafc;
  7423: fafefd;
  7424: fbfffb;
  7425: f6f9f2;
  7426: fffbf3;
  7427: ffede7;
  7428: f68e8f;
  7429: a71b1c;
  7430: b61d1f;
  7431: ffabad;
  7432: ffebf4;
  7433: fcf9ff;
  7434: fbfbfb;
  7435: fcfcfa;
  7436: fbf9fa;
  7437: fffcfd;
  7438: fffcfc;
  7439: fffefb;
  7440: fffdf8;
  7441: fefdf9;
  7442: fcfafb;
  7443: fefeff;
  7444: f9fafc;
  7445: fafeff;
  7446: f6fcfc;
  7447: f4faf8;
  7448: fbfffd;
  7449: f4f9f2;
  7450: f3f7e9;
  7451: f7f9eb;
  7452: d5d5c9;
  7453: 50200;
  7454: 726c70;
  7455: cec9cf;
  7456: fffffd;
  7457: f5f8f1;
  7458: f0f3ea;
  7459: f3f6eb;
  7460: f8fbf0;
  7461: fdfff9;
  7462: fffffd;
  7463: fffdff;
  7464: fffaff;
  7465: fffafe;
  7466: fffdfe;
  7467: 999999;
  7468: 131718;
  7469: 70f11;
  7470: 51014;
  7471: f1a20;
  7472: d141a;
  7473: 11161c;
  7474: 3030b;
  7475: fcffff;
  7476: e3ebed;
  7477: e3edec;
  7478: f9fdfc;
  7479: 8d9e8e;
  7480: 245224;
  7481: 4d924f;
  7482: 4ca053;
  7483: 45a34f;
  7484: 4aad53;
  7485: 469d4f;
  7486: 498456;
  7487: 93713;
  7488: 2e5c2d;
  7489: 659d60;
  7490: 51a04f;
  7491: 3f9c43;
  7492: 42a24b;
  7493: 4b9d55;
  7494: 3e6e46;
  7495: 31c06;
  7496: e1e7dd;
  7497: f1f0ec;
  7498: f4f2f5;
  7499: eae9ee;
  7500: f6f7fb;
  7501: e1215;
  7502: b0f12;
  7503: 15191c;
  7504: 202;
  7505: 202;
  7506: 80c0d;
  7507: 20305;
  7508: a9a7aa;
  7509: f3f1f2;
  7510: f9f8f6;
  7511: fffffb;
  7512: fcfff8;
  7513: f3faf2;
  7514: fbfffa;
  7515: e9f3eb;
  7516: f2fbf6;
  7517: f9fffd;
  7518: f8fcff;
  7519: d9d9d7;
  7520: 100700;
  7521: 140800;
  7522: 221608;
  7523: a59b91;
  7524: fffaf8;
  7525: fffdff;
  7526: fffdff;
  7527: f7f7f7;
  7528: fbfcf4;
  7529: f9fcf1;
  7530: f9fcf3;
  7531: f6f8f3;
  7532: fffeff;
  7533: fcfaff;
  7534: fffafe;
  7535: fffefd;
  7536: fcfef9;
  7537: f8fdf9;
  7538: fbfeff;
  7539: fbfcff;
  7540: fbfaf8;
  7541: faf6f3;
  7542: fffdff;
  7543: ffe8eb;
  7544: c32a25;
  7545: be130b;
  7546: a2372f;
  7547: ffe2de;
  7548: fff4f5;
  7549: f9f9fb;
  7550: fcffff;
  7551: f7fdf9;
  7552: fcfffb;
  7553: f8f9f3;
  7554: fcf2e9;
  7555: ffe5dd;
  7556: d75557;
  7557: b5191c;
  7558: a31b1b;
  7559: ffd5d7;
  7560: ffebf4;
  7561: f9f8ff;
  7562: fafcfb;
  7563: fcfcfa;
  7564: fcfafb;
  7565: fffcfd;
  7566: fffbfa;
  7567: fffbfa;
  7568: fffcfb;
  7569: fdfcfa;
  7570: fbfaf8;
  7571: fffffd;
  7572: f8f9fd;
  7573: f9fdff;
  7574: f7fdfd;
  7575: f8fefc;
  7576: f1f6f2;
  7577: fdfef8;
  7578: fcfded;
  7579: ffffe9;
  7580: 403b1b;
  7581: 473e21;
  7582: 110400;
  7583: c0200;
  7584: dcd9d2;
  7585: f7faf3;
  7586: fbfef5;
  7587: fcfff8;
  7588: fcfff8;
  7589: edf0e9;
  7590: ededeb;
  7591: fffeff;
  7592: fffaff;
  7593: f3eef4;
  7594: fffcff;
  7595: 3e3c41;
  7596: c0d12;
  7597: c1115;
  7598: a1318;
  7599: a1117;
  7600: 10131a;
  7601: 90810;
  7602: 908e99;
  7603: dddde7;
  7604: f1f8fe;
  7605: e2eaed;
  7606: e8eeec;
  7607: d3e1d2;
  7608: 153716;
  7609: 487c4b;
  7610: 4c9256;
  7611: 479853;
  7612: 4fa759;
  7613: 41914c;
  7614: 528b5e;
  7615: 113f1a;
  7616: 3c693e;
  7617: 5c9159;
  7618: 5ea15c;
  7619: 4d9b50;
  7620: 469a4f;
  7621: 5a9f66;
  7622: 12341b;
  7623: 41108;
  7624: eef3ed;
  7625: ededeb;
  7626: f2f0f3;
  7627: f4f2f7;
  7628: f3f3f5;
  7629: 848486;
  7630: 1e1f23;
  7631: 7080c;
  7632: 306;
  7633: 90d10;
  7634: a0b0d;
  7635: 100;
  7636: 393939;
  7637: f8f8f6;
  7638: fffffb;
  7639: f5f7f2;
  7640: d1d6d0;
  7641: a0a7a0;
  7642: e6ede6;
  7643: f5fcf5;
  7644: f2f4ef;
  7645: fffffb;
  7646: efebe8;
  7647: 35291d;
  7648: 4b3311;
  7649: 9e8358;
  7650: 8c7651;
  7651: 140300;
  7652: e8dcd0;
  7653: fffbf9;
  7654: f3eef2;
  7655: f9f9f9;
  7656: fffff8;
  7657: fdfff2;
  7658: fffff8;
  7659: fdfcf8;
  7660: fffeff;
  7661: fbf9fe;
  7662: fffcfd;
  7663: fffffd;
  7664: fafcf7;
  7665: fbfffc;
  7666: faffff;
  7667: f6fbff;
  7668: fbfdfa;
  7669: fffffd;
  7670: fcf7fe;
  7671: ffe0e5;
  7672: da514b;
  7673: bf1e14;
  7674: 921710;
  7675: ffe2e0;
  7676: ffeff0;
  7677: f0f1f3;
  7678: fbffff;
  7679: f9fffd;
  7680: f9fbf8;
  7681: fffffa;
  7682: fff9ef;
  7683: ffd4cd;
  7684: c02628;
  7685: c3191c;
  7686: 9a1f21;
  7687: ffe4e7;
  7688: ffeff5;
  7689: f6fafd;
  7690: fbfdfc;
  7691: fcfcfa;
  7692: fdfdfd;
  7693: fdfbfc;
  7694: fefcfd;
  7695: fdfbfe;
  7696: fefbff;
  7697: fcf9ff;
  7698: fcfbf7;
  7699: fffff8;
  7700: f9fbf8;
  7701: f8fcfb;
  7702: f9fdfc;
  7703: feffff;
  7704: fefcff;
  7705: fdf4f5;
  7706: fdf1e5;
  7707: 867959;
  7708: 1d0c00;
  7709: c7b472;
  7710: 5d4509;
  7711: 1e0800;
  7712: 564a34;
  7713: fff8f0;
  7714: efece7;
  7715: edecea;
  7716: edeef0;
  7717: fcffff;
  7718: 828385;
  7719: 9a9b9f;
  7720: dfdee3;
  7721: f8f5fc;
  7722: f8f2fc;
  7723: b0813;
  7724: 110e19;
  7725: 14141c;
  7726: 101318;
  7727: 20307;
  7728: 110f14;
  7729: 50007;
  7730: ebe5ef;
  7731: f0eef9;
  7732: e3e6ef;
  7733: f3f6fd;
  7734: f7f8fa;
  7735: e8efe7;
  7736: 41502;
  7737: 476446;
  7738: 5d8664;
  7739: 63966b;
  7740: 5d9663;
  7741: 5b8f5f;
  7742: 6d9070;
  7743: 29472b;
  7744: 537656;
  7745: 5e8860;
  7746: 6ea06f;
  7747: 5a935e;
  7748: 55915d;
  7749: 63956f;
  7750: 122a1c;
  7751: 28312e;
  7752: f6faf9;
  7753: f0f0f0;
  7754: f9f8fd;
  7755: fffeff;
  7756: fdfbfc;
  7757: dedcdd;
  7758: 6050a;
  7759: 17181d;
  7760: 101318;
  7761: b0e13;
  7762: 40509;
  7763: c0e0d;
  7764: 20403;
  7765: fefffd;
  7766: f3f7f6;
  7767: 848887;
  7768: 333939;
  7769: 383c3d;
  7770: f2f4f3;
  7771: f3f2ee;
  7772: fffaf2;
  7773: fdf0e7;
  7774: 5b493d;
  7775: 1e0100;
  7776: ca9b53;
  7777: d9aa52;
  7778: dcb86c;
  7779: 412800;
  7780: 625336;
  7781: faf3e9;
  7782: eeecef;
  7783: f2f1f6;
  7784: fffefa;
  7785: fefaf1;
  7786: fffef6;
  7787: fffef8;
  7788: fffcfe;
  7789: fdfbfe;
  7790: fffffd;
  7791: f9fbf6;
  7792: fdfffa;
  7793: fafffb;
  7794: f8fdff;
  7795: f6feff;
  7796: f7fdfb;
  7797: f7f8fa;
  7798: f6ecf7;
  7799: ffe5ee;
  7800: ff8882;
  7801: b62218;
  7802: a11613;
  7803: ffd6d6;
  7804: fff5f6;
  7805: f6f7f9;
  7806: f2f8f6;
  7807: f7fdf9;
  7808: f2f2f2;
  7809: fff5f3;
  7810: fff0e8;
  7811: e8958f;
  7812: bb0e10;
  7813: c20f13;
  7814: b94f4f;
  7815: ffe6e5;
  7816: fff5f6;
  7817: f9fdfe;
  7818: fbfffe;
  7819: f9fefa;
  7820: fdfffe;
  7821: fdfdfd;
  7822: ffffff;
  7823: fefdff;
  7824: fdfcff;
  7825: fbfaff;
  7826: fcfdf8;
  7827: fbfef5;
  7828: fbfef7;
  7829: fafcf7;
  7830: fdfdfb;
  7831: fefafb;
  7832: fff7f8;
  7833: c3b2aa;
  7834: 5e492c;
  7835: 5b420a;
  7836: d7bb67;
  7837: e1bf5e;
  7838: ebc364;
  7839: dcb766;
  7840: 927740;
  7841: 150200;
  7842: 9e8f7c;
  7843: e1d6d0;
  7844: e4dfe3;
  7845: fdfcff;
  7846: 5080d;
  7847: 70b0e;
  7848: d1114;
  7849: 424347;
  7850: 94939b;
  7851: 1b1924;
  7852: 1c1826;
  7853: 14121d;
  7854: c0b10;
  7855: e0e10;
  7856: 140f13;
  7857: aba6ac;
  7858: faf7fe;
  7859: 7;
  7860: c1019;
  7861: 107;
  7862: 102;
  7863: 20703;
  7864: f1910;
  7865: c1a0d;
  7866: e00;
  7867: e00;
  7868: d00;
  7869: 1700;
  7870: 1000;
  7871: 112313;
  7872: 21b06;
  7873: 11f07;
  7874: 1500;
  7875: 1b00;
  7876: 1400;
  7877: b00;
  7878: f1e17;
  7879: e1316;
  7880: 105;
  7881: 3060b;
  7882: 4;
  7883: 0;
  7884: a7a6a4;
  7885: f0f0ee;
  7886: aaa9ae;
  7887: 5060b;
  7888: 90911;
  7889: c0f16;
  7890: 15161a;
  7891: a0b0d;
  7892: 121413;
  7893: 4f5354;
  7894: 407;
  7895: 60b0e;
  7896: 14171c;
  7897: 2;
  7898: fbf8f3;
  7899: c3baab;
  7900: 2a1900;
  7901: 1b0100;
  7902: 947445;
  7903: e6bb76;
  7904: e8af46;
  7905: f9be48;
  7906: dfb141;
  7907: e9c86b;
  7908: 8c7738;
  7909: 100100;
  7910: 847b74;
  7911: fffdff;
  7912: fff9fb;
  7913: fdf8f5;
  7914: fef9f3;
  7915: fffaf4;
  7916: fefaf9;
  7917: fffeff;
  7918: feffff;
  7919: fbfdfc;
  7920: fffffd;
  7921: fcfefb;
  7922: f8fefc;
  7923: f7fffd;
  7924: f6fffc;
  7925: f5f6fa;
  7926: f7ecfa;
  7927: ffeaf5;
  7928: ffd6d3;
  7929: a81d16;
  7930: b61c1c;
  7931: ffaaac;
  7932: ffe6e7;
  7933: fbfdfc;
  7934: fcffff;
  7935: fbfffd;
  7936: eeecef;
  7937: fff8f8;
  7938: ffedea;
  7939: ce6c69;
  7940: c40d11;
  7941: ca1619;
  7942: df8483;
  7943: ffdfdc;
  7944: fff3f0;
  7945: f9fbf8;
  7946: f3fefa;
  7947: f5fffe;
  7948: f7fbfa;
  7949: fdfdfd;
  7950: fcfcfe;
  7951: fcfcfe;
  7952: fdfdff;
  7953: fbfdfc;
  7954: feffff;
  7955: f7f9f6;
  7956: fcfff8;
  7957: fdfef8;
  7958: fff9f9;
  7959: f4eae8;
  7960: ffede3;
  7961: 240d00;
  7962: 301300;
  7963: d3af4f;
  7964: e3b845;
  7965: edba3d;
  7966: e8ae33;
  7967: f5bc48;
  7968: e8bc53;
  7969: 987420;
  7970: 210200;
  7971: 432b11;
  7972: f2e2e2;
  7973: e4dde5;
  7974: 30409;
  7975: d1517;
  7976: 805;
  7977: 500;
  7978: 111717;
  7979: a0d12;
  7980: 171721;
  7981: e0d15;
  7982: d0c12;
  7983: e0e10;
  7984: 6a6869;
  7985: ededed;
  7986: feffff;
  7987: 80e0e;
  7988: 505;
  7989: 132122;
  7990: a1416;
  7991: 809;
  7992: 182221;
  7993: b1514;
  7994: d1518;
  7995: a0b;
  7996: 31309;
  7997: 7170c;
  7998: 7140b;
  7999: 5100a;
  8000: 30f0b;
  8001: a1612;
  8002: 6130a;
  8003: 41107;
  8004: 500;
  8005: a140c;
  8006: 131917;
  8007: c1114;
  8008: a1119;
  8009: 12161f;
  8010: 101115;
  8011: 141412;
  8012: a6a8a3;
  8013: e8ede9;
  8014: edf1f4;
  8015: 818189;
  8016: 1b1b25;
  8017: d0d17;
  8018: 14151a;
  8019: 131418;
  8020: c1013;
  8021: 207;
  8022: 40a;
  8023: c0f16;
  8024: c0d12;
  8025: 30000;
  8026: a39886;
  8027: 2c1800;
  8028: 442600;
  8029: 99741c;
  8030: e9bd54;
  8031: e4b038;
  8032: f9bc3d;
  8033: ecb127;
  8034: f7c532;
  8035: e1b62c;
  8036: eac55b;
  8037: 472900;
  8038: 200600;
  8039: f9e7e5;
  8040: f5eaf0;
  8041: fcfafd;
  8042: f9fbf8;
  8043: f9fef8;
  8044: f8fdf9;
  8045: feffff;
  8046: faf9ff;
  8047: fefdff;
  8048: fbf9fe;
  8049: fcfefd;
  8050: f8fff8;
  8051: f5fff7;
  8052: fbfffe;
  8053: faf9ff;
  8054: fbf3ff;
  8055: ffe9f4;
  8056: ffe3e1;
  8057: a21e19;
  8058: c01a1c;
  8059: ff8a8d;
  8060: ffe4e4;
  8061: f5f5f3;
  8062: feffff;
  8063: f6faf9;
  8064: fefcfd;
  8065: fff7f7;
  8066: ffe5e5;
  8067: 9f3130;
  8068: cf0e11;
  8069: ca1317;
  8070: ffc5c2;
  8071: fff9f3;
  8072: fbf2eb;
  8073: f8fbf4;
  8074: f1fcf8;
  8075: f7ffff;
  8076: f7fbfc;
  8077: ffffff;
  8078: fbfdfc;
  8079: fcfefd;
  8080: fbfdfa;
  8081: fcfefb;
  8082: feffff;
  8083: f4f6f5;
  8084: fefff9;
  8085: fffff8;
  8086: fff7f5;
  8087: ebddd4;
  8088: 210a00;
  8089: 9e7e41;
  8090: e5bd5d;
  8091: ebbd45;
  8092: efb933;
  8093: f8bb2f;
  8094: fdb930;
  8095: fab830;
  8096: f4ba34;
  8097: e2b13b;
  8098: eabd68;
  8099: b18e56;
  8100: 1d0500;
  8101: 1f1209;
  8102: 181715;
  8103: a0e0f;
  8104: c1514;
  8105: a1312;
  8106: a0f12;
  8107: d1216;
  8108: b0e13;
  8109: 30409;
  8110: 1b1c1e;
  8111: 0;
  8112: f0f0ee;
  8113: f0f0ee;
  8114: f1f3f0;
  8115: 906;
  8116: 31312;
  8117: d0d;
  8118: b191c;
  8119: 30e12;
  8120: 30d0f;
  8121: 10b0d;
  8122: e121b;
  8123: 80f15;
  8124: 60e10;
  8125: 20d09;
  8126: 30c0b;
  8127: 30b0d;
  8128: 60b0f;
  8129: 70c10;
  8130: e1215;
  8131: 111216;
  8132: b0a0f;
  8133: a0a0c;
  8134: 8090b;
  8135: a0f12;
  8136: 9101a;
  8137: e121d;
  8138: a090e;
  8139: 40203;
  8140: aeafb1;
  8141: eef4f4;
  8142: e8eeee;
  8143: eef3f6;
  8144: 9;
  8145: 30c;
  8146: a0d12;
  8147: 50a0d;
  8148: a0f12;
  8149: 2070b;
  8150: 50811;
  8151: 121117;
  8152: 1e1614;
  8153: 190900;
  8154: 341d00;
  8155: b89752;
  8156: e8bd5e;
  8157: e8b53f;
  8158: fec63d;
  8159: f7bb29;
  8160: f8b92c;
  8161: fabc2b;
  8162: f5bf21;
  8163: e4b319;
  8164: ecbd39;
  8165: e3b955;
  8166: cba86e;
  8167: 1e0400;
  8168: d3c3c3;
  8169: eee9f0;
  8170: f0f6f6;
  8171: f4fff9;
  8172: f7fffb;
  8173: fbffff;
  8174: f4f3f9;
  8175: fffcff;
  8176: f9f8fe;
  8177: fbfcfe;
  8178: f9fef8;
  8179: f8fdf6;
  8180: fbfdfc;
  8181: f6f5fa;
  8182: fbf5ff;
  8183: ffeef9;
  8184: ffdae0;
  8185: 941415;
  8186: c61619;
  8187: e54f50;
  8188: fff0ec;
  8189: f5f2ed;
  8190: fafcf9;
  8191: f9fefa;
  8192: fdfdfb;
  8193: fff7f3;
  8194: ffe4e3;
  8195: a32b2c;
  8196: d80d11;
  8197: c91113;
  8198: ffd2ce;
  8199: fffcf3;
  8200: fcf9f0;
  8201: fafdf4;
  8202: f6fff8;
  8203: f7fdfb;
  8204: fdfaff;
  8205: fffdff;
  8206: fafffa;
  8207: f4fff6;
  8208: fbfffd;
  8209: fbfdfc;
  8210: f3f3f5;
  8211: f6f6f6;
  8212: fefff8;
  8213: f5f7ec;
  8214: fffefa;
  8215: 43321e;
  8216: 6e5213;
  8217: ebc364;
  8218: f3c04d;
  8219: f8bd3d;
  8220: f7b930;
  8221: fabc2d;
  8222: f8b729;
  8223: fbba2c;
  8224: ffbf31;
  8225: f6bb33;
  8226: f2be46;
  8227: edc563;
  8228: a78b42;
  8229: 332100;
  8230: 211602;
  8231: 100c09;
  8232: e0d15;
  8233: e0d1b;
  8234: 161622;
  8235: 15181f;
  8236: 5060a;
  8237: a0c0b;
  8238: 111310;
  8239: 5c5e59;
  8240: fcfbf7;
  8241: efeeea;
  8242: fefafb;
  8243: 30406;
  8244: 31112;
  8245: 90c;
  8246: 61417;
  8247: 40f13;
  8248: 30c11;
  8249: 30e12;
  8250: 51014;
  8251: 21011;
  8252: 31112;
  8253: 41010;
  8254: 40e0d;
  8255: 7100f;
  8256: 81012;
  8257: 80d10;
  8258: 70a0f;
  8259: b0e13;
  8260: 60912;
  8261: 80b12;
  8262: 60a0d;
  8263: 80c0f;
  8264: 11161c;
  8265: 13131b;
  8266: 1f1722;
  8267: 221a25;
  8268: a4a2ad;
  8269: e6ebef;
  8270: e2ede7;
  8271: eef9f1;
  8272: 495154;
  8273: 60c;
  8274: 30e0a;
  8275: 20f08;
  8276: 91513;
  8277: 50d0f;
  8278: d0e13;
  8279: 160e0c;
  8280: 110000;
  8281: 4c2d01;
  8282: cda357;
  8283: ebb84f;
  8284: f1b73a;
  8285: f3b62a;
  8286: f6b527;
  8287: fdba2b;
  8288: fbb82c;
  8289: fab82c;
  8290: f7bd2e;
  8291: eeb92b;
  8292: efbb31;
  8293: f0c044;
  8294: e6bf58;
  8295: 876827;
  8296: 210b00;
  8297: fffaff;
  8298: f8fcff;
  8299: f4fffb;
  8300: f1fef5;
  8301: f8fffb;
  8302: fcfbff;
  8303: fefbff;
  8304: fdfdff;
  8305: fbfcff;
  8306: fefefc;
  8307: fbfcf7;
  8308: f9fbf6;
  8309: f8f8f8;
  8310: f9f4fa;
  8311: fff4ff;
  8312: ffdeec;
  8313: a3212d;
  8314: c91216;
  8315: d53633;
  8316: ffded6;
  8317: fcf8ed;
  8318: fbfcf6;
  8319: f9fef8;
  8320: f9f8f4;
  8321: fff7f3;
  8322: ffe7e7;
  8323: a32121;
  8324: d90a10;
  8325: ca1315;
  8326: ffded9;
  8327: fbfdf2;
  8328: fffff8;
  8329: f9fff5;
  8330: f8fff8;
  8331: fbfffe;
  8332: fff9ff;
  8333: fcf7fe;
  8334: f6fdf5;
  8335: f7fff6;
  8336: f8fefa;
  8337: f9fbfa;
  8338: fbfbfb;
  8339: fdfdfb;
  8340: eff0eb;
  8341: f1eee5;
  8342: bcb0a0;
  8343: 140000;
  8344: d0ae55;
  8345: efc24b;
  8346: f0b736;
  8347: f7b72f;
  8348: fcbb2d;
  8349: fab92b;
  8350: f9bb2c;
  8351: fab929;
  8352: ffc02d;
  8353: f0ae1c;
  8354: efb52d;
  8355: eab83d;
  8356: efc65d;
  8357: aa8b39;
  8358: 2b1400;
  8359: 221100;
  8360: 1c0f06;
  8361: 160d10;
  8362: 141118;
  8363: c0b13;
  8364: 121317;
  8365: 121315;
  8366: 90b08;
  8367: 9d9f9a;
  8368: ebebe9;
  8369: f7f5f6;
  8370: fffbff;
  8371: 10005;
  8372: 81214;
  8373: e11;
  8374: f1a1c;
  8375: 71113;
  8376: 60e11;
  8377: 81214;
  8378: e191d;
  8379: 21013;
  8380: 30e12;
  8381: 20c0e;
  8382: 1090b;
  8383: 50a0d;
  8384: 50a0e;
  8385: c0f14;
  8386: 131419;
  8387: 101318;
  8388: 50912;
  8389: 60a13;
  8390: b0f12;
  8391: 90a0c;
  8392: 111518;
  8393: d0e13;
  8394: 130b16;
  8395: 150d1a;
  8396: a9a7b5;
  8397: e7eaf3;
  8398: e2ebe6;
  8399: e5f0e8;
  8400: a1a9ab;
  8401: 101519;
  8402: 908;
  8403: 131915;
  8404: c110a;
  8405: e0f01;
  8406: 170f00;
  8407: 110000;
  8408: 432400;
  8409: be9344;
  8410: f5c056;
  8411: e8ad2f;
  8412: f5b629;
  8413: f6b523;
  8414: fcba28;
  8415: f8b624;
  8416: fcb829;
  8417: f9b82a;
  8418: f5ba2e;
  8419: f7be31;
  8420: f8c02f;
  8421: efba2e;
  8422: ecbc3e;
  8423: d0a849;
  8424: 1d0000;
  8425: 9e8c80;
  8426: f6f2f3;
  8427: fbffff;
  8428: f4fef6;
  8429: f8fff9;
  8430: fefeff;
  8431: fbfaff;
  8432: fdfeff;
  8433: fbfcff;
  8434: fefcfd;
  8435: fdfcf8;
  8436: fcfdf8;
  8437: fafaf8;
  8438: f8f6f9;
  8439: fff5fe;
  8440: ffe3f5;
  8441: b13746;
  8442: d2181d;
  8443: c31b18;
  8444: ffc0b7;
  8445: fffcf1;
  8446: fdfdf5;
  8447: fafcf7;
  8448: fdf8f5;
  8449: fff2f0;
  8450: ffe3e2;
  8451: a71b1c;
  8452: dc1013;
  8453: c01012;
  8454: ffe6df;
  8455: f4fff4;
  8456: f0f7ef;
  8457: f5fcf4;
  8458: f7fff9;
  8459: fafffe;
  8460: fefbff;
  8461: fffbff;
  8462: fefdf9;
  8463: fcfdf7;
  8464: f8faf7;
  8465: fafffb;
  8466: fafdf6;
  8467: f7f6f2;
  8468: fef8fc;
  8469: 35261f;
  8470: 1f0900;
  8471: dfc178;
  8472: dbb546;
  8473: f5c740;
  8474: f4bd2f;
  8475: fabe2c;
  8476: f7b926;
  8477: fbba2a;
  8478: fabb30;
  8479: f7b82d;
  8480: efae1c;
  8481: fdbc2a;
  8482: f6b72c;
  8483: f3b733;
  8484: f2b83d;
  8485: f4c050;
  8486: e1b751;
  8487: c7a754;
  8488: 8d773b;
  8489: 332500;
  8490: 1a1205;
  8491: 262125;
  8492: 14121d;
  8493: 12121c;
  8494: 4;
  8495: eff0f2;
  8496: ecedf1;
  8497: edecf2;
  8498: f3edf7;
  8499: 4010a;
  8500: 70f12;
  8501: 51012;
  8502: 71112;
  8503: b1413;
  8504: 90d0c;
  8505: b0f12;
  8506: 70b16;
  8507: e121e;
  8508: a0c18;
  8509: d1019;
  8510: d0d15;
  8511: e0e16;
  8512: 110f1a;
  8513: 13121a;
  8514: 121317;
  8515: 121619;
  8516: 1080e;
  8517: 40b11;
  8518: c1011;
  8519: 90d0e;
  8520: 3080b;
  8521: 70b0e;
  8522: 18171c;
  8523: 7040b;
  8524: a7a7b3;
  8525: f1f4fd;
  8526: f4f8f9;
  8527: eff1f0;
  8528: f9f8fe;
  8529: b0811;
  8530: 150f1b;
  8531: 22191c;
  8532: 241707;
  8533: 1c0600;
  8534: 9d803a;
  8535: dab658;
  8536: e2b445;
  8537: f2bf42;
  8538: f7c03f;
  8539: ffc73e;
  8540: f6bd30;
  8541: ebb121;
  8542: f9bd29;
  8543: febe29;
  8544: fcba25;
  8545: faba24;
  8546: f8ba27;
  8547: f6ba24;
  8548: f2b921;
  8549: ffc634;
  8550: fcc03c;
  8551: ecb445;
  8552: f1c771;
  8553: 432500;
  8554: 170900;
  8555: fbf4fc;
  8556: eeeae9;
  8557: fffffb;
  8558: ffffff;
  8559: fcfdff;
  8560: fdfeff;
  8561: fcfcfe;
  8562: fdfcfa;
  8563: fcfbf7;
  8564: fdfef9;
  8565: fbfdfa;
  8566: f8faf9;
  8567: fff9fc;
  8568: ffe7f0;
  8569: c0525d;
  8570: d1141b;
  8571: be0e10;
  8572: f0aba6;
  8573: fffbf3;
  8574: fffcf8;
  8575: fffdfa;
  8576: fffbf8;
  8577: fff0ef;
  8578: ffdbda;
  8579: ad1919;
  8580: de1215;
  8581: bb0f0f;
  8582: ffe9e3;
  8583: f3fff6;
  8584: eef8f0;
  8585: f8fff8;
  8586: fbfffd;
  8587: fafffe;
  8588: fdfcff;
  8589: fffcff;
  8590: fffcf9;
  8591: fbf8f3;
  8592: fffffb;
  8593: fafcf7;
  8594: fbfcf4;
  8595: fffff4;
  8596: a99b90;
  8597: 1b0200;
  8598: a5843d;
  8599: ecc35a;
  8600: e9bc3b;
  8601: eab728;
  8602: ffc835;
  8603: f8bc28;
  8604: fdbd28;
  8605: f9b828;
  8606: f9ba2d;
  8607: f9ba2d;
  8608: f7b926;
  8609: fdbc2a;
  8610: f2af23;
  8611: f4b027;
  8612: fdb932;
  8613: eeb029;
  8614: f4bb38;
  8615: edbf45;
  8616: f4cf67;
  8617: 9d8030;
  8618: 321d00;
  8619: 110200;
  8620: 24180c;
  8621: 1c150f;
  8622: 170f0c;
  8623: eeede9;
  8624: f4f8f9;
  8625: eceff4;
  8626: f8f2fc;
  8627: 6030e;
  8628: d1218;
  8629: 40e10;
  8630: 81213;
  8631: 8110e;
  8632: d120e;
  8633: b0c0e;
  8634: 90913;
  8635: e0e1a;
  8636: d0b18;
  8637: f0d18;
  8638: b0914;
  8639: 14121d;
  8640: 120f1a;
  8641: c0914;
  8642: a090e;
  8643: 3070a;
  8644: 80d11;
  8645: d1216;
  8646: 70908;
  8647: c0e0b;
  8648: 111514;
  8649: 304;
  8650: d0d0f;
  8651: 20106;
  8652: aaa8b3;
  8653: f4f3f9;
  8654: f9f3f3;
  8655: fff8f3;
  8656: e7dad2;
  8657: 140300;
  8658: 291607;
  8659: 220900;
  8660: 462700;
  8661: bc9645;
  8662: e8b94d;
  8663: f4bf3d;
  8664: f4bb2e;
  8665: f2b826;
  8666: f1b727;
  8667: f2b92a;
  8668: f5bc2d;
  8669: f9bf2f;
  8670: f1b521;
  8671: f5b821;
  8672: fabb22;
  8673: f8b920;
  8674: fbbb26;
  8675: fbbe28;
  8676: f2b71f;
  8677: fec12b;
  8678: fdb930;
  8679: f6b535;
  8680: e8b13c;
  8681: b68d35;
  8682: 1f0200;
  8683: 87766e;
  8684: fffcfa;
  8685: f6f2f1;
  8686: f4f5f0;
  8687: fefffb;
  8688: ffffff;
  8689: fefefe;
  8690: fdfcf8;
  8691: fcfbf7;
  8692: fcfcfa;
  8693: fafcf9;
  8694: f5fbf9;
  8695: fffbf8;
  8696: ffe3e7;
  8697: d6757c;
  8698: cd0e16;
  8699: d0191d;
  8700: eea2a2;
  8701: fff7f3;
  8702: fffaf8;
  8703: fcf7f4;
  8704: fafcf9;
  8705: fff5f1;
  8706: ffd4d2;
  8707: b11717;
  8708: db0d0f;
  8709: bf1214;
  8710: ffeae7;
  8711: f4fbf4;
  8712: fdfffc;
  8713: fcfefb;
  8714: fcfefb;
  8715: fdfffe;
  8716: fcfdff;
  8717: fbfbfb;
  8718: fcfbf7;
  8719: fefdf8;
  8720: f9faf2;
  8721: fafbf3;
  8722: faf9f4;
  8723: bcb49f;
  8724: 240e00;
  8725: dbbb68;
  8726: e8bb46;
  8727: ecb62f;
  8728: f9c033;
  8729: ffc735;
  8730: eeb21e;
  8731: f8bc26;
  8732: ffbe2c;
  8733: fab927;
  8734: f5b422;
  8735: fdbc2a;
  8736: f9b627;
  8737: ffbc2d;
  8738: f9b428;
  8739: fbb62a;
  8740: ffbd31;
  8741: f5b223;
  8742: ffc432;
  8743: eeb122;
  8744: f1b82d;
  8745: ebb838;
  8746: dfb346;
  8747: d7b25a;
  8748: a6884a;
  8749: 4d360c;
  8750: 120100;
  8751: 4e4737;
  8752: 9fa59b;
  8753: afb5b3;
  8754: fbf8ff;
  8755: 5020d;
  8756: 222631;
  8757: 152026;
  8758: 1d282a;
  8759: 212d2b;
  8760: 2a3330;
  8761: 232927;
  8762: 1e2424;
  8763: 13161b;
  8764: f0e16;
  8765: c0b13;
  8766: 12121a;
  8767: 4030b;
  8768: 201825;
  8769: 39313c;
  8770: 423f46;
  8771: 525357;
  8772: 55585d;
  8773: 515558;
  8774: 565551;
  8775: 585752;
  8776: 575954;
  8777: 585a57;
  8778: 727071;
  8779: 7d787e;
  8780: bcb7be;
  8781: a89fa2;
  8782: 56453d;
  8783: 241000;
  8784: 1b0200;
  8785: 6d4f13;
  8786: d4b15d;
  8787: deb54b;
  8788: e2b236;
  8789: f6be37;
  8790: e9ac20;
  8791: fbba2c;
  8792: fcbb2b;
  8793: f8b727;
  8794: f6b825;
  8795: f9bb28;
  8796: f1b521;
  8797: f0b420;
  8798: fbbd2a;
  8799: f9bc26;
  8800: fabb20;
  8801: fabb22;
  8802: f9b82a;
  8803: fdbb2f;
  8804: fab929;
  8805: f7b624;
  8806: fbb726;
  8807: ffc031;
  8808: f5b327;
  8809: e2ab34;
  8810: e3bd6a;
  8811: 280d00;
  8812: 9a8c81;
  8813: fffeff;
  8814: f0f0e8;
  8815: fffff8;
  8816: fffefa;
  8817: fffffd;
  8818: fcfef9;
  8819: fbfdf8;
  8820: fcfcfc;
  8821: f8faf9;
  8822: f2fbf6;
  8823: faf9f5;
  8824: fff5f5;
  8825: f8a1a7;
  8826: cb0e14;
  8827: c80e13;
  8828: d28082;
  8829: fff1f0;
  8830: fffcfa;
  8831: fffcf9;
  8832: f7fcf8;
  8833: fff1ed;
  8834: ffc7c2;
  8835: b81916;
  8836: d90b0d;
  8837: bc1213;
  8838: ffe8e6;
  8839: f9fbf8;
  8840: fbfbf9;
  8841: fdfdfd;
  8842: fdfdfd;
  8843: fcfcfc;
  8844: fbfdfc;
  8845: fcfefb;
  8846: fcfdf8;
  8847: fbfaf5;
  8848: fcfdf5;
  8849: fdfdf5;
  8850: fffbf5;
  8851: 150600;
  8852: a38837;
  8853: f2c955;
  8854: e1a91e;
  8855: fbbe28;
  8856: fbba28;
  8857: f4b623;
  8858: fabe2a;
  8859: f7bb25;
  8860: f4b623;
  8861: fab927;
  8862: ffbe2e;
  8863: f7b628;
  8864: fcbb2b;
  8865: fab929;
  8866: fab929;
  8867: f8b725;
  8868: febc2a;
  8869: fcba26;
  8870: febb26;
  8871: fbb821;
  8872: febb22;
  8873: f6b620;
  8874: f4ba2b;
  8875: ebb839;
  8876: e4b953;
  8877: e0bb6b;
  8878: 8a6c30;
  8879: 2e1900;
  8880: d0900;
  8881: c0b00;
  8882: 675e4f;
  8883: c4b9b3;
  8884: dbd7d4;
  8885: e6e8e7;
  8886: e9efed;
  8887: eff8f5;
  8888: e2e6e5;
  8889: eaeeed;
  8890: 4c5250;
  8891: 80e0e;
  8892: 17181d;
  8893: 90911;
  8894: b0e13;
  8895: 121318;
  8896: 40008;
  8897: f9f3fd;
  8898: f2f0f5;
  8899: eeedf2;
  8900: eff0f5;
  8901: f1f1f3;
  8902: f9f4ee;
  8903: fcf6ea;
  8904: fbf9ec;
  8905: e3dfd4;
  8906: d3cac1;
  8907: b2a89e;
  8908: 46382b;
  8909: 120000;
  8910: 2d1300;
  8911: 583701;
  8912: b48f41;
  8913: e4ba56;
  8914: eebe40;
  8915: f1ba2a;
  8916: f3b61d;
  8917: f6b418;
  8918: fdb721;
  8919: fdb724;
  8920: fab728;
  8921: f9b828;
  8922: fab927;
  8923: fbbe28;
  8924: febe29;
  8925: faba25;
  8926: ffbf2d;
  8927: f9b924;
  8928: fabd26;
  8929: f9bc26;
  8930: f8b729;
  8931: fbb92d;
  8932: f9b82a;
  8933: fab927;
  8934: ffc128;
  8935: fbba20;
  8936: f5b21b;
  8937: f6b92d;
  8938: e2b341;
  8939: b39243;
  8940: 170600;
  8941: ece5df;
  8942: fcf8ef;
  8943: f4f1ea;
  8944: f8f7f3;
  8945: fcfcfa;
  8946: f9fef7;
  8947: fafff9;
  8948: fdfffe;
  8949: f9fbfa;
  8950: f4fdf8;
  8951: fafbf6;
  8952: fff4f5;
  8953: fdabaf;
  8954: cd1318;
  8955: ca1013;
  8956: c97376;
  8957: fff3f5;
  8958: fff8f8;
  8959: fffbf8;
  8960: f9fbf8;
  8961: ffeeeb;
  8962: ffbfba;
  8963: bd1b18;
  8964: d90b0d;
  8965: ba1013;
  8966: ffe7e8;
  8967: fefefe;
  8968: f9fbfa;
  8969: feffff;
  8970: ffffff;
  8971: fbfbfb;
  8972: f9fbf8;
  8973: fdfffa;
  8974: fbfcf7;
  8975: f2f3ee;
  8976: f7f8f3;
  8977: fefbf4;
  8978: beb1a8;
  8979: 1b0500;
  8980: dcba59;
  8981: e6b735;
  8982: f8bb2f;
  8983: fcb92a;
  8984: fcbb2b;
  8985: fabe2c;
  8986: f1b725;
  8987: f9c12c;
  8988: f4bb24;
  8989: f7bb29;
  8990: f8ba35;
  8991: f7b934;
  8992: f4ba2a;
  8993: f3bc24;
  8994: f6bd25;
  8995: f4bb23;
  8996: f8bd25;
  8997: fcbc27;
  8998: fab826;
  8999: ffbc2d;
  9000: f9b524;
  9001: f8b622;
  9002: fabc29;
  9003: f3ba2b;
  9004: efba36;
  9005: e5b43b;
  9006: efc356;
  9007: cda949;
  9008: 745b07;
  9009: 574000;
  9010: 1f0400;
  9011: 280c00;
  9012: 685439;
  9013: 7f725f;
  9014: b1ab9b;
  9015: e1ddd4;
  9016: f8f2f2;
  9017: f3f1f4;
  9018: 404642;
  9019: 7100d;
  9020: f141a;
  9021: 60910;
  9022: 90e11;
  9023: 111619;
  9024: 60910;
  9025: f8f9fe;
  9026: f0f0f2;
  9027: f7f7f7;
  9028: f5f5f7;
  9029: ece8e7;
  9030: dbd1c7;
  9031: c9bcab;
  9032: 9e937d;
  9033: 4e4228;
  9034: 120000;
  9035: 180200;
  9036: 1f0500;
  9037: 705110;
  9038: c59f4c;
  9039: e2b74f;
  9040: f2c148;
  9041: f4bf3b;
  9042: f5ba32;
  9043: f8b529;
  9044: ffb629;
  9045: fbb023;
  9046: feb729;
  9047: f8b526;
  9048: f7b92a;
  9049: f6ba28;
  9050: fcc02c;
  9051: f9bc26;
  9052: fbbb25;
  9053: febc27;
  9054: fdbb27;
  9055: f9b725;
  9056: fcbb29;
  9057: f5b724;
  9058: fbba2a;
  9059: ffc02e;
  9060: f5b822;
  9061: f2b71f;
  9062: f6be21;
  9063: f5bb1c;
  9064: fdbe25;
  9065: f5b728;
  9066: edb733;
  9067: eac35c;
  9068: 3e2900;
  9069: 938970;
  9070: fffdf6;
  9071: eee8ea;
  9072: f6f4f5;
  9073: fbfdfa;
  9074: f7fef6;
  9075: f9fff8;
  9076: fdfffe;
  9077: fafcfb;
  9078: f6fffa;
  9079: fbfcf7;
  9080: fff0f3;
  9081: faa5a8;
  9082: c91214;
  9083: c91111;
  9084: c96d70;
  9085: fff5f6;
  9086: fff7f6;
  9087: fefffd;
  9088: f8faf7;
  9089: fff4ef;
  9090: ffc2be;
  9091: bd1b18;
  9092: d70b0c;
  9093: bf1518;
  9094: ffedef;
  9095: fefcfd;
  9096: fbfcfe;
  9097: fbfcfe;
  9098: fcfcfe;
  9099: fcfcfc;
  9100: fdfef9;
  9101: fdfff9;
  9102: fefffa;
  9103: fefdf9;
  9104: fdf9f8;
  9105: 4e453c;
  9106: 1c0800;
  9107: d9bb7d;
  9108: dcb242;
  9109: f2bf32;
  9110: fbbd2e;
  9111: fbb829;
  9112: fbba2c;
  9113: f6b92b;
  9114: f8c02f;
  9115: f3bb26;
  9116: f5be26;
  9117: f7be29;
  9118: f5b732;
  9119: f6b833;
  9120: f5bd2c;
  9121: f4be26;
  9122: f5be25;
  9123: f3ba22;
  9124: fabe28;
  9125: f9bb28;
  9126: fbba2c;
  9127: fab72a;
  9128: fdba2b;
  9129: f9b826;
  9130: f4b721;
  9131: f6ba24;
  9132: f0b624;
  9133: ecb326;
  9134: efb730;
  9135: eebb3c;
  9136: e1b643;
  9137: e2bb54;
  9138: e9bd64;
  9139: ddb669;
  9140: ab8a47;
  9141: 8f753c;
  9142: 64501e;
  9143: 2f2000;
  9144: 1f0d00;
  9145: a0000;
  9146: 10400;
  9147: a130e;
  9148: d1216;
  9149: a0f15;
  9150: c1114;
  9151: 70b0a;
  9152: 20100;
  9153: 120e05;
  9154: 100900;
  9155: a0000;
  9156: d0000;
  9157: 150500;
  9158: 2b1400;
  9159: 432b00;
  9160: 705b26;
  9161: 9e864a;
  9162: cbad67;
  9163: dab766;
  9164: e8c368;
  9165: edc25a;
  9166: e2b13b;
  9167: e7b230;
  9168: edb626;
  9169: f6bc2a;
  9170: f8b729;
  9171: f8b328;
  9172: fdb42a;
  9173: fbb227;
  9174: fab325;
  9175: fab728;
  9176: f6b827;
  9177: f6ba28;
  9178: f5b925;
  9179: fabe28;
  9180: f9bc25;
  9181: faba24;
  9182: febc28;
  9183: fbb927;
  9184: f8b729;
  9185: febd2d;
  9186: f9b826;
  9187: f8b823;
  9188: f8ba27;
  9189: fbbf29;
  9190: f1ba1f;
  9191: f8c025;
  9192: fbbe27;
  9193: f8ba27;
  9194: fec536;
  9195: ddaf37;
  9196: e3c271;
  9197: 311c00;
  9198: 150500;
  9199: fff7fa;
  9200: fbf9fc;
  9201: fcffff;
  9202: f8fff8;
  9203: f7fef6;
  9204: fafcfb;
  9205: f8faf9;
  9206: f5fefb;
  9207: f9f9f7;
  9208: ffeff2;
  9209: fba6a9;
  9210: ca1713;
  9211: c8110d;
  9212: cb6b6c;
  9213: fff3f4;
  9214: fffaf7;
  9215: f6fcf8;
  9216: f8faf7;
  9217: fff4ef;
  9218: ffc2be;
  9219: bb1916;
  9220: d90f0f;
  9221: be1518;
  9222: ffecf1;
  9223: fffeff;
  9224: f9fafc;
  9225: feffff;
  9226: fbfbfd;
  9227: fcfcfc;
  9228: fafbf6;
  9229: fdfef8;
  9230: fffefa;
  9231: fffdfa;
  9232: eae0e1;
  9233: 170400;
  9234: 6a4c10;
  9235: f2ca6a;
  9236: f1be3f;
  9237: f7bd2d;
  9238: edaf1e;
  9239: fbba2a;
  9240: fbb92f;
  9241: f9ba2f;
  9242: f6bc2d;
  9243: f5bb29;
  9244: f4bb23;
  9245: f7bc24;
  9246: f9bb2a;
  9247: f9bb2c;
  9248: f4ba28;
  9249: f4ba28;
  9250: f6ba28;
  9251: f8ba2b;
  9252: fab92b;
  9253: fbb82b;
  9254: fbba2c;
  9255: fbba2a;
  9256: f7bb29;
  9257: f6bc2a;
  9258: f2b826;
  9259: f3b927;
  9260: f4b728;
  9261: fabc2d;
  9262: f9b72b;
  9263: f4b52a;
  9264: f3b933;
  9265: f1ba39;
  9266: ebb539;
  9267: f2c14a;
  9268: deb340;
  9269: dab445;
  9270: d4b34a;
  9271: b8993e;
  9272: 9c7e36;
  9273: 776130;
  9274: 171200;
  9275: d120c;
  9276: a0e11;
  9277: e1118;
  9278: e1116;
  9279: f0e09;
  9280: 100400;
  9281: 1f0b00;
  9282: 311800;
  9283: 4f3100;
  9284: 76561b;
  9285: 977434;
  9286: c49a4e;
  9287: dbb258;
  9288: d6b149;
  9289: deb946;
  9290: ebbf42;
  9291: e9b835;
  9292: e8b72e;
  9293: eab529;
  9294: f6bd32;
  9295: fec135;
  9296: fabd2e;
  9297: f9bc2d;
  9298: f7ba2c;
  9299: f5b728;
  9300: f5b424;
  9301: f7b523;
  9302: f9b522;
  9303: fab623;
  9304: fab826;
  9305: f9b826;
  9306: f7bb27;
  9307: f7be27;
  9308: f7be27;
  9309: f7bb25;
  9310: f7b926;
  9311: fab927;
  9312: fab72a;
  9313: fcb829;
  9314: fcb825;
  9315: fbb925;
  9316: f8ba2b;
  9317: f9ba2d;
  9318: f8ba2b;
  9319: f7bb29;
  9320: ffc52f;
  9321: edb41d;
  9322: f7bd2b;
  9323: ecb630;
  9324: e7b447;
  9325: ae883d;
  9326: 230e00;
  9327: dfd5d3;
  9328: f9f7fa;
  9329: fbffff;
  9330: f8fdf7;
  9331: f9fef8;
  9332: fffffd;
  9333: f5f7f6;
  9334: f6fffe;
  9335: f8f8f8;
  9336: ffeff2;
  9337: faa6a6;
  9338: c81510;
  9339: c7100a;
  9340: d2706d;
  9341: fff0ed;
  9342: fffbf8;
  9343: f7fffb;
  9344: fcfefb;
  9345: fff1ee;
  9346: ffc4bf;
  9347: b81915;
  9348: d90e11;
  9349: bc1316;
  9350: ffe8ed;
  9351: fffafe;
  9352: fafafc;
  9353: fbfbfd;
  9354: fefcff;
  9355: ffffff;
  9356: fbfdf8;
  9357: fdfff9;
  9358: fefbf6;
  9359: fff8f1;
  9360: 766355;
  9361: 54370f;
  9362: d6af54;
  9363: eab940;
  9364: fac038;
  9365: ffc534;
  9366: edaf1e;
  9367: fcbb2d;
  9368: fbb931;
  9369: f9b931;
  9370: f9bc2e;
  9371: f8bc28;
  9372: f7bb25;
  9373: f6bb23;
  9374: f9b723;
  9375: f9b725;
  9376: fabc29;
  9377: fabc2b;
  9378: fbba2c;
  9379: fbba2c;
  9380: fdba2e;
  9381: fdba2d;
  9382: fcbb2d;
  9383: fabc2b;
  9384: f9bc2d;
  9385: efb525;
  9386: f3b929;
  9387: f4ba2a;
  9388: f9bb2c;
  9389: eead1d;
  9390: f6b21f;
  9391: feba27;
  9392: f5b422;
  9393: f7b928;
  9394: f6bc2d;
  9395: f2b92c;
  9396: edb82a;
  9397: eebf33;
  9398: edbf36;
  9399: ecc043;
  9400: e6bb52;
  9401: e0be77;
  9402: 160a00;
  9403: 121210;
  9404: a0e11;
  9405: e1116;
  9406: 12151c;
  9407: 141007;
  9408: 5c461d;
  9409: e0c180;
  9410: d8b25d;
  9411: e8bd5f;
  9412: e8ba5c;
  9413: e8b653;
  9414: e9b346;
  9415: e4b036;
  9416: e5b52f;
  9417: ecb92a;
  9418: f1b821;
  9419: f1b61c;
  9420: f1b61a;
  9421: f5b81f;
  9422: f6b825;
  9423: f4b625;
  9424: f7b628;
  9425: f7b92a;
  9426: f7ba2b;
  9427: f7bb29;
  9428: f6b825;
  9429: f7b722;
  9430: fab722;
  9431: fcb622;
  9432: feb825;
  9433: fbb925;
  9434: f8ba27;
  9435: f7bb27;
  9436: f5bc27;
  9437: f6ba26;
  9438: f9bb28;
  9439: febd2b;
  9440: fcb829;
  9441: fcb829;
  9442: fcb825;
  9443: fbb724;
  9444: fab728;
  9445: fab92b;
  9446: fbb82b;
  9447: f9b828;
  9448: fbbf2b;
  9449: ebb21b;
  9450: f6b825;
  9451: f5b629;
  9452: efb331;
  9453: f4c45e;
  9454: 80662d;
  9455: 30240a;
  9456: fcf9f4;
  9457: f9fafc;
  9458: fcfefb;
  9459: fafbf6;
  9460: f6f5f3;
  9461: fbfbfb;
  9462: f5ffff;
  9463: f8f9fb;
  9464: fff0f3;
  9465: f7a3a3;
  9466: c5120d;
  9467: c9120c;
  9468: cb6c66;
  9469: fff3f0;
  9470: fffbf7;
  9471: f3fcf7;
  9472: fafefd;
  9473: fff2f0;
  9474: ffc6c4;
  9475: b81d1b;
  9476: d50d0f;
  9477: b61012;
  9478: ffe7e9;
  9479: fffbfc;
  9480: fffeff;
  9481: fffdfe;
  9482: fffbfc;
  9483: ffffff;
  9484: f7fef7;
  9485: f5faf3;
  9486: fffef8;
  9487: dfd0bd;
  9488: 341900;
  9489: d8b363;
  9490: ecbb44;
  9491: eeb528;
  9492: f6b72a;
  9493: e7a616;
  9494: fec02f;
  9495: fbbd2e;
  9496: fcba32;
  9497: fbb92f;
  9498: f9bb28;
  9499: f8bb25;
  9500: f8ba27;
  9501: f8ba29;
  9502: fdb92a;
  9503: feba2b;
  9504: fbb726;
  9505: fab625;
  9506: f9b725;
  9507: f9b826;
  9508: f8ba27;
  9509: f9bb2a;
  9510: f8bc2a;
  9511: f8bb2c;
  9512: f8b92c;
  9513: fabb2e;
  9514: f6b72a;
  9515: fcbb2d;
  9516: f6b525;
  9517: fbbb26;
  9518: f8b920;
  9519: fbbc21;
  9520: ffc229;
  9521: febe29;
  9522: f8ba29;
  9523: f4b728;
  9524: fcbf30;
  9525: fac030;
  9526: f1b928;
  9527: efb72c;
  9528: eab237;
  9529: deb15c;
  9530: 120000;
  9531: f0c13;
  9532: a0e11;
  9533: c1114;
  9534: a0f15;
  9535: 1c1608;
  9536: 82682b;
  9537: d9b152;
  9538: e0b13f;
  9539: ecb93c;
  9540: e5ad34;
  9541: f3b83a;
  9542: f3b52e;
  9543: f8bb2d;
  9544: f5bb29;
  9545: f8bc28;
  9546: f8b421;
  9547: fbb522;
  9548: f6b41f;
  9549: fbbb26;
  9550: f3b522;
  9551: efb120;
  9552: fab92b;
  9553: fab92b;
  9554: f8ba29;
  9555: f7b926;
  9556: f4b623;
  9557: f5b422;
  9558: f7b523;
  9559: fcb623;
  9560: fcb622;
  9561: fdb723;
  9562: fdb928;
  9563: fcb92a;
  9564: fab82c;
  9565: f8b729;
  9566: f6b825;
  9567: fab927;
  9568: fcb92a;
  9569: fdb92a;
  9570: fdb928;
  9571: fcb825;
  9572: fdb721;
  9573: feb822;
  9574: fcb922;
  9575: fbb924;
  9576: f1b320;
  9577: fcbe2d;
  9578: ffbd2c;
  9579: fcb829;
  9580: f8b62c;
  9581: f0bd3e;
  9582: d4b44f;
  9583: 635411;
  9584: 69624f;
  9585: fefcfd;
  9586: fcfbf9;
  9587: fdf9f8;
  9588: fffbfa;
  9589: f7f9f8;
  9590: f0fcfc;
  9591: f4f8f9;
  9592: ffeeed;
  9593: feaaa8;
  9594: ca1411;
  9595: c9120e;
  9596: cb706b;
  9597: fff6f1;
  9598: fcf4f1;
  9599: f8fefc;
  9600: fbfbfb;
  9601: ffe9ea;
  9602: ffdcdd;
  9603: b21c1d;
  9604: ce0a0c;
  9605: bb1517;
  9606: ffdbdd;
  9607: fffbfa;
  9608: fefdfb;
  9609: fdfcfa;
  9610: fffffd;
  9611: fffffd;
  9612: f1f7f3;
  9613: f9fbf6;
  9614: fff8f1;
  9615: 4d381b;
  9616: 926e24;
  9617: f3c355;
  9618: f6be33;
  9619: fbbe27;
  9620: febb2c;
  9621: fdba2b;
  9622: fec02f;
  9623: f8ba29;
  9624: fcba30;
  9625: fbb92d;
  9626: f9b924;
  9627: f8b822;
  9628: f8b725;
  9629: f7b626;
  9630: fab529;
  9631: feb72b;
  9632: ffb828;
  9633: fdb926;
  9634: fbb925;
  9635: f9b924;
  9636: f6b923;
  9637: f4b824;
  9638: f4b824;
  9639: f4b625;
  9640: f9b82a;
  9641: f8b529;
  9642: f9b62a;
  9643: f8b529;
  9644: fbb829;
  9645: f7b624;
  9646: f7b721;
  9647: f5b51f;
  9648: f7b520;
  9649: f6b523;
  9650: f0b126;
  9651: f6b630;
  9652: f5b32b;
  9653: f1af25;
  9654: f6b829;
  9655: f2b829;
  9656: eeb230;
  9657: e0b157;
  9658: 1b0700;
  9659: e0b12;
  9660: b1111;
  9661: c1615;
  9662: 131c23;
  9663: 161408;
  9664: 867138;
  9665: d6b45d;
  9666: e3b953;
  9667: e3b347;
  9668: f1be55;
  9669: e6ae3f;
  9670: eeb335;
  9671: e1a61e;
  9672: ebb223;
  9673: f0b324;
  9674: f3b024;
  9675: f8b328;
  9676: f7b628;
  9677: fabb2e;
  9678: f7bc30;
  9679: f8bd31;
  9680: fabb30;
  9681: f9ba2d;
  9682: f7b82b;
  9683: f4b729;
  9684: f3b62a;
  9685: f2b527;
  9686: f4b627;
  9687: f8b727;
  9688: f8b624;
  9689: fab627;
  9690: fbb62d;
  9691: fcb632;
  9692: fbb634;
  9693: f9b633;
  9694: f6b92d;
  9695: f7ba2e;
  9696: f7b930;
  9697: f7b932;
  9698: f7b731;
  9699: f9b52e;
  9700: f9b428;
  9701: fab627;
  9702: f9b828;
  9703: f6b72a;
  9704: f5b730;
  9705: f1b02e;
  9706: fcb535;
  9707: fbb635;
  9708: f3b431;
  9709: f1be3f;
  9710: ddba46;
  9711: bea855;
  9712: b0200;
  9713: fcf8f5;
  9714: ece6e6;
  9715: fefaf9;
  9716: faf6f5;
  9717: fafcfb;
  9718: f4feff;
  9719: f6f6f6;
  9720: fff2f0;
  9721: df8682;
  9722: cc1817;
  9723: bb0907;
  9724: e7948e;
  9725: fff3ec;
  9726: fffbf9;
  9727: fcffff;
  9728: faf4f6;
  9729: fff0f1;
  9730: ffe1e3;
  9731: a8191b;
  9732: d41213;
  9733: b10d0e;
  9734: ffe3e2;
  9735: f5f6f1;
  9736: f7f9f4;
  9737: fcfffb;
  9738: fdfffa;
  9739: f5f7f4;
  9740: f9fdfc;
  9741: fffefa;
  9742: afa29c;
  9743: 361a00;
  9744: f4c460;
  9745: f2b830;
  9746: f3b620;
  9747: f3b41b;
  9748: f3b11f;
  9749: f6b324;
  9750: f5b520;
  9751: f9b826;
  9752: f9b828;
  9753: f9b627;
  9754: fab824;
  9755: fcba25;
  9756: fdbb26;
  9757: fcba28;
  9758: fbb82c;
  9759: fbb82c;
  9760: fbb925;
  9761: faba24;
  9762: faba25;
  9763: f7b926;
  9764: f8b725;
  9765: f8b823;
  9766: f8b823;
  9767: f9b924;
  9768: f9b725;
  9769: fab627;
  9770: fdb82d;
  9771: fab52c;
  9772: fab52c;
  9773: f5b027;
  9774: f7b227;
  9775: f5b226;
  9776: f8b42b;
  9777: f7b42f;
  9778: eeac31;
  9779: f9b73f;
  9780: f7b23b;
  9781: f7b338;
  9782: f3b733;
  9783: f2b934;
  9784: f0b639;
  9785: e4b85f;
  9786: 201000;
  9787: 90a0c;
  9788: 50e0b;
  9789: a1614;
  9790: b11;
  9791: a100e;
  9792: 292208;
  9793: 372500;
  9794: 3f2900;
  9795: 553909;
  9796: 401d00;
  9797: 411a00;
  9798: ae812e;
  9799: f5c65c;
  9800: e8bb3e;
  9801: eaba34;
  9802: f4b937;
  9803: f5b937;
  9804: f3ba37;
  9805: ecb632;
  9806: edb836;
  9807: f1bb37;
  9808: f3b931;
  9809: f3b830;
  9810: f3b637;
  9811: f4b73a;
  9812: f3b83a;
  9813: f0b734;
  9814: edb82c;
  9815: edb82a;
  9816: f0b82f;
  9817: f0b430;
  9818: f1af35;
  9819: f2ad38;
  9820: f2af3a;
  9821: f3b23a;
  9822: f2b63a;
  9823: f0b93b;
  9824: f4be40;
  9825: f4be44;
  9826: f3ba47;
  9827: f4b647;
  9828: f6b443;
  9829: f7b642;
  9830: f3b844;
  9831: f0b744;
  9832: f0b444;
  9833: f3b44a;
  9834: f8b451;
  9835: edaf4a;
  9836: edba4f;
  9837: e8be52;
  9838: e8c15c;
  9839: d7b970;
  9840: 867959;
  9841: 302b25;
  9842: fffbfb;
  9843: f0eced;
  9844: fafaf8;
  9845: f7fcf8;
  9846: f3fbfd;
  9847: fff8f9;
  9848: ffedea;
  9849: a43e3a;
  9850: ce1b1e;
  9851: c31b1b;
  9852: ffb9b3;
  9853: fff4ee;
  9854: fffcf9;
  9855: fafcfb;
  9856: fff6f9;
  9857: ffecef;
  9858: ffe3e6;
  9859: 981115;
  9860: d51417;
  9861: b70f0f;
  9862: ffe5e4;
  9863: fffefa;
  9864: fafdf6;
  9865: f8fff7;
  9866: fbfffa;
  9867: fefffd;
  9868: f9fafc;
  9869: fffcfb;
  9870: 32251d;
  9871: 9e825b;
  9872: e7b85c;
  9873: fac247;
  9874: edb739;
  9875: f5bf41;
  9876: f3bd43;
  9877: f0b942;
  9878: f3bd41;
  9879: f6be43;
  9880: f8c049;
  9881: f6be45;
  9882: f5be40;
  9883: f6bf40;
  9884: f6bf41;
  9885: f6be43;
  9886: f5be49;
  9887: f7c04b;
  9888: f2bf42;
  9889: f2bf42;
  9890: f2bf42;
  9891: f1be41;
  9892: f2bc40;
  9893: f1bb3f;
  9894: f3bc3e;
  9895: f3bc3e;
  9896: f2b83d;
  9897: f6bb43;
  9898: f2b743;
  9899: f6ba48;
  9900: f3b544;
  9901: fabe4e;
  9902: f7bb49;
  9903: f6bd4a;
  9904: f1b845;
  9905: f6be51;
  9906: f6bc58;
  9907: f7bd5c;
  9908: f4b858;
  9909: f4bb54;
  9910: e4b243;
  9911: f4c656;
  9912: e9ba52;
  9913: d0ac62;
  9914: 150b00;
  9915: 40809;
  9916: 60f0e;
  9917: 50f10;
  9918: 51014;
  9919: b1316;
  9920: 1c1b16;
  9921: 60000;
  9922: 110800;
  9923: 170900;
  9924: 180300;
  9925: 1d0200;
  9926: 91703b;
  9927: d5b060;
  9928: cfa944;
  9929: d0a839;
  9930: dba83d;
  9931: dca73d;
  9932: dcac40;
  9933: d4a539;
  9934: d5a63a;
  9935: d7a739;
  9936: dca934;
  9937: d9a430;
  9938: d6a036;
  9939: d59e39;
  9940: d59e39;
  9941: d29d33;
  9942: cd9e2a;
  9943: cd9f27;
  9944: d19f2c;
  9945: d09c2e;
  9946: d09730;
  9947: ce932f;
  9948: cd932f;
  9949: cb942d;
  9950: c8952c;
  9951: c49428;
  9952: bd9124;
  9953: bd9128;
  9954: be8b2f;
  9955: bd872d;
  9956: bd862b;
  9957: bd8629;
  9958: b98728;
  9959: b88529;
  9960: b9832b;
  9961: b7812b;
  9962: b7802e;
  9963: b88532;
  9964: ae862e;
  9965: a58027;
  9966: ba923b;
  9967: 967530;
  9968: 867855;
  9969: d0700;
  9970: f6f0f0;
  9971: f8f6f9;
  9972: f4f9f5;
  9973: f9fffb;
  9974: f7f8fa;
  9975: fff1f4;
  9976: ffeae8;
  9977: 8c1818;
  9978: cd2022;
  9979: c3272a;
  9980: ffcfcd;
  9981: fff7f4;
  9982: fefaf9;
  9983: fafafa;
  9984: faf4f6;
  9985: fff3f4;
  9986: ffe1e2;
  9987: 9e2325;
  9988: d51417;
  9989: bd0f11;
  9990: ffd1d5;
  9991: fffafa;
  9992: fefbf6;
  9993: fefff8;
  9994: f8fbf4;
  9995: f4f4f2;
  9996: fbfbfd;
  9997: f7f6f4;
  9998: 171006;
  9999: b6a589;
  10000: b5905b;
  10001: bf9450;
  10002: bb9856;
  10003: b79855;
  10004: b39451;
  10005: b4934e;
  10006: ba954f;
  10007: ab8640;
  10008: ad8844;
  10009: a8863e;
  10010: a68633;
  10011: a68633;
  10012: a58437;
  10013: a38137;
  10014: a28235;
  10015: a28537;
  10016: 9b7b32;
  10017: 997930;
  10018: 98762c;
  10019: 977629;
  10020: 997527;
  10021: 987426;
  10022: 977126;
  10023: 967027;
  10024: 967228;
  10025: 8a651e;
  10026: 89641d;
  10027: 866218;
  10028: 8c661d;
  10029: 7e5a10;
  10030: 7f5b11;
  10031: 805c10;
  10032: 846012;
  10033: 7d590d;
  10034: 77520c;
  10035: 734c09;
  10036: 754d08;
  10037: 765005;
  10038: 624600;
  10039: 6d5203;
  10040: 654303;
  10041: 5a4216;
  10042: e0c00;
  10043: 20a0d;
  10044: 40811;
  10045: d1019;
  10046: 70c10;
  10047: 4080b;
  10048: 151318;
  10049: e0a0b;
  10050: 130f0c;
  10051: 100b08;
  10052: b0109;
  10053: 21120f;
  10054: 3f2607;
  10055: 482900;
  10056: 4d2c00;
  10057: 4f2b00;
  10058: 532900;
  10059: 532600;
  10060: 512900;
  10061: 502900;
  10062: 4f2800;
  10063: 502600;
  10064: 502500;
  10065: 4a1f00;
  10066: 451900;
  10067: 431700;
  10068: 421500;
  10069: 411400;
  10070: 421600;
  10071: 441900;
  10072: 461800;
  10073: 461800;
  10074: 441900;
  10075: 431800;
  10076: 411800;
  10077: 3e1800;
  10078: 3b1500;
  10079: 371100;
  10080: 381400;
  10081: 381300;
  10082: 381100;
  10083: 380d00;
  10084: 350d00;
  10085: 350e00;
  10086: 370d00;
  10087: 360c00;
  10088: 260000;
  10089: 2c0300;
  10090: 240200;
  10091: 230300;
  10092: 220200;
  10093: 321100;
  10094: 280200;
  10095: 311200;
  10096: 140500;
  10097: 1e1906;
  10098: c0bfbd;
  10099: fcffff;
  10100: edf8f4;
  10101: f2fbf6;
  10102: fffafe;
  10103: ffeef2;
  10104: ffdee0;
  10105: 9e191a;
  10106: c51f23;
  10107: d64a4d;
  10108: ffe4e5;
  10109: fff7f6;
  10110: fffffd;
  10111: fafcfb;
  10112: f6f1f5;
  10113: fff2f4;
  10114: ffeeed;
  10115: b0403f;
  10116: ce1115;
  10117: ca151c;
  10118: fda6ac;
  10119: ffe7e9;
  10120: fff6f1;
  10121: fbfcf6;
  10122: fdfef9;
  10123: f9f9f7;
  10124: f4f3f8;
  10125: b5b1b0;
  10126: 2c2618;
  10127: 271700;
  10128: 3c1800;
  10129: 3f1600;
  10130: 3f1d00;
  10131: 3c1d00;
  10132: 3c1d00;
  10133: 452300;
  10134: 411b00;
  10135: 502a00;
  10136: 4b2500;
  10137: 4b2800;
  10138: 502f00;
  10139: 573600;
  10140: 5b3900;
  10141: 593900;
  10142: 563900;
  10143: 563900;
  10144: 634200;
  10145: 634000;
  10146: 634100;
  10147: 664400;
  10148: 6c4b00;
  10149: 704f02;
  10150: 724e04;
  10151: 714c05;
  10152: 744f08;
  10153: 7c5710;
  10154: 7e5a10;
  10155: 7f5b0f;
  10156: 7e5a0e;
  10157: 856417;
  10158: 87651b;
  10159: 88661c;
  10160: 866518;
  10161: 886418;
  10162: 906b24;
  10163: 977128;
  10164: 946d22;
  10165: 926d1d;
  10166: 947824;
  10167: 947b2b;
  10168: 937738;
  10169: 69562c;
  10170: 101103;
  10171: 91114;
  10172: 70b14;
  10173: 10131a;
  10174: 101113;
  10175: 20403;
  10176: 7080d;
  10177: 191921;
  10178: 121318;
  10179: 121117;
  10180: 12101d;
  10181: b0000;
  10182: ab8f68;
  10183: ba9757;
  10184: b89247;
  10185: c09747;
  10186: c29449;
  10187: c3954a;
  10188: c29447;
  10189: ca9f50;
  10190: cfa153;
  10191: d0a254;
  10192: cea052;
  10193: c89d4e;
  10194: c79c4d;
  10195: c99e50;
  10196: ca9e53;
  10197: cd9e56;
  10198: d0a056;
  10199: d3a357;
  10200: d1a250;
  10201: d3a54f;
  10202: d4a851;
  10203: d4ab53;
  10204: d5ad55;
  10205: dab159;
  10206: ddb15a;
  10207: dcb057;
  10208: d8af55;
  10209: d8af57;
  10210: daad5a;
  10211: d7ad5b;
  10212: d5ad58;
  10213: d6ae57;
  10214: daad58;
  10215: d9ac59;
  10216: e2b467;
  10217: dcb364;
  10218: deba64;
  10219: dbb95f;
  10220: eac66e;
  10221: d5ad56;
  10222: dcb25c;
  10223: d1af68;
  10224: c8b58b;
  10225: 90200;
  10226: fefcfd;
  10227: e8ebf0;
  10228: f6fffc;
  10229: f7fcf8;
  10230: faf4f6;
  10231: ffe6eb;
  10232: ffabae;
  10233: ae1d20;
  10234: b81d21;
  10235: ffabad;
  10236: ffeff1;
  10237: fefaf9;
  10238: f6f6f6;
  10239: fafefd;
  10240: f9f1fc;
  10241: fff1f5;
  10242: fff0eb;
  10243: b5524d;
  10244: c40d11;
  10245: d21a22;
  10246: ee8991;
  10247: ffdadf;
  10248: fdeded;
  10249: fffffb;
  10250: f9f9f7;
  10251: f0f0f2;
  10252: fdfcff;
  10253: fdf9f6;
  10254: 110400;
  10255: e3c899;
  10256: f2c371;
  10257: f0ba50;
  10258: f3be4c;
  10259: efba46;
  10260: f4bf4f;
  10261: f5bd50;
  10262: f1b94a;
  10263: fac052;
  10264: f6b94e;
  10265: f7ba4f;
  10266: f9bd4d;
  10267: f8bf4c;
  10268: f6c14d;
  10269: f5c24d;
  10270: f4c34c;
  10271: f5c24c;
  10272: fac34f;
  10273: fac34f;
  10274: f9c24d;
  10275: f6c24a;
  10276: f5c348;
  10277: f5c346;
  10278: f6c248;
  10279: f6c24a;
  10280: f5c14b;
  10281: f5be47;
  10282: f3bd43;
  10283: f4be42;
  10284: f7c145;
  10285: f0bc42;
  10286: f4c04a;
  10287: f4bf4f;
  10288: f3bd51;
  10289: f4be52;
  10290: f7bf50;
  10291: fdc453;
  10292: fec252;
  10293: f8c14d;
  10294: eebd46;
  10295: edc855;
  10296: dbbf5c;
  10297: a3914f;
  10298: 1e1903;
  10299: d1112;
  10300: 90e11;
  10301: 101616;
  10302: 10150f;
  10303: d120c;
  10304: 30c0b;
  10305: c1417;
  10306: 80a16;
  10307: b0b17;
  10308: 50511;
  10309: 130300;
  10310: d9ae69;
  10311: f4be54;
  10312: eab33e;
  10313: eeb63b;
  10314: f0b53f;
  10315: f4b742;
  10316: efb339;
  10317: f0b43a;
  10318: efb43e;
  10319: f0b743;
  10320: e9b53f;
  10321: f3bf47;
  10322: eeba40;
  10323: efb93f;
  10324: edb53e;
  10325: ebb23e;
  10326: f4b943;
  10327: eeb33b;
  10328: f2b83a;
  10329: f2b938;
  10330: f0b938;
  10331: f0b93a;
  10332: efb538;
  10333: efb339;
  10334: f2b43b;
  10335: f6b841;
  10336: f5b941;
  10337: f5b941;
  10338: f4ba3f;
  10339: f3b93c;
  10340: f0b93a;
  10341: efb839;
  10342: f1b73a;
  10343: f1b63e;
  10344: eeb33f;
  10345: e9b13a;
  10346: ebb436;
  10347: edb638;
  10348: f4bc41;
  10349: f0b841;
  10350: f0b945;
  10351: eabd62;
  10352: 937b4f;
  10353: 685c50;
  10354: faf8fb;
  10355: fefeff;
  10356: fefeff;
  10357: f6f5f3;
  10358: fbf5f5;
  10359: ffe1e3;
  10360: ff9396;
  10361: b81f22;
  10362: ab2121;
  10363: ffcdcb;
  10364: ffeae9;
  10365: fbfbfb;
  10366: f7fbfa;
  10367: f7fdfb;
  10368: fff7ff;
  10369: fff8fd;
  10370: ffebe6;
  10371: ef9f98;
  10372: b81216;
  10373: bd0c14;
  10374: 9d2e35;
  10375: ffeaee;
  10376: fff7f6;
  10377: f9faf5;
  10378: fffffd;
  10379: fbfbfb;
  10380: ffffff;
  10381: fdfaf5;
  10382: a59887;
  10383: 644818;
  10384: f3c263;
  10385: e8ad2f;
  10386: f7b930;
  10387: f8b92c;
  10388: f9b931;
  10389: f8b832;
  10390: faba34;
  10391: f5b52f;
  10392: f9b631;
  10393: fab62f;
  10394: fab62f;
  10395: fab62f;
  10396: f9b72d;
  10397: f7b82d;
  10398: f6b62e;
  10399: f6b72c;
  10400: f7b82b;
  10401: f6b72a;
  10402: f6b72a;
  10403: f4b728;
  10404: f3b725;
  10405: f3b723;
  10406: f3b725;
  10407: f4b627;
  10408: f5b62b;
  10409: f4b528;
  10410: f6b525;
  10411: f8b823;
  10412: f9b924;
  10413: f4b623;
  10414: f4b52a;
  10415: f4b430;
  10416: f3b335;
  10417: f2b234;
  10418: f7b733;
  10419: f3b129;
  10420: f5b12a;
  10421: f3b32b;
  10422: efb62b;
  10423: f2c33f;
  10424: e1c04c;
  10425: 8c7620;
  10426: 110300;
  10427: e0700;
  10428: a0700;
  10429: 60500;
  10430: 50200;
  10431: 161405;
  10432: 111810;
  10433: a1214;
  10434: a0c18;
  10435: 11101e;
  10436: 17171f;
  10437: 130300;
  10438: e2b155;
  10439: efaf2b;
  10440: f3b524;
  10441: f6b923;
  10442: f1b324;
  10443: f3b125;
  10444: fbb728;
  10445: f9b526;
  10446: febb2f;
  10447: f1b227;
  10448: f9bc30;
  10449: f4b92d;
  10450: f5b829;
  10451: f5b829;
  10452: f6b72a;
  10453: f5b629;
  10454: f3b526;
  10455: f4b625;
  10456: f5b724;
  10457: f5b822;
  10458: f7b624;
  10459: f7b626;
  10460: f7b427;
  10461: f7b428;
  10462: f9b429;
  10463: fcb72c;
  10464: fbb62d;
  10465: fab72b;
  10466: f9b82a;
  10467: f7b926;
  10468: f7ba23;
  10469: f7ba24;
  10470: f9b828;
  10471: f9b82a;
  10472: f6b428;
  10473: f8b729;
  10474: fbb927;
  10475: f7b523;
  10476: f8b729;
  10477: e8ad25;
  10478: ffc948;
  10479: d5ab49;
  10480: 150000;
  10481: f6ede6;
  10482: fbfbfd;
  10483: fdfeff;
  10484: fffbfd;
  10485: fcf2f1;
  10486: f2e8e6;
  10487: ffecea;
  10488: a8171c;
  10489: b71115;
  10490: a42c2b;
  10491: ffe4e1;
  10492: fff8f8;
  10493: f3f5f4;
  10494: f5f9f8;
  10495: f4faf8;
  10496: fff5fd;
  10497: fff9fa;
  10498: f3e6de;
  10499: ffd1ca;
  10500: bb2a2f;
  10501: bd181f;
  10502: 861213;
  10503: ffe7e5;
  10504: fff3ef;
  10505: fffffa;
  10506: fcfdf8;
  10507: fcfdf8;
  10508: fafbf6;
  10509: fefbf6;
  10510: f3ede1;
  10511: 160300;
  10512: ecc367;
  10513: f0b83d;
  10514: f4ba32;
  10515: f6b92b;
  10516: f7b82d;
  10517: f8ba31;
  10518: f9bd38;
  10519: f5bb33;
  10520: f6be2d;
  10521: f6bd28;
  10522: f8ba27;
  10523: f9b828;
  10524: f9b52c;
  10525: f9b52e;
  10526: f9b530;
  10527: f8b62e;
  10528: f7ba2b;
  10529: f5bb29;
  10530: f6b92a;
  10531: f6b92a;
  10532: f6b827;
  10533: f6b825;
  10534: f6b827;
  10535: f6b72a;
  10536: f5b52f;
  10537: f4b42c;
  10538: f4b528;
  10539: f7b624;
  10540: f8b822;
  10541: fab824;
  10542: f6b327;
  10543: f6b22d;
  10544: f6b833;
  10545: f0b22d;
  10546: f3b32b;
  10547: fab82e;
  10548: f9b82a;
  10549: f8ba2b;
  10550: ebb122;
  10551: efbb34;
  10552: dcb23a;
  10553: 9d7918;
  10554: 5b3900;
  10555: 553907;
  10556: 563f09;
  10557: 584411;
  10558: 584219;
  10559: 4f4021;
  10560: 191605;
  10561: 151714;
  10562: 60610;
  10563: b0916;
  10564: 111113;
  10565: 130300;
  10566: e9b851;
  10567: f2b121;
  10568: f6b71a;
  10569: f4b81a;
  10570: f0b422;
  10571: f4b72b;
  10572: f6b428;
  10573: f6b326;
  10574: fbb728;
  10575: fdb92a;
  10576: fab72a;
  10577: fab72a;
  10578: f6b527;
  10579: f9b828;
  10580: f5b728;
  10581: f1b322;
  10582: f5b724;
  10583: f8bb25;
  10584: f7b624;
  10585: f6b525;
  10586: f7b428;
  10587: f6b42a;
  10588: f7b52b;
  10589: f5b629;
  10590: f4b728;
  10591: f6b829;
  10592: fab529;
  10593: f9b629;
  10594: f6b827;
  10595: f6ba24;
  10596: f6bb21;
  10597: f7ba21;
  10598: f9b924;
  10599: fab826;
  10600: f9b828;
  10601: f9b826;
  10602: fab921;
  10603: fcbb23;
  10604: fbbd2c;
  10605: edb730;
  10606: e5b93e;
  10607: a2842c;
  10608: 35270a;
  10609: fffefc;
  10610: f5f9f8;
  10611: fefffd;
  10612: fff7f6;
  10613: fff2ef;
  10614: fff1ea;
  10615: ffdad5;
  10616: b40a0b;
  10617: ce171b;
  10618: bd5552;
  10619: ffe8e4;
  10620: fff9fb;
  10621: f7f5f8;
  10622: f9fafc;
  10623: f0f4f5;
  10624: fefafb;
  10625: fdf9f8;
  10626: faf5ef;
  10627: ffeae4;
  10628: d85d62;
  10629: b92229;
  10630: 981412;
  10631: ffd9d3;
  10632: fff5ed;
  10633: fafdf6;
  10634: fafdf6;
  10635: fcfff8;
  10636: fefff8;
  10637: fafbf3;
  10638: fffffa;
  10639: 201200;
  10640: bc9a50;
  10641: deaf43;
  10642: f0b93a;
  10643: f4b92d;
  10644: f5b829;
  10645: f8bb2d;
  10646: f3ba2f;
  10647: f4bd2f;
  10648: f4be28;
  10649: f5be25;
  10650: f8bb24;
  10651: f9b826;
  10652: fab72b;
  10653: fbb52f;
  10654: fbb52f;
  10655: fab62d;
  10656: f5b829;
  10657: f3ba25;
  10658: f4b824;
  10659: f5b724;
  10660: f6b523;
  10661: f6b523;
  10662: f6b527;
  10663: f6b428;
  10664: f6b62e;
  10665: f5b52d;
  10666: f5b728;
  10667: f7b626;
  10668: f8b622;
  10669: fbb927;
  10670: f8b328;
  10671: f8b529;
  10672: f6b829;
  10673: f5b829;
  10674: fcba30;
  10675: f4b125;
  10676: f9b627;
  10677: f8b725;
  10678: fdc12f;
  10679: fcc338;
  10680: edb73b;
  10681: e3b043;
  10682: e2b155;
  10683: daad58;
  10684: d5b057;
  10685: cdaa59;
  10686: cfaf72;
  10687: 846d44;
  10688: 140d00;
  10689: 141510;
  10690: f0e16;
  10691: a0911;
  10692: 1b1a15;
  10693: 140600;
  10694: ebbb4f;
  10695: eead1d;
  10696: f8b71b;
  10697: f5b61b;
  10698: f7b928;
  10699: f2b328;
  10700: f6b42a;
  10701: fdba2e;
  10702: fdb628;
  10703: fdb626;
  10704: feb727;
  10705: fab625;
  10706: f9b526;
  10707: f7b425;
  10708: f7b626;
  10709: f6b825;
  10710: f5b724;
  10711: f7b624;
  10712: f8b727;
  10713: f8b528;
  10714: f8b529;
  10715: f7b529;
  10716: f7b529;
  10717: f5b629;
  10718: f4b728;
  10719: f5b728;
  10720: fab72a;
  10721: fab728;
  10722: f7b926;
  10723: f3ba22;
  10724: f5ba22;
  10725: f5ba22;
  10726: f8b823;
  10727: f9b725;
  10728: f9b723;
  10729: f9b722;
  10730: f7b41d;
  10731: faba25;
  10732: f5bc2f;
  10733: e3b639;
  10734: d5b351;
  10735: 554102;
  10736: c3bca9;
  10737: feffff;
  10738: fbfffd;
  10739: fbfdf8;
  10740: fffdfd;
  10741: fff1ee;
  10742: ffece3;
  10743: ffa299;
  10744: d31716;
  10745: d41e1d;
  10746: e89390;
  10747: fff0ed;
  10748: fff9fd;
  10749: fcfaff;
  10750: f6f6f8;
  10751: feffff;
  10752: f0f5ef;
  10753: f9faf5;
  10754: fdf5f2;
  10755: ffeded;
  10756: ffced6;
  10757: a71e25;
  10758: c02425;
  10759: f27971;
  10760: fff0e5;
  10761: f3fdf2;
  10762: f9fffb;
  10763: f5fff6;
  10764: f2fdef;
  10765: f9fff5;
  10766: fdfcfa;
  10767: ede4d5;
  10768: 210b00;
  10769: e8c574;
  10770: ebb948;
  10771: f3b933;
  10772: f9bd2b;
  10773: f3b723;
  10774: f7c02f;
  10775: f2bb2a;
  10776: f4bb24;
  10777: f7ba23;
  10778: f9b924;
  10779: f8b725;
  10780: f6b829;
  10781: f8b729;
  10782: fab627;
  10783: fab627;
  10784: fab92b;
  10785: fab929;
  10786: f9b924;
  10787: f9b923;
  10788: f9b924;
  10789: f8b725;
  10790: f8b729;
  10791: f8b62a;
  10792: f8b729;
  10793: f7b626;
  10794: f7b624;
  10795: f7b624;
  10796: f9b627;
  10797: fab72a;
  10798: f8b528;
  10799: f9b725;
  10800: f5b91b;
  10801: f6ba1e;
  10802: f5b225;
  10803: f8b32a;
  10804: f9b526;
  10805: f8b421;
  10806: fcbb29;
  10807: f7b92a;
  10808: f4b331;
  10809: f2b236;
  10810: f0b239;
  10811: e4ac33;
  10812: eab940;
  10813: e4ba4e;
  10814: ddb76c;
  10815: 654a1b;
  10816: 1f1a07;
  10817: e1211;
  10818: 10207;
  10819: 101012;
  10820: d0b00;
  10821: 231300;
  10822: e5b44d;
  10823: f7b52d;
  10824: f8b425;
  10825: f3af1e;
  10826: f8b529;
  10827: f5b128;
  10828: fcb630;
  10829: f6ae26;
  10830: fdb128;
  10831: feb528;
  10832: fdb723;
  10833: f8b520;
  10834: ffbc29;
  10835: f8b624;
  10836: f5b321;
  10837: f9b828;
  10838: f2b024;
  10839: f9b72d;
  10840: f7b529;
  10841: f7b628;
  10842: f8b823;
  10843: f7b721;
  10844: f7b624;
  10845: f7b626;
  10846: f7b628;
  10847: f7b529;
  10848: fbb62b;
  10849: fab72a;
  10850: f7ba24;
  10851: f5ba20;
  10852: f3ba23;
  10853: f5b925;
  10854: f8b727;
  10855: f9b725;
  10856: fab623;
  10857: f9b621;
  10858: fcb827;
  10859: f6b92d;
  10860: efbe3d;
  10861: e6c35b;
  10862: 7e652c;
  10863: 524429;
  10864: fef9f3;
  10865: fafafc;
  10866: fcfefd;
  10867: f3f7f6;
  10868: f9ffff;
  10869: ffeeec;
  10870: f89e96;
  10871: b21f15;
  10872: d10f06;
  10873: ba150f;
  10874: ffe5e2;
  10875: fef5f6;
  10876: f9f3fd;
  10877: fffeff;
  10878: fcfbf9;
  10879: fbfcf6;
  10880: eff6ee;
  10881: fdfff9;
  10882: fdf8f5;
  10883: ffedef;
  10884: ffe5e9;
  10885: a1282d;
  10886: ce1e20;
  10887: d03732;
  10888: ffecdf;
  10889: fffff4;
  10890: f6fbf5;
  10891: f5fef9;
  10892: f8fff6;
  10893: f6fff5;
  10894: f4f4f4;
  10895: fffaf7;
  10896: 3f331b;
  10897: a08751;
  10898: e4b75c;
  10899: f2ba41;
  10900: f5bb2c;
  10901: f7be26;
  10902: f5bf29;
  10903: f4bc27;
  10904: fab927;
  10905: fbb925;
  10906: fbb927;
  10907: f9b826;
  10908: f4ba28;
  10909: f6ba28;
  10910: fbb724;
  10911: fdb626;
  10912: fab529;
  10913: f9b629;
  10914: f9b723;
  10915: f9b722;
  10916: f9b723;
  10917: f8b624;
  10918: f8b528;
  10919: f6b428;
  10920: f8b729;
  10921: f8b727;
  10922: f9b826;
  10923: fab927;
  10924: febc2a;
  10925: f7b523;
  10926: fbb927;
  10927: f8b822;
  10928: f7bb1d;
  10929: fabd26;
  10930: f6b630;
  10931: f5b436;
  10932: f2b634;
  10933: f2b737;
  10934: f3bb40;
  10935: e7b03b;
  10936: e4ac3f;
  10937: e7b145;
  10938: dca63a;
  10939: e2af42;
  10940: ddb24a;
  10941: deba62;
  10942: d1b377;
  10943: 3d2a09;
  10944: 1b1b0f;
  10945: 10707;
  10946: 207;
  10947: 70908;
  10948: 60800;
  10949: 302400;
  10950: dbb262;
  10951: eeb84e;
  10952: efb645;
  10953: f5b843;
  10954: eaae32;
  10955: f4b738;
  10956: f3b230;
  10957: f9b530;
  10958: fbb62d;
  10959: fcb527;
  10960: f9b61f;
  10961: fbb821;
  10962: f6b221;
  10963: fcb92a;
  10964: fbb927;
  10965: f3b220;
  10966: f9b72b;
  10967: f9b72b;
  10968: f4b226;
  10969: f7b626;
  10970: f9b722;
  10971: f9b820;
  10972: f8b622;
  10973: f8b624;
  10974: f9b627;
  10975: fab72a;
  10976: f9b62a;
  10977: f9b627;
  10978: f8b822;
  10979: f6bb21;
  10980: f6ba24;
  10981: f6ba26;
  10982: f7b926;
  10983: fab824;
  10984: fdb723;
  10985: f9b320;
  10986: fcba2e;
  10987: f3bc3e;
  10988: efc95e;
  10989: a3893e;
  10990: 120100;
  10991: c6bdb6;
  10992: fffffb;
  10993: fafafa;
  10994: fcfafb;
  10995: f5f5f5;
  10996: fcfcfe;
  10997: ffe8e9;
  10998: c53e3b;
  10999: c20d06;
  11000: c71106;
  11001: c94036;
  11002: ffefe9;
  11003: f2f6f7;
  11004: f6f6fe;
  11005: f7f6fc;
  11006: fcfbf9;
  11007: fffffa;
  11008: fbfef7;
  11009: fcfef9;
  11010: fbfbf9;
  11011: fff6f5;
  11012: ffeeef;
  11013: be5a5c;
  11014: d6141c;
  11015: cd1316;
  11016: ffb9af;
  11017: fff5eb;
  11018: fdf2f6;
  11019: feffff;
  11020: e7f4ea;
  11021: f3fff4;
  11022: eef3ef;
  11023: fefdfb;
  11024: e3e0d9;
  11025: 140600;
  11026: 815b1d;
  11027: deac4b;
  11028: e5af29;
  11029: f9c029;
  11030: f2b922;
  11031: fcbf29;
  11032: feb729;
  11033: ffb629;
  11034: fbb726;
  11035: f6b923;
  11036: f1b924;
  11037: f3ba25;
  11038: fab625;
  11039: fdb628;
  11040: fcb72b;
  11041: fbb82b;
  11042: fcb829;
  11043: fcb827;
  11044: fcb825;
  11045: fbb726;
  11046: fbb62a;
  11047: fab72b;
  11048: f7b52d;
  11049: f7b52d;
  11050: f5b728;
  11051: f6b825;
  11052: febf26;
  11053: f0b116;
  11054: fcbb23;
  11055: f8b823;
  11056: ecaf20;
  11057: e8ae28;
  11058: f1b940;
  11059: dca93c;
  11060: eec35d;
  11061: e7c269;
  11062: cdad62;
  11063: 997b3b;
  11064: 84672d;
  11065: 684d16;
  11066: 4e3200;
  11067: 2a1200;
  11068: 140000;
  11069: e0000;
  11070: 90100;
  11071: 90804;
  11072: 80e0c;
  11073: 70f11;
  11074: 60b11;
  11075: d1015;
  11076: 906;
  11077: 1f1e0c;
  11078: 644e27;
  11079: 6e4d17;
  11080: ac884a;
  11081: d2ab60;
  11082: e9bc5f;
  11083: eaba4c;
  11084: dea730;
  11085: f4bb38;
  11086: f0b72a;
  11087: f6ba26;
  11088: fabb22;
  11089: f9b820;
  11090: eca91c;
  11091: f5b327;
  11092: fbbd2c;
  11093: f7b926;
  11094: fcbf29;
  11095: f3b31e;
  11096: f5b424;
  11097: f8b526;
  11098: fbb726;
  11099: fab625;
  11100: fab623;
  11101: fab623;
  11102: fbb726;
  11103: fab826;
  11104: f8b727;
  11105: f8b725;
  11106: fab921;
  11107: f9ba21;
  11108: f7bc24;
  11109: f7bb25;
  11110: f8bb22;
  11111: fcbb23;
  11112: ffb926;
  11113: f0a71a;
  11114: f7bb36;
  11115: ebbc50;
  11116: c2a55f;
  11117: 1a0800;
  11118: 948b7c;
  11119: fbf8f3;
  11120: fefffa;
  11121: fafcf7;
  11122: f6f0f0;
  11123: fffafd;
  11124: fff3f8;
  11125: ffbfc4;
  11126: ca1b20;
  11127: dd1718;
  11128: b01711;
  11129: ffd2ca;
  11130: fff4eb;
  11131: f4fffa;
  11132: f8fcfd;
  11133: fdfdff;
  11134: fffffd;
  11135: fbfaf6;
  11136: fefffa;
  11137: fcfefb;
  11138: fcfefd;
  11139: fdf9f8;
  11140: fff7f3;
  11141: ffbdbc;
  11142: ce131a;
  11143: de1619;
  11144: e46f66;
  11145: ffe4dc;
  11146: fff6fc;
  11147: f3f0f7;
  11148: f6fffa;
  11149: f7fff9;
  11150: fdfffc;
  11151: f2f2f2;
  11152: fcfdff;
  11153: 70685d;
  11154: 1b0000;
  11155: e6bc70;
  11156: f5c549;
  11157: ecb622;
  11158: f5bc27;
  11159: fcbb29;
  11160: ffb92d;
  11161: feb72b;
  11162: fab826;
  11163: f6b825;
  11164: f3b927;
  11165: f6b92a;
  11166: fcb72b;
  11167: ffb82c;
  11168: fab72a;
  11169: fbb82b;
  11170: fbb82c;
  11171: fbb82b;
  11172: fbb726;
  11173: fbb724;
  11174: fab625;
  11175: fab529;
  11176: f9b530;
  11177: f9b530;
  11178: f6b42a;
  11179: f5b728;
  11180: fdc02a;
  11181: e9ad17;
  11182: fabd2f;
  11183: f3ba35;
  11184: f1bd47;
  11185: e8b951;
  11186: dfb458;
  11187: caa658;
  11188: 8a6f2c;
  11189: 67521d;
  11190: 221200;
  11191: e0200;
  11192: b0000;
  11193: 150d00;
  11194: 29220f;
  11195: 565042;
  11196: 6d6767;
  11197: 7e7b82;
  11198: 787b84;
  11199: 50c14;
  11200: 30b0e;
  11201: a1214;
  11202: 70a13;
  11203: 80b14;
  11204: 121b20;
  11205: d130f;
  11206: 70000;
  11207: 100100;
  11208: 1b0a00;
  11209: 291300;
  11210: 775a1e;
  11211: 9a7628;
  11212: d0a74b;
  11213: ebc057;
  11214: e0b542;
  11215: ebbb3d;
  11216: f1b932;
  11217: eeb327;
  11218: ffc138;
  11219: efb128;
  11220: edb024;
  11221: fbbd2e;
  11222: f1b11c;
  11223: faba25;
  11224: f8b624;
  11225: fab728;
  11226: fcb72b;
  11227: fbb728;
  11228: fbb724;
  11229: fbb823;
  11230: fbb724;
  11231: f9b723;
  11232: f9b826;
  11233: f9b826;
  11234: fab921;
  11235: fbba22;
  11236: f7bc24;
  11237: f7bb25;
  11238: f9bc26;
  11239: fcba26;
  11240: f8ad1c;
  11241: fdb82f;
  11242: f6c044;
  11243: dab658;
  11244: 5b4617;
  11245: 6d6453;
  11246: faf5ef;
  11247: faf9f5;
  11248: f5f8f1;
  11249: eaede6;
  11250: fffdfd;
  11251: ffeef1;
  11252: ffdade;
  11253: c35055;
  11254: d40f16;
  11255: d60d13;
  11256: 9f2220;
  11257: ffebe3;
  11258: fff9f0;
  11259: f1fff7;
  11260: f8fffe;
  11261: fcfefd;
  11262: fffffd;
  11263: fffbfa;
  11264: fafcfb;
  11265: feffff;
  11266: fbfbfd;
  11267: fbf9fa;
  11268: fffbf8;
  11269: ffeeeb;
  11270: ad0c11;
  11271: d71617;
  11272: bb2318;
  11273: ff9a91;
  11274: ffeff3;
  11275: f6eff6;
  11276: fcfafd;
  11277: f9f9f9;
  11278: fcfcfc;
  11279: fafafa;
  11280: fdfcff;
  11281: dfdad6;
  11282: 281703;
  11283: 8d733a;
  11284: dfba47;
  11285: e6b729;
  11286: fdc236;
  11287: fdba2d;
  11288: fab826;
  11289: fbb927;
  11290: fbbd2e;
  11291: f4b72b;
  11292: f6b62e;
  11293: fcba32;
  11294: f9b127;
  11295: ffb92f;
  11296: fbb82c;
  11297: f8b92c;
  11298: f9ba2f;
  11299: f7b82b;
  11300: fbba28;
  11301: f7b721;
  11302: fbb821;
  11303: fab623;
  11304: feb62e;
  11305: f3ad29;
  11306: f9b52e;
  11307: f8b830;
  11308: f7bd35;
  11309: efba38;
  11310: e7b441;
  11311: eabc5a;
  11312: e2bd6d;
  11313: c8aa6c;
  11314: 836b3d;
  11315: 513f1b;
  11316: f0400;
  11317: 80100;
  11318: a0600;
  11319: 585453;
  11320: 908e8f;
  11321: a8a8a6;
  11322: c0c3b8;
  11323: dee1d8;
  11324: ebedea;
  11325: f4f5f7;
  11326: e5e6ea;
  11327: a0e11;
  11328: 90d0e;
  11329: 90d10;
  11330: c0a15;
  11331: a0a16;
  11332: f161e;
  11333: 6a7476;
  11334: 9b9d9a;
  11335: 91908b;
  11336: 46433e;
  11337: a0200;
  11338: 140500;
  11339: 1d0900;
  11340: 4c3408;
  11341: 836831;
  11342: bda160;
  11343: d2b361;
  11344: d8ae4a;
  11345: e9ba46;
  11346: e2af2f;
  11347: f7be39;
  11348: fbbf3a;
  11349: f0ad28;
  11350: febb2f;
  11351: fdb92a;
  11352: f8b526;
  11353: ffbe31;
  11354: f9b72b;
  11355: f8b727;
  11356: f9ba21;
  11357: f9ba1f;
  11358: f9b722;
  11359: f9b725;
  11360: f9b828;
  11361: fbba2a;
  11362: f9b722;
  11363: fbba22;
  11364: f7ba23;
  11365: f5b925;
  11366: fbbc31;
  11367: f9b72f;
  11368: f1ac20;
  11369: efb32f;
  11370: d9af41;
  11371: cdb366;
  11372: 100600;
  11373: d5d2c9;
  11374: fffffb;
  11375: fcfbf9;
  11376: fffff8;
  11377: f0f0e8;
  11378: fefdfb;
  11379: ffedee;
  11380: ffcbcb;
  11381: a81214;
  11382: d80f15;
  11383: ce151b;
  11384: cc686a;
  11385: fff0ee;
  11386: fdf8f2;
  11387: f4fff8;
  11388: f6fffe;
  11389: f6fffc;
  11390: fffcfb;
  11391: fff8f9;
  11392: feffff;
  11393: f8f9fb;
  11394: fbf9fc;
  11395: fffdff;
  11396: fbfffc;
  11397: ffe8e5;
  11398: ff898a;
  11399: c11312;
  11400: d6251b;
  11401: 9d1308;
  11402: ffe6e5;
  11403: fff2f5;
  11404: fef3f9;
  11405: fbf6fa;
  11406: f3f3f3;
  11407: feffff;
  11408: f3f4f8;
  11409: f9f7f8;
  11410: fff9f0;
  11411: 1f0d00;
  11412: a38628;
  11413: e5bc40;
  11414: efb633;
  11415: f7b72f;
  11416: fcbb2b;
  11417: f9bb2a;
  11418: f5b82c;
  11419: f4b62d;
  11420: f6b42c;
  11421: fab62d;
  11422: ffb72d;
  11423: fbb62a;
  11424: fbba2c;
  11425: f8ba2b;
  11426: fabb30;
  11427: f5b629;
  11428: f9bb28;
  11429: fbbb25;
  11430: f8b71f;
  11431: fab824;
  11432: f6b128;
  11433: fbb836;
  11434: f3b337;
  11435: f7bf48;
  11436: edba4d;
  11437: deb354;
  11438: 9d762b;
  11439: 2d0d00;
  11440: 180100;
  11441: 1f0e00;
  11442: 857a68;
  11443: a8a296;
  11444: d6d3cc;
  11445: d9d8d4;
  11446: d6d5da;
  11447: c9c7d2;
  11448: bdbdc9;
  11449: b7bac1;
  11450: c2c8c6;
  11451: c7d0cb;
  11452: b9c2c1;
  11453: bcc1c4;
  11454: b4b8b7;
  11455: c0e0d;
  11456: 80c0b;
  11457: b0f12;
  11458: c0914;
  11459: f0d1a;
  11460: 40813;
  11461: 72797f;
  11462: a6a9ae;
  11463: 97989c;
  11464: 92929a;
  11465: a4a1a8;
  11466: aba2a3;
  11467: a29791;
  11468: 7c6e63;
  11469: 7e6f5a;
  11470: 190a00;
  11471: 180600;
  11472: 2b0f00;
  11473: 93701f;
  11474: cfa946;
  11475: ecbe4f;
  11476: f5c04c;
  11477: fabe42;
  11478: eeae28;
  11479: fbb92d;
  11480: ffbf31;
  11481: f7b626;
  11482: f8b62a;
  11483: fabc2d;
  11484: f7b721;
  11485: f7b81f;
  11486: fab824;
  11487: fdbb29;
  11488: fcbb2d;
  11489: f7b626;
  11490: fbba28;
  11491: fcbc27;
  11492: f8bb25;
  11493: f7b928;
  11494: f5b52f;
  11495: f8b834;
  11496: ffc43f;
  11497: e9b841;
  11498: edcd76;
  11499: 1a0900;
  11500: c2bda7;
  11501: fefffb;
  11502: f0f0f2;
  11503: f9f7f8;
  11504: fdfaf5;
  11505: f8f3ed;
  11506: fff9f7;
  11507: ffefee;
  11508: cd504c;
  11509: d12322;
  11510: c90a0f;
  11511: b21318;
  11512: ffe4e2;
  11513: fff4f1;
  11514: fcf8f5;
  11515: fafffe;
  11516: f2fbfa;
  11517: fcffff;
  11518: fdf9f8;
  11519: fffefb;
  11520: fbfaff;
  11521: fffdff;
  11522: fffaff;
  11523: fef9fd;
  11524: f8f9fb;
  11525: fff6f5;
  11526: ffd6d3;
  11527: a0130c;
  11528: cb0f04;
  11529: c21a0d;
  11530: ffb3a9;
  11531: ffebe6;
  11532: fff5f8;
  11533: f5f4f9;
  11534: fcffff;
  11535: f3f9f9;
  11536: f3f7f8;
  11537: f6f8f7;
  11538: f7f6f2;
  11539: 9e947b;
  11540: 432d00;
  11541: e4c163;
  11542: f0be45;
  11543: fabe39;
  11544: faba32;
  11545: f7b82d;
  11546: f8ba31;
  11547: f4b62d;
  11548: f0b124;
  11549: febd2d;
  11550: f8b423;
  11551: fcb825;
  11552: f8b725;
  11553: fbbd2a;
  11554: f6b825;
  11555: f8b725;
  11556: febe29;
  11557: f5b520;
  11558: f9b725;
  11559: f6b72a;
  11560: f5b732;
  11561: e9b136;
  11562: f6c455;
  11563: e0b557;
  11564: aa8743;
  11565: 533708;
  11566: 1b0500;
  11567: 34211a;
  11568: a99b9a;
  11569: d6cecc;
  11570: f2eeeb;
  11571: 363530;
  11572: 2c2c24;
  11573: 2c2b26;
  11574: 2e292d;
  11575: 251f29;
  11576: 2d2938;
  11577: 292734;
  11578: 22272a;
  11579: 222c2d;
  11580: 222d31;
  11581: 141f23;
  11582: 212a27;
  11583: 50b07;
  11584: 80e0c;
  11585: 60c0c;
  11586: f0e16;
  11587: 80611;
  11588: c0f18;
  11589: 90911;
  11590: 6030a;
  11591: 30005;
  11592: 8000d;
  11593: 6000d;
  11594: e0611;
  11595: 9020a;
  11596: 221e1f;
  11597: eee9e5;
  11598: dbd5c7;
  11599: 968f7c;
  11600: 221600;
  11601: 200f00;
  11602: 5d4515;
  11603: a98a47;
  11604: d6af54;
  11605: ebbd4d;
  11606: f3c13e;
  11607: f5bc2f;
  11608: f5b829;
  11609: f4b625;
  11610: f7b628;
  11611: f7b628;
  11612: fab72a;
  11613: f9b627;
  11614: fdbb29;
  11615: f7b523;
  11616: fbb829;
  11617: fbba2c;
  11618: f6b72a;
  11619: f8bb2d;
  11620: f8b92c;
  11621: f7b92a;
  11622: fdbe31;
  11623: f4ba32;
  11624: edbd41;
  11625: d7b553;
  11626: 715c25;
  11627: 3d3318;
  11628: fffff2;
  11629: fdfffc;
  11630: fefdff;
  11631: fefbff;
  11632: faf6f5;
  11633: fdf2ee;
  11634: fff5f2;
  11635: ffcdca;
  11636: b61b16;
  11637: c60d0a;
  11638: b0070a;
  11639: cf5758;
  11640: ffede7;
  11641: f8f4eb;
  11642: fffeff;
  11643: fffdff;
  11644: fbf3fe;
  11645: fff8ff;
  11646: fffffb;
  11647: fcfdf5;
  11648: fffcff;
  11649: fcfaff;
  11650: fef7fe;
  11651: fffbff;
  11652: fcfdff;
  11653: fff3f2;
  11654: ffece5;
  11655: 972c24;
  11656: cb130b;
  11657: d51910;
  11658: d35d53;
  11659: ffe6dd;
  11660: fff5f2;
  11661: f6f8f7;
  11662: f3f9f9;
  11663: faffff;
  11664: f3f9f9;
  11665: fcffff;
  11666: e9ebe8;
  11667: f9f6e7;
  11668: 1a0c00;
  11669: a78d52;
  11670: e2b65d;
  11671: f1bc4a;
  11672: f5b935;
  11673: f7b82d;
  11674: f9bb34;
  11675: f0b52b;
  11676: f8bc2a;
  11677: f2b620;
  11678: fdbb26;
  11679: fbb925;
  11680: f7b926;
  11681: fabc29;
  11682: f7b722;
  11683: fbbb25;
  11684: fbbb26;
  11685: f5b728;
  11686: f7bb37;
  11687: eeb63d;
  11688: ebbb4d;
  11689: e6be5f;
  11690: c2a255;
  11691: 5b4209;
  11692: 372403;
  11693: 130500;
  11694: 180d11;
  11695: d9d1de;
  11696: f8f2ff;
  11697: eeebf6;
  11698: f7f6fb;
  11699: 80a09;
  11700: 141710;
  11701: 161711;
  11702: 151314;
  11703: 70209;
  11704: e0a1b;
  11705: c0b1b;
  11706: 101519;
  11707: 50f10;
  11708: 305;
  11709: 20c0e;
  11710: 1a2020;
  11711: a100c;
  11712: 9120f;
  11713: 10a07;
  11714: b0f12;
  11715: 8090e;
  11716: 2050a;
  11717: a0d12;
  11718: 18191e;
  11719: d0c14;
  11720: 110b19;
  11721: 140d1d;
  11722: 1d1928;
  11723: b0916;
  11724: 313139;
  11725: e4e5e7;
  11726: f2f1ed;
  11727: fdfcf7;
  11728: e0dcdd;
  11729: 60000;
  11730: 1b1201;
  11731: 261800;
  11732: 4e3a00;
  11733: b49747;
  11734: dbb756;
  11735: e5ba49;
  11736: ebb839;
  11737: ebb12b;
  11738: fdbe33;
  11739: fab82e;
  11740: f5b22d;
  11741: fab830;
  11742: f5b424;
  11743: febd2b;
  11744: f8b526;
  11745: ffbe30;
  11746: f6b92d;
  11747: f4b92d;
  11748: fabd2f;
  11749: f4ba2a;
  11750: f2ba29;
  11751: ecbd39;
  11752: d6b34d;
  11753: 856e2a;
  11754: e0100;
  11755: c4c0b5;
  11756: f8f7f2;
  11757: fbfdfc;
  11758: f3f2fa;
  11759: fdfcff;
  11760: f8f8f8;
  11761: fff3ef;
  11762: ffd5d5;
  11763: ff8b8a;
  11764: c91b14;
  11765: c3120c;
  11766: cd4d4c;
  11767: ffbcb9;
  11768: fff8ef;
  11769: fefffa;
  11770: fbf7f8;
  11771: fff5fe;
  11772: fffaff;
  11773: fff9ff;
  11774: fffffd;
  11775: f8fbf2;
  11776: fdfcff;
  11777: fdfbff;
  11778: fffdff;
  11779: fffeff;
  11780: f6f7f9;
  11781: f6f2ef;
  11782: fff9f2;
  11783: ffc0bb;
  11784: bc1414;
  11785: d30c0f;
  11786: c31e1c;
  11787: d5665f;
  11788: fcdad0;
  11789: fdfff7;
  11790: f8faf5;
  11791: f9fbfa;
  11792: f4f9fc;
  11793: f5fbf9;
  11794: f5f8f1;
  11795: f0eee2;
  11796: fff7ea;
  11797: 1f0d00;
  11798: 411f00;
  11799: ddaf64;
  11800: f6bf40;
  11801: edb11d;
  11802: faba32;
  11803: fbc036;
  11804: f2ba27;
  11805: fdc62d;
  11806: f1b41d;
  11807: f7b624;
  11808: f9bc30;
  11809: f4b72b;
  11810: fdbf2c;
  11811: fcbc27;
  11812: ffbf2d;
  11813: ecb02b;
  11814: ebb747;
  11815: e4b85f;
  11816: 927333;
  11817: 291300;
  11818: 1c1000;
  11819: 1a160b;
  11820: 161513;
  11821: 151517;
  11822: 30207;
  11823: e0dde4;
  11824: fbf6fc;
  11825: f0eef3;
  11826: fcfbff;
  11827: 20307;
  11828: 111514;
  11829: 141915;
  11830: 90d0c;
  11831: 70a0f;
  11832: 60719;
  11833: 80b1c;
  11834: 50a0d;
  11835: 70d09;
  11836: b110d;
  11837: 90d0c;
  11838: c0b10;
  11839: b0c0e;
  11840: 7120e;
  11841: c170f;
  11842: 80f08;
  11843: 101612;
  11844: b1411;
  11845: c1615;
  11846: 41010;
  11847: b161a;
  11848: d111a;
  11849: a0c18;
  11850: e101c;
  11851: 90c15;
  11852: 1f2227;
  11853: f3f4f6;
  11854: e9e7e8;
  11855: f8f6f7;
  11856: c8c6cb;
  11857: 1c1c1e;
  11858: d0e08;
  11859: 70900;
  11860: 141400;
  11861: 130c00;
  11862: 160300;
  11863: 80622c;
  11864: c19942;
  11865: e6b445;
  11866: e0a726;
  11867: ffc641;
  11868: edab31;
  11869: fab93b;
  11870: ffcb39;
  11871: fabe28;
  11872: efae20;
  11873: edae21;
  11874: f8bb2d;
  11875: f6bc2a;
  11876: f0b720;
  11877: f1bb25;
  11878: edc02f;
  11879: eac751;
  11880: 7a631f;
  11881: 2b1e00;
  11882: d9d3c3;
  11883: f8f7f2;
  11884: fefdfb;
  11885: ffffff;
  11886: f8f9fd;
  11887: f9fdff;
  11888: f2f7f3;
  11889: ffeae6;
  11890: a82024;
  11891: ce1618;
  11892: cc0f0b;
  11893: a71009;
  11894: ffe1da;
  11895: fff2ed;
  11896: f4efeb;
  11897: f6f6f4;
  11898: fffbfb;
  11899: fffbfe;
  11900: fff7ff;
  11901: fff9ff;
  11902: fcfafd;
  11903: fffffd;
  11904: fdfdff;
  11905: fdfdff;
  11906: fdfdff;
  11907: fbfbfb;
  11908: fcfcfa;
  11909: fefffa;
  11910: ebe8e3;
  11911: fff2ef;
  11912: ac2e32;
  11913: c3161a;
  11914: cf1314;
  11915: ba1c19;
  11916: ffe8e3;
  11917: fff5ed;
  11918: fff8f2;
  11919: fefdf9;
  11920: f7fbfc;
  11921: f5f9f8;
  11922: fefffa;
  11923: f6f7ef;
  11924: f6f6f4;
  11925: 918986;
  11926: 130000;
  11927: a38153;
  11928: e9b94d;
  11929: f3bb32;
  11930: eaae29;
  11931: fbc036;
  11932: e6ae1b;
  11933: f5be26;
  11934: fbbd2a;
  11935: f9b82a;
  11936: f5b52f;
  11937: f4b62f;
  11938: eeb327;
  11939: edb32b;
  11940: e3ad31;
  11941: edbe56;
  11942: d2ac61;
  11943: 563a08;
  11944: 281900;
  11945: 231d11;
  11946: 161618;
  11947: b0f1a;
  11948: d131f;
  11949: 141823;
  11950: 16191e;
  11951: a2a2a4;
  11952: faf8f9;
  11953: efedee;
  11954: f8f7fd;
  11955: 5060b;
  11956: b0f12;
  11957: 131c19;
  11958: 6110d;
  11959: 50f10;
  11960: 50d1a;
  11961: a121f;
  11962: 70f11;
  11963: 80f08;
  11964: b100a;
  11965: e100f;
  11966: 101116;
  11967: d1017;
  11968: 71112;
  11969: 91410;
  11970: c110d;
  11971: 80d09;
  11972: d1110;
  11973: 10b0a;
  11974: 1010;
  11975: 1214;
  11976: 91418;
  11977: b121a;
  11978: d111c;
  11979: e111a;
  11980: 272b2e;
  11981: edf1f2;
  11982: ffffff;
  11983: e6e4e7;
  11984: 8b8a90;
  11985: 90a0f;
  11986: 80d10;
  11987: c1212;
  11988: a1010;
  11989: 60807;
  11990: 181310;
  11991: e0100;
  11992: 2d1500;
  11993: b7954b;
  11994: e6ba5b;
  11995: eab649;
  11996: f2b948;
  11997: ebaf33;
  11998: ffc636;
  11999: f7bb25;
  12000: fcbe2d;
  12001: f8ba2b;
  12002: f9bc2d;
  12003: ffc636;
  12004: f8bf30;
  12005: f0be39;
  12006: e1ba45;
  12007: a88e39;
  12008: 130500;
  12009: cbc7bb;
  12010: fcfdf7;
  12011: fcfefb;
  12012: e8e8e8;
  12013: fcfcfe;
  12014: f7f8fa;
  12015: fffefd;
  12016: ffedea;
  12017: ffc2c1;
  12018: ce1a1b;
  12019: ea1819;
  12020: c31a17;
  12021: e57571;
  12022: fff2ec;
  12023: f6fbf5;
  12024: fafbfd;
  12025: fefeff;
  12026: fffefb;
  12027: fffbf8;
  12028: fdf7fb;
  12029: fffdff;
  12030: fbfbfd;
  12031: fcfdff;
  12032: fdfdfd;
  12033: fbfdfa;
  12034: fcfffd;
  12035: fafff9;
  12036: fffef9;
  12037: f7f3f0;
  12038: fffeff;
  12039: fff3f4;
  12040: ffe7e9;
  12041: f38382;
  12042: cd1314;
  12043: cc0309;
  12044: b71a25;
  12045: f28a91;
  12046: ffebe3;
  12047: fcf8ed;
  12048: f7f3f0;
  12049: fcfafb;
  12050: fbfbfb;
  12051: fbfdfc;
  12052: f8fefe;
  12053: f6fbf7;
  12054: fff8f5;
  12055: 140000;
  12056: 936d24;
  12057: e3b249;
  12058: fdc348;
  12059: f8bd33;
  12060: f8bc2a;
  12061: f8bc28;
  12062: feba31;
  12063: f6b02c;
  12064: ffbc38;
  12065: f9b935;
  12066: f3bc3b;
  12067: edc251;
  12068: dbb866;
  12069: 3d2600;
  12070: 190900;
  12071: 1f160d;
  12072: 101006;
  12073: 80b04;
  12074: 141817;
  12075: 90c11;
  12076: 70916;
  12077: e101c;
  12078: d1112;
  12079: 10300;
  12080: f1eff0;
  12081: ede8ec;
  12082: fdfbff;
  12083: 5;
  12084: f1217;
  12085: 81012;
  12086: 71611;
  12087: 71714;
  12088: a171f;
  12089: 9131c;
  12090: 91314;
  12091: 8110e;
  12092: 90f0f;
  12093: 81013;
  12094: 71017;
  12095: a13;
  12096: 30d17;
  12097: 30a14;
  12098: c0912;
  12099: 120d14;
  12100: d0711;
  12101: 4070e;
  12102: 61518;
  12103: 41618;
  12104: c1719;
  12105: 30a10;
  12106: b0b15;
  12107: 100e19;
  12108: 1d1e23;
  12109: f0f1f5;
  12110: e9eaee;
  12111: fdfeff;
  12112: 4;
  12113: 131218;
  12114: 13121a;
  12115: 15151f;
  12116: 7;
  12117: 161a1d;
  12118: 171b1a;
  12119: f100a;
  12120: 151108;
  12121: 190c00;
  12122: 1a0400;
  12123: 947532;
  12124: edc35d;
  12125: e7b636;
  12126: f1b62a;
  12127: f4b623;
  12128: fbbf2b;
  12129: f6ba26;
  12130: f6b827;
  12131: fbbd36;
  12132: f9be46;
  12133: efbd5e;
  12134: a37f41;
  12135: 1b0500;
  12136: e5decc;
  12137: f1f2ed;
  12138: f3f5f4;
  12139: f2f3f5;
  12140: fafafc;
  12141: fbfbfd;
  12142: f5f9fa;
  12143: fff3f5;
  12144: ffd1d5;
  12145: 9f1719;
  12146: e31a13;
  12147: d5130a;
  12148: c24b47;
  12149: ffe7e6;
  12150: fff0ed;
  12151: f4f4f4;
  12152: f7f7ff;
  12153: f8fbff;
  12154: f9faf4;
  12155: fffff8;
  12156: fffeff;
  12157: fbfaff;
  12158: f6fafb;
  12159: fcffff;
  12160: fefefc;
  12161: fcfefb;
  12162: f9fffb;
  12163: f9fff9;
  12164: fefdf8;
  12165: fffcf9;
  12166: fffdff;
  12167: fffaff;
  12168: ffefef;
  12169: ffd0d1;
  12170: b71314;
  12171: db0a10;
  12172: d80e1e;
  12173: b81b26;
  12174: ffc6bf;
  12175: fbe3d7;
  12176: fffbfa;
  12177: fcf8f9;
  12178: fffdff;
  12179: f0f1f3;
  12180: f9ffff;
  12181: f1faf9;
  12182: f9fafc;
  12183: a59c8d;
  12184: 341c00;
  12185: e2bc71;
  12186: f2c15b;
  12187: f7c042;
  12188: f1b62a;
  12189: ffc130;
  12190: feba33;
  12191: ffbe3d;
  12192: f1b032;
  12193: e5ad36;
  12194: ffd46b;
  12195: d1b260;
  12196: 493709;
  12197: 140b00;
  12198: 161417;
  12199: 15181f;
  12200: 101614;
  12201: 161c18;
  12202: 131716;
  12203: 8090e;
  12204: f0e1c;
  12205: 12121e;
  12206: 171b1c;
  12207: 200;
  12208: cdcdcd;
  12209: eaeaec;
  12210: fffcff;
  12211: 30208;
  12212: 70a11;
  12213: a1215;
  12214: 5110f;
  12215: 41212;
  12216: 51016;
  12217: 61117;
  12218: 71313;
  12219: 20e0a;
  12220: 5110f;
  12221: 41010;
  12222: 20d11;
  12223: c171d;
  12224: 9131c;
  12225: 101721;
  12226: 17161e;
  12227: 131019;
  12228: 110e17;
  12229: 80b14;
  12230: 9161c;
  12231: 31519;
  12232: 61113;
  12233: 50d10;
  12234: f0f17;
  12235: 90810;
  12236: 222025;
  12237: ebeaef;
  12238: eaebef;
  12239: ced2d5;
  12240: 50608;
  12241: e0f14;
  12242: b0916;
  12243: 13111f;
  12244: 80814;
  12245: 7;
  12246: 60c0c;
  12247: 101918;
  12248: 70b14;
  12249: 111217;
  12250: 80100;
  12251: 1e0e00;
  12252: a78d40;
  12253: d3ae46;
  12254: e5b340;
  12255: e5ae2f;
  12256: f0b72c;
  12257: fbc132;
  12258: f1b428;
  12259: e6ac31;
  12260: ecbb5f;
  12261: 855d20;
  12262: 2d1200;
  12263: 908279;
  12264: fdfaf5;
  12265: fbfdfa;
  12266: f9fbfa;
  12267: eff0f2;
  12268: f5f4f9;
  12269: fdf9fa;
  12270: fffaf8;
  12271: ffefeb;
  12272: dd6064;
  12273: c41719;
  12274: d7120c;
  12275: c21b15;
  12276: fcacab;
  12277: ffeef0;
  12278: fbeff1;
  12279: f5f3f6;
  12280: fcfcff;
  12281: f4f8fb;
  12282: fefffb;
  12283: fefff9;
  12284: fbfbfb;
  12285: fdfeff;
  12286: fafefd;
  12287: fafffb;
  12288: fdfdfd;
  12289: fbfdfc;
  12290: f9fffd;
  12291: fafffe;
  12292: f9fef8;
  12293: f8f8f6;
  12294: f9f3f7;
  12295: faf0f8;
  12296: f2e7eb;
  12297: ffe5e8;
  12298: d25658;
  12299: d01d21;
  12300: e20b13;
  12301: d20f15;
  12302: e0675f;
  12303: ffe5dc;
  12304: fff3f6;
  12305: f5f3f8;
  12306: f8f7f5;
  12307: f8f8f6;
  12308: f2f6f5;
  12309: faffff;
  12310: eaeff3;
  12311: fffffb;
  12312: 423a25;
  12313: 483308;
  12314: c49f58;
  12315: ffd06c;
  12316: e6af2e;
  12317: fcbd30;
  12318: fbb72e;
  12319: f2b332;
  12320: e9ba46;
  12321: d9b658;
  12322: 967b38;
  12323: 47350d;
  12324: 251b0f;
  12325: 8f8d8e;
  12326: 101415;
  12327: f1513;
  12328: 181d16;
  12329: 191b16;
  12330: f0e14;
  12331: 211f2c;
  12332: 20113;
  12333: 90b18;
  12334: 12171a;
  12335: 7100b;
  12336: 565c5a;
  12337: f5f9fc;
  12338: f8f8ff;
  12339: 9;
  12340: 10101a;
  12341: c0f16;
  12342: a0f13;
  12343: b1014;
  12344: c0f18;
  12345: 80f17;
  12346: 41212;
  12347: 1209;
  12348: 160a;
  12349: 3140a;
  12350: 6110d;
  12351: 80e0c;
  12352: 7120c;
  12353: 9140e;
  12354: 8130f;
  12355: 6100f;
  12356: a1312;
  12357: 30d0f;
  12358: b181e;
  12359: 8171c;
  12360: a1517;
  12361: 60e10;
  12362: f1217;
  12363: e0d13;
  12364: 231d21;
  12365: faf4f6;
  12366: f2f3f5;
  12367: 505656;
  12368: c1514;
  12369: 60e11;
  12370: 80c18;
  12371: 113;
  12372: 171626;
  12373: 2020c;
  12374: 90d0e;
  12375: 90f0d;
  12376: 606;
  12377: c1013;
  12378: c2c0c1;
  12379: 5f574c;
  12380: 140500;
  12381: 412c00;
  12382: d8be73;
  12383: e8c464;
  12384: efba46;
  12385: f5bb3d;
  12386: ecb737;
  12387: dfb44b;
  12388: c1a46a;
  12389: 1e0d00;
  12390: 31271b;
  12391: fffbf5;
  12392: fffffb;
  12393: fdfef9;
  12394: f7f8f2;
  12395: fffffb;
  12396: f3f4f8;
  12397: f8eeed;
  12398: ffebe2;
  12399: ffb7ad;
  12400: b4120d;
  12401: e32726;
  12402: b40e10;
  12403: ab3237;
  12404: ffe5eb;
  12405: fff6fd;
  12406: fcf7fd;
  12407: f6f5fa;
  12408: f8f9fb;
  12409: f7f9f8;
  12410: f9fbfa;
  12411: fefefe;
  12412: fffeff;
  12413: fefcfd;
  12414: fdfdfb;
  12415: fdfffa;
  12416: fdfdfd;
  12417: fcfcfc;
  12418: fbfcfe;
  12419: fdfffe;
  12420: fbfffc;
  12421: fafcf9;
  12422: fcf7fb;
  12423: fef7fe;
  12424: f7f5fa;
  12425: fff4f7;
  12426: ffe5e5;
  12427: cc4647;
  12428: cf0c12;
  12429: d60b0f;
  12430: b91714;
  12431: c75451;
  12432: ffe4e7;
  12433: ffe9ed;
  12434: fff3f2;
  12435: fefaf7;
  12436: feffff;
  12437: f4f9fc;
  12438: faffff;
  12439: f1f5f6;
  12440: f4f4ec;
  12441: 8e836d;
  12442: 2d1600;
  12443: 8b6824;
  12444: f5c861;
  12445: ecb840;
  12446: efb841;
  12447: efbf51;
  12448: caaa53;
  12449: 3b2600;
  12450: 51411f;
  12451: b4aa9e;
  12452: fdfbfe;
  12453: fbfeff;
  12454: c1210;
  12455: f160e;
  12456: e140a;
  12457: 70803;
  12458: c5c2c9;
  12459: 181623;
  12460: 1c192a;
  12461: 90b17;
  12462: 81012;
  12463: f1a16;
  12464: 60c0c;
  12465: 407;
  12466: f4f4fc;
  12467: 7;
  12468: f1217;
  12469: 13161b;
  12470: 14151a;
  12471: 13171a;
  12472: b1315;
  12473: c1d17;
  12474: 11d0e;
  12475: 1270e;
  12476: 2290a;
  12477: 2204;
  12478: b200f;
  12479: 142515;
  12480: b210a;
  12481: b250a;
  12482: b290f;
  12483: 6260e;
  12484: e2b15;
  12485: 263e2e;
  12486: 61b14;
  12487: 122221;
  12488: 414d4b;
  12489: 404948;
  12490: 474c4f;
  12491: 444348;
  12492: 666064;
  12493: fbf6fa;
  12494: 1a1e21;
  12495: 131b1d;
  12496: 6100f;
  12497: a1416;
  12498: 10812;
  12499: 40814;
  12500: b;
  12501: ededf5;
  12502: 9fa3a2;
  12503: 70c06;
  12504: f1410;
  12505: d1112;
  12506: fffeff;
  12507: fbf6fa;
  12508: f8efe8;
  12509: beb29c;
  12510: 100100;
  12511: 725a1a;
  12512: deb863;
  12513: e6ba59;
  12514: e2ba5a;
  12515: 907327;
  12516: 130400;
  12517: eae3db;
  12518: fefdf9;
  12519: fbfbf9;
  12520: efefef;
  12521: fbfbf9;
  12522: f7f7ef;
  12523: fffdf7;
  12524: f9e6ea;
  12525: ffebee;
  12526: ffb8ae;
  12527: 9b1b0e;
  12528: d5241e;
  12529: c31612;
  12530: ff9292;
  12531: ffe0e3;
  12532: fce1e8;
  12533: f6f3fa;
  12534: faf9ff;
  12535: fafafc;
  12536: f9fbfa;
  12537: f9fbf8;
  12538: fbfbfb;
  12539: fefeff;
  12540: fffdff;
  12541: fefcfd;
  12542: fdfcf8;
  12543: fefff9;
  12544: fdfffe;
  12545: fcfcfc;
  12546: fffafe;
  12547: fffcff;
  12548: fffdfe;
  12549: fdfdfd;
  12550: fdfdfd;
  12551: fdfeff;
  12552: f9feff;
  12553: fffcfb;
  12554: ffeeeb;
  12555: ffc9c7;
  12556: ab1e24;
  12557: ce161e;
  12558: d71015;
  12559: c10c11;
  12560: ff7f84;
  12561: ffdcde;
  12562: fff0ee;
  12563: fcf4f1;
  12564: fcfefd;
  12565: f5fbfb;
  12566: f3f4f8;
  12567: f9f9f9;
  12568: fffffa;
  12569: fcf8ef;
  12570: b3a99f;
  12571: 110000;
  12572: bea261;
  12573: debf6c;
  12574: dfc272;
  12575: c5ad67;
  12576: 402900;
  12577: 48371d;
  12578: f7ebdf;
  12579: fffaf7;
  12580: fcfafb;
  12581: eceeed;
  12582: 70756f;
  12583: 600;
  12584: 32352c;
  12585: d0d1cb;
  12586: fefcff;
  12587: 7060c;
  12588: 201f27;
  12589: c0f16;
  12590: d1517;
  12591: 91211;
  12592: e1213;
  12593: 111113;
  12594: e7e5ea;
  12595: c9c9cb;
  12596: adb3af;
  12597: cad3ce;
  12598: c6cacb;
  12599: c2cbc6;
  12600: f00;
  12601: 12391a;
  12602: 4b8258;
  12603: 4c8d57;
  12604: 53975a;
  12605: 57945b;
  12606: 58855e;
  12607: 305833;
  12608: 2a5528;
  12609: 598b56;
  12610: 528c51;
  12611: 589559;
  12612: 5b965e;
  12613: 5c8d5e;
  12614: f3013;
  12615: c2311;
  12616: e2efe5;
  12617: f0f9f4;
  12618: e8eceb;
  12619: eeeff1;
  12620: f0f1f6;
  12621: e1e4eb;
  12622: 107;
  12623: 90e;
  12624: 40c0e;
  12625: 104;
  12626: 70c10;
  12627: 15181d;
  12628: 20607;
  12629: f8fdf9;
  12630: fcfffa;
  12631: b5bab3;
  12632: 767b75;
  12633: 252726;
  12634: fffeff;
  12635: f3eef4;
  12636: fffcff;
  12637: fffcf6;
  12638: b2a793;
  12639: 110400;
  12640: 786739;
  12641: c1ad7b;
  12642: 9a8359;
  12643: 120000;
  12644: a69989;
  12645: fffcf9;
  12646: f1eff0;
  12647: f9fafe;
  12648: f8f9fd;
  12649: f7f8fa;
  12650: efeeec;
  12651: fff4f3;
  12652: ffe9ef;
  12653: ffacb2;
  12654: bd2323;
  12655: c91a17;
  12656: c41c19;
  12657: a1241e;
  12658: ffeee0;
  12659: fbf1e7;
  12660: fffdfe;
  12661: fdfcff;
  12662: fffeff;
  12663: fdfbfc;
  12664: fbfdfa;
  12665: fafcf7;
  12666: fdfbfc;
  12667: fffdff;
  12668: fdfeff;
  12669: f9fdfe;
  12670: fcfcfa;
  12671: fffefa;
  12672: fdfeff;
  12673: fdfdff;
  12674: fffbff;
  12675: fffbff;
  12676: fffbff;
  12677: fdfdfd;
  12678: fafefd;
  12679: fafffe;
  12680: f4fdfc;
  12681: fafeff;
  12682: faf9f7;
  12683: fff1f2;
  12684: ffc8cb;
  12685: ff7a7f;
  12686: d5161d;
  12687: e4191d;
  12688: c21416;
  12689: b12b2c;
  12690: e39291;
  12691: ffeeec;
  12692: fff5f3;
  12693: fcfefb;
  12694: faf8f9;
  12695: fcfbf9;
  12696: faf9f5;
  12697: f4f4f2;
  12698: fffeff;
  12699: f3ece6;
  12700: 382806;
  12701: 6c5a2c;
  12702: 2a1d00;
  12703: f0400;
  12704: beb2a6;
  12705: fbefef;
  12706: fffbfc;
  12707: fffefd;
  12708: fffffd;
  12709: fbfdf8;
  12710: f6f9f2;
  12711: fcfff8;
  12712: fbfcf6;
  12713: fffffd;
  12714: faf8f9;
  12715: b5b4b9;
  12716: c0d11;
  12717: f1316;
  12718: a1214;
  12719: a1312;
  12720: 101115;
  12721: 161419;
  12722: 10002;
  12723: f9f9f9;
  12724: f9fffa;
  12725: dae4db;
  12726: eef2f1;
  12727: d6e3da;
  12728: 12605;
  12729: 4e8754;
  12730: 5ba363;
  12731: 58aa60;
  12732: 499d4f;
  12733: 418e46;
  12734: 5b9562;
  12735: 225628;
  12736: e4410;
  12737: 4a8b4b;
  12738: 5eab5b;
  12739: 54a652;
  12740: 489748;
  12741: 5c9f5c;
  12742: 528051;
  12743: c290a;
  12744: cbd9ca;
  12745: eaefeb;
  12746: feffff;
  12747: eaeef1;
  12748: e9edf6;
  12749: 60d17;
  12750: 19222b;
  12751: c131b;
  12752: a0d14;
  12753: 20307;
  12754: 5090a;
  12755: 10504;
  12756: b5bab6;
  12757: fbfff9;
  12758: eaf0e6;
  12759: fcfffa;
  12760: fefffb;
  12761: f9f9f9;
  12762: fdfbff;
  12763: fef9ff;
  12764: fffcff;
  12765: f5eff1;
  12766: fffdfa;
  12767: fffef2;
  12768: 808068;
  12769: 302e17;
  12770: 3f372c;
  12771: f1e6e2;
  12772: fffbf8;
  12773: fef4f3;
  12774: fefcff;
  12775: f1f5f8;
  12776: f9feff;
  12777: f7f9f8;
  12778: fdf3f2;
  12779: ffeff1;
  12780: fb939a;
  12781: ac121a;
  12782: e82529;
  12783: d31515;
  12784: b02926;
  12785: ffddd5;
  12786: fcf0e2;
  12787: f0fff3;
  12788: f7fbfc;
  12789: fdfcff;
  12790: fcfafd;
  12791: fdfdfb;
  12792: fbfffa;
  12793: fafff9;
  12794: fefdfb;
  12795: fefcff;
  12796: fcfdff;
  12797: f9fdfe;
  12798: fcfcfa;
  12799: fdfef9;
  12800: fdfcff;
  12801: fcfdff;
  12802: fcfdff;
  12803: fcfdff;
  12804: fefcff;
  12805: fcfcfe;
  12806: f9fdfc;
  12807: f8fefc;
  12808: fbfffe;
  12809: feffff;
  12810: faf5fc;
  12811: fff5fc;
  12812: fff7f6;
  12813: ffe7e5;
  12814: c73c39;
  12815: d31d1a;
  12816: d51311;
  12817: c60e0c;
  12818: a91012;
  12819: ffa2a4;
  12820: ffe7e1;
  12821: fcf3ec;
  12822: f1eee9;
  12823: fdfcf7;
  12824: fefdf8;
  12825: f5f5f3;
  12826: fbfeff;
  12827: f9f9fb;
  12828: d2c9c0;
  12829: 1d1105;
  12830: 2b2219;
  12831: 918c89;
  12832: fffdff;
  12833: fefbff;
  12834: f5f4f9;
  12835: e9ebe8;
  12836: dee1da;
  12837: eef1ea;
  12838: ecede7;
  12839: fdfef9;
  12840: f4f2f3;
  12841: f1eff2;
  12842: fffeff;
  12843: fefdff;
  12844: 68696d;
  12845: 70c0f;
  12846: c1416;
  12847: d1215;
  12848: e0d15;
  12849: 110e17;
  12850: 211f24;
  12851: 808281;
  12852: dde4dc;
  12853: eaf1e9;
  12854: ecedf1;
  12855: 9eaba2;
  12856: f3e14;
  12857: 569b5a;
  12858: 4fa053;
  12859: 4da54f;
  12860: 419e45;
  12861: 3c8f3f;
  12862: 5f9a64;
  12863: 23208;
  12864: 3201;
  12865: 599b5d;
  12866: 4ba04b;
  12867: 51af4f;
  12868: 4ca94e;
  12869: 499b49;
  12870: 5d995b;
  12871: 2f542b;
  12872: 889383;
  12873: eae9e7;
  12874: ececec;
  12875: f5f8fd;
  12876: 838792;
  12877: a101e;
  12878: 40814;
  12879: c0e1b;
  12880: e0e1a;
  12881: 80611;
  12882: 105;
  12883: 727675;
  12884: e8ede7;
  12885: f7fef6;
  12886: fbfffa;
  12887: fbfdf8;
  12888: eeeeec;
  12889: fefcfd;
  12890: fffeff;
  12891: f8f4f5;
  12892: fffafe;
  12893: efedf0;
  12894: fbf9fe;
  12895: fafaf8;
  12896: f0f7e5;
  12897: cad3c0;
  12898: b0b2af;
  12899: fef9fd;
  12900: fff6f9;
  12901: fff9f9;
  12902: efedf0;
  12903: f8fefe;
  12904: eefbf4;
  12905: fdfef8;
  12906: fff1ec;
  12907: ffc1bf;
  12908: b01519;
  12909: d0090e;
  12910: df0c12;
  12911: b30707;
  12912: ffaea9;
  12913: fff6ee;
  12914: f1f1e9;
  12915: f7fdfb;
  12916: f9f4fa;
  12917: fdf6fd;
  12918: fcfcfc;
  12919: fcfffb;
  12920: fafff9;
  12921: fafff8;
  12922: fefcfd;
  12923: fffbff;
  12924: fdfcff;
  12925: fcfdff;
  12926: fcfefd;
  12927: fcfefb;
  12928: fefcff;
  12929: fdfcff;
  12930: f9fffd;
  12931: f9fffd;
  12932: fcfdff;
  12933: fcfdff;
  12934: fafeff;
  12935: fafefd;
  12936: fafcf9;
  12937: fbfbfb;
  12938: fbfaff;
  12939: f5f4fa;
  12940: fdfdfd;
  12941: ffeae6;
  12942: ffc2b8;
  12943: ab251c;
  12944: ca1913;
  12945: e11e1c;
  12946: d11315;
  12947: ae1011;
  12948: ffb6b4;
  12949: ffe3dc;
  12950: ffebe7;
  12951: fffaf6;
  12952: fff8f5;
  12953: fcfcfa;
  12954: f7fdfd;
  12955: e0e4e7;
  12956: fffafe;
  12957: 70676c;
  12958: d9d4da;
  12959: fffeff;
  12960: fcfeff;
  12961: eef2fb;
  12962: f6fafd;
  12963: f9fefa;
  12964: fdfff9;
  12965: f7f8f0;
  12966: fffffb;
  12967: fdfbfc;
  12968: f8f6fb;
  12969: f3f0f7;
  12970: f5f2f9;
  12971: f4f3f8;
  12972: d0d1d5;
  12973: 111619;
  12974: c1416;
  12975: d1216;
  12976: 13111c;
  12977: 14111c;
  12978: b0c11;
  12979: 101413;
  12980: f8fdf7;
  12981: eff4ee;
  12982: eaebf0;
  12983: 405147;
  12984: 396f3d;
  12985: 49954b;
  12986: 489a46;
  12987: 469c43;
  12988: 50aa50;
  12989: 4d9b4f;
  12990: 5f9564;
  12991: 1c00;
  12992: 2400;
  12993: 538e58;
  12994: 4c9d4e;
  12995: 4aa94b;
  12996: 4faf4e;
  12997: 49a248;
  12998: 4e964c;
  12999: 5a8857;
  13000: 202d1c;
  13001: e9e7e8;
  13002: f7f7f9;
  13003: efeff7;
  13004: d111d;
  13005: 161928;
  13006: 10e;
  13007: f0e1c;
  13008: b0819;
  13009: d0b19;
  13010: 8090e;
  13011: d4d5d7;
  13012: f0f5f1;
  13013: f2f7f3;
  13014: fcffff;
  13015: feffff;
  13016: ffffff;
  13017: fffeff;
  13018: fdfcfa;
  13019: fcfbf7;
  13020: fffffd;
  13021: ffffff;
  13022: f3f4f9;
  13023: f1f5f6;
  13024: f7fff6;
  13025: ecf8ec;
  13026: f8ffff;
  13027: f6f7fc;
  13028: fffbff;
  13029: fff4f6;
  13030: f7f7f7;
  13031: fbfffc;
  13032: fdfff7;
  13033: fff4ec;
  13034: ffebe6;
  13035: d15553;
  13036: ca1615;
  13037: dc1416;
  13038: cd1b1b;
  13039: c24241;
  13040: ffe5e1;
  13041: fffdf8;
  13042: f5f7f6;
  13043: fafbff;
  13044: fffdff;
  13045: fffdff;
  13046: fdfdfb;
  13047: f6f9f2;
  13048: fbfff9;
  13049: fcfff8;
  13050: fefcfd;
  13051: fefcff;
  13052: fefbff;
  13053: fdfcff;
  13054: fcfdff;
  13055: fcfefd;
  13056: fffaff;
  13057: fefcff;
  13058: fafefd;
  13059: f7fffd;
  13060: f9feff;
  13061: fafeff;
  13062: fffdff;
  13063: fffdfe;
  13064: fefff9;
  13065: f8fbf4;
  13066: f9fffd;
  13067: f6fbfe;
  13068: f8f7fc;
  13069: fffbfb;
  13070: ffe8dd;
  13071: ffe5d9;
  13072: b73a36;
  13073: d22828;
  13074: cd0708;
  13075: d10909;
  13076: cb1718;
  13077: ac1a1b;
  13078: bc5c5e;
  13079: ffe4e7;
  13080: fbe8ea;
  13081: fafcf9;
  13082: fbfffb;
  13083: f0f5f1;
  13084: fcf7fb;
  13085: fff8ff;
  13086: fffdfe;
  13087: f4f6f3;
  13088: f9fffb;
  13089: f3fcf7;
  13090: fbfffb;
  13091: f8fdf7;
  13092: fefffa;
  13093: f2f3ee;
  13094: fdfcfa;
  13095: f7f5f6;
  13096: fffeff;
  13097: fcfbff;
  13098: fdfcff;
  13099: f9faff;
  13100: fafdff;
  13101: 80c0f;
  13102: 101518;
  13103: c0f14;
  13104: 10101a;
  13105: c0c16;
  13106: d1216;
  13107: 10707;
  13108: 20403;
  13109: 676767;
  13110: f4f5fa;
  13111: f02;
  13112: 65a06a;
  13113: 4f9d51;
  13114: 4e9d4a;
  13115: 43923f;
  13116: 4f9e4f;
  13117: 519355;
  13118: 1a4420;
  13119: 223f29;
  13120: 8260e;
  13121: 7310d;
  13122: 4a8c4e;
  13123: 409343;
  13124: 4aa74c;
  13125: 45a247;
  13126: 419341;
  13127: 72ac72;
  13128: 1c341e;
  13129: d9dddc;
  13130: 5a575e;
  13131: 14111c;
  13132: f111e;
  13133: 111521;
  13134: 151521;
  13135: d0d19;
  13136: 131021;
  13137: 100f1d;
  13138: 80812;
  13139: b2b3b8;
  13140: f6f7fb;
  13141: f1f2f6;
  13142: f5f5fd;
  13143: fcfbff;
  13144: faf7fe;
  13145: fcfafd;
  13146: fffffb;
  13147: fcfdf5;
  13148: f6f7ef;
  13149: fbfdf8;
  13150: f9fafc;
  13151: f5f9fa;
  13152: fcfffd;
  13153: fafffc;
  13154: edf6f5;
  13155: fbffff;
  13156: f7f2f8;
  13157: fcf7fb;
  13158: f9f9f9;
  13159: fcf7f3;
  13160: ffe8e2;
  13161: eaa5a0;
  13162: bc2a2b;
  13163: c71012;
  13164: c6100c;
  13165: a40b03;
  13166: bb564e;
  13167: ffe5e1;
  13168: fff4f3;
  13169: fefcff;
  13170: fffcff;
  13171: f2f1f7;
  13172: fffeff;
  13173: fdfdff;
  13174: fffcfb;
  13175: fffffa;
  13176: fefdf8;
  13177: fefdf9;
  13178: fefcff;
  13179: fdfcff;
  13180: fcfdff;
  13181: fcfdff;
  13182: fdfdfd;
  13183: fdfdfb;
  13184: fffbff;
  13185: fffbff;
  13186: fcfefd;
  13187: f9fdfc;
  13188: f9fdff;
  13189: fcfdff;
  13190: fffdff;
  13191: fffdfe;
  13192: fffef9;
  13193: f9fcf3;
  13194: f7fff9;
  13195: fafffe;
  13196: f4f3f8;
  13197: fffeff;
  13198: f7f8f2;
  13199: fff1e9;
  13200: ffd1cd;
  13201: b53836;
  13202: c91919;
  13203: df1314;
  13204: df070a;
  13205: d41a1f;
  13206: 982427;
  13207: ffe4e7;
  13208: fff1f4;
  13209: f5f5f5;
  13210: f2f7f0;
  13211: fefffb;
  13212: f3f1f4;
  13213: fffbff;
  13214: f6f5f1;
  13215: fdfff7;
  13216: fbfff8;
  13217: f2fcf3;
  13218: f7fcf6;
  13219: fefffb;
  13220: f8f8f6;
  13221: fffefc;
  13222: f6f5f3;
  13223: fefefe;
  13224: fafafa;
  13225: edeef0;
  13226: eaebef;
  13227: fbfeff;
  13228: b4b7bc;
  13229: 111419;
  13230: b0c10;
  13231: 121317;
  13232: 10131c;
  13233: d111a;
  13234: 50d10;
  13235: 60b0e;
  13236: 212123;
  13237: 10204;
  13238: 8e9897;
  13239: f2f18;
  13240: 4c8e51;
  13241: 469947;
  13242: 4e9d4a;
  13243: 4c9949;
  13244: 5ca35d;
  13245: 4d8953;
  13246: 2909;
  13247: 36533f;
  13248: 223b26;
  13249: 1900;
  13250: 396f3d;
  13251: 549d56;
  13252: 3e983e;
  13253: 43a342;
  13254: 4fa750;
  13255: 539a56;
  13256: 2d5733;
  13257: 55665c;
  13258: 9080e;
  13259: 1f1b29;
  13260: 90d18;
  13261: 10810;
  13262: 2050e;
  13263: f0f19;
  13264: 20410;
  13265: 20410;
  13266: 14141c;
  13267: 20308;
  13268: bbbac0;
  13269: f7f6fe;
  13270: f0eef9;
  13271: fffcff;
  13272: f4f1fa;
  13273: ffffff;
  13274: fffffb;
  13275: fafdf4;
  13276: fefff8;
  13277: fefffa;
  13278: f7f9f8;
  13279: feffff;
  13280: edeef0;
  13281: fdfeff;
  13282: fcfefd;
  13283: f7f9f8;
  13284: fffdff;
  13285: fffeff;
  13286: f9f9f7;
  13287: fbf2ed;
  13288: fff2ed;
  13289: a44a49;
  13290: c50e13;
  13291: dc0b0e;
  13292: be150e;
  13293: e9746a;
  13294: ffefe4;
  13295: fff8f3;
  13296: fef8fa;
  13297: fdfcff;
  13298: faf7fe;
  13299: faf9ff;
  13300: fafeff;
  13301: fbfdfc;
  13302: fffdfa;
  13303: fffaf6;
  13304: fdfcf8;
  13305: fdfdfb;
  13306: fdfdff;
  13307: fdfcff;
  13308: fdfcff;
  13309: fdfcff;
  13310: fdfdfd;
  13311: fdfef9;
  13312: fffafe;
  13313: fffbfc;
  13314: fdfcfa;
  13315: fdfbfc;
  13316: fffafe;
  13317: fefcff;
  13318: fdfcff;
  13319: fcfdff;
  13320: fffffb;
  13321: fdfef8;
  13322: fcfff8;
  13323: fbfdf8;
  13324: fafafc;
  13325: fefcff;
  13326: fffcff;
  13327: fff5f7;
  13328: ffeeea;
  13329: ffcdc7;
  13330: ed716f;
  13331: bb1112;
  13332: df1115;
  13333: cd191c;
  13334: bb5c5a;
  13335: ffe8e6;
  13336: fff2f3;
  13337: fdf7f9;
  13338: fbfaf8;
  13339: fbfbf9;
  13340: fcfcfa;
  13341: fcfdf8;
  13342: fdfdf3;
  13343: fcfef3;
  13344: fcfff6;
  13345: fafff9;
  13346: fdfdfd;
  13347: fdfdff;
  13348: fffdff;
  13349: fefcfd;
  13350: fefdfb;
  13351: fcfdf8;
  13352: f9fbf6;
  13353: f4f9f3;
  13354: eaeeed;
  13355: d1d5d6;
  13356: 272a2f;
  13357: 14151a;
  13358: 16151a;
  13359: 141519;
  13360: 191e22;
  13361: a1215;
  13362: 508;
  13363: 70b0e;
  13364: 20307;
  13365: 906;
  13366: 61d0d;
  13367: 2f5d38;
  13368: 4e9a52;
  13369: 4fa750;
  13370: 4aa349;
  13371: 4c9e4c;
  13372: 579c5b;
  13373: 1b5523;
  13374: 1d00;
  13375: 436a4d;
  13376: 315031;
  13377: 10320f;
  13378: 2e00;
  13379: 589655;
  13380: 429b3f;
  13381: 3a9f39;
  13382: 44a241;
  13383: 4da04e;
  13384: 498c56;
  13385: 1900;
  13386: d1215;
  13387: 15121d;
  13388: d161b;
  13389: b1618;
  13390: b1218;
  13391: f141a;
  13392: 20a0c;
  13393: 111a19;
  13394: 30708;
  13395: f1012;
  13396: 242128;
  13397: faf7ff;
  13398: fbf8ff;
  13399: fffcff;
  13400: fefbff;
  13401: fdfcff;
  13402: fcfefb;
  13403: fcfff8;
  13404: fcfff8;
  13405: fcfef9;
  13406: fdfdfd;
  13407: fdfdff;
  13408: fcfdff;
  13409: fdfdff;
  13410: fffcfb;
  13411: fffcf9;
  13412: fffbf8;
  13413: fcfbf7;
  13414: f8fdf7;
  13415: fefbf6;
  13416: ffe9e8;
  13417: b96565;
  13418: be0b0f;
  13419: d91215;
  13420: aa1916;
  13421: ffd4cf;
  13422: ffefed;
  13423: f9f5f6;
  13424: faf9fe;
  13425: fafbff;
  13426: fcfdff;
  13427: fafeff;
  13428: f9fdfe;
  13429: f9fdfc;
  13430: fdfcf8;
  13431: fefdf9;
  13432: f9fffb;
  13433: f9fffd;
  13434: fcfdff;
  13435: fefbff;
  13436: fffbff;
  13437: fffbff;
  13438: fdfdfb;
  13439: fcfff8;
  13440: fcfcfa;
  13441: fcfcfa;
  13442: fdfcfa;
  13443: fffbfc;
  13444: fffafe;
  13445: fffbff;
  13446: fdfcff;
  13447: fcfdff;
  13448: fdfffc;
  13449: fdfef9;
  13450: fffefa;
  13451: fffefa;
  13452: fdfdfd;
  13453: fefeff;
  13454: fffbff;
  13455: fff8ff;
  13456: f2ede9;
  13457: fff0e9;
  13458: ffd0cd;
  13459: ad1315;
  13460: cd1017;
  13461: c22126;
  13462: ffccc8;
  13463: fff2eb;
  13464: fff5f4;
  13465: fef8fa;
  13466: fbfbfb;
  13467: fbfdfa;
  13468: fcfcfa;
  13469: fdfcf8;
  13470: fffcf5;
  13471: fdfdf5;
  13472: fefdf9;
  13473: fdfdfb;
  13474: fefcff;
  13475: fffbff;
  13476: fffcff;
  13477: fefcff;
  13478: fdfdfb;
  13479: fbfdf8;
  13480: f8fdf6;
  13481: fcfffb;
  13482: f2f8f6;
  13483: 30909;
  13484: 2c2d31;
  13485: 16171c;
  13486: 16131a;
  13487: d0e12;
  13488: 60e10;
  13489: 30b0d;
  13490: 181b20;
  13491: 16171b;
  13492: f1417;
  13493: 5160c;
  13494: 1f00;
  13495: 5a955f;
  13496: 48994a;
  13497: 4ba94b;
  13498: 3e9b40;
  13499: 4b9e4c;
  13500: 529456;
  13501: 2900;
  13502: 40754b;
  13503: 37673f;
  13504: 174016;
  13505: 6c9367;
  13506: 93406;
  13507: 478345;
  13508: 42963e;
  13509: 4bad46;
  13510: 4cac48;
  13511: 46a34a;
  13512: 51a460;
  13513: 104920;
  13514: 101f18;
  13515: d0e13;
  13516: b1717;
  13517: d1d1c;
  13518: d1719;
  13519: 81214;
  13520: 804;
  13521: 121d17;
  13522: 200;
  13523: c0d0f;
  13524: 1e1c21;
  13525: 827d84;
  13526: fff9ff;
  13527: fffbff;
  13528: fdfcff;
  13529: fcfdff;
  13530: fafffb;
  13531: fafff9;
  13532: fcfefb;
  13533: fdfdfb;
  13534: fefcff;
  13535: fefcff;
  13536: fdfdff;
  13537: fdfdfd;
  13538: fffbfb;
  13539: fffbf9;
  13540: fffbf7;
  13541: fdfcf7;
  13542: f8fdf7;
  13543: fbfcf6;
  13544: fffaf6;
  13545: ffdcdc;
  13546: c22425;
  13547: cb1718;
  13548: a11a14;
  13549: ffd7d0;
  13550: fff7f4;
  13551: fcfefd;
  13552: fbfcff;
  13553: fbfcff;
  13554: fbfcff;
  13555: fbfcfe;
  13556: f9fdfc;
  13557: fbfdfa;
  13558: fefdfb;
  13559: fdfdfb;
  13560: f9fffd;
  13561: f7ffff;
  13562: fafdff;
  13563: fdfcff;
  13564: fffaff;
  13565: fffbff;
  13566: fdfef9;
  13567: fafff8;
  13568: fbfef5;
  13569: f9fef7;
  13570: f9fefa;
  13571: fbfdfc;
  13572: fdfbfe;
  13573: fffbff;
  13574: fffbff;
  13575: fffbff;
  13576: fcfdff;
  13577: fdfeff;
  13578: fffcfd;
  13579: fffcfe;
  13580: fffdfe;
  13581: fefcfd;
  13582: fffafe;
  13583: fffafd;
  13584: f9efed;
  13585: ffe9e5;
  13586: ffabac;
  13587: b91a1f;
  13588: b91321;
  13589: ed6e79;
  13590: ffddda;
  13591: fffaf4;
  13592: fffaf7;
  13593: fbfbf9;
  13594: f6fffa;
  13595: f6fffa;
  13596: fcfcfa;
  13597: fffafc;
  13598: fff9fc;
  13599: fffafc;
  13600: fffbff;
  13601: fffbff;
  13602: fffbff;
  13603: fffbff;
  13604: fffcff;
  13605: fefcff;
  13606: fdfdfd;
  13607: fbfdfa;
  13608: fafefd;
  13609: e7edeb;
  13610: ebf1f1;
  13611: 80d10;
  13612: 30409;
  13613: d0e13;
  13614: 211e25;
  13615: d0e13;
  13616: 81214;
  13617: 407;
  13618: 1f1e26;
  13619: 4050a;
  13620: c0a;
  13621: 1000;
  13622: a3a10;
  13623: 61a663;
  13624: 449a43;
  13625: 4cab4d;
  13626: 41a044;
  13627: 53a656;
  13628: 2d6a2e;
  13629: b410d;
  13630: 508c58;
  13631: 36723e;
  13632: f440e;
  13633: 74a671;
  13634: 3b6f3e;
  13635: 64206;
  13636: 58a553;
  13637: 4da747;
  13638: 47a743;
  13639: 42a344;
  13640: 3e994a;
  13641: 337641;
  13642: 1301;
  13643: d1311;
  13644: 5120b;
  13645: d1c17;
  13646: e1819;
  13647: 40e0f;
  13648: 904;
  13649: 500;
  13650: b110f;
  13651: 212322;
  13652: 30002;
  13653: f6f0f4;
  13654: fffbff;
  13655: fffbff;
  13656: fdfdfd;
  13657: fcfefd;
  13658: fafffb;
  13659: fafffb;
  13660: fcfefd;
  13661: fefcff;
  13662: fffbff;
  13663: fffbff;
  13664: fdfdfd;
  13665: fcfefd;
  13666: fdfdff;
  13667: fefcfd;
  13668: fffbfa;
  13669: fdfcfa;
  13670: f8fdf7;
  13671: fafdf6;
  13672: fffdf6;
  13673: ffebe4;
  13674: ef7572;
  13675: c12924;
  13676: b22619;
  13677: ffc3b3;
  13678: ffede0;
  13679: fbfef3;
  13680: fbfffc;
  13681: fafefd;
  13682: fffbfc;
  13683: fffbfa;
  13684: fdfcfa;
  13685: fdfdfb;
  13686: fdfdfb;
  13687: fefefc;
  13688: fcfdff;
  13689: fafeff;
  13690: f6ffff;
  13691: f9feff;
  13692: fffaff;
  13693: fffbfd;
  13694: fdfef9;
  13695: f9fff8;
  13696: f9fff5;
  13697: f9fef7;
  13698: f8fefa;
  13699: f8fefc;
  13700: fcfcfe;
  13701: fffcfd;
  13702: fffbfd;
  13703: fefcff;
  13704: fcfdff;
  13705: fdfeff;
  13706: fffbff;
  13707: fffafe;
  13708: fefefc;
  13709: fafaf8;
  13710: f9f7f8;
  13711: fffafb;
  13712: fffafa;
  13713: ffd7d5;
  13714: c03634;
  13715: c11d1e;
  13716: b62532;
  13717: ffced9;
  13718: fff6f6;
  13719: f9fbf6;
  13720: fdfcfa;
  13721: fdfdfb;
  13722: f7fffb;
  13723: f6fffc;
  13724: fcfcfe;
  13725: fffafe;
  13726: fffafe;
  13727: fffafe;
  13728: fffaff;
  13729: fffaff;
  13730: fffbff;
  13731: fffbff;
  13732: fffcff;
  13733: fefcfd;
  13734: fdfdff;
  13735: fbfcfe;
  13736: f9fdff;
  13737: fcffff;
  13738: f0f4f7;
  13739: fbfeff;
  13740: a5a6ab;
  13741: e0f14;
  13742: 1e1d25;
  13743: 13131b;
  13744: 61012;
  13745: c1319;
  13746: 181520;
  13747: 14141c;
  13748: b1e18;
  13749: 270c;
  13750: 4b8650;
  13751: 4c984d;
  13752: 4ba44a;
  13753: 46a446;
  13754: 459f48;
  13755: 4fa054;
  13756: 3100;
  13757: 649b62;
  13758: 57975b;
  13759: 3e8042;
  13760: 175516;
  13761: 508c50;
  13762: 5d9862;
  13763: 3600;
  13764: 488e45;
  13765: 5aaa55;
  13766: 3d9b3d;
  13767: 43a447;
  13768: 47a350;
  13769: 58a060;
  13770: 193c1c;
  13771: 1002;
  13772: 5170b;
  13773: 8150e;
  13774: 20a0c;
  13775: 608;
  13776: 14201e;
  13777: 703;
  13778: 161c1a;
  13779: aaacab;
  13780: f7f5f6;
  13781: f5f1f2;
  13782: fffafc;
  13783: fffcfb;
  13784: fdfdfb;
  13785: fcfefb;
  13786: fafffb;
  13787: fafffb;
  13788: fcfefd;
  13789: fefcff;
  13790: fffbff;
  13791: fffbff;
  13792: fefcfd;
  13793: fcfefd;
  13794: fcfdff;
  13795: fdfdff;
  13796: fdfbfe;
  13797: fcfcfc;
  13798: f9fefa;
  13799: fafdf4;
  13800: fffdf1;
  13801: fff4eb;
  13802: ffccca;
  13803: 9e1815;
  13804: b42014;
  13805: ea7564;
  13806: ffe6da;
  13807: fffef5;
  13808: fefffd;
  13809: fefefe;
  13810: fffafa;
  13811: fff9fa;
  13812: fffbf8;
  13813: fefdf9;
  13814: fefefc;
  13815: fefefe;
  13816: fefcff;
  13817: fdfcff;
  13818: f7ffff;
  13819: fafeff;
  13820: fffbff;
  13821: fffbfd;
  13822: fafff9;
  13823: f6fff8;
  13824: fbfef7;
  13825: f9fef8;
  13826: f8fefc;
  13827: f9fdfe;
  13828: fdfbfc;
  13829: fffcfd;
  13830: fdfdfd;
  13831: fafefd;
  13832: fcfdff;
  13833: feffff;
  13834: fbfcff;
  13835: fbfcfe;
  13836: fcfefb;
  13837: f9fbf8;
  13838: f7f9f6;
  13839: fffcf9;
  13840: fff3f2;
  13841: ffb9b5;
  13842: a80a01;
  13843: bf110a;
  13844: b03538;
  13845: ffd9dd;
  13846: fff6f4;
  13847: f7f7f5;
  13848: fffcfd;
  13849: fffcfd;
  13850: fefcfd;
  13851: fdfdfd;
  13852: f9fcff;
  13853: f9fcff;
  13854: fbfcfe;
  13855: fcfcfc;
  13856: fffcfd;
  13857: fffcfd;
  13858: fffcfb;
  13859: fefdfb;
  13860: fffefc;
  13861: fdfdfd;
  13862: fdfdff;
  13863: fcfbff;
  13864: f8f9fe;
  13865: f1f1f9;
  13866: fefeff;
  13867: f2f3f8;
  13868: feffff;
  13869: 3b3c41;
  13870: e0f14;
  13871: 171a1f;
  13872: 609;
  13873: 1d2228;
  13874: 110d1b;
  13875: 13181e;
  13876: 42011;
  13877: 2400;
  13878: 54995a;
  13879: 489a48;
  13880: 50ab4e;
  13881: 47a147;
  13882: 4c9f51;
  13883: 327b36;
  13884: 64206;
  13885: 69a368;
  13886: 589657;
  13887: 3f803e;
  13888: 155614;
  13889: 4d8f4f;
  13890: 4a9054;
  13891: 296d30;
  13892: 175315;
  13893: 60a35c;
  13894: 439b47;
  13895: 409e46;
  13896: 54ac56;
  13897: 569f56;
  13898: 3d6f3e;
  13899: 103112;
  13900: 9200e;
  13901: 30e06;
  13902: 515254;
  13903: d0e13;
  13904: 80d11;
  13905: 70f12;
  13906: 3b3f40;
  13907: f7f9f8;
  13908: f6f4f5;
  13909: fcfbf9;
  13910: fffefd;
  13911: fdfcf8;
  13912: fdfef9;
  13913: fcfef9;
  13914: fcfef9;
  13915: fcfefb;
  13916: fdfdfb;
  13917: fefcfd;
  13918: fffcfd;
  13919: fffcfd;
  13920: fefdfb;
  13921: fdfdfb;
  13922: fcfefd;
  13923: fcfefd;
  13924: fdfcff;
  13925: fcfcfe;
  13926: f9fefa;
  13927: f9fff5;
  13928: fbfff1;
  13929: fff5eb;
  13930: ffd6dc;
  13931: 97181f;
  13932: c01e19;
  13933: c73e36;
  13934: ffdbdd;
  13935: fff3f8;
  13936: fffcff;
  13937: fffdfe;
  13938: fffafa;
  13939: fffafa;
  13940: fffbf8;
  13941: fffcf9;
  13942: fefefc;
  13943: fdfffe;
  13944: fffbff;
  13945: fffbff;
  13946: fefcff;
  13947: fffbff;
  13948: fff9ff;
  13949: fffbfd;
  13950: f7fffb;
  13951: f2fff9;
  13952: fdfbfc;
  13953: fcfcfc;
  13954: f8fefe;
  13955: f9fdfe;
  13956: fefcfd;
  13957: fefcfd;
  13958: fcfefb;
  13959: fafefd;
  13960: fefdff;
  13961: fefdff;
  13962: fcfdff;
  13963: fafefd;
  13964: fcfefb;
  13965: f9fefa;
  13966: f8fcfb;
  13967: fffaf9;
  13968: fff3f3;
  13969: e18381;
  13970: c3100b;
  13971: d11a14;
  13972: a23935;
  13973: ffeae6;
  13974: fbf0ec;
  13975: f9fefa;
  13976: fcfcfe;
  13977: fffbff;
  13978: fffafb;
  13979: fffcfd;
  13980: fafdff;
  13981: f8fdff;
  13982: f9fdfc;
  13983: fcfefb;
  13984: fefdfb;
  13985: fefdfb;
  13986: fefdfb;
  13987: fdfdfb;
  13988: fefefc;
  13989: fdfdfd;
  13990: fdfdff;
  13991: fcfcfe;
  13992: fefdff;
  13993: f3f2f8;
  13994: fdfaff;
  13995: fffeff;
  13996: ecedf1;
  13997: f4f5f9;
  13998: 407;
  13999: c1013;
  14000: 90d10;
  14001: 82858a;
  14002: e0c17;
  14003: c1617;
  14004: 3250c;
  14005: 174f1e;
  14006: 539f57;
  14007: 4ca44d;
  14008: 49a747;
  14009: 3e983e;
  14010: 4a964c;
  14011: 1d6221;
  14012: 286a2a;
  14013: 5c9d5b;
  14014: 589b56;
  14015: 41843d;
  14016: 14400;
  14017: 61a862;
  14018: 428f49;
  14019: 4e9654;
  14020: 2400;
  14021: 609c5e;
  14022: 4c9e52;
  14023: 3d9946;
  14024: 51a952;
  14025: 449644;
  14026: 579856;
  14027: 295a2b;
  14028: 102e16;
  14029: a170e;
  14030: fafafc;
  14031: aaa5ac;
  14032: a0a12;
  14033: 3060d;
  14034: d6d7d9;
  14035: f8f8f8;
  14036: fcfcfa;
  14037: fefffa;
  14038: fcfbf9;
  14039: fcfcfa;
  14040: fdfdfb;
  14041: fdfdfb;
  14042: fdfdfb;
  14043: fdfdfb;
  14044: fdfdfb;
  14045: fdfdfb;
  14046: fefcfd;
  14047: fefcfd;
  14048: fefcfd;
  14049: fefcfd;
  14050: fdfdfb;
  14051: fdfdfb;
  14052: fdfdff;
  14053: fbfcfe;
  14054: f9fdfc;
  14055: f9fef8;
  14056: f0f3ea;
  14057: fff2ec;
  14058: ffe5ea;
  14059: a02d34;
  14060: c31715;
  14061: ad0e0b;
  14062: ffd8dd;
  14063: ffeef7;
  14064: fff9fd;
  14065: fffcfd;
  14066: fffbfc;
  14067: fffbfa;
  14068: fffbfa;
  14069: fefdfb;
  14070: fcfefb;
  14071: fcfefd;
  14072: fefcfd;
  14073: fffcfd;
  14074: fffbff;
  14075: fffbfd;
  14076: fffafd;
  14077: fffcfd;
  14078: f9fffd;
  14079: f5fffd;
  14080: fff8ff;
  14081: fffaff;
  14082: fafeff;
  14083: f9ffff;
  14084: fafefd;
  14085: fdfdfb;
  14086: fefcfd;
  14087: fefcfd;
  14088: fefcff;
  14089: fdfdfd;
  14090: fffefc;
  14091: fffefa;
  14092: fcfdf8;
  14093: fcfefb;
  14094: fcfdff;
  14095: fff4f6;
  14096: ffdfdf;
  14097: a72f30;
  14098: d3080c;
  14099: d41316;
  14100: ffb1a9;
  14101: fff6eb;
  14102: f5f6f0;
  14103: f4fffc;
  14104: f5fefb;
  14105: fcfcfa;
  14106: fffafb;
  14107: fffafb;
  14108: fdfdff;
  14109: fcfefd;
  14110: fdfdfb;
  14111: fdfef9;
  14112: fdfef9;
  14113: fdfdfb;
  14114: fdfdfd;
  14115: fcfefd;
  14116: fdfffe;
  14117: fcfefd;
  14118: fdfdfb;
  14119: fcfcfa;
  14120: faf9f5;
  14121: fffffd;
  14122: fffbfa;
  14123: fbf9fa;
  14124: fefefe;
  14125: e7ebec;
  14126: faffff;
  14127: 70b0a;
  14128: f3f3f1;
  14129: eeeeee;
  14130: f6f9fe;
  14131: d06;
  14132: 416944;
  14133: 6fad6e;
  14134: 53a553;
  14135: 3b993b;
  14136: 4eb34d;
  14137: 4caa4c;
  14138: 4f9650;
  14139: 3e00;
  14140: 4b9852;
  14141: 53a458;
  14142: 57a057;
  14143: 387e35;
  14144: b4f04;
  14145: 4f9849;
  14146: 4c9f4d;
  14147: 519f53;
  14148: 215d21;
  14149: 235e24;
  14150: 4f9c56;
  14151: 51aa58;
  14152: 4aa74c;
  14153: 439d43;
  14154: 58a756;
  14155: 5c9c60;
  14156: 2406;
  14157: cee2d9;
  14158: f8f6fb;
  14159: fff7ff;
  14160: 4d4751;
  14161: efeef4;
  14162: ffffff;
  14163: fefffa;
  14164: fbfcf6;
  14165: fafcf7;
  14166: fffffd;
  14167: fdfdff;
  14168: fdfdff;
  14169: fefcff;
  14170: fefcfd;
  14171: fdfdfb;
  14172: fdfdfb;
  14173: fdfdfb;
  14174: fdfdfd;
  14175: fdfdff;
  14176: fefcff;
  14177: fefcff;
  14178: fefdf9;
  14179: fdfef9;
  14180: fdfdfb;
  14181: fcfdff;
  14182: f9fcff;
  14183: fbfcff;
  14184: fffdff;
  14185: fff4f4;
  14186: ffebec;
  14187: d67473;
  14188: cb1311;
  14189: c81211;
  14190: dc7e7e;
  14191: ffeded;
  14192: fff9f9;
  14193: f8fefe;
  14194: fdfbfc;
  14195: fdfcfa;
  14196: fbfdfa;
  14197: f9fefa;
  14198: fbfdfa;
  14199: fdfdfb;
  14200: fcfcfa;
  14201: fdfdfb;
  14202: fdfdfd;
  14203: fdfdfd;
  14204: fefcfd;
  14205: fefcfd;
  14206: fefcff;
  14207: fefcff;
  14208: fff8ff;
  14209: fffaff;
  14210: fcfdff;
  14211: f9fffd;
  14212: fafefd;
  14213: fcfefb;
  14214: fffcfd;
  14215: fffcfd;
  14216: fefcfd;
  14217: fdfcfa;
  14218: fffdfa;
  14219: fffdfa;
  14220: fbfbf9;
  14221: fcfcfc;
  14222: fbfcff;
  14223: ffedf0;
  14224: ffd4d3;
  14225: a71918;
  14226: e00f15;
  14227: cf151a;
  14228: ffd7d0;
  14229: fffcf1;
  14230: f7fdf9;
  14231: f2fefc;
  14232: f7fdfb;
  14233: fafcf9;
  14234: fffbfb;
  14235: fffbfb;
  14236: fefdfb;
  14237: fdfdfb;
  14238: fefdfb;
  14239: fefdfb;
  14240: fdfdfb;
  14241: fdfdfb;
  14242: fcfefd;
  14243: fcfdff;
  14244: fdfeff;
  14245: fcfefd;
  14246: fdfdfb;
  14247: fcfdf8;
  14248: fdfcf7;
  14249: fdfcf7;
  14250: fffbf8;
  14251: fffefc;
  14252: fafafa;
  14253: f7f9f8;
  14254: fbfffe;
  14255: b0b5b1;
  14256: f0efed;
  14257: fefffa;
  14258: f7fffc;
  14259: 1b04;
  14260: 73a872;
  14261: 529a4e;
  14262: 52ab51;
  14263: 3f9f3e;
  14264: 42a344;
  14265: 51a651;
  14266: 367737;
  14267: 1e5e21;
  14268: 489c4e;
  14269: 469f4b;
  14270: 56a355;
  14271: 398034;
  14272: 44b00;
  14273: 549e4f;
  14274: 4aa24b;
  14275: 4da24f;
  14276: 4a8c4c;
  14277: 3400;
  14278: 5da565;
  14279: 52a458;
  14280: 4da74f;
  14281: 46a446;
  14282: 49a248;
  14283: 5da65f;
  14284: 285d33;
  14285: 476450;
  14286: f5faf6;
  14287: fff9fd;
  14288: e1dce2;
  14289: fefcff;
  14290: ededed;
  14291: fffffb;
  14292: fefffa;
  14293: fdfffa;
  14294: fafcfb;
  14295: fdfdff;
  14296: fdfcff;
  14297: fefcff;
  14298: fefcff;
  14299: fefcfd;
  14300: fdfdfb;
  14301: fdfdfd;
  14302: fcfefd;
  14303: fdfdff;
  14304: fefcff;
  14305: fefcff;
  14306: fefdfb;
  14307: fdfef9;
  14308: fefdf9;
  14309: fdfdfd;
  14310: fbfcff;
  14311: fcfbff;
  14312: fffaff;
  14313: fffafe;
  14314: ffefeb;
  14315: f6a69f;
  14316: cd1412;
  14317: cd0a08;
  14318: c85655;
  14319: ffe4e1;
  14320: fff7f6;
  14321: f5fefd;
  14322: fcfcfc;
  14323: fcfcfc;
  14324: f9fefa;
  14325: f8fefa;
  14326: fbfdfa;
  14327: fdfdfb;
  14328: fbfdfa;
  14329: fbfdfa;
  14330: fcfefb;
  14331: fcfefb;
  14332: fcfefd;
  14333: fdfdfd;
  14334: fffbff;
  14335: fffbff;
  14336: fffbff;
  14337: fefcff;
  14338: fdfdff;
  14339: fcfefd;
  14340: fcfefd;
  14341: fdfdfd;
  14342: fefcfd;
  14343: fefcfd;
  14344: fdfdfd;
  14345: fefefe;
  14346: fdfcfa;
  14347: fcfcfa;
  14348: ffffff;
  14349: fafbfd;
  14350: f7f8fa;
  14351: fff0f1;
  14352: ffb3b3;
  14353: b41917;
  14354: d60e10;
  14355: c41e1e;
  14356: ffeae3;
  14357: eef5ee;
  14358: f8fcff;
  14359: fafbff;
  14360: fefcff;
  14361: fefcfd;
  14362: fefdfb;
  14363: fdfdfb;
  14364: fdfdfb;
  14365: fcfefb;
  14366: fdfdfd;
  14367: fdfdfd;
  14368: fdfdfd;
  14369: fdfdfd;
  14370: fdfdfd;
  14371: fdfdfd;
  14372: fefefe;
  14373: fefefe;
  14374: fdfdfd;
  14375: fcfcfa;
  14376: fefefc;
  14377: fafaf8;
  14378: fcfbf9;
  14379: ffffff;
  14380: fdfdfd;
  14381: f6f6f6;
  14382: fbfdfc;
  14383: eaeceb;
  14384: ffffff;
  14385: f6fdf6;
  14386: 162c17;
  14387: 467144;
  14388: 539b51;
  14389: 4fa84c;
  14390: 4eae4a;
  14391: 43a342;
  14392: 56a95b;
  14393: 5fa465;
  14394: 2500;
  14395: 65a165;
  14396: 429a46;
  14397: 43a246;
  14398: 529f4d;
  14399: 3c8337;
  14400: 74d07;
  14401: 509c52;
  14402: 4ca44e;
  14403: 49a34c;
  14404: 499950;
  14405: f5517;
  14406: 38793f;
  14407: 579c5d;
  14408: 4ea350;
  14409: 58b258;
  14410: 52ab51;
  14411: 54a556;
  14412: 6aac6f;
  14413: b3811;
  14414: 8b9e8a;
  14415: fbfff9;
  14416: f5f5f5;
  14417: fdfdff;
  14418: fefefe;
  14419: f5f5f3;
  14420: fffffd;
  14421: f3f3f1;
  14422: fcfcfc;
  14423: fefefe;
  14424: fdfdff;
  14425: fdfdff;
  14426: fcfcfc;
  14427: fcfcfc;
  14428: fcfcfc;
  14429: fcfcfc;
  14430: fdfdfd;
  14431: fdfdfd;
  14432: fefcfd;
  14433: fefcfd;
  14434: fdfdfd;
  14435: fdfdfd;
  14436: fefdf9;
  14437: fefdf9;
  14438: fdfdfb;
  14439: fdfcff;
  14440: fcfaff;
  14441: fffdff;
  14442: fef7f1;
  14443: ffdfd6;
  14444: c4110d;
  14445: d60c0a;
  14446: 9a1614;
  14447: ffdfdd;
  14448: fff0ef;
  14449: f9fbfa;
  14450: fefefc;
  14451: fdfdfb;
  14452: fafcfb;
  14453: fbfdfc;
  14454: fdfdfd;
  14455: fcfcfc;
  14456: fcfcfc;
  14457: fcfcfc;
  14458: fdfdfd;
  14459: fdfdfd;
  14460: fdfdfb;
  14461: fdfdfb;
  14462: fefcfd;
  14463: fefcfd;
  14464: fdfdfd;
  14465: fdfdfd;
  14466: fdfdfd;
  14467: fdfdfd;
  14468: fdfdfd;
  14469: fdfdfd;
  14470: fdfdfd;
  14471: fdfdfd;
  14472: fdfdfd;
  14473: fefefe;
  14474: fdfdfd;
  14475: fcfcfc;
  14476: fdfeff;
  14477: fafbfd;
  14478: f7f8fa;
  14479: ffeff0;
  14480: ff9595;
  14481: bd1717;
  14482: d01311;
  14483: d03c38;
  14484: ffeee8;
  14485: e5f1ef;
  14486: fdfeff;
  14487: fefbff;
  14488: fefcff;
  14489: fefcfd;
  14490: fefcfd;
  14491: fdfdfb;
  14492: fcfefb;
  14493: fcfefb;
  14494: fdfdfd;
  14495: fdfdff;
  14496: fdfdfd;
  14497: fdfdfd;
  14498: fdfdfd;
  14499: fdfdfd;
  14500: fefefe;
  14501: fefefe;
  14502: fdfdfd;
  14503: fcfcfc;
  14504: fafafa;
  14505: fefefe;
  14506: fcfcfc;
  14507: fbfbfb;
  14508: f9f9f9;
  14509: ffffff;
  14510: f7f7f7;
  14511: feffff;
  14512: e8eced;
  14513: e0f0e5;
  14514: 1a00;
  14515: 5e985d;
  14516: 5eb05c;
  14517: 50b04e;
  14518: 43a842;
  14519: 429f44;
  14520: 6bb270;
  14521: 37723c;
  14522: 164b17;
  14523: 62a363;
  14524: 409d44;
  14525: 4bac4b;
  14526: 55a752;
  14527: 398135;
  14528: 74c09;
  14529: 4e9a52;
  14530: 4da54f;
  14531: 4aa74e;
  14532: 4fa657;
  14533: 3a8540;
  14534: 3600;
  14535: 4c894e;
  14536: 55a357;
  14537: 4ca64c;
  14538: 54b252;
  14539: 53ac52;
  14540: 63af65;
  14541: 3c773f;
  14542: 1f00;
  14543: 9eb19e;
  14544: f8fff8;
  14545: ffffff;
  14546: f7f7f7;
  14547: efefef;
  14548: fefefe;
  14549: fbfbfb;
  14550: ffffff;
  14551: fbfbfb;
  14552: fdfdfd;
  14553: fdfdfd;
  14554: fcfcfc;
  14555: fcfcfc;
  14556: fcfcfc;
  14557: fcfcfc;
  14558: fdfdfd;
  14559: fdfdfd;
  14560: fefdfb;
  14561: fefcfd;
  14562: fdfdff;
  14563: fdfdff;
  14564: fefdfb;
  14565: fefdf9;
  14566: fefdf9;
  14567: fdfdfd;
  14568: fbf9ff;
  14569: fbfbff;
  14570: fdfef9;
  14571: ffe5dc;
  14572: c0130f;
  14573: d50b09;
  14574: a41614;
  14575: ffd7d5;
  14576: ffeeeb;
  14577: fbfbf9;
  14578: fdfdfb;
  14579: fdfdfb;
  14580: fbfbfb;
  14581: fcfcfc;
  14582: fdfdfd;
  14583: fcfcfc;
  14584: fcfcfc;
  14585: fcfcfc;
  14586: fdfdfd;
  14587: fdfdfd;
  14588: fdfdfb;
  14589: fdfdfb;
  14590: fdfdfb;
  14591: fdfdfb;
  14592: fdfdfd;
  14593: fdfdfd;
  14594: fdfdfd;
  14595: fdfdfd;
  14596: fdfdfd;
  14597: fdfdfd;
  14598: fdfdfd;
  14599: fdfdfd;
  14600: fcfcfc;
  14601: fefefe;
  14602: fcfcfc;
  14603: fcfcfc;
  14604: fdfdfd;
  14605: fcfcfc;
  14606: fbfbfb;
  14607: fff0f1;
  14608: f7797a;
  14609: c21818;
  14610: cb1917;
  14611: ea6560;
  14612: ffeae5;
  14613: f0f6f4;
  14614: faf9fe;
  14615: f9f8fd;
  14616: fcfdff;
  14617: fdfdfd;
  14618: fffcfd;
  14619: fffcfb;
  14620: fcfefb;
  14621: fcfefd;
  14622: fdfdfd;
  14623: fdfdfd;
  14624: fdfdfd;
  14625: fdfdfd;
  14626: fcfcfc;
  14627: fdfdfd;
  14628: fefefe;
  14629: fefefe;
  14630: fdfdfd;
  14631: fcfcfc;
  14632: fcfcfc;
  14633: fdfdfd;
  14634: fcfcfc;
  14635: fafafa;
  14636: ffffff;
  14637: fdfdfd;
  14638: ffffff;
  14639: f7f9f8;
  14640: dbe4e3;
  14641: 536b5b;
  14642: 2e5f32;
  14643: 549956;
  14644: 56a853;
  14645: 44a242;
  14646: 3a9e3e;
  14647: 4ea753;
  14648: 4a8a4d;
  14649: 53e07;
  14650: 3e8043;
  14651: 50a057;
  14652: 49aa4d;
  14653: 45a947;
  14654: 48a049;
  14655: 338233;
  14656: 84e06;
  14657: 569e54;
  14658: 4ba04b;
  14659: 45a247;
  14660: 51a952;
  14661: 58a758;
  14662: 2900;
  14663: 245f25;
  14664: 539f54;
  14665: 3e983e;
  14666: 4eb44e;
  14667: 4eb450;
  14668: 4ca14e;
  14669: 63a867;
  14670: 3000;
  14671: 22306;
  14672: f2fef4;
  14673: f7f7f7;
  14674: ffffff;
  14675: fbfbfb;
  14676: f1f1f1;
  14677: ffffff;
  14678: fcfcfc;
  14679: ffffff;
  14680: fdfdfd;
  14681: fdfdfd;
  14682: fcfcfc;
  14683: fcfcfc;
  14684: fcfcfc;
  14685: fcfcfc;
  14686: fdfdfd;
  14687: fdfdfd;
  14688: fefdfb;
  14689: fefcfd;
  14690: fdfdff;
  14691: fdfdff;
  14692: fdfdfb;
  14693: fefdf9;
  14694: fefdf9;
  14695: fdfdfd;
  14696: fcfbff;
  14697: fefdff;
  14698: fafcf7;
  14699: ffe9e1;
  14700: b20d09;
  14701: d10e0c;
  14702: ac1818;
  14703: ffd7d6;
  14704: ffeeec;
  14705: fbfbf9;
  14706: fdfdfb;
  14707: fdfdfb;
  14708: fcfcfa;
  14709: fcfcfa;
  14710: fdfdfd;
  14711: fcfcfc;
  14712: fcfcfc;
  14713: fdfdfd;
  14714: fdfdfd;
  14715: fdfdfd;
  14716: fdfdfd;
  14717: fdfdfd;
  14718: fdfdfb;
  14719: fdfdfb;
  14720: fdfdfd;
  14721: fdfdfd;
  14722: fdfdfd;
  14723: fdfdfd;
  14724: fdfdfd;
  14725: fdfdfd;
  14726: fdfdfd;
  14727: fdfdfd;
  14728: fbfbfb;
  14729: fcfcfc;
  14730: fcfcfc;
  14731: fcfcfc;
  14732: fdfdfd;
  14733: fdfdfd;
  14734: fdfdfd;
  14735: fff0f0;
  14736: ae2626;
  14737: c31313;
  14738: c21d1b;
  14739: ffb2ae;
  14740: ffefec;
  14741: fafaf8;
  14742: fffeff;
  14743: ffffff;
  14744: fafeff;
  14745: fafeff;
  14746: fffcfd;
  14747: fffbfb;
  14748: fdfdfd;
  14749: fbfdfc;
  14750: fbfdfc;
  14751: fcfcfc;
  14752: fdfdfd;
  14753: fcfcfc;
  14754: fcfcfc;
  14755: fdfdfd;
  14756: fefefe;
  14757: fefefe;
  14758: fdfdfd;
  14759: fcfcfc;
  14760: fbfbfb;
  14761: ffffff;
  14762: fafafa;
  14763: ffffff;
  14764: f8f8f8;
  14765: fcfcfc;
  14766: f9f9f9;
  14767: ebf1ef;
  14768: 91a12;
  14769: 3270d;
  14770: 54935a;
  14771: 52a356;
  14772: 4ca04a;
  14773: 449d43;
  14774: 46a24d;
  14775: 4b9f52;
  14776: 3800;
  14777: 3200;
  14778: 5da863;
  14779: 419849;
  14780: 4cad50;
  14781: 44a548;
  14782: 57ae5d;
  14783: 3d893f;
  14784: 3f00;
  14785: 5da158;
  14786: 3d913c;
  14787: 45a247;
  14788: 53ac50;
  14789: 499b47;
  14790: 2e6f2d;
  14791: 33f01;
  14792: 428842;
  14793: 4ca04b;
  14794: 41aa43;
  14795: 48b349;
  14796: 4fa951;
  14797: 56a258;
  14798: 4f8e57;
  14799: 4a7652;
  14800: 2e3b31;
  14801: fcfcfc;
  14802: ffffff;
  14803: fdfdfd;
  14804: fcfcfc;
  14805: fbfbfb;
  14806: ffffff;
  14807: fcfcfc;
  14808: fdfdfd;
  14809: fdfdfd;
  14810: fcfcfc;
  14811: fcfcfc;
  14812: fcfcfc;
  14813: fcfcfc;
  14814: fdfdfd;
  14815: fdfdfd;
  14816: fefdfb;
  14817: fefdfb;
  14818: fdfdff;
  14819: fdfdff;
  14820: fdfdfd;
  14821: fdfdfb;
  14822: fefdfb;
  14823: fefcfd;
  14824: fdfcff;
  14825: f7f6fb;
  14826: fafcf9;
  14827: ffe1dc;
  14828: c72d2b;
  14829: d31515;
  14830: b81e1e;
  14831: ffbcbd;
  14832: ffefed;
  14833: fbfbf9;
  14834: fdfdfb;
  14835: fcfcfa;
  14836: fcfcfa;
  14837: fdfdfb;
  14838: fdfdfd;
  14839: fdfdfd;
  14840: fdfdfd;
  14841: fdfdfd;
  14842: fdfdfd;
  14843: fdfdfd;
  14844: fdfdfd;
  14845: fdfdfd;
  14846: fdfdfb;
  14847: fdfdfb;
  14848: fcfcfc;
  14849: fcfcfc;
  14850: fcfcfc;
  14851: fcfcfc;
  14852: fcfcfc;
  14853: fcfcfc;
  14854: fcfcfc;
  14855: fcfcfc;
  14856: fbfbf9;
  14857: fbfbf9;
  14858: fcfcfa;
  14859: fcfcfa;
  14860: fdfcfa;
  14861: fefdfb;
  14862: fefdfb;
  14863: ffedec;
  14864: b62222;
  14865: c50d0d;
  14866: ba2020;
  14867: ffbdba;
  14868: fff3f1;
  14869: fdfcfa;
  14870: fffeff;
  14871: fafafc;
  14872: f9ffff;
  14873: f9ffff;
  14874: fffcfd;
  14875: fffbfb;
  14876: fdfbfc;
  14877: fbfdfc;
  14878: fbfdfc;
  14879: fbfdfa;
  14880: fdfdfd;
  14881: fcfcfc;
  14882: fcfcfc;
  14883: fdfdfd;
  14884: fefefe;
  14885: fefefe;
  14886: fdfdfd;
  14887: fcfcfc;
  14888: fdfdfd;
  14889: fbfbfb;
  14890: ffffff;
  14891: fcfcfc;
  14892: fefefe;
  14893: fdfdfd;
  14894: e7e7e7;
  14895: abb6ae;
  14896: 72712;
  14897: 3d7246;
  14898: 53a156;
  14899: 49a349;
  14900: 50a94f;
  14901: 4a9f4c;
  14902: 45954c;
  14903: 509858;
  14904: 3900;
  14905: 347533;
  14906: 53a457;
  14907: 4fa854;
  14908: 49a84e;
  14909: 49a250;
  14910: 4a9554;
  14911: 3c7b42;
  14912: 83e04;
  14913: 5a9754;
  14914: 4a9c48;
  14915: 45a345;
  14916: 4ba446;
  14917: 4a9e46;
  14918: 559f52;
  14919: 2c6d29;
  14920: c480a;
  14921: 5ea65d;
  14922: 50b150;
  14923: 4ab54d;
  14924: 46a348;
  14925: 57a85b;
  14926: 65ad6e;
  14927: 5b8e65;
  14928: b00;
  14929: f7f7f7;
  14930: f9f9f9;
  14931: fcfcfc;
  14932: fefefe;
  14933: fefefe;
  14934: fdfdfd;
  14935: fefefe;
  14936: fdfdfd;
  14937: fdfdfd;
  14938: fcfcfc;
  14939: fcfcfc;
  14940: fcfcfc;
  14941: fcfcfc;
  14942: fdfdfd;
  14943: fdfdfd;
  14944: fefdfb;
  14945: fefdfb;
  14946: fdfdff;
  14947: fdfdff;
  14948: fcfdff;
  14949: fcfefd;
  14950: fdfdfb;
  14951: fefcfd;
  14952: f9f7fa;
  14953: ffffff;
  14954: fbfffc;
  14955: ffe5e2;
  14956: cf4140;
  14957: c71314;
  14958: b9191b;
  14959: ffaead;
  14960: ffefee;
  14961: fbfcf7;
  14962: fcfdf8;
  14963: fcfdf8;
  14964: fcfcfa;
  14965: fdfdfb;
  14966: fdfdfd;
  14967: fdfdfd;
  14968: fdfdfd;
  14969: fdfdfd;
  14970: fdfdfd;
  14971: fdfdfd;
  14972: fdfdfd;
  14973: fdfdfd;
  14974: fdfdfd;
  14975: fdfdfd;
  14976: fcfcfc;
  14977: fcfcfc;
  14978: fcfcfc;
  14979: fcfcfc;
  14980: fcfcfc;
  14981: fcfcfc;
  14982: fcfcfc;
  14983: fcfcfc;
  14984: fdfdfb;
  14985: fbfbf9;
  14986: fcfcfa;
  14987: fdfdfb;
  14988: fcfbf9;
  14989: fdfcf8;
  14990: fcfbf7;
  14991: ffe8e4;
  14992: b01211;
  14993: d31718;
  14994: a21212;
  14995: ffd7d8;
  14996: ffeae7;
  14997: fdfcf8;
  14998: fffefd;
  14999: fcfcfc;
  15000: f9ffff;
  15001: f9ffff;
  15002: fefcfd;
  15003: fffafc;
  15004: fffafe;
  15005: fdfbfe;
  15006: fbfdfc;
  15007: fbfdfa;
  15008: fcfcfc;
  15009: fcfcfc;
  15010: fcfcfc;
  15011: fdfdfd;
  15012: fefefe;
  15013: fefefe;
  15014: fdfdfd;
  15015: fcfcfc;
  15016: fcfcfc;
  15017: fefefe;
  15018: fafafa;
  15019: fdfdfd;
  15020: ffffff;
  15021: fbfbfb;
  15022: ffffff;
  15023: 20f05;
  15024: 60876a;
  15025: 5c9862;
  15026: 4ea04c;
  15027: 4ca748;
  15028: 459d46;
  15029: 4b9c4f;
  15030: 62a768;
  15031: 2900;
  15032: 529552;
  15033: 4c964b;
  15034: 499e49;
  15035: 39933b;
  15036: 50a854;
  15037: 5eab63;
  15038: 639f6b;
  15039: 1b00;
  15040: 93406;
  15041: 62985c;
  15042: 519e50;
  15043: 50a94f;
  15044: 47a245;
  15045: 48a145;
  15046: 54a853;
  15047: 559d53;
  15048: d440a;
  15049: 336f31;
  15050: 479c47;
  15051: 46a547;
  15052: 3d973f;
  15053: 4b9c4d;
  15054: 599f61;
  15055: 518159;
  15056: 344437;
  15057: ffffff;
  15058: fafafa;
  15059: f9f9f9;
  15060: fbfbfb;
  15061: fcfcfc;
  15062: fcfcfc;
  15063: ffffff;
  15064: fdfdfd;
  15065: fdfdfd;
  15066: fcfcfc;
  15067: fcfcfc;
  15068: fcfcfc;
  15069: fcfcfc;
  15070: fdfdfd;
  15071: fdfdfb;
  15072: fefdfb;
  15073: fefdfb;
  15074: fdfdfd;
  15075: fdfdff;
  15076: fafeff;
  15077: fafeff;
  15078: fdfdfd;
  15079: fefdfb;
  15080: faf8f9;
  15081: fcfcfc;
  15082: fbfffe;
  15083: ffe3e3;
  15084: f87676;
  15085: c6191b;
  15086: bf191b;
  15087: f67b7d;
  15088: ffefed;
  15089: fcfdf8;
  15090: fcfdf8;
  15091: fcfdf8;
  15092: fdfdfb;
  15093: fdfdfb;
  15094: fdfdfd;
  15095: fdfdfd;
  15096: fdfdfd;
  15097: fdfdfd;
  15098: fdfdfd;
  15099: fdfdfd;
  15100: fdfdfd;
  15101: fdfdfd;
  15102: fdfdfd;
  15103: fdfdfd;
  15104: fbfdfc;
  15105: fbfdfc;
  15106: fbfdfc;
  15107: fbfdfc;
  15108: fbfdfc;
  15109: fbfdfc;
  15110: fcfcfc;
  15111: fcfcfc;
  15112: fefefc;
  15113: fbfbf9;
  15114: fdfcf8;
  15115: fefdf9;
  15116: fcfbf7;
  15117: fcfbf7;
  15118: fcf8f5;
  15119: ffe1dd;
  15120: b5100e;
  15121: d51314;
  15122: a51a1f;
  15123: ffdfe4;
  15124: ffebe7;
  15125: fcfdf8;
  15126: fefaf9;
  15127: fffdfe;
  15128: fafeff;
  15129: f9ffff;
  15130: fcfefd;
  15131: fdfbfc;
  15132: fff9fe;
  15133: fffafe;
  15134: fcfcfc;
  15135: fafcf9;
  15136: fcfcfc;
  15137: fcfcfc;
  15138: fcfcfc;
  15139: fcfcfc;
  15140: fdfdfd;
  15141: fefefe;
  15142: fdfdfd;
  15143: fcfcfc;
  15144: fbfbfb;
  15145: ffffff;
  15146: fefefe;
  15147: fefefe;
  15148: fafafa;
  15149: ffffff;
  15150: fbfbfb;
  15151: 67746a;
  15152: 305937;
  15153: 6ba86d;
  15154: 58a351;
  15155: 55a84e;
  15156: 4fa252;
  15157: 5ca560;
  15158: 4a834c;
  15159: 2500;
  15160: 64ae63;
  15161: 419740;
  15162: 46a144;
  15163: 3f983e;
  15164: 54a558;
  15165: 57995c;
  15166: 4b7952;
  15167: 2305;
  15168: 2200;
  15169: 376332;
  15170: 4f924d;
  15171: 56a957;
  15172: 4ba54b;
  15173: 46a446;
  15174: 3f9c41;
  15175: 499b49;
  15176: 3b7538;
  15177: 43901;
  15178: 60a161;
  15179: 5aa35a;
  15180: 4fa250;
  15181: 6ab66b;
  15182: 5b945d;
  15183: 244726;
  15184: 9eaaa0;
  15185: fdfdfd;
  15186: fbfbfb;
  15187: fcfcfc;
  15188: ffffff;
  15189: fdfdfd;
  15190: fafafa;
  15191: fdfdfd;
  15192: fdfdfd;
  15193: fdfdfd;
  15194: fcfcfc;
  15195: fcfcfc;
  15196: fcfcfc;
  15197: fcfcfc;
  15198: fdfdfd;
  15199: fdfdfb;
  15200: fefdfb;
  15201: fefdfb;
  15202: fefcfd;
  15203: fdfdff;
  15204: fafeff;
  15205: fafeff;
  15206: fdfdfd;
  15207: fefdfb;
  15208: fefaf9;
  15209: fffffd;
  15210: f5f9fa;
  15211: ffebeb;
  15212: ff8d8f;
  15213: c11d1e;
  15214: c31618;
  15215: e45f60;
  15216: ffefee;
  15217: fcfdf8;
  15218: fcfdf8;
  15219: fcfdf8;
  15220: fdfdfb;
  15221: fdfdfb;
  15222: fdfdfd;
  15223: fdfdfd;
  15224: fdfdfd;
  15225: fdfdfd;
  15226: fdfdfd;
  15227: fdfdfd;
  15228: fdfdfd;
  15229: fdfdfd;
  15230: fdfdfd;
  15231: fdfdfd;
  15232: fbfdfc;
  15233: fbfdfc;
  15234: fbfdfc;
  15235: fbfdfc;
  15236: fbfdfc;
  15237: fbfdfc;
  15238: fcfcfc;
  15239: fcfcfc;
  15240: fdfdfb;
  15241: fafaf8;
  15242: fdfcf8;
  15243: fefdf9;
  15244: fcfbf7;
  15245: fcfbf6;
  15246: fbf8f3;
  15247: ffdfdb;
  15248: be1210;
  15249: da1617;
  15250: a21921;
  15251: ffe3e9;
  15252: fff2ef;
  15253: fafdf6;
  15254: fffefc;
  15255: fdfbfc;
  15256: fcfdff;
  15257: fafeff;
  15258: fafefd;
  15259: fcfcfc;
  15260: fff9fe;
  15261: fff9fe;
  15262: fbfbfb;
  15263: fafcf9;
  15264: fcfcfc;
  15265: fcfcfc;
  15266: fcfcfc;
  15267: fcfcfc;
  15268: fdfdfd;
  15269: fefefe;
  15270: fdfdfd;
  15271: fcfcfc;
  15272: fefefe;
  15273: f7f7f7;
  15274: ffffff;
  15275: fbfbfb;
  15276: fefefe;
  15277: fcfcfc;
  15278: f6f6f6;
  15279: e1ede3;
  15280: 1b00;
  15281: 3e733f;
  15282: 64a35c;
  15283: 579e50;
  15284: 66ad69;
  15285: 5ea063;
  15286: 134915;
  15287: 306c30;
  15288: 53a551;
  15289: 45a343;
  15290: 50ae4d;
  15291: 55ae52;
  15292: 509950;
  15293: 47824a;
  15294: 153d18;
  15295: 3a583c;
  15296: 82506;
  15297: 22800;
  15298: 3d773c;
  15299: 58a257;
  15300: 52aa56;
  15301: 3d9d43;
  15302: 4bac4f;
  15303: 3c943e;
  15304: 5b9e59;
  15305: 3100;
  15306: 598e5a;
  15307: 6ea770;
  15308: 58a057;
  15309: 61a461;
  15310: 376235;
  15311: 1200;
  15312: fbfffa;
  15313: f8f8f8;
  15314: fefefe;
  15315: fbfbfb;
  15316: fbfbfb;
  15317: fefefe;
  15318: fdfdfd;
  15319: fefefe;
  15320: fdfdfd;
  15321: fdfdfd;
  15322: fcfcfc;
  15323: fcfcfc;
  15324: fcfcfc;
  15325: fcfcfc;
  15326: fdfdfd;
  15327: fdfdfd;
  15328: fefdfb;
  15329: fefdfb;
  15330: fefdfb;
  15331: fdfdff;
  15332: f9feff;
  15333: f9feff;
  15334: fdfdff;
  15335: fefdfb;
  15336: fefaf7;
  15337: fffffd;
  15338: f6fafb;
  15339: ffeff3;
  15340: ffa0a2;
  15341: bc1c1e;
  15342: c8181b;
  15343: d54b4b;
  15344: fff0ed;
  15345: fcfdf8;
  15346: fcfdf8;
  15347: fcfdf8;
  15348: fdfdfb;
  15349: fdfdfb;
  15350: fdfdfd;
  15351: fefefe;
  15352: fdfdfd;
  15353: fdfdfd;
  15354: fdfdfd;
  15355: fdfdfd;
  15356: fdfdfd;
  15357: fdfdfd;
  15358: fdfdfd;
  15359: fdfdfd;
  15360: fbfdfc;
  15361: fbfdfc;
  15362: fbfdfc;
  15363: fbfdfc;
  15364: fbfdfc;
  15365: fbfdfc;
  15366: fbfdfc;
  15367: fbfdfc;
  15368: fcfcfa;
  15369: fcfcfa;
  15370: fdfcf8;
  15371: fefdf9;
  15372: fdfaf5;
  15373: fefbf6;
  15374: fdfaf5;
  15375: ffdfd9;
  15376: ce1f1c;
  15377: cf090a;
  15378: b02832;
  15379: ffe2eb;
  15380: fff8f4;
  15381: f5fcf4;
  15382: f9f9f7;
  15383: fbf9fa;
  15384: fdfdff;
  15385: fcfdff;
  15386: fafefd;
  15387: fbfdfc;
  15388: fffafe;
  15389: fff9fe;
  15390: fcfcfc;
  15391: fbfdfa;
  15392: fcfcfc;
  15393: fcfcfc;
  15394: fcfcfc;
  15395: fcfcfc;
  15396: fdfdfd;
  15397: fdfdfd;
  15398: fdfdfd;
  15399: fcfcfc;
  15400: fefefe;
  15401: fcfcfc;
  15402: fefefe;
  15403: fdfdfd;
  15404: fcfcfc;
  15405: fbfbfb;
  15406: f1f1f1;
  15407: fbfffb;
  15408: 9eb0a0;
  15409: 92808;
  15410: 54804b;
  15411: 6ca266;
  15412: 518a53;
  15413: 2e6933;
  15414: b460e;
  15415: 5fa55f;
  15416: 4fa54a;
  15417: 3d9e37;
  15418: 399935;
  15419: 40993f;
  15420: 599f56;
  15421: 3200;
  15422: 154012;
  15423: 4e724c;
  15424: 31502e;
  15425: 3b6037;
  15426: 2e00;
  15427: 519353;
  15428: 479b4d;
  15429: 48a84f;
  15430: 43a349;
  15431: 56b35a;
  15432: 499d48;
  15433: 539651;
  15434: 2300;
  15435: 285328;
  15436: 619d61;
  15437: 6ba269;
  15438: 1500;
  15439: acb7a9;
  15440: fcfef9;
  15441: fdfdfd;
  15442: fcfcfc;
  15443: fbfbfb;
  15444: fdfdfd;
  15445: fefefe;
  15446: fefefe;
  15447: fcfcfc;
  15448: fdfdfd;
  15449: fdfdfd;
  15450: fcfcfc;
  15451: fcfcfc;
  15452: fcfcfc;
  15453: fcfcfc;
  15454: fcfcfc;
  15455: fdfdfd;
  15456: fefdfb;
  15457: fefdfb;
  15458: fefdfb;
  15459: fcfefd;
  15460: f9feff;
  15461: f9feff;
  15462: fdfdff;
  15463: fefdfb;
  15464: fffbf8;
  15465: fcfbf9;
  15466: f5f9fa;
  15467: fff2f5;
  15468: ffaaad;
  15469: bb1f22;
  15470: d11d20;
  15471: c43336;
  15472: ffefed;
  15473: fbfcf7;
  15474: fbfcf7;
  15475: fdfef9;
  15476: fefefc;
  15477: fdfdfb;
  15478: fdfdfd;
  15479: fdfdfd;
  15480: fcfcfc;
  15481: fdfdfd;
  15482: fdfdfd;
  15483: fdfdfd;
  15484: fdfdfd;
  15485: fdfdfd;
  15486: fdfdfd;
  15487: fdfdfd;
  15488: fbfdfc;
  15489: fbfdfc;
  15490: fbfdfc;
  15491: fbfdfc;
  15492: fbfdfc;
  15493: fbfdfc;
  15494: fbfdfc;
  15495: fbfdfc;
  15496: fdfdfb;
  15497: fefefc;
  15498: fefdf9;
  15499: fffefa;
  15500: fffcf7;
  15501: fffef9;
  15502: fffcf5;
  15503: ffd6d1;
  15504: ca1816;
  15505: d50d0f;
  15506: b4303b;
  15507: ffdfe7;
  15508: fff9f7;
  15509: f6fdf6;
  15510: f5f7f4;
  15511: fffeff;
  15512: fefcff;
  15513: fdfdff;
  15514: fafefd;
  15515: f9fdfc;
  15516: fffafe;
  15517: fffafe;
  15518: fdfbfc;
  15519: fcfcfa;
  15520: fcfcfc;
  15521: fcfcfc;
  15522: fcfcfc;
  15523: fcfcfc;
  15524: fdfdfd;
  15525: fdfdfd;
  15526: fdfdfd;
  15527: fcfcfc;
  15528: fcfcfc;
  15529: fefefe;
  15530: fbfbfb;
  15531: fdfdfd;
  15532: fcfcfc;
  15533: f9f9f9;
  15534: f4f4f4;
  15535: fcfefb;
  15536: e6ede6;
  15537: a1b2a0;
  15538: 15330f;
  15539: 6c9666;
  15540: 1f4e20;
  15541: 3704;
  15542: 408546;
  15543: 56a758;
  15544: 52ad4e;
  15545: 4aab44;
  15546: 3f9d3d;
  15547: 459944;
  15548: 377a33;
  15549: 134b0e;
  15550: 5d8e57;
  15551: 54804f;
  15552: 10370b;
  15553: 689165;
  15554: 21511f;
  15555: 175418;
  15556: 4d9d54;
  15557: 44a04d;
  15558: 50ad54;
  15559: 50af51;
  15560: 42a143;
  15561: 4c9d4e;
  15562: 225625;
  15563: 1c00;
  15564: 689868;
  15565: 254b22;
  15566: 7d8c79;
  15567: fbfcf6;
  15568: fffffd;
  15569: fafafa;
  15570: fafafa;
  15571: fdfdfd;
  15572: fefefe;
  15573: fbfbfb;
  15574: fbfbfb;
  15575: ffffff;
  15576: fdfdfd;
  15577: fdfdfd;
  15578: fcfcfc;
  15579: fcfcfc;
  15580: fcfcfc;
  15581: fcfcfc;
  15582: fcfcfc;
  15583: fdfdfd;
  15584: fffcfb;
  15585: fefdfb;
  15586: fdfdfb;
  15587: fcfefd;
  15588: f9feff;
  15589: fafdff;
  15590: fdfdff;
  15591: fefdfb;
  15592: fffdfa;
  15593: fefdfb;
  15594: f7fbfe;
  15595: fff2f5;
  15596: ffb0b2;
  15597: b81c1f;
  15598: d01c1f;
  15599: c53334;
  15600: ffefed;
  15601: fbfcf7;
  15602: fbfcf7;
  15603: fcfdf8;
  15604: fdfdfb;
  15605: fcfcfa;
  15606: fcfcfc;
  15607: fcfcfc;
  15608: fcfcfc;
  15609: fdfdfd;
  15610: fdfdfd;
  15611: fdfdfd;
  15612: fdfdfd;
  15613: fdfdfd;
  15614: fdfdfd;
  15615: fdfdfd;
  15616: fcfcfc;
  15617: fcfcfc;
  15618: fcfcfc;
  15619: fcfcfc;
  15620: fbfdfc;
  15621: fbfdfc;
  15622: fbfdfc;
  15623: fbfdfc;
  15624: fbfbfb;
  15625: fefefc;
  15626: fdfcf8;
  15627: fffefa;
  15628: fffdf8;
  15629: fffffa;
  15630: fffdf9;
  15631: ffd0cb;
  15632: c71513;
  15633: d40d10;
  15634: bd3e47;
  15635: ffe1e8;
  15636: fff8f6;
  15637: f8fdf7;
  15638: f7f9f8;
  15639: ffffff;
  15640: fefcff;
  15641: fefcfd;
  15642: fcfefd;
  15643: f9fdfc;
  15644: fbfcfe;
  15645: fcfcfe;
  15646: fdfbfc;
  15647: fdfbfc;
  15648: fcfcfc;
  15649: fcfcfc;
  15650: fcfcfc;
  15651: fcfcfc;
  15652: fdfdfd;
  15653: fdfdfd;
  15654: fdfdfd;
  15655: fcfcfc;
  15656: fafafa;
  15657: ffffff;
  15658: f9f9f9;
  15659: fdfdfd;
  15660: fcfcfc;
  15661: f9f9f9;
  15662: f8f8f8;
  15663: fdfdfd;
  15664: f5f5f7;
  15665: e6ede6;
  15666: 1500;
  15667: 648661;
  15668: 22f04;
  15669: 2a00;
  15670: 51a158;
  15671: 4fab54;
  15672: 43a141;
  15673: 4ba647;
  15674: 51a653;
  15675: 65b167;
  15676: 24301;
  15677: 377335;
  15678: 569151;
  15679: 497f43;
  15680: 17460f;
  15681: 60915a;
  15682: 4e854b;
  15683: 3800;
  15684: 509657;
  15685: 44944b;
  15686: 499f48;
  15687: 41a140;
  15688: 399f3c;
  15689: 55b259;
  15690: 438847;
  15691: 235425;
  15692: 1a401b;
  15693: 1500;
  15694: e4ece1;
  15695: eff0eb;
  15696: e9e9e7;
  15697: f7f7f7;
  15698: ffffff;
  15699: fdfdfd;
  15700: fafafa;
  15701: fcfcfc;
  15702: fefefe;
  15703: fcfcfc;
  15704: fdfdfd;
  15705: fdfdfd;
  15706: fcfcfc;
  15707: fcfcfc;
  15708: fcfcfc;
  15709: fcfcfc;
  15710: fcfcfc;
  15711: fdfdfd;
  15712: fffcfb;
  15713: fefdfb;
  15714: fdfdfd;
  15715: fcfdff;
  15716: fafeff;
  15717: fafeff;
  15718: fdfdfd;
  15719: fefdfb;
  15720: fcfbf9;
  15721: fbfbfb;
  15722: fbfcff;
  15723: fff1f4;
  15724: ffb5b8;
  15725: b5191a;
  15726: d01c1d;
  15727: c63636;
  15728: ffefed;
  15729: fcfdf8;
  15730: fbfcf7;
  15731: fcfdf8;
  15732: fdfdfb;
  15733: fcfcfa;
  15734: fcfcfc;
  15735: fbfbfb;
  15736: fcfcfc;
  15737: fdfdfd;
  15738: fdfdfd;
  15739: fdfdfd;
  15740: fdfdfd;
  15741: fdfdfd;
  15742: fdfdfd;
  15743: fdfdfd;
  15744: fcfcfc;
  15745: fcfcfc;
  15746: fcfcfc;
  15747: fcfcfc;
  15748: fbfdfc;
  15749: fbfdfc;
  15750: fbfdfc;
  15751: fbfdfc;
  15752: fbfbfb;
  15753: fdfdfd;
  15754: fcfbf9;
  15755: fffefa;
  15756: fffbf8;
  15757: fffef9;
  15758: fffcf8;
  15759: ffcfcd;
  15760: c71515;
  15761: ce070a;
  15762: c0444c;
  15763: ffe9ee;
  15764: fff5f4;
  15765: fcfefb;
  15766: fdfeff;
  15767: fdfcff;
  15768: fefcfd;
  15769: fefcfd;
  15770: fcfefd;
  15771: f9fdfc;
  15772: f9fdfc;
  15773: f9fdfc;
  15774: fdfbfc;
  15775: fffbfc;
  15776: fdfbfc;
  15777: fcfcfc;
  15778: fcfcfc;
  15779: fcfcfc;
  15780: fdfdfd;
  15781: fdfdfd;
  15782: fdfdfd;
  15783: fcfcfc;
  15784: fafafa;
  15785: fefefe;
  15786: fbfbfb;
  15787: fdfdfd;
  15788: fcfcfc;
  15789: fdfdfd;
  15790: fafafa;
  15791: fdfdfd;
  15792: fbf9fe;
  15793: fcfefd;
  15794: c8d6c7;
  15795: e280d;
  15796: 578058;
  15797: 65a068;
  15798: 4ea254;
  15799: 45a44a;
  15800: 48a248;
  15801: 56aa55;
  15802: 4c9850;
  15803: 135819;
  15804: 1c5e1e;
  15805: 5fa05e;
  15806: 5a9b57;
  15807: 508d48;
  15808: 114709;
  15809: 548c4d;
  15810: 5b9e57;
  15811: 2a712b;
  15812: 44609;
  15813: 6bb06f;
  15814: 509f4e;
  15815: 54af52;
  15816: 44aa47;
  15817: 3e9e44;
  15818: 5da961;
  15819: 6ca06f;
  15820: a260f;
  15821: a7b3a9;
  15822: ebeee7;
  15823: fdfef9;
  15824: fafaf8;
  15825: fbfbfb;
  15826: fbfbfb;
  15827: fbfbfb;
  15828: fdfdfd;
  15829: fefefe;
  15830: fefefe;
  15831: fcfcfc;
  15832: fdfdfd;
  15833: fdfdfd;
  15834: fcfcfc;
  15835: fcfcfc;
  15836: fcfcfc;
  15837: fcfcfc;
  15838: fdfdfd;
  15839: fdfdfd;
  15840: fffcfb;
  15841: fefdfb;
  15842: fdfdfd;
  15843: fcfdff;
  15844: fcfdff;
  15845: fcfdff;
  15846: fdfdfd;
  15847: fefdfb;
  15848: fffefc;
  15849: fafafa;
  15850: fafbff;
  15851: fff3f7;
  15852: ffbfc1;
  15853: bc1c1c;
  15854: c71314;
  15855: b22423;
  15856: ffefed;
  15857: fcfdf8;
  15858: fcfdf8;
  15859: fcfdf8;
  15860: fdfdfb;
  15861: fdfdfb;
  15862: fcfcfc;
  15863: fbfbfb;
  15864: fcfcfc;
  15865: fdfdfd;
  15866: fdfdfd;
  15867: fdfdfd;
  15868: fdfdfd;
  15869: fdfdfd;
  15870: fdfdfd;
  15871: fdfdfd;
  15872: fdfbfc;
  15873: fdfbfc;
  15874: fcfcfc;
  15875: fcfcfc;
  15876: fcfcfe;
  15877: fcfcfe;
  15878: fbfcfe;
  15879: fbfcfe;
  15880: fdfdfd;
  15881: fefefe;
  15882: fdfcfa;
  15883: fffffb;
  15884: fffbf8;
  15885: fefaf7;
  15886: fffaf6;
  15887: ffd5d3;
  15888: c91717;
  15889: cc080a;
  15890: b63d42;
  15891: ffe8eb;
  15892: fff6f5;
  15893: fdfdfb;
  15894: fefdff;
  15895: fdfcff;
  15896: fefcfd;
  15897: fefdfb;
  15898: fdfdfd;
  15899: fbfdfc;
  15900: f8fefc;
  15901: f8fefc;
  15902: fdfbfc;
  15903: fffafe;
  15904: fdfbfc;
  15905: fcfcfc;
  15906: fcfcfc;
  15907: fcfcfc;
  15908: fdfdfd;
  15909: fefefe;
  15910: fdfdfd;
  15911: fcfcfc;
  15912: fcfcfc;
  15913: fbfbfb;
  15914: fefefe;
  15915: fcfcfc;
  15916: fbfbfb;
  15917: ffffff;
  15918: fafafa;
  15919: fefefe;
  15920: f1f3f2;
  15921: f2f7f3;
  15922: f6fff7;
  15923: 132914;
  15924: 4b6e4d;
  15925: 6aa06c;
  15926: 4a984d;
  15927: 51a953;
  15928: 3e913f;
  15929: 4e974e;
  15930: 5a975c;
  15931: 3300;
  15932: 4e9352;
  15933: 4b924c;
  15934: 589b54;
  15935: 52944d;
  15936: 64101;
  15937: 569851;
  15938: 4a9c47;
  15939: 4fa14f;
  15940: 3000;
  15941: 5b965c;
  15942: 4f974d;
  15943: 4ea24c;
  15944: 44a146;
  15945: 4da652;
  15946: 61a967;
  15947: 6a9b6e;
  15948: 7190d;
  15949: f7f9f8;
  15950: fcfef9;
  15951: f9faf5;
  15952: fefefc;
  15953: fdfdfd;
  15954: fbfbfb;
  15955: fbfbfb;
  15956: fcfcfc;
  15957: fefefe;
  15958: fefefe;
  15959: fcfcfc;
  15960: fdfdfd;
  15961: fdfdfd;
  15962: fcfcfc;
  15963: fcfcfc;
  15964: fcfcfc;
  15965: fcfcfc;
  15966: fdfdfd;
  15967: fdfdfd;
  15968: fffcfd;
  15969: fefcfd;
  15970: fcfefd;
  15971: fcfefd;
  15972: fdfdff;
  15973: fdfdff;
  15974: fdfdfd;
  15975: fdfdfb;
  15976: fdfdfd;
  15977: fbfbfd;
  15978: fcfbff;
  15979: fff1f6;
  15980: ffb4b6;
  15981: be1a19;
  15982: c61414;
  15983: b82e2c;
  15984: ffefec;
  15985: fcfcfa;
  15986: fcfcfa;
  15987: fcfcfa;
  15988: fdfdfb;
  15989: fdfdfb;
  15990: fcfcfc;
  15991: fbfbfb;
  15992: fcfcfc;
  15993: fdfdfd;
  15994: fdfdfd;
  15995: fdfdfd;
  15996: fdfdfd;
  15997: fdfdfd;
  15998: fdfdfb;
  15999: fdfdfb;
  16000: fdfbfc;
  16001: fdfbfc;
  16002: fcfcfc;
  16003: fcfcfc;
  16004: fcfcfe;
  16005: fcfcfe;
  16006: fbfcfe;
  16007: fbfcfe;
  16008: fdfdfd;
  16009: fdfdfd;
  16010: fefcfd;
  16011: fffffd;
  16012: fffcf9;
  16013: fffbf8;
  16014: fffaf6;
  16015: ffe1de;
  16016: c71719;
  16017: d41115;
  16018: a62f31;
  16019: ffe2e2;
  16020: fff6f3;
  16021: fcfafb;
  16022: f7f4fd;
  16023: fefbff;
  16024: fefcfd;
  16025: fdfef9;
  16026: fdfdfb;
  16027: fcfefd;
  16028: f8fefa;
  16029: f8fefa;
  16030: fdfbfe;
  16031: fffafe;
  16032: fefcfd;
  16033: fcfcfc;
  16034: fcfcfc;
  16035: fcfcfc;
  16036: fdfdfd;
  16037: fefefe;
  16038: fdfdfd;
  16039: fcfcfc;
  16040: fdfdfd;
  16041: f9f9f9;
  16042: fefefe;
  16043: fcfcfc;
  16044: fafafa;
  16045: ffffff;
  16046: f9f9f9;
  16047: fdfffe;
  16048: fcfffd;
  16049: fafffb;
  16050: ecf1ed;
  16051: f8fffa;
  16052: a00;
  16053: f3c11;
  16054: 4f9451;
  16055: 489748;
  16056: 5ea75e;
  16057: 599b5b;
  16058: 3400;
  16059: 478248;
  16060: 48944c;
  16061: 54a558;
  16062: 539b51;
  16063: 3c7f38;
  16064: 74806;
  16065: 5aa258;
  16066: 4fad4d;
  16067: 4ea74b;
  16068: 5a9859;
  16069: 2f00;
  16070: 498746;
  16071: 4f974b;
  16072: 57ab56;
  16073: 58a65a;
  16074: 34703a;
  16075: 93011;
  16076: d8e5de;
  16077: f4f3f8;
  16078: fefefc;
  16079: f0f1ec;
  16080: f0f0ee;
  16081: fbfbfb;
  16082: ffffff;
  16083: fcfcfc;
  16084: f9f9f9;
  16085: fcfcfc;
  16086: fefefe;
  16087: fbfbfb;
  16088: fdfdfd;
  16089: fdfdfd;
  16090: fcfcfc;
  16091: fcfcfc;
  16092: fcfcfc;
  16093: fcfcfc;
  16094: fdfdfd;
  16095: fdfdfd;
  16096: fffcfd;
  16097: fefcfd;
  16098: fcfefd;
  16099: fcfefd;
  16100: fefcff;
  16101: fefcfd;
  16102: fdfdfb;
  16103: fdfdfb;
  16104: fbfbfd;
  16105: fdfcff;
  16106: fdfcff;
  16107: ffeef2;
  16108: ffa1a3;
  16109: c11918;
  16110: c91919;
  16111: ca4441;
  16112: ffebeb;
  16113: fbfbf9;
  16114: fcfcfa;
  16115: fcfcfa;
  16116: fcfcfa;
  16117: fcfcfa;
  16118: fcfcfc;
  16119: fbfbfb;
  16120: fcfcfc;
  16121: fdfdfd;
  16122: fdfdfd;
  16123: fdfdfd;
  16124: fdfdfd;
  16125: fdfdfd;
  16126: fdfdfb;
  16127: fdfdfb;
  16128: fdfbfc;
  16129: fdfbfc;
  16130: fcfcfc;
  16131: fcfcfc;
  16132: fcfcfe;
  16133: fcfcfe;
  16134: fbfcfe;
  16135: fbfcfe;
  16136: fcfcfe;
  16137: fcfcfc;
  16138: fffdfe;
  16139: fefdfb;
  16140: fffdfa;
  16141: fffefb;
  16142: fdf8f4;
  16143: ffe5e4;
  16144: c21416;
  16145: d61317;
  16146: 982222;
  16147: ffe1e0;
  16148: fff4f1;
  16149: fbf9fa;
  16150: f8f2fc;
  16151: fff9ff;
  16152: fdfdfd;
  16153: fcfef9;
  16154: fcfefb;
  16155: fcfefd;
  16156: f8fefa;
  16157: f9fefa;
  16158: fdfbfe;
  16159: fffbff;
  16160: fefcfd;
  16161: fcfcfc;
  16162: fcfcfc;
  16163: fdfdfd;
  16164: fdfdfd;
  16165: fefefe;
  16166: fdfdfd;
  16167: fcfcfc;
  16168: fefefe;
  16169: fafafa;
  16170: fcfcfc;
  16171: fefefe;
  16172: fbfbfb;
  16173: ffffff;
  16174: fafafa;
  16175: fcfefb;
  16176: f5faf4;
  16177: f9fbf8;
  16178: fffeff;
  16179: f9f7fc;
  16180: 929c94;
  16181: a270b;
  16182: 457c43;
  16183: 549752;
  16184: 4d8b4a;
  16185: 306a2f;
  16186: 2e00;
  16187: 559352;
  16188: 429744;
  16189: 4fa951;
  16190: 4d9a4a;
  16191: 428840;
  16192: a4c0e;
  16193: 49974c;
  16194: 3da23c;
  16195: 46a843;
  16196: 62a55e;
  16197: 275c24;
  16198: 104710;
  16199: 478345;
  16200: 4f9849;
  16201: 589b56;
  16202: 2708;
  16203: e231a;
  16204: f3fdfc;
  16205: fafbfd;
  16206: f6f6f4;
  16207: f8f7f3;
  16208: fffffd;
  16209: fdfdfd;
  16210: fafafa;
  16211: fdfdfd;
  16212: fefefe;
  16213: fbfbfb;
  16214: fbfbfb;
  16215: ffffff;
  16216: fdfdfd;
  16217: fdfdfd;
  16218: fdfdfd;
  16219: fcfcfc;
  16220: fcfcfc;
  16221: fcfcfc;
  16222: fdfdfd;
  16223: fdfdfd;
  16224: fffcfd;
  16225: fefcfd;
  16226: fafefd;
  16227: fcfefd;
  16228: fefcfd;
  16229: fffcfd;
  16230: fefdfb;
  16231: fdfdfb;
  16232: f8f9fb;
  16233: fefdff;
  16234: fbfaff;
  16235: ffeef1;
  16236: ff9394;
  16237: c9201d;
  16238: c91c18;
  16239: ce4a46;
  16240: ffeae9;
  16241: fafaf8;
  16242: fdfdfb;
  16243: fdfdfb;
  16244: fcfcfc;
  16245: fdfdfd;
  16246: fdfdfd;
  16247: fcfcfc;
  16248: fcfcfc;
  16249: fdfdfd;
  16250: fdfdfd;
  16251: fdfdfd;
  16252: fdfdfb;
  16253: fdfdfb;
  16254: fdfdfb;
  16255: fdfdfb;
  16256: fdfbfc;
  16257: fdfbfc;
  16258: fcfcfc;
  16259: fcfcfc;
  16260: fcfcfe;
  16261: fcfcfe;
  16262: fbfcfe;
  16263: fbfcfe;
  16264: fdfdff;
  16265: fdfdfd;
  16266: fffeff;
  16267: fbfaf8;
  16268: fefdfb;
  16269: fffefb;
  16270: f6f2ef;
  16271: ffe1e0;
  16272: b90c0e;
  16273: cf0e11;
  16274: 921616;
  16275: ffe2e1;
  16276: fff0ee;
  16277: fffbfc;
  16278: fefbff;
  16279: fefbff;
  16280: fefdfb;
  16281: fdfef9;
  16282: fcfefb;
  16283: fafefd;
  16284: f9fefa;
  16285: fbfdfa;
  16286: fefcff;
  16287: fefcff;
  16288: fdfdfd;
  16289: fcfcfc;
  16290: fcfcfc;
  16291: fdfdfd;
  16292: fdfdfd;
  16293: fefefe;
  16294: fdfdfd;
  16295: fcfcfc;
  16296: ffffff;
  16297: fdfdfd;
  16298: fafafa;
  16299: ffffff;
  16300: fdfdfd;
  16301: fdfdfd;
  16302: fdfdfd;
  16303: fcfefb;
  16304: fbfdf8;
  16305: fdfffc;
  16306: faf5fc;
  16307: fef9ff;
  16308: f1f3f2;
  16309: 90a18f;
  16310: 163c15;
  16311: 6b9d68;
  16312: 386d37;
  16313: 3500;
  16314: 377333;
  16315: 50984c;
  16316: 4dab4d;
  16317: 43a143;
  16318: 529f4f;
  16319: 4d904b;
  16320: b4d10;
  16321: 4d9a52;
  16322: 48ad47;
  16323: 46ab41;
  16324: 499644;
  16325: 5a9656;
  16326: 2e00;
  16327: 124713;
  16328: 579353;
  16329: 487a45;
  16330: b2411;
  16331: b7c1c2;
  16332: eef3f6;
  16333: f9fafc;
  16334: fafaf8;
  16335: fefdfb;
  16336: fcfcfc;
  16337: fdfdfd;
  16338: fdfdfd;
  16339: fcfcfc;
  16340: fcfcfc;
  16341: fdfdfd;
  16342: fefefe;
  16343: fdfdfd;
  16344: fdfdfd;
  16345: fdfdfd;
  16346: fdfdfd;
  16347: fcfcfc;
  16348: fcfcfc;
  16349: fcfcfc;
  16350: fdfdfd;
  16351: fefcfd;
  16352: fffbff;
  16353: fffbff;
  16354: fcfefb;
  16355: fcfefb;
  16356: fefdfb;
  16357: fefdfb;
  16358: fefdfb;
  16359: fdfdfd;
  16360: eeeef0;
  16361: fcfbff;
  16362: fefcff;
  16363: ffeaec;
  16364: ff7b79;
  16365: c51814;
  16366: cc2421;
  16367: e66b66;
  16368: ffe9e7;
  16369: fafaf8;
  16370: fdfdfb;
  16371: fefefc;
  16372: fdfdfd;
  16373: fdfdfd;
  16374: fdfdfd;
  16375: fdfdfd;
  16376: fcfcfc;
  16377: fdfdfd;
  16378: fdfdfd;
  16379: fdfdfd;
  16380: fdfdfb;
  16381: fdfdfb;
  16382: fdfdfb;
  16383: fdfdfb;
  16384: fcfcfe;
  16385: fcfcfe;
  16386: fcfcfe;
  16387: fcfcfe;
  16388: fcfcfc;
  16389: fdfdfd;
  16390: fdfdfd;
  16391: fdfdfd;
  16392: fcfcfc;
  16393: fdfdfb;
  16394: fcfcfa;
  16395: fcfcfa;
  16396: fefefc;
  16397: fffefc;
  16398: fdfcfa;
  16399: ffeceb;
  16400: b50c0f;
  16401: cf0e0f;
  16402: 9b1715;
  16403: ffe7e5;
  16404: fff1f3;
  16405: fdf9fa;
  16406: fcfefb;
  16407: fcfefb;
  16408: fffbfb;
  16409: fffcfb;
  16410: fafefd;
  16411: f9fffd;
  16412: fdfdfd;
  16413: fefcfd;
  16414: fefcfd;
  16415: fdfdfd;
  16416: fdfdfd;
  16417: fdfdfd;
  16418: fdfdfd;
  16419: fdfdfd;
  16420: fdfdfd;
  16421: fdfdfd;
  16422: fdfdfd;
  16423: fdfdfd;
  16424: fdfdfd;
  16425: fdfdfd;
  16426: fdfdfd;
  16427: fdfdfd;
  16428: fdfdfd;
  16429: fdfdfd;
  16430: fdfdfd;
  16431: fdfdfb;
  16432: fffffb;
  16433: f9f9f7;
  16434: fffeff;
  16435: fcfcfe;
  16436: fbfffc;
  16437: f8fffa;
  16438: 778a77;
  16439: 173617;
  16440: 174119;
  16441: 498349;
  16442: 56a355;
  16443: 56b154;
  16444: 3c9e39;
  16445: 49a445;
  16446: 52994d;
  16447: 518d4f;
  16448: 3800;
  16449: 549b55;
  16450: 55b051;
  16451: 44a53c;
  16452: 59b051;
  16453: 519c4a;
  16454: 549156;
  16455: 1f5021;
  16456: 1a441c;
  16457: 1200;
  16458: f3fff6;
  16459: f6fcf8;
  16460: f6f7f9;
  16461: fbfbfd;
  16462: fdfffe;
  16463: fbfdfc;
  16464: fcfcfc;
  16465: fdfdfd;
  16466: fdfdfd;
  16467: fefefe;
  16468: fefefe;
  16469: fdfdfd;
  16470: fdfdfd;
  16471: fdfdfd;
  16472: fdfdfd;
  16473: fdfdfd;
  16474: fdfdfd;
  16475: fdfdfd;
  16476: fdfdfd;
  16477: fdfdfd;
  16478: fdfdfd;
  16479: fefcff;
  16480: fff9ff;
  16481: fff9ff;
  16482: fefffa;
  16483: fdfff9;
  16484: fcfef9;
  16485: fdfdfb;
  16486: fdfbfc;
  16487: fffbfc;
  16488: fcf7fb;
  16489: fffbfc;
  16490: fcfbf9;
  16491: ffede9;
  16492: d34a44;
  16493: c91a15;
  16494: b61914;
  16495: ffa6a2;
  16496: fff1f0;
  16497: fdfdfd;
  16498: fdfdfd;
  16499: fdfdfd;
  16500: fdfdfd;
  16501: fdfdfd;
  16502: fdfdfd;
  16503: fdfdfd;
  16504: fdfdfd;
  16505: fdfdfd;
  16506: fdfdfd;
  16507: fdfdfd;
  16508: fdfdfd;
  16509: fdfdfd;
  16510: fdfdfd;
  16511: fdfdfd;
  16512: fcfcfe;
  16513: fcfcfe;
  16514: fcfcfe;
  16515: fcfcfe;
  16516: fcfcfc;
  16517: fdfdfd;
  16518: fdfdfd;
  16519: fdfdfd;
  16520: fcfcfa;
  16521: fdfdfb;
  16522: fdfdfb;
  16523: fdfdfb;
  16524: fefefc;
  16525: fefefc;
  16526: fcfcfa;
  16527: ffedeb;
  16528: ae0e0e;
  16529: d61818;
  16530: ad1b1b;
  16531: ffdbdc;
  16532: ffebef;
  16533: f3f3f5;
  16534: fcfffb;
  16535: fafff8;
  16536: fffcf9;
  16537: fffcfb;
  16538: fafefd;
  16539: fafefd;
  16540: fffbff;
  16541: fffbfd;
  16542: fefcfd;
  16543: fcfefd;
  16544: fdfdfd;
  16545: fdfdfd;
  16546: fdfdfd;
  16547: fdfdfd;
  16548: fdfdfd;
  16549: fdfdfd;
  16550: fdfdfd;
  16551: fdfdfd;
  16552: fdfdfd;
  16553: fdfdfd;
  16554: fdfdfd;
  16555: fdfdfd;
  16556: fdfdfd;
  16557: fdfdfd;
  16558: fdfdfd;
  16559: fdfdfd;
  16560: fdfcfa;
  16561: fefdfb;
  16562: faf8f9;
  16563: fbfbfb;
  16564: fbfdfa;
  16565: f5faf6;
  16566: ecf3ec;
  16567: 21003;
  16568: 3f5d41;
  16569: 598d5c;
  16570: 4e9d4e;
  16571: 46a444;
  16572: 44a641;
  16573: 4aa349;
  16574: 559654;
  16575: 3f7440;
  16576: a3e0e;
  16577: 68a56a;
  16578: 54a651;
  16579: 49a542;
  16580: 4aa442;
  16581: 54a44f;
  16582: 69a369;
  16583: 6f9772;
  16584: 31c06;
  16585: 8d9d90;
  16586: f4fef5;
  16587: fcfef9;
  16588: fffdfe;
  16589: fdfbfc;
  16590: fafafc;
  16591: fbfdfc;
  16592: fcfcfc;
  16593: fdfdfd;
  16594: fdfdfd;
  16595: fdfdfd;
  16596: fdfdfd;
  16597: fdfdfd;
  16598: fdfdfd;
  16599: fdfdfd;
  16600: fdfdfd;
  16601: fdfdfd;
  16602: fdfdfd;
  16603: fdfdfd;
  16604: fdfdfd;
  16605: fdfdfd;
  16606: fdfdfd;
  16607: fefcff;
  16608: fffaff;
  16609: fffaff;
  16610: fdfef9;
  16611: fdfff7;
  16612: fdfdfb;
  16613: fdfdfd;
  16614: fdfbfc;
  16615: fdfbfc;
  16616: fffbfc;
  16617: faf6f5;
  16618: fffefa;
  16619: ffefe8;
  16620: c7322c;
  16621: ce1713;
  16622: af1712;
  16623: ffbfbb;
  16624: ffefee;
  16625: fcfcfc;
  16626: fdfdfd;
  16627: fdfdfd;
  16628: fdfdfd;
  16629: fdfdfd;
  16630: fdfdfd;
  16631: fdfdfd;
  16632: fdfdfd;
  16633: fdfdfd;
  16634: fdfdfd;
  16635: fdfdfd;
  16636: fdfdfd;
  16637: fdfdfd;
  16638: fdfdfd;
  16639: fdfdfd;
  16640: fcfcfe;
  16641: fcfcfe;
  16642: fcfcfe;
  16643: fcfcfe;
  16644: fcfcfc;
  16645: fdfdfd;
  16646: fdfdfd;
  16647: fdfdfd;
  16648: fdfdfd;
  16649: fefefe;
  16650: fdfdfb;
  16651: fcfcfa;
  16652: fefefc;
  16653: fdfdfb;
  16654: fbfbf9;
  16655: ffeceb;
  16656: d03a39;
  16657: cc1011;
  16658: b81518;
  16659: ffa2a5;
  16660: ffeff3;
  16661: f6fcfc;
  16662: fbfffd;
  16663: fbfffa;
  16664: fdfef9;
  16665: fdfdfb;
  16666: fafeff;
  16667: fdfdff;
  16668: fff9ff;
  16669: fffaff;
  16670: fdfdfb;
  16671: fafffb;
  16672: fcfefd;
  16673: fdfdfd;
  16674: fdfdfd;
  16675: fdfdfd;
  16676: fdfdfd;
  16677: fdfdfd;
  16678: fdfdfd;
  16679: fdfdfd;
  16680: fdfdfd;
  16681: fdfdfd;
  16682: fdfdfd;
  16683: fdfdfd;
  16684: fdfdfd;
  16685: fdfdfd;
  16686: fdfdfd;
  16687: fdfdfd;
  16688: fefeff;
  16689: fdfbfe;
  16690: fffeff;
  16691: f8f4f3;
  16692: f7f6f4;
  16693: fefdfb;
  16694: ffffff;
  16695: edf2ee;
  16696: 71808;
  16697: 1c421d;
  16698: 5da05d;
  16699: 3f933e;
  16700: 479f48;
  16701: 5cad60;
  16702: 5a9360;
  16703: 2502;
  16704: 72e11;
  16705: 3e7146;
  16706: 5aa65b;
  16707: 4aa347;
  16708: 54a94c;
  16709: 59a052;
  16710: 4b7648;
  16711: 162c15;
  16712: 616b62;
  16713: f6f8f7;
  16714: f8f8f6;
  16715: fffefc;
  16716: fffefd;
  16717: fdf9fa;
  16718: fffafe;
  16719: fdfbfe;
  16720: fdfdfd;
  16721: fdfdfd;
  16722: fdfdfd;
  16723: fdfdfd;
  16724: fdfdfd;
  16725: fdfdfd;
  16726: fdfdfd;
  16727: fdfdfd;
  16728: fdfdfd;
  16729: fdfdfd;
  16730: fdfdfd;
  16731: fdfdfd;
  16732: fdfdfd;
  16733: fdfdfd;
  16734: fdfdfd;
  16735: fdfdfd;
  16736: fcfdff;
  16737: fcfdff;
  16738: fafff9;
  16739: fdfffa;
  16740: fffbff;
  16741: fffbff;
  16742: fcfcfa;
  16743: fbfdfa;
  16744: fafafc;
  16745: f8f6f7;
  16746: f5f6f0;
  16747: ffebe4;
  16748: c11916;
  16749: de1817;
  16750: b3221f;
  16751: ffd4d3;
  16752: ffeeee;
  16753: fbfbfb;
  16754: fdfdfd;
  16755: fefefe;
  16756: fdfdfd;
  16757: fdfdfd;
  16758: fdfdfd;
  16759: fdfdfd;
  16760: fdfdfd;
  16761: fdfdfd;
  16762: fdfdfd;
  16763: fdfdfd;
  16764: fdfdfd;
  16765: fdfdfd;
  16766: fdfdfd;
  16767: fdfdfd;
  16768: fcfcfe;
  16769: fcfcfe;
  16770: fcfcfe;
  16771: fcfcfe;
  16772: fcfcfc;
  16773: fdfdfd;
  16774: fdfdfd;
  16775: fdfdfd;
  16776: fdfdfd;
  16777: fefefe;
  16778: fdfdfb;
  16779: fcfcfa;
  16780: fdfdfb;
  16781: fbfbf9;
  16782: f9f9f7;
  16783: ffece9;
  16784: ee6261;
  16785: ca1315;
  16786: c51719;
  16787: ed7173;
  16788: ffebeb;
  16789: f6fffc;
  16790: f2f7f3;
  16791: fdfffa;
  16792: fdfef9;
  16793: fdfdfb;
  16794: fafeff;
  16795: fcfdff;
  16796: fff9ff;
  16797: fffaff;
  16798: fdfdfb;
  16799: fafff9;
  16800: fdfdfb;
  16801: fdfdfd;
  16802: fdfdfd;
  16803: fdfdfd;
  16804: fdfdfd;
  16805: fdfdfd;
  16806: fdfdfd;
  16807: fdfdfd;
  16808: fdfdfd;
  16809: fdfdfd;
  16810: fdfdfd;
  16811: fdfdfd;
  16812: fdfdfd;
  16813: fdfdfd;
  16814: fdfdfd;
  16815: fdfdff;
  16816: fcfbff;
  16817: fcfcfe;
  16818: fefafb;
  16819: fffefd;
  16820: f7f6f4;
  16821: f7f7f7;
  16822: f1eff2;
  16823: fafbfd;
  16824: 727972;
  16825: 1400;
  16826: 477946;
  16827: 599c59;
  16828: 469248;
  16829: 5ca160;
  16830: 3c6c44;
  16831: 163a1e;
  16832: 1210a;
  16833: e3715;
  16834: 498e4b;
  16835: 509f4c;
  16836: 55a250;
  16837: 5c9956;
  16838: 264523;
  16839: 152113;
  16840: e4e5e7;
  16841: fefcff;
  16842: fbf9fa;
  16843: fbfaf8;
  16844: fefaf9;
  16845: fffbfc;
  16846: fef9fd;
  16847: fdfbfe;
  16848: fdfdfd;
  16849: fdfdfd;
  16850: fdfdfd;
  16851: fdfdfd;
  16852: fdfdfd;
  16853: fdfdfd;
  16854: fdfdfd;
  16855: fdfdfd;
  16856: fdfdfd;
  16857: fdfdfd;
  16858: fdfdfd;
  16859: fdfdfd;
  16860: fdfdfd;
  16861: fdfdfd;
  16862: fdfdfd;
  16863: fcfefd;
  16864: fafeff;
  16865: f9fffd;
  16866: f9fff9;
  16867: fdfffc;
  16868: fefbff;
  16869: fffbff;
  16870: fbfdf8;
  16871: fbfdf8;
  16872: f5f6f8;
  16873: f7f5f8;
  16874: fffef8;
  16875: ffdcd6;
  16876: c3110f;
  16877: d80e0e;
  16878: ad2321;
  16879: ffd7d6;
  16880: fff0ef;
  16881: fbfbfb;
  16882: fdfdfd;
  16883: fdfdfd;
  16884: fdfdfd;
  16885: fdfdfd;
  16886: fdfdfd;
  16887: fdfdfd;
  16888: fdfdfd;
  16889: fdfdfd;
  16890: fdfdfd;
  16891: fdfdfd;
  16892: fdfdfd;
  16893: fdfdfd;
  16894: fdfdfd;
  16895: fdfdfd;
  16896: fcfcfe;
  16897: fcfcfe;
  16898: fcfcfc;
  16899: fcfcfc;
  16900: fcfcfc;
  16901: fdfdfd;
  16902: fdfdfd;
  16903: fdfdfd;
  16904: fdfdfd;
  16905: fefefe;
  16906: fdfdfb;
  16907: fcfcfa;
  16908: fdfdfb;
  16909: fbfbf9;
  16910: f9f9f7;
  16911: ffedeb;
  16912: f87a7b;
  16913: c91d1d;
  16914: c81413;
  16915: d8514e;
  16916: ffede8;
  16917: fbfffd;
  16918: f9f9f9;
  16919: fffcfb;
  16920: fffbf8;
  16921: fffbfa;
  16922: f9fdfe;
  16923: f8fdff;
  16924: fdfbff;
  16925: fffafe;
  16926: fdfcf8;
  16927: fcfdf8;
  16928: fdfdfb;
  16929: fdfdfd;
  16930: fdfdfd;
  16931: fdfdfd;
  16932: fdfdfd;
  16933: fdfdfd;
  16934: fdfdfd;
  16935: fdfdfd;
  16936: fdfdfd;
  16937: fdfdfd;
  16938: fdfdfd;
  16939: fdfdfd;
  16940: fdfdfd;
  16941: fdfdfd;
  16942: fdfdfd;
  16943: fdfdff;
  16944: fffeff;
  16945: fefdff;
  16946: f5f5f7;
  16947: f9fbf8;
  16948: fcfffd;
  16949: fbfffd;
  16950: f8fcff;
  16951: fcfdff;
  16952: feffff;
  16953: 8a968c;
  16954: f3011;
  16955: 6a996b;
  16956: 619a63;
  16957: 3e7742;
  16958: d3711;
  16959: 4b6c4f;
  16960: a230d;
  16961: 22403;
  16962: 2c662c;
  16963: 6aad66;
  16964: 52934f;
  16965: 578954;
  16966: 1200;
  16967: 5e6963;
  16968: feffff;
  16969: fdfaff;
  16970: fefcff;
  16971: f9f7f8;
  16972: fcfbf9;
  16973: fffeff;
  16974: f6f7f9;
  16975: fcfdff;
  16976: fdfdfd;
  16977: fdfdfd;
  16978: fdfdfd;
  16979: fdfdfd;
  16980: fdfdfd;
  16981: fdfdfd;
  16982: fdfdfd;
  16983: fdfdfd;
  16984: fdfdfd;
  16985: fdfdfd;
  16986: fdfdfd;
  16987: fdfdfd;
  16988: fdfdfd;
  16989: fdfdfd;
  16990: fdfdfd;
  16991: fdfdfd;
  16992: fbfdfc;
  16993: fafefd;
  16994: f9fff9;
  16995: f7fffd;
  16996: fafdff;
  16997: fcfdff;
  16998: fcfdf7;
  16999: fcfdf7;
  17000: fdfeff;
  17001: f8f3f7;
  17002: fff4f3;
  17003: ffcfc9;
  17004: c61410;
  17005: d3110f;
  17006: a42627;
  17007: ffe1e3;
  17008: fff4f4;
  17009: fdfdfd;
  17010: fdfdfd;
  17011: fdfdfd;
  17012: fdfdfd;
  17013: fdfdfd;
  17014: fdfdfd;
  17015: fcfcfc;
  17016: fdfdfd;
  17017: fdfdfd;
  17018: fdfdfd;
  17019: fdfdfd;
  17020: fdfdfd;
  17021: fdfdfd;
  17022: fdfdfd;
  17023: fdfdfd;
  17024: fcfcfe;
  17025: fcfcfe;
  17026: fcfcfc;
  17027: fcfcfc;
  17028: fcfcfc;
  17029: fdfdfd;
  17030: fdfdfd;
  17031: fdfdfd;
  17032: fcfcfc;
  17033: fdfdfd;
  17034: fdfdfb;
  17035: fcfcfa;
  17036: fefefc;
  17037: fcfcfa;
  17038: fafaf8;
  17039: fff0ee;
  17040: ffbfbf;
  17041: ba1f1d;
  17042: d01715;
  17043: b01b15;
  17044: ffe9e2;
  17045: f8f7f2;
  17046: fffcfd;
  17047: fefafb;
  17048: fffaf8;
  17049: fffafa;
  17050: f9fdfe;
  17051: f8fdff;
  17052: fbfcff;
  17053: fcfcfe;
  17054: fcfdf8;
  17055: fcfdf8;
  17056: fdfdfb;
  17057: fdfdfd;
  17058: fdfdfd;
  17059: fdfdfd;
  17060: fdfdfd;
  17061: fdfdfd;
  17062: fdfdfd;
  17063: fdfdfd;
  17064: fdfdfd;
  17065: fdfdfd;
  17066: fdfdfd;
  17067: fdfdfd;
  17068: fdfdfd;
  17069: fdfdfd;
  17070: fdfdfd;
  17071: fdfdff;
  17072: fbfaff;
  17073: fffeff;
  17074: fcfcfe;
  17075: fcfefd;
  17076: fafffc;
  17077: fafffc;
  17078: f6f7f9;
  17079: fffeff;
  17080: faf8fd;
  17081: fafefd;
  17082: b6c8ba;
  17083: 32407;
  17084: 558259;
  17085: 2c00;
  17086: 2d562e;
  17087: 5e825e;
  17088: 32202;
  17089: 5d815b;
  17090: 2e00;
  17091: 437a41;
  17092: 5c8e5b;
  17093: 1f00;
  17094: f3fff7;
  17095: f8fefe;
  17096: f7f7ff;
  17097: fcfbff;
  17098: fdfcff;
  17099: fbfbfb;
  17100: fefefc;
  17101: fdfdfb;
  17102: f7fbfa;
  17103: fbffff;
  17104: fcfefd;
  17105: fdfdfd;
  17106: fcfcfc;
  17107: fcfcfc;
  17108: fcfcfc;
  17109: fdfdfd;
  17110: fdfdfd;
  17111: fdfdfd;
  17112: fdfdfd;
  17113: fdfdfd;
  17114: fdfdfd;
  17115: fdfdfd;
  17116: fdfdfd;
  17117: fdfdfd;
  17118: fdfdfd;
  17119: fdfdfd;
  17120: fdfbfc;
  17121: fcfefd;
  17122: f9fff9;
  17123: f7fffb;
  17124: f9feff;
  17125: fcfdff;
  17126: fcfdf5;
  17127: fcfdf5;
  17128: fafeff;
  17129: fffaff;
  17130: fff2f3;
  17131: e28580;
  17132: c91713;
  17133: bb0400;
  17134: d26666;
  17135: ffe1e1;
  17136: fff8f8;
  17137: fdfdfd;
  17138: fdfdfd;
  17139: fdfdfd;
  17140: fdfdfd;
  17141: fdfdfd;
  17142: fdfdfd;
  17143: fcfcfc;
  17144: fdfdfd;
  17145: fdfdfd;
  17146: fdfdfd;
  17147: fdfdfd;
  17148: fdfdfd;
  17149: fdfdfd;
  17150: fdfdfd;
  17151: fdfdfd;
  17152: fcfcfc;
  17153: fcfcfc;
  17154: fcfcfc;
  17155: fcfcfc;
  17156: fcfcfc;
  17157: fdfdfd;
  17158: fdfdfd;
  17159: fdfdfd;
  17160: fcfcfc;
  17161: fefefe;
  17162: fdfdfd;
  17163: fdfdfd;
  17164: fefefe;
  17165: fdfdfd;
  17166: fafaf8;
  17167: fff2f1;
  17168: ffd1d0;
  17169: a01a17;
  17170: d91d1b;
  17171: b7100a;
  17172: ffcec8;
  17173: fff6f2;
  17174: fff8fb;
  17175: fbf9fc;
  17176: fffafa;
  17177: fffbfa;
  17178: fbfcfe;
  17179: f9fdfe;
  17180: fbfcfe;
  17181: fbfdfc;
  17182: f9fefa;
  17183: f9fef8;
  17184: fdfdfb;
  17185: fdfdfd;
  17186: fdfdfd;
  17187: fdfdfd;
  17188: fdfdfd;
  17189: fdfdfd;
  17190: fdfdfd;
  17191: fdfdfd;
  17192: fdfdfd;
  17193: fdfdfd;
  17194: fdfdfd;
  17195: fdfdfd;
  17196: fdfdfd;
  17197: fdfdfd;
  17198: fdfdfd;
  17199: fcfcfc;
  17200: ffffff;
  17201: fbfbfd;
  17202: fefefe;
  17203: ffffff;
  17204: fefefc;
  17205: fbfbf9;
  17206: fffeff;
  17207: fffcff;
  17208: f5eef6;
  17209: f7f4fb;
  17210: f8fefe;
  17211: 13271b;
  17212: 27482d;
  17213: 164018;
  17214: 669463;
  17215: 5a8953;
  17216: 3000;
  17217: 77a773;
  17218: 3a6a38;
  17219: 63104;
  17220: 62505;
  17221: 879a87;
  17222: f9fffb;
  17223: f0f1f5;
  17224: feffff;
  17225: f6f7fb;
  17226: fafefd;
  17227: fbfffc;
  17228: fefffd;
  17229: fafcf9;
  17230: feffff;
  17231: fcfefd;
  17232: fdfdfd;
  17233: fcfcfc;
  17234: fcfcfc;
  17235: fcfcfc;
  17236: fcfcfc;
  17237: fcfcfc;
  17238: fdfdfd;
  17239: fdfdfd;
  17240: fdfdfd;
  17241: fdfdfd;
  17242: fdfdfd;
  17243: fdfdfd;
  17244: fdfdfd;
  17245: fdfdfd;
  17246: fdfdfd;
  17247: fdfbfc;
  17248: fffafe;
  17249: fdfbfc;
  17250: fafff9;
  17251: fafff9;
  17252: fefcff;
  17253: fefcff;
  17254: fcfdf5;
  17255: fbfef7;
  17256: fbffff;
  17257: fff5fc;
  17258: ffe0df;
  17259: bc4c4a;
  17260: c61412;
  17261: ae0603;
  17262: f39f9d;
  17263: ffefed;
  17264: fff8f7;
  17265: fcfcfc;
  17266: fefefe;
  17267: fdfdfd;
  17268: fdfdfd;
  17269: fdfdfd;
  17270: fdfdfd;
  17271: fcfcfc;
  17272: fdfdfd;
  17273: fdfdfd;
  17274: fdfdfd;
  17275: fdfdfd;
  17276: fdfdfd;
  17277: fdfdfd;
  17278: fdfdfd;
  17279: fdfdfd;
  17280: fcfcfc;
  17281: fcfcfc;
  17282: fcfcfc;
  17283: fcfcfc;
  17284: fcfcfc;
  17285: fdfdfd;
  17286: fdfdfd;
  17287: fdfdfd;
  17288: fdfdfd;
  17289: fefefe;
  17290: fdfdfd;
  17291: fdfdfd;
  17292: fdfdfd;
  17293: fbfbfb;
  17294: f8f8f6;
  17295: fff3f1;
  17296: ffe7e5;
  17297: b84b48;
  17298: cb1410;
  17299: c7140f;
  17300: df807a;
  17301: ffecea;
  17302: fdefef;
  17303: fcfcfe;
  17304: fdfbfc;
  17305: fcfcfc;
  17306: fcfcfc;
  17307: fcfcfc;
  17308: fcfcfe;
  17309: fbfdfc;
  17310: f9fefa;
  17311: f9fefa;
  17312: fcfefd;
  17313: fdfdfd;
  17314: fdfdfd;
  17315: fdfdfd;
  17316: fdfdfd;
  17317: fdfdfd;
  17318: fdfdfd;
  17319: fdfdfd;
  17320: fdfdfd;
  17321: fdfdfd;
  17322: fdfdfd;
  17323: fdfdfd;
  17324: fdfdfd;
  17325: fdfdfd;
  17326: fcfcfc;
  17327: fcfcfc;
  17328: fdfdfd;
  17329: ffffff;
  17330: fcfafb;
  17331: fffeff;
  17332: fefaf9;
  17333: fffdfc;
  17334: f8f2f2;
  17335: fff9fb;
  17336: faf3fa;
  17337: fefbff;
  17338: fdfeff;
  17339: f7ffff;
  17340: 5f7465;
  17341: 143314;
  17342: 456c3d;
  17343: 53824b;
  17344: b3c04;
  17345: 62915d;
  17346: 60875b;
  17347: 1a00;
  17348: acbdab;
  17349: f9fff9;
  17350: fcfcfe;
  17351: fffdff;
  17352: fbf9fe;
  17353: fdfeff;
  17354: fafffb;
  17355: f9fffb;
  17356: fafffb;
  17357: fdfffc;
  17358: fdfdfd;
  17359: fdfbfc;
  17360: fdfdfd;
  17361: fcfcfc;
  17362: fcfcfc;
  17363: fcfcfc;
  17364: fcfcfc;
  17365: fcfcfc;
  17366: fdfdfd;
  17367: fdfdfd;
  17368: fdfdfd;
  17369: fdfdfd;
  17370: fdfdfd;
  17371: fdfdfd;
  17372: fdfdfd;
  17373: fdfdfd;
  17374: fcfcfc;
  17375: fdfbfc;
  17376: fffaff;
  17377: fdfbfc;
  17378: fcfef9;
  17379: fcfff8;
  17380: fffbfd;
  17381: fffbfd;
  17382: fdfcf7;
  17383: fbfdf8;
  17384: f9fdff;
  17385: ffeaee;
  17386: ffd9d6;
  17387: a01c18;
  17388: c51919;
  17389: e24e4e;
  17390: ffdbd8;
  17391: fff1ee;
  17392: fbf7f6;
  17393: fbfbfb;
  17394: fefefe;
  17395: fefefe;
  17396: fdfdfd;
  17397: fdfdfd;
  17398: fdfdfd;
  17399: fdfdfd;
  17400: fdfdfd;
  17401: fdfdfd;
  17402: fdfdfd;
  17403: fdfdfd;
  17404: fdfdfd;
  17405: fdfdfd;
  17406: fdfdfd;
  17407: fdfdfd;
  17408: fcfcfc;
  17409: fcfcfc;
  17410: fcfcfc;
  17411: fcfcfc;
  17412: fcfcfc;
  17413: fcfcfc;
  17414: fdfdfd;
  17415: fdfdfd;
  17416: fcfcfc;
  17417: fdfdfd;
  17418: fefefe;
  17419: fdfdfd;
  17420: fdfdfd;
  17421: fdfdfd;
  17422: fdfdfd;
  17423: fff8f7;
  17424: ffefed;
  17425: db8884;
  17426: b10400;
  17427: ca110c;
  17428: b43d39;
  17429: ffe5e3;
  17430: fff0ef;
  17431: fbfdfc;
  17432: f8fefe;
  17433: f8fefe;
  17434: fdfdfd;
  17435: fcfbf9;
  17436: fdfbfc;
  17437: fbfbfb;
  17438: fcffff;
  17439: f6faf9;
  17440: fbfdfc;
  17441: fcfcfc;
  17442: fdfdfd;
  17443: fdfdfd;
  17444: fdfdfd;
  17445: fdfdfd;
  17446: fdfdfd;
  17447: fdfdfd;
  17448: fdfdfd;
  17449: fdfdfd;
  17450: fdfdfd;
  17451: fcfcfc;
  17452: fcfcfc;
  17453: fdfdfd;
  17454: fdfdfd;
  17455: fdfdfd;
  17456: fefdfb;
  17457: fffefc;
  17458: fffdfe;
  17459: fffdfe;
  17460: fffbfb;
  17461: fffbfb;
  17462: fffdfa;
  17463: fffdfc;
  17464: ededef;
  17465: f9f8fd;
  17466: f7f6fe;
  17467: dedfe4;
  17468: f6fbf7;
  17469: c00;
  17470: 112a0a;
  17471: 58794e;
  17472: 17380b;
  17473: 55744b;
  17474: 263f22;
  17475: 465745;
  17476: f8fffa;
  17477: f4f5f7;
  17478: fbf9fe;
  17479: f5f0f6;
  17480: fffafc;
  17481: fefdfb;
  17482: fcfef9;
  17483: f9fff9;
  17484: f9fff9;
  17485: fafffb;
  17486: fefcfd;
  17487: fffbff;
  17488: fdfbfc;
  17489: fcfcfc;
  17490: fcfcfc;
  17491: fcfcfc;
  17492: fcfcfc;
  17493: fcfcfc;
  17494: fdfdfd;
  17495: fdfdfd;
  17496: fdfdfd;
  17497: fdfdfd;
  17498: fdfdfd;
  17499: fcfcfc;
  17500: fcfcfc;
  17501: fcfcfc;
  17502: fdfdfd;
  17503: fdfdfd;
  17504: fcfaff;
  17505: fcfafb;
  17506: fcfef9;
  17507: fbfcf6;
  17508: fffcfd;
  17509: fff6fa;
  17510: fffcfe;
  17511: fffbfc;
  17512: f3f2f0;
  17513: fff4f1;
  17514: ffb8b3;
  17515: af1712;
  17516: c11e1f;
  17517: ff8b8e;
  17518: ffdfe0;
  17519: f8f8f6;
  17520: f6f6f6;
  17521: fcfcfc;
  17522: fefefe;
  17523: fdfdfd;
  17524: fdfdfd;
  17525: fdfdfd;
  17526: fcfcfc;
  17527: fdfdfd;
  17528: fdfdfd;
  17529: fdfdfd;
  17530: fdfdfd;
  17531: fdfdfd;
  17532: fdfdfd;
  17533: fdfdfd;
  17534: fdfdfd;
  17535: fdfdfd;
  17536: fcfcfc;
  17537: fcfcfc;
  17538: fcfcfc;
  17539: fcfcfc;
  17540: fcfcfc;
  17541: fcfcfc;
  17542: fcfcfc;
  17543: fdfdfd;
  17544: fcfcfc;
  17545: fdfdfd;
  17546: fefefe;
  17547: fdfdfd;
  17548: fdfdfd;
  17549: fdfdfd;
  17550: fdfdfd;
  17551: fefaf9;
  17552: feeeee;
  17553: ffc1bc;
  17554: b61d17;
  17555: d01f19;
  17556: a11311;
  17557: ffd3d2;
  17558: fff5f0;
  17559: fbfcf7;
  17560: f3fcfb;
  17561: f5fefd;
  17562: fefefe;
  17563: fffcfb;
  17564: fffffd;
  17565: f9f9f9;
  17566: fafbfd;
  17567: fcfdff;
  17568: fcfcfc;
  17569: fcfcfc;
  17570: fcfcfc;
  17571: fdfdfd;
  17572: fdfdfd;
  17573: fdfdfd;
  17574: fdfdfd;
  17575: fdfdfd;
  17576: fdfdfd;
  17577: fdfdfd;
  17578: fdfdfd;
  17579: fcfcfc;
  17580: fcfcfc;
  17581: fcfcfc;
  17582: fdfdfd;
  17583: fdfdfd;
  17584: fefdfb;
  17585: fffefc;
  17586: fefefc;
  17587: fefefc;
  17588: fffcfb;
  17589: fffcfb;
  17590: fefdfb;
  17591: fefefc;
  17592: fcffff;
  17593: f5f9fa;
  17594: fffeff;
  17595: fefcff;
  17596: f9f4f8;
  17597: a0a29d;
  17598: 212f1e;
  17599: 293d24;
  17600: 1e3216;
  17601: b1d05;
  17602: 283426;
  17603: eef5ee;
  17604: fcffff;
  17605: fafbff;
  17606: fffeff;
  17607: fffbff;
  17608: fffbfd;
  17609: fffbfb;
  17610: fdfef9;
  17611: fafff8;
  17612: f9fff9;
  17613: fafffb;
  17614: fffbff;
  17615: fffbff;
  17616: fdfbfc;
  17617: fcfcfc;
  17618: fcfcfc;
  17619: fcfcfc;
  17620: fcfcfc;
  17621: fcfcfc;
  17622: fdfdfd;
  17623: fdfdfd;
  17624: fdfdfd;
  17625: fdfdfd;
  17626: fdfdfd;
  17627: fcfcfc;
  17628: fcfcfc;
  17629: fcfcfc;
  17630: fdfdfd;
  17631: fdfdfd;
  17632: fdfdff;
  17633: fdfdfd;
  17634: f7fcf6;
  17635: fdfffa;
  17636: fffcfd;
  17637: fffdff;
  17638: fcf7fd;
  17639: fff7fc;
  17640: ffedeb;
  17641: ffd8d0;
  17642: ed6059;
  17643: c01913;
  17644: ad1d1d;
  17645: ffc1c3;
  17646: fff0f1;
  17647: f4f9fc;
  17648: f5f6f8;
  17649: fcfcfc;
  17650: fefefe;
  17651: fdfdfd;
  17652: fdfdfd;
  17653: fdfdfd;
  17654: fcfcfc;
  17655: fdfdfd;
  17656: fdfdfd;
  17657: fdfdfd;
  17658: fdfdfd;
  17659: fdfdfd;
  17660: fdfdfd;
  17661: fdfdfd;
  17662: fdfdfd;
  17663: fdfdfd;
  17664: fcfcfc;
  17665: fcfcfc;
  17666: fcfcfc;
  17667: fcfcfc;
  17668: fcfcfc;
  17669: fcfcfc;
  17670: fcfcfc;
  17671: fcfcfc;
  17672: fcfcfc;
  17673: fdfdfd;
  17674: fdfdfd;
  17675: fdfdfd;
  17676: fdfdfd;
  17677: fdfdfd;
  17678: fdfdfd;
  17679: fdfbfc;
  17680: fffcfd;
  17681: ffe8e6;
  17682: ffb5ad;
  17683: bd2019;
  17684: bf1c1f;
  17685: e16366;
  17686: ffefe8;
  17687: fdf9ee;
  17688: f7fdf9;
  17689: f6fffe;
  17690: fcfbf9;
  17691: f8f4f1;
  17692: fdfcfa;
  17693: fffdfe;
  17694: fefcff;
  17695: fdfbfe;
  17696: fcfcfc;
  17697: fcfcfc;
  17698: fcfcfc;
  17699: fdfdfd;
  17700: fdfdfd;
  17701: fdfdfd;
  17702: fdfdfd;
  17703: fdfdfd;
  17704: fdfdfd;
  17705: fdfdfd;
  17706: fcfcfc;
  17707: fcfcfc;
  17708: fcfcfc;
  17709: fcfcfc;
  17710: fdfdfd;
  17711: fdfdfd;
  17712: fefcfd;
  17713: fefcfd;
  17714: fdfffa;
  17715: fafff9;
  17716: fafffb;
  17717: fafefd;
  17718: fafeff;
  17719: f9fffd;
  17720: f9fffb;
  17721: fbfffc;
  17722: fcfcfc;
  17723: f5f1f2;
  17724: fffdff;
  17725: fdfbff;
  17726: fbffff;
  17727: 5c6562;
  17728: 600;
  17729: dce7e1;
  17730: f4fafa;
  17731: fcffff;
  17732: f9fdff;
  17733: fbfcff;
  17734: fdfdff;
  17735: fdfbfc;
  17736: fffbff;
  17737: fffbfd;
  17738: fefdf9;
  17739: fcfef9;
  17740: fafff8;
  17741: fafffb;
  17742: fefcff;
  17743: fdfbff;
  17744: fcfcfe;
  17745: fcfcfc;
  17746: fcfcfc;
  17747: fcfcfc;
  17748: fcfcfc;
  17749: fcfcfc;
  17750: fdfdfd;
  17751: fdfdfd;
  17752: fdfdfd;
  17753: fdfdfd;
  17754: fdfdfd;
  17755: fcfcfc;
  17756: fcfcfc;
  17757: fcfcfc;
  17758: fdfdfd;
  17759: fdfdfd;
  17760: fefefc;
  17761: fbfdfa;
  17762: f6fbf5;
  17763: fbfffc;
  17764: f7f8fa;
  17765: f8f9fd;
  17766: fffeff;
  17767: fff6fb;
  17768: ffeeeb;
  17769: c4635c;
  17770: bf110a;
  17771: d7211d;
  17772: ad3735;
  17773: ffe2e1;
  17774: ffeff5;
  17775: f2f7fd;
  17776: f6f7f9;
  17777: fcfcfc;
  17778: fefefe;
  17779: fdfdfd;
  17780: fdfdfd;
  17781: fdfdfd;
  17782: fcfcfc;
  17783: fdfdfd;
  17784: fdfdfd;
  17785: fdfdfd;
  17786: fdfdfd;
  17787: fdfdfd;
  17788: fdfdfd;
  17789: fdfdfd;
  17790: fdfdfd;
  17791: fdfdfd;
  17792: fcfcfc;
  17793: fcfcfc;
  17794: fcfcfc;
  17795: fcfcfc;
  17796: fcfcfc;
  17797: fcfcfc;
  17798: fcfcfc;
  17799: fcfcfc;
  17800: fcfcfc;
  17801: fdfdfd;
  17802: fdfdfd;
  17803: fdfdfd;
  17804: fdfdfd;
  17805: fdfdfd;
  17806: fdfdfd;
  17807: fdfbfc;
  17808: fefafb;
  17809: ffefee;
  17810: ffd5cc;
  17811: a21d16;
  17812: bf1015;
  17813: c72c30;
  17814: ffcbbf;
  17815: f3ddcf;
  17816: fefdf8;
  17817: f8fcfd;
  17818: fffefd;
  17819: fffdfd;
  17820: fffefd;
  17821: fefafb;
  17822: fbf6fa;
  17823: fefcff;
  17824: fdfbfc;
  17825: fcfcfc;
  17826: fcfcfc;
  17827: fcfcfc;
  17828: fdfdfd;
  17829: fdfdfd;
  17830: fdfdfd;
  17831: fdfdfd;
  17832: fdfdfd;
  17833: fdfdfd;
  17834: fcfcfc;
  17835: fcfcfc;
  17836: fcfcfc;
  17837: fcfcfc;
  17838: fdfdfd;
  17839: fdfdfd;
  17840: fffbff;
  17841: fefcfd;
  17842: fcfef9;
  17843: f9fff9;
  17844: f8fefa;
  17845: f8fefe;
  17846: f8fdff;
  17847: fafeff;
  17848: f7fcf8;
  17849: f9fbf6;
  17850: fcfdf8;
  17851: fffffb;
  17852: fdf7f9;
  17853: fffbff;
  17854: fffbff;
  17855: f2edf4;
  17856: 919598;
  17857: f7fcff;
  17858: ebeef3;
  17859: f3f6fb;
  17860: fbfcff;
  17861: f7f7f9;
  17862: fffdfe;
  17863: fffcfd;
  17864: fffbff;
  17865: fffbff;
  17866: fefdfb;
  17867: fdfef9;
  17868: fcfef9;
  17869: fcfefb;
  17870: fdfbfe;
  17871: fdfbff;
  17872: fcfcfe;
  17873: fcfcfc;
  17874: fcfcfc;
  17875: fcfcfc;
  17876: fcfcfc;
  17877: fcfcfc;
  17878: fdfdfd;
  17879: fdfdfd;
  17880: fdfdfd;
  17881: fdfdfd;
  17882: fcfcfc;
  17883: fcfcfc;
  17884: fcfcfc;
  17885: fcfcfc;
  17886: fdfdfd;
  17887: fdfdfb;
  17888: f9fbf8;
  17889: fcfffb;
  17890: f6fcfa;
  17891: f7fdfb;
  17892: eef2f3;
  17893: fcffff;
  17894: eef1f6;
  17895: fff4f7;
  17896: ffe5e0;
  17897: b32f2a;
  17898: db1b18;
  17899: d4211d;
  17900: dd827d;
  17901: fff0ee;
  17902: f9f3f7;
  17903: f2f7fd;
  17904: f8f9fb;
  17905: fdfdfd;
  17906: fdfdfd;
  17907: fdfdfd;
  17908: fdfdfd;
  17909: fdfdfd;
  17910: fcfcfc;
  17911: fdfdfd;
  17912: fdfdfd;
  17913: fdfdfd;
  17914: fdfdfd;
  17915: fdfdfd;
  17916: fdfdfd;
  17917: fdfdfd;
  17918: fdfdfd;
  17919: fdfdfd;
  17920: fcfcfc;
  17921: fcfcfc;
  17922: fcfcfc;
  17923: fcfcfc;
  17924: fcfcfc;
  17925: fcfcfc;
  17926: fcfcfc;
  17927: fcfcfc;
  17928: fcfcfc;
  17929: fdfdfd;
  17930: fdfdfd;
  17931: fdfdfd;
  17932: fdfdff;
  17933: fdfdff;
  17934: fdfdff;
  17935: fcfcfe;
  17936: fbf9fc;
  17937: fff9f8;
  17938: ffebe3;
  17939: 9c332d;
  17940: c3121a;
  17941: c21117;
  17942: db7164;
  17943: ffdaca;
  17944: fff6ef;
  17945: faf8f9;
  17946: fff9fb;
  17947: fff8fb;
  17948: fdf7f9;
  17949: fffdfe;
  17950: fffeff;
  17951: fbfbfb;
  17952: fcfcfc;
  17953: fcfcfc;
  17954: fcfcfc;
  17955: fcfcfc;
  17956: fdfdfd;
  17957: fdfdfd;
  17958: fdfdfd;
  17959: fdfdfd;
  17960: fdfdfd;
  17961: fcfcfc;
  17962: fcfcfc;
  17963: fcfcfc;
  17964: fcfcfc;
  17965: fcfcfc;
  17966: fdfdfd;
  17967: fdfdff;
  17968: fffbff;
  17969: fefcff;
  17970: fdfef9;
  17971: fcfff8;
  17972: f9fefa;
  17973: f9fdfe;
  17974: fcfbff;
  17975: fdfaff;
  17976: fffeff;
  17977: fcf8f5;
  17978: fcfff8;
  17979: fafdf4;
  17980: fcfbf7;
  17981: fdf1f3;
  17982: f9dee5;
  17983: fff2f8;
  17984: f1edec;
  17985: f9fffd;
  17986: f4fcfe;
  17987: f7fcff;
  17988: fdfcff;
  17989: fffdff;
  17990: fffafb;
  17991: fff9fa;
  17992: fffbff;
  17993: fefcff;
  17994: fdfdff;
  17995: fcfefd;
  17996: fdfef9;
  17997: fefdfb;
  17998: fffafe;
  17999: fffaff;
  18000: fdfbfe;
  18001: fcfcfc;
  18002: fcfcfc;
  18003: fcfcfc;
  18004: fcfcfc;
  18005: fcfcfc;
  18006: fdfdfd;
  18007: fdfdfd;
  18008: fdfdfd;
  18009: fdfdfd;
  18010: fcfcfc;
  18011: fcfcfc;
  18012: fcfcfc;
  18013: fcfcfc;
  18014: fcfcfc;
  18015: fcfefb;
  18016: fafffb;
  18017: f6fcf8;
  18018: f8fefe;
  18019: f9fdff;
  18020: f6f6f8;
  18021: f6f6f8;
  18022: f6faf9;
  18023: ffe7e5;
  18024: ffc5c3;
  18025: b81412;
  18026: d61516;
  18027: b41414;
  18028: ffccc6;
  18029: fff2ef;
  18030: fcfdff;
  18031: f6feff;
  18032: f9fafc;
  18033: fdfdfd;
  18034: fdfdfd;
  18035: fcfcfc;
  18036: fdfdfd;
  18037: fdfdfd;
  18038: fcfcfc;
  18039: fcfcfc;
  18040: fcfcfc;
  18041: fdfdfd;
  18042: fdfdfd;
  18043: fdfdfd;
  18044: fdfdfd;
  18045: fdfdfd;
  18046: fdfdfd;
  18047: fdfdfd;
  18048: fcfcfc;
  18049: fcfcfc;
  18050: fcfcfc;
  18051: fcfcfc;
  18052: fcfcfc;
  18053: fcfcfc;
  18054: fcfcfc;
  18055: fcfcfc;
  18056: fcfcfc;
  18057: fdfdfd;
  18058: fdfdfd;
  18059: fdfdfd;
  18060: fdfdff;
  18061: fdfdff;
  18062: fdfdff;
  18063: fcfcfe;
  18064: fcfcfe;
  18065: fcf2f1;
  18066: fff8f1;
  18067: ffb5b0;
  18068: bd161d;
  18069: d2181b;
  18070: a7170e;
  18071: ffbeb2;
  18072: ffe9e6;
  18073: fff9fa;
  18074: fffbfd;
  18075: fffdff;
  18076: fcf7fb;
  18077: fcfafd;
  18078: fefefe;
  18079: f9fbfa;
  18080: fcfcfc;
  18081: fcfcfc;
  18082: fcfcfc;
  18083: fcfcfc;
  18084: fdfdfd;
  18085: fdfdfd;
  18086: fdfdfd;
  18087: fdfdfd;
  18088: fcfcfc;
  18089: fcfcfc;
  18090: fcfcfc;
  18091: fcfcfc;
  18092: fcfcfc;
  18093: fcfcfc;
  18094: fdfdfd;
  18095: fdfdff;
  18096: fefcff;
  18097: fefcff;
  18098: fefdf9;
  18099: fefdf8;
  18100: fbfdfa;
  18101: fbfcfe;
  18102: fdfaff;
  18103: fffaff;
  18104: fdf7fb;
  18105: fffefb;
  18106: fafff8;
  18107: eef0e5;
  18108: fffcf6;
  18109: ffedeb;
  18110: ffd7db;
  18111: 80393f;
  18112: ffe4e2;
  18113: f8e3de;
  18114: fdf7f7;
  18115: ececee;
  18116: fafafc;
  18117: fef9fd;
  18118: fff5f6;
  18119: fff9fa;
  18120: fefcff;
  18121: fcfdff;
  18122: fafeff;
  18123: fafeff;
  18124: fefcfd;
  18125: fffbfa;
  18126: fffafe;
  18127: fffafe;
  18128: fdfbfc;
  18129: fcfcfc;
  18130: fcfcfc;
  18131: fcfcfc;
  18132: fcfcfc;
  18133: fcfcfc;
  18134: fdfdfd;
  18135: fdfdfd;
  18136: fdfdfd;
  18137: fdfdfd;
  18138: fcfcfc;
  18139: fcfcfc;
  18140: fcfcfc;
  18141: fcfcfc;
  18142: fcfcfc;
  18143: fcfefd;
  18144: f7fdf9;
  18145: f6fffc;
  18146: f7fcff;
  18147: f5f8fd;
  18148: f2f3f5;
  18149: fffefd;
  18150: fff7f2;
  18151: ffe9e5;
  18152: ae1e1d;
  18153: d01818;
  18154: c8181a;
  18155: dd5b5b;
  18156: ffe6e2;
  18157: fcf9f4;
  18158: f9fbfa;
  18159: edf1f2;
  18160: fafcfb;
  18161: fdfdfd;
  18162: fdfdfd;
  18163: fcfcfc;
  18164: fdfdfd;
  18165: fdfdfd;
  18166: fbfbfb;
  18167: fcfcfc;
  18168: fcfcfc;
  18169: fdfdfd;
  18170: fdfdfd;
  18171: fdfdfd;
  18172: fdfdfd;
  18173: fdfdfd;
  18174: fdfdfd;
  18175: fdfdfd;
  18176: fcfcfc;
  18177: fcfcfc;
  18178: fcfcfc;
  18179: fcfcfc;
  18180: fcfcfc;
  18181: fcfcfc;
  18182: fcfcfc;
  18183: fcfcfc;
  18184: fcfcfc;
  18185: fdfdfd;
  18186: fdfdff;
  18187: fdfdff;
  18188: fdfdff;
  18189: fdfdff;
  18190: fdfdff;
  18191: fcfcfe;
  18192: fdfbfc;
  18193: fcf8f5;
  18194: fffdf8;
  18195: ffe6e3;
  18196: b42827;
  18197: c60e0e;
  18198: d11815;
  18199: e04f4c;
  18200: ffebea;
  18201: fff7f8;
  18202: eeeaeb;
  18203: f5f6fa;
  18204: fffeff;
  18205: fdfcff;
  18206: fbfdfc;
  18207: fcfefb;
  18208: fcfcfc;
  18209: fcfcfc;
  18210: fcfcfc;
  18211: fcfcfc;
  18212: fcfcfc;
  18213: fdfdfd;
  18214: fdfdfd;
  18215: fdfdfd;
  18216: fcfcfc;
  18217: fcfcfc;
  18218: fcfcfc;
  18219: fcfcfc;
  18220: fcfcfc;
  18221: fcfcfc;
  18222: fdfdfd;
  18223: fdfdff;
  18224: fdfcff;
  18225: fffdff;
  18226: fffdfa;
  18227: fffcf8;
  18228: fdfcf8;
  18229: fcfcfc;
  18230: fcfbff;
  18231: fdfaff;
  18232: fffbff;
  18233: fbfbf9;
  18234: f5fcf5;
  18235: fffff6;
  18236: ffefe8;
  18237: ffd5d2;
  18238: e76267;
  18239: ae1d22;
  18240: db6b69;
  18241: ffe3de;
  18242: ffe5e5;
  18243: fff5f6;
  18244: fdfeff;
  18245: f9ffff;
  18246: fffdfc;
  18247: fefaf7;
  18248: fcfefd;
  18249: f7ffff;
  18250: f6ffff;
  18251: f7ffff;
  18252: fdfdff;
  18253: fdfbfc;
  18254: fdfbfc;
  18255: fdfbfc;
  18256: fcfcfc;
  18257: fcfcfc;
  18258: fcfcfc;
  18259: fcfcfc;
  18260: fcfcfc;
  18261: fcfcfc;
  18262: fdfdfd;
  18263: fdfdfd;
  18264: fdfdfd;
  18265: fdfdfd;
  18266: fcfcfc;
  18267: fcfcfc;
  18268: fcfcfc;
  18269: fcfcfc;
  18270: fcfcfc;
  18271: fbfdfc;
  18272: f8fcfb;
  18273: f8fefe;
  18274: f6fbff;
  18275: f3f8fc;
  18276: f3f9f7;
  18277: fdf6f0;
  18278: fff2ec;
  18279: f39593;
  18280: c31517;
  18281: d21416;
  18282: a11312;
  18283: ffc6c4;
  18284: ffefeb;
  18285: fafbf6;
  18286: fffffb;
  18287: fbfaf6;
  18288: fcfcfa;
  18289: fdfdfd;
  18290: fcfcfc;
  18291: fcfcfc;
  18292: fdfdfd;
  18293: fdfdfd;
  18294: fbfbfb;
  18295: fcfcfc;
  18296: fcfcfc;
  18297: fcfcfc;
  18298: fdfdfd;
  18299: fdfdfd;
  18300: fdfdfd;
  18301: fdfdfd;
  18302: fdfdfd;
  18303: fdfdfd;
  18304: fcfcfc;
  18305: fcfcfc;
  18306: fcfcfc;
  18307: fcfcfc;
  18308: fcfcfc;
  18309: fcfcfc;
  18310: fcfcfc;
  18311: fcfcfc;
  18312: fcfcfc;
  18313: fdfdfd;
  18314: fdfdff;
  18315: fdfdff;
  18316: fdfdff;
  18317: fdfdff;
  18318: fdfdff;
  18319: fcfcfc;
  18320: fafafa;
  18321: fbfbf9;
  18322: f6f5f3;
  18323: ffeeea;
  18324: ffb1ad;
  18325: be1f1b;
  18326: d30d0e;
  18327: c51518;
  18328: ef9094;
  18329: ffe1e4;
  18330: fff8fa;
  18331: fcfdff;
  18332: f8fcff;
  18333: f9fafe;
  18334: fbfcfe;
  18335: f9fbfa;
  18336: fbfdfc;
  18337: fcfcfa;
  18338: fdfbfc;
  18339: fdfbfc;
  18340: fcfcfc;
  18341: fcfefd;
  18342: fafefd;
  18343: fafefd;
  18344: fbfdfc;
  18345: fbfdfc;
  18346: fbfdfc;
  18347: fcfcfc;
  18348: fcfcfc;
  18349: fcfcfc;
  18350: fdfdfd;
  18351: fdfdff;
  18352: fdfeff;
  18353: fefdff;
  18354: fffdfa;
  18355: fffdf8;
  18356: fdfdfb;
  18357: fbfdfc;
  18358: fcfbff;
  18359: fcfbff;
  18360: fdfcff;
  18361: fbfcfe;
  18362: f9fff9;
  18363: f8e5df;
  18364: ffd9d8;
  18365: a12324;
  18366: cb171a;
  18367: d11011;
  18368: c31b18;
  18369: c03f3a;
  18370: ffafb0;
  18371: ffebec;
  18372: fffbfb;
  18373: f7ffff;
  18374: f8faf7;
  18375: fefffd;
  18376: fafefd;
  18377: f7ffff;
  18378: f6ffff;
  18379: f7ffff;
  18380: fdfcff;
  18381: fdfbfe;
  18382: fdfbfc;
  18383: fcfbf9;
  18384: fdfcfa;
  18385: fdfcfa;
  18386: fdfbfc;
  18387: fcfcfc;
  18388: fcfcfc;
  18389: fcfcfe;
  18390: fefcff;
  18391: fefcff;
  18392: fdfdfd;
  18393: fdfdfd;
  18394: fbfdfc;
  18395: fcfcfc;
  18396: fcfcfc;
  18397: fcfcfc;
  18398: fbfdfc;
  18399: fbfdfc;
  18400: f9fbfa;
  18401: feffff;
  18402: f6f9fe;
  18403: f4f8fb;
  18404: fdfef9;
  18405: fff1ea;
  18406: ffbbba;
  18407: 9e191a;
  18408: cd1419;
  18409: bc0e10;
  18410: ff9693;
  18411: ffe8e5;
  18412: fff1f1;
  18413: f3f3f1;
  18414: fcf8f5;
  18415: fdf9f6;
  18416: fefdfb;
  18417: fdfdfd;
  18418: fcfcfc;
  18419: fcfcfc;
  18420: fdfdfd;
  18421: fdfdfd;
  18422: fbfbfb;
  18423: fcfcfc;
  18424: fcfcfc;
  18425: fcfcfc;
  18426: fdfdfd;
  18427: fdfdfd;
  18428: fdfdfd;
  18429: fdfdfd;
  18430: fdfdfd;
  18431: fdfdfd;
  18432: fcfcfc;
  18433: fcfcfc;
  18434: fcfcfc;
  18435: fcfcfc;
  18436: fcfcfc;
  18437: fcfcfc;
  18438: fcfcfc;
  18439: fcfcfc;
  18440: fcfcfc;
  18441: fdfdfd;
  18442: fdfdfd;
  18443: fdfdfd;
  18444: fdfdfd;
  18445: fdfdfd;
  18446: fcfcfc;
  18447: fbfdfc;
  18448: f8fcfd;
  18449: f7fbfc;
  18450: fdfdfb;
  18451: fff7f2;
  18452: ffe8df;
  18453: b54039;
  18454: c80f14;
  18455: cf1219;
  18456: 97141c;
  18457: ffe8ec;
  18458: ffeceb;
  18459: fbfaf6;
  18460: f8fdf7;
  18461: f4f8f7;
  18462: fcfbff;
  18463: fbfaff;
  18464: fbfffe;
  18465: fdfef9;
  18466: fffbfd;
  18467: fffbff;
  18468: fefeff;
  18469: faffff;
  18470: f7fffe;
  18471: f6fffb;
  18472: f7fffb;
  18473: f8fefa;
  18474: f8fcfb;
  18475: fafcfb;
  18476: fdfbfe;
  18477: fefcfd;
  18478: fcfcfc;
  18479: fbfdfc;
  18480: fbfcfe;
  18481: feffff;
  18482: fbfdfa;
  18483: fcfefb;
  18484: fafefd;
  18485: fafeff;
  18486: efeff1;
  18487: fefdff;
  18488: f6f7fc;
  18489: f5f9fc;
  18490: f3f8f4;
  18491: ffe7e5;
  18492: ee686f;
  18493: dd2027;
  18494: dc0e0e;
  18495: e7120e;
  18496: ed1c17;
  18497: c7110e;
  18498: 9f171b;
  18499: ffdce1;
  18500: ffefee;
  18501: f1f3f0;
  18502: f6fffc;
  18503: f9ffff;
  18504: f9fdfe;
  18505: feffff;
  18506: fcffff;
  18507: fafbff;
  18508: fbf9fe;
  18509: fffcff;
  18510: fefafb;
  18511: fffdfc;
  18512: fffbf8;
  18513: fffbf8;
  18514: fffbfa;
  18515: fdfbfc;
  18516: fcfcfe;
  18517: fdfcff;
  18518: fffbff;
  18519: fffbff;
  18520: fefcff;
  18521: fbfdfc;
  18522: f9fdfc;
  18523: fefffd;
  18524: fdfcfa;
  18525: fffefc;
  18526: fcffff;
  18527: f7fcf8;
  18528: fffef9;
  18529: fcf9f4;
  18530: f5f7f4;
  18531: fffdfa;
  18532: fff3ec;
  18533: ffc7c4;
  18534: d64e52;
  18535: cc1d24;
  18536: c41617;
  18537: ef6865;
  18538: ffd5d0;
  18539: ffefec;
  18540: fff9fc;
  18541: fdfbff;
  18542: fbf9fc;
  18543: fdfbfc;
  18544: fcfcfc;
  18545: fdfdfd;
  18546: fdfdfd;
  18547: fdfdfd;
  18548: fdfdfd;
  18549: fcfcfc;
  18550: fcfcfc;
  18551: fcfcfc;
  18552: fcfcfc;
  18553: fcfcfc;
  18554: fdfdfd;
  18555: fdfdfd;
  18556: fdfdfd;
  18557: fdfdfd;
  18558: fdfdfd;
  18559: fdfdfd;
  18560: fcfcfc;
  18561: fcfcfc;
  18562: fcfcfc;
  18563: fcfcfc;
  18564: fcfcfc;
  18565: fcfcfc;
  18566: fcfcfc;
  18567: fcfcfc;
  18568: fcfcfc;
  18569: fdfdfd;
  18570: fdfdfd;
  18571: fdfdfd;
  18572: fdfdfd;
  18573: fdfdfd;
  18574: fcfcfc;
  18575: fbfdfc;
  18576: fbffff;
  18577: fcfdff;
  18578: f6f4f5;
  18579: fbedec;
  18580: fff7ef;
  18581: d98e89;
  18582: ac1a1d;
  18583: c2131a;
  18584: b5151d;
  18585: e76a6e;
  18586: ffdcdd;
  18587: ffe7e5;
  18588: fff9f4;
  18589: fcfefb;
  18590: f4f3f8;
  18591: f9f8fd;
  18592: f5faf6;
  18593: fcfef9;
  18594: fffbfb;
  18595: fffafc;
  18596: fefeff;
  18597: fbffff;
  18598: f8fffe;
  18599: f8fffd;
  18600: f8fffc;
  18601: fafffb;
  18602: fbfdfa;
  18603: fcfcfc;
  18604: fffcfd;
  18605: fffbff;
  18606: fdfdfd;
  18607: fdfdfd;
  18608: ffffff;
  18609: f7f7f7;
  18610: ffffff;
  18611: fbfdfc;
  18612: f8fcfb;
  18613: fbfffe;
  18614: fafcfb;
  18615: f5f7f6;
  18616: fbfcfe;
  18617: fff7f5;
  18618: fff3ef;
  18619: ffcecc;
  18620: bf111a;
  18621: d7050e;
  18622: d21211;
  18623: c90d04;
  18624: e2160d;
  18625: dd1611;
  18626: c01013;
  18627: f87177;
  18628: ffdde0;
  18629: fff3f2;
  18630: fffefa;
  18631: f4fdfc;
  18632: eef2f3;
  18633: feffff;
  18634: f9fafe;
  18635: fafbfd;
  18636: fffeff;
  18637: fef9fd;
  18638: fffbff;
  18639: f9f7f8;
  18640: fdfcf8;
  18641: fdfcf8;
  18642: fdfcfa;
  18643: fcfcfc;
  18644: fcfcfc;
  18645: fcfcfe;
  18646: fefcff;
  18647: fefcff;
  18648: fefefe;
  18649: fefefe;
  18650: fefffd;
  18651: f9f9f7;
  18652: fffefd;
  18653: fffefc;
  18654: f6f8f7;
  18655: fbfffc;
  18656: fcfbf7;
  18657: faf7f2;
  18658: fffbf7;
  18659: fff5f1;
  18660: ffe9e3;
  18661: cf5f5d;
  18662: c9161c;
  18663: cc0d14;
  18664: 9e0e0d;
  18665: ffb8b3;
  18666: fff0eb;
  18667: fcfbf7;
  18668: fefcff;
  18669: fefcff;
  18670: fffdff;
  18671: fcfafb;
  18672: fcfcfc;
  18673: fdfdfd;
  18674: fdfdfd;
  18675: fdfdfd;
  18676: fdfdfd;
  18677: fcfcfc;
  18678: fcfcfc;
  18679: fcfcfc;
  18680: fcfcfc;
  18681: fcfcfc;
  18682: fdfdfd;
  18683: fdfdfd;
  18684: fdfdfd;
  18685: fdfdfd;
  18686: fdfdfd;
  18687: fdfdfd;
  18688: fcfcfc;
  18689: fcfcfc;
  18690: fcfcfc;
  18691: fcfcfc;
  18692: fcfcfc;
  18693: fcfcfc;
  18694: fcfcfc;
  18695: fcfcfc;
  18696: fdfdfd;
  18697: fdfdfd;
  18698: fdfdfd;
  18699: fdfdfd;
  18700: fdfdfd;
  18701: fdfdfd;
  18702: fcfcfc;
  18703: fcfcfc;
  18704: faf9f7;
  18705: fefaf9;
  18706: fff8fb;
  18707: fff7f8;
  18708: f0e8e6;
  18709: fff5f4;
  18710: ffd7d8;
  18711: 9b1516;
  18712: d42023;
  18713: c20a0c;
  18714: 9e100f;
  18715: ffa2a2;
  18716: fff0f2;
  18717: fffdff;
  18718: f9f5f4;
  18719: fafbf6;
  18720: fefffd;
  18721: fcfffd;
  18722: fbfcf7;
  18723: fbfcf7;
  18724: fffffd;
  18725: fffffd;
  18726: fbfbfb;
  18727: ffffff;
  18728: fefcfd;
  18729: fdfcfa;
  18730: fffbfa;
  18731: fffbfa;
  18732: fffbfc;
  18733: fefcff;
  18734: fefcff;
  18735: fefcff;
  18736: fefafb;
  18737: fffdfd;
  18738: fffaff;
  18739: fef9fd;
  18740: f8faf9;
  18741: f9fffb;
  18742: f6fff8;
  18743: f2f7f0;
  18744: fffff4;
  18745: fff2e8;
  18746: f89a92;
  18747: a6120e;
  18748: cf0b0f;
  18749: c50709;
  18750: b12d28;
  18751: ffcabf;
  18752: da3e31;
  18753: cf1810;
  18754: e11516;
  18755: d01319;
  18756: b32b2f;
  18757: ffdee0;
  18758: ffe9e8;
  18759: fefffd;
  18760: fcfdff;
  18761: fcffff;
  18762: f7fffd;
  18763: f6fcf8;
  18764: fdfdfd;
  18765: fefcff;
  18766: f8f9fb;
  18767: fcffff;
  18768: f8fcfd;
  18769: f8fcfd;
  18770: fafcfb;
  18771: fafcf9;
  18772: fafcf9;
  18773: fafcf7;
  18774: fbfdf8;
  18775: fbfdf8;
  18776: fafbf6;
  18777: fffffb;
  18778: fefaf9;
  18779: fffcfb;
  18780: fdf7f7;
  18781: fffdfc;
  18782: fffbfa;
  18783: f6f6f6;
  18784: f9ffff;
  18785: fefffd;
  18786: fff1f1;
  18787: ffeae8;
  18788: ba3d37;
  18789: c21310;
  18790: e11013;
  18791: bd090a;
  18792: ffb3ab;
  18793: ffefe5;
  18794: faf3ed;
  18795: f1f7f3;
  18796: fafeff;
  18797: fafcfb;
  18798: fdfdfb;
  18799: fbfcf7;
  18800: fcfcfc;
  18801: fdfdfd;
  18802: fdfdfd;
  18803: fdfdfd;
  18804: fdfdfd;
  18805: fcfcfc;
  18806: fcfcfc;
  18807: fcfcfc;
  18808: fcfcfc;
  18809: fcfcfc;
  18810: fdfdfd;
  18811: fdfdfd;
  18812: fdfdfd;
  18813: fdfdfd;
  18814: fdfdfd;
  18815: fdfdfd;
  18816: fcfcfc;
  18817: fcfcfc;
  18818: fcfcfc;
  18819: fcfcfc;
  18820: fcfcfc;
  18821: fcfcfc;
  18822: fcfcfc;
  18823: fcfcfc;
  18824: fdfdfd;
  18825: fdfdfd;
  18826: fdfdfd;
  18827: fdfdfd;
  18828: fdfdfd;
  18829: fdfdfd;
  18830: fcfcfc;
  18831: fcfcfc;
  18832: fefdfb;
  18833: fffefd;
  18834: fffcff;
  18835: fdf7fb;
  18836: fafbfd;
  18837: fef4f5;
  18838: ffecec;
  18839: da7f7e;
  18840: c01c1b;
  18841: d10f0f;
  18842: d11f1b;
  18843: be302e;
  18844: ffc5ca;
  18845: ffe9eb;
  18846: fff3eb;
  18847: fffff8;
  18848: f9f9f9;
  18849: fcfdff;
  18850: fcfefb;
  18851: fafcf7;
  18852: fdfcf7;
  18853: fffbf8;
  18854: fefaf9;
  18855: fffdfe;
  18856: fffbfc;
  18857: fffbfc;
  18858: fff9f9;
  18859: fefaf9;
  18860: fdfcfa;
  18861: fdfdfd;
  18862: fdfdff;
  18863: fefcff;
  18864: fffefb;
  18865: fef9f6;
  18866: fffafe;
  18867: fef9fd;
  18868: fcfcfe;
  18869: fbfdfa;
  18870: ecede7;
  18871: fffbf1;
  18872: ffe4d8;
  18873: ffc5b8;
  18874: b31a12;
  18875: da2420;
  18876: cb1416;
  18877: ae1a1a;
  18878: e59691;
  18879: ffe6dd;
  18880: ffb5a8;
  18881: a81e14;
  18882: c6100f;
  18883: e42125;
  18884: c11016;
  18885: db5355;
  18886: ffe8e6;
  18887: ffe3e2;
  18888: f7e7e7;
  18889: fcfcfa;
  18890: eff8f3;
  18891: eff8f5;
  18892: f4f4f4;
  18893: fdfbfc;
  18894: fcffff;
  18895: f8fefe;
  18896: f6feff;
  18897: f5ffff;
  18898: f8fefe;
  18899: f9fdfc;
  18900: fbfdfa;
  18901: fbfdf8;
  18902: f8fdf7;
  18903: f8fdf6;
  18904: fcfdf7;
  18905: faf9f5;
  18906: fffdfa;
  18907: fffbfb;
  18908: fffcfb;
  18909: fcfbf9;
  18910: fffefd;
  18911: f7f6f4;
  18912: f5f5f7;
  18913: fff4f4;
  18914: ffe7e6;
  18915: f68a87;
  18916: b9140e;
  18917: db1b16;
  18918: d41819;
  18919: b62827;
  18920: ffe2da;
  18921: f7f3e8;
  18922: fcfffa;
  18923: ebf4ef;
  18924: f8fefa;
  18925: fafffb;
  18926: f8faf5;
  18927: fefffa;
  18928: fcfcfa;
  18929: fdfdfd;
  18930: fdfdfd;
  18931: fdfdfd;
  18932: fdfdfd;
  18933: fcfcfc;
  18934: fcfcfc;
  18935: fcfcfc;
  18936: fcfcfc;
  18937: fdfdfd;
  18938: fdfdfd;
  18939: fdfdfd;
  18940: fdfdfd;
  18941: fdfdfd;
  18942: fdfdfd;
  18943: fdfdfd;
  18944: fcfcfc;
  18945: fcfcfc;
  18946: fcfcfc;
  18947: fcfcfc;
  18948: fcfcfc;
  18949: fcfcfc;
  18950: fcfcfc;
  18951: fcfcfc;
  18952: fdfdfd;
  18953: fdfdfd;
  18954: fdfdfd;
  18955: fdfdfd;
  18956: fdfdfd;
  18957: fdfdfd;
  18958: fcfcfc;
  18959: fcfcfc;
  18960: fbfdfa;
  18961: fdfdfb;
  18962: fdf8fc;
  18963: fffdff;
  18964: fcfcfe;
  18965: f6f2f3;
  18966: fff9f8;
  18967: ffdddd;
  18968: ff9897;
  18969: bc211d;
  18970: c30e05;
  18971: d32019;
  18972: ac1212;
  18973: ff9998;
  18974: fff1e8;
  18975: f7f6f1;
  18976: fffbff;
  18977: fff9ff;
  18978: fbfbfd;
  18979: fafbf6;
  18980: fffcf5;
  18981: fffef8;
  18982: fffffb;
  18983: fafaf8;
  18984: fdfdff;
  18985: fefcff;
  18986: fffafc;
  18987: fefaf9;
  18988: fbfdf8;
  18989: fbfff9;
  18990: fbfff9;
  18991: fbfef7;
  18992: fcfdf5;
  18993: fefff9;
  18994: fafcfb;
  18995: f9fafe;
  18996: fdfcff;
  18997: fef5f8;
  18998: fde8e5;
  18999: ffd1cc;
  19000: b7302d;
  19001: cf1916;
  19002: de130d;
  19003: cd140f;
  19004: ba3836;
  19005: ffe4e5;
  19006: ffeaea;
  19007: fff0ef;
  19008: ffdfd6;
  19009: ffe7de;
  19010: f78a85;
  19011: c42c29;
  19012: cc1011;
  19013: db1d1f;
  19014: b01010;
  19015: ce5c5b;
  19016: ffe0de;
  19017: fff6f5;
  19018: f8fcfd;
  19019: f9ffff;
  19020: fffeff;
  19021: fffeff;
  19022: f5f7f6;
  19023: f8fefc;
  19024: f5fffd;
  19025: f3fffd;
  19026: f6ffff;
  19027: f9ffff;
  19028: fcfcfe;
  19029: fdfbfc;
  19030: fbfdfc;
  19031: fafcf9;
  19032: fefffa;
  19033: fdf9f6;
  19034: fff8f6;
  19035: fffaf7;
  19036: fbfcf7;
  19037: f8fdf7;
  19038: f1f3f0;
  19039: fffefb;
  19040: fff4f6;
  19041: ffd1d2;
  19042: d34947;
  19043: cd1f18;
  19044: cf1e14;
  19045: ab0d04;
  19046: c14a4c;
  19047: ffe2e5;
  19048: ffefeb;
  19049: fefffa;
  19050: eef1ea;
  19051: fcfffa;
  19052: fafff9;
  19053: fcfffb;
  19054: f7fcf5;
  19055: fafcf7;
  19056: fcfcfa;
  19057: fdfdfd;
  19058: fdfdfd;
  19059: fdfdfd;
  19060: fdfdfd;
  19061: fdfdfd;
  19062: fcfcfc;
  19063: fcfcfc;
  19064: fdfdfd;
  19065: fdfdfd;
  19066: fdfdfd;
  19067: fdfdfd;
  19068: fdfdfd;
  19069: fdfdfd;
  19070: fdfdfd;
  19071: fdfdfd;
  19072: fcfcfc;
  19073: fcfcfc;
  19074: fcfcfc;
  19075: fcfcfc;
  19076: fcfcfc;
  19077: fcfcfc;
  19078: fcfcfc;
  19079: fcfcfc;
  19080: fdfdfd;
  19081: fdfdfd;
  19082: fdfdfd;
  19083: fdfdfd;
  19084: fdfdfd;
  19085: fdfdfd;
  19086: fdfdfd;
  19087: fcfcfc;
  19088: fbfdfc;
  19089: feffff;
  19090: f8f8fa;
  19091: f0eef1;
  19092: fcfafb;
  19093: ffffff;
  19094: fafefd;
  19095: fff6f6;
  19096: ffe1e0;
  19097: c15552;
  19098: a20a00;
  19099: cd180f;
  19100: d01311;
  19101: b41615;
  19102: ffc3be;
  19103: ffe9e7;
  19104: fff3fb;
  19105: fff2fb;
  19106: fff9fb;
  19107: fffffb;
  19108: fffdf8;
  19109: fcf9f4;
  19110: fbfaf8;
  19111: ffffff;
  19112: fafbff;
  19113: fcfbff;
  19114: fffafe;
  19115: fcfafb;
  19116: fbfdf8;
  19117: fafff8;
  19118: f9fff5;
  19119: f7fdf3;
  19120: fcfff8;
  19121: fafdf6;
  19122: fbfbfb;
  19123: fff8fb;
  19124: fff5f8;
  19125: ffe8eb;
  19126: ffe9ec;
  19127: b63e3f;
  19128: c6090d;
  19129: dc0608;
  19130: db110f;
  19131: c0221f;
  19132: ffd2d0;
  19133: ffdddc;
  19134: fbf3f1;
  19135: f6f8f5;
  19136: fbfaf6;
  19137: ffede6;
  19138: ffede6;
  19139: cc6560;
  19140: b91111;
  19141: dd1517;
  19142: d80d10;
  19143: c01617;
  19144: e77f7c;
  19145: ffe4e2;
  19146: ffeaeb;
  19147: f8e4e6;
  19148: fff6f9;
  19149: fff7f8;
  19150: fffffd;
  19151: f7fffb;
  19152: f4fff9;
  19153: f4fffb;
  19154: f5fefb;
  19155: f8fcfb;
  19156: fefafb;
  19157: fefafb;
  19158: fbf9fa;
  19159: fafafa;
  19160: f7f7f5;
  19161: fffffd;
  19162: fcf8f5;
  19163: fffdfa;
  19164: fbfcf6;
  19165: fef9f5;
  19166: fff8f8;
  19167: fff0f1;
  19168: ffbfc2;
  19169: e46c6d;
  19170: c50c09;
  19171: d10c04;
  19172: b3170b;
  19173: d8675f;
  19174: ffcdcf;
  19175: ffe8ed;
  19176: fffafa;
  19177: ebf1ed;
  19178: fefffb;
  19179: f2f3ed;
  19180: fbfdf8;
  19181: f9fef8;
  19182: fcfef9;
  19183: f8faf7;
  19184: fcfcfc;
  19185: fcfcfc;
  19186: fdfdfd;
  19187: fdfdfd;
  19188: fdfdfd;
  19189: fdfdfd;
  19190: fcfcfc;
  19191: fcfcfc;
  19192: fdfdfd;
  19193: fdfdfd;
  19194: fdfdfd;
  19195: fdfdfd;
  19196: fdfdfd;
  19197: fdfdfd;
  19198: fdfdfd;
  19199: fdfdfd;
  19200: fcfcfc;
  19201: fcfcfc;
  19202: fcfcfc;
  19203: fcfcfc;
  19204: fcfcfc;
  19205: fcfcfc;
  19206: fcfcfc;
  19207: fdfdfd;
  19208: fdfdfd;
  19209: fdfdfd;
  19210: fdfdfd;
  19211: fdfdfd;
  19212: fdfdfd;
  19213: fdfdfd;
  19214: fdfdfd;
  19215: fcfcfc;
  19216: fafbfd;
  19217: fbfcfe;
  19218: fdfdfd;
  19219: fbf9fa;
  19220: fcfcfc;
  19221: f6f8f7;
  19222: f6fafb;
  19223: fffffd;
  19224: fff2f1;
  19225: ffd1ce;
  19226: da7972;
  19227: af1e19;
  19228: db1718;
  19229: d00509;
  19230: dc373d;
  19231: f17478;
  19232: ffd6d7;
  19233: ffedea;
  19234: fff4ed;
  19235: f4f3ee;
  19236: f8f8f8;
  19237: fbfaff;
  19238: faf7fe;
  19239: fdfaff;
  19240: f9f8fe;
  19241: fbfcff;
  19242: fcfdff;
  19243: fbfcff;
  19244: f9fbfa;
  19245: fafcf9;
  19246: fafbf6;
  19247: f6fbf4;
  19248: f8fffa;
  19249: fafff9;
  19250: fff7f8;
  19251: ffeef2;
  19252: ffe0e1;
  19253: ffcccd;
  19254: d94345;
  19255: c2090e;
  19256: e6181c;
  19257: d00d11;
  19258: b11b1d;
  19259: eb898a;
  19260: ffeaeb;
  19261: fdf3f1;
  19262: fafdf4;
  19263: f5fdf2;
  19264: fcfefb;
  19265: fbf7f4;
  19266: fff1ea;
  19267: ffeae4;
  19268: a32f2f;
  19269: be181c;
  19270: e4171c;
  19271: da0c0e;
  19272: af0802;
  19273: f8716d;
  19274: ffcfd0;
  19275: ffdde1;
  19276: ffeaef;
  19277: ffecee;
  19278: fefefc;
  19279: eef7f2;
  19280: f6faf9;
  19281: f8faf9;
  19282: fbfaf8;
  19283: fdfaf5;
  19284: fff9f6;
  19285: fffaf4;
  19286: fdf9f6;
  19287: fafaf8;
  19288: ffffff;
  19289: f9f9f9;
  19290: f5f9f8;
  19291: f3f3f1;
  19292: fff7f5;
  19293: ffebe9;
  19294: ffe4eb;
  19295: ffbec7;
  19296: b61a1d;
  19297: c40807;
  19298: dd0f0f;
  19299: cc1a16;
  19300: 99302a;
  19301: ffdad8;
  19302: fff1f7;
  19303: fff4fb;
  19304: faf8fb;
  19305: fcffff;
  19306: f7f7f5;
  19307: fefefc;
  19308: fcfef9;
  19309: f8faf7;
  19310: fefcfd;
  19311: fffeff;
  19312: fcfcfc;
  19313: fcfcfc;
  19314: fdfdfd;
  19315: fdfdfd;
  19316: fdfdfd;
  19317: fdfdfd;
  19318: fdfdfd;
  19319: fcfcfc;
  19320: fdfdfd;
  19321: fdfdfd;
  19322: fdfdfd;
  19323: fdfdfd;
  19324: fdfdfd;
  19325: fdfdfd;
  19326: fdfdfd;
  19327: fdfdfd;
  19328: fcfcfc;
  19329: fcfcfc;
  19330: fcfcfc;
  19331: fcfcfc;
  19332: fcfcfc;
  19333: fcfcfc;
  19334: fdfdfd;
  19335: fdfdfd;
  19336: fdfdfd;
  19337: fdfdfd;
  19338: fdfdfd;
  19339: fdfdfd;
  19340: fdfdfd;
  19341: fdfdfd;
  19342: fdfdfd;
  19343: fcfcfc;
  19344: fdfeff;
  19345: feffff;
  19346: f7f7f5;
  19347: fdfdfb;
  19348: fcfefd;
  19349: f8fcfd;
  19350: fafbfd;
  19351: f7f8fa;
  19352: f4f6f5;
  19353: fff6f3;
  19354: ffeae7;
  19355: ffbdbb;
  19356: b50f11;
  19357: dd141a;
  19358: d70b14;
  19359: c61118;
  19360: a01916;
  19361: f2948c;
  19362: ffe7df;
  19363: fff1ec;
  19364: fff4f4;
  19365: fdfbfe;
  19366: f8f5fc;
  19367: f5f4fa;
  19368: f7f8fd;
  19369: fafdff;
  19370: fcffff;
  19371: fafeff;
  19372: f9fafc;
  19373: fafafa;
  19374: fbfaf8;
  19375: fdfaf5;
  19376: fef9f3;
  19377: fff3ed;
  19378: ffe2e2;
  19379: eb999b;
  19380: 9b2322;
  19381: b81818;
  19382: d60e10;
  19383: e71516;
  19384: c40b09;
  19385: c02c2a;
  19386: ffcdce;
  19387: ffedf1;
  19388: f8e8eb;
  19389: fbfdfc;
  19390: f3fbf0;
  19391: f7fff4;
  19392: f6fcfa;
  19393: f6fafb;
  19394: f6fbf5;
  19395: fff4ee;
  19396: ffebe9;
  19397: fe8a8b;
  19398: c1171a;
  19399: dd191a;
  19400: dd1812;
  19401: d0150e;
  19402: b71210;
  19403: a01a1b;
  19404: ffa3a7;
  19405: ffe5e7;
  19406: fff4f0;
  19407: fffbf8;
  19408: fff6f5;
  19409: fff8f6;
  19410: fff9f6;
  19411: fffbf5;
  19412: fffdf4;
  19413: fefef6;
  19414: fdfef8;
  19415: fdfef9;
  19416: fdf9f8;
  19417: f6eced;
  19418: ffefef;
  19419: fff6f4;
  19420: ffcecc;
  19421: ffaeae;
  19422: af3439;
  19423: b00f15;
  19424: d20a0c;
  19425: e31515;
  19426: c20e0d;
  19427: f26e6c;
  19428: ffe6e0;
  19429: ffece6;
  19430: fffbfc;
  19431: fffaff;
  19432: fdf8fe;
  19433: faf8fb;
  19434: fcfafb;
  19435: fefcfd;
  19436: f9fbf8;
  19437: feffff;
  19438: fefdff;
  19439: fcfaff;
  19440: fcfcfe;
  19441: fcfcfc;
  19442: fdfdfd;
  19443: fdfdfd;
  19444: fdfdfd;
  19445: fdfdfd;
  19446: fdfdfd;
  19447: fcfcfc;
  19448: fdfdfd;
  19449: fdfdfd;
  19450: fdfdfd;
  19451: fdfdfd;
  19452: fdfdfd;
  19453: fdfdfd;
  19454: fdfdfd;
  19455: fdfdfd;
  19456: fcfcfc;
  19457: fcfcfc;
  19458: fcfcfc;
  19459: fcfcfc;
  19460: fcfcfc;
  19461: fdfdfd;
  19462: fdfdfd;
  19463: fdfdfd;
  19464: fdfdfd;
  19465: fdfdfd;
  19466: fdfdfd;
  19467: fdfdfd;
  19468: fdfdfd;
  19469: fdfdfd;
  19470: fdfdfd;
  19471: fdfdfd;
  19472: fcfdff;
  19473: f9fdfe;
  19474: fafcf9;
  19475: f8fdf7;
  19476: f7fdfd;
  19477: f8fcfd;
  19478: fcfafd;
  19479: fdf8fc;
  19480: fafafc;
  19481: fefafb;
  19482: fff3f4;
  19483: fff0f0;
  19484: f48d8e;
  19485: a40b0d;
  19486: db161d;
  19487: da070d;
  19488: df1918;
  19489: bb120d;
  19490: f3726d;
  19491: ffb8b4;
  19492: ffe8e4;
  19493: fff7f3;
  19494: fbfdf8;
  19495: f4fdfa;
  19496: f8fefe;
  19497: f6fafd;
  19498: fafeff;
  19499: fcffff;
  19500: f8f9fb;
  19501: fafaf8;
  19502: fffdfa;
  19503: ffede9;
  19504: ffefe9;
  19505: ffe0d9;
  19506: fc8b85;
  19507: b51d1a;
  19508: d61a19;
  19509: ea1817;
  19510: df0402;
  19511: d11009;
  19512: bc3d2e;
  19513: f8ab9b;
  19514: ffe8e5;
  19515: fff0f5;
  19516: f8f3fa;
  19517: f4f7fc;
  19518: f9fdfc;
  19519: f7fdfb;
  19520: faffff;
  19521: f3f8fb;
  19522: f5fbfb;
  19523: fdfcfa;
  19524: ffede9;
  19525: ffebe7;
  19526: c36460;
  19527: 9f100a;
  19528: cc0c07;
  19529: df0803;
  19530: e30c07;
  19531: ce0702;
  19532: ba1212;
  19533: e26060;
  19534: ffbab6;
  19535: ffdbd6;
  19536: fff1ec;
  19537: fffaf6;
  19538: fff8f0;
  19539: f4f5ed;
  19540: eaf6ec;
  19541: e4f1e8;
  19542: edf8f2;
  19543: fefffd;
  19544: fffbfa;
  19545: ffeded;
  19546: ffe0e0;
  19547: ffbbbc;
  19548: d54d4d;
  19549: c11c1a;
  19550: d11513;
  19551: df1813;
  19552: df1815;
  19553: c61c1c;
  19554: a73736;
  19555: ffddd9;
  19556: fff6ec;
  19557: fdfff5;
  19558: fffff8;
  19559: fcf8f7;
  19560: fff7fd;
  19561: fff6ff;
  19562: fff9fe;
  19563: fffcfd;
  19564: fdfdfd;
  19565: fafeff;
  19566: f9feff;
  19567: fafdff;
  19568: fcfdff;
  19569: fdfdfd;
  19570: fdfdfd;
  19571: fdfdfd;
  19572: fdfdfd;
  19573: fdfdfd;
  19574: fdfdfd;
  19575: fdfdfd;
  19576: fdfdfd;
  19577: fdfdfd;
  19578: fdfdfd;
  19579: fdfdfd;
  19580: fdfdfd;
  19581: fdfdfd;
  19582: fdfdfd;
  19583: fdfdfd;
  19584: fcfcfc;
  19585: fcfcfc;
  19586: fcfcfc;
  19587: fcfcfc;
  19588: fcfcfc;
  19589: fdfdfd;
  19590: fdfdfd;
  19591: fdfdfd;
  19592: fdfdfd;
  19593: fdfdfd;
  19594: fdfdfd;
  19595: fdfdfd;
  19596: fdfdfd;
  19597: fdfdfd;
  19598: fdfdfd;
  19599: fcfefd;
  19600: fafeff;
  19601: fafeff;
  19602: f9fefa;
  19603: f9fefa;
  19604: f9fdfc;
  19605: fcfcfe;
  19606: fff9fd;
  19607: fff8ff;
  19608: fefdff;
  19609: f0f4f7;
  19610: f2f6f7;
  19611: fffbfa;
  19612: ffeae7;
  19613: ec8a87;
  19614: ab1312;
  19615: ca1011;
  19616: d20806;
  19617: dd1613;
  19618: c61213;
  19619: ab1715;
  19620: f08984;
  19621: ffbbb3;
  19622: fff1e8;
  19623: ffece5;
  19624: ffe6e4;
  19625: ffeeee;
  19626: ffecee;
  19627: ffedef;
  19628: ffeced;
  19629: ffe5e5;
  19630: ffe7e6;
  19631: ffc7c4;
  19632: d9726b;
  19633: d44f46;
  19634: bf1810;
  19635: c60903;
  19636: e11b1a;
  19637: d61213;
  19638: cb1716;
  19639: c63c32;
  19640: ffd8c4;
  19641: fff1de;
  19642: fcf3ee;
  19643: faf9fe;
  19644: fefeff;
  19645: f9f9ff;
  19646: f8fcff;
  19647: f8fcfd;
  19648: f5f9f8;
  19649: fbfffe;
  19650: f7fbfc;
  19651: f5f9fa;
  19652: fefffd;
  19653: fff7f3;
  19654: ffe3dd;
  19655: ffb8b4;
  19656: b32420;
  19657: c8120f;
  19658: d60b05;
  19659: e3120d;
  19660: dc1210;
  19661: c6100d;
  19662: ba2521;
  19663: c34944;
  19664: ffa4a1;
  19665: ffccc8;
  19666: ffe1db;
  19667: ffeae6;
  19668: ffefeb;
  19669: ffefe9;
  19670: ffedeb;
  19671: ffe2df;
  19672: ffcfcd;
  19673: ffb1af;
  19674: f07472;
  19675: ac1011;
  19676: c60c0f;
  19677: d60c0c;
  19678: e01612;
  19679: cc130e;
  19680: b11310;
  19681: a83635;
  19682: ffdedd;
  19683: fff6f2;
  19684: f4f7ee;
  19685: f5fff4;
  19686: fbfff7;
  19687: f7f8f2;
  19688: fff8fd;
  19689: fff7ff;
  19690: fffafc;
  19691: fefcfd;
  19692: fefcfd;
  19693: fcfdff;
  19694: f9feff;
  19695: f9feff;
  19696: fcfdff;
  19697: fdfdfd;
  19698: fdfdfd;
  19699: fdfdfd;
  19700: fdfdfd;
  19701: fdfdfd;
  19702: fdfdfd;
  19703: fdfdfd;
  19704: fdfdfd;
  19705: fdfdfd;
  19706: fdfdfd;
  19707: fdfdfd;
  19708: fdfdfd;
  19709: fdfdfd;
  19710: fdfdfd;
  19711: fdfdfd;
  19712: fcfcfc;
  19713: fcfcfc;
  19714: fcfcfc;
  19715: fcfcfc;
  19716: fcfcfc;
  19717: fdfdfd;
  19718: fdfdfd;
  19719: fdfdfd;
  19720: fdfdfd;
  19721: fdfdfd;
  19722: fdfdfd;
  19723: fdfdfd;
  19724: fdfdfd;
  19725: fdfdfd;
  19726: fdfdfd;
  19727: fcfefd;
  19728: fbffff;
  19729: f9ffff;
  19730: f9ffff;
  19731: fafefd;
  19732: fffcfb;
  19733: fffafd;
  19734: fff8ff;
  19735: fffaff;
  19736: feffff;
  19737: faffff;
  19738: f2fbf8;
  19739: fefff9;
  19740: fff2eb;
  19741: fff1e8;
  19742: ffccc3;
  19743: ffa49b;
  19744: ba221d;
  19745: c40b08;
  19746: dd0f11;
  19747: de0e0e;
  19748: da1713;
  19749: cc1710;
  19750: b60f07;
  19751: bf221d;
  19752: c32524;
  19753: d53b3d;
  19754: cd3739;
  19755: cb3536;
  19756: cf3334;
  19757: b51213;
  19758: bf1518;
  19759: c61213;
  19760: ce0e09;
  19761: d70e06;
  19762: e01107;
  19763: cc0d05;
  19764: ad1512;
  19765: b24040;
  19766: ffcdcc;
  19767: ffece7;
  19768: ffefe4;
  19769: f9f9ed;
  19770: f1f7f3;
  19771: f1f9fb;
  19772: f7f8fd;
  19773: fcfbff;
  19774: feffff;
  19775: f6fafb;
  19776: f7fcf6;
  19777: fefff9;
  19778: fefaf9;
  19779: fef8fa;
  19780: fffbfc;
  19781: fdf7f7;
  19782: fffbfb;
  19783: fff3f5;
  19784: ffe6e9;
  19785: ffb7b9;
  19786: b53836;
  19787: c21e1c;
  19788: d40d0a;
  19789: e20b08;
  19790: e81210;
  19791: db0908;
  19792: d40a0a;
  19793: d10f10;
  19794: cc0f15;
  19795: d11a1f;
  19796: c81920;
  19797: b90e14;
  19798: c11217;
  19799: c61819;
  19800: ce1d17;
  19801: ca130b;
  19802: e01b15;
  19803: e41616;
  19804: dd0c12;
  19805: c9070f;
  19806: b01012;
  19807: ff8d8c;
  19808: ffdedc;
  19809: fff4f3;
  19810: f9e9e9;
  19811: f5f4f0;
  19812: fefffa;
  19813: fefffa;
  19814: fbfef7;
  19815: f2f4ef;
  19816: fafcfb;
  19817: fbfdfc;
  19818: fcfcfc;
  19819: fdfdfb;
  19820: fffcfb;
  19821: fefcfd;
  19822: fafefd;
  19823: fafefd;
  19824: fcfefd;
  19825: fdfdfd;
  19826: fdfdfd;
  19827: fdfdfd;
  19828: fdfdfd;
  19829: fdfdfd;
  19830: fdfdfd;
  19831: fdfdfd;
  19832: fdfdfd;
  19833: fdfdfd;
  19834: fdfdfd;
  19835: fdfdfd;
  19836: fdfdfd;
  19837: fdfdfd;
  19838: fdfdfd;
  19839: fdfdfd;
  19840: fcfcfc;
  19841: fcfcfc;
  19842: fcfcfc;
  19843: fcfcfc;
  19844: fcfcfc;
  19845: fdfdfd;
  19846: fdfdfd;
  19847: fdfdfd;
  19848: fdfdfd;
  19849: fdfdfd;
  19850: fdfdfd;
  19851: fdfdfd;
  19852: fdfdfd;
  19853: fdfdfd;
  19854: fdfdfd;
  19855: fdfdfd;
  19856: fdfffe;
  19857: fcfdff;
  19858: fafeff;
  19859: fcfdff;
  19860: fffcfb;
  19861: fffafb;
  19862: fffaff;
  19863: fffbff;
  19864: f9f8fd;
  19865: f2f6f7;
  19866: f9fffb;
  19867: f3faf3;
  19868: f2f3ee;
  19869: fffdf7;
  19870: fff4ea;
  19871: ffeee4;
  19872: ffaca5;
  19873: b93531;
  19874: c21d1b;
  19875: d11412;
  19876: da100c;
  19877: dd0e08;
  19878: e00f0b;
  19879: df0e0a;
  19880: de090b;
  19881: da080b;
  19882: d50709;
  19883: d6080a;
  19884: db0a0d;
  19885: d9070a;
  19886: df0c12;
  19887: d90b0d;
  19888: da1411;
  19889: d3180f;
  19890: c71910;
  19891: af1f16;
  19892: ffaaa6;
  19893: ffd2d0;
  19894: ffefed;
  19895: fefaf7;
  19896: f8fff8;
  19897: f5fffa;
  19898: f3fdfc;
  19899: f6fcfc;
  19900: f6f6f6;
  19901: f9f7fa;
  19902: feffff;
  19903: fbffff;
  19904: fefffa;
  19905: fbfcf4;
  19906: fdfaf5;
  19907: fef9f6;
  19908: fbf5f5;
  19909: fffeff;
  19910: f0f1f3;
  19911: edeef0;
  19912: fffbfc;
  19913: ffeff1;
  19914: ffdedf;
  19915: fd9491;
  19916: c63230;
  19917: c51311;
  19918: d00e0e;
  19919: dc0c0c;
  19920: e30d0d;
  19921: e20809;
  19922: e7070f;
  19923: e80b14;
  19924: e40812;
  19925: dd040c;
  19926: dc0409;
  19927: dc0807;
  19928: d30801;
  19929: e01b12;
  19930: cb0f06;
  19931: cc1915;
  19932: bf1a1e;
  19933: b62b30;
  19934: f38c90;
  19935: ffddde;
  19936: fff5f7;
  19937: f8f8f8;
  19938: f8faf9;
  19939: fdfffe;
  19940: f6f6f6;
  19941: f7f6f4;
  19942: f5f6f1;
  19943: fbfdf8;
  19944: f9fefa;
  19945: f9fdfc;
  19946: fafefd;
  19947: fcfefd;
  19948: fefdfb;
  19949: fefdf9;
  19950: fdfef9;
  19951: fcfef9;
  19952: fdfdfd;
  19953: fdfdfd;
  19954: fdfdfd;
  19955: fdfdfd;
  19956: fdfdfd;
  19957: fdfdfd;
  19958: fdfdfd;
  19959: fdfdfd;
  19960: fdfdfd;
  19961: fdfdfd;
  19962: fdfdfd;
  19963: fdfdfd;
  19964: fdfdfd;
  19965: fdfdfd;
  19966: fdfdfd;
  19967: fdfdfd;
  19968: fcfcfc;
  19969: fcfcfc;
  19970: fcfcfc;
  19971: fcfcfc;
  19972: fcfcfc;
  19973: fdfdfd;
  19974: fdfdfd;
  19975: fdfdfd;
  19976: fdfdfd;
  19977: fdfdfd;
  19978: fdfdfd;
  19979: fdfdfd;
  19980: fdfdfd;
  19981: fdfdfd;
  19982: fdfdfd;
  19983: fefcfd;
  19984: fffcfd;
  19985: fffbfd;
  19986: fffbff;
  19987: fefcff;
  19988: fdfdfd;
  19989: fdfdfd;
  19990: fdfdff;
  19991: fdfdff;
  19992: fffcfb;
  19993: fffffd;
  19994: fffffb;
  19995: f9fbf8;
  19996: f9fdfe;
  19997: fdfdff;
  19998: fffffa;
  19999: fff8f2;
  20000: fff5ef;
  20001: ffede7;
  20002: ffd5cb;
  20003: ffb9b0;
  20004: c54e46;
  20005: c02b25;
  20006: ba0808;
  20007: d40e0f;
  20008: e51316;
  20009: e0080b;
  20010: e50b0c;
  20011: e20a0d;
  20012: e00e11;
  20013: d91517;
  20014: bd090c;
  20015: b81e1e;
  20016: d65a58;
  20017: d3746e;
  20018: ffccc6;
  20019: ffe7e0;
  20020: fff7f1;
  20021: fff6ef;
  20022: fffaf5;
  20023: fefdf9;
  20024: f7fdfb;
  20025: f4fdfa;
  20026: f8faf9;
  20027: fffefc;
  20028: fffefa;
  20029: fffcf9;
  20030: fcfcfe;
  20031: fbfcff;
  20032: f9fdfc;
  20033: fdfffa;
  20034: fcfff6;
  20035: fbfcf4;
  20036: fffcf7;
  20037: fffdfa;
  20038: fffffd;
  20039: f9fdfc;
  20040: f8fefa;
  20041: fefdf9;
  20042: ffeceb;
  20043: ffebeb;
  20044: ffe6e6;
  20045: ffdfe0;
  20046: ffa6a6;
  20047: ed7b7a;
  20048: c8413b;
  20049: be2621;
  20050: bd1515;
  20051: b50507;
  20052: bc0809;
  20053: c81415;
  20054: bc0d0a;
  20055: b20b05;
  20056: ad140e;
  20057: c9463c;
  20058: e37d71;
  20059: ffc0b6;
  20060: ffdad3;
  20061: ffe2e0;
  20062: fff6f8;
  20063: fff7fb;
  20064: fffbfe;
  20065: faf8fb;
  20066: fefcff;
  20067: fcfaff;
  20068: fcf7fe;
  20069: fffdff;
  20070: fbfaf8;
  20071: fefdf9;
  20072: fffbf8;
  20073: fdfbfc;
  20074: fafeff;
  20075: f9feff;
  20076: fcfefb;
  20077: fdfef8;
  20078: fefef6;
  20079: fefdf8;
  20080: fdfdfb;
  20081: fdfdfd;
  20082: fdfdfd;
  20083: fdfdfd;
  20084: fdfdfd;
  20085: fdfdfd;
  20086: fdfdfd;
  20087: fdfdfd;
  20088: fcfcfc;
  20089: fdfdfd;
  20090: fdfdfd;
  20091: fdfdfd;
  20092: fdfdfd;
  20093: fdfdfd;
  20094: fdfdfd;
  20095: fdfdfd;
  20096: fcfcfc;
  20097: fcfcfc;
  20098: fcfcfc;
  20099: fcfcfc;
  20100: fcfcfc;
  20101: fdfdfd;
  20102: fdfdfd;
  20103: fdfdfd;
  20104: fdfdfd;
  20105: fdfdfd;
  20106: fdfdfd;
  20107: fdfdfd;
  20108: fdfdfd;
  20109: fdfdfd;
  20110: fdfdfd;
  20111: fdfbfc;
  20112: fffafa;
  20113: fff9fc;
  20114: fffafe;
  20115: fffafe;
  20116: fbfdfc;
  20117: f9fdfc;
  20118: fbfdfc;
  20119: fdfdfb;
  20120: fffbf8;
  20121: fffcf9;
  20122: faf9f7;
  20123: fdfdff;
  20124: f8fcff;
  20125: f6fafd;
  20126: fbfdfc;
  20127: fcfefb;
  20128: f1f7f3;
  20129: f1f6f0;
  20130: fffcf1;
  20131: ffeee5;
  20132: ffdfd9;
  20133: ffb2b0;
  20134: ed6f70;
  20135: d33e40;
  20136: d53235;
  20137: b80e0f;
  20138: be1012;
  20139: bb1114;
  20140: b11015;
  20141: d14043;
  20142: e66a6a;
  20143: ffa2a1;
  20144: ffd8d6;
  20145: ffede9;
  20146: fffaf7;
  20147: f7f8f2;
  20148: f1f6ef;
  20149: f9fcf5;
  20150: fefdf8;
  20151: fcfbf9;
  20152: f9fdfe;
  20153: fcffff;
  20154: ffffff;
  20155: fdf9f6;
  20156: fffcf5;
  20157: fffef9;
  20158: fefcff;
  20159: fdfcff;
  20160: fafbfd;
  20161: fbfdfa;
  20162: fafff8;
  20163: fcfff6;
  20164: fefdf8;
  20165: f9f8f4;
  20166: fcfcfa;
  20167: f9fefa;
  20168: fafffc;
  20169: f8fdf9;
  20170: fffdff;
  20171: f6f4f7;
  20172: f8f9fb;
  20173: fdf7f7;
  20174: fff6f6;
  20175: ffe3e1;
  20176: ffd4ce;
  20177: ffa59d;
  20178: ea817d;
  20179: dc6966;
  20180: e56a65;
  20181: ee736e;
  20182: e56e68;
  20183: e97a73;
  20184: f6958f;
  20185: ffc4be;
  20186: fff0e7;
  20187: fff6ec;
  20188: fcfdf5;
  20189: f4fdf8;
  20190: f5fbfb;
  20191: f8f9fd;
  20192: fdfcff;
  20193: fdfbff;
  20194: faf8fb;
  20195: fefcff;
  20196: fffdff;
  20197: fef9ff;
  20198: fffeff;
  20199: fefdfb;
  20200: fffbfa;
  20201: fefcfd;
  20202: fafeff;
  20203: f9feff;
  20204: fcfefd;
  20205: fdfef9;
  20206: fffdf8;
  20207: fffdf8;
  20208: fffefc;
  20209: fdfdfd;
  20210: fdfdfd;
  20211: fdfdfd;
  20212: fdfdfd;
  20213: fdfdfd;
  20214: fcfcfc;
  20215: fcfcfc;
  20216: fcfcfc;
  20217: fcfcfc;
  20218: fdfdfd;
  20219: fdfdfd;
  20220: fdfdfd;
  20221: fdfdfd;
  20222: fdfdfd;
  20223: fdfdfd;
  20224: fcfcfc;
  20225: fcfcfc;
  20226: fcfcfc;
  20227: fcfcfc;
  20228: fcfcfc;
  20229: fdfdfd;
  20230: fdfdfd;
  20231: fdfdfd;
  20232: fdfdfd;
  20233: fdfdfd;
  20234: fdfdfd;
  20235: fdfdfd;
  20236: fdfdfd;
  20237: fdfdfd;
  20238: fcfcfc;
  20239: fcfcfc;
  20240: fcfafb;
  20241: fffbfc;
  20242: fffafc;
  20243: fffbfc;
  20244: fbfdfc;
  20245: fbfdfa;
  20246: fcfdf8;
  20247: fdfef9;
  20248: fdfdfb;
  20249: fefeff;
  20250: fdfbff;
  20251: fffeff;
  20252: f8fcfd;
  20253: f9fdfc;
  20254: ffffff;
  20255: fbfaf8;
  20256: fbfdf8;
  20257: fdfffa;
  20258: f2f3ee;
  20259: fff8f6;
  20260: ffecec;
  20261: ffeced;
  20262: ffe1e2;
  20263: ffd4d4;
  20264: ffd1d0;
  20265: ffc6c7;
  20266: ffc3c7;
  20267: ffc2c6;
  20268: ffcacc;
  20269: ffe0df;
  20270: ffdfdc;
  20271: ffe8e6;
  20272: ffeeec;
  20273: f2e7e5;
  20274: f8f7f5;
  20275: fafffb;
  20276: f8fdf6;
  20277: fefffa;
  20278: fdf7f7;
  20279: fff9fd;
  20280: fcf9ff;
  20281: f9faff;
  20282: f8fcfb;
  20283: f9fef8;
  20284: fcfffb;
  20285: fefffa;
  20286: fefafb;
  20287: fffafe;
  20288: fffcff;
  20289: f9f9fb;
  20290: f8f9fb;
  20291: fdfdfd;
  20292: fefafb;
  20293: fffeff;
  20294: f7fbfa;
  20295: fdfffe;
  20296: fffbff;
  20297: fffbff;
  20298: fffbff;
  20299: fffdff;
  20300: fcffff;
  20301: fbfbf9;
  20302: fff3f4;
  20303: fff6f9;
  20304: ffeeee;
  20305: ffeeec;
  20306: ffece6;
  20307: ffe5de;
  20308: ffe0da;
  20309: ffddd8;
  20310: ffdbd5;
  20311: ffe2df;
  20312: ffeded;
  20313: fff4f5;
  20314: fff5f5;
  20315: f6f2f1;
  20316: f7fdfb;
  20317: f7fffd;
  20318: f6f8f5;
  20319: ffffff;
  20320: f8f9fb;
  20321: feffff;
  20322: f9fdfc;
  20323: fefffd;
  20324: fafaf8;
  20325: fdfcfa;
  20326: fcfafb;
  20327: fefeff;
  20328: f6fffc;
  20329: f7fffd;
  20330: fafefd;
  20331: fdfdff;
  20332: fffdff;
  20333: fefcff;
  20334: fefcfd;
  20335: fefdfb;
  20336: fefefe;
  20337: fdfdfd;
  20338: fdfdfd;
  20339: fdfdfd;
  20340: fdfdfd;
  20341: fcfcfc;
  20342: fcfcfc;
  20343: fcfcfc;
  20344: fcfcfc;
  20345: fcfcfc;
  20346: fcfcfc;
  20347: fdfdfd;
  20348: fdfdfd;
  20349: fdfdfd;
  20350: fdfdfd;
  20351: fdfdfd;
  20352: fcfcfc;
  20353: fcfcfc;
  20354: fcfcfc;
  20355: fcfcfc;
  20356: fcfcfc;
  20357: fdfdfd;
  20358: fdfdfd;
  20359: fdfdfd;
  20360: fdfdfd;
  20361: fdfdfd;
  20362: fdfdfd;
  20363: fdfdfd;
  20364: fdfdfd;
  20365: fdfdfd;
  20366: fcfcfc;
  20367: fcfcfc;
  20368: fbfbfb;
  20369: fdfbfc;
  20370: fffbfa;
  20371: fffbfa;
  20372: fbfdfc;
  20373: fbfdfa;
  20374: fdfef8;
  20375: fdfef8;
  20376: fbfdfc;
  20377: feffff;
  20378: fffdff;
  20379: f9f6fd;
  20380: fcffff;
  20381: f7fcf6;
  20382: fbf9fa;
  20383: fefdfb;
  20384: fdfcf8;
  20385: fefffb;
  20386: f9fdfc;
  20387: f8f9fb;
  20388: fffcff;
  20389: fff5f9;
  20390: fef2f2;
  20391: fffbf8;
  20392: fff5f4;
  20393: fff7f7;
  20394: fff3f6;
  20395: fff9fb;
  20396: fff8fa;
  20397: fcf7f4;
  20398: fffcf9;
  20399: fbf8f3;
  20400: f9f8f6;
  20401: fefefc;
  20402: f1f5f6;
  20403: f7fdf9;
  20404: f7fcf5;
  20405: fefff7;
  20406: fff9fb;
  20407: fffaff;
  20408: fffaff;
  20409: fbfaff;
  20410: fafffe;
  20411: f8fffa;
  20412: f6fffa;
  20413: fbfffc;
  20414: fffcfe;
  20415: fff9fc;
  20416: fff9fd;
  20417: fffdff;
  20418: fdfcff;
  20419: fcfbff;
  20420: fffaff;
  20421: fcfafd;
  20422: fafefd;
  20423: fafcfb;
  20424: fff5fd;
  20425: fffaff;
  20426: fffbff;
  20427: fefafb;
  20428: fbffff;
  20429: fafffb;
  20430: fff8fc;
  20431: fff4f9;
  20432: f9f0f3;
  20433: fffdfc;
  20434: fcfbf6;
  20435: fefbf2;
  20436: fffaf3;
  20437: fff3eb;
  20438: fff7f3;
  20439: fffcfa;
  20440: fffbfc;
  20441: fdfdff;
  20442: f8f7fd;
  20443: f2f6f9;
  20444: eaf2f4;
  20445: f2fbf8;
  20446: fffffd;
  20447: f9f9f7;
  20448: fcfefd;
  20449: f9fdfc;
  20450: f8fefa;
  20451: f8fdf6;
  20452: fefffa;
  20453: fdfef8;
  20454: fffcff;
  20455: fbfcfe;
  20456: f5ffff;
  20457: f3fffd;
  20458: fcfefb;
  20459: fffdfe;
  20460: fffcff;
  20461: fefbff;
  20462: fefcff;
  20463: fdfdfd;
  20464: fefefe;
  20465: fefefe;
  20466: fdfdfd;
  20467: fdfdfd;
  20468: fdfdfd;
  20469: fcfcfc;
  20470: fcfcfc;
  20471: fcfcfc;
  20472: fcfcfc;
  20473: fcfcfc;
  20474: fcfcfc;
  20475: fdfdfd;
  20476: fdfdfd;
  20477: fdfdfd;
  20478: fdfdfd;
  20479: fdfdfd;
END;
