WIDTH=24;
DEPTH=16384;

ADDRESS_RADIX=UNS;
DATA_RADIX=HEX;

CONTENT BEGIN
  0: ffffff;
  1: ffffff;
  2: ffffff;
  3: ffffff;
  4: ffffff;
  5: ffffff;
  6: ffffff;
  7: ffffff;
  8: ffffff;
  9: ffffff;
  10: ffffff;
  11: ffffff;
  12: ffffff;
  13: ffffff;
  14: ffffff;
  15: ffffff;
  16: ffffff;
  17: ffffff;
  18: ffffff;
  19: ffffff;
  20: ffffff;
  21: ffffff;
  22: ffffff;
  23: ffffff;
  24: ffffff;
  25: ffffff;
  26: ffffff;
  27: ffffff;
  28: ffffff;
  29: ffffff;
  30: ffffff;
  31: ffffff;
  32: ffffff;
  33: ffffff;
  34: ffffff;
  35: ffffff;
  36: ffffff;
  37: ffffff;
  38: ffffff;
  39: ffffff;
  40: ffffff;
  41: ffffff;
  42: ffffff;
  43: ffffff;
  44: ffffff;
  45: ffffff;
  46: ffffff;
  47: ffffff;
  48: ffffff;
  49: ffffff;
  50: ffffff;
  51: ffffff;
  52: ffffff;
  53: ffffff;
  54: ffffff;
  55: ffffff;
  56: ffffff;
  57: ffffff;
  58: ffffff;
  59: ffffff;
  60: ffffff;
  61: ffffff;
  62: ffffff;
  63: ffffff;
  64: ffffff;
  65: ffffff;
  66: ffffff;
  67: ffffff;
  68: ffffff;
  69: ffffff;
  70: ffffff;
  71: ffffff;
  72: ffffff;
  73: ffffff;
  74: ffffff;
  75: ffffff;
  76: ffffff;
  77: ffffff;
  78: ffffff;
  79: ffffff;
  80: ffffff;
  81: ffffff;
  82: ffffff;
  83: ffffff;
  84: ffffff;
  85: ffffff;
  86: ffffff;
  87: ffffff;
  88: ffffff;
  89: ffffff;
  90: ffffff;
  91: ffffff;
  92: ffffff;
  93: ffffff;
  94: ffffff;
  95: ffffff;
  96: ffffff;
  97: ffffff;
  98: ffffff;
  99: ffffff;
  100: ffffff;
  101: ffffff;
  102: ffffff;
  103: ffffff;
  104: ffffff;
  105: ffffff;
  106: ffffff;
  107: ffffff;
  108: ffffff;
  109: ffffff;
  110: ffffff;
  111: ffffff;
  112: ffffff;
  113: ffffff;
  114: ffffff;
  115: ffffff;
  116: ffffff;
  117: ffffff;
  118: ffffff;
  119: ffffff;
  120: ffffff;
  121: ffffff;
  122: ffffff;
  123: ffffff;
  124: ffffff;
  125: ffffff;
  126: ffffff;
  127: ffffff;
  128: ffffff;
  129: ffffff;
  130: ffffff;
  131: ffffff;
  132: ffffff;
  133: ffffff;
  134: ffffff;
  135: ffffff;
  136: ffffff;
  137: ffffff;
  138: ffffff;
  139: ffffff;
  140: ffffff;
  141: ffffff;
  142: ffffff;
  143: ffffff;
  144: ffffff;
  145: ffffff;
  146: ffffff;
  147: ffffff;
  148: ffffff;
  149: ffffff;
  150: ffffff;
  151: ffffff;
  152: ffffff;
  153: ffffff;
  154: ffffff;
  155: ffffff;
  156: ffffff;
  157: ffffff;
  158: ffffff;
  159: ffffff;
  160: ffffff;
  161: ffffff;
  162: ffffff;
  163: ffffff;
  164: ffffff;
  165: ffffff;
  166: ffffff;
  167: ffffff;
  168: ffffff;
  169: ffffff;
  170: ffffff;
  171: ffffff;
  172: ffffff;
  173: ffffff;
  174: ffffff;
  175: ffffff;
  176: ffffff;
  177: ffffff;
  178: ffffff;
  179: ffffff;
  180: ffffff;
  181: ffffff;
  182: ffffff;
  183: fefefe;
  184: ffffff;
  185: ffffff;
  186: ffffff;
  187: ffffff;
  188: ffffff;
  189: ffffff;
  190: ffffff;
  191: ffffff;
  192: ffffff;
  193: ffffff;
  194: ffffff;
  195: ffffff;
  196: ffffff;
  197: ffffff;
  198: ffffff;
  199: ffffff;
  200: ffffff;
  201: ffffff;
  202: ffffff;
  203: ffffff;
  204: ffffff;
  205: ffffff;
  206: ffffff;
  207: ffffff;
  208: ffffff;
  209: ffffff;
  210: ffffff;
  211: ffffff;
  212: ffffff;
  213: ffffff;
  214: ffffff;
  215: ffffff;
  216: ffffff;
  217: ffffff;
  218: ffffff;
  219: ffffff;
  220: ffffff;
  221: ffffff;
  222: ffffff;
  223: ffffff;
  224: ffffff;
  225: ffffff;
  226: ffffff;
  227: ffffff;
  228: ffffff;
  229: ffffff;
  230: ffffff;
  231: ffffff;
  232: ffffff;
  233: ffffff;
  234: ffffff;
  235: ffffff;
  236: ffffff;
  237: ffffff;
  238: ffffff;
  239: ffffff;
  240: ffffff;
  241: ffffff;
  242: ffffff;
  243: ffffff;
  244: ffffff;
  245: ffffff;
  246: ffffff;
  247: ffffff;
  248: ffffff;
  249: ffffff;
  250: ffffff;
  251: ffffff;
  252: ffffff;
  253: ffffff;
  254: ffffff;
  255: ffffff;
  256: ffffff;
  257: ffffff;
  258: ffffff;
  259: ffffff;
  260: ffffff;
  261: ffffff;
  262: ffffff;
  263: ffffff;
  264: ffffff;
  265: ffffff;
  266: ffffff;
  267: ffffff;
  268: ffffff;
  269: ffffff;
  270: ffffff;
  271: ffffff;
  272: ffffff;
  273: ffffff;
  274: ffffff;
  275: ffffff;
  276: ffffff;
  277: ffffff;
  278: ffffff;
  279: ffffff;
  280: ffffff;
  281: ffffff;
  282: ffffff;
  283: ffffff;
  284: ffffff;
  285: ffffff;
  286: ffffff;
  287: ffffff;
  288: ffffff;
  289: ffffff;
  290: ffffff;
  291: ffffff;
  292: ffffff;
  293: ffffff;
  294: ffffff;
  295: ffffff;
  296: ffffff;
  297: ffffff;
  298: ffffff;
  299: ffffff;
  300: ffffff;
  301: ffffff;
  302: ffffff;
  303: ffffff;
  304: ffffff;
  305: ffffff;
  306: ffffff;
  307: ffffff;
  308: fefefe;
  309: ffffff;
  310: fefefe;
  311: ffffff;
  312: ffffff;
  313: ffffff;
  314: 0;
  315: 0;
  316: 0;
  317: 10101;
  318: 0;
  319: 0;
  320: 0;
  321: 0;
  322: 10101;
  323: 0;
  324: 0;
  325: 0;
  326: ffffff;
  327: ffffff;
  328: ffffff;
  329: ffffff;
  330: ffffff;
  331: ffffff;
  332: ffffff;
  333: ffffff;
  334: ffffff;
  335: ffffff;
  336: ffffff;
  337: ffffff;
  338: ffffff;
  339: ffffff;
  340: ffffff;
  341: ffffff;
  342: ffffff;
  343: ffffff;
  344: ffffff;
  345: ffffff;
  346: ffffff;
  347: ffffff;
  348: ffffff;
  349: ffffff;
  350: ffffff;
  351: ffffff;
  352: ffffff;
  353: ffffff;
  354: ffffff;
  355: ffffff;
  356: ffffff;
  357: ffffff;
  358: ffffff;
  359: ffffff;
  360: ffffff;
  361: ffffff;
  362: ffffff;
  363: ffffff;
  364: ffffff;
  365: ffffff;
  366: ffffff;
  367: ffffff;
  368: ffffff;
  369: ffffff;
  370: ffffff;
  371: ffffff;
  372: ffffff;
  373: ffffff;
  374: ffffff;
  375: ffffff;
  376: ffffff;
  377: ffffff;
  378: ffffff;
  379: ffffff;
  380: ffffff;
  381: ffffff;
  382: ffffff;
  383: ffffff;
  384: ffffff;
  385: ffffff;
  386: ffffff;
  387: ffffff;
  388: ffffff;
  389: ffffff;
  390: ffffff;
  391: ffffff;
  392: ffffff;
  393: ffffff;
  394: ffffff;
  395: ffffff;
  396: ffffff;
  397: ffffff;
  398: ffffff;
  399: ffffff;
  400: ffffff;
  401: ffffff;
  402: ffffff;
  403: ffffff;
  404: ffffff;
  405: ffffff;
  406: ffffff;
  407: ffffff;
  408: ffffff;
  409: ffffff;
  410: ffffff;
  411: ffffff;
  412: ffffff;
  413: ffffff;
  414: ffffff;
  415: ffffff;
  416: ffffff;
  417: ffffff;
  418: ffffff;
  419: ffffff;
  420: ffffff;
  421: ffffff;
  422: ffffff;
  423: ffffff;
  424: ffffff;
  425: ffffff;
  426: ffffff;
  427: ffffff;
  428: ffffff;
  429: ffffff;
  430: ffffff;
  431: ffffff;
  432: ffffff;
  433: ffffff;
  434: ffffff;
  435: ffffff;
  436: ffffff;
  437: 0;
  438: 0;
  439: 0;
  440: 0;
  441: 0;
  442: 0;
  443: 0;
  444: 0;
  445: 0;
  446: 0;
  447: 0;
  448: 0;
  449: 0;
  450: 0;
  451: 0;
  452: 0;
  453: 0;
  454: 0;
  455: 0;
  456: 0;
  457: 0;
  458: ffffff;
  459: ffffff;
  460: ffffff;
  461: fefefe;
  462: ffffff;
  463: ffffff;
  464: ffffff;
  465: ffffff;
  466: ffffff;
  467: ffffff;
  468: ffffff;
  469: ffffff;
  470: ffffff;
  471: ffffff;
  472: ffffff;
  473: ffffff;
  474: ffffff;
  475: ffffff;
  476: ffffff;
  477: ffffff;
  478: ffffff;
  479: ffffff;
  480: ffffff;
  481: ffffff;
  482: ffffff;
  483: ffffff;
  484: ffffff;
  485: ffffff;
  486: ffffff;
  487: ffffff;
  488: ffffff;
  489: ffffff;
  490: ffffff;
  491: ffffff;
  492: ffffff;
  493: ffffff;
  494: ffffff;
  495: ffffff;
  496: ffffff;
  497: ffffff;
  498: ffffff;
  499: ffffff;
  500: ffffff;
  501: ffffff;
  502: ffffff;
  503: ffffff;
  504: ffffff;
  505: ffffff;
  506: ffffff;
  507: ffffff;
  508: ffffff;
  509: ffffff;
  510: ffffff;
  511: ffffff;
  512: ffffff;
  513: ffffff;
  514: ffffff;
  515: ffffff;
  516: ffffff;
  517: ffffff;
  518: ffffff;
  519: ffffff;
  520: ffffff;
  521: ffffff;
  522: ffffff;
  523: ffffff;
  524: ffffff;
  525: ffffff;
  526: ffffff;
  527: ffffff;
  528: ffffff;
  529: ffffff;
  530: ffffff;
  531: ffffff;
  532: ffffff;
  533: ffffff;
  534: ffffff;
  535: ffffff;
  536: ffffff;
  537: ffffff;
  538: ffffff;
  539: ffffff;
  540: ffffff;
  541: ffffff;
  542: ffffff;
  543: ffffff;
  544: ffffff;
  545: ffffff;
  546: ffffff;
  547: ffffff;
  548: ffffff;
  549: ffffff;
  550: ffffff;
  551: ffffff;
  552: ffffff;
  553: ffffff;
  554: ffffff;
  555: fefefe;
  556: ffffff;
  557: ffffff;
  558: ffffff;
  559: ffffff;
  560: ffffff;
  561: ffffff;
  562: 0;
  563: 0;
  564: 0;
  565: 0;
  566: 0;
  567: 0;
  568: 0;
  569: 0;
  570: 0;
  571: 0;
  572: 0;
  573: 0;
  574: 0;
  575: 0;
  576: 0;
  577: 0;
  578: 0;
  579: 0;
  580: 0;
  581: 0;
  582: 0;
  583: 0;
  584: 0;
  585: 0;
  586: 0;
  587: 0;
  588: 0;
  589: ffffff;
  590: ffffff;
  591: ffffff;
  592: ffffff;
  593: ffffff;
  594: ffffff;
  595: ffffff;
  596: ffffff;
  597: ffffff;
  598: ffffff;
  599: ffffff;
  600: ffffff;
  601: ffffff;
  602: ffffff;
  603: ffffff;
  604: ffffff;
  605: ffffff;
  606: ffffff;
  607: ffffff;
  608: ffffff;
  609: ffffff;
  610: ffffff;
  611: ffffff;
  612: ffffff;
  613: ffffff;
  614: ffffff;
  615: ffffff;
  616: ffffff;
  617: ffffff;
  618: ffffff;
  619: ffffff;
  620: ffffff;
  621: ffffff;
  622: ffffff;
  623: ffffff;
  624: ffffff;
  625: ffffff;
  626: ffffff;
  627: ffffff;
  628: ffffff;
  629: ffffff;
  630: ffffff;
  631: ffffff;
  632: ffffff;
  633: ffffff;
  634: ffffff;
  635: ffffff;
  636: ffffff;
  637: ffffff;
  638: ffffff;
  639: ffffff;
  640: ffffff;
  641: ffffff;
  642: ffffff;
  643: ffffff;
  644: ffffff;
  645: ffffff;
  646: ffffff;
  647: ffffff;
  648: ffffff;
  649: ffffff;
  650: ffffff;
  651: ffffff;
  652: ffffff;
  653: ffffff;
  654: ffffff;
  655: ffffff;
  656: ffffff;
  657: ffffff;
  658: ffffff;
  659: ffffff;
  660: ffffff;
  661: ffffff;
  662: ffffff;
  663: ffffff;
  664: ffffff;
  665: ffffff;
  666: ffffff;
  667: ffffff;
  668: ffffff;
  669: ffffff;
  670: ffffff;
  671: ffffff;
  672: ffffff;
  673: ffffff;
  674: ffffff;
  675: ffffff;
  676: ffffff;
  677: ffffff;
  678: ffffff;
  679: ffffff;
  680: ffffff;
  681: ffffff;
  682: ffffff;
  683: ffffff;
  684: ffffff;
  685: ffffff;
  686: ffffff;
  687: ffffff;
  688: 0;
  689: 0;
  690: 0;
  691: 0;
  692: 0;
  693: 0;
  694: 0;
  695: 0;
  696: 10101;
  697: 0;
  698: 0;
  699: 0;
  700: 0;
  701: 0;
  702: 0;
  703: 0;
  704: 0;
  705: 0;
  706: 0;
  707: 0;
  708: 0;
  709: 0;
  710: 0;
  711: 10101;
  712: 0;
  713: 0;
  714: 0;
  715: 0;
  716: 0;
  717: 0;
  718: 0;
  719: ffffff;
  720: ffffff;
  721: ffffff;
  722: ffffff;
  723: ffffff;
  724: ffffff;
  725: ffffff;
  726: ffffff;
  727: ffffff;
  728: ffffff;
  729: ffffff;
  730: ffffff;
  731: ffffff;
  732: ffffff;
  733: ffffff;
  734: ffffff;
  735: ffffff;
  736: ffffff;
  737: ffffff;
  738: ffffff;
  739: ffffff;
  740: ffffff;
  741: ffffff;
  742: ffffff;
  743: ffffff;
  744: ffffff;
  745: ffffff;
  746: ffffff;
  747: ffffff;
  748: ffffff;
  749: ffffff;
  750: ffffff;
  751: ffffff;
  752: ffffff;
  753: ffffff;
  754: ffffff;
  755: ffffff;
  756: ffffff;
  757: ffffff;
  758: ffffff;
  759: ffffff;
  760: ffffff;
  761: ffffff;
  762: ffffff;
  763: ffffff;
  764: ffffff;
  765: ffffff;
  766: ffffff;
  767: ffffff;
  768: ffffff;
  769: ffffff;
  770: ffffff;
  771: ffffff;
  772: ffffff;
  773: ffffff;
  774: ffffff;
  775: ffffff;
  776: ffffff;
  777: ffffff;
  778: ffffff;
  779: ffffff;
  780: ffffff;
  781: ffffff;
  782: ffffff;
  783: ffffff;
  784: ffffff;
  785: ffffff;
  786: ffffff;
  787: ffffff;
  788: ffffff;
  789: ffffff;
  790: ffffff;
  791: ffffff;
  792: ffffff;
  793: ffffff;
  794: ffffff;
  795: ffffff;
  796: ffffff;
  797: ffffff;
  798: ffffff;
  799: ffffff;
  800: ffffff;
  801: ffffff;
  802: ffffff;
  803: ffffff;
  804: ffffff;
  805: ffffff;
  806: ffffff;
  807: ffffff;
  808: ffffff;
  809: ffffff;
  810: ffffff;
  811: ffffff;
  812: ffffff;
  813: ffffff;
  814: 0;
  815: 0;
  816: 0;
  817: 0;
  818: 0;
  819: 0;
  820: 0;
  821: 0;
  822: 0;
  823: 0;
  824: 0;
  825: 0;
  826: 0;
  827: 0;
  828: 0;
  829: 0;
  830: 0;
  831: 0;
  832: 0;
  833: 0;
  834: 0;
  835: 0;
  836: 0;
  837: 0;
  838: 0;
  839: 0;
  840: 0;
  841: 0;
  842: 0;
  843: 0;
  844: 0;
  845: 10101;
  846: 0;
  847: 0;
  848: 0;
  849: ffffff;
  850: ffffff;
  851: ffffff;
  852: ffffff;
  853: ffffff;
  854: ffffff;
  855: ffffff;
  856: ffffff;
  857: ffffff;
  858: ffffff;
  859: ffffff;
  860: ffffff;
  861: ffffff;
  862: ffffff;
  863: ffffff;
  864: ffffff;
  865: ffffff;
  866: ffffff;
  867: ffffff;
  868: ffffff;
  869: ffffff;
  870: ffffff;
  871: ffffff;
  872: ffffff;
  873: ffffff;
  874: ffffff;
  875: ffffff;
  876: ffffff;
  877: ffffff;
  878: ffffff;
  879: ffffff;
  880: ffffff;
  881: ffffff;
  882: ffffff;
  883: ffffff;
  884: ffffff;
  885: ffffff;
  886: ffffff;
  887: ffffff;
  888: ffffff;
  889: ffffff;
  890: ffffff;
  891: ffffff;
  892: ffffff;
  893: ffffff;
  894: ffffff;
  895: ffffff;
  896: ffffff;
  897: ffffff;
  898: ffffff;
  899: ffffff;
  900: ffffff;
  901: ffffff;
  902: ffffff;
  903: ffffff;
  904: ffffff;
  905: ffffff;
  906: ffffff;
  907: ffffff;
  908: ffffff;
  909: ffffff;
  910: ffffff;
  911: ffffff;
  912: ffffff;
  913: ffffff;
  914: ffffff;
  915: ffffff;
  916: ffffff;
  917: ffffff;
  918: ffffff;
  919: ffffff;
  920: ffffff;
  921: ffffff;
  922: ffffff;
  923: ffffff;
  924: ffffff;
  925: ffffff;
  926: ffffff;
  927: ffffff;
  928: ffffff;
  929: ffffff;
  930: ffffff;
  931: ffffff;
  932: ffffff;
  933: ffffff;
  934: ffffff;
  935: ffffff;
  936: fefefe;
  937: ffffff;
  938: ffffff;
  939: ffffff;
  940: 0;
  941: 0;
  942: 0;
  943: 0;
  944: 0;
  945: 0;
  946: 0;
  947: 0;
  948: 0;
  949: 0;
  950: 0;
  951: 0;
  952: 0;
  953: 0;
  954: 0;
  955: 0;
  956: 0;
  957: 0;
  958: 0;
  959: 0;
  960: 0;
  961: 0;
  962: 0;
  963: 0;
  964: 0;
  965: 0;
  966: 0;
  967: 0;
  968: 0;
  969: 0;
  970: 0;
  971: 0;
  972: 0;
  973: 0;
  974: 10101;
  975: 0;
  976: 0;
  977: 0;
  978: 0;
  979: ffffff;
  980: ffffff;
  981: ffffff;
  982: ffffff;
  983: ffffff;
  984: ffffff;
  985: ffffff;
  986: ffffff;
  987: ffffff;
  988: ffffff;
  989: ffffff;
  990: ffffff;
  991: ffffff;
  992: ffffff;
  993: ffffff;
  994: ffffff;
  995: ffffff;
  996: ffffff;
  997: ffffff;
  998: ffffff;
  999: ffffff;
  1000: ffffff;
  1001: ffffff;
  1002: ffffff;
  1003: ffffff;
  1004: ffffff;
  1005: ffffff;
  1006: ffffff;
  1007: ffffff;
  1008: ffffff;
  1009: ffffff;
  1010: ffffff;
  1011: ffffff;
  1012: ffffff;
  1013: ffffff;
  1014: ffffff;
  1015: ffffff;
  1016: ffffff;
  1017: ffffff;
  1018: ffffff;
  1019: ffffff;
  1020: ffffff;
  1021: ffffff;
  1022: ffffff;
  1023: ffffff;
  1024: ffffff;
  1025: ffffff;
  1026: ffffff;
  1027: ffffff;
  1028: ffffff;
  1029: ffffff;
  1030: ffffff;
  1031: ffffff;
  1032: ffffff;
  1033: ffffff;
  1034: ffffff;
  1035: ffffff;
  1036: ffffff;
  1037: ffffff;
  1038: ffffff;
  1039: ffffff;
  1040: ffffff;
  1041: ffffff;
  1042: ffffff;
  1043: ffffff;
  1044: ffffff;
  1045: ffffff;
  1046: ffffff;
  1047: ffffff;
  1048: ffffff;
  1049: ffffff;
  1050: ffffff;
  1051: ffffff;
  1052: ffffff;
  1053: ffffff;
  1054: ffffff;
  1055: ffffff;
  1056: ffffff;
  1057: ffffff;
  1058: ffffff;
  1059: fefefe;
  1060: ffffff;
  1061: ffffff;
  1062: ffffff;
  1063: ffffff;
  1064: ffffff;
  1065: fefefe;
  1066: ffffff;
  1067: 0;
  1068: 0;
  1069: 0;
  1070: 0;
  1071: 0;
  1072: 0;
  1073: 0;
  1074: 0;
  1075: 0;
  1076: 0;
  1077: 0;
  1078: 0;
  1079: 0;
  1080: 0;
  1081: 0;
  1082: 0;
  1083: 0;
  1084: 0;
  1085: 0;
  1086: 0;
  1087: 0;
  1088: 0;
  1089: 0;
  1090: 0;
  1091: 0;
  1092: 0;
  1093: 0;
  1094: 0;
  1095: 0;
  1096: 0;
  1097: 0;
  1098: 0;
  1099: 0;
  1100: 0;
  1101: 0;
  1102: 0;
  1103: 0;
  1104: 0;
  1105: 0;
  1106: 0;
  1107: 0;
  1108: ffffff;
  1109: ffffff;
  1110: fefefe;
  1111: ffffff;
  1112: ffffff;
  1113: ffffff;
  1114: ffffff;
  1115: ffffff;
  1116: ffffff;
  1117: ffffff;
  1118: ffffff;
  1119: ffffff;
  1120: ffffff;
  1121: ffffff;
  1122: ffffff;
  1123: ffffff;
  1124: ffffff;
  1125: ffffff;
  1126: ffffff;
  1127: ffffff;
  1128: ffffff;
  1129: ffffff;
  1130: ffffff;
  1131: ffffff;
  1132: ffffff;
  1133: ffffff;
  1134: ffffff;
  1135: ffffff;
  1136: ffffff;
  1137: ffffff;
  1138: ffffff;
  1139: ffffff;
  1140: ffffff;
  1141: ffffff;
  1142: ffffff;
  1143: ffffff;
  1144: ffffff;
  1145: ffffff;
  1146: ffffff;
  1147: ffffff;
  1148: ffffff;
  1149: ffffff;
  1150: ffffff;
  1151: ffffff;
  1152: ffffff;
  1153: ffffff;
  1154: ffffff;
  1155: ffffff;
  1156: ffffff;
  1157: ffffff;
  1158: ffffff;
  1159: ffffff;
  1160: ffffff;
  1161: ffffff;
  1162: ffffff;
  1163: ffffff;
  1164: ffffff;
  1165: ffffff;
  1166: ffffff;
  1167: ffffff;
  1168: ffffff;
  1169: ffffff;
  1170: ffffff;
  1171: ffffff;
  1172: ffffff;
  1173: ffffff;
  1174: ffffff;
  1175: ffffff;
  1176: ffffff;
  1177: ffffff;
  1178: ffffff;
  1179: ffffff;
  1180: ffffff;
  1181: ffffff;
  1182: ffffff;
  1183: ffffff;
  1184: ffffff;
  1185: ffffff;
  1186: ffffff;
  1187: ffffff;
  1188: ffffff;
  1189: ffffff;
  1190: ffffff;
  1191: ffffff;
  1192: ffffff;
  1193: 0;
  1194: 0;
  1195: 0;
  1196: 0;
  1197: 0;
  1198: 0;
  1199: 0;
  1200: 0;
  1201: 0;
  1202: 0;
  1203: 0;
  1204: 0;
  1205: 0;
  1206: 0;
  1207: 0;
  1208: 10101;
  1209: 0;
  1210: 0;
  1211: 0;
  1212: 0;
  1213: 0;
  1214: 0;
  1215: 10101;
  1216: 0;
  1217: 0;
  1218: 0;
  1219: 0;
  1220: 0;
  1221: 0;
  1222: 0;
  1223: 0;
  1224: 10101;
  1225: 0;
  1226: 0;
  1227: 0;
  1228: 0;
  1229: 0;
  1230: 0;
  1231: 0;
  1232: 0;
  1233: 0;
  1234: 0;
  1235: 0;
  1236: 0;
  1237: ffffff;
  1238: ffffff;
  1239: fefefe;
  1240: ffffff;
  1241: ffffff;
  1242: ffffff;
  1243: ffffff;
  1244: ffffff;
  1245: ffffff;
  1246: ffffff;
  1247: ffffff;
  1248: ffffff;
  1249: ffffff;
  1250: ffffff;
  1251: ffffff;
  1252: ffffff;
  1253: ffffff;
  1254: ffffff;
  1255: ffffff;
  1256: ffffff;
  1257: ffffff;
  1258: ffffff;
  1259: ffffff;
  1260: ffffff;
  1261: ffffff;
  1262: ffffff;
  1263: ffffff;
  1264: ffffff;
  1265: ffffff;
  1266: ffffff;
  1267: ffffff;
  1268: ffffff;
  1269: ffffff;
  1270: ffffff;
  1271: ffffff;
  1272: ffffff;
  1273: ffffff;
  1274: ffffff;
  1275: ffffff;
  1276: ffffff;
  1277: ffffff;
  1278: ffffff;
  1279: ffffff;
  1280: ffffff;
  1281: ffffff;
  1282: ffffff;
  1283: ffffff;
  1284: ffffff;
  1285: ffffff;
  1286: ffffff;
  1287: ffffff;
  1288: ffffff;
  1289: ffffff;
  1290: ffffff;
  1291: ffffff;
  1292: ffffff;
  1293: ffffff;
  1294: ffffff;
  1295: ffffff;
  1296: ffffff;
  1297: ffffff;
  1298: ffffff;
  1299: ffffff;
  1300: ffffff;
  1301: ffffff;
  1302: ffffff;
  1303: ffffff;
  1304: ffffff;
  1305: ffffff;
  1306: ffffff;
  1307: ffffff;
  1308: ffffff;
  1309: ffffff;
  1310: ffffff;
  1311: ffffff;
  1312: ffffff;
  1313: ffffff;
  1314: ffffff;
  1315: ffffff;
  1316: ffffff;
  1317: ffffff;
  1318: ffffff;
  1319: ffffff;
  1320: 0;
  1321: 0;
  1322: 0;
  1323: 0;
  1324: 0;
  1325: 0;
  1326: 0;
  1327: 0;
  1328: 0;
  1329: 0;
  1330: 0;
  1331: 0;
  1332: 0;
  1333: 0;
  1334: 0;
  1335: 0;
  1336: 0;
  1337: 0;
  1338: 0;
  1339: 0;
  1340: 0;
  1341: 0;
  1342: 0;
  1343: 0;
  1344: 0;
  1345: 0;
  1346: 0;
  1347: 10101;
  1348: 0;
  1349: 0;
  1350: 0;
  1351: 0;
  1352: 0;
  1353: 0;
  1354: 0;
  1355: 0;
  1356: 0;
  1357: 0;
  1358: 0;
  1359: 0;
  1360: 0;
  1361: 0;
  1362: 0;
  1363: 0;
  1364: 0;
  1365: 0;
  1366: ffffff;
  1367: ffffff;
  1368: ffffff;
  1369: ffffff;
  1370: ffffff;
  1371: ffffff;
  1372: ffffff;
  1373: ffffff;
  1374: ffffff;
  1375: ffffff;
  1376: ffffff;
  1377: ffffff;
  1378: ffffff;
  1379: ffffff;
  1380: ffffff;
  1381: ffffff;
  1382: ffffff;
  1383: ffffff;
  1384: ffffff;
  1385: ffffff;
  1386: ffffff;
  1387: ffffff;
  1388: ffffff;
  1389: ffffff;
  1390: ffffff;
  1391: ffffff;
  1392: ffffff;
  1393: ffffff;
  1394: ffffff;
  1395: ffffff;
  1396: ffffff;
  1397: ffffff;
  1398: ffffff;
  1399: ffffff;
  1400: ffffff;
  1401: ffffff;
  1402: ffffff;
  1403: ffffff;
  1404: ffffff;
  1405: ffffff;
  1406: ffffff;
  1407: ffffff;
  1408: ffffff;
  1409: ffffff;
  1410: ffffff;
  1411: ffffff;
  1412: ffffff;
  1413: ffffff;
  1414: ffffff;
  1415: ffffff;
  1416: ffffff;
  1417: ffffff;
  1418: ffffff;
  1419: ffffff;
  1420: ffffff;
  1421: ffffff;
  1422: ffffff;
  1423: ffffff;
  1424: ffffff;
  1425: ffffff;
  1426: ffffff;
  1427: ffffff;
  1428: ffffff;
  1429: ffffff;
  1430: ffffff;
  1431: ffffff;
  1432: ffffff;
  1433: ffffff;
  1434: ffffff;
  1435: ffffff;
  1436: ffffff;
  1437: ffffff;
  1438: ffffff;
  1439: ffffff;
  1440: ffffff;
  1441: ffffff;
  1442: ffffff;
  1443: ffffff;
  1444: ffffff;
  1445: ffffff;
  1446: ffffff;
  1447: 0;
  1448: 0;
  1449: 0;
  1450: 0;
  1451: 0;
  1452: 0;
  1453: 0;
  1454: 0;
  1455: 0;
  1456: 0;
  1457: 10101;
  1458: 0;
  1459: 0;
  1460: 0;
  1461: 0;
  1462: 0;
  1463: 0;
  1464: 0;
  1465: 0;
  1466: 0;
  1467: 0;
  1468: 0;
  1469: ffffff;
  1470: ffffff;
  1471: ffffff;
  1472: ffffff;
  1473: 0;
  1474: 0;
  1475: 0;
  1476: 0;
  1477: 0;
  1478: 0;
  1479: 0;
  1480: 0;
  1481: 0;
  1482: 0;
  1483: 0;
  1484: 0;
  1485: 0;
  1486: 0;
  1487: 0;
  1488: 0;
  1489: 0;
  1490: 0;
  1491: 0;
  1492: 0;
  1493: 0;
  1494: 0;
  1495: ffffff;
  1496: ffffff;
  1497: ffffff;
  1498: ffffff;
  1499: ffffff;
  1500: ffffff;
  1501: ffffff;
  1502: ffffff;
  1503: ffffff;
  1504: ffffff;
  1505: ffffff;
  1506: ffffff;
  1507: ffffff;
  1508: ffffff;
  1509: ffffff;
  1510: ffffff;
  1511: ffffff;
  1512: ffffff;
  1513: ffffff;
  1514: ffffff;
  1515: ffffff;
  1516: ffffff;
  1517: ffffff;
  1518: ffffff;
  1519: ffffff;
  1520: ffffff;
  1521: ffffff;
  1522: ffffff;
  1523: ffffff;
  1524: ffffff;
  1525: ffffff;
  1526: ffffff;
  1527: ffffff;
  1528: ffffff;
  1529: ffffff;
  1530: ffffff;
  1531: ffffff;
  1532: ffffff;
  1533: ffffff;
  1534: ffffff;
  1535: ffffff;
  1536: ffffff;
  1537: ffffff;
  1538: ffffff;
  1539: ffffff;
  1540: ffffff;
  1541: ffffff;
  1542: ffffff;
  1543: ffffff;
  1544: ffffff;
  1545: ffffff;
  1546: ffffff;
  1547: ffffff;
  1548: ffffff;
  1549: ffffff;
  1550: ffffff;
  1551: ffffff;
  1552: ffffff;
  1553: ffffff;
  1554: ffffff;
  1555: ffffff;
  1556: ffffff;
  1557: ffffff;
  1558: ffffff;
  1559: ffffff;
  1560: ffffff;
  1561: ffffff;
  1562: ffffff;
  1563: ffffff;
  1564: ffffff;
  1565: ffffff;
  1566: ffffff;
  1567: ffffff;
  1568: ffffff;
  1569: ffffff;
  1570: ffffff;
  1571: ffffff;
  1572: ffffff;
  1573: ffffff;
  1574: 0;
  1575: 0;
  1576: 0;
  1577: 0;
  1578: 0;
  1579: 0;
  1580: 0;
  1581: 0;
  1582: 0;
  1583: 0;
  1584: 0;
  1585: 0;
  1586: 0;
  1587: 0;
  1588: 0;
  1589: 0;
  1590: 10101;
  1591: 0;
  1592: ffffff;
  1593: ffffff;
  1594: ffffff;
  1595: ffffff;
  1596: ffffff;
  1597: ffffff;
  1598: ffffff;
  1599: ffffff;
  1600: ffffff;
  1601: ffffff;
  1602: ffffff;
  1603: ffffff;
  1604: ffffff;
  1605: ffffff;
  1606: 0;
  1607: 0;
  1608: 0;
  1609: 0;
  1610: 0;
  1611: 0;
  1612: 0;
  1613: 0;
  1614: 0;
  1615: 0;
  1616: 0;
  1617: 0;
  1618: 0;
  1619: 0;
  1620: 0;
  1621: 0;
  1622: 0;
  1623: 0;
  1624: ffffff;
  1625: ffffff;
  1626: ffffff;
  1627: ffffff;
  1628: ffffff;
  1629: ffffff;
  1630: ffffff;
  1631: ffffff;
  1632: ffffff;
  1633: ffffff;
  1634: ffffff;
  1635: ffffff;
  1636: ffffff;
  1637: ffffff;
  1638: ffffff;
  1639: ffffff;
  1640: ffffff;
  1641: ffffff;
  1642: ffffff;
  1643: ffffff;
  1644: ffffff;
  1645: ffffff;
  1646: ffffff;
  1647: ffffff;
  1648: ffffff;
  1649: ffffff;
  1650: ffffff;
  1651: ffffff;
  1652: ffffff;
  1653: ffffff;
  1654: ffffff;
  1655: ffffff;
  1656: ffffff;
  1657: ffffff;
  1658: ffffff;
  1659: ffffff;
  1660: ffffff;
  1661: ffffff;
  1662: ffffff;
  1663: ffffff;
  1664: ffffff;
  1665: ffffff;
  1666: ffffff;
  1667: ffffff;
  1668: ffffff;
  1669: ffffff;
  1670: ffffff;
  1671: ffffff;
  1672: ffffff;
  1673: ffffff;
  1674: ffffff;
  1675: ffffff;
  1676: ffffff;
  1677: ffffff;
  1678: ffffff;
  1679: ffffff;
  1680: ffffff;
  1681: ffffff;
  1682: ffffff;
  1683: ffffff;
  1684: ffffff;
  1685: ffffff;
  1686: ffffff;
  1687: ffffff;
  1688: ffffff;
  1689: ffffff;
  1690: ffffff;
  1691: ffffff;
  1692: ffffff;
  1693: ffffff;
  1694: ffffff;
  1695: ffffff;
  1696: ffffff;
  1697: ffffff;
  1698: ffffff;
  1699: ffffff;
  1700: ffffff;
  1701: 0;
  1702: 0;
  1703: 0;
  1704: 0;
  1705: 0;
  1706: 0;
  1707: 0;
  1708: 0;
  1709: 0;
  1710: 0;
  1711: 0;
  1712: 0;
  1713: 0;
  1714: 0;
  1715: 0;
  1716: 0;
  1717: ffffff;
  1718: ffffff;
  1719: ffffff;
  1720: ffffff;
  1721: ffffff;
  1722: ffffff;
  1723: ffffff;
  1724: ffffff;
  1725: ffffff;
  1726: ffffff;
  1727: fefefe;
  1728: ffffff;
  1729: ffffff;
  1730: ffffff;
  1731: ffffff;
  1732: ffffff;
  1733: ffffff;
  1734: ffffff;
  1735: ffffff;
  1736: ffffff;
  1737: 0;
  1738: 0;
  1739: 0;
  1740: 0;
  1741: 0;
  1742: 0;
  1743: 0;
  1744: 0;
  1745: 0;
  1746: 0;
  1747: 0;
  1748: 0;
  1749: 0;
  1750: 0;
  1751: 0;
  1752: 0;
  1753: ffffff;
  1754: ffffff;
  1755: ffffff;
  1756: ffffff;
  1757: ffffff;
  1758: ffffff;
  1759: ffffff;
  1760: ffffff;
  1761: ffffff;
  1762: ffffff;
  1763: ffffff;
  1764: ffffff;
  1765: ffffff;
  1766: ffffff;
  1767: ffffff;
  1768: ffffff;
  1769: ffffff;
  1770: ffffff;
  1771: ffffff;
  1772: ffffff;
  1773: ffffff;
  1774: ffffff;
  1775: ffffff;
  1776: ffffff;
  1777: ffffff;
  1778: ffffff;
  1779: ffffff;
  1780: ffffff;
  1781: ffffff;
  1782: ffffff;
  1783: ffffff;
  1784: ffffff;
  1785: ffffff;
  1786: ffffff;
  1787: ffffff;
  1788: ffffff;
  1789: ffffff;
  1790: ffffff;
  1791: ffffff;
  1792: ffffff;
  1793: ffffff;
  1794: ffffff;
  1795: ffffff;
  1796: ffffff;
  1797: ffffff;
  1798: ffffff;
  1799: ffffff;
  1800: ffffff;
  1801: ffffff;
  1802: ffffff;
  1803: ffffff;
  1804: ffffff;
  1805: ffffff;
  1806: ffffff;
  1807: ffffff;
  1808: ffffff;
  1809: ffffff;
  1810: ffffff;
  1811: ffffff;
  1812: ffffff;
  1813: ffffff;
  1814: ffffff;
  1815: ffffff;
  1816: ffffff;
  1817: ffffff;
  1818: ffffff;
  1819: ffffff;
  1820: ffffff;
  1821: ffffff;
  1822: ffffff;
  1823: ffffff;
  1824: ffffff;
  1825: ffffff;
  1826: ffffff;
  1827: ffffff;
  1828: 0;
  1829: 0;
  1830: 0;
  1831: 0;
  1832: 0;
  1833: 0;
  1834: 0;
  1835: 0;
  1836: 0;
  1837: 0;
  1838: 0;
  1839: 0;
  1840: 0;
  1841: 0;
  1842: 0;
  1843: ffffff;
  1844: ffffff;
  1845: ffffff;
  1846: ffffff;
  1847: ffffff;
  1848: ffffff;
  1849: ffffff;
  1850: ffffff;
  1851: ffffff;
  1852: ffffff;
  1853: ffffff;
  1854: ffffff;
  1855: ffffff;
  1856: ffffff;
  1857: ffffff;
  1858: ffffff;
  1859: ffffff;
  1860: ffffff;
  1861: ffffff;
  1862: ffffff;
  1863: ffffff;
  1864: ffffff;
  1865: ffffff;
  1866: 0;
  1867: 0;
  1868: 0;
  1869: 0;
  1870: 10101;
  1871: 0;
  1872: 0;
  1873: 0;
  1874: 0;
  1875: 0;
  1876: 0;
  1877: 0;
  1878: 0;
  1879: 0;
  1880: 10101;
  1881: ffffff;
  1882: ffffff;
  1883: ffffff;
  1884: ffffff;
  1885: ffffff;
  1886: ffffff;
  1887: ffffff;
  1888: ffffff;
  1889: ffffff;
  1890: ffffff;
  1891: ffffff;
  1892: ffffff;
  1893: ffffff;
  1894: ffffff;
  1895: ffffff;
  1896: ffffff;
  1897: ffffff;
  1898: ffffff;
  1899: ffffff;
  1900: ffffff;
  1901: ffffff;
  1902: ffffff;
  1903: ffffff;
  1904: ffffff;
  1905: ffffff;
  1906: ffffff;
  1907: ffffff;
  1908: ffffff;
  1909: ffffff;
  1910: ffffff;
  1911: ffffff;
  1912: ffffff;
  1913: ffffff;
  1914: ffffff;
  1915: ffffff;
  1916: ffffff;
  1917: ffffff;
  1918: ffffff;
  1919: ffffff;
  1920: ffffff;
  1921: ffffff;
  1922: ffffff;
  1923: ffffff;
  1924: ffffff;
  1925: ffffff;
  1926: ffffff;
  1927: ffffff;
  1928: ffffff;
  1929: ffffff;
  1930: ffffff;
  1931: ffffff;
  1932: ffffff;
  1933: ffffff;
  1934: ffffff;
  1935: ffffff;
  1936: ffffff;
  1937: ffffff;
  1938: ffffff;
  1939: ffffff;
  1940: ffffff;
  1941: ffffff;
  1942: ffffff;
  1943: ffffff;
  1944: ffffff;
  1945: ffffff;
  1946: ffffff;
  1947: ffffff;
  1948: ffffff;
  1949: ffffff;
  1950: ffffff;
  1951: ffffff;
  1952: fefefe;
  1953: ffffff;
  1954: ffffff;
  1955: ffffff;
  1956: 0;
  1957: 0;
  1958: 0;
  1959: 0;
  1960: 0;
  1961: 0;
  1962: 0;
  1963: 0;
  1964: 0;
  1965: 0;
  1966: 0;
  1967: 0;
  1968: 0;
  1969: 0;
  1970: ffffff;
  1971: ffffff;
  1972: ffffff;
  1973: ffffff;
  1974: ffffff;
  1975: ffffff;
  1976: ffffff;
  1977: ffffff;
  1978: ffffff;
  1979: ffffff;
  1980: ffffff;
  1981: ffffff;
  1982: ffffff;
  1983: ffffff;
  1984: ffffff;
  1985: ffffff;
  1986: ffffff;
  1987: ffffff;
  1988: ffffff;
  1989: ffffff;
  1990: ffffff;
  1991: ffffff;
  1992: ffffff;
  1993: ffffff;
  1994: ffffff;
  1995: ffffff;
  1996: 0;
  1997: 0;
  1998: 0;
  1999: 0;
  2000: 0;
  2001: 0;
  2002: 0;
  2003: 0;
  2004: 0;
  2005: 0;
  2006: 0;
  2007: 0;
  2008: 0;
  2009: 0;
  2010: ffffff;
  2011: ffffff;
  2012: ffffff;
  2013: ffffff;
  2014: ffffff;
  2015: ffffff;
  2016: ffffff;
  2017: ffffff;
  2018: ffffff;
  2019: ffffff;
  2020: ffffff;
  2021: ffffff;
  2022: ffffff;
  2023: ffffff;
  2024: ffffff;
  2025: ffffff;
  2026: ffffff;
  2027: ffffff;
  2028: ffffff;
  2029: ffffff;
  2030: ffffff;
  2031: ffffff;
  2032: ffffff;
  2033: ffffff;
  2034: ffffff;
  2035: ffffff;
  2036: ffffff;
  2037: ffffff;
  2038: ffffff;
  2039: ffffff;
  2040: ffffff;
  2041: ffffff;
  2042: ffffff;
  2043: ffffff;
  2044: ffffff;
  2045: ffffff;
  2046: ffffff;
  2047: ffffff;
  2048: ffffff;
  2049: ffffff;
  2050: ffffff;
  2051: ffffff;
  2052: ffffff;
  2053: ffffff;
  2054: ffffff;
  2055: ffffff;
  2056: ffffff;
  2057: ffffff;
  2058: ffffff;
  2059: ffffff;
  2060: ffffff;
  2061: ffffff;
  2062: ffffff;
  2063: ffffff;
  2064: ffffff;
  2065: ffffff;
  2066: ffffff;
  2067: ffffff;
  2068: ffffff;
  2069: ffffff;
  2070: ffffff;
  2071: ffffff;
  2072: ffffff;
  2073: ffffff;
  2074: ffffff;
  2075: ffffff;
  2076: ffffff;
  2077: ffffff;
  2078: ffffff;
  2079: ffffff;
  2080: ffffff;
  2081: ffffff;
  2082: ffffff;
  2083: 10101;
  2084: 0;
  2085: 0;
  2086: 10101;
  2087: 0;
  2088: 0;
  2089: 10101;
  2090: 0;
  2091: 0;
  2092: 0;
  2093: 0;
  2094: 0;
  2095: 0;
  2096: ffffff;
  2097: ffffff;
  2098: ffffff;
  2099: ffffff;
  2100: ffffff;
  2101: ffffff;
  2102: ffffff;
  2103: ffffff;
  2104: ffffff;
  2105: ffffff;
  2106: ffffff;
  2107: ffffff;
  2108: ffffff;
  2109: ffffff;
  2110: ffffff;
  2111: ffffff;
  2112: ffffff;
  2113: ffffff;
  2114: ffffff;
  2115: ffffff;
  2116: ffffff;
  2117: ffffff;
  2118: ffffff;
  2119: ffffff;
  2120: ffffff;
  2121: ffffff;
  2122: ffffff;
  2123: ffffff;
  2124: ffffff;
  2125: 0;
  2126: 0;
  2127: 0;
  2128: 0;
  2129: 0;
  2130: 0;
  2131: 0;
  2132: 0;
  2133: 0;
  2134: 0;
  2135: 0;
  2136: 0;
  2137: 0;
  2138: 0;
  2139: ffffff;
  2140: ffffff;
  2141: ffffff;
  2142: fefefe;
  2143: ffffff;
  2144: ffffff;
  2145: ffffff;
  2146: ffffff;
  2147: ffffff;
  2148: ffffff;
  2149: ffffff;
  2150: ffffff;
  2151: ffffff;
  2152: ffffff;
  2153: ffffff;
  2154: ffffff;
  2155: ffffff;
  2156: ffffff;
  2157: ffffff;
  2158: ffffff;
  2159: ffffff;
  2160: ffffff;
  2161: ffffff;
  2162: ffffff;
  2163: ffffff;
  2164: ffffff;
  2165: ffffff;
  2166: ffffff;
  2167: ffffff;
  2168: ffffff;
  2169: ffffff;
  2170: ffffff;
  2171: ffffff;
  2172: ffffff;
  2173: ffffff;
  2174: ffffff;
  2175: ffffff;
  2176: ffffff;
  2177: ffffff;
  2178: ffffff;
  2179: ffffff;
  2180: ffffff;
  2181: ffffff;
  2182: ffffff;
  2183: ffffff;
  2184: ffffff;
  2185: ffffff;
  2186: ffffff;
  2187: ffffff;
  2188: ffffff;
  2189: ffffff;
  2190: ffffff;
  2191: ffffff;
  2192: ffffff;
  2193: ffffff;
  2194: ffffff;
  2195: ffffff;
  2196: ffffff;
  2197: ffffff;
  2198: ffffff;
  2199: ffffff;
  2200: ffffff;
  2201: ffffff;
  2202: ffffff;
  2203: ffffff;
  2204: ffffff;
  2205: ffffff;
  2206: ffffff;
  2207: ffffff;
  2208: ffffff;
  2209: ffffff;
  2210: 0;
  2211: 0;
  2212: 0;
  2213: 0;
  2214: 0;
  2215: 0;
  2216: 0;
  2217: 0;
  2218: 0;
  2219: 0;
  2220: 0;
  2221: 0;
  2222: 0;
  2223: ffffff;
  2224: ffffff;
  2225: ffffff;
  2226: ffffff;
  2227: ffffff;
  2228: ffffff;
  2229: ffffff;
  2230: ffffff;
  2231: ffffff;
  2232: ffffff;
  2233: ffffff;
  2234: ffffff;
  2235: ffffff;
  2236: ffffff;
  2237: ffffff;
  2238: ffffff;
  2239: ffffff;
  2240: ffffff;
  2241: ffffff;
  2242: ffffff;
  2243: ffffff;
  2244: ffffff;
  2245: ffffff;
  2246: ffffff;
  2247: ffffff;
  2248: ffffff;
  2249: ffffff;
  2250: ffffff;
  2251: ffffff;
  2252: ffffff;
  2253: ffffff;
  2254: 0;
  2255: 0;
  2256: 0;
  2257: 0;
  2258: 0;
  2259: 0;
  2260: 0;
  2261: 0;
  2262: 0;
  2263: 0;
  2264: 10101;
  2265: 0;
  2266: 0;
  2267: ffffff;
  2268: ffffff;
  2269: ffffff;
  2270: ffffff;
  2271: ffffff;
  2272: ffffff;
  2273: ffffff;
  2274: ffffff;
  2275: ffffff;
  2276: ffffff;
  2277: ffffff;
  2278: ffffff;
  2279: ffffff;
  2280: ffffff;
  2281: ffffff;
  2282: ffffff;
  2283: ffffff;
  2284: ffffff;
  2285: ffffff;
  2286: ffffff;
  2287: ffffff;
  2288: ffffff;
  2289: ffffff;
  2290: ffffff;
  2291: ffffff;
  2292: ffffff;
  2293: ffffff;
  2294: ffffff;
  2295: ffffff;
  2296: ffffff;
  2297: ffffff;
  2298: ffffff;
  2299: ffffff;
  2300: ffffff;
  2301: ffffff;
  2302: ffffff;
  2303: ffffff;
  2304: ffffff;
  2305: ffffff;
  2306: ffffff;
  2307: ffffff;
  2308: ffffff;
  2309: ffffff;
  2310: ffffff;
  2311: ffffff;
  2312: ffffff;
  2313: ffffff;
  2314: ffffff;
  2315: ffffff;
  2316: ffffff;
  2317: ffffff;
  2318: ffffff;
  2319: ffffff;
  2320: ffffff;
  2321: ffffff;
  2322: ffffff;
  2323: ffffff;
  2324: ffffff;
  2325: ffffff;
  2326: ffffff;
  2327: ffffff;
  2328: ffffff;
  2329: ffffff;
  2330: ffffff;
  2331: ffffff;
  2332: ffffff;
  2333: fefefe;
  2334: ffffff;
  2335: fefefe;
  2336: ffffff;
  2337: 0;
  2338: 0;
  2339: 0;
  2340: 0;
  2341: 0;
  2342: 0;
  2343: 0;
  2344: 0;
  2345: 10101;
  2346: 0;
  2347: 0;
  2348: 0;
  2349: 0;
  2350: ffffff;
  2351: ffffff;
  2352: ffffff;
  2353: ffffff;
  2354: ffffff;
  2355: ffffff;
  2356: ffffff;
  2357: ffffff;
  2358: ffffff;
  2359: ffffff;
  2360: ffffff;
  2361: ffffff;
  2362: ffffff;
  2363: ffffff;
  2364: ffffff;
  2365: ffffff;
  2366: ffffff;
  2367: ffffff;
  2368: ffffff;
  2369: ffffff;
  2370: ffffff;
  2371: ffffff;
  2372: ffffff;
  2373: ffffff;
  2374: ffffff;
  2375: ffffff;
  2376: ffffff;
  2377: ffffff;
  2378: ffffff;
  2379: ffffff;
  2380: ffffff;
  2381: ffffff;
  2382: ffffff;
  2383: 0;
  2384: 0;
  2385: 0;
  2386: 0;
  2387: 0;
  2388: 0;
  2389: 0;
  2390: 0;
  2391: 0;
  2392: 0;
  2393: 0;
  2394: 0;
  2395: 0;
  2396: ffffff;
  2397: ffffff;
  2398: ffffff;
  2399: ffffff;
  2400: ffffff;
  2401: ffffff;
  2402: ffffff;
  2403: ffffff;
  2404: ffffff;
  2405: ffffff;
  2406: ffffff;
  2407: ffffff;
  2408: ffffff;
  2409: ffffff;
  2410: ffffff;
  2411: ffffff;
  2412: ffffff;
  2413: ffffff;
  2414: ffffff;
  2415: ffffff;
  2416: ffffff;
  2417: ffffff;
  2418: ffffff;
  2419: ffffff;
  2420: ffffff;
  2421: ffffff;
  2422: ffffff;
  2423: ffffff;
  2424: ffffff;
  2425: ffffff;
  2426: ffffff;
  2427: ffffff;
  2428: ffffff;
  2429: ffffff;
  2430: ffffff;
  2431: ffffff;
  2432: ffffff;
  2433: ffffff;
  2434: ffffff;
  2435: ffffff;
  2436: ffffff;
  2437: ffffff;
  2438: ffffff;
  2439: ffffff;
  2440: ffffff;
  2441: ffffff;
  2442: ffffff;
  2443: ffffff;
  2444: ffffff;
  2445: ffffff;
  2446: ffffff;
  2447: ffffff;
  2448: ffffff;
  2449: ffffff;
  2450: ffffff;
  2451: ffffff;
  2452: ffffff;
  2453: ffffff;
  2454: ffffff;
  2455: ffffff;
  2456: ffffff;
  2457: ffffff;
  2458: ffffff;
  2459: ffffff;
  2460: ffffff;
  2461: ffffff;
  2462: ffffff;
  2463: ffffff;
  2464: ffffff;
  2465: 0;
  2466: 0;
  2467: 0;
  2468: 0;
  2469: 0;
  2470: 0;
  2471: 0;
  2472: 0;
  2473: 0;
  2474: 0;
  2475: 0;
  2476: 0;
  2477: ffffff;
  2478: ffffff;
  2479: ffffff;
  2480: ffffff;
  2481: ffffff;
  2482: ffffff;
  2483: ffffff;
  2484: ffffff;
  2485: ffffff;
  2486: ffffff;
  2487: ffffff;
  2488: ffffff;
  2489: ffffff;
  2490: ffffff;
  2491: ffffff;
  2492: ffffff;
  2493: ffffff;
  2494: ffffff;
  2495: ffffff;
  2496: ffffff;
  2497: ffffff;
  2498: ffffff;
  2499: ffffff;
  2500: ffffff;
  2501: ffffff;
  2502: ffffff;
  2503: ffffff;
  2504: ffffff;
  2505: ffffff;
  2506: ffffff;
  2507: ffffff;
  2508: ffffff;
  2509: ffffff;
  2510: ffffff;
  2511: ffffff;
  2512: 0;
  2513: 0;
  2514: 0;
  2515: 0;
  2516: 0;
  2517: 0;
  2518: 0;
  2519: 0;
  2520: 0;
  2521: 0;
  2522: 0;
  2523: 0;
  2524: 0;
  2525: ffffff;
  2526: ffffff;
  2527: ffffff;
  2528: ffffff;
  2529: ffffff;
  2530: ffffff;
  2531: ffffff;
  2532: ffffff;
  2533: ffffff;
  2534: ffffff;
  2535: ffffff;
  2536: ffffff;
  2537: ffffff;
  2538: ffffff;
  2539: ffffff;
  2540: ffffff;
  2541: ffffff;
  2542: ffffff;
  2543: ffffff;
  2544: ffffff;
  2545: ffffff;
  2546: ffffff;
  2547: ffffff;
  2548: ffffff;
  2549: ffffff;
  2550: ffffff;
  2551: ffffff;
  2552: ffffff;
  2553: ffffff;
  2554: ffffff;
  2555: ffffff;
  2556: ffffff;
  2557: ffffff;
  2558: ffffff;
  2559: ffffff;
  2560: ffffff;
  2561: ffffff;
  2562: ffffff;
  2563: ffffff;
  2564: ffffff;
  2565: ffffff;
  2566: ffffff;
  2567: ffffff;
  2568: ffffff;
  2569: ffffff;
  2570: ffffff;
  2571: ffffff;
  2572: ffffff;
  2573: ffffff;
  2574: ffffff;
  2575: ffffff;
  2576: ffffff;
  2577: ffffff;
  2578: ffffff;
  2579: ffffff;
  2580: ffffff;
  2581: ffffff;
  2582: ffffff;
  2583: ffffff;
  2584: ffffff;
  2585: ffffff;
  2586: ffffff;
  2587: ffffff;
  2588: ffffff;
  2589: fefefe;
  2590: ffffff;
  2591: ffffff;
  2592: 0;
  2593: 0;
  2594: 0;
  2595: 0;
  2596: 0;
  2597: 0;
  2598: 0;
  2599: 0;
  2600: 0;
  2601: 0;
  2602: 0;
  2603: 0;
  2604: ffffff;
  2605: ffffff;
  2606: ffffff;
  2607: ffffff;
  2608: ffffff;
  2609: ffffff;
  2610: ffffff;
  2611: ffffff;
  2612: ffffff;
  2613: ffffff;
  2614: ffffff;
  2615: ffffff;
  2616: ffffff;
  2617: ffffff;
  2618: ffffff;
  2619: ffffff;
  2620: ffffff;
  2621: ffffff;
  2622: ffffff;
  2623: ffffff;
  2624: ffffff;
  2625: ffffff;
  2626: ffffff;
  2627: ffffff;
  2628: ffffff;
  2629: ffffff;
  2630: ffffff;
  2631: ffffff;
  2632: ffffff;
  2633: fefefe;
  2634: ffffff;
  2635: ffffff;
  2636: ffffff;
  2637: ffffff;
  2638: ffffff;
  2639: ffffff;
  2640: ffffff;
  2641: 0;
  2642: 0;
  2643: 0;
  2644: 0;
  2645: 0;
  2646: 0;
  2647: 0;
  2648: 0;
  2649: 0;
  2650: 0;
  2651: 0;
  2652: 0;
  2653: ffffff;
  2654: ffffff;
  2655: ffffff;
  2656: ffffff;
  2657: ffffff;
  2658: ffffff;
  2659: ffffff;
  2660: ffffff;
  2661: ffffff;
  2662: ffffff;
  2663: ffffff;
  2664: ffffff;
  2665: ffffff;
  2666: ffffff;
  2667: ffffff;
  2668: ffffff;
  2669: ffffff;
  2670: ffffff;
  2671: ffffff;
  2672: ffffff;
  2673: ffffff;
  2674: ffffff;
  2675: ffffff;
  2676: ffffff;
  2677: ffffff;
  2678: ffffff;
  2679: ffffff;
  2680: ffffff;
  2681: ffffff;
  2682: ffffff;
  2683: ffffff;
  2684: ffffff;
  2685: ffffff;
  2686: ffffff;
  2687: ffffff;
  2688: ffffff;
  2689: ffffff;
  2690: ffffff;
  2691: ffffff;
  2692: ffffff;
  2693: ffffff;
  2694: ffffff;
  2695: ffffff;
  2696: ffffff;
  2697: ffffff;
  2698: ffffff;
  2699: ffffff;
  2700: ffffff;
  2701: ffffff;
  2702: ffffff;
  2703: ffffff;
  2704: ffffff;
  2705: ffffff;
  2706: ffffff;
  2707: ffffff;
  2708: ffffff;
  2709: ffffff;
  2710: ffffff;
  2711: ffffff;
  2712: ffffff;
  2713: ffffff;
  2714: ffffff;
  2715: ffffff;
  2716: ffffff;
  2717: ffffff;
  2718: ffffff;
  2719: ffffff;
  2720: 0;
  2721: 0;
  2722: 0;
  2723: 10101;
  2724: 0;
  2725: 0;
  2726: 0;
  2727: 0;
  2728: 0;
  2729: 0;
  2730: 0;
  2731: 0;
  2732: ffffff;
  2733: ffffff;
  2734: ffffff;
  2735: ffffff;
  2736: ffffff;
  2737: ffffff;
  2738: ffffff;
  2739: ffffff;
  2740: ffffff;
  2741: ffffff;
  2742: ffffff;
  2743: ffffff;
  2744: ffffff;
  2745: ffffff;
  2746: ffffff;
  2747: ffffff;
  2748: ffffff;
  2749: ffffff;
  2750: ffffff;
  2751: ffffff;
  2752: ffffff;
  2753: ffffff;
  2754: ffffff;
  2755: ffffff;
  2756: ffffff;
  2757: ffffff;
  2758: ffffff;
  2759: ffffff;
  2760: ffffff;
  2761: ffffff;
  2762: ffffff;
  2763: ffffff;
  2764: ffffff;
  2765: ffffff;
  2766: fefefe;
  2767: ffffff;
  2768: ffffff;
  2769: ffffff;
  2770: 0;
  2771: 0;
  2772: 0;
  2773: 0;
  2774: 0;
  2775: 10101;
  2776: 0;
  2777: 0;
  2778: 0;
  2779: 0;
  2780: 0;
  2781: 0;
  2782: ffffff;
  2783: ffffff;
  2784: ffffff;
  2785: ffffff;
  2786: ffffff;
  2787: ffffff;
  2788: ffffff;
  2789: ffffff;
  2790: ffffff;
  2791: ffffff;
  2792: ffffff;
  2793: ffffff;
  2794: ffffff;
  2795: ffffff;
  2796: ffffff;
  2797: ffffff;
  2798: ffffff;
  2799: ffffff;
  2800: ffffff;
  2801: ffffff;
  2802: ffffff;
  2803: ffffff;
  2804: ffffff;
  2805: ffffff;
  2806: ffffff;
  2807: ffffff;
  2808: ffffff;
  2809: ffffff;
  2810: ffffff;
  2811: ffffff;
  2812: ffffff;
  2813: ffffff;
  2814: ffffff;
  2815: ffffff;
  2816: ffffff;
  2817: ffffff;
  2818: ffffff;
  2819: ffffff;
  2820: ffffff;
  2821: ffffff;
  2822: ffffff;
  2823: ffffff;
  2824: ffffff;
  2825: ffffff;
  2826: ffffff;
  2827: ffffff;
  2828: ffffff;
  2829: ffffff;
  2830: ffffff;
  2831: ffffff;
  2832: ffffff;
  2833: ffffff;
  2834: ffffff;
  2835: ffffff;
  2836: ffffff;
  2837: ffffff;
  2838: ffffff;
  2839: ffffff;
  2840: ffffff;
  2841: ffffff;
  2842: ffffff;
  2843: ffffff;
  2844: ffffff;
  2845: ffffff;
  2846: ffffff;
  2847: 0;
  2848: 0;
  2849: 0;
  2850: 0;
  2851: 0;
  2852: 0;
  2853: 0;
  2854: 0;
  2855: 0;
  2856: 0;
  2857: 0;
  2858: 0;
  2859: ffffff;
  2860: ffffff;
  2861: ffffff;
  2862: ffffff;
  2863: ffffff;
  2864: ffffff;
  2865: ffffff;
  2866: ffffff;
  2867: ffffff;
  2868: ffffff;
  2869: ffffff;
  2870: ffffff;
  2871: ffffff;
  2872: ffffff;
  2873: ffffff;
  2874: ffffff;
  2875: ffffff;
  2876: ffffff;
  2877: ffffff;
  2878: ffffff;
  2879: ffffff;
  2880: ffffff;
  2881: ffffff;
  2882: ffffff;
  2883: ffffff;
  2884: ffffff;
  2885: ffffff;
  2886: ffffff;
  2887: ffffff;
  2888: ffffff;
  2889: ffffff;
  2890: ffffff;
  2891: fefefe;
  2892: ffffff;
  2893: ffffff;
  2894: ffffff;
  2895: ffffff;
  2896: ffffff;
  2897: ffffff;
  2898: 0;
  2899: 0;
  2900: 0;
  2901: 0;
  2902: 0;
  2903: 10101;
  2904: 10101;
  2905: 0;
  2906: 0;
  2907: 0;
  2908: 0;
  2909: 0;
  2910: ffffff;
  2911: ffffff;
  2912: ffffff;
  2913: ffffff;
  2914: ffffff;
  2915: ffffff;
  2916: ffffff;
  2917: ffffff;
  2918: ffffff;
  2919: ffffff;
  2920: ffffff;
  2921: ffffff;
  2922: ffffff;
  2923: ffffff;
  2924: ffffff;
  2925: ffffff;
  2926: ffffff;
  2927: ffffff;
  2928: ffffff;
  2929: ffffff;
  2930: ffffff;
  2931: ffffff;
  2932: ffffff;
  2933: ffffff;
  2934: ffffff;
  2935: ffffff;
  2936: ffffff;
  2937: ffffff;
  2938: ffffff;
  2939: ffffff;
  2940: ffffff;
  2941: ffffff;
  2942: ffffff;
  2943: ffffff;
  2944: ffffff;
  2945: ffffff;
  2946: ffffff;
  2947: ffffff;
  2948: ffffff;
  2949: ffffff;
  2950: ffffff;
  2951: ffffff;
  2952: ffffff;
  2953: ffffff;
  2954: ffffff;
  2955: ffffff;
  2956: ffffff;
  2957: ffffff;
  2958: ffffff;
  2959: ffffff;
  2960: ffffff;
  2961: ffffff;
  2962: ffffff;
  2963: ffffff;
  2964: ffffff;
  2965: ffffff;
  2966: ffffff;
  2967: ffffff;
  2968: fefefe;
  2969: ffffff;
  2970: ffffff;
  2971: ffffff;
  2972: ffffff;
  2973: ffffff;
  2974: ffffff;
  2975: 0;
  2976: 0;
  2977: 0;
  2978: 0;
  2979: 0;
  2980: 0;
  2981: 0;
  2982: 0;
  2983: 0;
  2984: 0;
  2985: 0;
  2986: ffffff;
  2987: ffffff;
  2988: ffffff;
  2989: ffffff;
  2990: fefefe;
  2991: ffffff;
  2992: ffffff;
  2993: ffffff;
  2994: ffffff;
  2995: ffffff;
  2996: ffffff;
  2997: ffffff;
  2998: ffffff;
  2999: ffffff;
  3000: ffffff;
  3001: ffffff;
  3002: ffffff;
  3003: ffffff;
  3004: ffffff;
  3005: ffffff;
  3006: ffffff;
  3007: ffffff;
  3008: ffffff;
  3009: ffffff;
  3010: ffffff;
  3011: ffffff;
  3012: ffffff;
  3013: ffffff;
  3014: ffffff;
  3015: ffffff;
  3016: ffffff;
  3017: ffffff;
  3018: ffffff;
  3019: ffffff;
  3020: ffffff;
  3021: ffffff;
  3022: ffffff;
  3023: ffffff;
  3024: ffffff;
  3025: ffffff;
  3026: ffffff;
  3027: 0;
  3028: 0;
  3029: 0;
  3030: 0;
  3031: 0;
  3032: 0;
  3033: 0;
  3034: 0;
  3035: 0;
  3036: 0;
  3037: 0;
  3038: 0;
  3039: ffffff;
  3040: ffffff;
  3041: ffffff;
  3042: ffffff;
  3043: ffffff;
  3044: ffffff;
  3045: ffffff;
  3046: ffffff;
  3047: ffffff;
  3048: ffffff;
  3049: ffffff;
  3050: ffffff;
  3051: ffffff;
  3052: ffffff;
  3053: ffffff;
  3054: ffffff;
  3055: ffffff;
  3056: ffffff;
  3057: ffffff;
  3058: ffffff;
  3059: ffffff;
  3060: ffffff;
  3061: ffffff;
  3062: ffffff;
  3063: ffffff;
  3064: ffffff;
  3065: ffffff;
  3066: ffffff;
  3067: ffffff;
  3068: ffffff;
  3069: ffffff;
  3070: ffffff;
  3071: ffffff;
  3072: ffffff;
  3073: ffffff;
  3074: ffffff;
  3075: ffffff;
  3076: ffffff;
  3077: ffffff;
  3078: ffffff;
  3079: ffffff;
  3080: ffffff;
  3081: ffffff;
  3082: ffffff;
  3083: ffffff;
  3084: ffffff;
  3085: ffffff;
  3086: ffffff;
  3087: ffffff;
  3088: ffffff;
  3089: ffffff;
  3090: ffffff;
  3091: ffffff;
  3092: ffffff;
  3093: ffffff;
  3094: ffffff;
  3095: ffffff;
  3096: ffffff;
  3097: ffffff;
  3098: ffffff;
  3099: ffffff;
  3100: ffffff;
  3101: ffffff;
  3102: 0;
  3103: 0;
  3104: 0;
  3105: 0;
  3106: 0;
  3107: 0;
  3108: 0;
  3109: 0;
  3110: 0;
  3111: 0;
  3112: 0;
  3113: 0;
  3114: ffffff;
  3115: ffffff;
  3116: ffffff;
  3117: ffffff;
  3118: ffffff;
  3119: ffffff;
  3120: ffffff;
  3121: ffffff;
  3122: ffffff;
  3123: ffffff;
  3124: ffffff;
  3125: ffffff;
  3126: ffffff;
  3127: ffffff;
  3128: ffffff;
  3129: ffffff;
  3130: ffffff;
  3131: ffffff;
  3132: ffffff;
  3133: ffffff;
  3134: ffffff;
  3135: ffffff;
  3136: ffffff;
  3137: ffffff;
  3138: ffffff;
  3139: ffffff;
  3140: ffffff;
  3141: ffffff;
  3142: ffffff;
  3143: ffffff;
  3144: ffffff;
  3145: ffffff;
  3146: ffffff;
  3147: ffffff;
  3148: ffffff;
  3149: ffffff;
  3150: ffffff;
  3151: ffffff;
  3152: ffffff;
  3153: ffffff;
  3154: ffffff;
  3155: ffffff;
  3156: 0;
  3157: 0;
  3158: 10101;
  3159: 0;
  3160: 10101;
  3161: 0;
  3162: 0;
  3163: 0;
  3164: 0;
  3165: 0;
  3166: 0;
  3167: ffffff;
  3168: ffffff;
  3169: ffffff;
  3170: fefefe;
  3171: fefefe;
  3172: ffffff;
  3173: ffffff;
  3174: ffffff;
  3175: ffffff;
  3176: ffffff;
  3177: ffffff;
  3178: ffffff;
  3179: ffffff;
  3180: ffffff;
  3181: ffffff;
  3182: ffffff;
  3183: ffffff;
  3184: ffffff;
  3185: ffffff;
  3186: ffffff;
  3187: ffffff;
  3188: ffffff;
  3189: ffffff;
  3190: ffffff;
  3191: ffffff;
  3192: ffffff;
  3193: ffffff;
  3194: ffffff;
  3195: ffffff;
  3196: ffffff;
  3197: ffffff;
  3198: ffffff;
  3199: ffffff;
  3200: ffffff;
  3201: ffffff;
  3202: ffffff;
  3203: ffffff;
  3204: ffffff;
  3205: ffffff;
  3206: ffffff;
  3207: ffffff;
  3208: ffffff;
  3209: ffffff;
  3210: ffffff;
  3211: ffffff;
  3212: ffffff;
  3213: ffffff;
  3214: ffffff;
  3215: ffffff;
  3216: ffffff;
  3217: ffffff;
  3218: ffffff;
  3219: ffffff;
  3220: ffffff;
  3221: ffffff;
  3222: ffffff;
  3223: ffffff;
  3224: ffffff;
  3225: ffffff;
  3226: ffffff;
  3227: fefefe;
  3228: ffffff;
  3229: ffffff;
  3230: 0;
  3231: 0;
  3232: 0;
  3233: 0;
  3234: 0;
  3235: 0;
  3236: 0;
  3237: 0;
  3238: 0;
  3239: 0;
  3240: 10101;
  3241: ffffff;
  3242: ffffff;
  3243: ffffff;
  3244: ffffff;
  3245: ffffff;
  3246: ffffff;
  3247: ffffff;
  3248: ffffff;
  3249: ffffff;
  3250: ffffff;
  3251: ffffff;
  3252: ffffff;
  3253: ffffff;
  3254: ffffff;
  3255: ffffff;
  3256: ffffff;
  3257: ffffff;
  3258: ffffff;
  3259: ffffff;
  3260: ffffff;
  3261: ffffff;
  3262: ffffff;
  3263: ffffff;
  3264: ffffff;
  3265: ffffff;
  3266: ffffff;
  3267: ffffff;
  3268: ffffff;
  3269: ffffff;
  3270: ffffff;
  3271: ffffff;
  3272: ffffff;
  3273: ffffff;
  3274: ffffff;
  3275: ffffff;
  3276: ffffff;
  3277: ffffff;
  3278: ffffff;
  3279: ffffff;
  3280: ffffff;
  3281: fefefe;
  3282: ffffff;
  3283: ffffff;
  3284: 0;
  3285: 10101;
  3286: 0;
  3287: 0;
  3288: 0;
  3289: 0;
  3290: 0;
  3291: 0;
  3292: 0;
  3293: 0;
  3294: 0;
  3295: ffffff;
  3296: ffffff;
  3297: ffffff;
  3298: ffffff;
  3299: ffffff;
  3300: fefefe;
  3301: ffffff;
  3302: ffffff;
  3303: ffffff;
  3304: ffffff;
  3305: ffffff;
  3306: ffffff;
  3307: ffffff;
  3308: ffffff;
  3309: ffffff;
  3310: ffffff;
  3311: ffffff;
  3312: ffffff;
  3313: ffffff;
  3314: ffffff;
  3315: ffffff;
  3316: ffffff;
  3317: ffffff;
  3318: ffffff;
  3319: ffffff;
  3320: ffffff;
  3321: ffffff;
  3322: ffffff;
  3323: ffffff;
  3324: ffffff;
  3325: ffffff;
  3326: ffffff;
  3327: ffffff;
  3328: ffffff;
  3329: ffffff;
  3330: ffffff;
  3331: ffffff;
  3332: ffffff;
  3333: ffffff;
  3334: ffffff;
  3335: ffffff;
  3336: ffffff;
  3337: ffffff;
  3338: ffffff;
  3339: ffffff;
  3340: ffffff;
  3341: ffffff;
  3342: ffffff;
  3343: ffffff;
  3344: ffffff;
  3345: ffffff;
  3346: ffffff;
  3347: ffffff;
  3348: ffffff;
  3349: ffffff;
  3350: ffffff;
  3351: ffffff;
  3352: ffffff;
  3353: ffffff;
  3354: ffffff;
  3355: ffffff;
  3356: ffffff;
  3357: 0;
  3358: 0;
  3359: 0;
  3360: 0;
  3361: 0;
  3362: 0;
  3363: 0;
  3364: 0;
  3365: 0;
  3366: 0;
  3367: 0;
  3368: 0;
  3369: ffffff;
  3370: ffffff;
  3371: ffffff;
  3372: ffffff;
  3373: ffffff;
  3374: ffffff;
  3375: ffffff;
  3376: ffffff;
  3377: ffffff;
  3378: ffffff;
  3379: ffffff;
  3380: ffffff;
  3381: ffffff;
  3382: ffffff;
  3383: ffffff;
  3384: ffffff;
  3385: ffffff;
  3386: ffffff;
  3387: ffffff;
  3388: ffffff;
  3389: ffffff;
  3390: ffffff;
  3391: ffffff;
  3392: ffffff;
  3393: ffffff;
  3394: ffffff;
  3395: ffffff;
  3396: ffffff;
  3397: ffffff;
  3398: ffffff;
  3399: ffffff;
  3400: ffffff;
  3401: ffffff;
  3402: ffffff;
  3403: ffffff;
  3404: ffffff;
  3405: ffffff;
  3406: ffffff;
  3407: ffffff;
  3408: ffffff;
  3409: ffffff;
  3410: ffffff;
  3411: ffffff;
  3412: ffffff;
  3413: 0;
  3414: 0;
  3415: 10101;
  3416: 10101;
  3417: 0;
  3418: 0;
  3419: 0;
  3420: 0;
  3421: 0;
  3422: 0;
  3423: 0;
  3424: ffffff;
  3425: ffffff;
  3426: ffffff;
  3427: ffffff;
  3428: ffffff;
  3429: ffffff;
  3430: ffffff;
  3431: ffffff;
  3432: ffffff;
  3433: ffffff;
  3434: ffffff;
  3435: ffffff;
  3436: ffffff;
  3437: ffffff;
  3438: ffffff;
  3439: ffffff;
  3440: ffffff;
  3441: ffffff;
  3442: ffffff;
  3443: ffffff;
  3444: ffffff;
  3445: ffffff;
  3446: ffffff;
  3447: ffffff;
  3448: ffffff;
  3449: ffffff;
  3450: ffffff;
  3451: ffffff;
  3452: ffffff;
  3453: ffffff;
  3454: ffffff;
  3455: ffffff;
  3456: ffffff;
  3457: ffffff;
  3458: ffffff;
  3459: ffffff;
  3460: ffffff;
  3461: ffffff;
  3462: ffffff;
  3463: ffffff;
  3464: ffffff;
  3465: ffffff;
  3466: ffffff;
  3467: ffffff;
  3468: ffffff;
  3469: ffffff;
  3470: ffffff;
  3471: ffffff;
  3472: ffffff;
  3473: ffffff;
  3474: ffffff;
  3475: ffffff;
  3476: ffffff;
  3477: ffffff;
  3478: ffffff;
  3479: ffffff;
  3480: ffffff;
  3481: ffffff;
  3482: ffffff;
  3483: ffffff;
  3484: ffffff;
  3485: 0;
  3486: 0;
  3487: 0;
  3488: 0;
  3489: 0;
  3490: 0;
  3491: 0;
  3492: 0;
  3493: 0;
  3494: 0;
  3495: 0;
  3496: ffffff;
  3497: ffffff;
  3498: ffffff;
  3499: ffffff;
  3500: ffffff;
  3501: ffffff;
  3502: ffffff;
  3503: ffffff;
  3504: ffffff;
  3505: ffffff;
  3506: ffffff;
  3507: ffffff;
  3508: ffffff;
  3509: ffffff;
  3510: ffffff;
  3511: ffffff;
  3512: ffffff;
  3513: ffffff;
  3514: ffffff;
  3515: ffffff;
  3516: ffffff;
  3517: ffffff;
  3518: ffffff;
  3519: ffffff;
  3520: ffffff;
  3521: ffffff;
  3522: ffffff;
  3523: ffffff;
  3524: ffffff;
  3525: ffffff;
  3526: ffffff;
  3527: ffffff;
  3528: ffffff;
  3529: ffffff;
  3530: ffffff;
  3531: ffffff;
  3532: ffffff;
  3533: ffffff;
  3534: ffffff;
  3535: ffffff;
  3536: ffffff;
  3537: ffffff;
  3538: ffffff;
  3539: ffffff;
  3540: ffffff;
  3541: 0;
  3542: 0;
  3543: 0;
  3544: 0;
  3545: 0;
  3546: 0;
  3547: 0;
  3548: 0;
  3549: 0;
  3550: 0;
  3551: 0;
  3552: ffffff;
  3553: ffffff;
  3554: ffffff;
  3555: ffffff;
  3556: ffffff;
  3557: ffffff;
  3558: ffffff;
  3559: ffffff;
  3560: ffffff;
  3561: ffffff;
  3562: ffffff;
  3563: ffffff;
  3564: ffffff;
  3565: ffffff;
  3566: ffffff;
  3567: ffffff;
  3568: ffffff;
  3569: ffffff;
  3570: ffffff;
  3571: ffffff;
  3572: ffffff;
  3573: ffffff;
  3574: ffffff;
  3575: ffffff;
  3576: ffffff;
  3577: ffffff;
  3578: ffffff;
  3579: ffffff;
  3580: ffffff;
  3581: ffffff;
  3582: ffffff;
  3583: ffffff;
  3584: ffffff;
  3585: ffffff;
  3586: ffffff;
  3587: ffffff;
  3588: ffffff;
  3589: ffffff;
  3590: ffffff;
  3591: ffffff;
  3592: ffffff;
  3593: ffffff;
  3594: ffffff;
  3595: ffffff;
  3596: ffffff;
  3597: ffffff;
  3598: ffffff;
  3599: ffffff;
  3600: ffffff;
  3601: ffffff;
  3602: ffffff;
  3603: ffffff;
  3604: ffffff;
  3605: ffffff;
  3606: ffffff;
  3607: ffffff;
  3608: ffffff;
  3609: ffffff;
  3610: ffffff;
  3611: ffffff;
  3612: ffffff;
  3613: 0;
  3614: 0;
  3615: 0;
  3616: 0;
  3617: 0;
  3618: 0;
  3619: 0;
  3620: 0;
  3621: 0;
  3622: 0;
  3623: 0;
  3624: ffffff;
  3625: ffffff;
  3626: ffffff;
  3627: ffffff;
  3628: ffffff;
  3629: ffffff;
  3630: ffffff;
  3631: ffffff;
  3632: ffffff;
  3633: ffffff;
  3634: ffffff;
  3635: ffffff;
  3636: ffffff;
  3637: ffffff;
  3638: ffffff;
  3639: ffffff;
  3640: ffffff;
  3641: ffffff;
  3642: ffffff;
  3643: ffffff;
  3644: ffffff;
  3645: ffffff;
  3646: ffffff;
  3647: ffffff;
  3648: ffffff;
  3649: ffffff;
  3650: ffffff;
  3651: ffffff;
  3652: ffffff;
  3653: ffffff;
  3654: ffffff;
  3655: ffffff;
  3656: ffffff;
  3657: ffffff;
  3658: ffffff;
  3659: ffffff;
  3660: ffffff;
  3661: ffffff;
  3662: ffffff;
  3663: ffffff;
  3664: ffffff;
  3665: fefefe;
  3666: ffffff;
  3667: ffffff;
  3668: ffffff;
  3669: 0;
  3670: 0;
  3671: 0;
  3672: 0;
  3673: 0;
  3674: 0;
  3675: 0;
  3676: 0;
  3677: 0;
  3678: 0;
  3679: 0;
  3680: ffffff;
  3681: fefefe;
  3682: ffffff;
  3683: fefefe;
  3684: ffffff;
  3685: ffffff;
  3686: ffffff;
  3687: ffffff;
  3688: ffffff;
  3689: ffffff;
  3690: ffffff;
  3691: ffffff;
  3692: ffffff;
  3693: ffffff;
  3694: ffffff;
  3695: ffffff;
  3696: ffffff;
  3697: ffffff;
  3698: ffffff;
  3699: ffffff;
  3700: ffffff;
  3701: ffffff;
  3702: ffffff;
  3703: ffffff;
  3704: ffffff;
  3705: ffffff;
  3706: ffffff;
  3707: ffffff;
  3708: ffffff;
  3709: ffffff;
  3710: ffffff;
  3711: ffffff;
  3712: ffffff;
  3713: ffffff;
  3714: ffffff;
  3715: ffffff;
  3716: ffffff;
  3717: ffffff;
  3718: ffffff;
  3719: ffffff;
  3720: ffffff;
  3721: ffffff;
  3722: ffffff;
  3723: ffffff;
  3724: ffffff;
  3725: ffffff;
  3726: ffffff;
  3727: ffffff;
  3728: ffffff;
  3729: ffffff;
  3730: ffffff;
  3731: ffffff;
  3732: ffffff;
  3733: ffffff;
  3734: ffffff;
  3735: ffffff;
  3736: ffffff;
  3737: ffffff;
  3738: ffffff;
  3739: ffffff;
  3740: ffffff;
  3741: 0;
  3742: 0;
  3743: 0;
  3744: 10101;
  3745: 0;
  3746: 0;
  3747: 0;
  3748: 0;
  3749: 0;
  3750: 0;
  3751: 0;
  3752: ffffff;
  3753: ffffff;
  3754: ffffff;
  3755: ffffff;
  3756: ffffff;
  3757: ffffff;
  3758: ffffff;
  3759: ffffff;
  3760: ffffff;
  3761: ffffff;
  3762: ffffff;
  3763: ffffff;
  3764: ffffff;
  3765: ffffff;
  3766: ffffff;
  3767: ffffff;
  3768: ffffff;
  3769: ffffff;
  3770: ffffff;
  3771: ffffff;
  3772: ffffff;
  3773: ffffff;
  3774: ffffff;
  3775: ffffff;
  3776: ffffff;
  3777: ffffff;
  3778: ffffff;
  3779: ffffff;
  3780: ffffff;
  3781: ffffff;
  3782: ffffff;
  3783: ffffff;
  3784: ffffff;
  3785: ffffff;
  3786: ffffff;
  3787: ffffff;
  3788: ffffff;
  3789: ffffff;
  3790: ffffff;
  3791: ffffff;
  3792: ffffff;
  3793: ffffff;
  3794: ffffff;
  3795: ffffff;
  3796: ffffff;
  3797: ffffff;
  3798: 0;
  3799: 0;
  3800: 0;
  3801: 0;
  3802: 0;
  3803: 0;
  3804: 0;
  3805: 0;
  3806: 0;
  3807: 0;
  3808: 0;
  3809: ffffff;
  3810: ffffff;
  3811: ffffff;
  3812: ffffff;
  3813: ffffff;
  3814: ffffff;
  3815: ffffff;
  3816: ffffff;
  3817: ffffff;
  3818: ffffff;
  3819: ffffff;
  3820: ffffff;
  3821: ffffff;
  3822: ffffff;
  3823: ffffff;
  3824: ffffff;
  3825: ffffff;
  3826: ffffff;
  3827: ffffff;
  3828: ffffff;
  3829: ffffff;
  3830: ffffff;
  3831: ffffff;
  3832: ffffff;
  3833: ffffff;
  3834: ffffff;
  3835: ffffff;
  3836: ffffff;
  3837: ffffff;
  3838: ffffff;
  3839: ffffff;
  3840: ffffff;
  3841: ffffff;
  3842: ffffff;
  3843: ffffff;
  3844: ffffff;
  3845: ffffff;
  3846: ffffff;
  3847: ffffff;
  3848: ffffff;
  3849: ffffff;
  3850: ffffff;
  3851: ffffff;
  3852: ffffff;
  3853: ffffff;
  3854: ffffff;
  3855: ffffff;
  3856: ffffff;
  3857: ffffff;
  3858: ffffff;
  3859: ffffff;
  3860: ffffff;
  3861: ffffff;
  3862: ffffff;
  3863: ffffff;
  3864: ffffff;
  3865: ffffff;
  3866: ffffff;
  3867: ffffff;
  3868: 0;
  3869: 0;
  3870: 10101;
  3871: 0;
  3872: 0;
  3873: 0;
  3874: 0;
  3875: 0;
  3876: 0;
  3877: 0;
  3878: 0;
  3879: ffffff;
  3880: ffffff;
  3881: ffffff;
  3882: ffffff;
  3883: ffffff;
  3884: ffffff;
  3885: ffffff;
  3886: ffffff;
  3887: ffffff;
  3888: ffffff;
  3889: ffffff;
  3890: ffffff;
  3891: ffffff;
  3892: ffffff;
  3893: ffffff;
  3894: ffffff;
  3895: ffffff;
  3896: ffffff;
  3897: ffffff;
  3898: ffffff;
  3899: ffffff;
  3900: ffffff;
  3901: ffffff;
  3902: ffffff;
  3903: ffffff;
  3904: ffffff;
  3905: ffffff;
  3906: ffffff;
  3907: ffffff;
  3908: ffffff;
  3909: ffffff;
  3910: ffffff;
  3911: ffffff;
  3912: ffffff;
  3913: ffffff;
  3914: ffffff;
  3915: ffffff;
  3916: ffffff;
  3917: ffffff;
  3918: ffffff;
  3919: ffffff;
  3920: ffffff;
  3921: ffffff;
  3922: ffffff;
  3923: ffffff;
  3924: ffffff;
  3925: ffffff;
  3926: 0;
  3927: 0;
  3928: 0;
  3929: 0;
  3930: 0;
  3931: 0;
  3932: 0;
  3933: 0;
  3934: 0;
  3935: 0;
  3936: 0;
  3937: ffffff;
  3938: ffffff;
  3939: ffffff;
  3940: ffffff;
  3941: ffffff;
  3942: ffffff;
  3943: fefefe;
  3944: ffffff;
  3945: ffffff;
  3946: ffffff;
  3947: ffffff;
  3948: ffffff;
  3949: ffffff;
  3950: ffffff;
  3951: ffffff;
  3952: ffffff;
  3953: ffffff;
  3954: ffffff;
  3955: ffffff;
  3956: ffffff;
  3957: ffffff;
  3958: ffffff;
  3959: ffffff;
  3960: ffffff;
  3961: ffffff;
  3962: ffffff;
  3963: ffffff;
  3964: ffffff;
  3965: ffffff;
  3966: ffffff;
  3967: ffffff;
  3968: ffffff;
  3969: ffffff;
  3970: ffffff;
  3971: ffffff;
  3972: ffffff;
  3973: ffffff;
  3974: ffffff;
  3975: ffffff;
  3976: ffffff;
  3977: ffffff;
  3978: ffffff;
  3979: ffffff;
  3980: ffffff;
  3981: ffffff;
  3982: ffffff;
  3983: ffffff;
  3984: ffffff;
  3985: ffffff;
  3986: ffffff;
  3987: ffffff;
  3988: ffffff;
  3989: ffffff;
  3990: ffffff;
  3991: ffffff;
  3992: ffffff;
  3993: ffffff;
  3994: ffffff;
  3995: ffffff;
  3996: 0;
  3997: 0;
  3998: 0;
  3999: 0;
  4000: 10101;
  4001: 0;
  4002: 0;
  4003: 0;
  4004: 0;
  4005: 0;
  4006: 0;
  4007: ffffff;
  4008: ffffff;
  4009: ffffff;
  4010: ffffff;
  4011: ffffff;
  4012: ffffff;
  4013: ffffff;
  4014: ffffff;
  4015: ffffff;
  4016: ffffff;
  4017: ffffff;
  4018: ffffff;
  4019: ffffff;
  4020: ffffff;
  4021: ffffff;
  4022: ffffff;
  4023: ffffff;
  4024: ffffff;
  4025: ffffff;
  4026: ffffff;
  4027: ffffff;
  4028: ffffff;
  4029: ffffff;
  4030: ffffff;
  4031: ffffff;
  4032: ffffff;
  4033: ffffff;
  4034: ffffff;
  4035: ffffff;
  4036: ffffff;
  4037: ffffff;
  4038: ffffff;
  4039: ffffff;
  4040: ffffff;
  4041: ffffff;
  4042: ffffff;
  4043: ffffff;
  4044: ffffff;
  4045: ffffff;
  4046: ffffff;
  4047: ffffff;
  4048: fefefe;
  4049: ffffff;
  4050: ffffff;
  4051: ffffff;
  4052: ffffff;
  4053: ffffff;
  4054: 0;
  4055: 0;
  4056: 0;
  4057: 0;
  4058: 0;
  4059: 0;
  4060: 0;
  4061: 0;
  4062: 0;
  4063: 0;
  4064: 0;
  4065: ffffff;
  4066: ffffff;
  4067: ffffff;
  4068: ffffff;
  4069: ffffff;
  4070: ffffff;
  4071: ffffff;
  4072: ffffff;
  4073: ffffff;
  4074: ffffff;
  4075: ffffff;
  4076: ffffff;
  4077: ffffff;
  4078: ffffff;
  4079: ffffff;
  4080: ffffff;
  4081: ffffff;
  4082: ffffff;
  4083: ffffff;
  4084: ffffff;
  4085: ffffff;
  4086: ffffff;
  4087: ffffff;
  4088: ffffff;
  4089: ffffff;
  4090: ffffff;
  4091: ffffff;
  4092: ffffff;
  4093: ffffff;
  4094: ffffff;
  4095: ffffff;
  4096: ffffff;
  4097: ffffff;
  4098: ffffff;
  4099: ffffff;
  4100: ffffff;
  4101: ffffff;
  4102: ffffff;
  4103: ffffff;
  4104: ffffff;
  4105: ffffff;
  4106: ffffff;
  4107: ffffff;
  4108: ffffff;
  4109: ffffff;
  4110: ffffff;
  4111: ffffff;
  4112: ffffff;
  4113: ffffff;
  4114: ffffff;
  4115: ffffff;
  4116: ffffff;
  4117: ffffff;
  4118: ffffff;
  4119: ffffff;
  4120: ffffff;
  4121: ffffff;
  4122: ffffff;
  4123: ffffff;
  4124: 0;
  4125: 0;
  4126: 0;
  4127: 0;
  4128: 0;
  4129: 0;
  4130: 0;
  4131: 0;
  4132: 0;
  4133: 0;
  4134: 0;
  4135: ffffff;
  4136: ffffff;
  4137: ffffff;
  4138: ffffff;
  4139: ffffff;
  4140: ffffff;
  4141: ffffff;
  4142: ffffff;
  4143: ffffff;
  4144: ffffff;
  4145: ffffff;
  4146: ffffff;
  4147: ffffff;
  4148: ffffff;
  4149: ffffff;
  4150: ffffff;
  4151: ffffff;
  4152: ffffff;
  4153: ffffff;
  4154: ffffff;
  4155: ffffff;
  4156: ffffff;
  4157: ffffff;
  4158: ffffff;
  4159: ffffff;
  4160: ffffff;
  4161: ffffff;
  4162: ffffff;
  4163: ffffff;
  4164: ffffff;
  4165: ffffff;
  4166: ffffff;
  4167: ffffff;
  4168: ffffff;
  4169: ffffff;
  4170: ffffff;
  4171: ffffff;
  4172: ffffff;
  4173: ffffff;
  4174: ffffff;
  4175: ffffff;
  4176: ffffff;
  4177: ffffff;
  4178: ffffff;
  4179: ffffff;
  4180: ffffff;
  4181: ffffff;
  4182: ffffff;
  4183: 0;
  4184: 0;
  4185: 0;
  4186: 0;
  4187: 0;
  4188: 0;
  4189: 0;
  4190: 0;
  4191: 0;
  4192: 0;
  4193: ffffff;
  4194: ffffff;
  4195: ffffff;
  4196: ffffff;
  4197: ffffff;
  4198: ffffff;
  4199: ffffff;
  4200: ffffff;
  4201: ffffff;
  4202: ffffff;
  4203: ffffff;
  4204: ffffff;
  4205: ffffff;
  4206: ffffff;
  4207: ffffff;
  4208: ffffff;
  4209: ffffff;
  4210: ffffff;
  4211: ffffff;
  4212: ffffff;
  4213: ffffff;
  4214: ffffff;
  4215: ffffff;
  4216: ffffff;
  4217: ffffff;
  4218: ffffff;
  4219: ffffff;
  4220: ffffff;
  4221: ffffff;
  4222: ffffff;
  4223: ffffff;
  4224: ffffff;
  4225: ffffff;
  4226: ffffff;
  4227: ffffff;
  4228: ffffff;
  4229: ffffff;
  4230: ffffff;
  4231: ffffff;
  4232: ffffff;
  4233: ffffff;
  4234: ffffff;
  4235: ffffff;
  4236: ffffff;
  4237: ffffff;
  4238: ffffff;
  4239: ffffff;
  4240: ffffff;
  4241: ffffff;
  4242: ffffff;
  4243: ffffff;
  4244: ffffff;
  4245: ffffff;
  4246: ffffff;
  4247: ffffff;
  4248: ffffff;
  4249: ffffff;
  4250: ffffff;
  4251: ffffff;
  4252: 0;
  4253: 0;
  4254: 10101;
  4255: 0;
  4256: 0;
  4257: 0;
  4258: 0;
  4259: 0;
  4260: 0;
  4261: 0;
  4262: 0;
  4263: ffffff;
  4264: ffffff;
  4265: ffffff;
  4266: ffffff;
  4267: ffffff;
  4268: ffffff;
  4269: ffffff;
  4270: ffffff;
  4271: ffffff;
  4272: ffffff;
  4273: ffffff;
  4274: ffffff;
  4275: ffffff;
  4276: ffffff;
  4277: ffffff;
  4278: ffffff;
  4279: ffffff;
  4280: ffffff;
  4281: ffffff;
  4282: ffffff;
  4283: ffffff;
  4284: ffffff;
  4285: ffffff;
  4286: ffffff;
  4287: ffffff;
  4288: ffffff;
  4289: ffffff;
  4290: ffffff;
  4291: ffffff;
  4292: ffffff;
  4293: ffffff;
  4294: ffffff;
  4295: ffffff;
  4296: ffffff;
  4297: ffffff;
  4298: ffffff;
  4299: ffffff;
  4300: ffffff;
  4301: ffffff;
  4302: ffffff;
  4303: ffffff;
  4304: ffffff;
  4305: ffffff;
  4306: ffffff;
  4307: ffffff;
  4308: ffffff;
  4309: ffffff;
  4310: ffffff;
  4311: 0;
  4312: 0;
  4313: 0;
  4314: 0;
  4315: 0;
  4316: 0;
  4317: 0;
  4318: 0;
  4319: 0;
  4320: 0;
  4321: 0;
  4322: ffffff;
  4323: ffffff;
  4324: ffffff;
  4325: ffffff;
  4326: ffffff;
  4327: ffffff;
  4328: ffffff;
  4329: ffffff;
  4330: ffffff;
  4331: ffffff;
  4332: ffffff;
  4333: ffffff;
  4334: ffffff;
  4335: ffffff;
  4336: ffffff;
  4337: ffffff;
  4338: ffffff;
  4339: ffffff;
  4340: ffffff;
  4341: ffffff;
  4342: ffffff;
  4343: ffffff;
  4344: ffffff;
  4345: ffffff;
  4346: ffffff;
  4347: ffffff;
  4348: ffffff;
  4349: ffffff;
  4350: ffffff;
  4351: ffffff;
  4352: ffffff;
  4353: ffffff;
  4354: ffffff;
  4355: ffffff;
  4356: ffffff;
  4357: ffffff;
  4358: ffffff;
  4359: ffffff;
  4360: ffffff;
  4361: ffffff;
  4362: ffffff;
  4363: ffffff;
  4364: ffffff;
  4365: ffffff;
  4366: ffffff;
  4367: ffffff;
  4368: ffffff;
  4369: ffffff;
  4370: ffffff;
  4371: ffffff;
  4372: ffffff;
  4373: ffffff;
  4374: ffffff;
  4375: ffffff;
  4376: ffffff;
  4377: ffffff;
  4378: ffffff;
  4379: ffffff;
  4380: 0;
  4381: 0;
  4382: 0;
  4383: 0;
  4384: 0;
  4385: 0;
  4386: 0;
  4387: 0;
  4388: 0;
  4389: 0;
  4390: ffffff;
  4391: ffffff;
  4392: ffffff;
  4393: ffffff;
  4394: ffffff;
  4395: ffffff;
  4396: ffffff;
  4397: ffffff;
  4398: ffffff;
  4399: ffffff;
  4400: ffffff;
  4401: ffffff;
  4402: ffffff;
  4403: ffffff;
  4404: ffffff;
  4405: ffffff;
  4406: ffffff;
  4407: ffffff;
  4408: ffffff;
  4409: ffffff;
  4410: ffffff;
  4411: ffffff;
  4412: ffffff;
  4413: ffffff;
  4414: ffffff;
  4415: ffffff;
  4416: ffffff;
  4417: ffffff;
  4418: ffffff;
  4419: ffffff;
  4420: ffffff;
  4421: ffffff;
  4422: ffffff;
  4423: ffffff;
  4424: ffffff;
  4425: ffffff;
  4426: ffffff;
  4427: ffffff;
  4428: ffffff;
  4429: ffffff;
  4430: ffffff;
  4431: ffffff;
  4432: ffffff;
  4433: ffffff;
  4434: ffffff;
  4435: ffffff;
  4436: ffffff;
  4437: ffffff;
  4438: ffffff;
  4439: 0;
  4440: 0;
  4441: 0;
  4442: 0;
  4443: 0;
  4444: 0;
  4445: 0;
  4446: 0;
  4447: 0;
  4448: 0;
  4449: 0;
  4450: ffffff;
  4451: ffffff;
  4452: ffffff;
  4453: ffffff;
  4454: ffffff;
  4455: ffffff;
  4456: ffffff;
  4457: ffffff;
  4458: ffffff;
  4459: ffffff;
  4460: ffffff;
  4461: ffffff;
  4462: ffffff;
  4463: ffffff;
  4464: ffffff;
  4465: ffffff;
  4466: ffffff;
  4467: ffffff;
  4468: ffffff;
  4469: ffffff;
  4470: ffffff;
  4471: ffffff;
  4472: ffffff;
  4473: ffffff;
  4474: ffffff;
  4475: ffffff;
  4476: ffffff;
  4477: ffffff;
  4478: ffffff;
  4479: ffffff;
  4480: ffffff;
  4481: ffffff;
  4482: ffffff;
  4483: ffffff;
  4484: ffffff;
  4485: ffffff;
  4486: ffffff;
  4487: ffffff;
  4488: ffffff;
  4489: ffffff;
  4490: ffffff;
  4491: ffffff;
  4492: ffffff;
  4493: ffffff;
  4494: ffffff;
  4495: ffffff;
  4496: ffffff;
  4497: ffffff;
  4498: ffffff;
  4499: ffffff;
  4500: ffffff;
  4501: ffffff;
  4502: ffffff;
  4503: ffffff;
  4504: ffffff;
  4505: ffffff;
  4506: ffffff;
  4507: 0;
  4508: 0;
  4509: 10101;
  4510: 0;
  4511: 10101;
  4512: 0;
  4513: 0;
  4514: 0;
  4515: 0;
  4516: 0;
  4517: 0;
  4518: ffffff;
  4519: ffffff;
  4520: ffffff;
  4521: ffffff;
  4522: ffffff;
  4523: ffffff;
  4524: ffffff;
  4525: ffffff;
  4526: ffffff;
  4527: ffffff;
  4528: ffffff;
  4529: ffffff;
  4530: ffffff;
  4531: ffffff;
  4532: ffffff;
  4533: ffffff;
  4534: ffffff;
  4535: ffffff;
  4536: ffffff;
  4537: ffffff;
  4538: ffffff;
  4539: ffffff;
  4540: ffffff;
  4541: ffffff;
  4542: ffffff;
  4543: ffffff;
  4544: ffffff;
  4545: ffffff;
  4546: ffffff;
  4547: ffffff;
  4548: ffffff;
  4549: ffffff;
  4550: ffffff;
  4551: ffffff;
  4552: ffffff;
  4553: ffffff;
  4554: ffffff;
  4555: ffffff;
  4556: ffffff;
  4557: ffffff;
  4558: ffffff;
  4559: ffffff;
  4560: ffffff;
  4561: ffffff;
  4562: ffffff;
  4563: ffffff;
  4564: ffffff;
  4565: ffffff;
  4566: ffffff;
  4567: 0;
  4568: 0;
  4569: 0;
  4570: 0;
  4571: 0;
  4572: 0;
  4573: 0;
  4574: 0;
  4575: 0;
  4576: 0;
  4577: 0;
  4578: ffffff;
  4579: ffffff;
  4580: ffffff;
  4581: ffffff;
  4582: ffffff;
  4583: ffffff;
  4584: ffffff;
  4585: ffffff;
  4586: ffffff;
  4587: ffffff;
  4588: ffffff;
  4589: ffffff;
  4590: ffffff;
  4591: ffffff;
  4592: ffffff;
  4593: ffffff;
  4594: ffffff;
  4595: ffffff;
  4596: ffffff;
  4597: ffffff;
  4598: ffffff;
  4599: ffffff;
  4600: ffffff;
  4601: ffffff;
  4602: ffffff;
  4603: ffffff;
  4604: ffffff;
  4605: ffffff;
  4606: ffffff;
  4607: ffffff;
  4608: ffffff;
  4609: ffffff;
  4610: ffffff;
  4611: ffffff;
  4612: ffffff;
  4613: ffffff;
  4614: ffffff;
  4615: ffffff;
  4616: ffffff;
  4617: ffffff;
  4618: ffffff;
  4619: ffffff;
  4620: ffffff;
  4621: ffffff;
  4622: ffffff;
  4623: ffffff;
  4624: ffffff;
  4625: ffffff;
  4626: ffffff;
  4627: ffffff;
  4628: ffffff;
  4629: ffffff;
  4630: ffffff;
  4631: ffffff;
  4632: fefefe;
  4633: ffffff;
  4634: ffffff;
  4635: 0;
  4636: 0;
  4637: 0;
  4638: 0;
  4639: 0;
  4640: 0;
  4641: 0;
  4642: 0;
  4643: 0;
  4644: 0;
  4645: 0;
  4646: ffffff;
  4647: ffffff;
  4648: ffffff;
  4649: ffffff;
  4650: ffffff;
  4651: ffffff;
  4652: ffffff;
  4653: ffffff;
  4654: ffffff;
  4655: ffffff;
  4656: ffffff;
  4657: ffffff;
  4658: ffffff;
  4659: ffffff;
  4660: ffffff;
  4661: ffffff;
  4662: ffffff;
  4663: ffffff;
  4664: ffffff;
  4665: ffffff;
  4666: ffffff;
  4667: ffffff;
  4668: ffffff;
  4669: ffffff;
  4670: ffffff;
  4671: ffffff;
  4672: ffffff;
  4673: ffffff;
  4674: ffffff;
  4675: ffffff;
  4676: ffffff;
  4677: ffffff;
  4678: ffffff;
  4679: ffffff;
  4680: ffffff;
  4681: ffffff;
  4682: ffffff;
  4683: ffffff;
  4684: ffffff;
  4685: ffffff;
  4686: ffffff;
  4687: ffffff;
  4688: ffffff;
  4689: ffffff;
  4690: ffffff;
  4691: ffffff;
  4692: ffffff;
  4693: ffffff;
  4694: ffffff;
  4695: ffffff;
  4696: 0;
  4697: 0;
  4698: 0;
  4699: 0;
  4700: 0;
  4701: 0;
  4702: 0;
  4703: 0;
  4704: 0;
  4705: 0;
  4706: fefefe;
  4707: ffffff;
  4708: ffffff;
  4709: fefefe;
  4710: ffffff;
  4711: ffffff;
  4712: ffffff;
  4713: ffffff;
  4714: ffffff;
  4715: ffffff;
  4716: ffffff;
  4717: ffffff;
  4718: ffffff;
  4719: ffffff;
  4720: ffffff;
  4721: ffffff;
  4722: ffffff;
  4723: ffffff;
  4724: ffffff;
  4725: ffffff;
  4726: ffffff;
  4727: ffffff;
  4728: ffffff;
  4729: ffffff;
  4730: ffffff;
  4731: ffffff;
  4732: ffffff;
  4733: ffffff;
  4734: ffffff;
  4735: ffffff;
  4736: ffffff;
  4737: ffffff;
  4738: ffffff;
  4739: ffffff;
  4740: ffffff;
  4741: ffffff;
  4742: ffffff;
  4743: ffffff;
  4744: ffffff;
  4745: ffffff;
  4746: ffffff;
  4747: ffffff;
  4748: ffffff;
  4749: ffffff;
  4750: ffffff;
  4751: ffffff;
  4752: ffffff;
  4753: ffffff;
  4754: ffffff;
  4755: ffffff;
  4756: ffffff;
  4757: ffffff;
  4758: ffffff;
  4759: ffffff;
  4760: ffffff;
  4761: ffffff;
  4762: ffffff;
  4763: 0;
  4764: 0;
  4765: 0;
  4766: 0;
  4767: 0;
  4768: 0;
  4769: 0;
  4770: 0;
  4771: 0;
  4772: 0;
  4773: 0;
  4774: ffffff;
  4775: ffffff;
  4776: ffffff;
  4777: ffffff;
  4778: ffffff;
  4779: ffffff;
  4780: ffffff;
  4781: ffffff;
  4782: ffffff;
  4783: ffffff;
  4784: ffffff;
  4785: ffffff;
  4786: ffffff;
  4787: ffffff;
  4788: ffffff;
  4789: ffffff;
  4790: ffffff;
  4791: ffffff;
  4792: ffffff;
  4793: ffffff;
  4794: ffffff;
  4795: ffffff;
  4796: ffffff;
  4797: ffffff;
  4798: ffffff;
  4799: ffffff;
  4800: ffffff;
  4801: ffffff;
  4802: ffffff;
  4803: ffffff;
  4804: ffffff;
  4805: ffffff;
  4806: ffffff;
  4807: ffffff;
  4808: ffffff;
  4809: ffffff;
  4810: ffffff;
  4811: ffffff;
  4812: ffffff;
  4813: ffffff;
  4814: ffffff;
  4815: ffffff;
  4816: ffffff;
  4817: ffffff;
  4818: ffffff;
  4819: ffffff;
  4820: ffffff;
  4821: ffffff;
  4822: ffffff;
  4823: ffffff;
  4824: 0;
  4825: 0;
  4826: 0;
  4827: 0;
  4828: 0;
  4829: 0;
  4830: 0;
  4831: 0;
  4832: 0;
  4833: 0;
  4834: ffffff;
  4835: ffffff;
  4836: ffffff;
  4837: ffffff;
  4838: ffffff;
  4839: fefefe;
  4840: ffffff;
  4841: ffffff;
  4842: ffffff;
  4843: ffffff;
  4844: ffffff;
  4845: ffffff;
  4846: ffffff;
  4847: ffffff;
  4848: ffffff;
  4849: ffffff;
  4850: ffffff;
  4851: ffffff;
  4852: ffffff;
  4853: ffffff;
  4854: ffffff;
  4855: ffffff;
  4856: ffffff;
  4857: ffffff;
  4858: ffffff;
  4859: ffffff;
  4860: ffffff;
  4861: ffffff;
  4862: ffffff;
  4863: ffffff;
  4864: ffffff;
  4865: ffffff;
  4866: ffffff;
  4867: ffffff;
  4868: ffffff;
  4869: ffffff;
  4870: ffffff;
  4871: ffffff;
  4872: ffffff;
  4873: ffffff;
  4874: ffffff;
  4875: ffffff;
  4876: ffffff;
  4877: ffffff;
  4878: ffffff;
  4879: ffffff;
  4880: ffffff;
  4881: ffffff;
  4882: ffffff;
  4883: ffffff;
  4884: ffffff;
  4885: ffffff;
  4886: ffffff;
  4887: ffffff;
  4888: ffffff;
  4889: ffffff;
  4890: ffffff;
  4891: 0;
  4892: 0;
  4893: 0;
  4894: 0;
  4895: 0;
  4896: 0;
  4897: 0;
  4898: 0;
  4899: 0;
  4900: 0;
  4901: 0;
  4902: ffffff;
  4903: ffffff;
  4904: ffffff;
  4905: ffffff;
  4906: ffffff;
  4907: ffffff;
  4908: ffffff;
  4909: ffffff;
  4910: ffffff;
  4911: ffffff;
  4912: ffffff;
  4913: ffffff;
  4914: ffffff;
  4915: ffffff;
  4916: ffffff;
  4917: ffffff;
  4918: ffffff;
  4919: ffffff;
  4920: ffffff;
  4921: ffffff;
  4922: ffffff;
  4923: ffffff;
  4924: ffffff;
  4925: ffffff;
  4926: ffffff;
  4927: ffffff;
  4928: ffffff;
  4929: ffffff;
  4930: ffffff;
  4931: ffffff;
  4932: ffffff;
  4933: ffffff;
  4934: ffffff;
  4935: ffffff;
  4936: ffffff;
  4937: ffffff;
  4938: ffffff;
  4939: ffffff;
  4940: ffffff;
  4941: ffffff;
  4942: ffffff;
  4943: ffffff;
  4944: ffffff;
  4945: ffffff;
  4946: ffffff;
  4947: ffffff;
  4948: ffffff;
  4949: ffffff;
  4950: ffffff;
  4951: ffffff;
  4952: 0;
  4953: 0;
  4954: 0;
  4955: 0;
  4956: 0;
  4957: 0;
  4958: 0;
  4959: 0;
  4960: 0;
  4961: 0;
  4962: 0;
  4963: ffffff;
  4964: ffffff;
  4965: ffffff;
  4966: ffffff;
  4967: ffffff;
  4968: ffffff;
  4969: ffffff;
  4970: ffffff;
  4971: ffffff;
  4972: ffffff;
  4973: ffffff;
  4974: ffffff;
  4975: ffffff;
  4976: ffffff;
  4977: ffffff;
  4978: ffffff;
  4979: ffffff;
  4980: ffffff;
  4981: ffffff;
  4982: ffffff;
  4983: ffffff;
  4984: ffffff;
  4985: ffffff;
  4986: ffffff;
  4987: ffffff;
  4988: ffffff;
  4989: ffffff;
  4990: ffffff;
  4991: ffffff;
  4992: ffffff;
  4993: ffffff;
  4994: ffffff;
  4995: ffffff;
  4996: ffffff;
  4997: ffffff;
  4998: ffffff;
  4999: ffffff;
  5000: ffffff;
  5001: ffffff;
  5002: ffffff;
  5003: ffffff;
  5004: ffffff;
  5005: ffffff;
  5006: ffffff;
  5007: ffffff;
  5008: ffffff;
  5009: ffffff;
  5010: ffffff;
  5011: ffffff;
  5012: ffffff;
  5013: ffffff;
  5014: ffffff;
  5015: ffffff;
  5016: ffffff;
  5017: ffffff;
  5018: ffffff;
  5019: 0;
  5020: 0;
  5021: 0;
  5022: 0;
  5023: 0;
  5024: 0;
  5025: 0;
  5026: 0;
  5027: 0;
  5028: 0;
  5029: 0;
  5030: ffffff;
  5031: ffffff;
  5032: ffffff;
  5033: ffffff;
  5034: ffffff;
  5035: ffffff;
  5036: ffffff;
  5037: ffffff;
  5038: ffffff;
  5039: ffffff;
  5040: ffffff;
  5041: ffffff;
  5042: ffffff;
  5043: ffffff;
  5044: ffffff;
  5045: ffffff;
  5046: ffffff;
  5047: ffffff;
  5048: ffffff;
  5049: ffffff;
  5050: ffffff;
  5051: ffffff;
  5052: ffffff;
  5053: ffffff;
  5054: ffffff;
  5055: ffffff;
  5056: ffffff;
  5057: ffffff;
  5058: ffffff;
  5059: ffffff;
  5060: ffffff;
  5061: ffffff;
  5062: ffffff;
  5063: ffffff;
  5064: ffffff;
  5065: ffffff;
  5066: ffffff;
  5067: ffffff;
  5068: ffffff;
  5069: ffffff;
  5070: ffffff;
  5071: ffffff;
  5072: ffffff;
  5073: ffffff;
  5074: ffffff;
  5075: ffffff;
  5076: ffffff;
  5077: ffffff;
  5078: ffffff;
  5079: ffffff;
  5080: 0;
  5081: 0;
  5082: 0;
  5083: 0;
  5084: 0;
  5085: 0;
  5086: 0;
  5087: 0;
  5088: 0;
  5089: 0;
  5090: 10101;
  5091: ffffff;
  5092: ffffff;
  5093: ffffff;
  5094: ffffff;
  5095: fefefe;
  5096: ffffff;
  5097: ffffff;
  5098: ffffff;
  5099: ffffff;
  5100: ffffff;
  5101: ffffff;
  5102: ffffff;
  5103: ffffff;
  5104: ffffff;
  5105: ffffff;
  5106: ffffff;
  5107: ffffff;
  5108: ffffff;
  5109: ffffff;
  5110: ffffff;
  5111: ffffff;
  5112: ffffff;
  5113: ffffff;
  5114: ffffff;
  5115: ffffff;
  5116: ffffff;
  5117: ffffff;
  5118: ffffff;
  5119: ffffff;
  5120: ffffff;
  5121: ffffff;
  5122: ffffff;
  5123: ffffff;
  5124: ffffff;
  5125: ffffff;
  5126: ffffff;
  5127: ffffff;
  5128: ffffff;
  5129: ffffff;
  5130: ffffff;
  5131: ffffff;
  5132: ffffff;
  5133: ffffff;
  5134: ffffff;
  5135: ffffff;
  5136: ffffff;
  5137: ffffff;
  5138: ffffff;
  5139: ffffff;
  5140: ffffff;
  5141: ffffff;
  5142: ffffff;
  5143: ffffff;
  5144: ffffff;
  5145: ffffff;
  5146: ffffff;
  5147: 0;
  5148: 0;
  5149: 0;
  5150: 0;
  5151: 0;
  5152: 0;
  5153: 0;
  5154: 0;
  5155: 0;
  5156: 0;
  5157: 0;
  5158: ffffff;
  5159: ffffff;
  5160: ffffff;
  5161: ffffff;
  5162: ffffff;
  5163: ffffff;
  5164: ffffff;
  5165: ffffff;
  5166: ffffff;
  5167: ffffff;
  5168: ffffff;
  5169: ffffff;
  5170: ffffff;
  5171: ffffff;
  5172: ffffff;
  5173: ffffff;
  5174: ffffff;
  5175: ffffff;
  5176: ffffff;
  5177: ffffff;
  5178: ffffff;
  5179: ffffff;
  5180: ffffff;
  5181: ffffff;
  5182: ffffff;
  5183: ffffff;
  5184: ffffff;
  5185: ffffff;
  5186: ffffff;
  5187: ffffff;
  5188: ffffff;
  5189: ffffff;
  5190: ffffff;
  5191: ffffff;
  5192: ffffff;
  5193: ffffff;
  5194: ffffff;
  5195: ffffff;
  5196: ffffff;
  5197: ffffff;
  5198: ffffff;
  5199: ffffff;
  5200: ffffff;
  5201: ffffff;
  5202: ffffff;
  5203: ffffff;
  5204: ffffff;
  5205: ffffff;
  5206: ffffff;
  5207: ffffff;
  5208: 0;
  5209: 0;
  5210: 0;
  5211: 0;
  5212: 0;
  5213: 0;
  5214: 0;
  5215: 0;
  5216: 0;
  5217: 0;
  5218: 0;
  5219: ffffff;
  5220: ffffff;
  5221: ffffff;
  5222: ffffff;
  5223: ffffff;
  5224: ffffff;
  5225: ffffff;
  5226: ffffff;
  5227: ffffff;
  5228: ffffff;
  5229: ffffff;
  5230: ffffff;
  5231: ffffff;
  5232: ffffff;
  5233: ffffff;
  5234: ffffff;
  5235: ffffff;
  5236: ffffff;
  5237: ffffff;
  5238: ffffff;
  5239: ffffff;
  5240: ffffff;
  5241: ffffff;
  5242: ffffff;
  5243: ffffff;
  5244: ffffff;
  5245: ffffff;
  5246: ffffff;
  5247: ffffff;
  5248: ffffff;
  5249: ffffff;
  5250: ffffff;
  5251: ffffff;
  5252: ffffff;
  5253: ffffff;
  5254: ffffff;
  5255: ffffff;
  5256: ffffff;
  5257: ffffff;
  5258: ffffff;
  5259: ffffff;
  5260: ffffff;
  5261: ffffff;
  5262: ffffff;
  5263: ffffff;
  5264: ffffff;
  5265: ffffff;
  5266: ffffff;
  5267: ffffff;
  5268: ffffff;
  5269: ffffff;
  5270: ffffff;
  5271: ffffff;
  5272: ffffff;
  5273: ffffff;
  5274: ffffff;
  5275: 0;
  5276: 0;
  5277: 0;
  5278: 0;
  5279: 0;
  5280: 0;
  5281: 0;
  5282: 0;
  5283: 0;
  5284: 10101;
  5285: 0;
  5286: ffffff;
  5287: ffffff;
  5288: ffffff;
  5289: ffffff;
  5290: ffffff;
  5291: ffffff;
  5292: ffffff;
  5293: ffffff;
  5294: ffffff;
  5295: ffffff;
  5296: ffffff;
  5297: ffffff;
  5298: ffffff;
  5299: ffffff;
  5300: ffffff;
  5301: ffffff;
  5302: ffffff;
  5303: ffffff;
  5304: ffffff;
  5305: ffffff;
  5306: ffffff;
  5307: ffffff;
  5308: ffffff;
  5309: ffffff;
  5310: ffffff;
  5311: ffffff;
  5312: ffffff;
  5313: ffffff;
  5314: ffffff;
  5315: ffffff;
  5316: ffffff;
  5317: ffffff;
  5318: ffffff;
  5319: ffffff;
  5320: ffffff;
  5321: ffffff;
  5322: ffffff;
  5323: ffffff;
  5324: ffffff;
  5325: ffffff;
  5326: ffffff;
  5327: ffffff;
  5328: ffffff;
  5329: ffffff;
  5330: ffffff;
  5331: ffffff;
  5332: ffffff;
  5333: ffffff;
  5334: ffffff;
  5335: ffffff;
  5336: 0;
  5337: 0;
  5338: 0;
  5339: 0;
  5340: 0;
  5341: 0;
  5342: 0;
  5343: 0;
  5344: 0;
  5345: 0;
  5346: 0;
  5347: ffffff;
  5348: ffffff;
  5349: ffffff;
  5350: ffffff;
  5351: ffffff;
  5352: ffffff;
  5353: ffffff;
  5354: ffffff;
  5355: ffffff;
  5356: ffffff;
  5357: ffffff;
  5358: ffffff;
  5359: ffffff;
  5360: ffffff;
  5361: ffffff;
  5362: ffffff;
  5363: ffffff;
  5364: ffffff;
  5365: ffffff;
  5366: ffffff;
  5367: ffffff;
  5368: ffffff;
  5369: ffffff;
  5370: ffffff;
  5371: ffffff;
  5372: ffffff;
  5373: ffffff;
  5374: ffffff;
  5375: ffffff;
  5376: ffffff;
  5377: ffffff;
  5378: ffffff;
  5379: ffffff;
  5380: ffffff;
  5381: ffffff;
  5382: ffffff;
  5383: ffffff;
  5384: ffffff;
  5385: ffffff;
  5386: ffffff;
  5387: ffffff;
  5388: ffffff;
  5389: ffffff;
  5390: ffffff;
  5391: ffffff;
  5392: ffffff;
  5393: ffffff;
  5394: ffffff;
  5395: ffffff;
  5396: ffffff;
  5397: ffffff;
  5398: ffffff;
  5399: ffffff;
  5400: ffffff;
  5401: ffffff;
  5402: ffffff;
  5403: 0;
  5404: 0;
  5405: 0;
  5406: 0;
  5407: 0;
  5408: 0;
  5409: 0;
  5410: 0;
  5411: 0;
  5412: 0;
  5413: 0;
  5414: ffffff;
  5415: ffffff;
  5416: ffffff;
  5417: ffffff;
  5418: ffffff;
  5419: ffffff;
  5420: ffffff;
  5421: ffffff;
  5422: ffffff;
  5423: ffffff;
  5424: ffffff;
  5425: ffffff;
  5426: ffffff;
  5427: ffffff;
  5428: ffffff;
  5429: ffffff;
  5430: ffffff;
  5431: ffffff;
  5432: ffffff;
  5433: ffffff;
  5434: ffffff;
  5435: ffffff;
  5436: ffffff;
  5437: ffffff;
  5438: ffffff;
  5439: ffffff;
  5440: ffffff;
  5441: ffffff;
  5442: ffffff;
  5443: ffffff;
  5444: ffffff;
  5445: ffffff;
  5446: ffffff;
  5447: ffffff;
  5448: ffffff;
  5449: ffffff;
  5450: ffffff;
  5451: ffffff;
  5452: ffffff;
  5453: ffffff;
  5454: ffffff;
  5455: ffffff;
  5456: ffffff;
  5457: ffffff;
  5458: ffffff;
  5459: ffffff;
  5460: ffffff;
  5461: ffffff;
  5462: ffffff;
  5463: ffffff;
  5464: 0;
  5465: 0;
  5466: 0;
  5467: 0;
  5468: 0;
  5469: 0;
  5470: 0;
  5471: 0;
  5472: 0;
  5473: 0;
  5474: 0;
  5475: fefefe;
  5476: ffffff;
  5477: ffffff;
  5478: ffffff;
  5479: ffffff;
  5480: ffffff;
  5481: ffffff;
  5482: ffffff;
  5483: ffffff;
  5484: ffffff;
  5485: ffffff;
  5486: ffffff;
  5487: ffffff;
  5488: ffffff;
  5489: ffffff;
  5490: ffffff;
  5491: ffffff;
  5492: ffffff;
  5493: ffffff;
  5494: ffffff;
  5495: ffffff;
  5496: ffffff;
  5497: ffffff;
  5498: ffffff;
  5499: ffffff;
  5500: ffffff;
  5501: ffffff;
  5502: ffffff;
  5503: ffffff;
  5504: ffffff;
  5505: ffffff;
  5506: ffffff;
  5507: ffffff;
  5508: ffffff;
  5509: ffffff;
  5510: ffffff;
  5511: ffffff;
  5512: ffffff;
  5513: ffffff;
  5514: ffffff;
  5515: ffffff;
  5516: ffffff;
  5517: ffffff;
  5518: ffffff;
  5519: ffffff;
  5520: ffffff;
  5521: ffffff;
  5522: ffffff;
  5523: ffffff;
  5524: ffffff;
  5525: ffffff;
  5526: ffffff;
  5527: ffffff;
  5528: ffffff;
  5529: ffffff;
  5530: ffffff;
  5531: 0;
  5532: 0;
  5533: 0;
  5534: 0;
  5535: 0;
  5536: 10101;
  5537: 0;
  5538: 0;
  5539: 0;
  5540: 0;
  5541: 0;
  5542: ffffff;
  5543: ffffff;
  5544: ffffff;
  5545: ffffff;
  5546: ffffff;
  5547: ffffff;
  5548: ffffff;
  5549: ffffff;
  5550: ffffff;
  5551: ffffff;
  5552: ffffff;
  5553: ffffff;
  5554: ffffff;
  5555: ffffff;
  5556: ffffff;
  5557: ffffff;
  5558: ffffff;
  5559: ffffff;
  5560: ffffff;
  5561: ffffff;
  5562: ffffff;
  5563: ffffff;
  5564: ffffff;
  5565: ffffff;
  5566: ffffff;
  5567: ffffff;
  5568: ffffff;
  5569: ffffff;
  5570: ffffff;
  5571: ffffff;
  5572: ffffff;
  5573: ffffff;
  5574: ffffff;
  5575: ffffff;
  5576: ffffff;
  5577: ffffff;
  5578: ffffff;
  5579: ffffff;
  5580: ffffff;
  5581: ffffff;
  5582: ffffff;
  5583: ffffff;
  5584: ffffff;
  5585: ffffff;
  5586: ffffff;
  5587: ffffff;
  5588: ffffff;
  5589: ffffff;
  5590: ffffff;
  5591: ffffff;
  5592: 0;
  5593: 0;
  5594: 0;
  5595: 0;
  5596: 0;
  5597: 0;
  5598: 0;
  5599: 0;
  5600: 0;
  5601: 0;
  5602: 0;
  5603: ffffff;
  5604: ffffff;
  5605: ffffff;
  5606: ffffff;
  5607: ffffff;
  5608: ffffff;
  5609: ffffff;
  5610: ffffff;
  5611: ffffff;
  5612: ffffff;
  5613: ffffff;
  5614: ffffff;
  5615: ffffff;
  5616: ffffff;
  5617: ffffff;
  5618: ffffff;
  5619: ffffff;
  5620: ffffff;
  5621: ffffff;
  5622: ffffff;
  5623: ffffff;
  5624: ffffff;
  5625: ffffff;
  5626: ffffff;
  5627: ffffff;
  5628: ffffff;
  5629: ffffff;
  5630: ffffff;
  5631: ffffff;
  5632: ffffff;
  5633: ffffff;
  5634: ffffff;
  5635: ffffff;
  5636: ffffff;
  5637: ffffff;
  5638: ffffff;
  5639: ffffff;
  5640: ffffff;
  5641: ffffff;
  5642: ffffff;
  5643: ffffff;
  5644: ffffff;
  5645: ffffff;
  5646: ffffff;
  5647: ffffff;
  5648: ffffff;
  5649: ffffff;
  5650: ffffff;
  5651: ffffff;
  5652: ffffff;
  5653: ffffff;
  5654: ffffff;
  5655: ffffff;
  5656: ffffff;
  5657: ffffff;
  5658: ffffff;
  5659: 0;
  5660: 0;
  5661: 0;
  5662: 0;
  5663: 0;
  5664: 0;
  5665: 10101;
  5666: 0;
  5667: 0;
  5668: 0;
  5669: 0;
  5670: ffffff;
  5671: ffffff;
  5672: ffffff;
  5673: ffffff;
  5674: ffffff;
  5675: ffffff;
  5676: ffffff;
  5677: ffffff;
  5678: ffffff;
  5679: ffffff;
  5680: ffffff;
  5681: ffffff;
  5682: ffffff;
  5683: ffffff;
  5684: ffffff;
  5685: ffffff;
  5686: ffffff;
  5687: ffffff;
  5688: ffffff;
  5689: ffffff;
  5690: ffffff;
  5691: ffffff;
  5692: ffffff;
  5693: ffffff;
  5694: ffffff;
  5695: ffffff;
  5696: ffffff;
  5697: ffffff;
  5698: ffffff;
  5699: ffffff;
  5700: ffffff;
  5701: ffffff;
  5702: ffffff;
  5703: ffffff;
  5704: ffffff;
  5705: ffffff;
  5706: ffffff;
  5707: ffffff;
  5708: ffffff;
  5709: ffffff;
  5710: ffffff;
  5711: ffffff;
  5712: ffffff;
  5713: ffffff;
  5714: ffffff;
  5715: ffffff;
  5716: ffffff;
  5717: ffffff;
  5718: ffffff;
  5719: ffffff;
  5720: 0;
  5721: 0;
  5722: 0;
  5723: 0;
  5724: 0;
  5725: 0;
  5726: 0;
  5727: 0;
  5728: 0;
  5729: 0;
  5730: 0;
  5731: ffffff;
  5732: ffffff;
  5733: ffffff;
  5734: ffffff;
  5735: ffffff;
  5736: ffffff;
  5737: ffffff;
  5738: ffffff;
  5739: ffffff;
  5740: ffffff;
  5741: ffffff;
  5742: ffffff;
  5743: ffffff;
  5744: ffffff;
  5745: ffffff;
  5746: ffffff;
  5747: ffffff;
  5748: ffffff;
  5749: ffffff;
  5750: ffffff;
  5751: ffffff;
  5752: ffffff;
  5753: ffffff;
  5754: ffffff;
  5755: ffffff;
  5756: ffffff;
  5757: ffffff;
  5758: ffffff;
  5759: ffffff;
  5760: ffffff;
  5761: ffffff;
  5762: ffffff;
  5763: ffffff;
  5764: ffffff;
  5765: ffffff;
  5766: ffffff;
  5767: ffffff;
  5768: ffffff;
  5769: ffffff;
  5770: ffffff;
  5771: ffffff;
  5772: ffffff;
  5773: ffffff;
  5774: ffffff;
  5775: ffffff;
  5776: ffffff;
  5777: ffffff;
  5778: ffffff;
  5779: ffffff;
  5780: ffffff;
  5781: ffffff;
  5782: ffffff;
  5783: ffffff;
  5784: ffffff;
  5785: ffffff;
  5786: ffffff;
  5787: 0;
  5788: 0;
  5789: 0;
  5790: 0;
  5791: 0;
  5792: 0;
  5793: 0;
  5794: 0;
  5795: 0;
  5796: 0;
  5797: 10101;
  5798: ffffff;
  5799: ffffff;
  5800: ffffff;
  5801: ffffff;
  5802: ffffff;
  5803: ffffff;
  5804: ffffff;
  5805: ffffff;
  5806: ffffff;
  5807: ffffff;
  5808: ffffff;
  5809: ffffff;
  5810: ffffff;
  5811: ffffff;
  5812: ffffff;
  5813: ffffff;
  5814: ffffff;
  5815: ffffff;
  5816: ffffff;
  5817: ffffff;
  5818: ffffff;
  5819: ffffff;
  5820: ffffff;
  5821: ffffff;
  5822: ffffff;
  5823: ffffff;
  5824: ffffff;
  5825: ffffff;
  5826: ffffff;
  5827: ffffff;
  5828: ffffff;
  5829: ffffff;
  5830: ffffff;
  5831: ffffff;
  5832: ffffff;
  5833: ffffff;
  5834: ffffff;
  5835: ffffff;
  5836: ffffff;
  5837: ffffff;
  5838: ffffff;
  5839: ffffff;
  5840: ffffff;
  5841: ffffff;
  5842: ffffff;
  5843: ffffff;
  5844: ffffff;
  5845: ffffff;
  5846: ffffff;
  5847: ffffff;
  5848: 0;
  5849: 0;
  5850: 0;
  5851: 0;
  5852: 0;
  5853: 0;
  5854: 0;
  5855: 0;
  5856: 0;
  5857: 0;
  5858: 0;
  5859: ffffff;
  5860: ffffff;
  5861: ffffff;
  5862: ffffff;
  5863: ffffff;
  5864: ffffff;
  5865: ffffff;
  5866: ffffff;
  5867: ffffff;
  5868: ffffff;
  5869: ffffff;
  5870: ffffff;
  5871: ffffff;
  5872: ffffff;
  5873: ffffff;
  5874: ffffff;
  5875: ffffff;
  5876: ffffff;
  5877: ffffff;
  5878: ffffff;
  5879: ffffff;
  5880: ffffff;
  5881: ffffff;
  5882: ffffff;
  5883: ffffff;
  5884: ffffff;
  5885: ffffff;
  5886: ffffff;
  5887: ffffff;
  5888: ffffff;
  5889: ffffff;
  5890: ffffff;
  5891: ffffff;
  5892: ffffff;
  5893: ffffff;
  5894: ffffff;
  5895: ffffff;
  5896: ffffff;
  5897: ffffff;
  5898: ffffff;
  5899: ffffff;
  5900: ffffff;
  5901: ffffff;
  5902: ffffff;
  5903: ffffff;
  5904: ffffff;
  5905: ffffff;
  5906: ffffff;
  5907: ffffff;
  5908: ffffff;
  5909: ffffff;
  5910: ffffff;
  5911: ffffff;
  5912: ffffff;
  5913: ffffff;
  5914: ffffff;
  5915: 0;
  5916: 0;
  5917: 0;
  5918: 0;
  5919: 0;
  5920: 0;
  5921: 0;
  5922: 0;
  5923: 0;
  5924: 0;
  5925: 0;
  5926: ffffff;
  5927: ffffff;
  5928: ffffff;
  5929: ffffff;
  5930: ffffff;
  5931: ffffff;
  5932: ffffff;
  5933: ffffff;
  5934: ffffff;
  5935: ffffff;
  5936: ffffff;
  5937: ffffff;
  5938: ffffff;
  5939: ffffff;
  5940: ffffff;
  5941: ffffff;
  5942: ffffff;
  5943: ffffff;
  5944: ffffff;
  5945: ffffff;
  5946: ffffff;
  5947: ffffff;
  5948: ffffff;
  5949: ffffff;
  5950: ffffff;
  5951: ffffff;
  5952: ffffff;
  5953: ffffff;
  5954: ffffff;
  5955: ffffff;
  5956: ffffff;
  5957: ffffff;
  5958: ffffff;
  5959: ffffff;
  5960: ffffff;
  5961: ffffff;
  5962: ffffff;
  5963: ffffff;
  5964: ffffff;
  5965: ffffff;
  5966: ffffff;
  5967: ffffff;
  5968: ffffff;
  5969: ffffff;
  5970: ffffff;
  5971: ffffff;
  5972: ffffff;
  5973: ffffff;
  5974: ffffff;
  5975: ffffff;
  5976: 0;
  5977: 0;
  5978: 0;
  5979: 0;
  5980: 0;
  5981: 0;
  5982: 0;
  5983: 0;
  5984: 0;
  5985: 0;
  5986: 0;
  5987: 0;
  5988: ffffff;
  5989: ffffff;
  5990: ffffff;
  5991: ffffff;
  5992: ffffff;
  5993: ffffff;
  5994: ffffff;
  5995: ffffff;
  5996: ffffff;
  5997: ffffff;
  5998: ffffff;
  5999: ffffff;
  6000: ffffff;
  6001: ffffff;
  6002: ffffff;
  6003: ffffff;
  6004: ffffff;
  6005: ffffff;
  6006: ffffff;
  6007: ffffff;
  6008: ffffff;
  6009: ffffff;
  6010: ffffff;
  6011: ffffff;
  6012: ffffff;
  6013: ffffff;
  6014: ffffff;
  6015: ffffff;
  6016: ffffff;
  6017: ffffff;
  6018: ffffff;
  6019: ffffff;
  6020: ffffff;
  6021: ffffff;
  6022: ffffff;
  6023: ffffff;
  6024: ffffff;
  6025: ffffff;
  6026: ffffff;
  6027: ffffff;
  6028: ffffff;
  6029: ffffff;
  6030: ffffff;
  6031: ffffff;
  6032: ffffff;
  6033: ffffff;
  6034: ffffff;
  6035: ffffff;
  6036: ffffff;
  6037: ffffff;
  6038: ffffff;
  6039: ffffff;
  6040: ffffff;
  6041: ffffff;
  6042: ffffff;
  6043: 0;
  6044: 0;
  6045: 0;
  6046: 0;
  6047: 0;
  6048: 0;
  6049: 0;
  6050: 0;
  6051: 0;
  6052: 0;
  6053: 0;
  6054: 0;
  6055: ffffff;
  6056: ffffff;
  6057: ffffff;
  6058: ffffff;
  6059: ffffff;
  6060: ffffff;
  6061: ffffff;
  6062: ffffff;
  6063: ffffff;
  6064: ffffff;
  6065: ffffff;
  6066: ffffff;
  6067: ffffff;
  6068: ffffff;
  6069: ffffff;
  6070: ffffff;
  6071: ffffff;
  6072: ffffff;
  6073: ffffff;
  6074: ffffff;
  6075: ffffff;
  6076: ffffff;
  6077: ffffff;
  6078: ffffff;
  6079: ffffff;
  6080: ffffff;
  6081: ffffff;
  6082: ffffff;
  6083: ffffff;
  6084: ffffff;
  6085: ffffff;
  6086: ffffff;
  6087: ffffff;
  6088: ffffff;
  6089: ffffff;
  6090: ffffff;
  6091: ffffff;
  6092: ffffff;
  6093: ffffff;
  6094: ffffff;
  6095: ffffff;
  6096: ffffff;
  6097: ffffff;
  6098: ffffff;
  6099: ffffff;
  6100: ffffff;
  6101: ffffff;
  6102: ffffff;
  6103: ffffff;
  6104: 0;
  6105: 0;
  6106: 0;
  6107: 0;
  6108: 0;
  6109: 0;
  6110: 0;
  6111: 0;
  6112: 0;
  6113: 0;
  6114: 0;
  6115: 0;
  6116: fefefe;
  6117: ffffff;
  6118: ffffff;
  6119: ffffff;
  6120: ffffff;
  6121: ffffff;
  6122: ffffff;
  6123: ffffff;
  6124: ffffff;
  6125: ffffff;
  6126: ffffff;
  6127: ffffff;
  6128: ffffff;
  6129: ffffff;
  6130: ffffff;
  6131: ffffff;
  6132: ffffff;
  6133: ffffff;
  6134: ffffff;
  6135: ffffff;
  6136: ffffff;
  6137: ffffff;
  6138: ffffff;
  6139: ffffff;
  6140: ffffff;
  6141: ffffff;
  6142: ffffff;
  6143: ffffff;
  6144: ffffff;
  6145: ffffff;
  6146: ffffff;
  6147: ffffff;
  6148: ffffff;
  6149: ffffff;
  6150: ffffff;
  6151: ffffff;
  6152: ffffff;
  6153: ffffff;
  6154: ffffff;
  6155: ffffff;
  6156: ffffff;
  6157: ffffff;
  6158: ffffff;
  6159: ffffff;
  6160: ffffff;
  6161: ffffff;
  6162: ffffff;
  6163: ffffff;
  6164: ffffff;
  6165: ffffff;
  6166: ffffff;
  6167: ffffff;
  6168: ffffff;
  6169: fefefe;
  6170: ffffff;
  6171: ffffff;
  6172: 0;
  6173: 0;
  6174: 10101;
  6175: 0;
  6176: 0;
  6177: 0;
  6178: 0;
  6179: 0;
  6180: 0;
  6181: 0;
  6182: 0;
  6183: ffffff;
  6184: ffffff;
  6185: ffffff;
  6186: ffffff;
  6187: ffffff;
  6188: ffffff;
  6189: ffffff;
  6190: ffffff;
  6191: ffffff;
  6192: ffffff;
  6193: ffffff;
  6194: ffffff;
  6195: ffffff;
  6196: ffffff;
  6197: ffffff;
  6198: ffffff;
  6199: ffffff;
  6200: ffffff;
  6201: ffffff;
  6202: ffffff;
  6203: ffffff;
  6204: ffffff;
  6205: ffffff;
  6206: ffffff;
  6207: ffffff;
  6208: ffffff;
  6209: ffffff;
  6210: ffffff;
  6211: ffffff;
  6212: ffffff;
  6213: ffffff;
  6214: ffffff;
  6215: ffffff;
  6216: ffffff;
  6217: ffffff;
  6218: ffffff;
  6219: ffffff;
  6220: ffffff;
  6221: ffffff;
  6222: ffffff;
  6223: ffffff;
  6224: ffffff;
  6225: ffffff;
  6226: ffffff;
  6227: ffffff;
  6228: ffffff;
  6229: ffffff;
  6230: ffffff;
  6231: ffffff;
  6232: 0;
  6233: 0;
  6234: 0;
  6235: 0;
  6236: 0;
  6237: 0;
  6238: 0;
  6239: 0;
  6240: 0;
  6241: 0;
  6242: 0;
  6243: 0;
  6244: ffffff;
  6245: ffffff;
  6246: ffffff;
  6247: ffffff;
  6248: ffffff;
  6249: ffffff;
  6250: ffffff;
  6251: ffffff;
  6252: ffffff;
  6253: ffffff;
  6254: ffffff;
  6255: ffffff;
  6256: ffffff;
  6257: ffffff;
  6258: ffffff;
  6259: ffffff;
  6260: ffffff;
  6261: ffffff;
  6262: ffffff;
  6263: ffffff;
  6264: ffffff;
  6265: ffffff;
  6266: ffffff;
  6267: ffffff;
  6268: ffffff;
  6269: ffffff;
  6270: ffffff;
  6271: ffffff;
  6272: ffffff;
  6273: ffffff;
  6274: ffffff;
  6275: ffffff;
  6276: ffffff;
  6277: ffffff;
  6278: ffffff;
  6279: ffffff;
  6280: ffffff;
  6281: ffffff;
  6282: ffffff;
  6283: ffffff;
  6284: ffffff;
  6285: ffffff;
  6286: ffffff;
  6287: ffffff;
  6288: ffffff;
  6289: ffffff;
  6290: ffffff;
  6291: ffffff;
  6292: ffffff;
  6293: ffffff;
  6294: ffffff;
  6295: ffffff;
  6296: ffffff;
  6297: ffffff;
  6298: ffffff;
  6299: ffffff;
  6300: 0;
  6301: 0;
  6302: 0;
  6303: 10101;
  6304: 10101;
  6305: 0;
  6306: 0;
  6307: 0;
  6308: 0;
  6309: 0;
  6310: 0;
  6311: ffffff;
  6312: ffffff;
  6313: ffffff;
  6314: ffffff;
  6315: ffffff;
  6316: ffffff;
  6317: ffffff;
  6318: ffffff;
  6319: ffffff;
  6320: ffffff;
  6321: ffffff;
  6322: ffffff;
  6323: ffffff;
  6324: ffffff;
  6325: ffffff;
  6326: ffffff;
  6327: ffffff;
  6328: ffffff;
  6329: ffffff;
  6330: ffffff;
  6331: ffffff;
  6332: ffffff;
  6333: ffffff;
  6334: ffffff;
  6335: ffffff;
  6336: ffffff;
  6337: ffffff;
  6338: ffffff;
  6339: ffffff;
  6340: ffffff;
  6341: ffffff;
  6342: ffffff;
  6343: ffffff;
  6344: ffffff;
  6345: ffffff;
  6346: ffffff;
  6347: ffffff;
  6348: ffffff;
  6349: ffffff;
  6350: ffffff;
  6351: ffffff;
  6352: fefefe;
  6353: ffffff;
  6354: ffffff;
  6355: ffffff;
  6356: ffffff;
  6357: ffffff;
  6358: ffffff;
  6359: 0;
  6360: 0;
  6361: 0;
  6362: 0;
  6363: 0;
  6364: 0;
  6365: 0;
  6366: 0;
  6367: 0;
  6368: 0;
  6369: 0;
  6370: 0;
  6371: 0;
  6372: ffffff;
  6373: ffffff;
  6374: ffffff;
  6375: ffffff;
  6376: ffffff;
  6377: ffffff;
  6378: ffffff;
  6379: ffffff;
  6380: ffffff;
  6381: ffffff;
  6382: ffffff;
  6383: ffffff;
  6384: ffffff;
  6385: ffffff;
  6386: ffffff;
  6387: ffffff;
  6388: ffffff;
  6389: ffffff;
  6390: ffffff;
  6391: ffffff;
  6392: ffffff;
  6393: ffffff;
  6394: ffffff;
  6395: ffffff;
  6396: ffffff;
  6397: ffffff;
  6398: ffffff;
  6399: ffffff;
  6400: ffffff;
  6401: ffffff;
  6402: ffffff;
  6403: ffffff;
  6404: ffffff;
  6405: ffffff;
  6406: ffffff;
  6407: ffffff;
  6408: ffffff;
  6409: ffffff;
  6410: ffffff;
  6411: ffffff;
  6412: ffffff;
  6413: ffffff;
  6414: ffffff;
  6415: ffffff;
  6416: ffffff;
  6417: ffffff;
  6418: ffffff;
  6419: ffffff;
  6420: ffffff;
  6421: ffffff;
  6422: ffffff;
  6423: ffffff;
  6424: ffffff;
  6425: ffffff;
  6426: ffffff;
  6427: ffffff;
  6428: 0;
  6429: 0;
  6430: 0;
  6431: 0;
  6432: 0;
  6433: 0;
  6434: 0;
  6435: 0;
  6436: 0;
  6437: 0;
  6438: 0;
  6439: ffffff;
  6440: ffffff;
  6441: ffffff;
  6442: ffffff;
  6443: ffffff;
  6444: ffffff;
  6445: ffffff;
  6446: ffffff;
  6447: ffffff;
  6448: ffffff;
  6449: ffffff;
  6450: ffffff;
  6451: ffffff;
  6452: ffffff;
  6453: ffffff;
  6454: ffffff;
  6455: ffffff;
  6456: ffffff;
  6457: ffffff;
  6458: ffffff;
  6459: ffffff;
  6460: ffffff;
  6461: ffffff;
  6462: ffffff;
  6463: ffffff;
  6464: ffffff;
  6465: ffffff;
  6466: ffffff;
  6467: ffffff;
  6468: ffffff;
  6469: ffffff;
  6470: ffffff;
  6471: ffffff;
  6472: ffffff;
  6473: ffffff;
  6474: ffffff;
  6475: ffffff;
  6476: ffffff;
  6477: ffffff;
  6478: ffffff;
  6479: ffffff;
  6480: ffffff;
  6481: ffffff;
  6482: ffffff;
  6483: ffffff;
  6484: ffffff;
  6485: ffffff;
  6486: ffffff;
  6487: 0;
  6488: 0;
  6489: 0;
  6490: 0;
  6491: 0;
  6492: 0;
  6493: 0;
  6494: 0;
  6495: 0;
  6496: 0;
  6497: 0;
  6498: 0;
  6499: 0;
  6500: ffffff;
  6501: ffffff;
  6502: ffffff;
  6503: ffffff;
  6504: ffffff;
  6505: ffffff;
  6506: ffffff;
  6507: ffffff;
  6508: ffffff;
  6509: ffffff;
  6510: ffffff;
  6511: ffffff;
  6512: ffffff;
  6513: ffffff;
  6514: ffffff;
  6515: ffffff;
  6516: ffffff;
  6517: ffffff;
  6518: ffffff;
  6519: ffffff;
  6520: ffffff;
  6521: ffffff;
  6522: ffffff;
  6523: ffffff;
  6524: ffffff;
  6525: ffffff;
  6526: ffffff;
  6527: ffffff;
  6528: ffffff;
  6529: ffffff;
  6530: ffffff;
  6531: ffffff;
  6532: ffffff;
  6533: ffffff;
  6534: ffffff;
  6535: ffffff;
  6536: ffffff;
  6537: ffffff;
  6538: ffffff;
  6539: ffffff;
  6540: ffffff;
  6541: ffffff;
  6542: ffffff;
  6543: ffffff;
  6544: ffffff;
  6545: ffffff;
  6546: ffffff;
  6547: ffffff;
  6548: ffffff;
  6549: ffffff;
  6550: ffffff;
  6551: ffffff;
  6552: ffffff;
  6553: ffffff;
  6554: ffffff;
  6555: ffffff;
  6556: 0;
  6557: 0;
  6558: 0;
  6559: 0;
  6560: 0;
  6561: 0;
  6562: 0;
  6563: 0;
  6564: 10101;
  6565: 0;
  6566: 10101;
  6567: 0;
  6568: ffffff;
  6569: ffffff;
  6570: ffffff;
  6571: ffffff;
  6572: ffffff;
  6573: ffffff;
  6574: ffffff;
  6575: ffffff;
  6576: ffffff;
  6577: ffffff;
  6578: ffffff;
  6579: ffffff;
  6580: ffffff;
  6581: ffffff;
  6582: ffffff;
  6583: ffffff;
  6584: ffffff;
  6585: ffffff;
  6586: ffffff;
  6587: ffffff;
  6588: ffffff;
  6589: ffffff;
  6590: ffffff;
  6591: ffffff;
  6592: ffffff;
  6593: ffffff;
  6594: ffffff;
  6595: ffffff;
  6596: ffffff;
  6597: ffffff;
  6598: ffffff;
  6599: ffffff;
  6600: ffffff;
  6601: ffffff;
  6602: ffffff;
  6603: ffffff;
  6604: ffffff;
  6605: ffffff;
  6606: ffffff;
  6607: ffffff;
  6608: ffffff;
  6609: ffffff;
  6610: ffffff;
  6611: ffffff;
  6612: ffffff;
  6613: ffffff;
  6614: ffffff;
  6615: 0;
  6616: 0;
  6617: 0;
  6618: 0;
  6619: 0;
  6620: 0;
  6621: 0;
  6622: 0;
  6623: 0;
  6624: 0;
  6625: 0;
  6626: 0;
  6627: 0;
  6628: ffffff;
  6629: ffffff;
  6630: ffffff;
  6631: ffffff;
  6632: ffffff;
  6633: ffffff;
  6634: ffffff;
  6635: ffffff;
  6636: ffffff;
  6637: ffffff;
  6638: ffffff;
  6639: ffffff;
  6640: ffffff;
  6641: ffffff;
  6642: ffffff;
  6643: ffffff;
  6644: ffffff;
  6645: ffffff;
  6646: ffffff;
  6647: ffffff;
  6648: ffffff;
  6649: ffffff;
  6650: ffffff;
  6651: ffffff;
  6652: ffffff;
  6653: ffffff;
  6654: ffffff;
  6655: ffffff;
  6656: ffffff;
  6657: ffffff;
  6658: ffffff;
  6659: ffffff;
  6660: ffffff;
  6661: ffffff;
  6662: ffffff;
  6663: ffffff;
  6664: ffffff;
  6665: ffffff;
  6666: ffffff;
  6667: ffffff;
  6668: ffffff;
  6669: ffffff;
  6670: ffffff;
  6671: ffffff;
  6672: ffffff;
  6673: ffffff;
  6674: ffffff;
  6675: ffffff;
  6676: ffffff;
  6677: ffffff;
  6678: ffffff;
  6679: ffffff;
  6680: ffffff;
  6681: ffffff;
  6682: ffffff;
  6683: ffffff;
  6684: 0;
  6685: 0;
  6686: 0;
  6687: 0;
  6688: 0;
  6689: 0;
  6690: 0;
  6691: 0;
  6692: 0;
  6693: 0;
  6694: 0;
  6695: 0;
  6696: ffffff;
  6697: ffffff;
  6698: ffffff;
  6699: ffffff;
  6700: ffffff;
  6701: ffffff;
  6702: ffffff;
  6703: ffffff;
  6704: ffffff;
  6705: ffffff;
  6706: ffffff;
  6707: ffffff;
  6708: ffffff;
  6709: ffffff;
  6710: ffffff;
  6711: ffffff;
  6712: ffffff;
  6713: ffffff;
  6714: ffffff;
  6715: ffffff;
  6716: ffffff;
  6717: ffffff;
  6718: ffffff;
  6719: ffffff;
  6720: ffffff;
  6721: ffffff;
  6722: ffffff;
  6723: ffffff;
  6724: ffffff;
  6725: ffffff;
  6726: ffffff;
  6727: ffffff;
  6728: ffffff;
  6729: ffffff;
  6730: ffffff;
  6731: ffffff;
  6732: ffffff;
  6733: ffffff;
  6734: ffffff;
  6735: ffffff;
  6736: ffffff;
  6737: ffffff;
  6738: ffffff;
  6739: ffffff;
  6740: ffffff;
  6741: ffffff;
  6742: 0;
  6743: 0;
  6744: 0;
  6745: 0;
  6746: 0;
  6747: 0;
  6748: 0;
  6749: 0;
  6750: 0;
  6751: 0;
  6752: 0;
  6753: 0;
  6754: 0;
  6755: 0;
  6756: ffffff;
  6757: ffffff;
  6758: ffffff;
  6759: ffffff;
  6760: ffffff;
  6761: ffffff;
  6762: ffffff;
  6763: ffffff;
  6764: ffffff;
  6765: ffffff;
  6766: ffffff;
  6767: ffffff;
  6768: ffffff;
  6769: ffffff;
  6770: ffffff;
  6771: ffffff;
  6772: ffffff;
  6773: ffffff;
  6774: ffffff;
  6775: ffffff;
  6776: ffffff;
  6777: ffffff;
  6778: ffffff;
  6779: ffffff;
  6780: ffffff;
  6781: ffffff;
  6782: ffffff;
  6783: ffffff;
  6784: ffffff;
  6785: ffffff;
  6786: ffffff;
  6787: ffffff;
  6788: ffffff;
  6789: ffffff;
  6790: ffffff;
  6791: ffffff;
  6792: ffffff;
  6793: ffffff;
  6794: ffffff;
  6795: ffffff;
  6796: ffffff;
  6797: ffffff;
  6798: ffffff;
  6799: ffffff;
  6800: ffffff;
  6801: ffffff;
  6802: ffffff;
  6803: ffffff;
  6804: ffffff;
  6805: ffffff;
  6806: ffffff;
  6807: ffffff;
  6808: ffffff;
  6809: ffffff;
  6810: ffffff;
  6811: ffffff;
  6812: ffffff;
  6813: 0;
  6814: 0;
  6815: 0;
  6816: 0;
  6817: 0;
  6818: 0;
  6819: 0;
  6820: 0;
  6821: 0;
  6822: 0;
  6823: 0;
  6824: ffffff;
  6825: ffffff;
  6826: ffffff;
  6827: ffffff;
  6828: ffffff;
  6829: ffffff;
  6830: ffffff;
  6831: fefefe;
  6832: ffffff;
  6833: ffffff;
  6834: ffffff;
  6835: ffffff;
  6836: ffffff;
  6837: ffffff;
  6838: ffffff;
  6839: ffffff;
  6840: ffffff;
  6841: ffffff;
  6842: ffffff;
  6843: ffffff;
  6844: ffffff;
  6845: ffffff;
  6846: ffffff;
  6847: ffffff;
  6848: ffffff;
  6849: ffffff;
  6850: ffffff;
  6851: ffffff;
  6852: ffffff;
  6853: ffffff;
  6854: ffffff;
  6855: ffffff;
  6856: ffffff;
  6857: ffffff;
  6858: ffffff;
  6859: ffffff;
  6860: ffffff;
  6861: ffffff;
  6862: ffffff;
  6863: ffffff;
  6864: ffffff;
  6865: ffffff;
  6866: fefefe;
  6867: ffffff;
  6868: ffffff;
  6869: ffffff;
  6870: 0;
  6871: 0;
  6872: 0;
  6873: 0;
  6874: 0;
  6875: 0;
  6876: 0;
  6877: 0;
  6878: 0;
  6879: 0;
  6880: 0;
  6881: 0;
  6882: 0;
  6883: 0;
  6884: ffffff;
  6885: ffffff;
  6886: ffffff;
  6887: ffffff;
  6888: ffffff;
  6889: ffffff;
  6890: ffffff;
  6891: ffffff;
  6892: ffffff;
  6893: ffffff;
  6894: ffffff;
  6895: ffffff;
  6896: ffffff;
  6897: ffffff;
  6898: ffffff;
  6899: ffffff;
  6900: ffffff;
  6901: ffffff;
  6902: ffffff;
  6903: ffffff;
  6904: ffffff;
  6905: ffffff;
  6906: ffffff;
  6907: ffffff;
  6908: ffffff;
  6909: ffffff;
  6910: ffffff;
  6911: ffffff;
  6912: ffffff;
  6913: ffffff;
  6914: ffffff;
  6915: ffffff;
  6916: ffffff;
  6917: ffffff;
  6918: ffffff;
  6919: ffffff;
  6920: ffffff;
  6921: ffffff;
  6922: ffffff;
  6923: ffffff;
  6924: ffffff;
  6925: ffffff;
  6926: ffffff;
  6927: ffffff;
  6928: ffffff;
  6929: ffffff;
  6930: ffffff;
  6931: ffffff;
  6932: ffffff;
  6933: ffffff;
  6934: ffffff;
  6935: ffffff;
  6936: ffffff;
  6937: ffffff;
  6938: ffffff;
  6939: ffffff;
  6940: ffffff;
  6941: 0;
  6942: 0;
  6943: 0;
  6944: 0;
  6945: 0;
  6946: 0;
  6947: 10101;
  6948: 0;
  6949: 0;
  6950: 0;
  6951: 0;
  6952: 0;
  6953: ffffff;
  6954: ffffff;
  6955: ffffff;
  6956: ffffff;
  6957: ffffff;
  6958: ffffff;
  6959: ffffff;
  6960: ffffff;
  6961: ffffff;
  6962: ffffff;
  6963: ffffff;
  6964: ffffff;
  6965: ffffff;
  6966: ffffff;
  6967: ffffff;
  6968: ffffff;
  6969: ffffff;
  6970: ffffff;
  6971: ffffff;
  6972: ffffff;
  6973: ffffff;
  6974: ffffff;
  6975: ffffff;
  6976: ffffff;
  6977: ffffff;
  6978: ffffff;
  6979: ffffff;
  6980: ffffff;
  6981: ffffff;
  6982: ffffff;
  6983: ffffff;
  6984: ffffff;
  6985: ffffff;
  6986: ffffff;
  6987: ffffff;
  6988: ffffff;
  6989: ffffff;
  6990: ffffff;
  6991: ffffff;
  6992: ffffff;
  6993: ffffff;
  6994: ffffff;
  6995: ffffff;
  6996: ffffff;
  6997: ffffff;
  6998: 0;
  6999: 0;
  7000: 0;
  7001: 0;
  7002: 0;
  7003: 0;
  7004: 0;
  7005: 0;
  7006: 0;
  7007: 0;
  7008: 0;
  7009: 0;
  7010: 0;
  7011: 0;
  7012: ffffff;
  7013: ffffff;
  7014: ffffff;
  7015: ffffff;
  7016: ffffff;
  7017: ffffff;
  7018: ffffff;
  7019: ffffff;
  7020: ffffff;
  7021: ffffff;
  7022: ffffff;
  7023: ffffff;
  7024: ffffff;
  7025: ffffff;
  7026: ffffff;
  7027: ffffff;
  7028: ffffff;
  7029: ffffff;
  7030: ffffff;
  7031: ffffff;
  7032: ffffff;
  7033: ffffff;
  7034: ffffff;
  7035: ffffff;
  7036: ffffff;
  7037: ffffff;
  7038: ffffff;
  7039: ffffff;
  7040: ffffff;
  7041: ffffff;
  7042: ffffff;
  7043: ffffff;
  7044: ffffff;
  7045: ffffff;
  7046: ffffff;
  7047: ffffff;
  7048: ffffff;
  7049: ffffff;
  7050: ffffff;
  7051: ffffff;
  7052: ffffff;
  7053: ffffff;
  7054: ffffff;
  7055: ffffff;
  7056: ffffff;
  7057: ffffff;
  7058: ffffff;
  7059: ffffff;
  7060: ffffff;
  7061: ffffff;
  7062: ffffff;
  7063: ffffff;
  7064: ffffff;
  7065: ffffff;
  7066: ffffff;
  7067: ffffff;
  7068: ffffff;
  7069: 0;
  7070: 0;
  7071: 0;
  7072: 0;
  7073: 0;
  7074: 0;
  7075: 0;
  7076: 10101;
  7077: 10101;
  7078: 0;
  7079: 0;
  7080: 0;
  7081: ffffff;
  7082: ffffff;
  7083: ffffff;
  7084: ffffff;
  7085: ffffff;
  7086: ffffff;
  7087: fefefe;
  7088: ffffff;
  7089: ffffff;
  7090: ffffff;
  7091: ffffff;
  7092: ffffff;
  7093: ffffff;
  7094: ffffff;
  7095: ffffff;
  7096: ffffff;
  7097: ffffff;
  7098: ffffff;
  7099: ffffff;
  7100: ffffff;
  7101: ffffff;
  7102: ffffff;
  7103: ffffff;
  7104: ffffff;
  7105: ffffff;
  7106: ffffff;
  7107: ffffff;
  7108: ffffff;
  7109: ffffff;
  7110: ffffff;
  7111: ffffff;
  7112: ffffff;
  7113: ffffff;
  7114: ffffff;
  7115: ffffff;
  7116: ffffff;
  7117: ffffff;
  7118: ffffff;
  7119: ffffff;
  7120: ffffff;
  7121: ffffff;
  7122: ffffff;
  7123: ffffff;
  7124: ffffff;
  7125: 0;
  7126: 0;
  7127: 0;
  7128: 0;
  7129: 0;
  7130: 0;
  7131: 0;
  7132: 0;
  7133: 0;
  7134: 0;
  7135: 0;
  7136: 0;
  7137: 0;
  7138: 0;
  7139: 0;
  7140: ffffff;
  7141: ffffff;
  7142: ffffff;
  7143: ffffff;
  7144: ffffff;
  7145: ffffff;
  7146: ffffff;
  7147: ffffff;
  7148: ffffff;
  7149: ffffff;
  7150: ffffff;
  7151: ffffff;
  7152: ffffff;
  7153: ffffff;
  7154: ffffff;
  7155: ffffff;
  7156: ffffff;
  7157: ffffff;
  7158: ffffff;
  7159: ffffff;
  7160: ffffff;
  7161: ffffff;
  7162: ffffff;
  7163: ffffff;
  7164: ffffff;
  7165: ffffff;
  7166: ffffff;
  7167: ffffff;
  7168: ffffff;
  7169: ffffff;
  7170: ffffff;
  7171: ffffff;
  7172: ffffff;
  7173: ffffff;
  7174: ffffff;
  7175: ffffff;
  7176: ffffff;
  7177: ffffff;
  7178: ffffff;
  7179: ffffff;
  7180: ffffff;
  7181: ffffff;
  7182: ffffff;
  7183: ffffff;
  7184: ffffff;
  7185: ffffff;
  7186: ffffff;
  7187: ffffff;
  7188: ffffff;
  7189: ffffff;
  7190: ffffff;
  7191: ffffff;
  7192: ffffff;
  7193: ffffff;
  7194: fefefe;
  7195: ffffff;
  7196: ffffff;
  7197: 0;
  7198: 0;
  7199: 0;
  7200: 0;
  7201: 0;
  7202: 0;
  7203: 0;
  7204: 0;
  7205: 0;
  7206: 0;
  7207: 0;
  7208: 0;
  7209: 0;
  7210: ffffff;
  7211: ffffff;
  7212: ffffff;
  7213: ffffff;
  7214: ffffff;
  7215: ffffff;
  7216: ffffff;
  7217: ffffff;
  7218: ffffff;
  7219: ffffff;
  7220: ffffff;
  7221: ffffff;
  7222: ffffff;
  7223: ffffff;
  7224: ffffff;
  7225: ffffff;
  7226: ffffff;
  7227: ffffff;
  7228: ffffff;
  7229: ffffff;
  7230: ffffff;
  7231: ffffff;
  7232: ffffff;
  7233: ffffff;
  7234: ffffff;
  7235: ffffff;
  7236: ffffff;
  7237: ffffff;
  7238: ffffff;
  7239: ffffff;
  7240: ffffff;
  7241: ffffff;
  7242: ffffff;
  7243: ffffff;
  7244: ffffff;
  7245: fefefe;
  7246: ffffff;
  7247: fefefe;
  7248: ffffff;
  7249: ffffff;
  7250: ffffff;
  7251: ffffff;
  7252: ffffff;
  7253: 0;
  7254: 0;
  7255: 0;
  7256: 0;
  7257: 0;
  7258: 0;
  7259: 0;
  7260: 0;
  7261: 0;
  7262: 0;
  7263: 0;
  7264: 0;
  7265: 0;
  7266: 0;
  7267: 0;
  7268: ffffff;
  7269: ffffff;
  7270: ffffff;
  7271: ffffff;
  7272: ffffff;
  7273: ffffff;
  7274: ffffff;
  7275: ffffff;
  7276: ffffff;
  7277: ffffff;
  7278: ffffff;
  7279: ffffff;
  7280: ffffff;
  7281: ffffff;
  7282: ffffff;
  7283: ffffff;
  7284: ffffff;
  7285: ffffff;
  7286: ffffff;
  7287: ffffff;
  7288: ffffff;
  7289: ffffff;
  7290: ffffff;
  7291: ffffff;
  7292: ffffff;
  7293: ffffff;
  7294: ffffff;
  7295: ffffff;
  7296: ffffff;
  7297: ffffff;
  7298: ffffff;
  7299: ffffff;
  7300: ffffff;
  7301: ffffff;
  7302: ffffff;
  7303: ffffff;
  7304: ffffff;
  7305: ffffff;
  7306: ffffff;
  7307: ffffff;
  7308: ffffff;
  7309: ffffff;
  7310: ffffff;
  7311: ffffff;
  7312: ffffff;
  7313: ffffff;
  7314: ffffff;
  7315: ffffff;
  7316: ffffff;
  7317: ffffff;
  7318: ffffff;
  7319: ffffff;
  7320: ffffff;
  7321: ffffff;
  7322: ffffff;
  7323: ffffff;
  7324: ffffff;
  7325: ffffff;
  7326: 0;
  7327: 0;
  7328: 0;
  7329: 0;
  7330: 0;
  7331: 0;
  7332: 0;
  7333: 0;
  7334: 0;
  7335: 0;
  7336: 0;
  7337: 0;
  7338: ffffff;
  7339: ffffff;
  7340: ffffff;
  7341: ffffff;
  7342: ffffff;
  7343: ffffff;
  7344: ffffff;
  7345: ffffff;
  7346: ffffff;
  7347: ffffff;
  7348: ffffff;
  7349: ffffff;
  7350: ffffff;
  7351: ffffff;
  7352: ffffff;
  7353: ffffff;
  7354: ffffff;
  7355: ffffff;
  7356: ffffff;
  7357: ffffff;
  7358: ffffff;
  7359: ffffff;
  7360: ffffff;
  7361: ffffff;
  7362: ffffff;
  7363: ffffff;
  7364: ffffff;
  7365: ffffff;
  7366: ffffff;
  7367: ffffff;
  7368: ffffff;
  7369: ffffff;
  7370: ffffff;
  7371: ffffff;
  7372: ffffff;
  7373: ffffff;
  7374: ffffff;
  7375: ffffff;
  7376: ffffff;
  7377: ffffff;
  7378: ffffff;
  7379: ffffff;
  7380: 0;
  7381: 0;
  7382: 0;
  7383: 0;
  7384: 0;
  7385: 0;
  7386: 0;
  7387: 0;
  7388: 0;
  7389: 0;
  7390: 0;
  7391: 0;
  7392: 0;
  7393: 0;
  7394: 0;
  7395: 0;
  7396: ffffff;
  7397: ffffff;
  7398: ffffff;
  7399: ffffff;
  7400: ffffff;
  7401: ffffff;
  7402: ffffff;
  7403: ffffff;
  7404: ffffff;
  7405: ffffff;
  7406: ffffff;
  7407: ffffff;
  7408: ffffff;
  7409: ffffff;
  7410: ffffff;
  7411: ffffff;
  7412: ffffff;
  7413: ffffff;
  7414: ffffff;
  7415: ffffff;
  7416: ffffff;
  7417: ffffff;
  7418: ffffff;
  7419: ffffff;
  7420: ffffff;
  7421: ffffff;
  7422: ffffff;
  7423: ffffff;
  7424: ffffff;
  7425: ffffff;
  7426: ffffff;
  7427: ffffff;
  7428: ffffff;
  7429: ffffff;
  7430: ffffff;
  7431: ffffff;
  7432: ffffff;
  7433: ffffff;
  7434: ffffff;
  7435: ffffff;
  7436: ffffff;
  7437: ffffff;
  7438: ffffff;
  7439: ffffff;
  7440: ffffff;
  7441: ffffff;
  7442: ffffff;
  7443: ffffff;
  7444: ffffff;
  7445: ffffff;
  7446: ffffff;
  7447: ffffff;
  7448: ffffff;
  7449: ffffff;
  7450: ffffff;
  7451: ffffff;
  7452: ffffff;
  7453: ffffff;
  7454: 0;
  7455: 0;
  7456: 0;
  7457: 0;
  7458: 0;
  7459: 0;
  7460: 0;
  7461: 0;
  7462: 0;
  7463: 0;
  7464: 0;
  7465: 0;
  7466: 0;
  7467: ffffff;
  7468: ffffff;
  7469: ffffff;
  7470: ffffff;
  7471: ffffff;
  7472: ffffff;
  7473: ffffff;
  7474: ffffff;
  7475: ffffff;
  7476: ffffff;
  7477: ffffff;
  7478: ffffff;
  7479: ffffff;
  7480: ffffff;
  7481: ffffff;
  7482: ffffff;
  7483: ffffff;
  7484: ffffff;
  7485: ffffff;
  7486: ffffff;
  7487: ffffff;
  7488: ffffff;
  7489: ffffff;
  7490: ffffff;
  7491: ffffff;
  7492: ffffff;
  7493: ffffff;
  7494: ffffff;
  7495: ffffff;
  7496: ffffff;
  7497: ffffff;
  7498: ffffff;
  7499: ffffff;
  7500: ffffff;
  7501: ffffff;
  7502: ffffff;
  7503: ffffff;
  7504: ffffff;
  7505: ffffff;
  7506: ffffff;
  7507: 0;
  7508: 10101;
  7509: 0;
  7510: 0;
  7511: 0;
  7512: 10101;
  7513: 0;
  7514: 10101;
  7515: 0;
  7516: 0;
  7517: 0;
  7518: 0;
  7519: 0;
  7520: 0;
  7521: 0;
  7522: 0;
  7523: 0;
  7524: ffffff;
  7525: ffffff;
  7526: ffffff;
  7527: ffffff;
  7528: ffffff;
  7529: ffffff;
  7530: ffffff;
  7531: ffffff;
  7532: ffffff;
  7533: ffffff;
  7534: ffffff;
  7535: ffffff;
  7536: ffffff;
  7537: ffffff;
  7538: ffffff;
  7539: ffffff;
  7540: ffffff;
  7541: ffffff;
  7542: ffffff;
  7543: ffffff;
  7544: ffffff;
  7545: ffffff;
  7546: ffffff;
  7547: ffffff;
  7548: ffffff;
  7549: ffffff;
  7550: ffffff;
  7551: ffffff;
  7552: ffffff;
  7553: ffffff;
  7554: ffffff;
  7555: ffffff;
  7556: ffffff;
  7557: ffffff;
  7558: ffffff;
  7559: ffffff;
  7560: ffffff;
  7561: ffffff;
  7562: ffffff;
  7563: ffffff;
  7564: ffffff;
  7565: ffffff;
  7566: ffffff;
  7567: ffffff;
  7568: ffffff;
  7569: ffffff;
  7570: ffffff;
  7571: ffffff;
  7572: ffffff;
  7573: ffffff;
  7574: ffffff;
  7575: ffffff;
  7576: ffffff;
  7577: ffffff;
  7578: ffffff;
  7579: ffffff;
  7580: ffffff;
  7581: ffffff;
  7582: ffffff;
  7583: 0;
  7584: 0;
  7585: 0;
  7586: 0;
  7587: 0;
  7588: 0;
  7589: 0;
  7590: 0;
  7591: 10101;
  7592: 0;
  7593: 0;
  7594: 0;
  7595: 0;
  7596: ffffff;
  7597: ffffff;
  7598: ffffff;
  7599: ffffff;
  7600: ffffff;
  7601: ffffff;
  7602: ffffff;
  7603: ffffff;
  7604: ffffff;
  7605: ffffff;
  7606: ffffff;
  7607: ffffff;
  7608: ffffff;
  7609: ffffff;
  7610: ffffff;
  7611: ffffff;
  7612: ffffff;
  7613: ffffff;
  7614: ffffff;
  7615: ffffff;
  7616: ffffff;
  7617: ffffff;
  7618: ffffff;
  7619: ffffff;
  7620: ffffff;
  7621: ffffff;
  7622: ffffff;
  7623: ffffff;
  7624: ffffff;
  7625: ffffff;
  7626: ffffff;
  7627: ffffff;
  7628: ffffff;
  7629: ffffff;
  7630: ffffff;
  7631: ffffff;
  7632: ffffff;
  7633: ffffff;
  7634: 0;
  7635: 0;
  7636: 0;
  7637: 0;
  7638: 0;
  7639: 0;
  7640: 0;
  7641: 0;
  7642: 0;
  7643: 0;
  7644: 0;
  7645: 0;
  7646: 0;
  7647: 0;
  7648: 0;
  7649: 0;
  7650: 0;
  7651: 0;
  7652: ffffff;
  7653: ffffff;
  7654: ffffff;
  7655: ffffff;
  7656: ffffff;
  7657: ffffff;
  7658: ffffff;
  7659: ffffff;
  7660: ffffff;
  7661: ffffff;
  7662: ffffff;
  7663: ffffff;
  7664: ffffff;
  7665: ffffff;
  7666: ffffff;
  7667: ffffff;
  7668: ffffff;
  7669: ffffff;
  7670: ffffff;
  7671: ffffff;
  7672: ffffff;
  7673: ffffff;
  7674: ffffff;
  7675: ffffff;
  7676: ffffff;
  7677: ffffff;
  7678: ffffff;
  7679: ffffff;
  7680: ffffff;
  7681: ffffff;
  7682: ffffff;
  7683: ffffff;
  7684: ffffff;
  7685: ffffff;
  7686: ffffff;
  7687: ffffff;
  7688: ffffff;
  7689: ffffff;
  7690: ffffff;
  7691: ffffff;
  7692: ffffff;
  7693: ffffff;
  7694: ffffff;
  7695: ffffff;
  7696: ffffff;
  7697: ffffff;
  7698: ffffff;
  7699: ffffff;
  7700: ffffff;
  7701: ffffff;
  7702: ffffff;
  7703: ffffff;
  7704: ffffff;
  7705: ffffff;
  7706: ffffff;
  7707: ffffff;
  7708: ffffff;
  7709: ffffff;
  7710: ffffff;
  7711: 0;
  7712: 0;
  7713: 0;
  7714: 0;
  7715: 0;
  7716: 0;
  7717: 0;
  7718: 0;
  7719: 0;
  7720: 0;
  7721: 0;
  7722: 0;
  7723: 0;
  7724: ffffff;
  7725: ffffff;
  7726: ffffff;
  7727: ffffff;
  7728: ffffff;
  7729: ffffff;
  7730: ffffff;
  7731: ffffff;
  7732: ffffff;
  7733: ffffff;
  7734: ffffff;
  7735: ffffff;
  7736: ffffff;
  7737: ffffff;
  7738: ffffff;
  7739: ffffff;
  7740: ffffff;
  7741: ffffff;
  7742: ffffff;
  7743: ffffff;
  7744: ffffff;
  7745: ffffff;
  7746: ffffff;
  7747: ffffff;
  7748: ffffff;
  7749: ffffff;
  7750: ffffff;
  7751: ffffff;
  7752: ffffff;
  7753: ffffff;
  7754: ffffff;
  7755: ffffff;
  7756: ffffff;
  7757: ffffff;
  7758: ffffff;
  7759: ffffff;
  7760: ffffff;
  7761: ffffff;
  7762: 0;
  7763: 0;
  7764: 0;
  7765: 0;
  7766: 0;
  7767: 0;
  7768: 0;
  7769: 0;
  7770: 10101;
  7771: 0;
  7772: 0;
  7773: 0;
  7774: 0;
  7775: 0;
  7776: 0;
  7777: 0;
  7778: 0;
  7779: 0;
  7780: ffffff;
  7781: ffffff;
  7782: ffffff;
  7783: ffffff;
  7784: ffffff;
  7785: ffffff;
  7786: ffffff;
  7787: ffffff;
  7788: ffffff;
  7789: ffffff;
  7790: ffffff;
  7791: ffffff;
  7792: ffffff;
  7793: ffffff;
  7794: ffffff;
  7795: ffffff;
  7796: ffffff;
  7797: ffffff;
  7798: ffffff;
  7799: ffffff;
  7800: ffffff;
  7801: ffffff;
  7802: ffffff;
  7803: ffffff;
  7804: ffffff;
  7805: ffffff;
  7806: ffffff;
  7807: ffffff;
  7808: ffffff;
  7809: ffffff;
  7810: ffffff;
  7811: ffffff;
  7812: ffffff;
  7813: ffffff;
  7814: ffffff;
  7815: ffffff;
  7816: ffffff;
  7817: ffffff;
  7818: ffffff;
  7819: ffffff;
  7820: ffffff;
  7821: ffffff;
  7822: ffffff;
  7823: ffffff;
  7824: ffffff;
  7825: ffffff;
  7826: ffffff;
  7827: ffffff;
  7828: ffffff;
  7829: ffffff;
  7830: ffffff;
  7831: ffffff;
  7832: ffffff;
  7833: ffffff;
  7834: ffffff;
  7835: ffffff;
  7836: ffffff;
  7837: fefefe;
  7838: ffffff;
  7839: ffffff;
  7840: 0;
  7841: 0;
  7842: 0;
  7843: 0;
  7844: 0;
  7845: 0;
  7846: 0;
  7847: 0;
  7848: 0;
  7849: 0;
  7850: 0;
  7851: 0;
  7852: 0;
  7853: ffffff;
  7854: ffffff;
  7855: ffffff;
  7856: ffffff;
  7857: ffffff;
  7858: ffffff;
  7859: ffffff;
  7860: ffffff;
  7861: ffffff;
  7862: ffffff;
  7863: ffffff;
  7864: ffffff;
  7865: ffffff;
  7866: ffffff;
  7867: ffffff;
  7868: ffffff;
  7869: ffffff;
  7870: ffffff;
  7871: ffffff;
  7872: ffffff;
  7873: ffffff;
  7874: ffffff;
  7875: ffffff;
  7876: ffffff;
  7877: ffffff;
  7878: ffffff;
  7879: ffffff;
  7880: ffffff;
  7881: ffffff;
  7882: ffffff;
  7883: ffffff;
  7884: ffffff;
  7885: ffffff;
  7886: ffffff;
  7887: ffffff;
  7888: ffffff;
  7889: 0;
  7890: 0;
  7891: 0;
  7892: 0;
  7893: 0;
  7894: 0;
  7895: 0;
  7896: 0;
  7897: 0;
  7898: 0;
  7899: 0;
  7900: 0;
  7901: 0;
  7902: 0;
  7903: 0;
  7904: 0;
  7905: 0;
  7906: 0;
  7907: 0;
  7908: ffffff;
  7909: ffffff;
  7910: ffffff;
  7911: ffffff;
  7912: ffffff;
  7913: ffffff;
  7914: ffffff;
  7915: ffffff;
  7916: ffffff;
  7917: ffffff;
  7918: ffffff;
  7919: ffffff;
  7920: ffffff;
  7921: ffffff;
  7922: ffffff;
  7923: ffffff;
  7924: ffffff;
  7925: ffffff;
  7926: ffffff;
  7927: ffffff;
  7928: ffffff;
  7929: ffffff;
  7930: ffffff;
  7931: ffffff;
  7932: ffffff;
  7933: ffffff;
  7934: ffffff;
  7935: ffffff;
  7936: ffffff;
  7937: ffffff;
  7938: ffffff;
  7939: ffffff;
  7940: ffffff;
  7941: ffffff;
  7942: ffffff;
  7943: ffffff;
  7944: ffffff;
  7945: ffffff;
  7946: ffffff;
  7947: ffffff;
  7948: ffffff;
  7949: ffffff;
  7950: ffffff;
  7951: ffffff;
  7952: ffffff;
  7953: ffffff;
  7954: ffffff;
  7955: ffffff;
  7956: ffffff;
  7957: ffffff;
  7958: ffffff;
  7959: ffffff;
  7960: ffffff;
  7961: ffffff;
  7962: ffffff;
  7963: ffffff;
  7964: ffffff;
  7965: ffffff;
  7966: ffffff;
  7967: ffffff;
  7968: 0;
  7969: 0;
  7970: 0;
  7971: 0;
  7972: 0;
  7973: 0;
  7974: 0;
  7975: 0;
  7976: 0;
  7977: 0;
  7978: 0;
  7979: 0;
  7980: 0;
  7981: 0;
  7982: ffffff;
  7983: ffffff;
  7984: ffffff;
  7985: ffffff;
  7986: ffffff;
  7987: ffffff;
  7988: ffffff;
  7989: ffffff;
  7990: ffffff;
  7991: ffffff;
  7992: ffffff;
  7993: ffffff;
  7994: ffffff;
  7995: ffffff;
  7996: ffffff;
  7997: ffffff;
  7998: ffffff;
  7999: ffffff;
  8000: ffffff;
  8001: ffffff;
  8002: ffffff;
  8003: ffffff;
  8004: ffffff;
  8005: ffffff;
  8006: ffffff;
  8007: ffffff;
  8008: ffffff;
  8009: ffffff;
  8010: ffffff;
  8011: ffffff;
  8012: ffffff;
  8013: ffffff;
  8014: ffffff;
  8015: ffffff;
  8016: 0;
  8017: 0;
  8018: 0;
  8019: 0;
  8020: 0;
  8021: 0;
  8022: 0;
  8023: 0;
  8024: ffffff;
  8025: 0;
  8026: 0;
  8027: 0;
  8028: 0;
  8029: 0;
  8030: 0;
  8031: 0;
  8032: 0;
  8033: 0;
  8034: 0;
  8035: 0;
  8036: ffffff;
  8037: ffffff;
  8038: ffffff;
  8039: ffffff;
  8040: ffffff;
  8041: ffffff;
  8042: ffffff;
  8043: ffffff;
  8044: ffffff;
  8045: ffffff;
  8046: ffffff;
  8047: ffffff;
  8048: ffffff;
  8049: ffffff;
  8050: ffffff;
  8051: ffffff;
  8052: ffffff;
  8053: ffffff;
  8054: ffffff;
  8055: ffffff;
  8056: ffffff;
  8057: ffffff;
  8058: ffffff;
  8059: ffffff;
  8060: ffffff;
  8061: ffffff;
  8062: ffffff;
  8063: ffffff;
  8064: ffffff;
  8065: ffffff;
  8066: ffffff;
  8067: ffffff;
  8068: ffffff;
  8069: ffffff;
  8070: ffffff;
  8071: ffffff;
  8072: ffffff;
  8073: ffffff;
  8074: ffffff;
  8075: ffffff;
  8076: ffffff;
  8077: ffffff;
  8078: ffffff;
  8079: ffffff;
  8080: ffffff;
  8081: ffffff;
  8082: ffffff;
  8083: ffffff;
  8084: ffffff;
  8085: ffffff;
  8086: ffffff;
  8087: ffffff;
  8088: ffffff;
  8089: ffffff;
  8090: ffffff;
  8091: ffffff;
  8092: ffffff;
  8093: ffffff;
  8094: ffffff;
  8095: ffffff;
  8096: ffffff;
  8097: 0;
  8098: 0;
  8099: 0;
  8100: 0;
  8101: 0;
  8102: 0;
  8103: 0;
  8104: 0;
  8105: 0;
  8106: 0;
  8107: 0;
  8108: 0;
  8109: 10101;
  8110: 0;
  8111: 0;
  8112: ffffff;
  8113: ffffff;
  8114: ffffff;
  8115: ffffff;
  8116: ffffff;
  8117: ffffff;
  8118: ffffff;
  8119: ffffff;
  8120: ffffff;
  8121: ffffff;
  8122: ffffff;
  8123: ffffff;
  8124: ffffff;
  8125: ffffff;
  8126: ffffff;
  8127: ffffff;
  8128: ffffff;
  8129: ffffff;
  8130: ffffff;
  8131: ffffff;
  8132: ffffff;
  8133: ffffff;
  8134: ffffff;
  8135: ffffff;
  8136: ffffff;
  8137: ffffff;
  8138: ffffff;
  8139: ffffff;
  8140: ffffff;
  8141: ffffff;
  8142: 0;
  8143: 0;
  8144: 10101;
  8145: 0;
  8146: 0;
  8147: 0;
  8148: 0;
  8149: 0;
  8150: 0;
  8151: ffffff;
  8152: ffffff;
  8153: 0;
  8154: 0;
  8155: 0;
  8156: 0;
  8157: 0;
  8158: 0;
  8159: 10101;
  8160: 0;
  8161: 0;
  8162: 0;
  8163: 0;
  8164: ffffff;
  8165: ffffff;
  8166: ffffff;
  8167: ffffff;
  8168: ffffff;
  8169: ffffff;
  8170: ffffff;
  8171: ffffff;
  8172: ffffff;
  8173: ffffff;
  8174: ffffff;
  8175: ffffff;
  8176: ffffff;
  8177: ffffff;
  8178: ffffff;
  8179: ffffff;
  8180: ffffff;
  8181: ffffff;
  8182: ffffff;
  8183: ffffff;
  8184: ffffff;
  8185: ffffff;
  8186: ffffff;
  8187: ffffff;
  8188: ffffff;
  8189: ffffff;
  8190: ffffff;
  8191: ffffff;
  8192: ffffff;
  8193: ffffff;
  8194: ffffff;
  8195: ffffff;
  8196: ffffff;
  8197: ffffff;
  8198: ffffff;
  8199: ffffff;
  8200: ffffff;
  8201: ffffff;
  8202: ffffff;
  8203: ffffff;
  8204: ffffff;
  8205: ffffff;
  8206: ffffff;
  8207: ffffff;
  8208: ffffff;
  8209: ffffff;
  8210: ffffff;
  8211: ffffff;
  8212: ffffff;
  8213: ffffff;
  8214: ffffff;
  8215: ffffff;
  8216: ffffff;
  8217: ffffff;
  8218: ffffff;
  8219: ffffff;
  8220: ffffff;
  8221: ffffff;
  8222: ffffff;
  8223: ffffff;
  8224: ffffff;
  8225: ffffff;
  8226: 0;
  8227: 0;
  8228: 0;
  8229: 0;
  8230: 0;
  8231: 0;
  8232: 0;
  8233: 0;
  8234: 0;
  8235: 0;
  8236: 0;
  8237: 0;
  8238: 0;
  8239: 0;
  8240: 0;
  8241: ffffff;
  8242: ffffff;
  8243: ffffff;
  8244: ffffff;
  8245: ffffff;
  8246: ffffff;
  8247: ffffff;
  8248: ffffff;
  8249: ffffff;
  8250: ffffff;
  8251: ffffff;
  8252: ffffff;
  8253: ffffff;
  8254: ffffff;
  8255: ffffff;
  8256: ffffff;
  8257: ffffff;
  8258: ffffff;
  8259: ffffff;
  8260: ffffff;
  8261: ffffff;
  8262: ffffff;
  8263: ffffff;
  8264: ffffff;
  8265: ffffff;
  8266: ffffff;
  8267: ffffff;
  8268: ffffff;
  8269: 0;
  8270: 0;
  8271: 0;
  8272: 0;
  8273: 0;
  8274: 0;
  8275: 0;
  8276: 0;
  8277: 0;
  8278: 0;
  8279: ffffff;
  8280: ffffff;
  8281: 0;
  8282: 0;
  8283: 0;
  8284: 0;
  8285: 0;
  8286: 0;
  8287: 0;
  8288: 0;
  8289: 0;
  8290: 0;
  8291: 0;
  8292: ffffff;
  8293: ffffff;
  8294: ffffff;
  8295: ffffff;
  8296: ffffff;
  8297: ffffff;
  8298: ffffff;
  8299: ffffff;
  8300: ffffff;
  8301: ffffff;
  8302: ffffff;
  8303: ffffff;
  8304: ffffff;
  8305: ffffff;
  8306: ffffff;
  8307: ffffff;
  8308: ffffff;
  8309: ffffff;
  8310: ffffff;
  8311: ffffff;
  8312: ffffff;
  8313: ffffff;
  8314: ffffff;
  8315: ffffff;
  8316: ffffff;
  8317: ffffff;
  8318: ffffff;
  8319: ffffff;
  8320: ffffff;
  8321: ffffff;
  8322: ffffff;
  8323: ffffff;
  8324: ffffff;
  8325: ffffff;
  8326: ffffff;
  8327: ffffff;
  8328: ffffff;
  8329: ffffff;
  8330: ffffff;
  8331: ffffff;
  8332: ffffff;
  8333: ffffff;
  8334: ffffff;
  8335: ffffff;
  8336: ffffff;
  8337: ffffff;
  8338: ffffff;
  8339: ffffff;
  8340: ffffff;
  8341: ffffff;
  8342: ffffff;
  8343: ffffff;
  8344: ffffff;
  8345: ffffff;
  8346: ffffff;
  8347: ffffff;
  8348: ffffff;
  8349: ffffff;
  8350: ffffff;
  8351: ffffff;
  8352: ffffff;
  8353: ffffff;
  8354: ffffff;
  8355: 0;
  8356: 10101;
  8357: 10101;
  8358: 0;
  8359: 0;
  8360: 0;
  8361: 0;
  8362: 0;
  8363: 0;
  8364: 0;
  8365: 0;
  8366: 0;
  8367: 0;
  8368: 0;
  8369: 10101;
  8370: 0;
  8371: ffffff;
  8372: ffffff;
  8373: ffffff;
  8374: ffffff;
  8375: ffffff;
  8376: ffffff;
  8377: ffffff;
  8378: ffffff;
  8379: ffffff;
  8380: ffffff;
  8381: ffffff;
  8382: ffffff;
  8383: ffffff;
  8384: ffffff;
  8385: ffffff;
  8386: ffffff;
  8387: ffffff;
  8388: ffffff;
  8389: ffffff;
  8390: ffffff;
  8391: ffffff;
  8392: ffffff;
  8393: ffffff;
  8394: ffffff;
  8395: 0;
  8396: 0;
  8397: 0;
  8398: 0;
  8399: 10101;
  8400: 0;
  8401: 0;
  8402: 0;
  8403: 0;
  8404: 0;
  8405: 0;
  8406: ffffff;
  8407: ffffff;
  8408: ffffff;
  8409: 0;
  8410: 0;
  8411: 0;
  8412: 0;
  8413: 0;
  8414: 0;
  8415: 0;
  8416: 0;
  8417: 0;
  8418: 0;
  8419: 0;
  8420: ffffff;
  8421: ffffff;
  8422: fefefe;
  8423: ffffff;
  8424: ffffff;
  8425: ffffff;
  8426: ffffff;
  8427: ffffff;
  8428: ffffff;
  8429: ffffff;
  8430: ffffff;
  8431: ffffff;
  8432: ffffff;
  8433: ffffff;
  8434: ffffff;
  8435: ffffff;
  8436: ffffff;
  8437: ffffff;
  8438: ffffff;
  8439: ffffff;
  8440: ffffff;
  8441: ffffff;
  8442: ffffff;
  8443: ffffff;
  8444: ffffff;
  8445: ffffff;
  8446: ffffff;
  8447: ffffff;
  8448: ffffff;
  8449: ffffff;
  8450: ffffff;
  8451: ffffff;
  8452: ffffff;
  8453: ffffff;
  8454: ffffff;
  8455: ffffff;
  8456: ffffff;
  8457: ffffff;
  8458: ffffff;
  8459: ffffff;
  8460: ffffff;
  8461: ffffff;
  8462: ffffff;
  8463: ffffff;
  8464: ffffff;
  8465: ffffff;
  8466: ffffff;
  8467: ffffff;
  8468: ffffff;
  8469: ffffff;
  8470: ffffff;
  8471: ffffff;
  8472: ffffff;
  8473: ffffff;
  8474: ffffff;
  8475: ffffff;
  8476: ffffff;
  8477: ffffff;
  8478: ffffff;
  8479: ffffff;
  8480: ffffff;
  8481: ffffff;
  8482: ffffff;
  8483: 0;
  8484: 0;
  8485: 0;
  8486: 0;
  8487: 0;
  8488: 0;
  8489: 0;
  8490: 0;
  8491: 0;
  8492: 0;
  8493: 0;
  8494: 0;
  8495: 0;
  8496: 0;
  8497: 0;
  8498: 0;
  8499: 0;
  8500: ffffff;
  8501: ffffff;
  8502: ffffff;
  8503: ffffff;
  8504: ffffff;
  8505: ffffff;
  8506: ffffff;
  8507: ffffff;
  8508: ffffff;
  8509: ffffff;
  8510: ffffff;
  8511: fefefe;
  8512: ffffff;
  8513: ffffff;
  8514: ffffff;
  8515: ffffff;
  8516: fefefe;
  8517: ffffff;
  8518: ffffff;
  8519: ffffff;
  8520: ffffff;
  8521: 0;
  8522: 0;
  8523: 0;
  8524: 0;
  8525: 0;
  8526: 0;
  8527: 0;
  8528: 0;
  8529: 0;
  8530: 0;
  8531: 0;
  8532: 0;
  8533: 0;
  8534: ffffff;
  8535: ffffff;
  8536: ffffff;
  8537: 0;
  8538: 0;
  8539: 0;
  8540: 0;
  8541: 0;
  8542: 0;
  8543: 0;
  8544: 0;
  8545: 0;
  8546: 0;
  8547: 0;
  8548: ffffff;
  8549: ffffff;
  8550: ffffff;
  8551: ffffff;
  8552: ffffff;
  8553: ffffff;
  8554: ffffff;
  8555: ffffff;
  8556: ffffff;
  8557: ffffff;
  8558: ffffff;
  8559: ffffff;
  8560: ffffff;
  8561: ffffff;
  8562: ffffff;
  8563: ffffff;
  8564: ffffff;
  8565: ffffff;
  8566: ffffff;
  8567: ffffff;
  8568: ffffff;
  8569: ffffff;
  8570: ffffff;
  8571: ffffff;
  8572: ffffff;
  8573: ffffff;
  8574: ffffff;
  8575: ffffff;
  8576: ffffff;
  8577: ffffff;
  8578: ffffff;
  8579: ffffff;
  8580: ffffff;
  8581: ffffff;
  8582: ffffff;
  8583: ffffff;
  8584: ffffff;
  8585: ffffff;
  8586: ffffff;
  8587: ffffff;
  8588: ffffff;
  8589: ffffff;
  8590: ffffff;
  8591: ffffff;
  8592: ffffff;
  8593: ffffff;
  8594: ffffff;
  8595: ffffff;
  8596: ffffff;
  8597: ffffff;
  8598: ffffff;
  8599: ffffff;
  8600: ffffff;
  8601: ffffff;
  8602: ffffff;
  8603: ffffff;
  8604: ffffff;
  8605: ffffff;
  8606: ffffff;
  8607: ffffff;
  8608: ffffff;
  8609: ffffff;
  8610: ffffff;
  8611: ffffff;
  8612: 0;
  8613: 0;
  8614: 0;
  8615: 0;
  8616: 0;
  8617: 0;
  8618: 0;
  8619: 0;
  8620: 0;
  8621: 0;
  8622: 0;
  8623: 0;
  8624: 0;
  8625: 0;
  8626: 0;
  8627: 0;
  8628: 0;
  8629: 0;
  8630: 0;
  8631: ffffff;
  8632: ffffff;
  8633: ffffff;
  8634: ffffff;
  8635: ffffff;
  8636: ffffff;
  8637: ffffff;
  8638: ffffff;
  8639: ffffff;
  8640: ffffff;
  8641: ffffff;
  8642: ffffff;
  8643: ffffff;
  8644: ffffff;
  8645: ffffff;
  8646: ffffff;
  8647: 0;
  8648: 0;
  8649: 0;
  8650: 0;
  8651: 0;
  8652: 0;
  8653: 0;
  8654: 0;
  8655: 0;
  8656: 0;
  8657: 0;
  8658: 0;
  8659: 0;
  8660: 0;
  8661: ffffff;
  8662: ffffff;
  8663: ffffff;
  8664: ffffff;
  8665: 0;
  8666: 0;
  8667: 0;
  8668: 0;
  8669: 0;
  8670: 0;
  8671: 0;
  8672: 0;
  8673: 0;
  8674: 0;
  8675: ffffff;
  8676: ffffff;
  8677: fefefe;
  8678: ffffff;
  8679: fefefe;
  8680: ffffff;
  8681: ffffff;
  8682: ffffff;
  8683: ffffff;
  8684: ffffff;
  8685: ffffff;
  8686: ffffff;
  8687: ffffff;
  8688: ffffff;
  8689: ffffff;
  8690: ffffff;
  8691: ffffff;
  8692: ffffff;
  8693: ffffff;
  8694: ffffff;
  8695: ffffff;
  8696: ffffff;
  8697: ffffff;
  8698: ffffff;
  8699: ffffff;
  8700: ffffff;
  8701: ffffff;
  8702: ffffff;
  8703: ffffff;
  8704: ffffff;
  8705: ffffff;
  8706: ffffff;
  8707: ffffff;
  8708: ffffff;
  8709: ffffff;
  8710: ffffff;
  8711: ffffff;
  8712: ffffff;
  8713: ffffff;
  8714: ffffff;
  8715: ffffff;
  8716: ffffff;
  8717: ffffff;
  8718: ffffff;
  8719: ffffff;
  8720: ffffff;
  8721: ffffff;
  8722: ffffff;
  8723: ffffff;
  8724: ffffff;
  8725: ffffff;
  8726: ffffff;
  8727: ffffff;
  8728: ffffff;
  8729: ffffff;
  8730: ffffff;
  8731: ffffff;
  8732: ffffff;
  8733: ffffff;
  8734: ffffff;
  8735: ffffff;
  8736: ffffff;
  8737: ffffff;
  8738: ffffff;
  8739: ffffff;
  8740: ffffff;
  8741: 0;
  8742: 0;
  8743: 0;
  8744: 0;
  8745: 0;
  8746: 0;
  8747: 0;
  8748: 0;
  8749: 0;
  8750: 0;
  8751: 0;
  8752: 0;
  8753: 0;
  8754: 0;
  8755: 0;
  8756: 0;
  8757: 0;
  8758: 0;
  8759: 0;
  8760: 0;
  8761: 0;
  8762: 0;
  8763: 0;
  8764: 0;
  8765: ffffff;
  8766: ffffff;
  8767: ffffff;
  8768: ffffff;
  8769: ffffff;
  8770: 0;
  8771: 0;
  8772: 0;
  8773: 0;
  8774: 0;
  8775: 0;
  8776: 0;
  8777: 0;
  8778: 0;
  8779: 0;
  8780: 0;
  8781: 0;
  8782: 0;
  8783: 0;
  8784: 0;
  8785: 0;
  8786: 0;
  8787: 0;
  8788: ffffff;
  8789: ffffff;
  8790: ffffff;
  8791: ffffff;
  8792: ffffff;
  8793: 0;
  8794: 0;
  8795: 0;
  8796: 0;
  8797: 0;
  8798: 0;
  8799: 0;
  8800: 10101;
  8801: 0;
  8802: 0;
  8803: ffffff;
  8804: ffffff;
  8805: ffffff;
  8806: ffffff;
  8807: ffffff;
  8808: ffffff;
  8809: ffffff;
  8810: ffffff;
  8811: ffffff;
  8812: ffffff;
  8813: ffffff;
  8814: ffffff;
  8815: ffffff;
  8816: ffffff;
  8817: ffffff;
  8818: ffffff;
  8819: ffffff;
  8820: ffffff;
  8821: ffffff;
  8822: ffffff;
  8823: ffffff;
  8824: ffffff;
  8825: ffffff;
  8826: ffffff;
  8827: ffffff;
  8828: ffffff;
  8829: ffffff;
  8830: ffffff;
  8831: ffffff;
  8832: ffffff;
  8833: ffffff;
  8834: ffffff;
  8835: ffffff;
  8836: ffffff;
  8837: ffffff;
  8838: ffffff;
  8839: ffffff;
  8840: ffffff;
  8841: ffffff;
  8842: ffffff;
  8843: ffffff;
  8844: ffffff;
  8845: ffffff;
  8846: ffffff;
  8847: ffffff;
  8848: ffffff;
  8849: ffffff;
  8850: ffffff;
  8851: ffffff;
  8852: ffffff;
  8853: ffffff;
  8854: ffffff;
  8855: ffffff;
  8856: ffffff;
  8857: ffffff;
  8858: ffffff;
  8859: ffffff;
  8860: ffffff;
  8861: ffffff;
  8862: ffffff;
  8863: ffffff;
  8864: ffffff;
  8865: ffffff;
  8866: ffffff;
  8867: ffffff;
  8868: ffffff;
  8869: ffffff;
  8870: 0;
  8871: 0;
  8872: 0;
  8873: 0;
  8874: 0;
  8875: 0;
  8876: 0;
  8877: 0;
  8878: 0;
  8879: 0;
  8880: 0;
  8881: 0;
  8882: 0;
  8883: 0;
  8884: 10101;
  8885: 0;
  8886: 0;
  8887: 0;
  8888: 0;
  8889: 0;
  8890: 0;
  8891: 0;
  8892: 0;
  8893: 0;
  8894: 0;
  8895: 0;
  8896: 0;
  8897: 0;
  8898: 0;
  8899: 0;
  8900: 0;
  8901: 0;
  8902: 0;
  8903: 0;
  8904: 0;
  8905: 0;
  8906: 0;
  8907: 0;
  8908: 0;
  8909: 0;
  8910: 0;
  8911: 0;
  8912: 0;
  8913: 0;
  8914: 0;
  8915: ffffff;
  8916: ffffff;
  8917: ffffff;
  8918: ffffff;
  8919: ffffff;
  8920: ffffff;
  8921: 0;
  8922: 0;
  8923: 0;
  8924: 0;
  8925: 0;
  8926: 0;
  8927: 0;
  8928: 0;
  8929: 0;
  8930: 0;
  8931: ffffff;
  8932: ffffff;
  8933: ffffff;
  8934: ffffff;
  8935: ffffff;
  8936: ffffff;
  8937: ffffff;
  8938: ffffff;
  8939: ffffff;
  8940: ffffff;
  8941: ffffff;
  8942: ffffff;
  8943: ffffff;
  8944: ffffff;
  8945: ffffff;
  8946: ffffff;
  8947: ffffff;
  8948: ffffff;
  8949: ffffff;
  8950: ffffff;
  8951: ffffff;
  8952: ffffff;
  8953: ffffff;
  8954: ffffff;
  8955: ffffff;
  8956: ffffff;
  8957: ffffff;
  8958: ffffff;
  8959: ffffff;
  8960: ffffff;
  8961: ffffff;
  8962: ffffff;
  8963: ffffff;
  8964: ffffff;
  8965: ffffff;
  8966: ffffff;
  8967: ffffff;
  8968: ffffff;
  8969: ffffff;
  8970: ffffff;
  8971: ffffff;
  8972: ffffff;
  8973: ffffff;
  8974: ffffff;
  8975: ffffff;
  8976: ffffff;
  8977: ffffff;
  8978: ffffff;
  8979: ffffff;
  8980: ffffff;
  8981: ffffff;
  8982: ffffff;
  8983: ffffff;
  8984: ffffff;
  8985: ffffff;
  8986: ffffff;
  8987: ffffff;
  8988: ffffff;
  8989: ffffff;
  8990: ffffff;
  8991: ffffff;
  8992: ffffff;
  8993: ffffff;
  8994: ffffff;
  8995: ffffff;
  8996: ffffff;
  8997: ffffff;
  8998: ffffff;
  8999: 0;
  9000: 0;
  9001: 0;
  9002: 0;
  9003: 0;
  9004: 0;
  9005: 0;
  9006: 0;
  9007: 0;
  9008: 0;
  9009: 0;
  9010: 10101;
  9011: 0;
  9012: 0;
  9013: 0;
  9014: 0;
  9015: 0;
  9016: 10101;
  9017: 0;
  9018: 0;
  9019: 0;
  9020: 0;
  9021: 0;
  9022: 0;
  9023: 10101;
  9024: 0;
  9025: 0;
  9026: 0;
  9027: 0;
  9028: 0;
  9029: 0;
  9030: 0;
  9031: 0;
  9032: 0;
  9033: 0;
  9034: 0;
  9035: 0;
  9036: 0;
  9037: 0;
  9038: 0;
  9039: 0;
  9040: 0;
  9041: 0;
  9042: ffffff;
  9043: ffffff;
  9044: fefefe;
  9045: ffffff;
  9046: ffffff;
  9047: ffffff;
  9048: ffffff;
  9049: 0;
  9050: 0;
  9051: 0;
  9052: 0;
  9053: 0;
  9054: 0;
  9055: 0;
  9056: 0;
  9057: 0;
  9058: 0;
  9059: ffffff;
  9060: ffffff;
  9061: ffffff;
  9062: ffffff;
  9063: ffffff;
  9064: ffffff;
  9065: ffffff;
  9066: ffffff;
  9067: ffffff;
  9068: ffffff;
  9069: ffffff;
  9070: ffffff;
  9071: ffffff;
  9072: ffffff;
  9073: ffffff;
  9074: ffffff;
  9075: ffffff;
  9076: ffffff;
  9077: ffffff;
  9078: ffffff;
  9079: ffffff;
  9080: ffffff;
  9081: ffffff;
  9082: ffffff;
  9083: ffffff;
  9084: ffffff;
  9085: ffffff;
  9086: ffffff;
  9087: ffffff;
  9088: ffffff;
  9089: ffffff;
  9090: ffffff;
  9091: ffffff;
  9092: ffffff;
  9093: ffffff;
  9094: ffffff;
  9095: ffffff;
  9096: ffffff;
  9097: ffffff;
  9098: ffffff;
  9099: ffffff;
  9100: ffffff;
  9101: ffffff;
  9102: ffffff;
  9103: ffffff;
  9104: ffffff;
  9105: ffffff;
  9106: ffffff;
  9107: ffffff;
  9108: ffffff;
  9109: ffffff;
  9110: ffffff;
  9111: ffffff;
  9112: ffffff;
  9113: ffffff;
  9114: ffffff;
  9115: ffffff;
  9116: ffffff;
  9117: ffffff;
  9118: ffffff;
  9119: ffffff;
  9120: ffffff;
  9121: ffffff;
  9122: ffffff;
  9123: ffffff;
  9124: ffffff;
  9125: ffffff;
  9126: ffffff;
  9127: ffffff;
  9128: 0;
  9129: 0;
  9130: 0;
  9131: 0;
  9132: 0;
  9133: 0;
  9134: 0;
  9135: 0;
  9136: 0;
  9137: 0;
  9138: 0;
  9139: 0;
  9140: 0;
  9141: 0;
  9142: 0;
  9143: 0;
  9144: 0;
  9145: 0;
  9146: 0;
  9147: 0;
  9148: 0;
  9149: 0;
  9150: 0;
  9151: 0;
  9152: 0;
  9153: 0;
  9154: 0;
  9155: 0;
  9156: 0;
  9157: 0;
  9158: 0;
  9159: 0;
  9160: 0;
  9161: 0;
  9162: 0;
  9163: 0;
  9164: 0;
  9165: 0;
  9166: 0;
  9167: 0;
  9168: 0;
  9169: ffffff;
  9170: ffffff;
  9171: ffffff;
  9172: ffffff;
  9173: ffffff;
  9174: ffffff;
  9175: fefefe;
  9176: ffffff;
  9177: 0;
  9178: 0;
  9179: 0;
  9180: 0;
  9181: 0;
  9182: 0;
  9183: 0;
  9184: 0;
  9185: 0;
  9186: 0;
  9187: ffffff;
  9188: ffffff;
  9189: ffffff;
  9190: ffffff;
  9191: ffffff;
  9192: ffffff;
  9193: ffffff;
  9194: ffffff;
  9195: ffffff;
  9196: ffffff;
  9197: ffffff;
  9198: ffffff;
  9199: ffffff;
  9200: ffffff;
  9201: ffffff;
  9202: ffffff;
  9203: ffffff;
  9204: ffffff;
  9205: ffffff;
  9206: ffffff;
  9207: ffffff;
  9208: ffffff;
  9209: ffffff;
  9210: ffffff;
  9211: ffffff;
  9212: ffffff;
  9213: ffffff;
  9214: ffffff;
  9215: ffffff;
  9216: ffffff;
  9217: ffffff;
  9218: ffffff;
  9219: ffffff;
  9220: ffffff;
  9221: ffffff;
  9222: ffffff;
  9223: ffffff;
  9224: ffffff;
  9225: ffffff;
  9226: ffffff;
  9227: ffffff;
  9228: ffffff;
  9229: ffffff;
  9230: ffffff;
  9231: ffffff;
  9232: ffffff;
  9233: ffffff;
  9234: ffffff;
  9235: ffffff;
  9236: ffffff;
  9237: ffffff;
  9238: ffffff;
  9239: ffffff;
  9240: ffffff;
  9241: ffffff;
  9242: ffffff;
  9243: ffffff;
  9244: ffffff;
  9245: ffffff;
  9246: ffffff;
  9247: ffffff;
  9248: ffffff;
  9249: ffffff;
  9250: ffffff;
  9251: ffffff;
  9252: ffffff;
  9253: ffffff;
  9254: ffffff;
  9255: ffffff;
  9256: ffffff;
  9257: ffffff;
  9258: 0;
  9259: 0;
  9260: 0;
  9261: 0;
  9262: 0;
  9263: 0;
  9264: 0;
  9265: 0;
  9266: 0;
  9267: 0;
  9268: 0;
  9269: 0;
  9270: 0;
  9271: 10101;
  9272: 0;
  9273: 0;
  9274: 0;
  9275: 0;
  9276: 0;
  9277: 0;
  9278: 0;
  9279: 0;
  9280: 0;
  9281: 0;
  9282: 0;
  9283: 0;
  9284: 10101;
  9285: 0;
  9286: 0;
  9287: 0;
  9288: 10101;
  9289: 0;
  9290: 0;
  9291: 0;
  9292: 0;
  9293: 0;
  9294: 0;
  9295: 0;
  9296: ffffff;
  9297: ffffff;
  9298: ffffff;
  9299: ffffff;
  9300: ffffff;
  9301: ffffff;
  9302: ffffff;
  9303: ffffff;
  9304: ffffff;
  9305: 0;
  9306: 0;
  9307: 0;
  9308: 0;
  9309: 0;
  9310: 0;
  9311: 0;
  9312: 0;
  9313: 0;
  9314: 0;
  9315: ffffff;
  9316: ffffff;
  9317: ffffff;
  9318: ffffff;
  9319: ffffff;
  9320: ffffff;
  9321: ffffff;
  9322: ffffff;
  9323: ffffff;
  9324: ffffff;
  9325: ffffff;
  9326: ffffff;
  9327: ffffff;
  9328: ffffff;
  9329: ffffff;
  9330: ffffff;
  9331: ffffff;
  9332: ffffff;
  9333: ffffff;
  9334: ffffff;
  9335: ffffff;
  9336: ffffff;
  9337: ffffff;
  9338: ffffff;
  9339: ffffff;
  9340: ffffff;
  9341: ffffff;
  9342: ffffff;
  9343: ffffff;
  9344: ffffff;
  9345: ffffff;
  9346: ffffff;
  9347: ffffff;
  9348: ffffff;
  9349: ffffff;
  9350: ffffff;
  9351: ffffff;
  9352: ffffff;
  9353: ffffff;
  9354: ffffff;
  9355: ffffff;
  9356: ffffff;
  9357: ffffff;
  9358: ffffff;
  9359: ffffff;
  9360: ffffff;
  9361: ffffff;
  9362: ffffff;
  9363: ffffff;
  9364: ffffff;
  9365: ffffff;
  9366: ffffff;
  9367: ffffff;
  9368: ffffff;
  9369: ffffff;
  9370: ffffff;
  9371: ffffff;
  9372: ffffff;
  9373: ffffff;
  9374: ffffff;
  9375: ffffff;
  9376: ffffff;
  9377: ffffff;
  9378: ffffff;
  9379: ffffff;
  9380: ffffff;
  9381: ffffff;
  9382: ffffff;
  9383: ffffff;
  9384: ffffff;
  9385: ffffff;
  9386: ffffff;
  9387: 0;
  9388: 0;
  9389: 0;
  9390: 0;
  9391: 0;
  9392: 10101;
  9393: 10101;
  9394: 0;
  9395: 0;
  9396: 10101;
  9397: 0;
  9398: 0;
  9399: 0;
  9400: 0;
  9401: 0;
  9402: 0;
  9403: 0;
  9404: 0;
  9405: 0;
  9406: 0;
  9407: 0;
  9408: 0;
  9409: 0;
  9410: 0;
  9411: 0;
  9412: 0;
  9413: 0;
  9414: 0;
  9415: 0;
  9416: 10101;
  9417: 0;
  9418: 0;
  9419: 0;
  9420: 0;
  9421: 0;
  9422: ffffff;
  9423: ffffff;
  9424: ffffff;
  9425: ffffff;
  9426: ffffff;
  9427: ffffff;
  9428: ffffff;
  9429: ffffff;
  9430: ffffff;
  9431: ffffff;
  9432: 0;
  9433: 0;
  9434: 0;
  9435: 0;
  9436: 0;
  9437: 0;
  9438: 0;
  9439: 0;
  9440: 0;
  9441: 0;
  9442: 0;
  9443: ffffff;
  9444: ffffff;
  9445: ffffff;
  9446: ffffff;
  9447: ffffff;
  9448: ffffff;
  9449: ffffff;
  9450: ffffff;
  9451: ffffff;
  9452: ffffff;
  9453: ffffff;
  9454: ffffff;
  9455: ffffff;
  9456: ffffff;
  9457: ffffff;
  9458: ffffff;
  9459: ffffff;
  9460: ffffff;
  9461: ffffff;
  9462: ffffff;
  9463: ffffff;
  9464: ffffff;
  9465: ffffff;
  9466: ffffff;
  9467: ffffff;
  9468: ffffff;
  9469: ffffff;
  9470: ffffff;
  9471: ffffff;
  9472: ffffff;
  9473: ffffff;
  9474: ffffff;
  9475: ffffff;
  9476: ffffff;
  9477: ffffff;
  9478: ffffff;
  9479: ffffff;
  9480: ffffff;
  9481: ffffff;
  9482: ffffff;
  9483: ffffff;
  9484: ffffff;
  9485: ffffff;
  9486: ffffff;
  9487: ffffff;
  9488: ffffff;
  9489: ffffff;
  9490: ffffff;
  9491: ffffff;
  9492: ffffff;
  9493: ffffff;
  9494: ffffff;
  9495: ffffff;
  9496: ffffff;
  9497: ffffff;
  9498: ffffff;
  9499: ffffff;
  9500: ffffff;
  9501: ffffff;
  9502: ffffff;
  9503: ffffff;
  9504: ffffff;
  9505: ffffff;
  9506: ffffff;
  9507: ffffff;
  9508: ffffff;
  9509: ffffff;
  9510: ffffff;
  9511: ffffff;
  9512: ffffff;
  9513: ffffff;
  9514: ffffff;
  9515: ffffff;
  9516: ffffff;
  9517: 0;
  9518: 0;
  9519: 0;
  9520: 0;
  9521: 0;
  9522: 0;
  9523: 0;
  9524: 0;
  9525: 0;
  9526: 0;
  9527: 0;
  9528: 0;
  9529: 0;
  9530: 0;
  9531: 0;
  9532: 0;
  9533: 0;
  9534: 0;
  9535: 0;
  9536: 0;
  9537: 0;
  9538: 0;
  9539: 0;
  9540: 0;
  9541: 0;
  9542: 0;
  9543: 0;
  9544: 0;
  9545: 0;
  9546: 0;
  9547: 0;
  9548: 0;
  9549: ffffff;
  9550: ffffff;
  9551: ffffff;
  9552: ffffff;
  9553: ffffff;
  9554: ffffff;
  9555: ffffff;
  9556: ffffff;
  9557: ffffff;
  9558: ffffff;
  9559: ffffff;
  9560: 0;
  9561: 0;
  9562: 0;
  9563: 0;
  9564: 0;
  9565: 0;
  9566: 0;
  9567: 0;
  9568: 0;
  9569: 0;
  9570: 0;
  9571: ffffff;
  9572: ffffff;
  9573: ffffff;
  9574: ffffff;
  9575: ffffff;
  9576: ffffff;
  9577: ffffff;
  9578: ffffff;
  9579: ffffff;
  9580: ffffff;
  9581: ffffff;
  9582: ffffff;
  9583: ffffff;
  9584: ffffff;
  9585: ffffff;
  9586: ffffff;
  9587: ffffff;
  9588: ffffff;
  9589: ffffff;
  9590: ffffff;
  9591: ffffff;
  9592: ffffff;
  9593: ffffff;
  9594: ffffff;
  9595: ffffff;
  9596: ffffff;
  9597: ffffff;
  9598: ffffff;
  9599: ffffff;
  9600: ffffff;
  9601: ffffff;
  9602: ffffff;
  9603: ffffff;
  9604: ffffff;
  9605: ffffff;
  9606: ffffff;
  9607: ffffff;
  9608: ffffff;
  9609: ffffff;
  9610: ffffff;
  9611: ffffff;
  9612: ffffff;
  9613: ffffff;
  9614: ffffff;
  9615: ffffff;
  9616: ffffff;
  9617: ffffff;
  9618: ffffff;
  9619: ffffff;
  9620: ffffff;
  9621: ffffff;
  9622: ffffff;
  9623: ffffff;
  9624: ffffff;
  9625: ffffff;
  9626: ffffff;
  9627: ffffff;
  9628: ffffff;
  9629: ffffff;
  9630: ffffff;
  9631: ffffff;
  9632: ffffff;
  9633: ffffff;
  9634: ffffff;
  9635: ffffff;
  9636: ffffff;
  9637: ffffff;
  9638: ffffff;
  9639: ffffff;
  9640: ffffff;
  9641: ffffff;
  9642: ffffff;
  9643: ffffff;
  9644: ffffff;
  9645: ffffff;
  9646: ffffff;
  9647: 0;
  9648: 0;
  9649: 0;
  9650: 0;
  9651: 0;
  9652: 0;
  9653: 0;
  9654: 0;
  9655: 0;
  9656: 0;
  9657: 0;
  9658: 0;
  9659: 0;
  9660: 0;
  9661: 0;
  9662: 0;
  9663: 0;
  9664: 0;
  9665: 0;
  9666: 0;
  9667: 0;
  9668: 0;
  9669: 0;
  9670: 0;
  9671: 0;
  9672: 0;
  9673: 0;
  9674: 0;
  9675: ffffff;
  9676: ffffff;
  9677: ffffff;
  9678: ffffff;
  9679: ffffff;
  9680: ffffff;
  9681: ffffff;
  9682: ffffff;
  9683: ffffff;
  9684: ffffff;
  9685: ffffff;
  9686: ffffff;
  9687: ffffff;
  9688: 0;
  9689: 0;
  9690: 0;
  9691: 0;
  9692: 0;
  9693: 0;
  9694: 0;
  9695: 0;
  9696: 0;
  9697: 0;
  9698: 0;
  9699: ffffff;
  9700: ffffff;
  9701: ffffff;
  9702: ffffff;
  9703: ffffff;
  9704: ffffff;
  9705: ffffff;
  9706: ffffff;
  9707: ffffff;
  9708: ffffff;
  9709: ffffff;
  9710: ffffff;
  9711: ffffff;
  9712: ffffff;
  9713: ffffff;
  9714: ffffff;
  9715: ffffff;
  9716: ffffff;
  9717: ffffff;
  9718: ffffff;
  9719: ffffff;
  9720: ffffff;
  9721: ffffff;
  9722: ffffff;
  9723: ffffff;
  9724: ffffff;
  9725: ffffff;
  9726: ffffff;
  9727: ffffff;
  9728: ffffff;
  9729: ffffff;
  9730: ffffff;
  9731: ffffff;
  9732: ffffff;
  9733: ffffff;
  9734: ffffff;
  9735: ffffff;
  9736: ffffff;
  9737: ffffff;
  9738: ffffff;
  9739: ffffff;
  9740: ffffff;
  9741: ffffff;
  9742: ffffff;
  9743: ffffff;
  9744: ffffff;
  9745: ffffff;
  9746: ffffff;
  9747: ffffff;
  9748: ffffff;
  9749: ffffff;
  9750: ffffff;
  9751: ffffff;
  9752: ffffff;
  9753: ffffff;
  9754: ffffff;
  9755: ffffff;
  9756: ffffff;
  9757: ffffff;
  9758: ffffff;
  9759: ffffff;
  9760: ffffff;
  9761: ffffff;
  9762: ffffff;
  9763: ffffff;
  9764: ffffff;
  9765: ffffff;
  9766: ffffff;
  9767: ffffff;
  9768: ffffff;
  9769: ffffff;
  9770: ffffff;
  9771: ffffff;
  9772: ffffff;
  9773: ffffff;
  9774: ffffff;
  9775: ffffff;
  9776: ffffff;
  9777: ffffff;
  9778: 0;
  9779: 0;
  9780: 0;
  9781: 0;
  9782: 0;
  9783: 0;
  9784: 0;
  9785: 0;
  9786: 0;
  9787: 0;
  9788: 0;
  9789: 0;
  9790: 0;
  9791: 0;
  9792: 10101;
  9793: 0;
  9794: 0;
  9795: 0;
  9796: 0;
  9797: 0;
  9798: 0;
  9799: 10101;
  9800: ffffff;
  9801: ffffff;
  9802: ffffff;
  9803: ffffff;
  9804: ffffff;
  9805: ffffff;
  9806: ffffff;
  9807: ffffff;
  9808: ffffff;
  9809: ffffff;
  9810: ffffff;
  9811: ffffff;
  9812: ffffff;
  9813: ffffff;
  9814: ffffff;
  9815: ffffff;
  9816: 0;
  9817: 0;
  9818: 0;
  9819: 0;
  9820: 0;
  9821: 0;
  9822: 0;
  9823: 10101;
  9824: 0;
  9825: 0;
  9826: ffffff;
  9827: ffffff;
  9828: ffffff;
  9829: ffffff;
  9830: ffffff;
  9831: ffffff;
  9832: ffffff;
  9833: ffffff;
  9834: ffffff;
  9835: ffffff;
  9836: ffffff;
  9837: ffffff;
  9838: ffffff;
  9839: ffffff;
  9840: ffffff;
  9841: ffffff;
  9842: ffffff;
  9843: ffffff;
  9844: ffffff;
  9845: ffffff;
  9846: ffffff;
  9847: ffffff;
  9848: ffffff;
  9849: ffffff;
  9850: ffffff;
  9851: ffffff;
  9852: ffffff;
  9853: ffffff;
  9854: ffffff;
  9855: ffffff;
  9856: ffffff;
  9857: ffffff;
  9858: ffffff;
  9859: ffffff;
  9860: ffffff;
  9861: ffffff;
  9862: ffffff;
  9863: ffffff;
  9864: ffffff;
  9865: ffffff;
  9866: ffffff;
  9867: ffffff;
  9868: ffffff;
  9869: ffffff;
  9870: ffffff;
  9871: ffffff;
  9872: ffffff;
  9873: ffffff;
  9874: ffffff;
  9875: ffffff;
  9876: ffffff;
  9877: ffffff;
  9878: ffffff;
  9879: ffffff;
  9880: ffffff;
  9881: ffffff;
  9882: ffffff;
  9883: ffffff;
  9884: ffffff;
  9885: ffffff;
  9886: ffffff;
  9887: ffffff;
  9888: ffffff;
  9889: ffffff;
  9890: ffffff;
  9891: ffffff;
  9892: ffffff;
  9893: ffffff;
  9894: ffffff;
  9895: ffffff;
  9896: ffffff;
  9897: ffffff;
  9898: ffffff;
  9899: ffffff;
  9900: ffffff;
  9901: ffffff;
  9902: ffffff;
  9903: ffffff;
  9904: ffffff;
  9905: ffffff;
  9906: ffffff;
  9907: ffffff;
  9908: ffffff;
  9909: 0;
  9910: 0;
  9911: 0;
  9912: 0;
  9913: 0;
  9914: 0;
  9915: 0;
  9916: 0;
  9917: 0;
  9918: 0;
  9919: 0;
  9920: 0;
  9921: 0;
  9922: 0;
  9923: 0;
  9924: 0;
  9925: ffffff;
  9926: ffffff;
  9927: ffffff;
  9928: ffffff;
  9929: ffffff;
  9930: ffffff;
  9931: ffffff;
  9932: ffffff;
  9933: ffffff;
  9934: ffffff;
  9935: ffffff;
  9936: ffffff;
  9937: ffffff;
  9938: ffffff;
  9939: ffffff;
  9940: ffffff;
  9941: ffffff;
  9942: ffffff;
  9943: ffffff;
  9944: 0;
  9945: 0;
  9946: 0;
  9947: 0;
  9948: 0;
  9949: 0;
  9950: 0;
  9951: 0;
  9952: 0;
  9953: 0;
  9954: ffffff;
  9955: ffffff;
  9956: ffffff;
  9957: ffffff;
  9958: ffffff;
  9959: ffffff;
  9960: ffffff;
  9961: ffffff;
  9962: ffffff;
  9963: ffffff;
  9964: ffffff;
  9965: ffffff;
  9966: ffffff;
  9967: ffffff;
  9968: ffffff;
  9969: ffffff;
  9970: ffffff;
  9971: ffffff;
  9972: ffffff;
  9973: ffffff;
  9974: ffffff;
  9975: ffffff;
  9976: ffffff;
  9977: ffffff;
  9978: ffffff;
  9979: ffffff;
  9980: ffffff;
  9981: ffffff;
  9982: ffffff;
  9983: ffffff;
  9984: ffffff;
  9985: ffffff;
  9986: ffffff;
  9987: ffffff;
  9988: ffffff;
  9989: ffffff;
  9990: ffffff;
  9991: ffffff;
  9992: ffffff;
  9993: ffffff;
  9994: ffffff;
  9995: ffffff;
  9996: ffffff;
  9997: ffffff;
  9998: ffffff;
  9999: ffffff;
  10000: ffffff;
  10001: ffffff;
  10002: ffffff;
  10003: ffffff;
  10004: ffffff;
  10005: ffffff;
  10006: ffffff;
  10007: ffffff;
  10008: ffffff;
  10009: ffffff;
  10010: ffffff;
  10011: ffffff;
  10012: ffffff;
  10013: ffffff;
  10014: ffffff;
  10015: ffffff;
  10016: ffffff;
  10017: ffffff;
  10018: ffffff;
  10019: ffffff;
  10020: ffffff;
  10021: ffffff;
  10022: ffffff;
  10023: ffffff;
  10024: ffffff;
  10025: ffffff;
  10026: ffffff;
  10027: ffffff;
  10028: ffffff;
  10029: ffffff;
  10030: ffffff;
  10031: ffffff;
  10032: fefefe;
  10033: ffffff;
  10034: ffffff;
  10035: ffffff;
  10036: ffffff;
  10037: ffffff;
  10038: ffffff;
  10039: ffffff;
  10040: ffffff;
  10041: ffffff;
  10042: ffffff;
  10043: ffffff;
  10044: ffffff;
  10045: ffffff;
  10046: ffffff;
  10047: ffffff;
  10048: ffffff;
  10049: ffffff;
  10050: ffffff;
  10051: ffffff;
  10052: ffffff;
  10053: ffffff;
  10054: ffffff;
  10055: ffffff;
  10056: ffffff;
  10057: ffffff;
  10058: ffffff;
  10059: ffffff;
  10060: ffffff;
  10061: ffffff;
  10062: ffffff;
  10063: ffffff;
  10064: ffffff;
  10065: ffffff;
  10066: ffffff;
  10067: ffffff;
  10068: ffffff;
  10069: ffffff;
  10070: ffffff;
  10071: ffffff;
  10072: 0;
  10073: 0;
  10074: 0;
  10075: 0;
  10076: 0;
  10077: 0;
  10078: 0;
  10079: 0;
  10080: 0;
  10081: 0;
  10082: ffffff;
  10083: ffffff;
  10084: ffffff;
  10085: ffffff;
  10086: ffffff;
  10087: ffffff;
  10088: ffffff;
  10089: ffffff;
  10090: ffffff;
  10091: ffffff;
  10092: ffffff;
  10093: ffffff;
  10094: ffffff;
  10095: ffffff;
  10096: ffffff;
  10097: ffffff;
  10098: ffffff;
  10099: ffffff;
  10100: ffffff;
  10101: ffffff;
  10102: ffffff;
  10103: ffffff;
  10104: ffffff;
  10105: ffffff;
  10106: ffffff;
  10107: ffffff;
  10108: ffffff;
  10109: ffffff;
  10110: ffffff;
  10111: ffffff;
  10112: ffffff;
  10113: ffffff;
  10114: ffffff;
  10115: ffffff;
  10116: ffffff;
  10117: ffffff;
  10118: ffffff;
  10119: ffffff;
  10120: ffffff;
  10121: ffffff;
  10122: ffffff;
  10123: ffffff;
  10124: ffffff;
  10125: ffffff;
  10126: ffffff;
  10127: ffffff;
  10128: ffffff;
  10129: ffffff;
  10130: ffffff;
  10131: ffffff;
  10132: ffffff;
  10133: ffffff;
  10134: ffffff;
  10135: ffffff;
  10136: ffffff;
  10137: ffffff;
  10138: ffffff;
  10139: ffffff;
  10140: ffffff;
  10141: ffffff;
  10142: ffffff;
  10143: ffffff;
  10144: ffffff;
  10145: ffffff;
  10146: ffffff;
  10147: ffffff;
  10148: ffffff;
  10149: ffffff;
  10150: ffffff;
  10151: ffffff;
  10152: fefefe;
  10153: ffffff;
  10154: ffffff;
  10155: ffffff;
  10156: ffffff;
  10157: ffffff;
  10158: ffffff;
  10159: ffffff;
  10160: ffffff;
  10161: ffffff;
  10162: ffffff;
  10163: ffffff;
  10164: ffffff;
  10165: ffffff;
  10166: ffffff;
  10167: ffffff;
  10168: ffffff;
  10169: ffffff;
  10170: ffffff;
  10171: ffffff;
  10172: ffffff;
  10173: ffffff;
  10174: ffffff;
  10175: ffffff;
  10176: ffffff;
  10177: ffffff;
  10178: ffffff;
  10179: ffffff;
  10180: ffffff;
  10181: ffffff;
  10182: ffffff;
  10183: ffffff;
  10184: ffffff;
  10185: ffffff;
  10186: ffffff;
  10187: ffffff;
  10188: ffffff;
  10189: ffffff;
  10190: ffffff;
  10191: ffffff;
  10192: ffffff;
  10193: ffffff;
  10194: ffffff;
  10195: ffffff;
  10196: ffffff;
  10197: ffffff;
  10198: ffffff;
  10199: ffffff;
  10200: 0;
  10201: 0;
  10202: 0;
  10203: 0;
  10204: 0;
  10205: 0;
  10206: 0;
  10207: 0;
  10208: 0;
  10209: 0;
  10210: ffffff;
  10211: ffffff;
  10212: ffffff;
  10213: ffffff;
  10214: ffffff;
  10215: ffffff;
  10216: ffffff;
  10217: ffffff;
  10218: ffffff;
  10219: ffffff;
  10220: ffffff;
  10221: ffffff;
  10222: ffffff;
  10223: ffffff;
  10224: ffffff;
  10225: ffffff;
  10226: ffffff;
  10227: ffffff;
  10228: ffffff;
  10229: ffffff;
  10230: ffffff;
  10231: ffffff;
  10232: ffffff;
  10233: ffffff;
  10234: ffffff;
  10235: ffffff;
  10236: ffffff;
  10237: ffffff;
  10238: ffffff;
  10239: ffffff;
  10240: ffffff;
  10241: ffffff;
  10242: ffffff;
  10243: ffffff;
  10244: ffffff;
  10245: ffffff;
  10246: ffffff;
  10247: ffffff;
  10248: ffffff;
  10249: ffffff;
  10250: ffffff;
  10251: ffffff;
  10252: ffffff;
  10253: ffffff;
  10254: ffffff;
  10255: ffffff;
  10256: ffffff;
  10257: ffffff;
  10258: ffffff;
  10259: ffffff;
  10260: ffffff;
  10261: ffffff;
  10262: ffffff;
  10263: ffffff;
  10264: ffffff;
  10265: ffffff;
  10266: ffffff;
  10267: ffffff;
  10268: ffffff;
  10269: ffffff;
  10270: ffffff;
  10271: ffffff;
  10272: ffffff;
  10273: ffffff;
  10274: ffffff;
  10275: ffffff;
  10276: ffffff;
  10277: ffffff;
  10278: ffffff;
  10279: ffffff;
  10280: ffffff;
  10281: ffffff;
  10282: ffffff;
  10283: ffffff;
  10284: ffffff;
  10285: ffffff;
  10286: ffffff;
  10287: ffffff;
  10288: ffffff;
  10289: ffffff;
  10290: ffffff;
  10291: ffffff;
  10292: ffffff;
  10293: ffffff;
  10294: ffffff;
  10295: ffffff;
  10296: ffffff;
  10297: ffffff;
  10298: ffffff;
  10299: ffffff;
  10300: ffffff;
  10301: ffffff;
  10302: ffffff;
  10303: ffffff;
  10304: ffffff;
  10305: ffffff;
  10306: ffffff;
  10307: ffffff;
  10308: ffffff;
  10309: ffffff;
  10310: ffffff;
  10311: ffffff;
  10312: ffffff;
  10313: ffffff;
  10314: ffffff;
  10315: ffffff;
  10316: ffffff;
  10317: ffffff;
  10318: ffffff;
  10319: ffffff;
  10320: ffffff;
  10321: ffffff;
  10322: ffffff;
  10323: ffffff;
  10324: ffffff;
  10325: ffffff;
  10326: ffffff;
  10327: ffffff;
  10328: 0;
  10329: 0;
  10330: 0;
  10331: 0;
  10332: 0;
  10333: 0;
  10334: 0;
  10335: 0;
  10336: 0;
  10337: 0;
  10338: ffffff;
  10339: ffffff;
  10340: ffffff;
  10341: ffffff;
  10342: ffffff;
  10343: ffffff;
  10344: ffffff;
  10345: ffffff;
  10346: ffffff;
  10347: ffffff;
  10348: ffffff;
  10349: ffffff;
  10350: ffffff;
  10351: ffffff;
  10352: ffffff;
  10353: ffffff;
  10354: ffffff;
  10355: ffffff;
  10356: ffffff;
  10357: ffffff;
  10358: ffffff;
  10359: ffffff;
  10360: ffffff;
  10361: ffffff;
  10362: ffffff;
  10363: ffffff;
  10364: ffffff;
  10365: ffffff;
  10366: ffffff;
  10367: ffffff;
  10368: ffffff;
  10369: ffffff;
  10370: ffffff;
  10371: ffffff;
  10372: ffffff;
  10373: ffffff;
  10374: ffffff;
  10375: ffffff;
  10376: ffffff;
  10377: ffffff;
  10378: ffffff;
  10379: ffffff;
  10380: ffffff;
  10381: ffffff;
  10382: ffffff;
  10383: ffffff;
  10384: ffffff;
  10385: ffffff;
  10386: ffffff;
  10387: ffffff;
  10388: ffffff;
  10389: ffffff;
  10390: ffffff;
  10391: ffffff;
  10392: ffffff;
  10393: ffffff;
  10394: ffffff;
  10395: ffffff;
  10396: ffffff;
  10397: ffffff;
  10398: ffffff;
  10399: ffffff;
  10400: ffffff;
  10401: ffffff;
  10402: ffffff;
  10403: ffffff;
  10404: ffffff;
  10405: ffffff;
  10406: ffffff;
  10407: ffffff;
  10408: ffffff;
  10409: ffffff;
  10410: ffffff;
  10411: ffffff;
  10412: ffffff;
  10413: ffffff;
  10414: ffffff;
  10415: ffffff;
  10416: ffffff;
  10417: ffffff;
  10418: ffffff;
  10419: ffffff;
  10420: ffffff;
  10421: ffffff;
  10422: ffffff;
  10423: ffffff;
  10424: ffffff;
  10425: ffffff;
  10426: ffffff;
  10427: ffffff;
  10428: ffffff;
  10429: ffffff;
  10430: ffffff;
  10431: ffffff;
  10432: ffffff;
  10433: ffffff;
  10434: ffffff;
  10435: ffffff;
  10436: ffffff;
  10437: ffffff;
  10438: ffffff;
  10439: ffffff;
  10440: ffffff;
  10441: ffffff;
  10442: ffffff;
  10443: ffffff;
  10444: ffffff;
  10445: ffffff;
  10446: ffffff;
  10447: ffffff;
  10448: ffffff;
  10449: ffffff;
  10450: ffffff;
  10451: ffffff;
  10452: ffffff;
  10453: ffffff;
  10454: ffffff;
  10455: 0;
  10456: 0;
  10457: 0;
  10458: 0;
  10459: 0;
  10460: 0;
  10461: 0;
  10462: 0;
  10463: 0;
  10464: 10101;
  10465: 0;
  10466: ffffff;
  10467: ffffff;
  10468: ffffff;
  10469: ffffff;
  10470: ffffff;
  10471: ffffff;
  10472: ffffff;
  10473: ffffff;
  10474: ffffff;
  10475: ffffff;
  10476: ffffff;
  10477: ffffff;
  10478: ffffff;
  10479: ffffff;
  10480: ffffff;
  10481: ffffff;
  10482: ffffff;
  10483: ffffff;
  10484: ffffff;
  10485: ffffff;
  10486: ffffff;
  10487: ffffff;
  10488: ffffff;
  10489: ffffff;
  10490: ffffff;
  10491: ffffff;
  10492: ffffff;
  10493: ffffff;
  10494: ffffff;
  10495: ffffff;
  10496: ffffff;
  10497: ffffff;
  10498: ffffff;
  10499: ffffff;
  10500: ffffff;
  10501: ffffff;
  10502: ffffff;
  10503: ffffff;
  10504: ffffff;
  10505: ffffff;
  10506: ffffff;
  10507: ffffff;
  10508: ffffff;
  10509: ffffff;
  10510: ffffff;
  10511: ffffff;
  10512: ffffff;
  10513: ffffff;
  10514: ffffff;
  10515: ffffff;
  10516: ffffff;
  10517: ffffff;
  10518: ffffff;
  10519: ffffff;
  10520: ffffff;
  10521: ffffff;
  10522: ffffff;
  10523: ffffff;
  10524: ffffff;
  10525: ffffff;
  10526: ffffff;
  10527: ffffff;
  10528: ffffff;
  10529: ffffff;
  10530: ffffff;
  10531: ffffff;
  10532: ffffff;
  10533: ffffff;
  10534: ffffff;
  10535: ffffff;
  10536: ffffff;
  10537: ffffff;
  10538: ffffff;
  10539: ffffff;
  10540: ffffff;
  10541: ffffff;
  10542: ffffff;
  10543: ffffff;
  10544: ffffff;
  10545: ffffff;
  10546: ffffff;
  10547: ffffff;
  10548: ffffff;
  10549: ffffff;
  10550: ffffff;
  10551: ffffff;
  10552: ffffff;
  10553: ffffff;
  10554: ffffff;
  10555: ffffff;
  10556: ffffff;
  10557: ffffff;
  10558: ffffff;
  10559: ffffff;
  10560: ffffff;
  10561: ffffff;
  10562: ffffff;
  10563: ffffff;
  10564: ffffff;
  10565: ffffff;
  10566: ffffff;
  10567: ffffff;
  10568: ffffff;
  10569: ffffff;
  10570: ffffff;
  10571: ffffff;
  10572: ffffff;
  10573: ffffff;
  10574: ffffff;
  10575: ffffff;
  10576: ffffff;
  10577: ffffff;
  10578: ffffff;
  10579: ffffff;
  10580: ffffff;
  10581: fefefe;
  10582: ffffff;
  10583: 0;
  10584: 0;
  10585: 0;
  10586: 0;
  10587: 0;
  10588: 0;
  10589: 0;
  10590: 0;
  10591: 0;
  10592: 0;
  10593: ffffff;
  10594: ffffff;
  10595: ffffff;
  10596: ffffff;
  10597: ffffff;
  10598: ffffff;
  10599: ffffff;
  10600: ffffff;
  10601: ffffff;
  10602: ffffff;
  10603: ffffff;
  10604: ffffff;
  10605: ffffff;
  10606: ffffff;
  10607: ffffff;
  10608: ffffff;
  10609: ffffff;
  10610: ffffff;
  10611: ffffff;
  10612: ffffff;
  10613: ffffff;
  10614: ffffff;
  10615: ffffff;
  10616: ffffff;
  10617: ffffff;
  10618: ffffff;
  10619: ffffff;
  10620: ffffff;
  10621: ffffff;
  10622: ffffff;
  10623: ffffff;
  10624: ffffff;
  10625: ffffff;
  10626: ffffff;
  10627: ffffff;
  10628: ffffff;
  10629: ffffff;
  10630: ffffff;
  10631: ffffff;
  10632: ffffff;
  10633: ffffff;
  10634: ffffff;
  10635: ffffff;
  10636: ffffff;
  10637: ffffff;
  10638: ffffff;
  10639: ffffff;
  10640: ffffff;
  10641: ffffff;
  10642: ffffff;
  10643: ffffff;
  10644: ffffff;
  10645: ffffff;
  10646: ffffff;
  10647: ffffff;
  10648: ffffff;
  10649: ffffff;
  10650: ffffff;
  10651: ffffff;
  10652: ffffff;
  10653: ffffff;
  10654: ffffff;
  10655: ffffff;
  10656: ffffff;
  10657: ffffff;
  10658: ffffff;
  10659: ffffff;
  10660: ffffff;
  10661: ffffff;
  10662: ffffff;
  10663: ffffff;
  10664: ffffff;
  10665: ffffff;
  10666: ffffff;
  10667: ffffff;
  10668: ffffff;
  10669: ffffff;
  10670: ffffff;
  10671: ffffff;
  10672: ffffff;
  10673: ffffff;
  10674: ffffff;
  10675: ffffff;
  10676: ffffff;
  10677: ffffff;
  10678: ffffff;
  10679: ffffff;
  10680: ffffff;
  10681: ffffff;
  10682: ffffff;
  10683: ffffff;
  10684: ffffff;
  10685: ffffff;
  10686: ffffff;
  10687: ffffff;
  10688: ffffff;
  10689: ffffff;
  10690: ffffff;
  10691: ffffff;
  10692: ffffff;
  10693: ffffff;
  10694: ffffff;
  10695: ffffff;
  10696: ffffff;
  10697: ffffff;
  10698: ffffff;
  10699: ffffff;
  10700: ffffff;
  10701: ffffff;
  10702: ffffff;
  10703: ffffff;
  10704: ffffff;
  10705: ffffff;
  10706: ffffff;
  10707: ffffff;
  10708: ffffff;
  10709: ffffff;
  10710: ffffff;
  10711: 0;
  10712: 0;
  10713: 0;
  10714: 0;
  10715: 0;
  10716: 0;
  10717: 0;
  10718: 0;
  10719: 0;
  10720: 0;
  10721: ffffff;
  10722: ffffff;
  10723: ffffff;
  10724: fefefe;
  10725: ffffff;
  10726: ffffff;
  10727: ffffff;
  10728: ffffff;
  10729: ffffff;
  10730: ffffff;
  10731: ffffff;
  10732: ffffff;
  10733: ffffff;
  10734: ffffff;
  10735: ffffff;
  10736: ffffff;
  10737: ffffff;
  10738: ffffff;
  10739: ffffff;
  10740: ffffff;
  10741: ffffff;
  10742: ffffff;
  10743: ffffff;
  10744: ffffff;
  10745: ffffff;
  10746: ffffff;
  10747: ffffff;
  10748: ffffff;
  10749: ffffff;
  10750: ffffff;
  10751: ffffff;
  10752: ffffff;
  10753: ffffff;
  10754: ffffff;
  10755: ffffff;
  10756: ffffff;
  10757: ffffff;
  10758: ffffff;
  10759: ffffff;
  10760: ffffff;
  10761: ffffff;
  10762: ffffff;
  10763: ffffff;
  10764: ffffff;
  10765: ffffff;
  10766: ffffff;
  10767: ffffff;
  10768: ffffff;
  10769: ffffff;
  10770: ffffff;
  10771: ffffff;
  10772: ffffff;
  10773: ffffff;
  10774: ffffff;
  10775: ffffff;
  10776: ffffff;
  10777: ffffff;
  10778: ffffff;
  10779: ffffff;
  10780: ffffff;
  10781: ffffff;
  10782: ffffff;
  10783: ffffff;
  10784: ffffff;
  10785: ffffff;
  10786: ffffff;
  10787: ffffff;
  10788: ffffff;
  10789: ffffff;
  10790: ffffff;
  10791: ffffff;
  10792: ffffff;
  10793: ffffff;
  10794: ffffff;
  10795: ffffff;
  10796: ffffff;
  10797: ffffff;
  10798: ffffff;
  10799: ffffff;
  10800: ffffff;
  10801: ffffff;
  10802: ffffff;
  10803: ffffff;
  10804: ffffff;
  10805: ffffff;
  10806: ffffff;
  10807: ffffff;
  10808: ffffff;
  10809: ffffff;
  10810: ffffff;
  10811: ffffff;
  10812: ffffff;
  10813: ffffff;
  10814: ffffff;
  10815: ffffff;
  10816: ffffff;
  10817: ffffff;
  10818: ffffff;
  10819: ffffff;
  10820: ffffff;
  10821: ffffff;
  10822: ffffff;
  10823: ffffff;
  10824: ffffff;
  10825: ffffff;
  10826: ffffff;
  10827: ffffff;
  10828: ffffff;
  10829: ffffff;
  10830: ffffff;
  10831: ffffff;
  10832: ffffff;
  10833: ffffff;
  10834: ffffff;
  10835: ffffff;
  10836: fefefe;
  10837: ffffff;
  10838: ffffff;
  10839: 0;
  10840: 0;
  10841: 0;
  10842: 0;
  10843: 0;
  10844: 0;
  10845: 0;
  10846: 0;
  10847: 0;
  10848: 0;
  10849: ffffff;
  10850: ffffff;
  10851: ffffff;
  10852: ffffff;
  10853: ffffff;
  10854: ffffff;
  10855: ffffff;
  10856: ffffff;
  10857: ffffff;
  10858: ffffff;
  10859: ffffff;
  10860: ffffff;
  10861: ffffff;
  10862: ffffff;
  10863: ffffff;
  10864: ffffff;
  10865: ffffff;
  10866: ffffff;
  10867: ffffff;
  10868: ffffff;
  10869: ffffff;
  10870: ffffff;
  10871: ffffff;
  10872: ffffff;
  10873: ffffff;
  10874: ffffff;
  10875: ffffff;
  10876: ffffff;
  10877: ffffff;
  10878: ffffff;
  10879: ffffff;
  10880: ffffff;
  10881: ffffff;
  10882: ffffff;
  10883: ffffff;
  10884: ffffff;
  10885: ffffff;
  10886: ffffff;
  10887: ffffff;
  10888: ffffff;
  10889: ffffff;
  10890: ffffff;
  10891: ffffff;
  10892: ffffff;
  10893: ffffff;
  10894: ffffff;
  10895: ffffff;
  10896: ffffff;
  10897: ffffff;
  10898: ffffff;
  10899: ffffff;
  10900: ffffff;
  10901: ffffff;
  10902: ffffff;
  10903: ffffff;
  10904: ffffff;
  10905: ffffff;
  10906: ffffff;
  10907: ffffff;
  10908: ffffff;
  10909: ffffff;
  10910: ffffff;
  10911: ffffff;
  10912: ffffff;
  10913: ffffff;
  10914: ffffff;
  10915: ffffff;
  10916: ffffff;
  10917: ffffff;
  10918: ffffff;
  10919: ffffff;
  10920: ffffff;
  10921: ffffff;
  10922: ffffff;
  10923: ffffff;
  10924: ffffff;
  10925: ffffff;
  10926: ffffff;
  10927: ffffff;
  10928: ffffff;
  10929: ffffff;
  10930: ffffff;
  10931: ffffff;
  10932: ffffff;
  10933: ffffff;
  10934: ffffff;
  10935: ffffff;
  10936: ffffff;
  10937: ffffff;
  10938: ffffff;
  10939: ffffff;
  10940: ffffff;
  10941: ffffff;
  10942: ffffff;
  10943: ffffff;
  10944: ffffff;
  10945: ffffff;
  10946: ffffff;
  10947: ffffff;
  10948: ffffff;
  10949: ffffff;
  10950: ffffff;
  10951: ffffff;
  10952: ffffff;
  10953: ffffff;
  10954: ffffff;
  10955: ffffff;
  10956: ffffff;
  10957: ffffff;
  10958: ffffff;
  10959: ffffff;
  10960: ffffff;
  10961: ffffff;
  10962: fefefe;
  10963: ffffff;
  10964: ffffff;
  10965: ffffff;
  10966: 0;
  10967: 0;
  10968: 0;
  10969: 0;
  10970: 0;
  10971: 0;
  10972: 0;
  10973: 0;
  10974: 0;
  10975: 0;
  10976: 0;
  10977: ffffff;
  10978: ffffff;
  10979: ffffff;
  10980: ffffff;
  10981: ffffff;
  10982: ffffff;
  10983: ffffff;
  10984: ffffff;
  10985: ffffff;
  10986: ffffff;
  10987: ffffff;
  10988: ffffff;
  10989: ffffff;
  10990: ffffff;
  10991: ffffff;
  10992: ffffff;
  10993: ffffff;
  10994: ffffff;
  10995: ffffff;
  10996: ffffff;
  10997: ffffff;
  10998: ffffff;
  10999: ffffff;
  11000: ffffff;
  11001: ffffff;
  11002: ffffff;
  11003: ffffff;
  11004: ffffff;
  11005: ffffff;
  11006: ffffff;
  11007: ffffff;
  11008: ffffff;
  11009: ffffff;
  11010: ffffff;
  11011: ffffff;
  11012: ffffff;
  11013: ffffff;
  11014: ffffff;
  11015: ffffff;
  11016: ffffff;
  11017: ffffff;
  11018: ffffff;
  11019: ffffff;
  11020: ffffff;
  11021: ffffff;
  11022: ffffff;
  11023: ffffff;
  11024: ffffff;
  11025: ffffff;
  11026: ffffff;
  11027: ffffff;
  11028: ffffff;
  11029: ffffff;
  11030: ffffff;
  11031: ffffff;
  11032: ffffff;
  11033: ffffff;
  11034: ffffff;
  11035: ffffff;
  11036: ffffff;
  11037: ffffff;
  11038: ffffff;
  11039: ffffff;
  11040: ffffff;
  11041: ffffff;
  11042: ffffff;
  11043: ffffff;
  11044: ffffff;
  11045: ffffff;
  11046: ffffff;
  11047: ffffff;
  11048: ffffff;
  11049: ffffff;
  11050: ffffff;
  11051: ffffff;
  11052: ffffff;
  11053: ffffff;
  11054: ffffff;
  11055: ffffff;
  11056: ffffff;
  11057: ffffff;
  11058: ffffff;
  11059: ffffff;
  11060: ffffff;
  11061: ffffff;
  11062: ffffff;
  11063: ffffff;
  11064: ffffff;
  11065: ffffff;
  11066: ffffff;
  11067: ffffff;
  11068: ffffff;
  11069: ffffff;
  11070: ffffff;
  11071: ffffff;
  11072: ffffff;
  11073: ffffff;
  11074: ffffff;
  11075: ffffff;
  11076: ffffff;
  11077: ffffff;
  11078: ffffff;
  11079: ffffff;
  11080: ffffff;
  11081: ffffff;
  11082: ffffff;
  11083: ffffff;
  11084: ffffff;
  11085: ffffff;
  11086: ffffff;
  11087: ffffff;
  11088: ffffff;
  11089: ffffff;
  11090: ffffff;
  11091: ffffff;
  11092: fefefe;
  11093: ffffff;
  11094: 10101;
  11095: 0;
  11096: 0;
  11097: 0;
  11098: 0;
  11099: 0;
  11100: 0;
  11101: 0;
  11102: 0;
  11103: 0;
  11104: ffffff;
  11105: ffffff;
  11106: ffffff;
  11107: ffffff;
  11108: ffffff;
  11109: ffffff;
  11110: ffffff;
  11111: ffffff;
  11112: ffffff;
  11113: ffffff;
  11114: ffffff;
  11115: ffffff;
  11116: ffffff;
  11117: ffffff;
  11118: ffffff;
  11119: ffffff;
  11120: ffffff;
  11121: ffffff;
  11122: ffffff;
  11123: ffffff;
  11124: ffffff;
  11125: ffffff;
  11126: ffffff;
  11127: ffffff;
  11128: ffffff;
  11129: ffffff;
  11130: ffffff;
  11131: ffffff;
  11132: ffffff;
  11133: ffffff;
  11134: ffffff;
  11135: ffffff;
  11136: ffffff;
  11137: ffffff;
  11138: ffffff;
  11139: ffffff;
  11140: ffffff;
  11141: ffffff;
  11142: ffffff;
  11143: ffffff;
  11144: ffffff;
  11145: ffffff;
  11146: ffffff;
  11147: ffffff;
  11148: ffffff;
  11149: ffffff;
  11150: ffffff;
  11151: ffffff;
  11152: ffffff;
  11153: ffffff;
  11154: ffffff;
  11155: ffffff;
  11156: ffffff;
  11157: ffffff;
  11158: ffffff;
  11159: ffffff;
  11160: ffffff;
  11161: ffffff;
  11162: ffffff;
  11163: ffffff;
  11164: ffffff;
  11165: ffffff;
  11166: ffffff;
  11167: ffffff;
  11168: ffffff;
  11169: ffffff;
  11170: ffffff;
  11171: ffffff;
  11172: ffffff;
  11173: ffffff;
  11174: ffffff;
  11175: ffffff;
  11176: ffffff;
  11177: ffffff;
  11178: ffffff;
  11179: ffffff;
  11180: ffffff;
  11181: ffffff;
  11182: ffffff;
  11183: ffffff;
  11184: ffffff;
  11185: ffffff;
  11186: ffffff;
  11187: ffffff;
  11188: ffffff;
  11189: ffffff;
  11190: ffffff;
  11191: ffffff;
  11192: ffffff;
  11193: ffffff;
  11194: ffffff;
  11195: ffffff;
  11196: ffffff;
  11197: ffffff;
  11198: ffffff;
  11199: ffffff;
  11200: ffffff;
  11201: ffffff;
  11202: ffffff;
  11203: ffffff;
  11204: ffffff;
  11205: ffffff;
  11206: ffffff;
  11207: ffffff;
  11208: ffffff;
  11209: ffffff;
  11210: ffffff;
  11211: ffffff;
  11212: ffffff;
  11213: ffffff;
  11214: ffffff;
  11215: ffffff;
  11216: ffffff;
  11217: ffffff;
  11218: ffffff;
  11219: ffffff;
  11220: ffffff;
  11221: ffffff;
  11222: 0;
  11223: 0;
  11224: 0;
  11225: 0;
  11226: 0;
  11227: 0;
  11228: 0;
  11229: 0;
  11230: 0;
  11231: 0;
  11232: ffffff;
  11233: ffffff;
  11234: ffffff;
  11235: ffffff;
  11236: ffffff;
  11237: ffffff;
  11238: ffffff;
  11239: fefefe;
  11240: ffffff;
  11241: ffffff;
  11242: ffffff;
  11243: ffffff;
  11244: ffffff;
  11245: ffffff;
  11246: ffffff;
  11247: ffffff;
  11248: ffffff;
  11249: ffffff;
  11250: ffffff;
  11251: ffffff;
  11252: ffffff;
  11253: ffffff;
  11254: ffffff;
  11255: ffffff;
  11256: ffffff;
  11257: ffffff;
  11258: ffffff;
  11259: ffffff;
  11260: ffffff;
  11261: ffffff;
  11262: ffffff;
  11263: ffffff;
  11264: ffffff;
  11265: ffffff;
  11266: ffffff;
  11267: ffffff;
  11268: ffffff;
  11269: ffffff;
  11270: ffffff;
  11271: ffffff;
  11272: ffffff;
  11273: ffffff;
  11274: ffffff;
  11275: ffffff;
  11276: ffffff;
  11277: ffffff;
  11278: ffffff;
  11279: ffffff;
  11280: ffffff;
  11281: ffffff;
  11282: ffffff;
  11283: ffffff;
  11284: ffffff;
  11285: ffffff;
  11286: ffffff;
  11287: ffffff;
  11288: ffffff;
  11289: ffffff;
  11290: ffffff;
  11291: ffffff;
  11292: ffffff;
  11293: ffffff;
  11294: ffffff;
  11295: ffffff;
  11296: ffffff;
  11297: ffffff;
  11298: ffffff;
  11299: ffffff;
  11300: ffffff;
  11301: ffffff;
  11302: ffffff;
  11303: ffffff;
  11304: ffffff;
  11305: ffffff;
  11306: ffffff;
  11307: ffffff;
  11308: ffffff;
  11309: ffffff;
  11310: ffffff;
  11311: ffffff;
  11312: ffffff;
  11313: ffffff;
  11314: ffffff;
  11315: ffffff;
  11316: ffffff;
  11317: ffffff;
  11318: ffffff;
  11319: ffffff;
  11320: ffffff;
  11321: ffffff;
  11322: ffffff;
  11323: ffffff;
  11324: ffffff;
  11325: ffffff;
  11326: ffffff;
  11327: ffffff;
  11328: ffffff;
  11329: ffffff;
  11330: ffffff;
  11331: ffffff;
  11332: ffffff;
  11333: ffffff;
  11334: ffffff;
  11335: ffffff;
  11336: ffffff;
  11337: ffffff;
  11338: ffffff;
  11339: ffffff;
  11340: ffffff;
  11341: ffffff;
  11342: ffffff;
  11343: ffffff;
  11344: ffffff;
  11345: ffffff;
  11346: ffffff;
  11347: ffffff;
  11348: ffffff;
  11349: ffffff;
  11350: 0;
  11351: 0;
  11352: 10101;
  11353: 0;
  11354: 0;
  11355: 0;
  11356: 0;
  11357: 0;
  11358: 0;
  11359: 0;
  11360: ffffff;
  11361: ffffff;
  11362: ffffff;
  11363: ffffff;
  11364: ffffff;
  11365: ffffff;
  11366: ffffff;
  11367: ffffff;
  11368: ffffff;
  11369: ffffff;
  11370: ffffff;
  11371: ffffff;
  11372: ffffff;
  11373: ffffff;
  11374: ffffff;
  11375: ffffff;
  11376: ffffff;
  11377: ffffff;
  11378: ffffff;
  11379: ffffff;
  11380: ffffff;
  11381: ffffff;
  11382: ffffff;
  11383: ffffff;
  11384: ffffff;
  11385: ffffff;
  11386: ffffff;
  11387: ffffff;
  11388: ffffff;
  11389: ffffff;
  11390: ffffff;
  11391: ffffff;
  11392: ffffff;
  11393: ffffff;
  11394: ffffff;
  11395: ffffff;
  11396: ffffff;
  11397: ffffff;
  11398: ffffff;
  11399: ffffff;
  11400: ffffff;
  11401: ffffff;
  11402: ffffff;
  11403: ffffff;
  11404: ffffff;
  11405: ffffff;
  11406: ffffff;
  11407: ffffff;
  11408: ffffff;
  11409: ffffff;
  11410: ffffff;
  11411: ffffff;
  11412: ffffff;
  11413: ffffff;
  11414: ffffff;
  11415: ffffff;
  11416: ffffff;
  11417: ffffff;
  11418: ffffff;
  11419: ffffff;
  11420: ffffff;
  11421: ffffff;
  11422: ffffff;
  11423: ffffff;
  11424: ffffff;
  11425: ffffff;
  11426: ffffff;
  11427: ffffff;
  11428: ffffff;
  11429: ffffff;
  11430: ffffff;
  11431: ffffff;
  11432: ffffff;
  11433: ffffff;
  11434: ffffff;
  11435: ffffff;
  11436: ffffff;
  11437: ffffff;
  11438: ffffff;
  11439: ffffff;
  11440: ffffff;
  11441: ffffff;
  11442: ffffff;
  11443: ffffff;
  11444: ffffff;
  11445: ffffff;
  11446: ffffff;
  11447: ffffff;
  11448: ffffff;
  11449: ffffff;
  11450: ffffff;
  11451: ffffff;
  11452: ffffff;
  11453: ffffff;
  11454: ffffff;
  11455: ffffff;
  11456: ffffff;
  11457: ffffff;
  11458: ffffff;
  11459: ffffff;
  11460: ffffff;
  11461: ffffff;
  11462: ffffff;
  11463: ffffff;
  11464: ffffff;
  11465: ffffff;
  11466: ffffff;
  11467: ffffff;
  11468: ffffff;
  11469: ffffff;
  11470: ffffff;
  11471: ffffff;
  11472: ffffff;
  11473: ffffff;
  11474: fefefe;
  11475: ffffff;
  11476: ffffff;
  11477: 0;
  11478: 0;
  11479: 10101;
  11480: 0;
  11481: 0;
  11482: 0;
  11483: 0;
  11484: 0;
  11485: 0;
  11486: 0;
  11487: 0;
  11488: ffffff;
  11489: ffffff;
  11490: ffffff;
  11491: ffffff;
  11492: ffffff;
  11493: ffffff;
  11494: ffffff;
  11495: ffffff;
  11496: ffffff;
  11497: ffffff;
  11498: ffffff;
  11499: ffffff;
  11500: ffffff;
  11501: ffffff;
  11502: ffffff;
  11503: ffffff;
  11504: ffffff;
  11505: ffffff;
  11506: ffffff;
  11507: ffffff;
  11508: ffffff;
  11509: ffffff;
  11510: ffffff;
  11511: ffffff;
  11512: ffffff;
  11513: ffffff;
  11514: ffffff;
  11515: ffffff;
  11516: ffffff;
  11517: ffffff;
  11518: ffffff;
  11519: ffffff;
  11520: ffffff;
  11521: ffffff;
  11522: ffffff;
  11523: ffffff;
  11524: ffffff;
  11525: ffffff;
  11526: ffffff;
  11527: ffffff;
  11528: ffffff;
  11529: ffffff;
  11530: ffffff;
  11531: ffffff;
  11532: ffffff;
  11533: ffffff;
  11534: ffffff;
  11535: ffffff;
  11536: ffffff;
  11537: ffffff;
  11538: ffffff;
  11539: ffffff;
  11540: ffffff;
  11541: ffffff;
  11542: ffffff;
  11543: ffffff;
  11544: ffffff;
  11545: ffffff;
  11546: ffffff;
  11547: ffffff;
  11548: ffffff;
  11549: ffffff;
  11550: ffffff;
  11551: ffffff;
  11552: ffffff;
  11553: ffffff;
  11554: ffffff;
  11555: ffffff;
  11556: ffffff;
  11557: ffffff;
  11558: ffffff;
  11559: ffffff;
  11560: ffffff;
  11561: ffffff;
  11562: ffffff;
  11563: ffffff;
  11564: ffffff;
  11565: ffffff;
  11566: ffffff;
  11567: ffffff;
  11568: ffffff;
  11569: ffffff;
  11570: ffffff;
  11571: ffffff;
  11572: ffffff;
  11573: ffffff;
  11574: ffffff;
  11575: ffffff;
  11576: ffffff;
  11577: ffffff;
  11578: ffffff;
  11579: ffffff;
  11580: ffffff;
  11581: ffffff;
  11582: ffffff;
  11583: ffffff;
  11584: ffffff;
  11585: ffffff;
  11586: ffffff;
  11587: ffffff;
  11588: ffffff;
  11589: ffffff;
  11590: ffffff;
  11591: ffffff;
  11592: ffffff;
  11593: ffffff;
  11594: ffffff;
  11595: ffffff;
  11596: ffffff;
  11597: ffffff;
  11598: ffffff;
  11599: ffffff;
  11600: ffffff;
  11601: ffffff;
  11602: ffffff;
  11603: ffffff;
  11604: ffffff;
  11605: 0;
  11606: 0;
  11607: 0;
  11608: 0;
  11609: 0;
  11610: 0;
  11611: 0;
  11612: 0;
  11613: 0;
  11614: 0;
  11615: ffffff;
  11616: ffffff;
  11617: ffffff;
  11618: ffffff;
  11619: ffffff;
  11620: ffffff;
  11621: ffffff;
  11622: ffffff;
  11623: ffffff;
  11624: ffffff;
  11625: ffffff;
  11626: ffffff;
  11627: ffffff;
  11628: ffffff;
  11629: ffffff;
  11630: ffffff;
  11631: ffffff;
  11632: ffffff;
  11633: ffffff;
  11634: ffffff;
  11635: ffffff;
  11636: ffffff;
  11637: ffffff;
  11638: ffffff;
  11639: ffffff;
  11640: ffffff;
  11641: ffffff;
  11642: ffffff;
  11643: ffffff;
  11644: ffffff;
  11645: ffffff;
  11646: ffffff;
  11647: ffffff;
  11648: ffffff;
  11649: ffffff;
  11650: ffffff;
  11651: ffffff;
  11652: ffffff;
  11653: ffffff;
  11654: ffffff;
  11655: ffffff;
  11656: ffffff;
  11657: ffffff;
  11658: ffffff;
  11659: ffffff;
  11660: ffffff;
  11661: ffffff;
  11662: ffffff;
  11663: ffffff;
  11664: ffffff;
  11665: ffffff;
  11666: ffffff;
  11667: ffffff;
  11668: ffffff;
  11669: ffffff;
  11670: ffffff;
  11671: ffffff;
  11672: ffffff;
  11673: ffffff;
  11674: ffffff;
  11675: ffffff;
  11676: ffffff;
  11677: ffffff;
  11678: ffffff;
  11679: ffffff;
  11680: ffffff;
  11681: ffffff;
  11682: ffffff;
  11683: ffffff;
  11684: ffffff;
  11685: ffffff;
  11686: ffffff;
  11687: ffffff;
  11688: ffffff;
  11689: ffffff;
  11690: ffffff;
  11691: ffffff;
  11692: ffffff;
  11693: ffffff;
  11694: ffffff;
  11695: ffffff;
  11696: ffffff;
  11697: ffffff;
  11698: ffffff;
  11699: ffffff;
  11700: ffffff;
  11701: ffffff;
  11702: ffffff;
  11703: ffffff;
  11704: ffffff;
  11705: ffffff;
  11706: ffffff;
  11707: ffffff;
  11708: ffffff;
  11709: ffffff;
  11710: ffffff;
  11711: ffffff;
  11712: ffffff;
  11713: ffffff;
  11714: ffffff;
  11715: ffffff;
  11716: ffffff;
  11717: ffffff;
  11718: ffffff;
  11719: ffffff;
  11720: ffffff;
  11721: ffffff;
  11722: ffffff;
  11723: ffffff;
  11724: ffffff;
  11725: ffffff;
  11726: ffffff;
  11727: ffffff;
  11728: ffffff;
  11729: ffffff;
  11730: ffffff;
  11731: ffffff;
  11732: ffffff;
  11733: 0;
  11734: 0;
  11735: 0;
  11736: 0;
  11737: 0;
  11738: 0;
  11739: 0;
  11740: 0;
  11741: 0;
  11742: 0;
  11743: ffffff;
  11744: ffffff;
  11745: ffffff;
  11746: ffffff;
  11747: ffffff;
  11748: ffffff;
  11749: ffffff;
  11750: ffffff;
  11751: ffffff;
  11752: ffffff;
  11753: ffffff;
  11754: ffffff;
  11755: ffffff;
  11756: ffffff;
  11757: ffffff;
  11758: ffffff;
  11759: ffffff;
  11760: ffffff;
  11761: ffffff;
  11762: ffffff;
  11763: ffffff;
  11764: ffffff;
  11765: ffffff;
  11766: ffffff;
  11767: ffffff;
  11768: ffffff;
  11769: ffffff;
  11770: ffffff;
  11771: ffffff;
  11772: ffffff;
  11773: ffffff;
  11774: ffffff;
  11775: ffffff;
  11776: ffffff;
  11777: ffffff;
  11778: ffffff;
  11779: ffffff;
  11780: ffffff;
  11781: ffffff;
  11782: ffffff;
  11783: ffffff;
  11784: ffffff;
  11785: ffffff;
  11786: ffffff;
  11787: ffffff;
  11788: ffffff;
  11789: ffffff;
  11790: ffffff;
  11791: ffffff;
  11792: ffffff;
  11793: ffffff;
  11794: ffffff;
  11795: ffffff;
  11796: ffffff;
  11797: ffffff;
  11798: ffffff;
  11799: ffffff;
  11800: ffffff;
  11801: ffffff;
  11802: ffffff;
  11803: ffffff;
  11804: ffffff;
  11805: ffffff;
  11806: ffffff;
  11807: ffffff;
  11808: ffffff;
  11809: ffffff;
  11810: ffffff;
  11811: ffffff;
  11812: ffffff;
  11813: ffffff;
  11814: ffffff;
  11815: ffffff;
  11816: ffffff;
  11817: ffffff;
  11818: ffffff;
  11819: ffffff;
  11820: ffffff;
  11821: ffffff;
  11822: ffffff;
  11823: ffffff;
  11824: ffffff;
  11825: ffffff;
  11826: ffffff;
  11827: ffffff;
  11828: ffffff;
  11829: ffffff;
  11830: ffffff;
  11831: ffffff;
  11832: ffffff;
  11833: ffffff;
  11834: ffffff;
  11835: ffffff;
  11836: ffffff;
  11837: ffffff;
  11838: ffffff;
  11839: ffffff;
  11840: ffffff;
  11841: ffffff;
  11842: ffffff;
  11843: ffffff;
  11844: ffffff;
  11845: ffffff;
  11846: ffffff;
  11847: ffffff;
  11848: ffffff;
  11849: ffffff;
  11850: ffffff;
  11851: ffffff;
  11852: ffffff;
  11853: ffffff;
  11854: ffffff;
  11855: ffffff;
  11856: ffffff;
  11857: ffffff;
  11858: ffffff;
  11859: ffffff;
  11860: 0;
  11861: 0;
  11862: 10101;
  11863: 0;
  11864: 0;
  11865: 0;
  11866: 0;
  11867: 0;
  11868: 0;
  11869: 0;
  11870: 0;
  11871: ffffff;
  11872: ffffff;
  11873: ffffff;
  11874: ffffff;
  11875: ffffff;
  11876: ffffff;
  11877: ffffff;
  11878: ffffff;
  11879: ffffff;
  11880: ffffff;
  11881: ffffff;
  11882: ffffff;
  11883: ffffff;
  11884: ffffff;
  11885: ffffff;
  11886: ffffff;
  11887: ffffff;
  11888: ffffff;
  11889: ffffff;
  11890: ffffff;
  11891: ffffff;
  11892: ffffff;
  11893: ffffff;
  11894: ffffff;
  11895: ffffff;
  11896: ffffff;
  11897: ffffff;
  11898: ffffff;
  11899: ffffff;
  11900: ffffff;
  11901: ffffff;
  11902: ffffff;
  11903: ffffff;
  11904: ffffff;
  11905: ffffff;
  11906: ffffff;
  11907: ffffff;
  11908: ffffff;
  11909: ffffff;
  11910: ffffff;
  11911: ffffff;
  11912: ffffff;
  11913: ffffff;
  11914: ffffff;
  11915: ffffff;
  11916: ffffff;
  11917: ffffff;
  11918: ffffff;
  11919: ffffff;
  11920: ffffff;
  11921: ffffff;
  11922: ffffff;
  11923: ffffff;
  11924: ffffff;
  11925: ffffff;
  11926: ffffff;
  11927: ffffff;
  11928: ffffff;
  11929: ffffff;
  11930: ffffff;
  11931: ffffff;
  11932: ffffff;
  11933: ffffff;
  11934: ffffff;
  11935: ffffff;
  11936: ffffff;
  11937: ffffff;
  11938: ffffff;
  11939: ffffff;
  11940: ffffff;
  11941: ffffff;
  11942: ffffff;
  11943: ffffff;
  11944: ffffff;
  11945: ffffff;
  11946: ffffff;
  11947: ffffff;
  11948: ffffff;
  11949: ffffff;
  11950: ffffff;
  11951: ffffff;
  11952: ffffff;
  11953: ffffff;
  11954: ffffff;
  11955: ffffff;
  11956: ffffff;
  11957: ffffff;
  11958: ffffff;
  11959: ffffff;
  11960: ffffff;
  11961: ffffff;
  11962: ffffff;
  11963: ffffff;
  11964: ffffff;
  11965: ffffff;
  11966: ffffff;
  11967: ffffff;
  11968: ffffff;
  11969: ffffff;
  11970: ffffff;
  11971: ffffff;
  11972: ffffff;
  11973: ffffff;
  11974: ffffff;
  11975: ffffff;
  11976: ffffff;
  11977: ffffff;
  11978: ffffff;
  11979: ffffff;
  11980: ffffff;
  11981: ffffff;
  11982: ffffff;
  11983: ffffff;
  11984: ffffff;
  11985: ffffff;
  11986: ffffff;
  11987: fefefe;
  11988: 0;
  11989: 0;
  11990: 0;
  11991: 0;
  11992: 0;
  11993: 0;
  11994: 0;
  11995: 0;
  11996: 0;
  11997: 0;
  11998: ffffff;
  11999: ffffff;
  12000: ffffff;
  12001: ffffff;
  12002: ffffff;
  12003: ffffff;
  12004: ffffff;
  12005: ffffff;
  12006: ffffff;
  12007: ffffff;
  12008: ffffff;
  12009: ffffff;
  12010: ffffff;
  12011: ffffff;
  12012: ffffff;
  12013: ffffff;
  12014: ffffff;
  12015: ffffff;
  12016: ffffff;
  12017: ffffff;
  12018: ffffff;
  12019: ffffff;
  12020: ffffff;
  12021: ffffff;
  12022: ffffff;
  12023: ffffff;
  12024: ffffff;
  12025: ffffff;
  12026: ffffff;
  12027: ffffff;
  12028: ffffff;
  12029: ffffff;
  12030: ffffff;
  12031: ffffff;
  12032: ffffff;
  12033: ffffff;
  12034: ffffff;
  12035: ffffff;
  12036: ffffff;
  12037: ffffff;
  12038: ffffff;
  12039: ffffff;
  12040: ffffff;
  12041: ffffff;
  12042: ffffff;
  12043: ffffff;
  12044: ffffff;
  12045: ffffff;
  12046: ffffff;
  12047: ffffff;
  12048: ffffff;
  12049: ffffff;
  12050: ffffff;
  12051: ffffff;
  12052: ffffff;
  12053: ffffff;
  12054: ffffff;
  12055: ffffff;
  12056: ffffff;
  12057: ffffff;
  12058: ffffff;
  12059: ffffff;
  12060: ffffff;
  12061: ffffff;
  12062: ffffff;
  12063: ffffff;
  12064: ffffff;
  12065: ffffff;
  12066: ffffff;
  12067: ffffff;
  12068: ffffff;
  12069: ffffff;
  12070: ffffff;
  12071: ffffff;
  12072: ffffff;
  12073: ffffff;
  12074: ffffff;
  12075: ffffff;
  12076: ffffff;
  12077: ffffff;
  12078: ffffff;
  12079: ffffff;
  12080: ffffff;
  12081: ffffff;
  12082: ffffff;
  12083: ffffff;
  12084: ffffff;
  12085: ffffff;
  12086: ffffff;
  12087: ffffff;
  12088: ffffff;
  12089: ffffff;
  12090: ffffff;
  12091: ffffff;
  12092: ffffff;
  12093: ffffff;
  12094: ffffff;
  12095: ffffff;
  12096: ffffff;
  12097: ffffff;
  12098: ffffff;
  12099: ffffff;
  12100: ffffff;
  12101: ffffff;
  12102: ffffff;
  12103: ffffff;
  12104: ffffff;
  12105: ffffff;
  12106: ffffff;
  12107: ffffff;
  12108: ffffff;
  12109: ffffff;
  12110: ffffff;
  12111: ffffff;
  12112: ffffff;
  12113: ffffff;
  12114: ffffff;
  12115: ffffff;
  12116: 0;
  12117: 0;
  12118: 0;
  12119: 0;
  12120: 0;
  12121: 0;
  12122: 0;
  12123: 0;
  12124: 0;
  12125: 0;
  12126: ffffff;
  12127: ffffff;
  12128: ffffff;
  12129: ffffff;
  12130: ffffff;
  12131: ffffff;
  12132: ffffff;
  12133: ffffff;
  12134: ffffff;
  12135: ffffff;
  12136: ffffff;
  12137: ffffff;
  12138: ffffff;
  12139: ffffff;
  12140: ffffff;
  12141: ffffff;
  12142: ffffff;
  12143: ffffff;
  12144: ffffff;
  12145: ffffff;
  12146: ffffff;
  12147: ffffff;
  12148: ffffff;
  12149: ffffff;
  12150: ffffff;
  12151: ffffff;
  12152: ffffff;
  12153: ffffff;
  12154: ffffff;
  12155: ffffff;
  12156: ffffff;
  12157: ffffff;
  12158: ffffff;
  12159: ffffff;
  12160: ffffff;
  12161: ffffff;
  12162: ffffff;
  12163: ffffff;
  12164: ffffff;
  12165: ffffff;
  12166: ffffff;
  12167: ffffff;
  12168: ffffff;
  12169: ffffff;
  12170: ffffff;
  12171: ffffff;
  12172: ffffff;
  12173: ffffff;
  12174: ffffff;
  12175: ffffff;
  12176: ffffff;
  12177: ffffff;
  12178: ffffff;
  12179: ffffff;
  12180: ffffff;
  12181: ffffff;
  12182: ffffff;
  12183: ffffff;
  12184: ffffff;
  12185: ffffff;
  12186: ffffff;
  12187: ffffff;
  12188: ffffff;
  12189: ffffff;
  12190: ffffff;
  12191: ffffff;
  12192: ffffff;
  12193: ffffff;
  12194: ffffff;
  12195: ffffff;
  12196: ffffff;
  12197: ffffff;
  12198: ffffff;
  12199: ffffff;
  12200: ffffff;
  12201: ffffff;
  12202: ffffff;
  12203: ffffff;
  12204: ffffff;
  12205: ffffff;
  12206: ffffff;
  12207: ffffff;
  12208: ffffff;
  12209: ffffff;
  12210: ffffff;
  12211: ffffff;
  12212: ffffff;
  12213: ffffff;
  12214: ffffff;
  12215: ffffff;
  12216: ffffff;
  12217: ffffff;
  12218: ffffff;
  12219: ffffff;
  12220: ffffff;
  12221: ffffff;
  12222: ffffff;
  12223: ffffff;
  12224: ffffff;
  12225: ffffff;
  12226: ffffff;
  12227: ffffff;
  12228: ffffff;
  12229: ffffff;
  12230: ffffff;
  12231: ffffff;
  12232: ffffff;
  12233: ffffff;
  12234: ffffff;
  12235: ffffff;
  12236: ffffff;
  12237: ffffff;
  12238: ffffff;
  12239: ffffff;
  12240: ffffff;
  12241: ffffff;
  12242: ffffff;
  12243: 0;
  12244: 0;
  12245: 0;
  12246: 0;
  12247: 0;
  12248: 0;
  12249: 0;
  12250: 0;
  12251: 0;
  12252: 0;
  12253: 0;
  12254: ffffff;
  12255: ffffff;
  12256: ffffff;
  12257: ffffff;
  12258: ffffff;
  12259: ffffff;
  12260: ffffff;
  12261: ffffff;
  12262: ffffff;
  12263: ffffff;
  12264: ffffff;
  12265: ffffff;
  12266: ffffff;
  12267: ffffff;
  12268: ffffff;
  12269: ffffff;
  12270: ffffff;
  12271: ffffff;
  12272: ffffff;
  12273: ffffff;
  12274: ffffff;
  12275: ffffff;
  12276: ffffff;
  12277: ffffff;
  12278: ffffff;
  12279: ffffff;
  12280: ffffff;
  12281: ffffff;
  12282: ffffff;
  12283: ffffff;
  12284: ffffff;
  12285: ffffff;
  12286: ffffff;
  12287: ffffff;
  12288: ffffff;
  12289: ffffff;
  12290: ffffff;
  12291: ffffff;
  12292: ffffff;
  12293: ffffff;
  12294: ffffff;
  12295: ffffff;
  12296: ffffff;
  12297: ffffff;
  12298: ffffff;
  12299: ffffff;
  12300: ffffff;
  12301: ffffff;
  12302: ffffff;
  12303: ffffff;
  12304: ffffff;
  12305: ffffff;
  12306: ffffff;
  12307: ffffff;
  12308: ffffff;
  12309: ffffff;
  12310: ffffff;
  12311: ffffff;
  12312: ffffff;
  12313: ffffff;
  12314: ffffff;
  12315: ffffff;
  12316: ffffff;
  12317: ffffff;
  12318: ffffff;
  12319: ffffff;
  12320: ffffff;
  12321: ffffff;
  12322: ffffff;
  12323: ffffff;
  12324: ffffff;
  12325: ffffff;
  12326: ffffff;
  12327: ffffff;
  12328: ffffff;
  12329: ffffff;
  12330: ffffff;
  12331: ffffff;
  12332: ffffff;
  12333: ffffff;
  12334: ffffff;
  12335: ffffff;
  12336: ffffff;
  12337: ffffff;
  12338: ffffff;
  12339: ffffff;
  12340: ffffff;
  12341: ffffff;
  12342: ffffff;
  12343: ffffff;
  12344: ffffff;
  12345: ffffff;
  12346: ffffff;
  12347: ffffff;
  12348: ffffff;
  12349: ffffff;
  12350: ffffff;
  12351: ffffff;
  12352: ffffff;
  12353: ffffff;
  12354: ffffff;
  12355: ffffff;
  12356: ffffff;
  12357: ffffff;
  12358: ffffff;
  12359: ffffff;
  12360: ffffff;
  12361: ffffff;
  12362: ffffff;
  12363: ffffff;
  12364: ffffff;
  12365: ffffff;
  12366: fefefe;
  12367: ffffff;
  12368: ffffff;
  12369: ffffff;
  12370: ffffff;
  12371: 0;
  12372: 0;
  12373: 0;
  12374: 0;
  12375: 0;
  12376: 0;
  12377: 0;
  12378: 0;
  12379: 0;
  12380: 0;
  12381: ffffff;
  12382: ffffff;
  12383: ffffff;
  12384: ffffff;
  12385: ffffff;
  12386: ffffff;
  12387: ffffff;
  12388: ffffff;
  12389: ffffff;
  12390: ffffff;
  12391: ffffff;
  12392: ffffff;
  12393: ffffff;
  12394: ffffff;
  12395: ffffff;
  12396: ffffff;
  12397: ffffff;
  12398: ffffff;
  12399: ffffff;
  12400: ffffff;
  12401: ffffff;
  12402: ffffff;
  12403: ffffff;
  12404: ffffff;
  12405: ffffff;
  12406: ffffff;
  12407: ffffff;
  12408: ffffff;
  12409: ffffff;
  12410: ffffff;
  12411: ffffff;
  12412: ffffff;
  12413: ffffff;
  12414: ffffff;
  12415: ffffff;
  12416: ffffff;
  12417: ffffff;
  12418: ffffff;
  12419: ffffff;
  12420: ffffff;
  12421: ffffff;
  12422: ffffff;
  12423: ffffff;
  12424: ffffff;
  12425: ffffff;
  12426: ffffff;
  12427: ffffff;
  12428: ffffff;
  12429: ffffff;
  12430: ffffff;
  12431: ffffff;
  12432: ffffff;
  12433: ffffff;
  12434: ffffff;
  12435: ffffff;
  12436: ffffff;
  12437: ffffff;
  12438: ffffff;
  12439: ffffff;
  12440: ffffff;
  12441: ffffff;
  12442: ffffff;
  12443: ffffff;
  12444: ffffff;
  12445: ffffff;
  12446: ffffff;
  12447: ffffff;
  12448: ffffff;
  12449: ffffff;
  12450: ffffff;
  12451: ffffff;
  12452: ffffff;
  12453: ffffff;
  12454: ffffff;
  12455: ffffff;
  12456: ffffff;
  12457: ffffff;
  12458: ffffff;
  12459: ffffff;
  12460: ffffff;
  12461: ffffff;
  12462: ffffff;
  12463: ffffff;
  12464: ffffff;
  12465: ffffff;
  12466: ffffff;
  12467: ffffff;
  12468: ffffff;
  12469: ffffff;
  12470: ffffff;
  12471: ffffff;
  12472: ffffff;
  12473: ffffff;
  12474: ffffff;
  12475: ffffff;
  12476: ffffff;
  12477: ffffff;
  12478: ffffff;
  12479: ffffff;
  12480: ffffff;
  12481: ffffff;
  12482: ffffff;
  12483: ffffff;
  12484: ffffff;
  12485: ffffff;
  12486: ffffff;
  12487: ffffff;
  12488: ffffff;
  12489: ffffff;
  12490: ffffff;
  12491: ffffff;
  12492: ffffff;
  12493: ffffff;
  12494: ffffff;
  12495: ffffff;
  12496: ffffff;
  12497: ffffff;
  12498: 0;
  12499: 0;
  12500: 0;
  12501: 0;
  12502: 0;
  12503: 10101;
  12504: 0;
  12505: 0;
  12506: 0;
  12507: 0;
  12508: 0;
  12509: ffffff;
  12510: ffffff;
  12511: ffffff;
  12512: ffffff;
  12513: ffffff;
  12514: ffffff;
  12515: ffffff;
  12516: ffffff;
  12517: ffffff;
  12518: ffffff;
  12519: ffffff;
  12520: ffffff;
  12521: ffffff;
  12522: ffffff;
  12523: ffffff;
  12524: ffffff;
  12525: ffffff;
  12526: ffffff;
  12527: ffffff;
  12528: ffffff;
  12529: ffffff;
  12530: ffffff;
  12531: ffffff;
  12532: ffffff;
  12533: ffffff;
  12534: ffffff;
  12535: ffffff;
  12536: ffffff;
  12537: ffffff;
  12538: ffffff;
  12539: ffffff;
  12540: ffffff;
  12541: ffffff;
  12542: ffffff;
  12543: ffffff;
  12544: ffffff;
  12545: ffffff;
  12546: ffffff;
  12547: ffffff;
  12548: ffffff;
  12549: ffffff;
  12550: ffffff;
  12551: ffffff;
  12552: ffffff;
  12553: ffffff;
  12554: ffffff;
  12555: ffffff;
  12556: ffffff;
  12557: ffffff;
  12558: ffffff;
  12559: ffffff;
  12560: ffffff;
  12561: ffffff;
  12562: ffffff;
  12563: ffffff;
  12564: ffffff;
  12565: ffffff;
  12566: ffffff;
  12567: ffffff;
  12568: ffffff;
  12569: ffffff;
  12570: ffffff;
  12571: ffffff;
  12572: ffffff;
  12573: ffffff;
  12574: ffffff;
  12575: ffffff;
  12576: ffffff;
  12577: ffffff;
  12578: ffffff;
  12579: ffffff;
  12580: ffffff;
  12581: ffffff;
  12582: ffffff;
  12583: ffffff;
  12584: ffffff;
  12585: ffffff;
  12586: ffffff;
  12587: ffffff;
  12588: ffffff;
  12589: ffffff;
  12590: ffffff;
  12591: ffffff;
  12592: ffffff;
  12593: ffffff;
  12594: ffffff;
  12595: ffffff;
  12596: ffffff;
  12597: ffffff;
  12598: ffffff;
  12599: ffffff;
  12600: ffffff;
  12601: ffffff;
  12602: ffffff;
  12603: ffffff;
  12604: ffffff;
  12605: ffffff;
  12606: ffffff;
  12607: ffffff;
  12608: ffffff;
  12609: ffffff;
  12610: ffffff;
  12611: ffffff;
  12612: ffffff;
  12613: ffffff;
  12614: ffffff;
  12615: ffffff;
  12616: ffffff;
  12617: ffffff;
  12618: ffffff;
  12619: ffffff;
  12620: ffffff;
  12621: ffffff;
  12622: ffffff;
  12623: ffffff;
  12624: ffffff;
  12625: ffffff;
  12626: 0;
  12627: 0;
  12628: 0;
  12629: 0;
  12630: 0;
  12631: 10101;
  12632: 0;
  12633: 0;
  12634: 0;
  12635: 0;
  12636: ffffff;
  12637: ffffff;
  12638: ffffff;
  12639: ffffff;
  12640: ffffff;
  12641: ffffff;
  12642: ffffff;
  12643: ffffff;
  12644: ffffff;
  12645: ffffff;
  12646: ffffff;
  12647: ffffff;
  12648: ffffff;
  12649: ffffff;
  12650: ffffff;
  12651: ffffff;
  12652: ffffff;
  12653: ffffff;
  12654: ffffff;
  12655: ffffff;
  12656: ffffff;
  12657: ffffff;
  12658: ffffff;
  12659: ffffff;
  12660: ffffff;
  12661: ffffff;
  12662: ffffff;
  12663: ffffff;
  12664: ffffff;
  12665: ffffff;
  12666: ffffff;
  12667: ffffff;
  12668: ffffff;
  12669: ffffff;
  12670: ffffff;
  12671: ffffff;
  12672: ffffff;
  12673: ffffff;
  12674: ffffff;
  12675: ffffff;
  12676: ffffff;
  12677: ffffff;
  12678: ffffff;
  12679: ffffff;
  12680: ffffff;
  12681: ffffff;
  12682: ffffff;
  12683: ffffff;
  12684: ffffff;
  12685: ffffff;
  12686: ffffff;
  12687: ffffff;
  12688: ffffff;
  12689: ffffff;
  12690: ffffff;
  12691: ffffff;
  12692: ffffff;
  12693: ffffff;
  12694: ffffff;
  12695: ffffff;
  12696: ffffff;
  12697: ffffff;
  12698: ffffff;
  12699: ffffff;
  12700: ffffff;
  12701: ffffff;
  12702: ffffff;
  12703: ffffff;
  12704: ffffff;
  12705: ffffff;
  12706: ffffff;
  12707: ffffff;
  12708: ffffff;
  12709: ffffff;
  12710: ffffff;
  12711: ffffff;
  12712: ffffff;
  12713: ffffff;
  12714: ffffff;
  12715: ffffff;
  12716: ffffff;
  12717: ffffff;
  12718: ffffff;
  12719: ffffff;
  12720: ffffff;
  12721: ffffff;
  12722: ffffff;
  12723: ffffff;
  12724: ffffff;
  12725: ffffff;
  12726: ffffff;
  12727: ffffff;
  12728: ffffff;
  12729: ffffff;
  12730: ffffff;
  12731: ffffff;
  12732: ffffff;
  12733: ffffff;
  12734: ffffff;
  12735: ffffff;
  12736: ffffff;
  12737: ffffff;
  12738: ffffff;
  12739: ffffff;
  12740: ffffff;
  12741: ffffff;
  12742: ffffff;
  12743: ffffff;
  12744: ffffff;
  12745: ffffff;
  12746: ffffff;
  12747: ffffff;
  12748: ffffff;
  12749: fefefe;
  12750: ffffff;
  12751: ffffff;
  12752: ffffff;
  12753: 0;
  12754: 0;
  12755: 0;
  12756: 0;
  12757: 0;
  12758: 0;
  12759: 0;
  12760: 0;
  12761: 0;
  12762: 0;
  12763: 0;
  12764: ffffff;
  12765: ffffff;
  12766: ffffff;
  12767: ffffff;
  12768: ffffff;
  12769: ffffff;
  12770: ffffff;
  12771: ffffff;
  12772: ffffff;
  12773: ffffff;
  12774: ffffff;
  12775: ffffff;
  12776: ffffff;
  12777: ffffff;
  12778: ffffff;
  12779: ffffff;
  12780: ffffff;
  12781: ffffff;
  12782: ffffff;
  12783: ffffff;
  12784: ffffff;
  12785: ffffff;
  12786: ffffff;
  12787: ffffff;
  12788: ffffff;
  12789: ffffff;
  12790: ffffff;
  12791: ffffff;
  12792: ffffff;
  12793: ffffff;
  12794: ffffff;
  12795: ffffff;
  12796: ffffff;
  12797: ffffff;
  12798: ffffff;
  12799: ffffff;
  12800: ffffff;
  12801: ffffff;
  12802: ffffff;
  12803: ffffff;
  12804: ffffff;
  12805: ffffff;
  12806: ffffff;
  12807: ffffff;
  12808: ffffff;
  12809: ffffff;
  12810: ffffff;
  12811: ffffff;
  12812: ffffff;
  12813: ffffff;
  12814: ffffff;
  12815: ffffff;
  12816: ffffff;
  12817: ffffff;
  12818: ffffff;
  12819: ffffff;
  12820: ffffff;
  12821: ffffff;
  12822: ffffff;
  12823: ffffff;
  12824: ffffff;
  12825: ffffff;
  12826: ffffff;
  12827: ffffff;
  12828: ffffff;
  12829: ffffff;
  12830: ffffff;
  12831: ffffff;
  12832: ffffff;
  12833: ffffff;
  12834: ffffff;
  12835: ffffff;
  12836: ffffff;
  12837: ffffff;
  12838: ffffff;
  12839: ffffff;
  12840: ffffff;
  12841: ffffff;
  12842: ffffff;
  12843: ffffff;
  12844: ffffff;
  12845: ffffff;
  12846: ffffff;
  12847: ffffff;
  12848: ffffff;
  12849: ffffff;
  12850: ffffff;
  12851: ffffff;
  12852: ffffff;
  12853: ffffff;
  12854: ffffff;
  12855: ffffff;
  12856: ffffff;
  12857: ffffff;
  12858: ffffff;
  12859: ffffff;
  12860: ffffff;
  12861: ffffff;
  12862: ffffff;
  12863: ffffff;
  12864: ffffff;
  12865: ffffff;
  12866: ffffff;
  12867: ffffff;
  12868: ffffff;
  12869: ffffff;
  12870: ffffff;
  12871: ffffff;
  12872: ffffff;
  12873: ffffff;
  12874: ffffff;
  12875: ffffff;
  12876: ffffff;
  12877: ffffff;
  12878: ffffff;
  12879: ffffff;
  12880: 0;
  12881: 0;
  12882: 0;
  12883: 0;
  12884: 0;
  12885: 0;
  12886: 0;
  12887: 0;
  12888: 0;
  12889: 0;
  12890: 0;
  12891: ffffff;
  12892: ffffff;
  12893: ffffff;
  12894: ffffff;
  12895: ffffff;
  12896: ffffff;
  12897: ffffff;
  12898: ffffff;
  12899: ffffff;
  12900: ffffff;
  12901: ffffff;
  12902: ffffff;
  12903: ffffff;
  12904: ffffff;
  12905: ffffff;
  12906: ffffff;
  12907: ffffff;
  12908: ffffff;
  12909: ffffff;
  12910: ffffff;
  12911: ffffff;
  12912: ffffff;
  12913: ffffff;
  12914: ffffff;
  12915: ffffff;
  12916: ffffff;
  12917: ffffff;
  12918: ffffff;
  12919: ffffff;
  12920: ffffff;
  12921: ffffff;
  12922: ffffff;
  12923: ffffff;
  12924: ffffff;
  12925: ffffff;
  12926: ffffff;
  12927: ffffff;
  12928: ffffff;
  12929: ffffff;
  12930: ffffff;
  12931: ffffff;
  12932: ffffff;
  12933: ffffff;
  12934: ffffff;
  12935: ffffff;
  12936: ffffff;
  12937: ffffff;
  12938: ffffff;
  12939: ffffff;
  12940: ffffff;
  12941: ffffff;
  12942: ffffff;
  12943: ffffff;
  12944: ffffff;
  12945: ffffff;
  12946: ffffff;
  12947: ffffff;
  12948: ffffff;
  12949: ffffff;
  12950: ffffff;
  12951: ffffff;
  12952: ffffff;
  12953: ffffff;
  12954: ffffff;
  12955: ffffff;
  12956: ffffff;
  12957: ffffff;
  12958: ffffff;
  12959: ffffff;
  12960: ffffff;
  12961: ffffff;
  12962: ffffff;
  12963: ffffff;
  12964: ffffff;
  12965: ffffff;
  12966: ffffff;
  12967: ffffff;
  12968: ffffff;
  12969: ffffff;
  12970: ffffff;
  12971: ffffff;
  12972: ffffff;
  12973: ffffff;
  12974: ffffff;
  12975: ffffff;
  12976: ffffff;
  12977: ffffff;
  12978: ffffff;
  12979: ffffff;
  12980: ffffff;
  12981: ffffff;
  12982: ffffff;
  12983: ffffff;
  12984: ffffff;
  12985: ffffff;
  12986: ffffff;
  12987: ffffff;
  12988: ffffff;
  12989: ffffff;
  12990: ffffff;
  12991: ffffff;
  12992: ffffff;
  12993: ffffff;
  12994: ffffff;
  12995: ffffff;
  12996: ffffff;
  12997: ffffff;
  12998: ffffff;
  12999: ffffff;
  13000: ffffff;
  13001: ffffff;
  13002: ffffff;
  13003: fefefe;
  13004: ffffff;
  13005: ffffff;
  13006: ffffff;
  13007: ffffff;
  13008: 0;
  13009: 0;
  13010: 0;
  13011: 0;
  13012: 0;
  13013: 0;
  13014: 0;
  13015: 0;
  13016: 0;
  13017: 0;
  13018: 0;
  13019: ffffff;
  13020: ffffff;
  13021: ffffff;
  13022: ffffff;
  13023: ffffff;
  13024: ffffff;
  13025: ffffff;
  13026: ffffff;
  13027: ffffff;
  13028: ffffff;
  13029: ffffff;
  13030: ffffff;
  13031: ffffff;
  13032: ffffff;
  13033: ffffff;
  13034: ffffff;
  13035: ffffff;
  13036: ffffff;
  13037: ffffff;
  13038: ffffff;
  13039: ffffff;
  13040: ffffff;
  13041: ffffff;
  13042: ffffff;
  13043: ffffff;
  13044: ffffff;
  13045: ffffff;
  13046: ffffff;
  13047: ffffff;
  13048: ffffff;
  13049: ffffff;
  13050: ffffff;
  13051: ffffff;
  13052: ffffff;
  13053: ffffff;
  13054: ffffff;
  13055: ffffff;
  13056: ffffff;
  13057: ffffff;
  13058: ffffff;
  13059: ffffff;
  13060: ffffff;
  13061: ffffff;
  13062: ffffff;
  13063: ffffff;
  13064: ffffff;
  13065: ffffff;
  13066: ffffff;
  13067: ffffff;
  13068: ffffff;
  13069: ffffff;
  13070: ffffff;
  13071: ffffff;
  13072: ffffff;
  13073: ffffff;
  13074: ffffff;
  13075: ffffff;
  13076: ffffff;
  13077: ffffff;
  13078: ffffff;
  13079: ffffff;
  13080: ffffff;
  13081: ffffff;
  13082: ffffff;
  13083: ffffff;
  13084: ffffff;
  13085: ffffff;
  13086: ffffff;
  13087: ffffff;
  13088: ffffff;
  13089: ffffff;
  13090: ffffff;
  13091: ffffff;
  13092: ffffff;
  13093: ffffff;
  13094: ffffff;
  13095: ffffff;
  13096: ffffff;
  13097: ffffff;
  13098: ffffff;
  13099: ffffff;
  13100: ffffff;
  13101: ffffff;
  13102: ffffff;
  13103: ffffff;
  13104: ffffff;
  13105: ffffff;
  13106: ffffff;
  13107: ffffff;
  13108: ffffff;
  13109: ffffff;
  13110: ffffff;
  13111: ffffff;
  13112: ffffff;
  13113: ffffff;
  13114: ffffff;
  13115: ffffff;
  13116: ffffff;
  13117: ffffff;
  13118: ffffff;
  13119: ffffff;
  13120: ffffff;
  13121: ffffff;
  13122: ffffff;
  13123: ffffff;
  13124: ffffff;
  13125: ffffff;
  13126: ffffff;
  13127: ffffff;
  13128: fefefe;
  13129: ffffff;
  13130: ffffff;
  13131: ffffff;
  13132: ffffff;
  13133: ffffff;
  13134: ffffff;
  13135: 0;
  13136: 0;
  13137: 0;
  13138: 0;
  13139: 0;
  13140: 0;
  13141: 0;
  13142: 0;
  13143: 0;
  13144: 0;
  13145: 0;
  13146: ffffff;
  13147: ffffff;
  13148: ffffff;
  13149: ffffff;
  13150: ffffff;
  13151: ffffff;
  13152: ffffff;
  13153: ffffff;
  13154: ffffff;
  13155: ffffff;
  13156: ffffff;
  13157: ffffff;
  13158: ffffff;
  13159: ffffff;
  13160: ffffff;
  13161: ffffff;
  13162: ffffff;
  13163: ffffff;
  13164: ffffff;
  13165: ffffff;
  13166: ffffff;
  13167: ffffff;
  13168: ffffff;
  13169: ffffff;
  13170: ffffff;
  13171: ffffff;
  13172: ffffff;
  13173: ffffff;
  13174: ffffff;
  13175: ffffff;
  13176: ffffff;
  13177: ffffff;
  13178: ffffff;
  13179: ffffff;
  13180: ffffff;
  13181: ffffff;
  13182: ffffff;
  13183: ffffff;
  13184: ffffff;
  13185: ffffff;
  13186: ffffff;
  13187: ffffff;
  13188: ffffff;
  13189: ffffff;
  13190: ffffff;
  13191: ffffff;
  13192: ffffff;
  13193: ffffff;
  13194: ffffff;
  13195: ffffff;
  13196: ffffff;
  13197: ffffff;
  13198: ffffff;
  13199: ffffff;
  13200: ffffff;
  13201: ffffff;
  13202: ffffff;
  13203: ffffff;
  13204: ffffff;
  13205: ffffff;
  13206: ffffff;
  13207: ffffff;
  13208: ffffff;
  13209: ffffff;
  13210: ffffff;
  13211: ffffff;
  13212: ffffff;
  13213: ffffff;
  13214: ffffff;
  13215: ffffff;
  13216: ffffff;
  13217: ffffff;
  13218: ffffff;
  13219: ffffff;
  13220: ffffff;
  13221: ffffff;
  13222: ffffff;
  13223: ffffff;
  13224: ffffff;
  13225: ffffff;
  13226: ffffff;
  13227: ffffff;
  13228: ffffff;
  13229: ffffff;
  13230: ffffff;
  13231: ffffff;
  13232: ffffff;
  13233: ffffff;
  13234: ffffff;
  13235: ffffff;
  13236: ffffff;
  13237: ffffff;
  13238: ffffff;
  13239: ffffff;
  13240: ffffff;
  13241: ffffff;
  13242: ffffff;
  13243: ffffff;
  13244: ffffff;
  13245: ffffff;
  13246: ffffff;
  13247: ffffff;
  13248: ffffff;
  13249: ffffff;
  13250: ffffff;
  13251: ffffff;
  13252: ffffff;
  13253: ffffff;
  13254: ffffff;
  13255: ffffff;
  13256: ffffff;
  13257: ffffff;
  13258: ffffff;
  13259: ffffff;
  13260: ffffff;
  13261: ffffff;
  13262: 0;
  13263: 0;
  13264: 0;
  13265: 0;
  13266: 0;
  13267: 0;
  13268: 0;
  13269: 0;
  13270: 0;
  13271: 0;
  13272: 10101;
  13273: 0;
  13274: ffffff;
  13275: ffffff;
  13276: ffffff;
  13277: ffffff;
  13278: ffffff;
  13279: ffffff;
  13280: ffffff;
  13281: ffffff;
  13282: ffffff;
  13283: ffffff;
  13284: ffffff;
  13285: ffffff;
  13286: ffffff;
  13287: ffffff;
  13288: ffffff;
  13289: ffffff;
  13290: ffffff;
  13291: ffffff;
  13292: ffffff;
  13293: ffffff;
  13294: ffffff;
  13295: ffffff;
  13296: ffffff;
  13297: ffffff;
  13298: ffffff;
  13299: ffffff;
  13300: ffffff;
  13301: ffffff;
  13302: ffffff;
  13303: ffffff;
  13304: ffffff;
  13305: ffffff;
  13306: ffffff;
  13307: ffffff;
  13308: ffffff;
  13309: ffffff;
  13310: ffffff;
  13311: ffffff;
  13312: ffffff;
  13313: ffffff;
  13314: ffffff;
  13315: ffffff;
  13316: ffffff;
  13317: ffffff;
  13318: ffffff;
  13319: ffffff;
  13320: ffffff;
  13321: ffffff;
  13322: ffffff;
  13323: ffffff;
  13324: ffffff;
  13325: ffffff;
  13326: ffffff;
  13327: ffffff;
  13328: ffffff;
  13329: ffffff;
  13330: ffffff;
  13331: ffffff;
  13332: ffffff;
  13333: ffffff;
  13334: ffffff;
  13335: ffffff;
  13336: ffffff;
  13337: ffffff;
  13338: ffffff;
  13339: ffffff;
  13340: ffffff;
  13341: ffffff;
  13342: ffffff;
  13343: ffffff;
  13344: ffffff;
  13345: ffffff;
  13346: ffffff;
  13347: ffffff;
  13348: ffffff;
  13349: ffffff;
  13350: ffffff;
  13351: ffffff;
  13352: ffffff;
  13353: ffffff;
  13354: ffffff;
  13355: ffffff;
  13356: ffffff;
  13357: ffffff;
  13358: ffffff;
  13359: ffffff;
  13360: ffffff;
  13361: ffffff;
  13362: ffffff;
  13363: ffffff;
  13364: ffffff;
  13365: ffffff;
  13366: ffffff;
  13367: ffffff;
  13368: ffffff;
  13369: ffffff;
  13370: ffffff;
  13371: ffffff;
  13372: ffffff;
  13373: ffffff;
  13374: ffffff;
  13375: ffffff;
  13376: ffffff;
  13377: ffffff;
  13378: ffffff;
  13379: ffffff;
  13380: ffffff;
  13381: ffffff;
  13382: ffffff;
  13383: ffffff;
  13384: ffffff;
  13385: ffffff;
  13386: ffffff;
  13387: ffffff;
  13388: ffffff;
  13389: ffffff;
  13390: 0;
  13391: 0;
  13392: 0;
  13393: 10101;
  13394: 0;
  13395: 0;
  13396: 0;
  13397: 0;
  13398: 0;
  13399: 0;
  13400: 0;
  13401: ffffff;
  13402: ffffff;
  13403: ffffff;
  13404: ffffff;
  13405: ffffff;
  13406: ffffff;
  13407: fefefe;
  13408: ffffff;
  13409: ffffff;
  13410: ffffff;
  13411: ffffff;
  13412: ffffff;
  13413: ffffff;
  13414: ffffff;
  13415: ffffff;
  13416: ffffff;
  13417: ffffff;
  13418: ffffff;
  13419: ffffff;
  13420: ffffff;
  13421: ffffff;
  13422: ffffff;
  13423: ffffff;
  13424: ffffff;
  13425: ffffff;
  13426: ffffff;
  13427: ffffff;
  13428: ffffff;
  13429: ffffff;
  13430: ffffff;
  13431: ffffff;
  13432: ffffff;
  13433: ffffff;
  13434: ffffff;
  13435: ffffff;
  13436: ffffff;
  13437: ffffff;
  13438: ffffff;
  13439: ffffff;
  13440: ffffff;
  13441: ffffff;
  13442: ffffff;
  13443: ffffff;
  13444: ffffff;
  13445: ffffff;
  13446: ffffff;
  13447: ffffff;
  13448: ffffff;
  13449: ffffff;
  13450: ffffff;
  13451: ffffff;
  13452: ffffff;
  13453: ffffff;
  13454: ffffff;
  13455: ffffff;
  13456: ffffff;
  13457: ffffff;
  13458: ffffff;
  13459: ffffff;
  13460: ffffff;
  13461: ffffff;
  13462: ffffff;
  13463: ffffff;
  13464: ffffff;
  13465: ffffff;
  13466: ffffff;
  13467: ffffff;
  13468: ffffff;
  13469: ffffff;
  13470: ffffff;
  13471: ffffff;
  13472: ffffff;
  13473: ffffff;
  13474: ffffff;
  13475: ffffff;
  13476: ffffff;
  13477: ffffff;
  13478: ffffff;
  13479: ffffff;
  13480: ffffff;
  13481: ffffff;
  13482: ffffff;
  13483: ffffff;
  13484: ffffff;
  13485: ffffff;
  13486: ffffff;
  13487: ffffff;
  13488: ffffff;
  13489: ffffff;
  13490: ffffff;
  13491: ffffff;
  13492: ffffff;
  13493: ffffff;
  13494: ffffff;
  13495: ffffff;
  13496: ffffff;
  13497: ffffff;
  13498: ffffff;
  13499: ffffff;
  13500: ffffff;
  13501: ffffff;
  13502: ffffff;
  13503: ffffff;
  13504: ffffff;
  13505: ffffff;
  13506: ffffff;
  13507: ffffff;
  13508: ffffff;
  13509: ffffff;
  13510: ffffff;
  13511: ffffff;
  13512: ffffff;
  13513: ffffff;
  13514: ffffff;
  13515: ffffff;
  13516: ffffff;
  13517: 0;
  13518: 0;
  13519: 0;
  13520: 0;
  13521: 0;
  13522: 0;
  13523: 0;
  13524: 0;
  13525: 0;
  13526: 0;
  13527: 0;
  13528: 0;
  13529: ffffff;
  13530: ffffff;
  13531: ffffff;
  13532: ffffff;
  13533: ffffff;
  13534: ffffff;
  13535: ffffff;
  13536: ffffff;
  13537: ffffff;
  13538: ffffff;
  13539: ffffff;
  13540: ffffff;
  13541: ffffff;
  13542: ffffff;
  13543: ffffff;
  13544: ffffff;
  13545: ffffff;
  13546: ffffff;
  13547: ffffff;
  13548: ffffff;
  13549: ffffff;
  13550: ffffff;
  13551: ffffff;
  13552: ffffff;
  13553: ffffff;
  13554: ffffff;
  13555: ffffff;
  13556: ffffff;
  13557: ffffff;
  13558: ffffff;
  13559: ffffff;
  13560: ffffff;
  13561: ffffff;
  13562: ffffff;
  13563: ffffff;
  13564: ffffff;
  13565: ffffff;
  13566: ffffff;
  13567: ffffff;
  13568: ffffff;
  13569: ffffff;
  13570: ffffff;
  13571: ffffff;
  13572: ffffff;
  13573: ffffff;
  13574: ffffff;
  13575: ffffff;
  13576: ffffff;
  13577: ffffff;
  13578: ffffff;
  13579: ffffff;
  13580: ffffff;
  13581: ffffff;
  13582: ffffff;
  13583: ffffff;
  13584: ffffff;
  13585: ffffff;
  13586: ffffff;
  13587: ffffff;
  13588: ffffff;
  13589: ffffff;
  13590: ffffff;
  13591: ffffff;
  13592: ffffff;
  13593: ffffff;
  13594: ffffff;
  13595: ffffff;
  13596: ffffff;
  13597: ffffff;
  13598: ffffff;
  13599: ffffff;
  13600: ffffff;
  13601: ffffff;
  13602: ffffff;
  13603: ffffff;
  13604: ffffff;
  13605: ffffff;
  13606: ffffff;
  13607: ffffff;
  13608: ffffff;
  13609: ffffff;
  13610: ffffff;
  13611: ffffff;
  13612: ffffff;
  13613: ffffff;
  13614: ffffff;
  13615: ffffff;
  13616: ffffff;
  13617: ffffff;
  13618: ffffff;
  13619: ffffff;
  13620: ffffff;
  13621: ffffff;
  13622: ffffff;
  13623: ffffff;
  13624: ffffff;
  13625: ffffff;
  13626: ffffff;
  13627: ffffff;
  13628: ffffff;
  13629: ffffff;
  13630: ffffff;
  13631: ffffff;
  13632: ffffff;
  13633: ffffff;
  13634: ffffff;
  13635: ffffff;
  13636: ffffff;
  13637: ffffff;
  13638: ffffff;
  13639: ffffff;
  13640: ffffff;
  13641: ffffff;
  13642: ffffff;
  13643: ffffff;
  13644: 10101;
  13645: 0;
  13646: 0;
  13647: 0;
  13648: 0;
  13649: 0;
  13650: 0;
  13651: 0;
  13652: 0;
  13653: 0;
  13654: 0;
  13655: 0;
  13656: ffffff;
  13657: ffffff;
  13658: ffffff;
  13659: ffffff;
  13660: ffffff;
  13661: ffffff;
  13662: ffffff;
  13663: fefefe;
  13664: ffffff;
  13665: ffffff;
  13666: ffffff;
  13667: ffffff;
  13668: ffffff;
  13669: ffffff;
  13670: ffffff;
  13671: ffffff;
  13672: ffffff;
  13673: ffffff;
  13674: ffffff;
  13675: ffffff;
  13676: ffffff;
  13677: ffffff;
  13678: ffffff;
  13679: ffffff;
  13680: ffffff;
  13681: ffffff;
  13682: ffffff;
  13683: ffffff;
  13684: ffffff;
  13685: ffffff;
  13686: ffffff;
  13687: ffffff;
  13688: ffffff;
  13689: ffffff;
  13690: ffffff;
  13691: ffffff;
  13692: ffffff;
  13693: ffffff;
  13694: ffffff;
  13695: ffffff;
  13696: ffffff;
  13697: ffffff;
  13698: ffffff;
  13699: ffffff;
  13700: ffffff;
  13701: ffffff;
  13702: ffffff;
  13703: ffffff;
  13704: ffffff;
  13705: ffffff;
  13706: ffffff;
  13707: ffffff;
  13708: ffffff;
  13709: ffffff;
  13710: ffffff;
  13711: ffffff;
  13712: ffffff;
  13713: ffffff;
  13714: ffffff;
  13715: ffffff;
  13716: ffffff;
  13717: ffffff;
  13718: ffffff;
  13719: ffffff;
  13720: ffffff;
  13721: ffffff;
  13722: ffffff;
  13723: ffffff;
  13724: ffffff;
  13725: ffffff;
  13726: ffffff;
  13727: ffffff;
  13728: ffffff;
  13729: fefefe;
  13730: ffffff;
  13731: ffffff;
  13732: ffffff;
  13733: fefefe;
  13734: ffffff;
  13735: ffffff;
  13736: ffffff;
  13737: ffffff;
  13738: ffffff;
  13739: ffffff;
  13740: ffffff;
  13741: ffffff;
  13742: ffffff;
  13743: ffffff;
  13744: ffffff;
  13745: ffffff;
  13746: ffffff;
  13747: ffffff;
  13748: ffffff;
  13749: ffffff;
  13750: ffffff;
  13751: ffffff;
  13752: ffffff;
  13753: ffffff;
  13754: ffffff;
  13755: ffffff;
  13756: ffffff;
  13757: ffffff;
  13758: ffffff;
  13759: ffffff;
  13760: ffffff;
  13761: ffffff;
  13762: ffffff;
  13763: ffffff;
  13764: ffffff;
  13765: ffffff;
  13766: ffffff;
  13767: ffffff;
  13768: fefefe;
  13769: ffffff;
  13770: ffffff;
  13771: 0;
  13772: 0;
  13773: 0;
  13774: 0;
  13775: 0;
  13776: 0;
  13777: 0;
  13778: 0;
  13779: 0;
  13780: 0;
  13781: 0;
  13782: 0;
  13783: ffffff;
  13784: ffffff;
  13785: ffffff;
  13786: ffffff;
  13787: ffffff;
  13788: ffffff;
  13789: ffffff;
  13790: ffffff;
  13791: ffffff;
  13792: ffffff;
  13793: ffffff;
  13794: ffffff;
  13795: ffffff;
  13796: ffffff;
  13797: ffffff;
  13798: ffffff;
  13799: ffffff;
  13800: ffffff;
  13801: ffffff;
  13802: ffffff;
  13803: ffffff;
  13804: ffffff;
  13805: ffffff;
  13806: ffffff;
  13807: ffffff;
  13808: ffffff;
  13809: ffffff;
  13810: ffffff;
  13811: ffffff;
  13812: ffffff;
  13813: ffffff;
  13814: ffffff;
  13815: ffffff;
  13816: ffffff;
  13817: ffffff;
  13818: ffffff;
  13819: ffffff;
  13820: ffffff;
  13821: ffffff;
  13822: ffffff;
  13823: ffffff;
  13824: ffffff;
  13825: ffffff;
  13826: ffffff;
  13827: ffffff;
  13828: ffffff;
  13829: ffffff;
  13830: ffffff;
  13831: ffffff;
  13832: ffffff;
  13833: ffffff;
  13834: ffffff;
  13835: ffffff;
  13836: ffffff;
  13837: ffffff;
  13838: ffffff;
  13839: ffffff;
  13840: ffffff;
  13841: ffffff;
  13842: ffffff;
  13843: ffffff;
  13844: ffffff;
  13845: ffffff;
  13846: ffffff;
  13847: ffffff;
  13848: ffffff;
  13849: ffffff;
  13850: ffffff;
  13851: ffffff;
  13852: ffffff;
  13853: ffffff;
  13854: ffffff;
  13855: ffffff;
  13856: ffffff;
  13857: ffffff;
  13858: ffffff;
  13859: ffffff;
  13860: ffffff;
  13861: ffffff;
  13862: ffffff;
  13863: ffffff;
  13864: ffffff;
  13865: ffffff;
  13866: ffffff;
  13867: ffffff;
  13868: ffffff;
  13869: ffffff;
  13870: ffffff;
  13871: ffffff;
  13872: ffffff;
  13873: ffffff;
  13874: ffffff;
  13875: ffffff;
  13876: ffffff;
  13877: ffffff;
  13878: ffffff;
  13879: ffffff;
  13880: ffffff;
  13881: ffffff;
  13882: ffffff;
  13883: ffffff;
  13884: ffffff;
  13885: ffffff;
  13886: ffffff;
  13887: ffffff;
  13888: ffffff;
  13889: ffffff;
  13890: ffffff;
  13891: ffffff;
  13892: ffffff;
  13893: ffffff;
  13894: ffffff;
  13895: ffffff;
  13896: ffffff;
  13897: ffffff;
  13898: 0;
  13899: 0;
  13900: 0;
  13901: 0;
  13902: 0;
  13903: 0;
  13904: 0;
  13905: 0;
  13906: 0;
  13907: 0;
  13908: 0;
  13909: 0;
  13910: ffffff;
  13911: ffffff;
  13912: ffffff;
  13913: ffffff;
  13914: ffffff;
  13915: ffffff;
  13916: ffffff;
  13917: ffffff;
  13918: ffffff;
  13919: ffffff;
  13920: ffffff;
  13921: ffffff;
  13922: ffffff;
  13923: ffffff;
  13924: ffffff;
  13925: ffffff;
  13926: ffffff;
  13927: ffffff;
  13928: ffffff;
  13929: ffffff;
  13930: ffffff;
  13931: ffffff;
  13932: ffffff;
  13933: ffffff;
  13934: ffffff;
  13935: ffffff;
  13936: ffffff;
  13937: ffffff;
  13938: ffffff;
  13939: ffffff;
  13940: ffffff;
  13941: ffffff;
  13942: ffffff;
  13943: ffffff;
  13944: ffffff;
  13945: ffffff;
  13946: ffffff;
  13947: ffffff;
  13948: ffffff;
  13949: ffffff;
  13950: ffffff;
  13951: ffffff;
  13952: ffffff;
  13953: ffffff;
  13954: ffffff;
  13955: ffffff;
  13956: ffffff;
  13957: ffffff;
  13958: ffffff;
  13959: ffffff;
  13960: ffffff;
  13961: ffffff;
  13962: ffffff;
  13963: ffffff;
  13964: ffffff;
  13965: ffffff;
  13966: ffffff;
  13967: ffffff;
  13968: ffffff;
  13969: ffffff;
  13970: ffffff;
  13971: ffffff;
  13972: ffffff;
  13973: ffffff;
  13974: ffffff;
  13975: ffffff;
  13976: ffffff;
  13977: ffffff;
  13978: ffffff;
  13979: ffffff;
  13980: ffffff;
  13981: ffffff;
  13982: ffffff;
  13983: ffffff;
  13984: ffffff;
  13985: ffffff;
  13986: ffffff;
  13987: ffffff;
  13988: ffffff;
  13989: ffffff;
  13990: ffffff;
  13991: ffffff;
  13992: ffffff;
  13993: ffffff;
  13994: ffffff;
  13995: ffffff;
  13996: ffffff;
  13997: ffffff;
  13998: ffffff;
  13999: ffffff;
  14000: ffffff;
  14001: ffffff;
  14002: ffffff;
  14003: ffffff;
  14004: ffffff;
  14005: ffffff;
  14006: ffffff;
  14007: ffffff;
  14008: ffffff;
  14009: ffffff;
  14010: ffffff;
  14011: ffffff;
  14012: ffffff;
  14013: ffffff;
  14014: ffffff;
  14015: ffffff;
  14016: ffffff;
  14017: ffffff;
  14018: ffffff;
  14019: ffffff;
  14020: ffffff;
  14021: ffffff;
  14022: ffffff;
  14023: ffffff;
  14024: 0;
  14025: 0;
  14026: 0;
  14027: 0;
  14028: 0;
  14029: 0;
  14030: 0;
  14031: 0;
  14032: 0;
  14033: 0;
  14034: 0;
  14035: 0;
  14036: 0;
  14037: 0;
  14038: ffffff;
  14039: ffffff;
  14040: ffffff;
  14041: ffffff;
  14042: ffffff;
  14043: ffffff;
  14044: ffffff;
  14045: ffffff;
  14046: ffffff;
  14047: ffffff;
  14048: ffffff;
  14049: ffffff;
  14050: ffffff;
  14051: ffffff;
  14052: ffffff;
  14053: ffffff;
  14054: ffffff;
  14055: ffffff;
  14056: ffffff;
  14057: ffffff;
  14058: ffffff;
  14059: ffffff;
  14060: ffffff;
  14061: ffffff;
  14062: ffffff;
  14063: ffffff;
  14064: ffffff;
  14065: ffffff;
  14066: ffffff;
  14067: ffffff;
  14068: ffffff;
  14069: ffffff;
  14070: ffffff;
  14071: ffffff;
  14072: ffffff;
  14073: ffffff;
  14074: ffffff;
  14075: ffffff;
  14076: ffffff;
  14077: ffffff;
  14078: ffffff;
  14079: ffffff;
  14080: ffffff;
  14081: ffffff;
  14082: ffffff;
  14083: ffffff;
  14084: ffffff;
  14085: ffffff;
  14086: ffffff;
  14087: ffffff;
  14088: ffffff;
  14089: ffffff;
  14090: ffffff;
  14091: ffffff;
  14092: ffffff;
  14093: ffffff;
  14094: ffffff;
  14095: ffffff;
  14096: ffffff;
  14097: ffffff;
  14098: ffffff;
  14099: ffffff;
  14100: ffffff;
  14101: ffffff;
  14102: ffffff;
  14103: ffffff;
  14104: ffffff;
  14105: ffffff;
  14106: ffffff;
  14107: ffffff;
  14108: ffffff;
  14109: ffffff;
  14110: ffffff;
  14111: ffffff;
  14112: ffffff;
  14113: ffffff;
  14114: ffffff;
  14115: ffffff;
  14116: ffffff;
  14117: ffffff;
  14118: ffffff;
  14119: ffffff;
  14120: ffffff;
  14121: ffffff;
  14122: ffffff;
  14123: ffffff;
  14124: ffffff;
  14125: ffffff;
  14126: ffffff;
  14127: ffffff;
  14128: ffffff;
  14129: ffffff;
  14130: ffffff;
  14131: ffffff;
  14132: ffffff;
  14133: ffffff;
  14134: ffffff;
  14135: ffffff;
  14136: ffffff;
  14137: ffffff;
  14138: ffffff;
  14139: ffffff;
  14140: ffffff;
  14141: ffffff;
  14142: ffffff;
  14143: ffffff;
  14144: ffffff;
  14145: ffffff;
  14146: ffffff;
  14147: ffffff;
  14148: ffffff;
  14149: ffffff;
  14150: ffffff;
  14151: 0;
  14152: 0;
  14153: 0;
  14154: 0;
  14155: 0;
  14156: 0;
  14157: 0;
  14158: 0;
  14159: 0;
  14160: 0;
  14161: 0;
  14162: 10101;
  14163: 0;
  14164: 0;
  14165: fefefe;
  14166: fefefe;
  14167: ffffff;
  14168: ffffff;
  14169: ffffff;
  14170: ffffff;
  14171: ffffff;
  14172: ffffff;
  14173: ffffff;
  14174: ffffff;
  14175: ffffff;
  14176: ffffff;
  14177: ffffff;
  14178: ffffff;
  14179: ffffff;
  14180: ffffff;
  14181: ffffff;
  14182: ffffff;
  14183: ffffff;
  14184: ffffff;
  14185: ffffff;
  14186: ffffff;
  14187: ffffff;
  14188: ffffff;
  14189: ffffff;
  14190: ffffff;
  14191: ffffff;
  14192: ffffff;
  14193: ffffff;
  14194: ffffff;
  14195: ffffff;
  14196: ffffff;
  14197: ffffff;
  14198: ffffff;
  14199: ffffff;
  14200: ffffff;
  14201: ffffff;
  14202: ffffff;
  14203: ffffff;
  14204: ffffff;
  14205: ffffff;
  14206: ffffff;
  14207: ffffff;
  14208: ffffff;
  14209: ffffff;
  14210: ffffff;
  14211: ffffff;
  14212: ffffff;
  14213: ffffff;
  14214: ffffff;
  14215: ffffff;
  14216: ffffff;
  14217: ffffff;
  14218: ffffff;
  14219: ffffff;
  14220: ffffff;
  14221: ffffff;
  14222: ffffff;
  14223: ffffff;
  14224: ffffff;
  14225: ffffff;
  14226: ffffff;
  14227: ffffff;
  14228: ffffff;
  14229: ffffff;
  14230: ffffff;
  14231: ffffff;
  14232: ffffff;
  14233: ffffff;
  14234: ffffff;
  14235: ffffff;
  14236: ffffff;
  14237: ffffff;
  14238: ffffff;
  14239: ffffff;
  14240: ffffff;
  14241: 0;
  14242: 0;
  14243: ffffff;
  14244: ffffff;
  14245: ffffff;
  14246: ffffff;
  14247: ffffff;
  14248: ffffff;
  14249: ffffff;
  14250: ffffff;
  14251: ffffff;
  14252: ffffff;
  14253: ffffff;
  14254: ffffff;
  14255: ffffff;
  14256: ffffff;
  14257: ffffff;
  14258: ffffff;
  14259: ffffff;
  14260: ffffff;
  14261: ffffff;
  14262: ffffff;
  14263: ffffff;
  14264: ffffff;
  14265: ffffff;
  14266: ffffff;
  14267: ffffff;
  14268: ffffff;
  14269: ffffff;
  14270: ffffff;
  14271: ffffff;
  14272: ffffff;
  14273: ffffff;
  14274: ffffff;
  14275: ffffff;
  14276: ffffff;
  14277: 0;
  14278: 10101;
  14279: 0;
  14280: 0;
  14281: 0;
  14282: 0;
  14283: 0;
  14284: 0;
  14285: 0;
  14286: 0;
  14287: 0;
  14288: 0;
  14289: 0;
  14290: 0;
  14291: 0;
  14292: ffffff;
  14293: ffffff;
  14294: ffffff;
  14295: ffffff;
  14296: ffffff;
  14297: ffffff;
  14298: ffffff;
  14299: ffffff;
  14300: ffffff;
  14301: ffffff;
  14302: ffffff;
  14303: ffffff;
  14304: ffffff;
  14305: ffffff;
  14306: ffffff;
  14307: ffffff;
  14308: ffffff;
  14309: ffffff;
  14310: ffffff;
  14311: ffffff;
  14312: ffffff;
  14313: ffffff;
  14314: ffffff;
  14315: ffffff;
  14316: ffffff;
  14317: ffffff;
  14318: ffffff;
  14319: ffffff;
  14320: ffffff;
  14321: ffffff;
  14322: ffffff;
  14323: ffffff;
  14324: ffffff;
  14325: ffffff;
  14326: ffffff;
  14327: ffffff;
  14328: ffffff;
  14329: ffffff;
  14330: ffffff;
  14331: ffffff;
  14332: ffffff;
  14333: ffffff;
  14334: ffffff;
  14335: ffffff;
  14336: ffffff;
  14337: ffffff;
  14338: ffffff;
  14339: ffffff;
  14340: ffffff;
  14341: ffffff;
  14342: ffffff;
  14343: ffffff;
  14344: ffffff;
  14345: ffffff;
  14346: ffffff;
  14347: ffffff;
  14348: ffffff;
  14349: ffffff;
  14350: ffffff;
  14351: ffffff;
  14352: ffffff;
  14353: ffffff;
  14354: ffffff;
  14355: ffffff;
  14356: ffffff;
  14357: ffffff;
  14358: ffffff;
  14359: ffffff;
  14360: ffffff;
  14361: ffffff;
  14362: ffffff;
  14363: ffffff;
  14364: ffffff;
  14365: ffffff;
  14366: ffffff;
  14367: ffffff;
  14368: ffffff;
  14369: 0;
  14370: 0;
  14371: 0;
  14372: 0;
  14373: ffffff;
  14374: ffffff;
  14375: ffffff;
  14376: ffffff;
  14377: ffffff;
  14378: ffffff;
  14379: ffffff;
  14380: ffffff;
  14381: ffffff;
  14382: ffffff;
  14383: ffffff;
  14384: ffffff;
  14385: ffffff;
  14386: ffffff;
  14387: ffffff;
  14388: ffffff;
  14389: ffffff;
  14390: ffffff;
  14391: ffffff;
  14392: ffffff;
  14393: ffffff;
  14394: ffffff;
  14395: ffffff;
  14396: ffffff;
  14397: ffffff;
  14398: ffffff;
  14399: ffffff;
  14400: ffffff;
  14401: ffffff;
  14402: ffffff;
  14403: ffffff;
  14404: 0;
  14405: 0;
  14406: 0;
  14407: 0;
  14408: 0;
  14409: 0;
  14410: 0;
  14411: 0;
  14412: 0;
  14413: 0;
  14414: 0;
  14415: 10101;
  14416: 0;
  14417: 0;
  14418: 0;
  14419: ffffff;
  14420: ffffff;
  14421: ffffff;
  14422: ffffff;
  14423: ffffff;
  14424: ffffff;
  14425: ffffff;
  14426: ffffff;
  14427: ffffff;
  14428: ffffff;
  14429: ffffff;
  14430: ffffff;
  14431: ffffff;
  14432: ffffff;
  14433: ffffff;
  14434: ffffff;
  14435: ffffff;
  14436: ffffff;
  14437: ffffff;
  14438: ffffff;
  14439: ffffff;
  14440: ffffff;
  14441: ffffff;
  14442: ffffff;
  14443: ffffff;
  14444: ffffff;
  14445: ffffff;
  14446: ffffff;
  14447: ffffff;
  14448: ffffff;
  14449: ffffff;
  14450: ffffff;
  14451: ffffff;
  14452: ffffff;
  14453: ffffff;
  14454: ffffff;
  14455: ffffff;
  14456: ffffff;
  14457: ffffff;
  14458: ffffff;
  14459: ffffff;
  14460: ffffff;
  14461: ffffff;
  14462: ffffff;
  14463: ffffff;
  14464: ffffff;
  14465: ffffff;
  14466: ffffff;
  14467: ffffff;
  14468: ffffff;
  14469: ffffff;
  14470: ffffff;
  14471: ffffff;
  14472: ffffff;
  14473: ffffff;
  14474: ffffff;
  14475: ffffff;
  14476: ffffff;
  14477: ffffff;
  14478: ffffff;
  14479: ffffff;
  14480: ffffff;
  14481: ffffff;
  14482: ffffff;
  14483: ffffff;
  14484: ffffff;
  14485: ffffff;
  14486: ffffff;
  14487: ffffff;
  14488: ffffff;
  14489: ffffff;
  14490: ffffff;
  14491: ffffff;
  14492: ffffff;
  14493: ffffff;
  14494: ffffff;
  14495: ffffff;
  14496: ffffff;
  14497: 0;
  14498: 0;
  14499: 0;
  14500: 10101;
  14501: 0;
  14502: 0;
  14503: 0;
  14504: ffffff;
  14505: ffffff;
  14506: ffffff;
  14507: fefefe;
  14508: ffffff;
  14509: ffffff;
  14510: ffffff;
  14511: fefefe;
  14512: ffffff;
  14513: ffffff;
  14514: ffffff;
  14515: ffffff;
  14516: ffffff;
  14517: ffffff;
  14518: ffffff;
  14519: ffffff;
  14520: fefefe;
  14521: ffffff;
  14522: ffffff;
  14523: ffffff;
  14524: ffffff;
  14525: ffffff;
  14526: ffffff;
  14527: ffffff;
  14528: ffffff;
  14529: 0;
  14530: 0;
  14531: 0;
  14532: 0;
  14533: 0;
  14534: 0;
  14535: 0;
  14536: 0;
  14537: 0;
  14538: 0;
  14539: 0;
  14540: 0;
  14541: 0;
  14542: 0;
  14543: 0;
  14544: 0;
  14545: 0;
  14546: ffffff;
  14547: ffffff;
  14548: ffffff;
  14549: ffffff;
  14550: ffffff;
  14551: ffffff;
  14552: ffffff;
  14553: ffffff;
  14554: ffffff;
  14555: ffffff;
  14556: ffffff;
  14557: ffffff;
  14558: ffffff;
  14559: ffffff;
  14560: ffffff;
  14561: ffffff;
  14562: ffffff;
  14563: ffffff;
  14564: ffffff;
  14565: ffffff;
  14566: ffffff;
  14567: ffffff;
  14568: ffffff;
  14569: ffffff;
  14570: ffffff;
  14571: ffffff;
  14572: ffffff;
  14573: ffffff;
  14574: ffffff;
  14575: ffffff;
  14576: ffffff;
  14577: ffffff;
  14578: ffffff;
  14579: ffffff;
  14580: ffffff;
  14581: ffffff;
  14582: ffffff;
  14583: ffffff;
  14584: ffffff;
  14585: ffffff;
  14586: ffffff;
  14587: ffffff;
  14588: ffffff;
  14589: ffffff;
  14590: ffffff;
  14591: ffffff;
  14592: ffffff;
  14593: ffffff;
  14594: ffffff;
  14595: ffffff;
  14596: ffffff;
  14597: ffffff;
  14598: ffffff;
  14599: ffffff;
  14600: ffffff;
  14601: ffffff;
  14602: ffffff;
  14603: ffffff;
  14604: ffffff;
  14605: ffffff;
  14606: ffffff;
  14607: ffffff;
  14608: ffffff;
  14609: ffffff;
  14610: ffffff;
  14611: ffffff;
  14612: ffffff;
  14613: ffffff;
  14614: ffffff;
  14615: ffffff;
  14616: ffffff;
  14617: ffffff;
  14618: ffffff;
  14619: ffffff;
  14620: ffffff;
  14621: ffffff;
  14622: ffffff;
  14623: ffffff;
  14624: ffffff;
  14625: 0;
  14626: 0;
  14627: 0;
  14628: 0;
  14629: 0;
  14630: 0;
  14631: 0;
  14632: 0;
  14633: 0;
  14634: 0;
  14635: ffffff;
  14636: ffffff;
  14637: ffffff;
  14638: ffffff;
  14639: ffffff;
  14640: ffffff;
  14641: ffffff;
  14642: ffffff;
  14643: ffffff;
  14644: ffffff;
  14645: ffffff;
  14646: ffffff;
  14647: ffffff;
  14648: ffffff;
  14649: ffffff;
  14650: ffffff;
  14651: ffffff;
  14652: ffffff;
  14653: ffffff;
  14654: 0;
  14655: 0;
  14656: 0;
  14657: 0;
  14658: 0;
  14659: 0;
  14660: 0;
  14661: 0;
  14662: 0;
  14663: 0;
  14664: 0;
  14665: 10101;
  14666: 0;
  14667: 0;
  14668: 0;
  14669: 0;
  14670: 0;
  14671: 0;
  14672: 0;
  14673: ffffff;
  14674: ffffff;
  14675: ffffff;
  14676: ffffff;
  14677: ffffff;
  14678: ffffff;
  14679: ffffff;
  14680: ffffff;
  14681: ffffff;
  14682: ffffff;
  14683: ffffff;
  14684: ffffff;
  14685: ffffff;
  14686: ffffff;
  14687: ffffff;
  14688: ffffff;
  14689: ffffff;
  14690: ffffff;
  14691: ffffff;
  14692: ffffff;
  14693: ffffff;
  14694: ffffff;
  14695: ffffff;
  14696: ffffff;
  14697: ffffff;
  14698: ffffff;
  14699: ffffff;
  14700: ffffff;
  14701: ffffff;
  14702: ffffff;
  14703: ffffff;
  14704: ffffff;
  14705: ffffff;
  14706: ffffff;
  14707: ffffff;
  14708: ffffff;
  14709: ffffff;
  14710: ffffff;
  14711: ffffff;
  14712: ffffff;
  14713: ffffff;
  14714: ffffff;
  14715: ffffff;
  14716: ffffff;
  14717: ffffff;
  14718: ffffff;
  14719: ffffff;
  14720: ffffff;
  14721: ffffff;
  14722: ffffff;
  14723: ffffff;
  14724: ffffff;
  14725: ffffff;
  14726: ffffff;
  14727: ffffff;
  14728: ffffff;
  14729: ffffff;
  14730: ffffff;
  14731: ffffff;
  14732: ffffff;
  14733: ffffff;
  14734: ffffff;
  14735: ffffff;
  14736: ffffff;
  14737: ffffff;
  14738: ffffff;
  14739: ffffff;
  14740: ffffff;
  14741: ffffff;
  14742: ffffff;
  14743: ffffff;
  14744: ffffff;
  14745: ffffff;
  14746: ffffff;
  14747: ffffff;
  14748: ffffff;
  14749: ffffff;
  14750: ffffff;
  14751: ffffff;
  14752: ffffff;
  14753: 0;
  14754: 0;
  14755: 0;
  14756: 0;
  14757: 0;
  14758: 0;
  14759: 0;
  14760: 0;
  14761: 0;
  14762: 0;
  14763: 0;
  14764: 0;
  14765: 0;
  14766: 0;
  14767: 0;
  14768: 0;
  14769: ffffff;
  14770: ffffff;
  14771: ffffff;
  14772: ffffff;
  14773: ffffff;
  14774: ffffff;
  14775: ffffff;
  14776: ffffff;
  14777: 0;
  14778: 0;
  14779: 0;
  14780: 0;
  14781: 0;
  14782: 0;
  14783: 10101;
  14784: 0;
  14785: 0;
  14786: 0;
  14787: 0;
  14788: 0;
  14789: 0;
  14790: 0;
  14791: 0;
  14792: 0;
  14793: 0;
  14794: 0;
  14795: 0;
  14796: 0;
  14797: 0;
  14798: 0;
  14799: 0;
  14800: ffffff;
  14801: ffffff;
  14802: ffffff;
  14803: ffffff;
  14804: ffffff;
  14805: ffffff;
  14806: ffffff;
  14807: ffffff;
  14808: ffffff;
  14809: ffffff;
  14810: ffffff;
  14811: ffffff;
  14812: ffffff;
  14813: ffffff;
  14814: ffffff;
  14815: ffffff;
  14816: ffffff;
  14817: ffffff;
  14818: ffffff;
  14819: ffffff;
  14820: ffffff;
  14821: ffffff;
  14822: ffffff;
  14823: ffffff;
  14824: ffffff;
  14825: ffffff;
  14826: ffffff;
  14827: ffffff;
  14828: ffffff;
  14829: ffffff;
  14830: ffffff;
  14831: ffffff;
  14832: ffffff;
  14833: ffffff;
  14834: ffffff;
  14835: ffffff;
  14836: ffffff;
  14837: ffffff;
  14838: ffffff;
  14839: ffffff;
  14840: ffffff;
  14841: ffffff;
  14842: ffffff;
  14843: ffffff;
  14844: ffffff;
  14845: ffffff;
  14846: ffffff;
  14847: ffffff;
  14848: ffffff;
  14849: ffffff;
  14850: ffffff;
  14851: ffffff;
  14852: ffffff;
  14853: ffffff;
  14854: ffffff;
  14855: ffffff;
  14856: ffffff;
  14857: ffffff;
  14858: ffffff;
  14859: ffffff;
  14860: ffffff;
  14861: ffffff;
  14862: ffffff;
  14863: ffffff;
  14864: ffffff;
  14865: ffffff;
  14866: ffffff;
  14867: ffffff;
  14868: ffffff;
  14869: ffffff;
  14870: ffffff;
  14871: ffffff;
  14872: ffffff;
  14873: ffffff;
  14874: ffffff;
  14875: ffffff;
  14876: ffffff;
  14877: ffffff;
  14878: ffffff;
  14879: ffffff;
  14880: ffffff;
  14881: 0;
  14882: 0;
  14883: 0;
  14884: 0;
  14885: 0;
  14886: 0;
  14887: 0;
  14888: 0;
  14889: 0;
  14890: 0;
  14891: 0;
  14892: 0;
  14893: 0;
  14894: 0;
  14895: 0;
  14896: 0;
  14897: 0;
  14898: 0;
  14899: 0;
  14900: 0;
  14901: 0;
  14902: 0;
  14903: 0;
  14904: 0;
  14905: 0;
  14906: 0;
  14907: 0;
  14908: 0;
  14909: 0;
  14910: 0;
  14911: 0;
  14912: 0;
  14913: 0;
  14914: 0;
  14915: 0;
  14916: 0;
  14917: 0;
  14918: 0;
  14919: 0;
  14920: 0;
  14921: 0;
  14922: 0;
  14923: 0;
  14924: 0;
  14925: 0;
  14926: 0;
  14927: ffffff;
  14928: ffffff;
  14929: ffffff;
  14930: ffffff;
  14931: ffffff;
  14932: ffffff;
  14933: ffffff;
  14934: fefefe;
  14935: ffffff;
  14936: ffffff;
  14937: ffffff;
  14938: ffffff;
  14939: ffffff;
  14940: ffffff;
  14941: ffffff;
  14942: ffffff;
  14943: ffffff;
  14944: ffffff;
  14945: ffffff;
  14946: ffffff;
  14947: ffffff;
  14948: ffffff;
  14949: ffffff;
  14950: ffffff;
  14951: ffffff;
  14952: ffffff;
  14953: ffffff;
  14954: ffffff;
  14955: ffffff;
  14956: ffffff;
  14957: ffffff;
  14958: ffffff;
  14959: ffffff;
  14960: ffffff;
  14961: ffffff;
  14962: ffffff;
  14963: ffffff;
  14964: ffffff;
  14965: ffffff;
  14966: ffffff;
  14967: ffffff;
  14968: ffffff;
  14969: ffffff;
  14970: ffffff;
  14971: ffffff;
  14972: ffffff;
  14973: ffffff;
  14974: ffffff;
  14975: ffffff;
  14976: ffffff;
  14977: ffffff;
  14978: ffffff;
  14979: ffffff;
  14980: ffffff;
  14981: ffffff;
  14982: ffffff;
  14983: ffffff;
  14984: ffffff;
  14985: ffffff;
  14986: ffffff;
  14987: ffffff;
  14988: ffffff;
  14989: ffffff;
  14990: ffffff;
  14991: ffffff;
  14992: ffffff;
  14993: ffffff;
  14994: ffffff;
  14995: ffffff;
  14996: ffffff;
  14997: ffffff;
  14998: ffffff;
  14999: ffffff;
  15000: ffffff;
  15001: ffffff;
  15002: ffffff;
  15003: ffffff;
  15004: ffffff;
  15005: ffffff;
  15006: ffffff;
  15007: ffffff;
  15008: ffffff;
  15009: 0;
  15010: 0;
  15011: 10101;
  15012: 0;
  15013: 0;
  15014: 0;
  15015: 0;
  15016: 0;
  15017: 0;
  15018: 0;
  15019: 0;
  15020: 0;
  15021: 0;
  15022: 0;
  15023: 0;
  15024: 0;
  15025: 0;
  15026: 0;
  15027: 0;
  15028: 0;
  15029: 0;
  15030: 0;
  15031: 0;
  15032: 0;
  15033: 0;
  15034: 0;
  15035: 0;
  15036: 0;
  15037: 0;
  15038: 0;
  15039: 0;
  15040: 0;
  15041: 0;
  15042: 0;
  15043: 0;
  15044: 0;
  15045: 0;
  15046: 0;
  15047: 0;
  15048: 0;
  15049: 0;
  15050: 0;
  15051: 0;
  15052: 0;
  15053: ffffff;
  15054: ffffff;
  15055: ffffff;
  15056: ffffff;
  15057: fefefe;
  15058: ffffff;
  15059: ffffff;
  15060: ffffff;
  15061: ffffff;
  15062: ffffff;
  15063: ffffff;
  15064: ffffff;
  15065: ffffff;
  15066: ffffff;
  15067: ffffff;
  15068: ffffff;
  15069: ffffff;
  15070: ffffff;
  15071: ffffff;
  15072: ffffff;
  15073: ffffff;
  15074: ffffff;
  15075: ffffff;
  15076: ffffff;
  15077: ffffff;
  15078: ffffff;
  15079: ffffff;
  15080: ffffff;
  15081: ffffff;
  15082: ffffff;
  15083: ffffff;
  15084: ffffff;
  15085: ffffff;
  15086: ffffff;
  15087: ffffff;
  15088: ffffff;
  15089: ffffff;
  15090: ffffff;
  15091: ffffff;
  15092: ffffff;
  15093: ffffff;
  15094: ffffff;
  15095: ffffff;
  15096: ffffff;
  15097: ffffff;
  15098: ffffff;
  15099: ffffff;
  15100: ffffff;
  15101: ffffff;
  15102: ffffff;
  15103: ffffff;
  15104: ffffff;
  15105: ffffff;
  15106: ffffff;
  15107: ffffff;
  15108: ffffff;
  15109: ffffff;
  15110: ffffff;
  15111: ffffff;
  15112: ffffff;
  15113: ffffff;
  15114: ffffff;
  15115: ffffff;
  15116: ffffff;
  15117: ffffff;
  15118: ffffff;
  15119: ffffff;
  15120: ffffff;
  15121: ffffff;
  15122: ffffff;
  15123: ffffff;
  15124: ffffff;
  15125: ffffff;
  15126: ffffff;
  15127: ffffff;
  15128: ffffff;
  15129: ffffff;
  15130: ffffff;
  15131: ffffff;
  15132: ffffff;
  15133: ffffff;
  15134: ffffff;
  15135: ffffff;
  15136: fefefe;
  15137: 0;
  15138: 0;
  15139: 0;
  15140: 0;
  15141: 0;
  15142: 0;
  15143: 0;
  15144: 0;
  15145: 0;
  15146: 0;
  15147: 0;
  15148: 10101;
  15149: 0;
  15150: 0;
  15151: 0;
  15152: 0;
  15153: 0;
  15154: 0;
  15155: 0;
  15156: 0;
  15157: 0;
  15158: 0;
  15159: 0;
  15160: 0;
  15161: 0;
  15162: 0;
  15163: 0;
  15164: 0;
  15165: 0;
  15166: 0;
  15167: 0;
  15168: 0;
  15169: 0;
  15170: 10101;
  15171: 0;
  15172: 0;
  15173: 0;
  15174: 0;
  15175: 0;
  15176: 0;
  15177: 0;
  15178: 0;
  15179: 0;
  15180: ffffff;
  15181: ffffff;
  15182: fefefe;
  15183: ffffff;
  15184: ffffff;
  15185: ffffff;
  15186: ffffff;
  15187: ffffff;
  15188: fefefe;
  15189: ffffff;
  15190: ffffff;
  15191: ffffff;
  15192: ffffff;
  15193: ffffff;
  15194: ffffff;
  15195: ffffff;
  15196: ffffff;
  15197: ffffff;
  15198: ffffff;
  15199: ffffff;
  15200: ffffff;
  15201: ffffff;
  15202: ffffff;
  15203: ffffff;
  15204: ffffff;
  15205: ffffff;
  15206: ffffff;
  15207: ffffff;
  15208: ffffff;
  15209: ffffff;
  15210: ffffff;
  15211: ffffff;
  15212: ffffff;
  15213: ffffff;
  15214: ffffff;
  15215: ffffff;
  15216: ffffff;
  15217: ffffff;
  15218: ffffff;
  15219: ffffff;
  15220: ffffff;
  15221: ffffff;
  15222: ffffff;
  15223: ffffff;
  15224: ffffff;
  15225: ffffff;
  15226: ffffff;
  15227: ffffff;
  15228: ffffff;
  15229: ffffff;
  15230: ffffff;
  15231: ffffff;
  15232: ffffff;
  15233: ffffff;
  15234: ffffff;
  15235: ffffff;
  15236: ffffff;
  15237: ffffff;
  15238: ffffff;
  15239: ffffff;
  15240: ffffff;
  15241: ffffff;
  15242: ffffff;
  15243: ffffff;
  15244: ffffff;
  15245: ffffff;
  15246: ffffff;
  15247: ffffff;
  15248: ffffff;
  15249: ffffff;
  15250: ffffff;
  15251: ffffff;
  15252: ffffff;
  15253: ffffff;
  15254: ffffff;
  15255: ffffff;
  15256: ffffff;
  15257: ffffff;
  15258: ffffff;
  15259: ffffff;
  15260: ffffff;
  15261: ffffff;
  15262: ffffff;
  15263: ffffff;
  15264: ffffff;
  15265: 0;
  15266: 0;
  15267: 10101;
  15268: 0;
  15269: 0;
  15270: 0;
  15271: 0;
  15272: 0;
  15273: 0;
  15274: 0;
  15275: 0;
  15276: 0;
  15277: 0;
  15278: 0;
  15279: 0;
  15280: 0;
  15281: 0;
  15282: 0;
  15283: 0;
  15284: 0;
  15285: 0;
  15286: 0;
  15287: 0;
  15288: 0;
  15289: 0;
  15290: 0;
  15291: 0;
  15292: 0;
  15293: 0;
  15294: 0;
  15295: 0;
  15296: 0;
  15297: 0;
  15298: 0;
  15299: 0;
  15300: 0;
  15301: 0;
  15302: 0;
  15303: 0;
  15304: 0;
  15305: 0;
  15306: ffffff;
  15307: ffffff;
  15308: ffffff;
  15309: ffffff;
  15310: ffffff;
  15311: ffffff;
  15312: ffffff;
  15313: ffffff;
  15314: ffffff;
  15315: ffffff;
  15316: ffffff;
  15317: ffffff;
  15318: ffffff;
  15319: ffffff;
  15320: ffffff;
  15321: ffffff;
  15322: ffffff;
  15323: ffffff;
  15324: ffffff;
  15325: ffffff;
  15326: ffffff;
  15327: ffffff;
  15328: ffffff;
  15329: ffffff;
  15330: ffffff;
  15331: ffffff;
  15332: ffffff;
  15333: ffffff;
  15334: ffffff;
  15335: ffffff;
  15336: ffffff;
  15337: ffffff;
  15338: ffffff;
  15339: ffffff;
  15340: ffffff;
  15341: ffffff;
  15342: ffffff;
  15343: ffffff;
  15344: ffffff;
  15345: ffffff;
  15346: ffffff;
  15347: ffffff;
  15348: ffffff;
  15349: ffffff;
  15350: ffffff;
  15351: ffffff;
  15352: ffffff;
  15353: ffffff;
  15354: ffffff;
  15355: ffffff;
  15356: ffffff;
  15357: ffffff;
  15358: ffffff;
  15359: ffffff;
  15360: ffffff;
  15361: ffffff;
  15362: ffffff;
  15363: ffffff;
  15364: ffffff;
  15365: ffffff;
  15366: ffffff;
  15367: ffffff;
  15368: ffffff;
  15369: ffffff;
  15370: ffffff;
  15371: ffffff;
  15372: ffffff;
  15373: ffffff;
  15374: ffffff;
  15375: ffffff;
  15376: ffffff;
  15377: ffffff;
  15378: ffffff;
  15379: ffffff;
  15380: ffffff;
  15381: ffffff;
  15382: ffffff;
  15383: ffffff;
  15384: ffffff;
  15385: ffffff;
  15386: ffffff;
  15387: ffffff;
  15388: ffffff;
  15389: ffffff;
  15390: ffffff;
  15391: ffffff;
  15392: ffffff;
  15393: 0;
  15394: 0;
  15395: 0;
  15396: 0;
  15397: 0;
  15398: 0;
  15399: 10101;
  15400: 0;
  15401: 0;
  15402: 0;
  15403: 0;
  15404: 0;
  15405: 0;
  15406: 0;
  15407: 0;
  15408: 0;
  15409: 0;
  15410: 0;
  15411: 0;
  15412: 0;
  15413: 0;
  15414: 0;
  15415: 0;
  15416: 0;
  15417: 0;
  15418: 0;
  15419: 0;
  15420: 0;
  15421: 0;
  15422: 0;
  15423: 0;
  15424: 0;
  15425: 0;
  15426: 0;
  15427: 0;
  15428: 0;
  15429: 0;
  15430: 0;
  15431: 0;
  15432: 0;
  15433: ffffff;
  15434: ffffff;
  15435: ffffff;
  15436: ffffff;
  15437: ffffff;
  15438: ffffff;
  15439: ffffff;
  15440: ffffff;
  15441: ffffff;
  15442: ffffff;
  15443: ffffff;
  15444: ffffff;
  15445: ffffff;
  15446: ffffff;
  15447: ffffff;
  15448: ffffff;
  15449: ffffff;
  15450: ffffff;
  15451: ffffff;
  15452: ffffff;
  15453: ffffff;
  15454: ffffff;
  15455: ffffff;
  15456: ffffff;
  15457: ffffff;
  15458: ffffff;
  15459: ffffff;
  15460: ffffff;
  15461: ffffff;
  15462: ffffff;
  15463: ffffff;
  15464: ffffff;
  15465: ffffff;
  15466: ffffff;
  15467: ffffff;
  15468: ffffff;
  15469: ffffff;
  15470: ffffff;
  15471: ffffff;
  15472: ffffff;
  15473: ffffff;
  15474: ffffff;
  15475: ffffff;
  15476: ffffff;
  15477: ffffff;
  15478: ffffff;
  15479: ffffff;
  15480: ffffff;
  15481: ffffff;
  15482: ffffff;
  15483: ffffff;
  15484: ffffff;
  15485: ffffff;
  15486: ffffff;
  15487: ffffff;
  15488: ffffff;
  15489: ffffff;
  15490: ffffff;
  15491: ffffff;
  15492: ffffff;
  15493: ffffff;
  15494: ffffff;
  15495: ffffff;
  15496: ffffff;
  15497: ffffff;
  15498: ffffff;
  15499: ffffff;
  15500: ffffff;
  15501: ffffff;
  15502: ffffff;
  15503: ffffff;
  15504: ffffff;
  15505: ffffff;
  15506: ffffff;
  15507: ffffff;
  15508: ffffff;
  15509: ffffff;
  15510: ffffff;
  15511: ffffff;
  15512: ffffff;
  15513: ffffff;
  15514: ffffff;
  15515: ffffff;
  15516: ffffff;
  15517: ffffff;
  15518: ffffff;
  15519: ffffff;
  15520: ffffff;
  15521: 0;
  15522: 0;
  15523: 0;
  15524: 0;
  15525: 0;
  15526: 0;
  15527: 0;
  15528: 0;
  15529: 0;
  15530: 0;
  15531: 0;
  15532: 0;
  15533: 0;
  15534: 0;
  15535: 0;
  15536: 0;
  15537: 0;
  15538: 0;
  15539: 0;
  15540: 0;
  15541: 0;
  15542: 0;
  15543: 0;
  15544: 0;
  15545: 0;
  15546: 0;
  15547: 0;
  15548: 0;
  15549: 0;
  15550: 0;
  15551: 0;
  15552: 0;
  15553: 0;
  15554: 0;
  15555: 0;
  15556: 0;
  15557: 0;
  15558: ffffff;
  15559: ffffff;
  15560: ffffff;
  15561: ffffff;
  15562: ffffff;
  15563: ffffff;
  15564: ffffff;
  15565: ffffff;
  15566: ffffff;
  15567: ffffff;
  15568: ffffff;
  15569: ffffff;
  15570: ffffff;
  15571: ffffff;
  15572: ffffff;
  15573: ffffff;
  15574: ffffff;
  15575: ffffff;
  15576: ffffff;
  15577: ffffff;
  15578: ffffff;
  15579: ffffff;
  15580: ffffff;
  15581: ffffff;
  15582: ffffff;
  15583: ffffff;
  15584: ffffff;
  15585: ffffff;
  15586: ffffff;
  15587: ffffff;
  15588: ffffff;
  15589: ffffff;
  15590: ffffff;
  15591: ffffff;
  15592: ffffff;
  15593: ffffff;
  15594: ffffff;
  15595: ffffff;
  15596: ffffff;
  15597: ffffff;
  15598: ffffff;
  15599: ffffff;
  15600: ffffff;
  15601: ffffff;
  15602: ffffff;
  15603: ffffff;
  15604: ffffff;
  15605: ffffff;
  15606: ffffff;
  15607: ffffff;
  15608: ffffff;
  15609: ffffff;
  15610: ffffff;
  15611: ffffff;
  15612: ffffff;
  15613: ffffff;
  15614: ffffff;
  15615: ffffff;
  15616: ffffff;
  15617: ffffff;
  15618: ffffff;
  15619: ffffff;
  15620: ffffff;
  15621: ffffff;
  15622: ffffff;
  15623: ffffff;
  15624: ffffff;
  15625: ffffff;
  15626: ffffff;
  15627: ffffff;
  15628: ffffff;
  15629: ffffff;
  15630: ffffff;
  15631: ffffff;
  15632: ffffff;
  15633: ffffff;
  15634: ffffff;
  15635: ffffff;
  15636: ffffff;
  15637: ffffff;
  15638: ffffff;
  15639: ffffff;
  15640: ffffff;
  15641: ffffff;
  15642: ffffff;
  15643: ffffff;
  15644: ffffff;
  15645: ffffff;
  15646: ffffff;
  15647: ffffff;
  15648: fefefe;
  15649: ffffff;
  15650: ffffff;
  15651: ffffff;
  15652: 0;
  15653: 0;
  15654: 0;
  15655: 0;
  15656: 0;
  15657: 0;
  15658: 0;
  15659: 0;
  15660: 0;
  15661: 0;
  15662: 0;
  15663: 10101;
  15664: 0;
  15665: 0;
  15666: 0;
  15667: 0;
  15668: 0;
  15669: 0;
  15670: 0;
  15671: 0;
  15672: 10101;
  15673: 0;
  15674: 0;
  15675: 0;
  15676: 0;
  15677: 0;
  15678: 0;
  15679: 0;
  15680: 0;
  15681: 0;
  15682: 0;
  15683: 0;
  15684: ffffff;
  15685: ffffff;
  15686: ffffff;
  15687: ffffff;
  15688: ffffff;
  15689: ffffff;
  15690: ffffff;
  15691: ffffff;
  15692: ffffff;
  15693: ffffff;
  15694: ffffff;
  15695: ffffff;
  15696: ffffff;
  15697: ffffff;
  15698: ffffff;
  15699: ffffff;
  15700: ffffff;
  15701: ffffff;
  15702: ffffff;
  15703: ffffff;
  15704: ffffff;
  15705: ffffff;
  15706: ffffff;
  15707: ffffff;
  15708: ffffff;
  15709: ffffff;
  15710: ffffff;
  15711: ffffff;
  15712: ffffff;
  15713: ffffff;
  15714: ffffff;
  15715: ffffff;
  15716: ffffff;
  15717: ffffff;
  15718: ffffff;
  15719: ffffff;
  15720: ffffff;
  15721: ffffff;
  15722: ffffff;
  15723: ffffff;
  15724: ffffff;
  15725: ffffff;
  15726: ffffff;
  15727: ffffff;
  15728: ffffff;
  15729: ffffff;
  15730: ffffff;
  15731: ffffff;
  15732: ffffff;
  15733: ffffff;
  15734: ffffff;
  15735: ffffff;
  15736: ffffff;
  15737: ffffff;
  15738: ffffff;
  15739: ffffff;
  15740: ffffff;
  15741: ffffff;
  15742: ffffff;
  15743: ffffff;
  15744: ffffff;
  15745: ffffff;
  15746: ffffff;
  15747: ffffff;
  15748: ffffff;
  15749: ffffff;
  15750: ffffff;
  15751: ffffff;
  15752: ffffff;
  15753: ffffff;
  15754: ffffff;
  15755: ffffff;
  15756: ffffff;
  15757: ffffff;
  15758: ffffff;
  15759: ffffff;
  15760: ffffff;
  15761: ffffff;
  15762: ffffff;
  15763: ffffff;
  15764: ffffff;
  15765: ffffff;
  15766: ffffff;
  15767: ffffff;
  15768: ffffff;
  15769: ffffff;
  15770: ffffff;
  15771: ffffff;
  15772: ffffff;
  15773: ffffff;
  15774: ffffff;
  15775: ffffff;
  15776: ffffff;
  15777: ffffff;
  15778: ffffff;
  15779: ffffff;
  15780: ffffff;
  15781: ffffff;
  15782: ffffff;
  15783: ffffff;
  15784: 0;
  15785: 0;
  15786: 0;
  15787: 0;
  15788: 0;
  15789: 0;
  15790: 0;
  15791: 0;
  15792: 0;
  15793: 0;
  15794: 0;
  15795: 0;
  15796: 0;
  15797: 0;
  15798: 0;
  15799: 0;
  15800: 0;
  15801: 0;
  15802: 0;
  15803: 0;
  15804: 0;
  15805: 0;
  15806: 0;
  15807: 0;
  15808: ffffff;
  15809: ffffff;
  15810: ffffff;
  15811: ffffff;
  15812: ffffff;
  15813: ffffff;
  15814: ffffff;
  15815: ffffff;
  15816: ffffff;
  15817: ffffff;
  15818: ffffff;
  15819: ffffff;
  15820: ffffff;
  15821: ffffff;
  15822: ffffff;
  15823: ffffff;
  15824: ffffff;
  15825: ffffff;
  15826: ffffff;
  15827: ffffff;
  15828: ffffff;
  15829: ffffff;
  15830: ffffff;
  15831: ffffff;
  15832: ffffff;
  15833: ffffff;
  15834: ffffff;
  15835: ffffff;
  15836: ffffff;
  15837: ffffff;
  15838: ffffff;
  15839: ffffff;
  15840: ffffff;
  15841: ffffff;
  15842: ffffff;
  15843: ffffff;
  15844: ffffff;
  15845: ffffff;
  15846: ffffff;
  15847: ffffff;
  15848: ffffff;
  15849: ffffff;
  15850: ffffff;
  15851: ffffff;
  15852: ffffff;
  15853: ffffff;
  15854: ffffff;
  15855: ffffff;
  15856: ffffff;
  15857: ffffff;
  15858: ffffff;
  15859: ffffff;
  15860: ffffff;
  15861: ffffff;
  15862: ffffff;
  15863: ffffff;
  15864: ffffff;
  15865: ffffff;
  15866: ffffff;
  15867: ffffff;
  15868: ffffff;
  15869: ffffff;
  15870: ffffff;
  15871: ffffff;
  15872: ffffff;
  15873: ffffff;
  15874: ffffff;
  15875: ffffff;
  15876: ffffff;
  15877: ffffff;
  15878: ffffff;
  15879: ffffff;
  15880: ffffff;
  15881: ffffff;
  15882: ffffff;
  15883: ffffff;
  15884: ffffff;
  15885: ffffff;
  15886: ffffff;
  15887: ffffff;
  15888: ffffff;
  15889: ffffff;
  15890: ffffff;
  15891: ffffff;
  15892: ffffff;
  15893: ffffff;
  15894: ffffff;
  15895: ffffff;
  15896: ffffff;
  15897: ffffff;
  15898: ffffff;
  15899: ffffff;
  15900: ffffff;
  15901: ffffff;
  15902: ffffff;
  15903: ffffff;
  15904: ffffff;
  15905: ffffff;
  15906: ffffff;
  15907: ffffff;
  15908: ffffff;
  15909: ffffff;
  15910: ffffff;
  15911: ffffff;
  15912: ffffff;
  15913: ffffff;
  15914: ffffff;
  15915: ffffff;
  15916: ffffff;
  15917: 0;
  15918: 0;
  15919: 0;
  15920: 0;
  15921: 0;
  15922: 0;
  15923: 0;
  15924: 0;
  15925: 0;
  15926: 0;
  15927: 0;
  15928: 0;
  15929: 0;
  15930: 0;
  15931: ffffff;
  15932: ffffff;
  15933: ffffff;
  15934: ffffff;
  15935: ffffff;
  15936: ffffff;
  15937: ffffff;
  15938: ffffff;
  15939: ffffff;
  15940: ffffff;
  15941: ffffff;
  15942: ffffff;
  15943: ffffff;
  15944: ffffff;
  15945: ffffff;
  15946: ffffff;
  15947: ffffff;
  15948: ffffff;
  15949: ffffff;
  15950: ffffff;
  15951: fefefe;
  15952: ffffff;
  15953: ffffff;
  15954: ffffff;
  15955: ffffff;
  15956: ffffff;
  15957: ffffff;
  15958: ffffff;
  15959: ffffff;
  15960: ffffff;
  15961: ffffff;
  15962: ffffff;
  15963: ffffff;
  15964: ffffff;
  15965: ffffff;
  15966: ffffff;
  15967: ffffff;
  15968: ffffff;
  15969: ffffff;
  15970: ffffff;
  15971: ffffff;
  15972: ffffff;
  15973: ffffff;
  15974: ffffff;
  15975: ffffff;
  15976: ffffff;
  15977: ffffff;
  15978: ffffff;
  15979: ffffff;
  15980: ffffff;
  15981: ffffff;
  15982: ffffff;
  15983: ffffff;
  15984: ffffff;
  15985: ffffff;
  15986: ffffff;
  15987: ffffff;
  15988: ffffff;
  15989: ffffff;
  15990: ffffff;
  15991: ffffff;
  15992: ffffff;
  15993: ffffff;
  15994: ffffff;
  15995: ffffff;
  15996: ffffff;
  15997: ffffff;
  15998: ffffff;
  15999: ffffff;
  16000: ffffff;
  16001: ffffff;
  16002: ffffff;
  16003: ffffff;
  16004: ffffff;
  16005: ffffff;
  16006: ffffff;
  16007: ffffff;
  16008: ffffff;
  16009: ffffff;
  16010: ffffff;
  16011: ffffff;
  16012: ffffff;
  16013: ffffff;
  16014: ffffff;
  16015: ffffff;
  16016: ffffff;
  16017: ffffff;
  16018: ffffff;
  16019: ffffff;
  16020: ffffff;
  16021: ffffff;
  16022: ffffff;
  16023: ffffff;
  16024: ffffff;
  16025: ffffff;
  16026: ffffff;
  16027: ffffff;
  16028: ffffff;
  16029: ffffff;
  16030: ffffff;
  16031: ffffff;
  16032: ffffff;
  16033: ffffff;
  16034: ffffff;
  16035: ffffff;
  16036: ffffff;
  16037: ffffff;
  16038: fefefe;
  16039: ffffff;
  16040: ffffff;
  16041: ffffff;
  16042: ffffff;
  16043: ffffff;
  16044: ffffff;
  16045: ffffff;
  16046: ffffff;
  16047: ffffff;
  16048: ffffff;
  16049: ffffff;
  16050: ffffff;
  16051: ffffff;
  16052: ffffff;
  16053: ffffff;
  16054: ffffff;
  16055: ffffff;
  16056: ffffff;
  16057: ffffff;
  16058: ffffff;
  16059: ffffff;
  16060: ffffff;
  16061: ffffff;
  16062: ffffff;
  16063: ffffff;
  16064: ffffff;
  16065: ffffff;
  16066: ffffff;
  16067: fefefe;
  16068: ffffff;
  16069: ffffff;
  16070: fefefe;
  16071: ffffff;
  16072: ffffff;
  16073: ffffff;
  16074: ffffff;
  16075: ffffff;
  16076: ffffff;
  16077: ffffff;
  16078: ffffff;
  16079: ffffff;
  16080: ffffff;
  16081: ffffff;
  16082: ffffff;
  16083: ffffff;
  16084: ffffff;
  16085: ffffff;
  16086: ffffff;
  16087: ffffff;
  16088: ffffff;
  16089: ffffff;
  16090: ffffff;
  16091: ffffff;
  16092: ffffff;
  16093: ffffff;
  16094: ffffff;
  16095: ffffff;
  16096: ffffff;
  16097: ffffff;
  16098: ffffff;
  16099: ffffff;
  16100: ffffff;
  16101: ffffff;
  16102: ffffff;
  16103: ffffff;
  16104: ffffff;
  16105: ffffff;
  16106: ffffff;
  16107: ffffff;
  16108: ffffff;
  16109: ffffff;
  16110: ffffff;
  16111: ffffff;
  16112: ffffff;
  16113: ffffff;
  16114: ffffff;
  16115: ffffff;
  16116: ffffff;
  16117: ffffff;
  16118: ffffff;
  16119: ffffff;
  16120: ffffff;
  16121: ffffff;
  16122: ffffff;
  16123: ffffff;
  16124: ffffff;
  16125: ffffff;
  16126: ffffff;
  16127: ffffff;
  16128: ffffff;
  16129: ffffff;
  16130: ffffff;
  16131: ffffff;
  16132: ffffff;
  16133: ffffff;
  16134: ffffff;
  16135: ffffff;
  16136: ffffff;
  16137: ffffff;
  16138: ffffff;
  16139: ffffff;
  16140: ffffff;
  16141: ffffff;
  16142: ffffff;
  16143: ffffff;
  16144: ffffff;
  16145: ffffff;
  16146: ffffff;
  16147: ffffff;
  16148: ffffff;
  16149: ffffff;
  16150: ffffff;
  16151: ffffff;
  16152: ffffff;
  16153: ffffff;
  16154: ffffff;
  16155: ffffff;
  16156: ffffff;
  16157: ffffff;
  16158: ffffff;
  16159: ffffff;
  16160: ffffff;
  16161: ffffff;
  16162: ffffff;
  16163: ffffff;
  16164: ffffff;
  16165: ffffff;
  16166: ffffff;
  16167: ffffff;
  16168: fefefe;
  16169: ffffff;
  16170: ffffff;
  16171: ffffff;
  16172: ffffff;
  16173: ffffff;
  16174: ffffff;
  16175: fefefe;
  16176: ffffff;
  16177: ffffff;
  16178: ffffff;
  16179: ffffff;
  16180: ffffff;
  16181: ffffff;
  16182: ffffff;
  16183: ffffff;
  16184: fefefe;
  16185: ffffff;
  16186: ffffff;
  16187: ffffff;
  16188: ffffff;
  16189: ffffff;
  16190: ffffff;
  16191: fefefe;
  16192: ffffff;
  16193: ffffff;
  16194: ffffff;
  16195: ffffff;
  16196: ffffff;
  16197: ffffff;
  16198: ffffff;
  16199: ffffff;
  16200: ffffff;
  16201: ffffff;
  16202: ffffff;
  16203: ffffff;
  16204: ffffff;
  16205: ffffff;
  16206: ffffff;
  16207: ffffff;
  16208: ffffff;
  16209: ffffff;
  16210: ffffff;
  16211: ffffff;
  16212: ffffff;
  16213: ffffff;
  16214: ffffff;
  16215: ffffff;
  16216: ffffff;
  16217: ffffff;
  16218: ffffff;
  16219: ffffff;
  16220: ffffff;
  16221: ffffff;
  16222: ffffff;
  16223: ffffff;
  16224: ffffff;
  16225: ffffff;
  16226: ffffff;
  16227: ffffff;
  16228: ffffff;
  16229: ffffff;
  16230: ffffff;
  16231: ffffff;
  16232: ffffff;
  16233: ffffff;
  16234: ffffff;
  16235: ffffff;
  16236: ffffff;
  16237: ffffff;
  16238: ffffff;
  16239: ffffff;
  16240: ffffff;
  16241: ffffff;
  16242: ffffff;
  16243: ffffff;
  16244: ffffff;
  16245: ffffff;
  16246: ffffff;
  16247: ffffff;
  16248: ffffff;
  16249: ffffff;
  16250: ffffff;
  16251: ffffff;
  16252: ffffff;
  16253: ffffff;
  16254: ffffff;
  16255: ffffff;
  16256: ffffff;
  16257: ffffff;
  16258: ffffff;
  16259: ffffff;
  16260: ffffff;
  16261: ffffff;
  16262: ffffff;
  16263: ffffff;
  16264: ffffff;
  16265: ffffff;
  16266: ffffff;
  16267: ffffff;
  16268: ffffff;
  16269: ffffff;
  16270: ffffff;
  16271: ffffff;
  16272: ffffff;
  16273: ffffff;
  16274: ffffff;
  16275: ffffff;
  16276: ffffff;
  16277: ffffff;
  16278: ffffff;
  16279: ffffff;
  16280: ffffff;
  16281: ffffff;
  16282: ffffff;
  16283: ffffff;
  16284: ffffff;
  16285: ffffff;
  16286: ffffff;
  16287: ffffff;
  16288: ffffff;
  16289: ffffff;
  16290: ffffff;
  16291: ffffff;
  16292: ffffff;
  16293: ffffff;
  16294: ffffff;
  16295: ffffff;
  16296: ffffff;
  16297: ffffff;
  16298: ffffff;
  16299: ffffff;
  16300: ffffff;
  16301: ffffff;
  16302: ffffff;
  16303: ffffff;
  16304: ffffff;
  16305: ffffff;
  16306: ffffff;
  16307: ffffff;
  16308: ffffff;
  16309: ffffff;
  16310: ffffff;
  16311: ffffff;
  16312: ffffff;
  16313: ffffff;
  16314: ffffff;
  16315: ffffff;
  16316: ffffff;
  16317: ffffff;
  16318: ffffff;
  16319: ffffff;
  16320: ffffff;
  16321: ffffff;
  16322: ffffff;
  16323: ffffff;
  16324: ffffff;
  16325: ffffff;
  16326: ffffff;
  16327: ffffff;
  16328: ffffff;
  16329: ffffff;
  16330: ffffff;
  16331: ffffff;
  16332: ffffff;
  16333: ffffff;
  16334: ffffff;
  16335: ffffff;
  16336: ffffff;
  16337: ffffff;
  16338: ffffff;
  16339: ffffff;
  16340: ffffff;
  16341: ffffff;
  16342: ffffff;
  16343: ffffff;
  16344: ffffff;
  16345: ffffff;
  16346: ffffff;
  16347: ffffff;
  16348: ffffff;
  16349: ffffff;
  16350: ffffff;
  16351: ffffff;
  16352: ffffff;
  16353: ffffff;
  16354: ffffff;
  16355: ffffff;
  16356: ffffff;
  16357: ffffff;
  16358: ffffff;
  16359: ffffff;
  16360: ffffff;
  16361: ffffff;
  16362: ffffff;
  16363: ffffff;
  16364: ffffff;
  16365: ffffff;
  16366: ffffff;
  16367: ffffff;
  16368: ffffff;
  16369: ffffff;
  16370: ffffff;
  16371: ffffff;
  16372: ffffff;
  16373: ffffff;
  16374: ffffff;
  16375: ffffff;
  16376: ffffff;
  16377: ffffff;
  16378: ffffff;
  16379: ffffff;
  16380: ffffff;
  16381: ffffff;
  16382: ffffff;
  16383: ffffff;
END;
