WIDTH=24;
DEPTH=20480;

ADDRESS_RADIX=UNS;
DATA_RADIX=HEX;

CONTENT BEGIN
  0: fcfcfc;
  1: fcfcfc;
  2: fcfcfc;
  3: fcfcfc;
  4: fdfdfd;
  5: fefefe;
  6: fefefe;
  7: ffffff;
  8: ffffff;
  9: ffffff;
  10: ffffff;
  11: ffffff;
  12: ffffff;
  13: ffffff;
  14: ffffff;
  15: ffffff;
  16: ffffff;
  17: ffffff;
  18: ffffff;
  19: ffffff;
  20: ffffff;
  21: ffffff;
  22: ffffff;
  23: ffffff;
  24: ffffff;
  25: ffffff;
  26: ffffff;
  27: ffffff;
  28: ffffff;
  29: ffffff;
  30: ffffff;
  31: ffffff;
  32: fefefe;
  33: fefefe;
  34: fefefe;
  35: fefefe;
  36: fefefe;
  37: ffffff;
  38: ffffff;
  39: ffffff;
  40: ffffff;
  41: fefefe;
  42: fefefe;
  43: fdfdfd;
  44: fcfcfc;
  45: fcfcfc;
  46: fcfcfc;
  47: fdfdfd;
  48: fefefe;
  49: fefefe;
  50: ffffff;
  51: ffffff;
  52: ffffff;
  53: ffffff;
  54: fefefe;
  55: fefefe;
  56: fefefe;
  57: fefefe;
  58: fefefe;
  59: ffffff;
  60: ffffff;
  61: ffffff;
  62: ffffff;
  63: ffffff;
  64: ffffff;
  65: ffffff;
  66: ffffff;
  67: ffffff;
  68: ffffff;
  69: fefefe;
  70: fefefe;
  71: fefefe;
  72: fefefe;
  73: fefefe;
  74: ffffff;
  75: ffffff;
  76: ffffff;
  77: ffffff;
  78: fefefe;
  79: fefefe;
  80: fdfdfd;
  81: fcfcfc;
  82: fcfcfc;
  83: fcfcfc;
  84: fdfdfd;
  85: fefefe;
  86: fefefe;
  87: ffffff;
  88: ffffff;
  89: ffffff;
  90: ffffff;
  91: fefefe;
  92: fefefe;
  93: fefefe;
  94: fefefe;
  95: fefefe;
  96: ffffff;
  97: ffffff;
  98: ffffff;
  99: ffffff;
  100: ffffff;
  101: ffffff;
  102: ffffff;
  103: ffffff;
  104: ffffff;
  105: ffffff;
  106: ffffff;
  107: ffffff;
  108: ffffff;
  109: ffffff;
  110: ffffff;
  111: ffffff;
  112: ffffff;
  113: ffffff;
  114: ffffff;
  115: ffffff;
  116: ffffff;
  117: ffffff;
  118: ffffff;
  119: ffffff;
  120: ffffff;
  121: fefefe;
  122: fefefe;
  123: fdfdfd;
  124: fcfcfc;
  125: fcfcfc;
  126: fcfcfc;
  127: fcfcfc;
  128: fcfcfc;
  129: fcfcfc;
  130: fcfcfc;
  131: fcfcfc;
  132: fdfdfd;
  133: fefefe;
  134: fefefe;
  135: ffffff;
  136: ffffff;
  137: ffffff;
  138: ffffff;
  139: ffffff;
  140: ffffff;
  141: ffffff;
  142: ffffff;
  143: ffffff;
  144: ffffff;
  145: ffffff;
  146: ffffff;
  147: ffffff;
  148: ffffff;
  149: ffffff;
  150: ffffff;
  151: ffffff;
  152: ffffff;
  153: ffffff;
  154: ffffff;
  155: ffffff;
  156: ffffff;
  157: ffffff;
  158: ffffff;
  159: ffffff;
  160: fefefe;
  161: fefefe;
  162: fefefe;
  163: fefefe;
  164: fefefe;
  165: ffffff;
  166: ffffff;
  167: ffffff;
  168: ffffff;
  169: fefefe;
  170: fefefe;
  171: fdfdfd;
  172: fcfcfc;
  173: fcfcfc;
  174: fcfcfc;
  175: fdfdfd;
  176: fefefe;
  177: fefefe;
  178: ffffff;
  179: ffffff;
  180: ffffff;
  181: ffffff;
  182: fefefe;
  183: fefefe;
  184: fefefe;
  185: fefefe;
  186: fefefe;
  187: ffffff;
  188: ffffff;
  189: ffffff;
  190: ffffff;
  191: ffffff;
  192: ffffff;
  193: ffffff;
  194: ffffff;
  195: ffffff;
  196: ffffff;
  197: fefefe;
  198: fefefe;
  199: fefefe;
  200: fefefe;
  201: fefefe;
  202: ffffff;
  203: ffffff;
  204: ffffff;
  205: ffffff;
  206: fefefe;
  207: fefefe;
  208: fdfdfd;
  209: fcfcfc;
  210: fcfcfc;
  211: fcfcfc;
  212: fdfdfd;
  213: fefefe;
  214: fefefe;
  215: ffffff;
  216: ffffff;
  217: ffffff;
  218: ffffff;
  219: fefefe;
  220: fefefe;
  221: fefefe;
  222: fefefe;
  223: fefefe;
  224: ffffff;
  225: ffffff;
  226: ffffff;
  227: ffffff;
  228: ffffff;
  229: ffffff;
  230: ffffff;
  231: ffffff;
  232: ffffff;
  233: ffffff;
  234: ffffff;
  235: ffffff;
  236: ffffff;
  237: ffffff;
  238: ffffff;
  239: ffffff;
  240: ffffff;
  241: ffffff;
  242: ffffff;
  243: ffffff;
  244: ffffff;
  245: ffffff;
  246: ffffff;
  247: ffffff;
  248: ffffff;
  249: fefefe;
  250: fefefe;
  251: fdfdfd;
  252: fcfcfc;
  253: fcfcfc;
  254: fcfcfc;
  255: fcfcfc;
  256: fcfcfc;
  257: fcfcfc;
  258: fcfcfc;
  259: fcfcfc;
  260: fdfdfd;
  261: fefefe;
  262: fefefe;
  263: ffffff;
  264: ffffff;
  265: ffffff;
  266: ffffff;
  267: ffffff;
  268: ffffff;
  269: ffffff;
  270: ffffff;
  271: ffffff;
  272: ffffff;
  273: ffffff;
  274: ffffff;
  275: ffffff;
  276: ffffff;
  277: ffffff;
  278: ffffff;
  279: ffffff;
  280: ffffff;
  281: ffffff;
  282: ffffff;
  283: ffffff;
  284: ffffff;
  285: ffffff;
  286: ffffff;
  287: ffffff;
  288: fefefe;
  289: fefefe;
  290: fefefe;
  291: fefefe;
  292: fefefe;
  293: ffffff;
  294: ffffff;
  295: ffffff;
  296: ffffff;
  297: fefefe;
  298: fefefe;
  299: fdfdfd;
  300: fcfcfc;
  301: fcfcfc;
  302: fcfcfc;
  303: fdfdfd;
  304: fefefe;
  305: fefefe;
  306: ffffff;
  307: ffffff;
  308: ffffff;
  309: ffffff;
  310: fefefe;
  311: fefefe;
  312: fefefe;
  313: fefefe;
  314: fefefe;
  315: ffffff;
  316: ffffff;
  317: ffffff;
  318: ffffff;
  319: ffffff;
  320: ffffff;
  321: ffffff;
  322: ffffff;
  323: ffffff;
  324: ffffff;
  325: fefefe;
  326: fefefe;
  327: fefefe;
  328: fefefe;
  329: fefefe;
  330: ffffff;
  331: ffffff;
  332: ffffff;
  333: ffffff;
  334: fefefe;
  335: fefefe;
  336: fdfdfd;
  337: fcfcfc;
  338: fcfcfc;
  339: fcfcfc;
  340: fdfdfd;
  341: fefefe;
  342: fefefe;
  343: ffffff;
  344: ffffff;
  345: ffffff;
  346: ffffff;
  347: fefefe;
  348: fefefe;
  349: fefefe;
  350: fefefe;
  351: fefefe;
  352: ffffff;
  353: ffffff;
  354: ffffff;
  355: ffffff;
  356: ffffff;
  357: ffffff;
  358: ffffff;
  359: ffffff;
  360: ffffff;
  361: ffffff;
  362: ffffff;
  363: ffffff;
  364: ffffff;
  365: ffffff;
  366: ffffff;
  367: ffffff;
  368: ffffff;
  369: ffffff;
  370: ffffff;
  371: ffffff;
  372: ffffff;
  373: ffffff;
  374: ffffff;
  375: ffffff;
  376: ffffff;
  377: fefefe;
  378: fefefe;
  379: fdfdfd;
  380: fcfcfc;
  381: fcfcfc;
  382: fcfcfc;
  383: fcfcfc;
  384: fcfcfc;
  385: fcfcfc;
  386: fcfcfc;
  387: fcfcfc;
  388: fdfdfd;
  389: fefefe;
  390: fefefe;
  391: ffffff;
  392: ffffff;
  393: ffffff;
  394: ffffff;
  395: ffffff;
  396: ffffff;
  397: ffffff;
  398: ffffff;
  399: ffffff;
  400: ffffff;
  401: ffffff;
  402: ffffff;
  403: ffffff;
  404: ffffff;
  405: ffffff;
  406: ffffff;
  407: ffffff;
  408: ffffff;
  409: ffffff;
  410: ffffff;
  411: ffffff;
  412: ffffff;
  413: ffffff;
  414: ffffff;
  415: ffffff;
  416: fefefe;
  417: fefefe;
  418: fefefe;
  419: fefefe;
  420: fefefe;
  421: ffffff;
  422: ffffff;
  423: ffffff;
  424: ffffff;
  425: fefefe;
  426: fefefe;
  427: fdfdfd;
  428: fcfcfc;
  429: fcfcfc;
  430: fcfcfc;
  431: fdfdfd;
  432: fefefe;
  433: fefefe;
  434: ffffff;
  435: ffffff;
  436: ffffff;
  437: ffffff;
  438: fefefe;
  439: fefefe;
  440: fefefe;
  441: fefefe;
  442: fefefe;
  443: ffffff;
  444: ffffff;
  445: ffffff;
  446: ffffff;
  447: ffffff;
  448: ffffff;
  449: ffffff;
  450: ffffff;
  451: ffffff;
  452: ffffff;
  453: fefefe;
  454: fefefe;
  455: fefefe;
  456: fefefe;
  457: fefefe;
  458: ffffff;
  459: ffffff;
  460: ffffff;
  461: ffffff;
  462: fefefe;
  463: fefefe;
  464: fdfdfd;
  465: fcfcfc;
  466: fcfcfc;
  467: fcfcfc;
  468: fdfdfd;
  469: fefefe;
  470: fefefe;
  471: ffffff;
  472: ffffff;
  473: ffffff;
  474: ffffff;
  475: fefefe;
  476: fefefe;
  477: fefefe;
  478: fefefe;
  479: fefefe;
  480: ffffff;
  481: ffffff;
  482: ffffff;
  483: ffffff;
  484: ffffff;
  485: ffffff;
  486: ffffff;
  487: ffffff;
  488: ffffff;
  489: ffffff;
  490: ffffff;
  491: ffffff;
  492: ffffff;
  493: ffffff;
  494: ffffff;
  495: ffffff;
  496: ffffff;
  497: ffffff;
  498: ffffff;
  499: ffffff;
  500: ffffff;
  501: ffffff;
  502: ffffff;
  503: ffffff;
  504: ffffff;
  505: fefefe;
  506: fefefe;
  507: fdfdfd;
  508: fcfcfc;
  509: fcfcfc;
  510: fcfcfc;
  511: fcfcfc;
  512: fdfdfd;
  513: fdfdfd;
  514: fdfdfd;
  515: fdfdfd;
  516: fefefe;
  517: fefefe;
  518: fefefe;
  519: ffffff;
  520: ffffff;
  521: ffffff;
  522: fefefe;
  523: fefefe;
  524: fefefe;
  525: fefefe;
  526: fefefe;
  527: fefefe;
  528: ffffff;
  529: ffffff;
  530: ffffff;
  531: ffffff;
  532: ffffff;
  533: ffffff;
  534: ffffff;
  535: ffffff;
  536: ffffff;
  537: ffffff;
  538: ffffff;
  539: ffffff;
  540: ffffff;
  541: ffffff;
  542: ffffff;
  543: ffffff;
  544: fefefe;
  545: fefefe;
  546: fefefe;
  547: fefefe;
  548: ffffff;
  549: ffffff;
  550: ffffff;
  551: ffffff;
  552: ffffff;
  553: fefefe;
  554: fefefe;
  555: fefefe;
  556: fdfdfd;
  557: fdfdfd;
  558: fdfdfd;
  559: fefefe;
  560: fefefe;
  561: fefefe;
  562: ffffff;
  563: ffffff;
  564: ffffff;
  565: ffffff;
  566: fefefe;
  567: fefefe;
  568: fefefe;
  569: fefefe;
  570: fefefe;
  571: ffffff;
  572: ffffff;
  573: ffffff;
  574: ffffff;
  575: ffffff;
  576: ffffff;
  577: ffffff;
  578: ffffff;
  579: ffffff;
  580: ffffff;
  581: fefefe;
  582: fefefe;
  583: fefefe;
  584: fefefe;
  585: fefefe;
  586: ffffff;
  587: ffffff;
  588: ffffff;
  589: ffffff;
  590: fefefe;
  591: fefefe;
  592: fefefe;
  593: fdfdfd;
  594: fdfdfd;
  595: fdfdfd;
  596: fefefe;
  597: fefefe;
  598: fefefe;
  599: ffffff;
  600: ffffff;
  601: ffffff;
  602: ffffff;
  603: ffffff;
  604: fefefe;
  605: fefefe;
  606: fefefe;
  607: fefefe;
  608: ffffff;
  609: ffffff;
  610: ffffff;
  611: ffffff;
  612: ffffff;
  613: ffffff;
  614: ffffff;
  615: ffffff;
  616: ffffff;
  617: ffffff;
  618: ffffff;
  619: ffffff;
  620: ffffff;
  621: ffffff;
  622: ffffff;
  623: ffffff;
  624: fefefe;
  625: fefefe;
  626: fefefe;
  627: fefefe;
  628: fefefe;
  629: fefefe;
  630: ffffff;
  631: ffffff;
  632: ffffff;
  633: fefefe;
  634: fefefe;
  635: fefefe;
  636: fdfdfd;
  637: fdfdfd;
  638: fdfdfd;
  639: fdfdfd;
  640: fefefe;
  641: fefefe;
  642: fefefe;
  643: fefefe;
  644: fefefe;
  645: ffffff;
  646: ffffff;
  647: ffffff;
  648: ffffff;
  649: fefefe;
  650: fefefe;
  651: fefefe;
  652: fdfdfd;
  653: fdfdfd;
  654: fdfdfd;
  655: fefefe;
  656: fefefe;
  657: fefefe;
  658: ffffff;
  659: ffffff;
  660: ffffff;
  661: ffffff;
  662: fefefe;
  663: fefefe;
  664: fefefe;
  665: fefefe;
  666: fefefe;
  667: ffffff;
  668: ffffff;
  669: ffffff;
  670: ffffff;
  671: ffffff;
  672: ffffff;
  673: ffffff;
  674: ffffff;
  675: ffffff;
  676: ffffff;
  677: ffffff;
  678: ffffff;
  679: ffffff;
  680: ffffff;
  681: ffffff;
  682: ffffff;
  683: fefefe;
  684: fefefe;
  685: fefefe;
  686: fefefe;
  687: fefefe;
  688: ffffff;
  689: ffffff;
  690: ffffff;
  691: ffffff;
  692: fefefe;
  693: fefefe;
  694: fdfdfd;
  695: fdfdfd;
  696: fdfdfd;
  697: fdfdfd;
  698: fefefe;
  699: ffffff;
  700: ffffff;
  701: ffffff;
  702: ffffff;
  703: ffffff;
  704: ffffff;
  705: ffffff;
  706: ffffff;
  707: ffffff;
  708: ffffff;
  709: fefefe;
  710: fdfdfd;
  711: fdfdfd;
  712: fdfdfd;
  713: fdfdfd;
  714: fefefe;
  715: fefefe;
  716: ffffff;
  717: ffffff;
  718: ffffff;
  719: ffffff;
  720: fefefe;
  721: fefefe;
  722: fefefe;
  723: fefefe;
  724: fefefe;
  725: ffffff;
  726: ffffff;
  727: ffffff;
  728: ffffff;
  729: ffffff;
  730: ffffff;
  731: ffffff;
  732: ffffff;
  733: ffffff;
  734: ffffff;
  735: ffffff;
  736: ffffff;
  737: ffffff;
  738: ffffff;
  739: ffffff;
  740: ffffff;
  741: fefefe;
  742: fefefe;
  743: fefefe;
  744: fefefe;
  745: fefefe;
  746: ffffff;
  747: ffffff;
  748: ffffff;
  749: ffffff;
  750: fefefe;
  751: fefefe;
  752: fefefe;
  753: fdfdfd;
  754: fdfdfd;
  755: fdfdfd;
  756: fefefe;
  757: fefefe;
  758: fefefe;
  759: ffffff;
  760: ffffff;
  761: ffffff;
  762: ffffff;
  763: fefefe;
  764: fefefe;
  765: fefefe;
  766: fefefe;
  767: fefefe;
  768: ffffff;
  769: ffffff;
  770: ffffff;
  771: ffffff;
  772: ffffff;
  773: ffffff;
  774: ffffff;
  775: ffffff;
  776: ffffff;
  777: fefefe;
  778: fdfdfd;
  779: fdfdfd;
  780: fcfcfc;
  781: fcfcfc;
  782: fcfcfc;
  783: fdfdfd;
  784: fefefe;
  785: fefefe;
  786: ffffff;
  787: ffffff;
  788: ffffff;
  789: ffffff;
  790: fefefe;
  791: fefefe;
  792: fefefe;
  793: fefefe;
  794: fefefe;
  795: ffffff;
  796: ffffff;
  797: ffffff;
  798: ffffff;
  799: ffffff;
  800: ffffff;
  801: ffffff;
  802: ffffff;
  803: ffffff;
  804: ffffff;
  805: ffffff;
  806: ffffff;
  807: ffffff;
  808: ffffff;
  809: ffffff;
  810: ffffff;
  811: ffffff;
  812: ffffff;
  813: ffffff;
  814: ffffff;
  815: ffffff;
  816: ffffff;
  817: ffffff;
  818: ffffff;
  819: ffffff;
  820: fefefe;
  821: fefefe;
  822: fdfdfd;
  823: fdfdfd;
  824: fdfdfd;
  825: fdfdfd;
  826: fefefe;
  827: fefefe;
  828: ffffff;
  829: ffffff;
  830: ffffff;
  831: ffffff;
  832: ffffff;
  833: ffffff;
  834: ffffff;
  835: ffffff;
  836: fefefe;
  837: fefefe;
  838: fdfdfd;
  839: fdfdfd;
  840: fdfdfd;
  841: fdfdfd;
  842: fefefe;
  843: fefefe;
  844: ffffff;
  845: ffffff;
  846: ffffff;
  847: ffffff;
  848: ffffff;
  849: ffffff;
  850: ffffff;
  851: ffffff;
  852: ffffff;
  853: ffffff;
  854: ffffff;
  855: ffffff;
  856: ffffff;
  857: ffffff;
  858: ffffff;
  859: ffffff;
  860: ffffff;
  861: ffffff;
  862: ffffff;
  863: ffffff;
  864: ffffff;
  865: ffffff;
  866: ffffff;
  867: ffffff;
  868: ffffff;
  869: fefefe;
  870: fefefe;
  871: fefefe;
  872: fefefe;
  873: fefefe;
  874: ffffff;
  875: ffffff;
  876: ffffff;
  877: ffffff;
  878: fefefe;
  879: fefefe;
  880: fdfdfd;
  881: fcfcfc;
  882: fcfcfc;
  883: fcfcfc;
  884: fdfdfd;
  885: fdfdfd;
  886: fefefe;
  887: ffffff;
  888: ffffff;
  889: ffffff;
  890: ffffff;
  891: ffffff;
  892: ffffff;
  893: ffffff;
  894: ffffff;
  895: ffffff;
  896: ffffff;
  897: ffffff;
  898: ffffff;
  899: ffffff;
  900: ffffff;
  901: ffffff;
  902: ffffff;
  903: ffffff;
  904: ffffff;
  905: fefefe;
  906: fdfdfd;
  907: fdfdfd;
  908: fcfcfc;
  909: fcfcfc;
  910: fcfcfc;
  911: fdfdfd;
  912: fefefe;
  913: fefefe;
  914: ffffff;
  915: ffffff;
  916: ffffff;
  917: ffffff;
  918: fefefe;
  919: fefefe;
  920: fefefe;
  921: fefefe;
  922: fefefe;
  923: ffffff;
  924: ffffff;
  925: ffffff;
  926: ffffff;
  927: ffffff;
  928: ffffff;
  929: ffffff;
  930: ffffff;
  931: ffffff;
  932: ffffff;
  933: ffffff;
  934: ffffff;
  935: ffffff;
  936: ffffff;
  937: ffffff;
  938: ffffff;
  939: ffffff;
  940: ffffff;
  941: ffffff;
  942: ffffff;
  943: ffffff;
  944: ffffff;
  945: ffffff;
  946: ffffff;
  947: ffffff;
  948: fefefe;
  949: fefefe;
  950: fdfdfd;
  951: fdfdfd;
  952: fdfdfd;
  953: fdfdfd;
  954: fefefe;
  955: fefefe;
  956: ffffff;
  957: ffffff;
  958: ffffff;
  959: ffffff;
  960: ffffff;
  961: ffffff;
  962: ffffff;
  963: ffffff;
  964: fefefe;
  965: fefefe;
  966: fdfdfd;
  967: fdfdfd;
  968: fdfdfd;
  969: fdfdfd;
  970: fefefe;
  971: fefefe;
  972: ffffff;
  973: ffffff;
  974: ffffff;
  975: ffffff;
  976: ffffff;
  977: ffffff;
  978: ffffff;
  979: ffffff;
  980: ffffff;
  981: ffffff;
  982: ffffff;
  983: ffffff;
  984: ffffff;
  985: ffffff;
  986: ffffff;
  987: ffffff;
  988: ffffff;
  989: ffffff;
  990: ffffff;
  991: ffffff;
  992: ffffff;
  993: ffffff;
  994: ffffff;
  995: ffffff;
  996: ffffff;
  997: fefefe;
  998: fefefe;
  999: fefefe;
  1000: fefefe;
  1001: fefefe;
  1002: ffffff;
  1003: ffffff;
  1004: ffffff;
  1005: ffffff;
  1006: fefefe;
  1007: fefefe;
  1008: fdfdfd;
  1009: fcfcfc;
  1010: fcfcfc;
  1011: fcfcfc;
  1012: fdfdfd;
  1013: fdfdfd;
  1014: fefefe;
  1015: ffffff;
  1016: ffffff;
  1017: ffffff;
  1018: ffffff;
  1019: ffffff;
  1020: ffffff;
  1021: ffffff;
  1022: ffffff;
  1023: ffffff;
  1024: ffffff;
  1025: ffffff;
  1026: ffffff;
  1027: ffffff;
  1028: ffffff;
  1029: ffffff;
  1030: ffffff;
  1031: ffffff;
  1032: ffffff;
  1033: fefefe;
  1034: fdfdfd;
  1035: fdfdfd;
  1036: fcfcfc;
  1037: fcfcfc;
  1038: fcfcfc;
  1039: fdfdfd;
  1040: fefefe;
  1041: fefefe;
  1042: ffffff;
  1043: ffffff;
  1044: ffffff;
  1045: ffffff;
  1046: fefefe;
  1047: fefefe;
  1048: fefefe;
  1049: fefefe;
  1050: fefefe;
  1051: ffffff;
  1052: ffffff;
  1053: ffffff;
  1054: ffffff;
  1055: ffffff;
  1056: ffffff;
  1057: ffffff;
  1058: ffffff;
  1059: ffffff;
  1060: fefefe;
  1061: fefefe;
  1062: fefefe;
  1063: fefefe;
  1064: fefefe;
  1065: ffffff;
  1066: ffffff;
  1067: ffffff;
  1068: ffffff;
  1069: ffffff;
  1070: ffffff;
  1071: ffffff;
  1072: ffffff;
  1073: ffffff;
  1074: ffffff;
  1075: ffffff;
  1076: ffffff;
  1077: ffffff;
  1078: ffffff;
  1079: ffffff;
  1080: ffffff;
  1081: ffffff;
  1082: ffffff;
  1083: ffffff;
  1084: ffffff;
  1085: ffffff;
  1086: ffffff;
  1087: ffffff;
  1088: ffffff;
  1089: ffffff;
  1090: ffffff;
  1091: ffffff;
  1092: ffffff;
  1093: ffffff;
  1094: ffffff;
  1095: ffffff;
  1096: ffffff;
  1097: ffffff;
  1098: ffffff;
  1099: ffffff;
  1100: ffffff;
  1101: ffffff;
  1102: ffffff;
  1103: ffffff;
  1104: ffffff;
  1105: ffffff;
  1106: ffffff;
  1107: ffffff;
  1108: ffffff;
  1109: ffffff;
  1110: ffffff;
  1111: fefefe;
  1112: fefefe;
  1113: fefefe;
  1114: fefefe;
  1115: fefefe;
  1116: ffffff;
  1117: ffffff;
  1118: ffffff;
  1119: ffffff;
  1120: ffffff;
  1121: ffffff;
  1122: ffffff;
  1123: ffffff;
  1124: ffffff;
  1125: fefefe;
  1126: fefefe;
  1127: fefefe;
  1128: fefefe;
  1129: fefefe;
  1130: ffffff;
  1131: ffffff;
  1132: ffffff;
  1133: ffffff;
  1134: fefefe;
  1135: fefefe;
  1136: fdfdfd;
  1137: fcfcfc;
  1138: fcfcfc;
  1139: fcfcfc;
  1140: fdfdfd;
  1141: fdfdfd;
  1142: fefefe;
  1143: ffffff;
  1144: ffffff;
  1145: ffffff;
  1146: ffffff;
  1147: ffffff;
  1148: ffffff;
  1149: ffffff;
  1150: ffffff;
  1151: ffffff;
  1152: ffffff;
  1153: ffffff;
  1154: ffffff;
  1155: ffffff;
  1156: ffffff;
  1157: ffffff;
  1158: ffffff;
  1159: ffffff;
  1160: ffffff;
  1161: fefefe;
  1162: fefefe;
  1163: fefefe;
  1164: fdfdfd;
  1165: fdfdfd;
  1166: fdfdfd;
  1167: fdfdfd;
  1168: fefefe;
  1169: fdfdfd;
  1170: fefefe;
  1171: fefefe;
  1172: fefefe;
  1173: ffffff;
  1174: fefefe;
  1175: fefefe;
  1176: fefefe;
  1177: fefefe;
  1178: fefefe;
  1179: ffffff;
  1180: ffffff;
  1181: ffffff;
  1182: ffffff;
  1183: ffffff;
  1184: fefefe;
  1185: fefefe;
  1186: fefefe;
  1187: fefefe;
  1188: fdfdfd;
  1189: fdfdfd;
  1190: fdfdfd;
  1191: fdfdfd;
  1192: fdfdfd;
  1193: fefefe;
  1194: fefefe;
  1195: fefefe;
  1196: ffffff;
  1197: ffffff;
  1198: ffffff;
  1199: ffffff;
  1200: ffffff;
  1201: ffffff;
  1202: ffffff;
  1203: ffffff;
  1204: ffffff;
  1205: ffffff;
  1206: ffffff;
  1207: ffffff;
  1208: ffffff;
  1209: ffffff;
  1210: ffffff;
  1211: ffffff;
  1212: ffffff;
  1213: ffffff;
  1214: ffffff;
  1215: ffffff;
  1216: ffffff;
  1217: ffffff;
  1218: ffffff;
  1219: ffffff;
  1220: ffffff;
  1221: ffffff;
  1222: ffffff;
  1223: ffffff;
  1224: ffffff;
  1225: ffffff;
  1226: ffffff;
  1227: ffffff;
  1228: ffffff;
  1229: ffffff;
  1230: ffffff;
  1231: ffffff;
  1232: ffffff;
  1233: ffffff;
  1234: ffffff;
  1235: ffffff;
  1236: fefefe;
  1237: fefefe;
  1238: fefefe;
  1239: fdfdfd;
  1240: fdfdfd;
  1241: fdfdfd;
  1242: fdfdfd;
  1243: fdfdfd;
  1244: fefefe;
  1245: fefefe;
  1246: fefefe;
  1247: fefefe;
  1248: ffffff;
  1249: ffffff;
  1250: ffffff;
  1251: ffffff;
  1252: ffffff;
  1253: fefefe;
  1254: fefefe;
  1255: fefefe;
  1256: fefefe;
  1257: fefefe;
  1258: ffffff;
  1259: fefefe;
  1260: fefefe;
  1261: fefefe;
  1262: fdfdfd;
  1263: fefefe;
  1264: fdfdfd;
  1265: fdfdfd;
  1266: fdfdfd;
  1267: fdfdfd;
  1268: fefefe;
  1269: fefefe;
  1270: fefefe;
  1271: ffffff;
  1272: ffffff;
  1273: ffffff;
  1274: ffffff;
  1275: ffffff;
  1276: ffffff;
  1277: ffffff;
  1278: ffffff;
  1279: ffffff;
  1280: ffffff;
  1281: ffffff;
  1282: ffffff;
  1283: ffffff;
  1284: ffffff;
  1285: ffffff;
  1286: ffffff;
  1287: ffffff;
  1288: ffffff;
  1289: ffffff;
  1290: fefefe;
  1291: fefefe;
  1292: fefefe;
  1293: fefefe;
  1294: fefefe;
  1295: fdfdfd;
  1296: fefefe;
  1297: fdfdfd;
  1298: fefefe;
  1299: fefefe;
  1300: fefefe;
  1301: fefefe;
  1302: fefefe;
  1303: ffffff;
  1304: ffffff;
  1305: ffffff;
  1306: ffffff;
  1307: ffffff;
  1308: ffffff;
  1309: ffffff;
  1310: ffffff;
  1311: fefefe;
  1312: fefefe;
  1313: fefefe;
  1314: fdfdfd;
  1315: fdfdfd;
  1316: fcfcfc;
  1317: fcfcfc;
  1318: fcfcfc;
  1319: fcfcfc;
  1320: fcfcfc;
  1321: fdfdfd;
  1322: fdfdfd;
  1323: fefefe;
  1324: fefefe;
  1325: ffffff;
  1326: ffffff;
  1327: ffffff;
  1328: ffffff;
  1329: ffffff;
  1330: ffffff;
  1331: ffffff;
  1332: ffffff;
  1333: ffffff;
  1334: ffffff;
  1335: ffffff;
  1336: ffffff;
  1337: ffffff;
  1338: ffffff;
  1339: ffffff;
  1340: ffffff;
  1341: ffffff;
  1342: ffffff;
  1343: ffffff;
  1344: ffffff;
  1345: ffffff;
  1346: ffffff;
  1347: ffffff;
  1348: ffffff;
  1349: ffffff;
  1350: ffffff;
  1351: ffffff;
  1352: ffffff;
  1353: ffffff;
  1354: ffffff;
  1355: ffffff;
  1356: ffffff;
  1357: ffffff;
  1358: ffffff;
  1359: ffffff;
  1360: ffffff;
  1361: ffffff;
  1362: ffffff;
  1363: fefefe;
  1364: fefefe;
  1365: fdfdfd;
  1366: fdfdfd;
  1367: fcfcfc;
  1368: fcfcfc;
  1369: fcfcfc;
  1370: fcfcfc;
  1371: fcfcfc;
  1372: fdfdfd;
  1373: fdfdfd;
  1374: fefefe;
  1375: fefefe;
  1376: fefefe;
  1377: ffffff;
  1378: ffffff;
  1379: ffffff;
  1380: ffffff;
  1381: ffffff;
  1382: ffffff;
  1383: ffffff;
  1384: ffffff;
  1385: fefefe;
  1386: fefefe;
  1387: fefefe;
  1388: fefefe;
  1389: fefefe;
  1390: fdfdfd;
  1391: fefefe;
  1392: fdfdfd;
  1393: fefefe;
  1394: fefefe;
  1395: fefefe;
  1396: fefefe;
  1397: fefefe;
  1398: ffffff;
  1399: ffffff;
  1400: ffffff;
  1401: ffffff;
  1402: ffffff;
  1403: ffffff;
  1404: ffffff;
  1405: ffffff;
  1406: ffffff;
  1407: ffffff;
  1408: ffffff;
  1409: ffffff;
  1410: ffffff;
  1411: ffffff;
  1412: ffffff;
  1413: ffffff;
  1414: ffffff;
  1415: ffffff;
  1416: ffffff;
  1417: ffffff;
  1418: ffffff;
  1419: ffffff;
  1420: ffffff;
  1421: ffffff;
  1422: ffffff;
  1423: fefefe;
  1424: fefefe;
  1425: fdfdfd;
  1426: fdfdfd;
  1427: fdfdfd;
  1428: fdfdfd;
  1429: fefefe;
  1430: fefefe;
  1431: ffffff;
  1432: ffffff;
  1433: ffffff;
  1434: ffffff;
  1435: ffffff;
  1436: ffffff;
  1437: ffffff;
  1438: ffffff;
  1439: fefefe;
  1440: fdfdfd;
  1441: fdfdfd;
  1442: fcfcfc;
  1443: fcfcfc;
  1444: fbfbfb;
  1445: fbfbfb;
  1446: fbfbfb;
  1447: fbfbfb;
  1448: fbfbfb;
  1449: fcfcfc;
  1450: fcfcfc;
  1451: fdfdfd;
  1452: fefefe;
  1453: fefefe;
  1454: ffffff;
  1455: ffffff;
  1456: ffffff;
  1457: ffffff;
  1458: ffffff;
  1459: ffffff;
  1460: ffffff;
  1461: ffffff;
  1462: ffffff;
  1463: ffffff;
  1464: ffffff;
  1465: ffffff;
  1466: ffffff;
  1467: ffffff;
  1468: ffffff;
  1469: ffffff;
  1470: ffffff;
  1471: ffffff;
  1472: ffffff;
  1473: ffffff;
  1474: ffffff;
  1475: ffffff;
  1476: ffffff;
  1477: ffffff;
  1478: ffffff;
  1479: ffffff;
  1480: ffffff;
  1481: ffffff;
  1482: ffffff;
  1483: ffffff;
  1484: ffffff;
  1485: ffffff;
  1486: ffffff;
  1487: ffffff;
  1488: ffffff;
  1489: ffffff;
  1490: fefefe;
  1491: fefefe;
  1492: fdfdfd;
  1493: fcfcfc;
  1494: fcfcfc;
  1495: fbfbfb;
  1496: fbfbfb;
  1497: fbfbfb;
  1498: fbfbfb;
  1499: fbfbfb;
  1500: fcfcfc;
  1501: fcfcfc;
  1502: fdfdfd;
  1503: fdfdfd;
  1504: fefefe;
  1505: ffffff;
  1506: ffffff;
  1507: ffffff;
  1508: ffffff;
  1509: ffffff;
  1510: ffffff;
  1511: ffffff;
  1512: ffffff;
  1513: fefefe;
  1514: fefefe;
  1515: fdfdfd;
  1516: fdfdfd;
  1517: fdfdfd;
  1518: fdfdfd;
  1519: fefefe;
  1520: fefefe;
  1521: ffffff;
  1522: ffffff;
  1523: ffffff;
  1524: ffffff;
  1525: ffffff;
  1526: ffffff;
  1527: ffffff;
  1528: ffffff;
  1529: ffffff;
  1530: ffffff;
  1531: ffffff;
  1532: ffffff;
  1533: ffffff;
  1534: ffffff;
  1535: ffffff;
  1536: ffffff;
  1537: ffffff;
  1538: ffffff;
  1539: ffffff;
  1540: ffffff;
  1541: ffffff;
  1542: ffffff;
  1543: ffffff;
  1544: ffffff;
  1545: ffffff;
  1546: ffffff;
  1547: ffffff;
  1548: ffffff;
  1549: ffffff;
  1550: ffffff;
  1551: fefefe;
  1552: fefefe;
  1553: fdfdfd;
  1554: fdfdfd;
  1555: fdfdfd;
  1556: fdfdfd;
  1557: fefefe;
  1558: fefefe;
  1559: ffffff;
  1560: ffffff;
  1561: ffffff;
  1562: ffffff;
  1563: ffffff;
  1564: ffffff;
  1565: ffffff;
  1566: ffffff;
  1567: fefefe;
  1568: fdfdfd;
  1569: fdfdfd;
  1570: fcfcfc;
  1571: fcfcfc;
  1572: fbfbfb;
  1573: fbfbfb;
  1574: fbfbfb;
  1575: fbfbfb;
  1576: fbfbfb;
  1577: fcfcfc;
  1578: fcfcfc;
  1579: fdfdfd;
  1580: fefefe;
  1581: fefefe;
  1582: fefefe;
  1583: ffffff;
  1584: ffffff;
  1585: ffffff;
  1586: ffffff;
  1587: ffffff;
  1588: ffffff;
  1589: ffffff;
  1590: ffffff;
  1591: ffffff;
  1592: ffffff;
  1593: fefefe;
  1594: fdfdfd;
  1595: fcfcfc;
  1596: fbfbfb;
  1597: fbfbfb;
  1598: fbfbfb;
  1599: fbfbfb;
  1600: fbfbfb;
  1601: fbfbfb;
  1602: fbfbfb;
  1603: fbfbfb;
  1604: fcfcfc;
  1605: fdfdfd;
  1606: fefefe;
  1607: ffffff;
  1608: ffffff;
  1609: ffffff;
  1610: ffffff;
  1611: ffffff;
  1612: ffffff;
  1613: ffffff;
  1614: ffffff;
  1615: ffffff;
  1616: ffffff;
  1617: fefefe;
  1618: fefefe;
  1619: fefefe;
  1620: fdfdfd;
  1621: fcfcfc;
  1622: fcfcfc;
  1623: fbfbfb;
  1624: fbfbfb;
  1625: fbfbfb;
  1626: fbfbfb;
  1627: fbfbfb;
  1628: fcfcfc;
  1629: fcfcfc;
  1630: fdfdfd;
  1631: fdfdfd;
  1632: fefefe;
  1633: ffffff;
  1634: ffffff;
  1635: ffffff;
  1636: ffffff;
  1637: ffffff;
  1638: ffffff;
  1639: ffffff;
  1640: ffffff;
  1641: fefefe;
  1642: fefefe;
  1643: fdfdfd;
  1644: fdfdfd;
  1645: fdfdfd;
  1646: fdfdfd;
  1647: fefefe;
  1648: fefefe;
  1649: ffffff;
  1650: ffffff;
  1651: ffffff;
  1652: ffffff;
  1653: ffffff;
  1654: ffffff;
  1655: ffffff;
  1656: ffffff;
  1657: ffffff;
  1658: ffffff;
  1659: ffffff;
  1660: ffffff;
  1661: ffffff;
  1662: ffffff;
  1663: ffffff;
  1664: ffffff;
  1665: ffffff;
  1666: ffffff;
  1667: ffffff;
  1668: ffffff;
  1669: fefefe;
  1670: fefefe;
  1671: fefefe;
  1672: fefefe;
  1673: fefefe;
  1674: ffffff;
  1675: ffffff;
  1676: ffffff;
  1677: ffffff;
  1678: ffffff;
  1679: fefefe;
  1680: fefefe;
  1681: fdfdfd;
  1682: fdfdfd;
  1683: fdfdfd;
  1684: fdfdfd;
  1685: fefefe;
  1686: fefefe;
  1687: ffffff;
  1688: ffffff;
  1689: ffffff;
  1690: ffffff;
  1691: ffffff;
  1692: ffffff;
  1693: ffffff;
  1694: ffffff;
  1695: ffffff;
  1696: ffffff;
  1697: ffffff;
  1698: ffffff;
  1699: ffffff;
  1700: ffffff;
  1701: ffffff;
  1702: ffffff;
  1703: ffffff;
  1704: ffffff;
  1705: ffffff;
  1706: ffffff;
  1707: ffffff;
  1708: ffffff;
  1709: ffffff;
  1710: fafafa;
  1711: f1f1f1;
  1712: e6e6e6;
  1713: dcdcdc;
  1714: d5d5d5;
  1715: d4d4d4;
  1716: d4d4d4;
  1717: d4d4d4;
  1718: d4d4d4;
  1719: d4d4d4;
  1720: d4d4d4;
  1721: d4d4d4;
  1722: d3d3d3;
  1723: d2d2d2;
  1724: d1d1d1;
  1725: d1d1d1;
  1726: d1d1d1;
  1727: d1d1d1;
  1728: d1d1d1;
  1729: d1d1d1;
  1730: d1d1d1;
  1731: d1d1d1;
  1732: d2d2d2;
  1733: d3d3d3;
  1734: d4d4d4;
  1735: d4d4d4;
  1736: d4d4d4;
  1737: d4d4d4;
  1738: d4d4d4;
  1739: d4d4d4;
  1740: d4d4d4;
  1741: d5d5d5;
  1742: dcdcdc;
  1743: e6e6e6;
  1744: f1f1f1;
  1745: fafafa;
  1746: ffffff;
  1747: ffffff;
  1748: ffffff;
  1749: ffffff;
  1750: ffffff;
  1751: ffffff;
  1752: ffffff;
  1753: ffffff;
  1754: ffffff;
  1755: ffffff;
  1756: ffffff;
  1757: ffffff;
  1758: ffffff;
  1759: ffffff;
  1760: ffffff;
  1761: ffffff;
  1762: ffffff;
  1763: ffffff;
  1764: ffffff;
  1765: ffffff;
  1766: ffffff;
  1767: ffffff;
  1768: ffffff;
  1769: fefefe;
  1770: fefefe;
  1771: fdfdfd;
  1772: fdfdfd;
  1773: fdfdfd;
  1774: fdfdfd;
  1775: fefefe;
  1776: fefefe;
  1777: ffffff;
  1778: ffffff;
  1779: ffffff;
  1780: ffffff;
  1781: ffffff;
  1782: fefefe;
  1783: fefefe;
  1784: fefefe;
  1785: fefefe;
  1786: fefefe;
  1787: ffffff;
  1788: ffffff;
  1789: ffffff;
  1790: ffffff;
  1791: ffffff;
  1792: ffffff;
  1793: ffffff;
  1794: ffffff;
  1795: ffffff;
  1796: fefefe;
  1797: fefefe;
  1798: fdfdfd;
  1799: fdfdfd;
  1800: fdfdfd;
  1801: fdfdfd;
  1802: fefefe;
  1803: fefefe;
  1804: fefefe;
  1805: ffffff;
  1806: ffffff;
  1807: ffffff;
  1808: ffffff;
  1809: fefefe;
  1810: fefefe;
  1811: fefefe;
  1812: fefefe;
  1813: fefefe;
  1814: ffffff;
  1815: ffffff;
  1816: ffffff;
  1817: ffffff;
  1818: ffffff;
  1819: fefefe;
  1820: fefefe;
  1821: fefefe;
  1822: ffffff;
  1823: ffffff;
  1824: ffffff;
  1825: ffffff;
  1826: ffffff;
  1827: ffffff;
  1828: ffffff;
  1829: ffffff;
  1830: ffffff;
  1831: ffffff;
  1832: ffffff;
  1833: ffffff;
  1834: ffffff;
  1835: ffffff;
  1836: ffffff;
  1837: ffffff;
  1838: f6f6f6;
  1839: dddddd;
  1840: c1c1c1;
  1841: a8a8a8;
  1842: 959595;
  1843: 939393;
  1844: 939393;
  1845: 939393;
  1846: 939393;
  1847: 939393;
  1848: 939393;
  1849: 939393;
  1850: 929292;
  1851: 929292;
  1852: 929292;
  1853: 929292;
  1854: 929292;
  1855: 929292;
  1856: 929292;
  1857: 929292;
  1858: 929292;
  1859: 929292;
  1860: 929292;
  1861: 929292;
  1862: 939393;
  1863: 939393;
  1864: 939393;
  1865: 939393;
  1866: 939393;
  1867: 939393;
  1868: 939393;
  1869: 959595;
  1870: a8a8a8;
  1871: c1c1c1;
  1872: dddddd;
  1873: f6f6f6;
  1874: ffffff;
  1875: ffffff;
  1876: ffffff;
  1877: ffffff;
  1878: ffffff;
  1879: ffffff;
  1880: ffffff;
  1881: ffffff;
  1882: ffffff;
  1883: ffffff;
  1884: ffffff;
  1885: ffffff;
  1886: ffffff;
  1887: ffffff;
  1888: ffffff;
  1889: ffffff;
  1890: fefefe;
  1891: fefefe;
  1892: fefefe;
  1893: ffffff;
  1894: ffffff;
  1895: ffffff;
  1896: ffffff;
  1897: ffffff;
  1898: fefefe;
  1899: fefefe;
  1900: fefefe;
  1901: fefefe;
  1902: fefefe;
  1903: ffffff;
  1904: ffffff;
  1905: ffffff;
  1906: ffffff;
  1907: fefefe;
  1908: fefefe;
  1909: fefefe;
  1910: fdfdfd;
  1911: fdfdfd;
  1912: fdfdfd;
  1913: fdfdfd;
  1914: fefefe;
  1915: fefefe;
  1916: ffffff;
  1917: ffffff;
  1918: ffffff;
  1919: ffffff;
  1920: fefefe;
  1921: fefefe;
  1922: fefefe;
  1923: fefefe;
  1924: fefefe;
  1925: fdfdfd;
  1926: fcfcfc;
  1927: fcfcfc;
  1928: fcfcfc;
  1929: fcfcfc;
  1930: fdfdfd;
  1931: fefefe;
  1932: fefefe;
  1933: fefefe;
  1934: ffffff;
  1935: ffffff;
  1936: ffffff;
  1937: fefefe;
  1938: fefefe;
  1939: fefefe;
  1940: fefefe;
  1941: ffffff;
  1942: ffffff;
  1943: ffffff;
  1944: ffffff;
  1945: fefefe;
  1946: fefefe;
  1947: fefefe;
  1948: fefefe;
  1949: fefefe;
  1950: ffffff;
  1951: ffffff;
  1952: ffffff;
  1953: ffffff;
  1954: ffffff;
  1955: ffffff;
  1956: ffffff;
  1957: ffffff;
  1958: ffffff;
  1959: ffffff;
  1960: ffffff;
  1961: ffffff;
  1962: ffffff;
  1963: ffffff;
  1964: ffffff;
  1965: ffffff;
  1966: f0f0f0;
  1967: c6c6c6;
  1968: 999999;
  1969: 6f6f6f;
  1970: 515151;
  1971: 4e4e4e;
  1972: 4e4e4e;
  1973: 4e4e4e;
  1974: 4e4e4e;
  1975: 4e4e4e;
  1976: 4e4e4e;
  1977: 4e4e4e;
  1978: 4e4e4e;
  1979: 4e4e4e;
  1980: 4f4f4f;
  1981: 4f4f4f;
  1982: 4f4f4f;
  1983: 4f4f4f;
  1984: 4f4f4f;
  1985: 4f4f4f;
  1986: 4f4f4f;
  1987: 4f4f4f;
  1988: 4e4e4e;
  1989: 4e4e4e;
  1990: 4e4e4e;
  1991: 4e4e4e;
  1992: 4e4e4e;
  1993: 4e4e4e;
  1994: 4e4e4e;
  1995: 4e4e4e;
  1996: 4e4e4e;
  1997: 515151;
  1998: 6f6f6f;
  1999: 999999;
  2000: c6c6c6;
  2001: f0f0f0;
  2002: ffffff;
  2003: ffffff;
  2004: ffffff;
  2005: ffffff;
  2006: ffffff;
  2007: ffffff;
  2008: ffffff;
  2009: ffffff;
  2010: ffffff;
  2011: ffffff;
  2012: ffffff;
  2013: ffffff;
  2014: ffffff;
  2015: ffffff;
  2016: ffffff;
  2017: ffffff;
  2018: fefefe;
  2019: fefefe;
  2020: fefefe;
  2021: fefefe;
  2022: fefefe;
  2023: ffffff;
  2024: ffffff;
  2025: ffffff;
  2026: ffffff;
  2027: fefefe;
  2028: fefefe;
  2029: fefefe;
  2030: fefefe;
  2031: ffffff;
  2032: ffffff;
  2033: ffffff;
  2034: fefefe;
  2035: fefefe;
  2036: fefefe;
  2037: fdfdfd;
  2038: fcfcfc;
  2039: fcfcfc;
  2040: fcfcfc;
  2041: fcfcfc;
  2042: fdfdfd;
  2043: fefefe;
  2044: fefefe;
  2045: fefefe;
  2046: fefefe;
  2047: fefefe;
  2048: fefefe;
  2049: fefefe;
  2050: fefefe;
  2051: fefefe;
  2052: fdfdfd;
  2053: fcfcfc;
  2054: fbfbfb;
  2055: fafafa;
  2056: fafafa;
  2057: fbfbfb;
  2058: fcfcfc;
  2059: fdfdfd;
  2060: fdfdfd;
  2061: fefefe;
  2062: fefefe;
  2063: ffffff;
  2064: ffffff;
  2065: ffffff;
  2066: ffffff;
  2067: ffffff;
  2068: ffffff;
  2069: ffffff;
  2070: ffffff;
  2071: ffffff;
  2072: ffffff;
  2073: fefefe;
  2074: fefefe;
  2075: fdfdfd;
  2076: fdfdfd;
  2077: fdfdfd;
  2078: ffffff;
  2079: ffffff;
  2080: ffffff;
  2081: ffffff;
  2082: ffffff;
  2083: ffffff;
  2084: ffffff;
  2085: ffffff;
  2086: ffffff;
  2087: ffffff;
  2088: ffffff;
  2089: ffffff;
  2090: ffffff;
  2091: ffffff;
  2092: ffffff;
  2093: ffffff;
  2094: e5e5e5;
  2095: b0b0b0;
  2096: 767676;
  2097: 414141;
  2098: 1a1a1a;
  2099: 161616;
  2100: 161616;
  2101: 161616;
  2102: 161616;
  2103: 161616;
  2104: 161616;
  2105: 171717;
  2106: 181818;
  2107: 191919;
  2108: 191919;
  2109: 191919;
  2110: 191919;
  2111: 191919;
  2112: 191919;
  2113: 191919;
  2114: 191919;
  2115: 191919;
  2116: 191919;
  2117: 181818;
  2118: 171717;
  2119: 161616;
  2120: 161616;
  2121: 161616;
  2122: 161616;
  2123: 161616;
  2124: 161616;
  2125: 1a1a1a;
  2126: 414141;
  2127: 767676;
  2128: b0b0b0;
  2129: e5e5e5;
  2130: ffffff;
  2131: ffffff;
  2132: ffffff;
  2133: ffffff;
  2134: ffffff;
  2135: ffffff;
  2136: ffffff;
  2137: ffffff;
  2138: ffffff;
  2139: ffffff;
  2140: ffffff;
  2141: ffffff;
  2142: ffffff;
  2143: ffffff;
  2144: ffffff;
  2145: ffffff;
  2146: fdfdfd;
  2147: fdfdfd;
  2148: fdfdfd;
  2149: fefefe;
  2150: fefefe;
  2151: ffffff;
  2152: ffffff;
  2153: ffffff;
  2154: ffffff;
  2155: ffffff;
  2156: ffffff;
  2157: ffffff;
  2158: ffffff;
  2159: ffffff;
  2160: ffffff;
  2161: fefefe;
  2162: fefefe;
  2163: fdfdfd;
  2164: fdfdfd;
  2165: fcfcfc;
  2166: fbfbfb;
  2167: fafafa;
  2168: fafafa;
  2169: fbfbfb;
  2170: fcfcfc;
  2171: fdfdfd;
  2172: fefefe;
  2173: fefefe;
  2174: fefefe;
  2175: fefefe;
  2176: fefefe;
  2177: fefefe;
  2178: fefefe;
  2179: fefefe;
  2180: fdfdfd;
  2181: fcfcfc;
  2182: fbfbfb;
  2183: fafafa;
  2184: fafafa;
  2185: fbfbfb;
  2186: fcfcfc;
  2187: fdfdfd;
  2188: fdfdfd;
  2189: fefefe;
  2190: fefefe;
  2191: ffffff;
  2192: ffffff;
  2193: ffffff;
  2194: ffffff;
  2195: ffffff;
  2196: ffffff;
  2197: ffffff;
  2198: ffffff;
  2199: ffffff;
  2200: ffffff;
  2201: fefefe;
  2202: fefefe;
  2203: fdfdfd;
  2204: fdfdfd;
  2205: fdfdfd;
  2206: fdfdfd;
  2207: fefefe;
  2208: fefefe;
  2209: ffffff;
  2210: ffffff;
  2211: ffffff;
  2212: ffffff;
  2213: ffffff;
  2214: fefefe;
  2215: fefefe;
  2216: ffffff;
  2217: ffffff;
  2218: ffffff;
  2219: ffffff;
  2220: ffffff;
  2221: fbfbfb;
  2222: d4d4d4;
  2223: 9d9d9d;
  2224: 626262;
  2225: 2c2c2c;
  2226: 40404;
  2227: 0;
  2228: 0;
  2229: 0;
  2230: 0;
  2231: 0;
  2232: 0;
  2233: 10101;
  2234: 20202;
  2235: 30303;
  2236: 40404;
  2237: 40404;
  2238: 40404;
  2239: 40404;
  2240: 40404;
  2241: 40404;
  2242: 40404;
  2243: 40404;
  2244: 30303;
  2245: 20202;
  2246: 10101;
  2247: 0;
  2248: 0;
  2249: 0;
  2250: 0;
  2251: 0;
  2252: 0;
  2253: 40404;
  2254: 2c2c2c;
  2255: 626262;
  2256: 9d9d9d;
  2257: d4d4d4;
  2258: fbfbfb;
  2259: ffffff;
  2260: ffffff;
  2261: ffffff;
  2262: ffffff;
  2263: ffffff;
  2264: fefefe;
  2265: fefefe;
  2266: ffffff;
  2267: ffffff;
  2268: ffffff;
  2269: ffffff;
  2270: ffffff;
  2271: fefefe;
  2272: fefefe;
  2273: fdfdfd;
  2274: fdfdfd;
  2275: fdfdfd;
  2276: fdfdfd;
  2277: fefefe;
  2278: fefefe;
  2279: ffffff;
  2280: ffffff;
  2281: ffffff;
  2282: ffffff;
  2283: ffffff;
  2284: ffffff;
  2285: ffffff;
  2286: ffffff;
  2287: ffffff;
  2288: ffffff;
  2289: fefefe;
  2290: fefefe;
  2291: fdfdfd;
  2292: fdfdfd;
  2293: fcfcfc;
  2294: fbfbfb;
  2295: fafafa;
  2296: fafafa;
  2297: fbfbfb;
  2298: fcfcfc;
  2299: fdfdfd;
  2300: fefefe;
  2301: fefefe;
  2302: fefefe;
  2303: fefefe;
  2304: fefefe;
  2305: fefefe;
  2306: fefefe;
  2307: fefefe;
  2308: fdfdfd;
  2309: fcfcfc;
  2310: fbfbfb;
  2311: fafafa;
  2312: fafafa;
  2313: fbfbfb;
  2314: fcfcfc;
  2315: fdfdfd;
  2316: fdfdfd;
  2317: fefefe;
  2318: fefefe;
  2319: ffffff;
  2320: ffffff;
  2321: ffffff;
  2322: fefefe;
  2323: fefefe;
  2324: fefefe;
  2325: ffffff;
  2326: ffffff;
  2327: ffffff;
  2328: ffffff;
  2329: ffffff;
  2330: ffffff;
  2331: ffffff;
  2332: ffffff;
  2333: ffffff;
  2334: fafafa;
  2335: f1f1f1;
  2336: e6e6e6;
  2337: dcdcdc;
  2338: d5d5d5;
  2339: d4d4d4;
  2340: d4d4d4;
  2341: d4d4d4;
  2342: d4d4d4;
  2343: d4d4d4;
  2344: d4d4d4;
  2345: d4d4d4;
  2346: d4d4d4;
  2347: d4d4d4;
  2348: d4d4d4;
  2349: d1d1d1;
  2350: b4b4b4;
  2351: 8b8b8b;
  2352: 5f5f5f;
  2353: 373737;
  2354: 191919;
  2355: 161616;
  2356: 161616;
  2357: 161616;
  2358: 161616;
  2359: 161616;
  2360: 161616;
  2361: 171717;
  2362: 181818;
  2363: 191919;
  2364: 1a1a1a;
  2365: 1a1a1a;
  2366: 1a1a1a;
  2367: 1a1a1a;
  2368: 1a1a1a;
  2369: 1a1a1a;
  2370: 1a1a1a;
  2371: 1a1a1a;
  2372: 191919;
  2373: 181818;
  2374: 171717;
  2375: 161616;
  2376: 161616;
  2377: 161616;
  2378: 161616;
  2379: 161616;
  2380: 161616;
  2381: 191919;
  2382: 373737;
  2383: 5f5f5f;
  2384: 8b8b8b;
  2385: b4b4b4;
  2386: d1d1d1;
  2387: d4d4d4;
  2388: d4d4d4;
  2389: d4d4d4;
  2390: d4d4d4;
  2391: d4d4d4;
  2392: d4d4d4;
  2393: d4d4d4;
  2394: d4d4d4;
  2395: d4d4d4;
  2396: d4d4d4;
  2397: d5d5d5;
  2398: dcdcdc;
  2399: e6e6e6;
  2400: f1f1f1;
  2401: fafafa;
  2402: ffffff;
  2403: ffffff;
  2404: ffffff;
  2405: ffffff;
  2406: ffffff;
  2407: ffffff;
  2408: ffffff;
  2409: ffffff;
  2410: ffffff;
  2411: fefefe;
  2412: fefefe;
  2413: fefefe;
  2414: ffffff;
  2415: ffffff;
  2416: ffffff;
  2417: fefefe;
  2418: fefefe;
  2419: fdfdfd;
  2420: fdfdfd;
  2421: fcfcfc;
  2422: fbfbfb;
  2423: fafafa;
  2424: fafafa;
  2425: fbfbfb;
  2426: fcfcfc;
  2427: fdfdfd;
  2428: fefefe;
  2429: fefefe;
  2430: fefefe;
  2431: fefefe;
  2432: fefefe;
  2433: fefefe;
  2434: fefefe;
  2435: fefefe;
  2436: fefefe;
  2437: fdfdfd;
  2438: fcfcfc;
  2439: fcfcfc;
  2440: fcfcfc;
  2441: fcfcfc;
  2442: fdfdfd;
  2443: fefefe;
  2444: fefefe;
  2445: fefefe;
  2446: fefefe;
  2447: fefefe;
  2448: fefefe;
  2449: fefefe;
  2450: fdfdfd;
  2451: fdfdfd;
  2452: fdfdfd;
  2453: fefefe;
  2454: fefefe;
  2455: fefefe;
  2456: ffffff;
  2457: ffffff;
  2458: ffffff;
  2459: ffffff;
  2460: ffffff;
  2461: ffffff;
  2462: f6f6f6;
  2463: dddddd;
  2464: c1c1c1;
  2465: a8a8a8;
  2466: 959595;
  2467: 939393;
  2468: 939393;
  2469: 939393;
  2470: 929292;
  2471: 929292;
  2472: 939393;
  2473: 939393;
  2474: 939393;
  2475: 939393;
  2476: 939393;
  2477: 929292;
  2478: 888888;
  2479: 787878;
  2480: 686868;
  2481: 5a5a5a;
  2482: 4f4f4f;
  2483: 4e4e4e;
  2484: 4e4e4e;
  2485: 4e4e4e;
  2486: 4e4e4e;
  2487: 4e4e4e;
  2488: 4e4e4e;
  2489: 4e4e4e;
  2490: 4f4f4f;
  2491: 505050;
  2492: 515151;
  2493: 515151;
  2494: 515151;
  2495: 515151;
  2496: 515151;
  2497: 515151;
  2498: 515151;
  2499: 515151;
  2500: 505050;
  2501: 4f4f4f;
  2502: 4e4e4e;
  2503: 4e4e4e;
  2504: 4e4e4e;
  2505: 4e4e4e;
  2506: 4e4e4e;
  2507: 4e4e4e;
  2508: 4e4e4e;
  2509: 4f4f4f;
  2510: 5a5a5a;
  2511: 686868;
  2512: 787878;
  2513: 888888;
  2514: 929292;
  2515: 939393;
  2516: 939393;
  2517: 939393;
  2518: 939393;
  2519: 939393;
  2520: 929292;
  2521: 929292;
  2522: 939393;
  2523: 939393;
  2524: 939393;
  2525: 959595;
  2526: a8a8a8;
  2527: c1c1c1;
  2528: dddddd;
  2529: f6f6f6;
  2530: ffffff;
  2531: ffffff;
  2532: ffffff;
  2533: ffffff;
  2534: ffffff;
  2535: ffffff;
  2536: fefefe;
  2537: fefefe;
  2538: fefefe;
  2539: fdfdfd;
  2540: fdfdfd;
  2541: fdfdfd;
  2542: fefefe;
  2543: fefefe;
  2544: fefefe;
  2545: fefefe;
  2546: fefefe;
  2547: fefefe;
  2548: fefefe;
  2549: fdfdfd;
  2550: fcfcfc;
  2551: fcfcfc;
  2552: fcfcfc;
  2553: fcfcfc;
  2554: fdfdfd;
  2555: fefefe;
  2556: fefefe;
  2557: fefefe;
  2558: fefefe;
  2559: fefefe;
  2560: ffffff;
  2561: ffffff;
  2562: ffffff;
  2563: ffffff;
  2564: fefefe;
  2565: fefefe;
  2566: fdfdfd;
  2567: fdfdfd;
  2568: fdfdfd;
  2569: fefefe;
  2570: fefefe;
  2571: fefefe;
  2572: fefefe;
  2573: ffffff;
  2574: fefefe;
  2575: fefefe;
  2576: fdfdfd;
  2577: fdfdfd;
  2578: fcfcfc;
  2579: fcfcfc;
  2580: fcfcfc;
  2581: fdfdfd;
  2582: fdfdfd;
  2583: fefefe;
  2584: ffffff;
  2585: ffffff;
  2586: ffffff;
  2587: ffffff;
  2588: ffffff;
  2589: ffffff;
  2590: f1f1f1;
  2591: c7c7c7;
  2592: 999999;
  2593: 707070;
  2594: 515151;
  2595: 4e4e4e;
  2596: 4e4e4e;
  2597: 4e4e4e;
  2598: 4d4d4d;
  2599: 4d4d4d;
  2600: 4e4e4e;
  2601: 4e4e4e;
  2602: 4e4e4e;
  2603: 4e4e4e;
  2604: 4e4e4e;
  2605: 4f4f4f;
  2606: 5a5a5a;
  2607: 686868;
  2608: 787878;
  2609: 878787;
  2610: 929292;
  2611: 939393;
  2612: 939393;
  2613: 939393;
  2614: 939393;
  2615: 939393;
  2616: 939393;
  2617: 939393;
  2618: 949494;
  2619: 959595;
  2620: 959595;
  2621: 959595;
  2622: 959595;
  2623: 959595;
  2624: 959595;
  2625: 959595;
  2626: 959595;
  2627: 959595;
  2628: 959595;
  2629: 949494;
  2630: 939393;
  2631: 939393;
  2632: 939393;
  2633: 939393;
  2634: 939393;
  2635: 939393;
  2636: 939393;
  2637: 929292;
  2638: 878787;
  2639: 787878;
  2640: 686868;
  2641: 5a5a5a;
  2642: 4f4f4f;
  2643: 4e4e4e;
  2644: 4e4e4e;
  2645: 4e4e4e;
  2646: 4e4e4e;
  2647: 4e4e4e;
  2648: 4d4d4d;
  2649: 4d4d4d;
  2650: 4e4e4e;
  2651: 4e4e4e;
  2652: 4e4e4e;
  2653: 515151;
  2654: 707070;
  2655: 999999;
  2656: c7c7c7;
  2657: f1f1f1;
  2658: ffffff;
  2659: ffffff;
  2660: ffffff;
  2661: ffffff;
  2662: ffffff;
  2663: ffffff;
  2664: fefefe;
  2665: fdfdfd;
  2666: fdfdfd;
  2667: fcfcfc;
  2668: fcfcfc;
  2669: fcfcfc;
  2670: fdfdfd;
  2671: fdfdfd;
  2672: fefefe;
  2673: fefefe;
  2674: ffffff;
  2675: fefefe;
  2676: fefefe;
  2677: fefefe;
  2678: fefefe;
  2679: fdfdfd;
  2680: fdfdfd;
  2681: fdfdfd;
  2682: fefefe;
  2683: fefefe;
  2684: ffffff;
  2685: ffffff;
  2686: ffffff;
  2687: ffffff;
  2688: ffffff;
  2689: ffffff;
  2690: ffffff;
  2691: ffffff;
  2692: ffffff;
  2693: ffffff;
  2694: fefefe;
  2695: fefefe;
  2696: fefefe;
  2697: ffffff;
  2698: ffffff;
  2699: ffffff;
  2700: ffffff;
  2701: ffffff;
  2702: fefefe;
  2703: fdfdfd;
  2704: fcfcfc;
  2705: fcfcfc;
  2706: fbfbfb;
  2707: fbfbfb;
  2708: fbfbfb;
  2709: fcfcfc;
  2710: fcfcfc;
  2711: fdfdfd;
  2712: ffffff;
  2713: ffffff;
  2714: ffffff;
  2715: ffffff;
  2716: ffffff;
  2717: ffffff;
  2718: e6e6e6;
  2719: b1b1b1;
  2720: 777777;
  2721: 424242;
  2722: 1b1b1b;
  2723: 161616;
  2724: 171717;
  2725: 171717;
  2726: 161616;
  2727: 161616;
  2728: 171717;
  2729: 161616;
  2730: 161616;
  2731: 161616;
  2732: 161616;
  2733: 191919;
  2734: 373737;
  2735: 5f5f5f;
  2736: 8b8b8b;
  2737: b4b4b4;
  2738: d1d1d1;
  2739: d4d4d4;
  2740: d4d4d4;
  2741: d4d4d4;
  2742: d4d4d4;
  2743: d4d4d4;
  2744: d4d4d4;
  2745: d4d4d4;
  2746: d5d5d5;
  2747: d5d5d5;
  2748: d5d5d5;
  2749: d5d5d5;
  2750: d5d5d5;
  2751: d5d5d5;
  2752: d5d5d5;
  2753: d5d5d5;
  2754: d5d5d5;
  2755: d5d5d5;
  2756: d5d5d5;
  2757: d5d5d5;
  2758: d4d4d4;
  2759: d4d4d4;
  2760: d4d4d4;
  2761: d4d4d4;
  2762: d4d4d4;
  2763: d4d4d4;
  2764: d4d4d4;
  2765: d1d1d1;
  2766: b4b4b4;
  2767: 8b8b8b;
  2768: 5f5f5f;
  2769: 373737;
  2770: 191919;
  2771: 161616;
  2772: 161616;
  2773: 161616;
  2774: 161616;
  2775: 171717;
  2776: 161616;
  2777: 161616;
  2778: 171717;
  2779: 171717;
  2780: 161616;
  2781: 1b1b1b;
  2782: 424242;
  2783: 777777;
  2784: b1b1b1;
  2785: e6e6e6;
  2786: ffffff;
  2787: ffffff;
  2788: ffffff;
  2789: ffffff;
  2790: ffffff;
  2791: ffffff;
  2792: fdfdfd;
  2793: fcfcfc;
  2794: fcfcfc;
  2795: fbfbfb;
  2796: fbfbfb;
  2797: fbfbfb;
  2798: fcfcfc;
  2799: fcfcfc;
  2800: fdfdfd;
  2801: fefefe;
  2802: ffffff;
  2803: ffffff;
  2804: ffffff;
  2805: ffffff;
  2806: ffffff;
  2807: fefefe;
  2808: fefefe;
  2809: fefefe;
  2810: ffffff;
  2811: ffffff;
  2812: ffffff;
  2813: ffffff;
  2814: ffffff;
  2815: ffffff;
  2816: ffffff;
  2817: ffffff;
  2818: ffffff;
  2819: ffffff;
  2820: ffffff;
  2821: ffffff;
  2822: ffffff;
  2823: ffffff;
  2824: ffffff;
  2825: ffffff;
  2826: ffffff;
  2827: ffffff;
  2828: ffffff;
  2829: ffffff;
  2830: fefefe;
  2831: fdfdfd;
  2832: fcfcfc;
  2833: fcfcfc;
  2834: fbfbfb;
  2835: fbfbfb;
  2836: fbfbfb;
  2837: fcfcfc;
  2838: fcfcfc;
  2839: fdfdfd;
  2840: fefefe;
  2841: ffffff;
  2842: ffffff;
  2843: ffffff;
  2844: ffffff;
  2845: fbfbfb;
  2846: d4d4d4;
  2847: 9d9d9d;
  2848: 626262;
  2849: 2c2c2c;
  2850: 40404;
  2851: 0;
  2852: 0;
  2853: 0;
  2854: 0;
  2855: 0;
  2856: 0;
  2857: 0;
  2858: 0;
  2859: 0;
  2860: 0;
  2861: 40404;
  2862: 2c2c2c;
  2863: 626262;
  2864: 9d9d9d;
  2865: d3d3d3;
  2866: fbfbfb;
  2867: ffffff;
  2868: ffffff;
  2869: ffffff;
  2870: ffffff;
  2871: ffffff;
  2872: ffffff;
  2873: ffffff;
  2874: ffffff;
  2875: ffffff;
  2876: ffffff;
  2877: ffffff;
  2878: ffffff;
  2879: ffffff;
  2880: ffffff;
  2881: ffffff;
  2882: ffffff;
  2883: ffffff;
  2884: ffffff;
  2885: ffffff;
  2886: ffffff;
  2887: ffffff;
  2888: ffffff;
  2889: ffffff;
  2890: ffffff;
  2891: ffffff;
  2892: ffffff;
  2893: fbfbfb;
  2894: d3d3d3;
  2895: 9d9d9d;
  2896: 626262;
  2897: 2c2c2c;
  2898: 40404;
  2899: 0;
  2900: 0;
  2901: 0;
  2902: 0;
  2903: 0;
  2904: 0;
  2905: 0;
  2906: 0;
  2907: 0;
  2908: 0;
  2909: 40404;
  2910: 2c2c2c;
  2911: 626262;
  2912: 9d9d9d;
  2913: d4d4d4;
  2914: fbfbfb;
  2915: ffffff;
  2916: ffffff;
  2917: ffffff;
  2918: ffffff;
  2919: fefefe;
  2920: fdfdfd;
  2921: fcfcfc;
  2922: fcfcfc;
  2923: fbfbfb;
  2924: fbfbfb;
  2925: fbfbfb;
  2926: fcfcfc;
  2927: fcfcfc;
  2928: fdfdfd;
  2929: fefefe;
  2930: ffffff;
  2931: ffffff;
  2932: ffffff;
  2933: ffffff;
  2934: ffffff;
  2935: ffffff;
  2936: ffffff;
  2937: ffffff;
  2938: ffffff;
  2939: ffffff;
  2940: ffffff;
  2941: ffffff;
  2942: ffffff;
  2943: ffffff;
  2944: ffffff;
  2945: ffffff;
  2946: ffffff;
  2947: ffffff;
  2948: ffffff;
  2949: ffffff;
  2950: ffffff;
  2951: ffffff;
  2952: ffffff;
  2953: ffffff;
  2954: ffffff;
  2955: ffffff;
  2956: ffffff;
  2957: ffffff;
  2958: ffffff;
  2959: ffffff;
  2960: ffffff;
  2961: ffffff;
  2962: ffffff;
  2963: ffffff;
  2964: ffffff;
  2965: ffffff;
  2966: ffffff;
  2967: ffffff;
  2968: ffffff;
  2969: f7f7f7;
  2970: ebebeb;
  2971: e0e0e0;
  2972: d7d7d7;
  2973: d1d1d1;
  2974: b1b1b1;
  2975: 888888;
  2976: 5d5d5d;
  2977: 363636;
  2978: 191919;
  2979: 161616;
  2980: 161616;
  2981: 161616;
  2982: 171717;
  2983: 171717;
  2984: 171717;
  2985: 171717;
  2986: 161616;
  2987: 161616;
  2988: 161616;
  2989: 1a1a1a;
  2990: 414141;
  2991: 767676;
  2992: afafaf;
  2993: e4e4e4;
  2994: ffffff;
  2995: ffffff;
  2996: ffffff;
  2997: ffffff;
  2998: ffffff;
  2999: ffffff;
  3000: ffffff;
  3001: ffffff;
  3002: ffffff;
  3003: ffffff;
  3004: ffffff;
  3005: ffffff;
  3006: ffffff;
  3007: ffffff;
  3008: ffffff;
  3009: ffffff;
  3010: ffffff;
  3011: ffffff;
  3012: ffffff;
  3013: ffffff;
  3014: ffffff;
  3015: ffffff;
  3016: ffffff;
  3017: ffffff;
  3018: ffffff;
  3019: ffffff;
  3020: ffffff;
  3021: ffffff;
  3022: e4e4e4;
  3023: afafaf;
  3024: 767676;
  3025: 414141;
  3026: 1a1a1a;
  3027: 161616;
  3028: 161616;
  3029: 161616;
  3030: 171717;
  3031: 171717;
  3032: 171717;
  3033: 171717;
  3034: 161616;
  3035: 161616;
  3036: 161616;
  3037: 191919;
  3038: 363636;
  3039: 5d5d5d;
  3040: 888888;
  3041: b1b1b1;
  3042: d1d1d1;
  3043: d7d7d7;
  3044: e0e0e0;
  3045: ebebeb;
  3046: f7f7f7;
  3047: ffffff;
  3048: ffffff;
  3049: ffffff;
  3050: ffffff;
  3051: ffffff;
  3052: ffffff;
  3053: ffffff;
  3054: ffffff;
  3055: ffffff;
  3056: ffffff;
  3057: ffffff;
  3058: ffffff;
  3059: ffffff;
  3060: ffffff;
  3061: ffffff;
  3062: ffffff;
  3063: ffffff;
  3064: ffffff;
  3065: ffffff;
  3066: ffffff;
  3067: ffffff;
  3068: ffffff;
  3069: ffffff;
  3070: ffffff;
  3071: ffffff;
  3072: ffffff;
  3073: ffffff;
  3074: ffffff;
  3075: ffffff;
  3076: ffffff;
  3077: fefefe;
  3078: fefefe;
  3079: fefefe;
  3080: fefefe;
  3081: fefefe;
  3082: fefefe;
  3083: fefefe;
  3084: ffffff;
  3085: ffffff;
  3086: ffffff;
  3087: ffffff;
  3088: ffffff;
  3089: ffffff;
  3090: ffffff;
  3091: ffffff;
  3092: ffffff;
  3093: ffffff;
  3094: ffffff;
  3095: ffffff;
  3096: ffffff;
  3097: ececec;
  3098: cecece;
  3099: b0b0b0;
  3100: 9a9a9a;
  3101: 919191;
  3102: 808080;
  3103: 707070;
  3104: 626262;
  3105: 575757;
  3106: 4e4e4e;
  3107: 4e4e4e;
  3108: 4e4e4e;
  3109: 4e4e4e;
  3110: 4e4e4e;
  3111: 4e4e4e;
  3112: 4e4e4e;
  3113: 4e4e4e;
  3114: 4e4e4e;
  3115: 4e4e4e;
  3116: 4e4e4e;
  3117: 515151;
  3118: 6f6f6f;
  3119: 989898;
  3120: c5c5c5;
  3121: eeeeee;
  3122: ffffff;
  3123: ffffff;
  3124: ffffff;
  3125: ffffff;
  3126: ffffff;
  3127: ffffff;
  3128: ffffff;
  3129: ffffff;
  3130: ffffff;
  3131: ffffff;
  3132: ffffff;
  3133: ffffff;
  3134: ffffff;
  3135: ffffff;
  3136: ffffff;
  3137: ffffff;
  3138: ffffff;
  3139: ffffff;
  3140: ffffff;
  3141: ffffff;
  3142: ffffff;
  3143: ffffff;
  3144: ffffff;
  3145: ffffff;
  3146: ffffff;
  3147: ffffff;
  3148: ffffff;
  3149: ffffff;
  3150: eeeeee;
  3151: c5c5c5;
  3152: 989898;
  3153: 6f6f6f;
  3154: 515151;
  3155: 4e4e4e;
  3156: 4e4e4e;
  3157: 4e4e4e;
  3158: 4e4e4e;
  3159: 4e4e4e;
  3160: 4e4e4e;
  3161: 4e4e4e;
  3162: 4e4e4e;
  3163: 4e4e4e;
  3164: 4e4e4e;
  3165: 4e4e4e;
  3166: 575757;
  3167: 626262;
  3168: 707070;
  3169: 808080;
  3170: 919191;
  3171: 9a9a9a;
  3172: b0b0b0;
  3173: cecece;
  3174: ececec;
  3175: ffffff;
  3176: ffffff;
  3177: ffffff;
  3178: ffffff;
  3179: ffffff;
  3180: ffffff;
  3181: ffffff;
  3182: ffffff;
  3183: ffffff;
  3184: ffffff;
  3185: ffffff;
  3186: ffffff;
  3187: ffffff;
  3188: fefefe;
  3189: fefefe;
  3190: fefefe;
  3191: fefefe;
  3192: fefefe;
  3193: fefefe;
  3194: fefefe;
  3195: ffffff;
  3196: ffffff;
  3197: ffffff;
  3198: ffffff;
  3199: ffffff;
  3200: ffffff;
  3201: ffffff;
  3202: ffffff;
  3203: ffffff;
  3204: fefefe;
  3205: fefefe;
  3206: fefefe;
  3207: fdfdfd;
  3208: fdfdfd;
  3209: fdfdfd;
  3210: fefefe;
  3211: fefefe;
  3212: fefefe;
  3213: ffffff;
  3214: ffffff;
  3215: ffffff;
  3216: ffffff;
  3217: ffffff;
  3218: ffffff;
  3219: ffffff;
  3220: ffffff;
  3221: ffffff;
  3222: ffffff;
  3223: ffffff;
  3224: ffffff;
  3225: dedede;
  3226: adadad;
  3227: 7d7d7d;
  3228: 5a5a5a;
  3229: 4d4d4d;
  3230: 4d4d4d;
  3231: 5b5b5b;
  3232: 6f6f6f;
  3233: 838383;
  3234: 909090;
  3235: 939393;
  3236: 939393;
  3237: 939393;
  3238: 939393;
  3239: 939393;
  3240: 939393;
  3241: 939393;
  3242: 939393;
  3243: 939393;
  3244: 939393;
  3245: 959595;
  3246: a7a7a7;
  3247: c0c0c0;
  3248: dcdcdc;
  3249: f4f4f4;
  3250: ffffff;
  3251: ffffff;
  3252: ffffff;
  3253: ffffff;
  3254: ffffff;
  3255: ffffff;
  3256: ffffff;
  3257: ffffff;
  3258: ffffff;
  3259: ffffff;
  3260: ffffff;
  3261: ffffff;
  3262: ffffff;
  3263: ffffff;
  3264: ffffff;
  3265: ffffff;
  3266: ffffff;
  3267: ffffff;
  3268: ffffff;
  3269: ffffff;
  3270: ffffff;
  3271: ffffff;
  3272: ffffff;
  3273: ffffff;
  3274: ffffff;
  3275: ffffff;
  3276: ffffff;
  3277: ffffff;
  3278: f4f4f4;
  3279: dcdcdc;
  3280: c0c0c0;
  3281: a7a7a7;
  3282: 959595;
  3283: 939393;
  3284: 939393;
  3285: 939393;
  3286: 939393;
  3287: 939393;
  3288: 939393;
  3289: 939393;
  3290: 939393;
  3291: 939393;
  3292: 939393;
  3293: 909090;
  3294: 838383;
  3295: 6f6f6f;
  3296: 5b5b5b;
  3297: 4d4d4d;
  3298: 4d4d4d;
  3299: 5a5a5a;
  3300: 7d7d7d;
  3301: adadad;
  3302: dedede;
  3303: ffffff;
  3304: ffffff;
  3305: ffffff;
  3306: ffffff;
  3307: ffffff;
  3308: ffffff;
  3309: ffffff;
  3310: ffffff;
  3311: ffffff;
  3312: ffffff;
  3313: ffffff;
  3314: ffffff;
  3315: fefefe;
  3316: fefefe;
  3317: fefefe;
  3318: fdfdfd;
  3319: fdfdfd;
  3320: fdfdfd;
  3321: fefefe;
  3322: fefefe;
  3323: fefefe;
  3324: ffffff;
  3325: ffffff;
  3326: ffffff;
  3327: ffffff;
  3328: ffffff;
  3329: ffffff;
  3330: ffffff;
  3331: ffffff;
  3332: fefefe;
  3333: fdfdfd;
  3334: fdfdfd;
  3335: fcfcfc;
  3336: fcfcfc;
  3337: fcfcfc;
  3338: fdfdfd;
  3339: fdfdfd;
  3340: fefefe;
  3341: fefefe;
  3342: ffffff;
  3343: ffffff;
  3344: ffffff;
  3345: ffffff;
  3346: ffffff;
  3347: ffffff;
  3348: ffffff;
  3349: ffffff;
  3350: ffffff;
  3351: ffffff;
  3352: ffffff;
  3353: cdcdcd;
  3354: 909090;
  3355: 525252;
  3356: 252525;
  3357: 171717;
  3358: 272727;
  3359: 4e4e4e;
  3360: 7e7e7e;
  3361: aeaeae;
  3362: cfcfcf;
  3363: d4d4d4;
  3364: d4d4d4;
  3365: d4d4d4;
  3366: d4d4d4;
  3367: d4d4d4;
  3368: d4d4d4;
  3369: d4d4d4;
  3370: d4d4d4;
  3371: d4d4d4;
  3372: d4d4d4;
  3373: d5d5d5;
  3374: dbdbdb;
  3375: e5e5e5;
  3376: efefef;
  3377: f8f8f8;
  3378: ffffff;
  3379: ffffff;
  3380: ffffff;
  3381: ffffff;
  3382: ffffff;
  3383: ffffff;
  3384: ffffff;
  3385: ffffff;
  3386: ffffff;
  3387: ffffff;
  3388: ffffff;
  3389: ffffff;
  3390: ffffff;
  3391: ffffff;
  3392: ffffff;
  3393: ffffff;
  3394: ffffff;
  3395: ffffff;
  3396: ffffff;
  3397: ffffff;
  3398: ffffff;
  3399: ffffff;
  3400: ffffff;
  3401: ffffff;
  3402: ffffff;
  3403: ffffff;
  3404: ffffff;
  3405: ffffff;
  3406: f8f8f8;
  3407: efefef;
  3408: e5e5e5;
  3409: dbdbdb;
  3410: d5d5d5;
  3411: d4d4d4;
  3412: d4d4d4;
  3413: d4d4d4;
  3414: d4d4d4;
  3415: d4d4d4;
  3416: d4d4d4;
  3417: d4d4d4;
  3418: d4d4d4;
  3419: d4d4d4;
  3420: d4d4d4;
  3421: cfcfcf;
  3422: aeaeae;
  3423: 7e7e7e;
  3424: 4e4e4e;
  3425: 272727;
  3426: 171717;
  3427: 252525;
  3428: 525252;
  3429: 909090;
  3430: cdcdcd;
  3431: ffffff;
  3432: ffffff;
  3433: ffffff;
  3434: ffffff;
  3435: ffffff;
  3436: ffffff;
  3437: ffffff;
  3438: ffffff;
  3439: ffffff;
  3440: ffffff;
  3441: ffffff;
  3442: fefefe;
  3443: fefefe;
  3444: fdfdfd;
  3445: fdfdfd;
  3446: fcfcfc;
  3447: fcfcfc;
  3448: fcfcfc;
  3449: fdfdfd;
  3450: fdfdfd;
  3451: fefefe;
  3452: ffffff;
  3453: ffffff;
  3454: ffffff;
  3455: ffffff;
  3456: ffffff;
  3457: ffffff;
  3458: ffffff;
  3459: ffffff;
  3460: fefefe;
  3461: fdfdfd;
  3462: fdfdfd;
  3463: fcfcfc;
  3464: fcfcfc;
  3465: fcfcfc;
  3466: fdfdfd;
  3467: fdfdfd;
  3468: fefefe;
  3469: fefefe;
  3470: fefefe;
  3471: ffffff;
  3472: ffffff;
  3473: ffffff;
  3474: ffffff;
  3475: ffffff;
  3476: ffffff;
  3477: ffffff;
  3478: ffffff;
  3479: ffffff;
  3480: efefef;
  3481: bbbbbb;
  3482: 7b7b7b;
  3483: 3c3c3c;
  3484: e0e0e;
  3485: 10101;
  3486: 1a1a1a;
  3487: 4f4f4f;
  3488: 8f8f8f;
  3489: cdcdcd;
  3490: f9f9f9;
  3491: ffffff;
  3492: ffffff;
  3493: ffffff;
  3494: ffffff;
  3495: ffffff;
  3496: ffffff;
  3497: ffffff;
  3498: ffffff;
  3499: ffffff;
  3500: ffffff;
  3501: ffffff;
  3502: fefefe;
  3503: fefefe;
  3504: fdfdfd;
  3505: fcfcfc;
  3506: fcfcfc;
  3507: fcfcfc;
  3508: fdfdfd;
  3509: fefefe;
  3510: fefefe;
  3511: ffffff;
  3512: ffffff;
  3513: fefefe;
  3514: fdfdfd;
  3515: fcfcfc;
  3516: fbfbfb;
  3517: fbfbfb;
  3518: fbfbfb;
  3519: fbfbfb;
  3520: fbfbfb;
  3521: fbfbfb;
  3522: fbfbfb;
  3523: fbfbfb;
  3524: fcfcfc;
  3525: fdfdfd;
  3526: fefefe;
  3527: ffffff;
  3528: ffffff;
  3529: fefefe;
  3530: fefefe;
  3531: fdfdfd;
  3532: fcfcfc;
  3533: fcfcfc;
  3534: fcfcfc;
  3535: fdfdfd;
  3536: fefefe;
  3537: fefefe;
  3538: ffffff;
  3539: ffffff;
  3540: ffffff;
  3541: ffffff;
  3542: ffffff;
  3543: ffffff;
  3544: ffffff;
  3545: ffffff;
  3546: ffffff;
  3547: ffffff;
  3548: ffffff;
  3549: f9f9f9;
  3550: cdcdcd;
  3551: 8f8f8f;
  3552: 4f4f4f;
  3553: 1a1a1a;
  3554: 10101;
  3555: e0e0e;
  3556: 3c3c3c;
  3557: 7b7b7b;
  3558: bbbbbb;
  3559: efefef;
  3560: ffffff;
  3561: ffffff;
  3562: ffffff;
  3563: ffffff;
  3564: ffffff;
  3565: ffffff;
  3566: ffffff;
  3567: ffffff;
  3568: ffffff;
  3569: fefefe;
  3570: fefefe;
  3571: fefefe;
  3572: fdfdfd;
  3573: fdfdfd;
  3574: fcfcfc;
  3575: fcfcfc;
  3576: fcfcfc;
  3577: fdfdfd;
  3578: fdfdfd;
  3579: fefefe;
  3580: ffffff;
  3581: ffffff;
  3582: ffffff;
  3583: ffffff;
  3584: ffffff;
  3585: ffffff;
  3586: ffffff;
  3587: ffffff;
  3588: fefefe;
  3589: fdfdfd;
  3590: fdfdfd;
  3591: fcfcfc;
  3592: fdfdfd;
  3593: fdfdfd;
  3594: ffffff;
  3595: ffffff;
  3596: ffffff;
  3597: ffffff;
  3598: fafafa;
  3599: f1f1f1;
  3600: e7e7e7;
  3601: dddddd;
  3602: d5d5d5;
  3603: d4d4d4;
  3604: d4d4d4;
  3605: d4d4d4;
  3606: d4d4d4;
  3607: d4d4d4;
  3608: c8c8c8;
  3609: a0a0a0;
  3610: 6f6f6f;
  3611: 404040;
  3612: 1e1e1e;
  3613: 181818;
  3614: 313131;
  3615: 656565;
  3616: a3a3a3;
  3617: dfdfdf;
  3618: ffffff;
  3619: ffffff;
  3620: ffffff;
  3621: ffffff;
  3622: ffffff;
  3623: ffffff;
  3624: ffffff;
  3625: ffffff;
  3626: ffffff;
  3627: ffffff;
  3628: ffffff;
  3629: ffffff;
  3630: ffffff;
  3631: ffffff;
  3632: ffffff;
  3633: ffffff;
  3634: fdfdfd;
  3635: fcfcfc;
  3636: fdfdfd;
  3637: fefefe;
  3638: fefefe;
  3639: ffffff;
  3640: ffffff;
  3641: fefefe;
  3642: fdfdfd;
  3643: fcfcfc;
  3644: fbfbfb;
  3645: fbfbfb;
  3646: fbfbfb;
  3647: fbfbfb;
  3648: fbfbfb;
  3649: fbfbfb;
  3650: fbfbfb;
  3651: fbfbfb;
  3652: fcfcfc;
  3653: fdfdfd;
  3654: fefefe;
  3655: ffffff;
  3656: ffffff;
  3657: fefefe;
  3658: fefefe;
  3659: fdfdfd;
  3660: fcfcfc;
  3661: fdfdfd;
  3662: ffffff;
  3663: ffffff;
  3664: ffffff;
  3665: ffffff;
  3666: ffffff;
  3667: ffffff;
  3668: ffffff;
  3669: ffffff;
  3670: ffffff;
  3671: ffffff;
  3672: ffffff;
  3673: ffffff;
  3674: ffffff;
  3675: ffffff;
  3676: ffffff;
  3677: ffffff;
  3678: dfdfdf;
  3679: a3a3a3;
  3680: 656565;
  3681: 313131;
  3682: 181818;
  3683: 1e1e1e;
  3684: 404040;
  3685: 6f6f6f;
  3686: a0a0a0;
  3687: c8c8c8;
  3688: d4d4d4;
  3689: d4d4d4;
  3690: d4d4d4;
  3691: d4d4d4;
  3692: d4d4d4;
  3693: d5d5d5;
  3694: dddddd;
  3695: e7e7e7;
  3696: f1f1f1;
  3697: fafafa;
  3698: ffffff;
  3699: ffffff;
  3700: ffffff;
  3701: ffffff;
  3702: fdfdfd;
  3703: fdfdfd;
  3704: fcfcfc;
  3705: fdfdfd;
  3706: fdfdfd;
  3707: fefefe;
  3708: ffffff;
  3709: ffffff;
  3710: ffffff;
  3711: ffffff;
  3712: ffffff;
  3713: ffffff;
  3714: ffffff;
  3715: ffffff;
  3716: fefefe;
  3717: fefefe;
  3718: fefefe;
  3719: fdfdfd;
  3720: fefefe;
  3721: ffffff;
  3722: ffffff;
  3723: ffffff;
  3724: ffffff;
  3725: ffffff;
  3726: f7f7f7;
  3727: dedede;
  3728: c2c2c2;
  3729: a8a8a8;
  3730: 959595;
  3731: 939393;
  3732: 939393;
  3733: 939393;
  3734: 939393;
  3735: 939393;
  3736: 8e8e8e;
  3737: 7d7d7d;
  3738: 686868;
  3739: 555555;
  3740: 4a4a4a;
  3741: 4f4f4f;
  3742: 636363;
  3743: 8c8c8c;
  3744: bcbcbc;
  3745: ececec;
  3746: ffffff;
  3747: ffffff;
  3748: ffffff;
  3749: ffffff;
  3750: ffffff;
  3751: ffffff;
  3752: ffffff;
  3753: ffffff;
  3754: ffffff;
  3755: ffffff;
  3756: ffffff;
  3757: ffffff;
  3758: ffffff;
  3759: ffffff;
  3760: ffffff;
  3761: ffffff;
  3762: fdfdfd;
  3763: fdfdfd;
  3764: fefefe;
  3765: fefefe;
  3766: fefefe;
  3767: ffffff;
  3768: ffffff;
  3769: fefefe;
  3770: fefefe;
  3771: fdfdfd;
  3772: fcfcfc;
  3773: fcfcfc;
  3774: fcfcfc;
  3775: fcfcfc;
  3776: fcfcfc;
  3777: fcfcfc;
  3778: fcfcfc;
  3779: fcfcfc;
  3780: fdfdfd;
  3781: fefefe;
  3782: fefefe;
  3783: ffffff;
  3784: ffffff;
  3785: fefefe;
  3786: fefefe;
  3787: fefefe;
  3788: fdfdfd;
  3789: fdfdfd;
  3790: ffffff;
  3791: ffffff;
  3792: ffffff;
  3793: ffffff;
  3794: ffffff;
  3795: ffffff;
  3796: ffffff;
  3797: ffffff;
  3798: ffffff;
  3799: ffffff;
  3800: ffffff;
  3801: ffffff;
  3802: ffffff;
  3803: ffffff;
  3804: ffffff;
  3805: ffffff;
  3806: ececec;
  3807: bcbcbc;
  3808: 8c8c8c;
  3809: 636363;
  3810: 4f4f4f;
  3811: 4a4a4a;
  3812: 555555;
  3813: 686868;
  3814: 7d7d7d;
  3815: 8e8e8e;
  3816: 939393;
  3817: 939393;
  3818: 939393;
  3819: 939393;
  3820: 939393;
  3821: 959595;
  3822: a8a8a8;
  3823: c2c2c2;
  3824: dedede;
  3825: f7f7f7;
  3826: ffffff;
  3827: ffffff;
  3828: ffffff;
  3829: ffffff;
  3830: ffffff;
  3831: fefefe;
  3832: fdfdfd;
  3833: fefefe;
  3834: fefefe;
  3835: fefefe;
  3836: ffffff;
  3837: ffffff;
  3838: ffffff;
  3839: ffffff;
  3840: fefefe;
  3841: fefefe;
  3842: fefefe;
  3843: fefefe;
  3844: fefefe;
  3845: fefefe;
  3846: fefefe;
  3847: fefefe;
  3848: ffffff;
  3849: ffffff;
  3850: ffffff;
  3851: ffffff;
  3852: ffffff;
  3853: ffffff;
  3854: f0f0f0;
  3855: c7c7c7;
  3856: 9a9a9a;
  3857: 707070;
  3858: 515151;
  3859: 4e4e4e;
  3860: 4e4e4e;
  3861: 4e4e4e;
  3862: 4e4e4e;
  3863: 4e4e4e;
  3864: 515151;
  3865: 5b5b5b;
  3866: 666666;
  3867: 747474;
  3868: 838383;
  3869: 939393;
  3870: a0a0a0;
  3871: b9b9b9;
  3872: d7d7d7;
  3873: f4f4f4;
  3874: ffffff;
  3875: ffffff;
  3876: ffffff;
  3877: ffffff;
  3878: ffffff;
  3879: ffffff;
  3880: ffffff;
  3881: ffffff;
  3882: ffffff;
  3883: ffffff;
  3884: ffffff;
  3885: ffffff;
  3886: ffffff;
  3887: ffffff;
  3888: ffffff;
  3889: ffffff;
  3890: fefefe;
  3891: fefefe;
  3892: fefefe;
  3893: ffffff;
  3894: ffffff;
  3895: ffffff;
  3896: ffffff;
  3897: ffffff;
  3898: fefefe;
  3899: fefefe;
  3900: fdfdfd;
  3901: fdfdfd;
  3902: fdfdfd;
  3903: fdfdfd;
  3904: fdfdfd;
  3905: fdfdfd;
  3906: fdfdfd;
  3907: fdfdfd;
  3908: fefefe;
  3909: fefefe;
  3910: ffffff;
  3911: ffffff;
  3912: ffffff;
  3913: ffffff;
  3914: ffffff;
  3915: fefefe;
  3916: fefefe;
  3917: fefefe;
  3918: ffffff;
  3919: ffffff;
  3920: ffffff;
  3921: ffffff;
  3922: ffffff;
  3923: ffffff;
  3924: ffffff;
  3925: ffffff;
  3926: ffffff;
  3927: ffffff;
  3928: ffffff;
  3929: ffffff;
  3930: ffffff;
  3931: ffffff;
  3932: ffffff;
  3933: ffffff;
  3934: f4f4f4;
  3935: d7d7d7;
  3936: b9b9b9;
  3937: a0a0a0;
  3938: 939393;
  3939: 838383;
  3940: 747474;
  3941: 666666;
  3942: 5b5b5b;
  3943: 515151;
  3944: 4e4e4e;
  3945: 4e4e4e;
  3946: 4e4e4e;
  3947: 4e4e4e;
  3948: 4e4e4e;
  3949: 515151;
  3950: 707070;
  3951: 9a9a9a;
  3952: c7c7c7;
  3953: f0f0f0;
  3954: ffffff;
  3955: ffffff;
  3956: ffffff;
  3957: ffffff;
  3958: ffffff;
  3959: ffffff;
  3960: fefefe;
  3961: fefefe;
  3962: fefefe;
  3963: fefefe;
  3964: fefefe;
  3965: fefefe;
  3966: fefefe;
  3967: fefefe;
  3968: fefefe;
  3969: fefefe;
  3970: fefefe;
  3971: fefefe;
  3972: fefefe;
  3973: ffffff;
  3974: ffffff;
  3975: fefefe;
  3976: ffffff;
  3977: ffffff;
  3978: ffffff;
  3979: ffffff;
  3980: ffffff;
  3981: ffffff;
  3982: e5e5e5;
  3983: b1b1b1;
  3984: 777777;
  3985: 424242;
  3986: 1a1a1a;
  3987: 171717;
  3988: 171717;
  3989: 161616;
  3990: 161616;
  3991: 161616;
  3992: 222222;
  3993: 424242;
  3994: 6a6a6a;
  3995: 949494;
  3996: bababa;
  3997: d4d4d4;
  3998: d9d9d9;
  3999: e3e3e3;
  4000: efefef;
  4001: fafafa;
  4002: ffffff;
  4003: ffffff;
  4004: ffffff;
  4005: ffffff;
  4006: ffffff;
  4007: ffffff;
  4008: ffffff;
  4009: ffffff;
  4010: ffffff;
  4011: ffffff;
  4012: ffffff;
  4013: ffffff;
  4014: ffffff;
  4015: ffffff;
  4016: ffffff;
  4017: ffffff;
  4018: ffffff;
  4019: fefefe;
  4020: ffffff;
  4021: ffffff;
  4022: ffffff;
  4023: ffffff;
  4024: ffffff;
  4025: ffffff;
  4026: ffffff;
  4027: ffffff;
  4028: fefefe;
  4029: fefefe;
  4030: fefefe;
  4031: fefefe;
  4032: fefefe;
  4033: fefefe;
  4034: fefefe;
  4035: fefefe;
  4036: ffffff;
  4037: ffffff;
  4038: ffffff;
  4039: ffffff;
  4040: ffffff;
  4041: ffffff;
  4042: ffffff;
  4043: ffffff;
  4044: fefefe;
  4045: ffffff;
  4046: ffffff;
  4047: ffffff;
  4048: ffffff;
  4049: ffffff;
  4050: ffffff;
  4051: ffffff;
  4052: ffffff;
  4053: ffffff;
  4054: ffffff;
  4055: ffffff;
  4056: ffffff;
  4057: ffffff;
  4058: ffffff;
  4059: ffffff;
  4060: ffffff;
  4061: ffffff;
  4062: fafafa;
  4063: efefef;
  4064: e3e3e3;
  4065: d9d9d9;
  4066: d4d4d4;
  4067: bababa;
  4068: 949494;
  4069: 6a6a6a;
  4070: 424242;
  4071: 222222;
  4072: 161616;
  4073: 161616;
  4074: 161616;
  4075: 171717;
  4076: 171717;
  4077: 1a1a1a;
  4078: 424242;
  4079: 777777;
  4080: b1b1b1;
  4081: e5e5e5;
  4082: ffffff;
  4083: ffffff;
  4084: ffffff;
  4085: ffffff;
  4086: ffffff;
  4087: ffffff;
  4088: fefefe;
  4089: ffffff;
  4090: ffffff;
  4091: fefefe;
  4092: fefefe;
  4093: fefefe;
  4094: fefefe;
  4095: fefefe;
  4096: fefefe;
  4097: fefefe;
  4098: fefefe;
  4099: fefefe;
  4100: fefefe;
  4101: ffffff;
  4102: ffffff;
  4103: ffffff;
  4104: ffffff;
  4105: ffffff;
  4106: ffffff;
  4107: ffffff;
  4108: ffffff;
  4109: fbfbfb;
  4110: d3d3d3;
  4111: 9d9d9d;
  4112: 626262;
  4113: 2c2c2c;
  4114: 40404;
  4115: 0;
  4116: 0;
  4117: 0;
  4118: 0;
  4119: 0;
  4120: f0f0f;
  4121: 3c3c3c;
  4122: 747474;
  4123: aeaeae;
  4124: e0e0e0;
  4125: ffffff;
  4126: ffffff;
  4127: ffffff;
  4128: ffffff;
  4129: ffffff;
  4130: ffffff;
  4131: ffffff;
  4132: fdfdfd;
  4133: fcfcfc;
  4134: fbfbfb;
  4135: fafafa;
  4136: fafafa;
  4137: fbfbfb;
  4138: fcfcfc;
  4139: fdfdfd;
  4140: fefefe;
  4141: ffffff;
  4142: ffffff;
  4143: ffffff;
  4144: ffffff;
  4145: ffffff;
  4146: ffffff;
  4147: ffffff;
  4148: ffffff;
  4149: ffffff;
  4150: ffffff;
  4151: ffffff;
  4152: ffffff;
  4153: ffffff;
  4154: ffffff;
  4155: ffffff;
  4156: ffffff;
  4157: ffffff;
  4158: ffffff;
  4159: ffffff;
  4160: ffffff;
  4161: ffffff;
  4162: ffffff;
  4163: ffffff;
  4164: ffffff;
  4165: ffffff;
  4166: ffffff;
  4167: ffffff;
  4168: ffffff;
  4169: ffffff;
  4170: ffffff;
  4171: ffffff;
  4172: ffffff;
  4173: ffffff;
  4174: ffffff;
  4175: ffffff;
  4176: ffffff;
  4177: ffffff;
  4178: ffffff;
  4179: fefefe;
  4180: fdfdfd;
  4181: fcfcfc;
  4182: fbfbfb;
  4183: fafafa;
  4184: fafafa;
  4185: fbfbfb;
  4186: fcfcfc;
  4187: fdfdfd;
  4188: ffffff;
  4189: ffffff;
  4190: ffffff;
  4191: ffffff;
  4192: ffffff;
  4193: ffffff;
  4194: ffffff;
  4195: e0e0e0;
  4196: aeaeae;
  4197: 747474;
  4198: 3c3c3c;
  4199: f0f0f;
  4200: 0;
  4201: 0;
  4202: 0;
  4203: 0;
  4204: 0;
  4205: 40404;
  4206: 2c2c2c;
  4207: 626262;
  4208: 9d9d9d;
  4209: d3d3d3;
  4210: fbfbfb;
  4211: ffffff;
  4212: ffffff;
  4213: ffffff;
  4214: ffffff;
  4215: ffffff;
  4216: ffffff;
  4217: ffffff;
  4218: ffffff;
  4219: fefefe;
  4220: fefefe;
  4221: fefefe;
  4222: fefefe;
  4223: fefefe;
  4224: fefefe;
  4225: fefefe;
  4226: fefefe;
  4227: fefefe;
  4228: fefefe;
  4229: ffffff;
  4230: ffffff;
  4231: ffffff;
  4232: fcfcfc;
  4233: f5f5f5;
  4234: ebebeb;
  4235: e1e1e1;
  4236: dadada;
  4237: d5d5d5;
  4238: b4b4b4;
  4239: 8b8b8b;
  4240: 5f5f5f;
  4241: 373737;
  4242: 191919;
  4243: 161616;
  4244: 161616;
  4245: 161616;
  4246: 161616;
  4247: 161616;
  4248: 252525;
  4249: 515151;
  4250: 898989;
  4251: c2c2c2;
  4252: f2f2f2;
  4253: ffffff;
  4254: ffffff;
  4255: ffffff;
  4256: ffffff;
  4257: ffffff;
  4258: ffffff;
  4259: fefefe;
  4260: fdfdfd;
  4261: fcfcfc;
  4262: fbfbfb;
  4263: fafafa;
  4264: fafafa;
  4265: fbfbfb;
  4266: fcfcfc;
  4267: fdfdfd;
  4268: fefefe;
  4269: ffffff;
  4270: ffffff;
  4271: ffffff;
  4272: ffffff;
  4273: ffffff;
  4274: ffffff;
  4275: ffffff;
  4276: ffffff;
  4277: ffffff;
  4278: ffffff;
  4279: ffffff;
  4280: ffffff;
  4281: ffffff;
  4282: ffffff;
  4283: ffffff;
  4284: ffffff;
  4285: ffffff;
  4286: ffffff;
  4287: ffffff;
  4288: ffffff;
  4289: ffffff;
  4290: ffffff;
  4291: ffffff;
  4292: ffffff;
  4293: ffffff;
  4294: ffffff;
  4295: ffffff;
  4296: ffffff;
  4297: ffffff;
  4298: ffffff;
  4299: ffffff;
  4300: ffffff;
  4301: ffffff;
  4302: ffffff;
  4303: ffffff;
  4304: ffffff;
  4305: ffffff;
  4306: ffffff;
  4307: fefefe;
  4308: fdfdfd;
  4309: fcfcfc;
  4310: fbfbfb;
  4311: fafafa;
  4312: fafafa;
  4313: fbfbfb;
  4314: fcfcfc;
  4315: fdfdfd;
  4316: fefefe;
  4317: ffffff;
  4318: ffffff;
  4319: ffffff;
  4320: ffffff;
  4321: ffffff;
  4322: ffffff;
  4323: f2f2f2;
  4324: c2c2c2;
  4325: 898989;
  4326: 515151;
  4327: 252525;
  4328: 161616;
  4329: 161616;
  4330: 161616;
  4331: 161616;
  4332: 161616;
  4333: 191919;
  4334: 373737;
  4335: 5f5f5f;
  4336: 8b8b8b;
  4337: b4b4b4;
  4338: d5d5d5;
  4339: dadada;
  4340: e1e1e1;
  4341: ebebeb;
  4342: f5f5f5;
  4343: fcfcfc;
  4344: ffffff;
  4345: ffffff;
  4346: ffffff;
  4347: fefefe;
  4348: fefefe;
  4349: fefefe;
  4350: fefefe;
  4351: fefefe;
  4352: fefefe;
  4353: fefefe;
  4354: fefefe;
  4355: fefefe;
  4356: fefefe;
  4357: ffffff;
  4358: ffffff;
  4359: ffffff;
  4360: f8f8f8;
  4361: e5e5e5;
  4362: cdcdcd;
  4363: b5b5b5;
  4364: a4a4a4;
  4365: 9d9d9d;
  4366: 8b8b8b;
  4367: 797979;
  4368: 686868;
  4369: 5a5a5a;
  4370: 4f4f4f;
  4371: 4e4e4e;
  4372: 4e4e4e;
  4373: 4e4e4e;
  4374: 4e4e4e;
  4375: 4e4e4e;
  4376: 595959;
  4377: 7c7c7c;
  4378: a8a8a8;
  4379: d5d5d5;
  4380: fbfbfb;
  4381: ffffff;
  4382: ffffff;
  4383: ffffff;
  4384: ffffff;
  4385: ffffff;
  4386: fefefe;
  4387: fdfdfd;
  4388: fcfcfc;
  4389: fcfcfc;
  4390: fcfcfc;
  4391: fcfcfc;
  4392: fcfcfc;
  4393: fcfcfc;
  4394: fdfdfd;
  4395: fdfdfd;
  4396: fefefe;
  4397: ffffff;
  4398: ffffff;
  4399: ffffff;
  4400: ffffff;
  4401: ffffff;
  4402: ffffff;
  4403: ffffff;
  4404: ffffff;
  4405: ffffff;
  4406: ffffff;
  4407: ffffff;
  4408: ffffff;
  4409: ffffff;
  4410: ffffff;
  4411: ffffff;
  4412: ffffff;
  4413: ffffff;
  4414: ffffff;
  4415: ffffff;
  4416: ffffff;
  4417: ffffff;
  4418: ffffff;
  4419: ffffff;
  4420: ffffff;
  4421: ffffff;
  4422: ffffff;
  4423: ffffff;
  4424: ffffff;
  4425: ffffff;
  4426: ffffff;
  4427: ffffff;
  4428: ffffff;
  4429: ffffff;
  4430: ffffff;
  4431: ffffff;
  4432: ffffff;
  4433: ffffff;
  4434: ffffff;
  4435: fefefe;
  4436: fdfdfd;
  4437: fdfdfd;
  4438: fcfcfc;
  4439: fcfcfc;
  4440: fcfcfc;
  4441: fcfcfc;
  4442: fcfcfc;
  4443: fcfcfc;
  4444: fdfdfd;
  4445: fefefe;
  4446: ffffff;
  4447: ffffff;
  4448: ffffff;
  4449: ffffff;
  4450: ffffff;
  4451: fbfbfb;
  4452: d5d5d5;
  4453: a8a8a8;
  4454: 7c7c7c;
  4455: 595959;
  4456: 4e4e4e;
  4457: 4e4e4e;
  4458: 4e4e4e;
  4459: 4e4e4e;
  4460: 4e4e4e;
  4461: 4f4f4f;
  4462: 5a5a5a;
  4463: 686868;
  4464: 797979;
  4465: 8b8b8b;
  4466: 9d9d9d;
  4467: a4a4a4;
  4468: b5b5b5;
  4469: cdcdcd;
  4470: e5e5e5;
  4471: f8f8f8;
  4472: ffffff;
  4473: ffffff;
  4474: ffffff;
  4475: fefefe;
  4476: fefefe;
  4477: fefefe;
  4478: fefefe;
  4479: fefefe;
  4480: ffffff;
  4481: ffffff;
  4482: ffffff;
  4483: ffffff;
  4484: ffffff;
  4485: ffffff;
  4486: ffffff;
  4487: ffffff;
  4488: f4f4f4;
  4489: d4d4d4;
  4490: ababab;
  4491: 858585;
  4492: 696969;
  4493: 5f5f5f;
  4494: 5e5e5e;
  4495: 686868;
  4496: 787878;
  4497: 888888;
  4498: 929292;
  4499: 939393;
  4500: 939393;
  4501: 939393;
  4502: 939393;
  4503: 939393;
  4504: 999999;
  4505: afafaf;
  4506: cacaca;
  4507: e6e6e6;
  4508: fdfdfd;
  4509: ffffff;
  4510: ffffff;
  4511: ffffff;
  4512: ffffff;
  4513: ffffff;
  4514: fdfdfd;
  4515: fcfcfc;
  4516: fcfcfc;
  4517: fcfcfc;
  4518: fdfdfd;
  4519: fdfdfd;
  4520: fdfdfd;
  4521: fdfdfd;
  4522: fefefe;
  4523: fdfdfd;
  4524: fefefe;
  4525: fefefe;
  4526: fefefe;
  4527: fefefe;
  4528: ffffff;
  4529: ffffff;
  4530: ffffff;
  4531: ffffff;
  4532: ffffff;
  4533: ffffff;
  4534: fefefe;
  4535: fefefe;
  4536: fefefe;
  4537: fefefe;
  4538: fefefe;
  4539: fefefe;
  4540: fefefe;
  4541: fefefe;
  4542: fefefe;
  4543: fefefe;
  4544: fefefe;
  4545: fefefe;
  4546: fefefe;
  4547: fefefe;
  4548: fefefe;
  4549: fefefe;
  4550: fefefe;
  4551: fefefe;
  4552: fefefe;
  4553: fefefe;
  4554: ffffff;
  4555: ffffff;
  4556: ffffff;
  4557: ffffff;
  4558: ffffff;
  4559: ffffff;
  4560: fefefe;
  4561: fefefe;
  4562: fefefe;
  4563: fefefe;
  4564: fdfdfd;
  4565: fefefe;
  4566: fdfdfd;
  4567: fdfdfd;
  4568: fdfdfd;
  4569: fdfdfd;
  4570: fcfcfc;
  4571: fcfcfc;
  4572: fcfcfc;
  4573: fdfdfd;
  4574: ffffff;
  4575: ffffff;
  4576: ffffff;
  4577: ffffff;
  4578: ffffff;
  4579: fdfdfd;
  4580: e6e6e6;
  4581: cacaca;
  4582: afafaf;
  4583: 999999;
  4584: 939393;
  4585: 939393;
  4586: 939393;
  4587: 939393;
  4588: 939393;
  4589: 929292;
  4590: 888888;
  4591: 787878;
  4592: 686868;
  4593: 5e5e5e;
  4594: 5f5f5f;
  4595: 696969;
  4596: 858585;
  4597: ababab;
  4598: d4d4d4;
  4599: f4f4f4;
  4600: ffffff;
  4601: ffffff;
  4602: ffffff;
  4603: ffffff;
  4604: ffffff;
  4605: ffffff;
  4606: ffffff;
  4607: ffffff;
  4608: ffffff;
  4609: ffffff;
  4610: ffffff;
  4611: ffffff;
  4612: ffffff;
  4613: ffffff;
  4614: ffffff;
  4615: ffffff;
  4616: f0f0f0;
  4617: c4c4c4;
  4618: 8d8d8d;
  4619: 595959;
  4620: 333333;
  4621: 272727;
  4622: 363636;
  4623: 5a5a5a;
  4624: 878787;
  4625: b3b3b3;
  4626: d2d2d2;
  4627: d4d4d4;
  4628: d4d4d4;
  4629: d4d4d4;
  4630: d4d4d4;
  4631: d4d4d4;
  4632: d6d6d6;
  4633: dedede;
  4634: eaeaea;
  4635: f5f5f5;
  4636: fefefe;
  4637: ffffff;
  4638: ffffff;
  4639: ffffff;
  4640: fefefe;
  4641: fcfcfc;
  4642: fbfbfb;
  4643: fbfbfb;
  4644: fcfcfc;
  4645: fdfdfd;
  4646: fdfdfd;
  4647: fefefe;
  4648: fefefe;
  4649: fefefe;
  4650: fefefe;
  4651: fefefe;
  4652: fefefe;
  4653: fefefe;
  4654: fefefe;
  4655: fefefe;
  4656: ffffff;
  4657: ffffff;
  4658: ffffff;
  4659: ffffff;
  4660: ffffff;
  4661: ffffff;
  4662: fefefe;
  4663: fefefe;
  4664: fefefe;
  4665: fefefe;
  4666: fefefe;
  4667: fefefe;
  4668: fefefe;
  4669: fefefe;
  4670: fefefe;
  4671: fefefe;
  4672: fefefe;
  4673: fefefe;
  4674: fefefe;
  4675: fefefe;
  4676: fefefe;
  4677: fefefe;
  4678: fefefe;
  4679: fefefe;
  4680: fefefe;
  4681: fefefe;
  4682: ffffff;
  4683: ffffff;
  4684: ffffff;
  4685: ffffff;
  4686: ffffff;
  4687: ffffff;
  4688: fefefe;
  4689: fefefe;
  4690: fefefe;
  4691: fefefe;
  4692: fefefe;
  4693: fefefe;
  4694: fefefe;
  4695: fefefe;
  4696: fefefe;
  4697: fdfdfd;
  4698: fdfdfd;
  4699: fcfcfc;
  4700: fbfbfb;
  4701: fbfbfb;
  4702: fcfcfc;
  4703: fefefe;
  4704: ffffff;
  4705: ffffff;
  4706: ffffff;
  4707: fefefe;
  4708: f5f5f5;
  4709: eaeaea;
  4710: dedede;
  4711: d6d6d6;
  4712: d4d4d4;
  4713: d4d4d4;
  4714: d4d4d4;
  4715: d4d4d4;
  4716: d4d4d4;
  4717: d2d2d2;
  4718: b3b3b3;
  4719: 878787;
  4720: 5a5a5a;
  4721: 363636;
  4722: 272727;
  4723: 333333;
  4724: 595959;
  4725: 8d8d8d;
  4726: c4c4c4;
  4727: f0f0f0;
  4728: ffffff;
  4729: ffffff;
  4730: ffffff;
  4731: ffffff;
  4732: ffffff;
  4733: ffffff;
  4734: ffffff;
  4735: ffffff;
  4736: ffffff;
  4737: ffffff;
  4738: ffffff;
  4739: ffffff;
  4740: ffffff;
  4741: ffffff;
  4742: ffffff;
  4743: ffffff;
  4744: ededed;
  4745: bababa;
  4746: 797979;
  4747: 3b3b3b;
  4748: e0e0e;
  4749: 10101;
  4750: 1b1b1b;
  4751: 505050;
  4752: 919191;
  4753: cfcfcf;
  4754: fbfbfb;
  4755: ffffff;
  4756: ffffff;
  4757: ffffff;
  4758: ffffff;
  4759: ffffff;
  4760: fefefe;
  4761: fefefe;
  4762: ffffff;
  4763: ffffff;
  4764: ffffff;
  4765: ffffff;
  4766: fefefe;
  4767: fdfdfd;
  4768: fcfcfc;
  4769: fbfbfb;
  4770: fbfbfb;
  4771: fbfbfb;
  4772: fcfcfc;
  4773: fdfdfd;
  4774: fefefe;
  4775: ffffff;
  4776: ffffff;
  4777: ffffff;
  4778: ffffff;
  4779: fefefe;
  4780: fefefe;
  4781: fefefe;
  4782: fefefe;
  4783: fefefe;
  4784: ffffff;
  4785: ffffff;
  4786: ffffff;
  4787: ffffff;
  4788: ffffff;
  4789: ffffff;
  4790: fefefe;
  4791: fefefe;
  4792: fefefe;
  4793: fefefe;
  4794: fefefe;
  4795: fefefe;
  4796: fefefe;
  4797: fefefe;
  4798: fefefe;
  4799: fefefe;
  4800: fefefe;
  4801: fefefe;
  4802: fefefe;
  4803: fefefe;
  4804: fefefe;
  4805: fefefe;
  4806: fefefe;
  4807: fefefe;
  4808: fefefe;
  4809: fefefe;
  4810: ffffff;
  4811: ffffff;
  4812: ffffff;
  4813: ffffff;
  4814: ffffff;
  4815: ffffff;
  4816: fefefe;
  4817: fefefe;
  4818: fefefe;
  4819: fefefe;
  4820: fefefe;
  4821: ffffff;
  4822: ffffff;
  4823: ffffff;
  4824: ffffff;
  4825: fefefe;
  4826: fdfdfd;
  4827: fcfcfc;
  4828: fbfbfb;
  4829: fbfbfb;
  4830: fbfbfb;
  4831: fcfcfc;
  4832: fdfdfd;
  4833: fefefe;
  4834: ffffff;
  4835: ffffff;
  4836: ffffff;
  4837: ffffff;
  4838: fefefe;
  4839: fefefe;
  4840: ffffff;
  4841: ffffff;
  4842: ffffff;
  4843: ffffff;
  4844: ffffff;
  4845: fbfbfb;
  4846: cfcfcf;
  4847: 919191;
  4848: 505050;
  4849: 1b1b1b;
  4850: 10101;
  4851: e0e0e;
  4852: 3b3b3b;
  4853: 797979;
  4854: bababa;
  4855: ededed;
  4856: ffffff;
  4857: ffffff;
  4858: ffffff;
  4859: ffffff;
  4860: ffffff;
  4861: ffffff;
  4862: ffffff;
  4863: ffffff;
  4864: ffffff;
  4865: ffffff;
  4866: ffffff;
  4867: ffffff;
  4868: ffffff;
  4869: ffffff;
  4870: ffffff;
  4871: ffffff;
  4872: f0f0f0;
  4873: b8b8b8;
  4874: 717171;
  4875: 2d2d2d;
  4876: 0;
  4877: 0;
  4878: c0c0c;
  4879: 484848;
  4880: 929292;
  4881: d8d8d8;
  4882: ffffff;
  4883: ffffff;
  4884: ffffff;
  4885: ffffff;
  4886: ffffff;
  4887: ffffff;
  4888: ffffff;
  4889: ffffff;
  4890: ffffff;
  4891: ffffff;
  4892: ffffff;
  4893: ffffff;
  4894: fefefe;
  4895: fdfdfd;
  4896: fcfcfc;
  4897: fbfbfb;
  4898: fbfbfb;
  4899: fbfbfb;
  4900: fcfcfc;
  4901: fdfdfd;
  4902: fefefe;
  4903: ffffff;
  4904: ffffff;
  4905: ffffff;
  4906: ffffff;
  4907: fefefe;
  4908: fefefe;
  4909: fefefe;
  4910: fefefe;
  4911: fefefe;
  4912: ffffff;
  4913: ffffff;
  4914: ffffff;
  4915: ffffff;
  4916: ffffff;
  4917: ffffff;
  4918: fefefe;
  4919: fefefe;
  4920: fefefe;
  4921: fefefe;
  4922: fefefe;
  4923: fefefe;
  4924: fefefe;
  4925: fefefe;
  4926: fefefe;
  4927: fefefe;
  4928: fefefe;
  4929: fefefe;
  4930: fefefe;
  4931: fefefe;
  4932: fefefe;
  4933: fefefe;
  4934: fefefe;
  4935: fefefe;
  4936: fefefe;
  4937: fefefe;
  4938: ffffff;
  4939: ffffff;
  4940: ffffff;
  4941: ffffff;
  4942: ffffff;
  4943: ffffff;
  4944: fefefe;
  4945: fefefe;
  4946: fefefe;
  4947: fefefe;
  4948: fefefe;
  4949: ffffff;
  4950: ffffff;
  4951: ffffff;
  4952: ffffff;
  4953: fefefe;
  4954: fdfdfd;
  4955: fcfcfc;
  4956: fbfbfb;
  4957: fbfbfb;
  4958: fbfbfb;
  4959: fcfcfc;
  4960: fdfdfd;
  4961: fefefe;
  4962: ffffff;
  4963: ffffff;
  4964: ffffff;
  4965: ffffff;
  4966: ffffff;
  4967: ffffff;
  4968: ffffff;
  4969: ffffff;
  4970: ffffff;
  4971: ffffff;
  4972: ffffff;
  4973: ffffff;
  4974: d8d8d8;
  4975: 929292;
  4976: 484848;
  4977: c0c0c;
  4978: 0;
  4979: 0;
  4980: 2d2d2d;
  4981: 717171;
  4982: b8b8b8;
  4983: f0f0f0;
  4984: ffffff;
  4985: ffffff;
  4986: ffffff;
  4987: ffffff;
  4988: ffffff;
  4989: ffffff;
  4990: ffffff;
  4991: ffffff;
  4992: fefefe;
  4993: fefefe;
  4994: fefefe;
  4995: ffffff;
  4996: ffffff;
  4997: ffffff;
  4998: ffffff;
  4999: ffffff;
  5000: f8f8f8;
  5001: bdbdbd;
  5002: 717171;
  5003: 292929;
  5004: 0;
  5005: 0;
  5006: 30303;
  5007: 424242;
  5008: 8f8f8f;
  5009: d8d8d8;
  5010: ffffff;
  5011: ffffff;
  5012: ffffff;
  5013: ffffff;
  5014: ffffff;
  5015: ffffff;
  5016: ffffff;
  5017: ffffff;
  5018: ffffff;
  5019: ffffff;
  5020: ffffff;
  5021: ffffff;
  5022: fefefe;
  5023: fefefe;
  5024: fdfdfd;
  5025: fcfcfc;
  5026: fcfcfc;
  5027: fcfcfc;
  5028: fdfdfd;
  5029: fefefe;
  5030: ffffff;
  5031: ffffff;
  5032: ffffff;
  5033: ffffff;
  5034: ffffff;
  5035: fefefe;
  5036: fefefe;
  5037: fefefe;
  5038: fefefe;
  5039: fefefe;
  5040: ffffff;
  5041: ffffff;
  5042: ffffff;
  5043: ffffff;
  5044: ffffff;
  5045: ffffff;
  5046: fefefe;
  5047: fefefe;
  5048: fefefe;
  5049: fefefe;
  5050: fefefe;
  5051: fefefe;
  5052: fefefe;
  5053: fefefe;
  5054: fefefe;
  5055: fefefe;
  5056: fefefe;
  5057: fefefe;
  5058: fefefe;
  5059: fefefe;
  5060: fefefe;
  5061: fefefe;
  5062: fefefe;
  5063: fefefe;
  5064: fefefe;
  5065: fefefe;
  5066: ffffff;
  5067: ffffff;
  5068: ffffff;
  5069: ffffff;
  5070: ffffff;
  5071: ffffff;
  5072: fefefe;
  5073: fefefe;
  5074: fefefe;
  5075: fefefe;
  5076: fefefe;
  5077: ffffff;
  5078: ffffff;
  5079: ffffff;
  5080: ffffff;
  5081: ffffff;
  5082: fefefe;
  5083: fdfdfd;
  5084: fcfcfc;
  5085: fcfcfc;
  5086: fcfcfc;
  5087: fdfdfd;
  5088: fefefe;
  5089: fefefe;
  5090: ffffff;
  5091: ffffff;
  5092: ffffff;
  5093: ffffff;
  5094: ffffff;
  5095: ffffff;
  5096: ffffff;
  5097: ffffff;
  5098: ffffff;
  5099: ffffff;
  5100: ffffff;
  5101: ffffff;
  5102: d8d8d8;
  5103: 8f8f8f;
  5104: 424242;
  5105: 30303;
  5106: 0;
  5107: 0;
  5108: 292929;
  5109: 717171;
  5110: bdbdbd;
  5111: f8f8f8;
  5112: ffffff;
  5113: ffffff;
  5114: ffffff;
  5115: ffffff;
  5116: ffffff;
  5117: fefefe;
  5118: fefefe;
  5119: fefefe;
  5120: fefefe;
  5121: fefefe;
  5122: fefefe;
  5123: ffffff;
  5124: ffffff;
  5125: ffffff;
  5126: ffffff;
  5127: ffffff;
  5128: fefefe;
  5129: c2c2c2;
  5130: 767676;
  5131: 2b2b2b;
  5132: 0;
  5133: 0;
  5134: 20202;
  5135: 404040;
  5136: 8b8b8b;
  5137: d3d3d3;
  5138: ffffff;
  5139: ffffff;
  5140: ffffff;
  5141: ffffff;
  5142: ffffff;
  5143: ffffff;
  5144: ffffff;
  5145: ffffff;
  5146: ffffff;
  5147: ffffff;
  5148: ffffff;
  5149: ffffff;
  5150: ffffff;
  5151: fefefe;
  5152: fefefe;
  5153: fdfdfd;
  5154: fdfdfd;
  5155: fdfdfd;
  5156: fefefe;
  5157: fefefe;
  5158: ffffff;
  5159: ffffff;
  5160: ffffff;
  5161: ffffff;
  5162: ffffff;
  5163: ffffff;
  5164: ffffff;
  5165: ffffff;
  5166: ffffff;
  5167: ffffff;
  5168: ffffff;
  5169: ffffff;
  5170: ffffff;
  5171: ffffff;
  5172: ffffff;
  5173: ffffff;
  5174: ffffff;
  5175: ffffff;
  5176: ffffff;
  5177: ffffff;
  5178: ffffff;
  5179: ffffff;
  5180: ffffff;
  5181: ffffff;
  5182: ffffff;
  5183: ffffff;
  5184: ffffff;
  5185: ffffff;
  5186: ffffff;
  5187: ffffff;
  5188: ffffff;
  5189: ffffff;
  5190: ffffff;
  5191: ffffff;
  5192: ffffff;
  5193: ffffff;
  5194: ffffff;
  5195: ffffff;
  5196: ffffff;
  5197: ffffff;
  5198: ffffff;
  5199: ffffff;
  5200: ffffff;
  5201: ffffff;
  5202: ffffff;
  5203: ffffff;
  5204: ffffff;
  5205: ffffff;
  5206: ffffff;
  5207: ffffff;
  5208: ffffff;
  5209: ffffff;
  5210: fefefe;
  5211: fefefe;
  5212: fdfdfd;
  5213: fdfdfd;
  5214: fdfdfd;
  5215: fefefe;
  5216: fefefe;
  5217: ffffff;
  5218: ffffff;
  5219: ffffff;
  5220: ffffff;
  5221: ffffff;
  5222: ffffff;
  5223: ffffff;
  5224: ffffff;
  5225: ffffff;
  5226: ffffff;
  5227: ffffff;
  5228: ffffff;
  5229: ffffff;
  5230: d3d3d3;
  5231: 8b8b8b;
  5232: 404040;
  5233: 20202;
  5234: 0;
  5235: 0;
  5236: 2b2b2b;
  5237: 767676;
  5238: c2c2c2;
  5239: fefefe;
  5240: ffffff;
  5241: ffffff;
  5242: ffffff;
  5243: ffffff;
  5244: ffffff;
  5245: fefefe;
  5246: fefefe;
  5247: fefefe;
  5248: fdfdfd;
  5249: fdfdfd;
  5250: fdfdfd;
  5251: ffffff;
  5252: ffffff;
  5253: ffffff;
  5254: ffffff;
  5255: ffffff;
  5256: fdfdfd;
  5257: c4c4c4;
  5258: 7a7a7a;
  5259: 333333;
  5260: 0;
  5261: 0;
  5262: 90909;
  5263: 444444;
  5264: 8a8a8a;
  5265: cecece;
  5266: fefefe;
  5267: ffffff;
  5268: ffffff;
  5269: ffffff;
  5270: ffffff;
  5271: ffffff;
  5272: ffffff;
  5273: ffffff;
  5274: ffffff;
  5275: ffffff;
  5276: ffffff;
  5277: ffffff;
  5278: ffffff;
  5279: ffffff;
  5280: fefefe;
  5281: fefefe;
  5282: fefefe;
  5283: fefefe;
  5284: ffffff;
  5285: ffffff;
  5286: ffffff;
  5287: ffffff;
  5288: ffffff;
  5289: ffffff;
  5290: ffffff;
  5291: ffffff;
  5292: ffffff;
  5293: ffffff;
  5294: ffffff;
  5295: ffffff;
  5296: ffffff;
  5297: ffffff;
  5298: ffffff;
  5299: ffffff;
  5300: ffffff;
  5301: ffffff;
  5302: ffffff;
  5303: ffffff;
  5304: ffffff;
  5305: ffffff;
  5306: ffffff;
  5307: ffffff;
  5308: ffffff;
  5309: ffffff;
  5310: ffffff;
  5311: ffffff;
  5312: ffffff;
  5313: ffffff;
  5314: ffffff;
  5315: ffffff;
  5316: ffffff;
  5317: ffffff;
  5318: ffffff;
  5319: ffffff;
  5320: ffffff;
  5321: ffffff;
  5322: ffffff;
  5323: ffffff;
  5324: ffffff;
  5325: ffffff;
  5326: ffffff;
  5327: ffffff;
  5328: ffffff;
  5329: ffffff;
  5330: ffffff;
  5331: ffffff;
  5332: ffffff;
  5333: ffffff;
  5334: ffffff;
  5335: ffffff;
  5336: ffffff;
  5337: ffffff;
  5338: ffffff;
  5339: ffffff;
  5340: fefefe;
  5341: fefefe;
  5342: fefefe;
  5343: fefefe;
  5344: ffffff;
  5345: ffffff;
  5346: ffffff;
  5347: ffffff;
  5348: ffffff;
  5349: ffffff;
  5350: ffffff;
  5351: ffffff;
  5352: ffffff;
  5353: ffffff;
  5354: ffffff;
  5355: ffffff;
  5356: ffffff;
  5357: fefefe;
  5358: cecece;
  5359: 8a8a8a;
  5360: 444444;
  5361: 90909;
  5362: 0;
  5363: 0;
  5364: 333333;
  5365: 7a7a7a;
  5366: c4c4c4;
  5367: fdfdfd;
  5368: ffffff;
  5369: ffffff;
  5370: ffffff;
  5371: ffffff;
  5372: ffffff;
  5373: fdfdfd;
  5374: fdfdfd;
  5375: fdfdfd;
  5376: fdfdfd;
  5377: fdfdfd;
  5378: fdfdfd;
  5379: ffffff;
  5380: ffffff;
  5381: ffffff;
  5382: ffffff;
  5383: ffffff;
  5384: efefef;
  5385: bcbcbc;
  5386: 7b7b7b;
  5387: 3d3d3d;
  5388: f0f0f;
  5389: 20202;
  5390: 1b1b1b;
  5391: 505050;
  5392: 909090;
  5393: cecece;
  5394: fafafa;
  5395: ffffff;
  5396: ffffff;
  5397: ffffff;
  5398: ffffff;
  5399: ffffff;
  5400: ffffff;
  5401: ffffff;
  5402: ffffff;
  5403: ffffff;
  5404: ffffff;
  5405: ffffff;
  5406: ffffff;
  5407: ffffff;
  5408: ffffff;
  5409: ffffff;
  5410: ffffff;
  5411: ffffff;
  5412: ffffff;
  5413: ffffff;
  5414: ffffff;
  5415: ffffff;
  5416: ffffff;
  5417: ffffff;
  5418: ffffff;
  5419: ffffff;
  5420: ffffff;
  5421: ffffff;
  5422: ffffff;
  5423: ffffff;
  5424: ffffff;
  5425: ffffff;
  5426: ffffff;
  5427: ffffff;
  5428: ffffff;
  5429: ffffff;
  5430: ffffff;
  5431: ffffff;
  5432: ffffff;
  5433: ffffff;
  5434: ffffff;
  5435: ffffff;
  5436: ffffff;
  5437: ffffff;
  5438: ffffff;
  5439: ffffff;
  5440: ffffff;
  5441: ffffff;
  5442: ffffff;
  5443: ffffff;
  5444: ffffff;
  5445: ffffff;
  5446: ffffff;
  5447: ffffff;
  5448: ffffff;
  5449: ffffff;
  5450: ffffff;
  5451: ffffff;
  5452: ffffff;
  5453: ffffff;
  5454: ffffff;
  5455: ffffff;
  5456: ffffff;
  5457: ffffff;
  5458: ffffff;
  5459: ffffff;
  5460: ffffff;
  5461: ffffff;
  5462: ffffff;
  5463: ffffff;
  5464: ffffff;
  5465: ffffff;
  5466: ffffff;
  5467: ffffff;
  5468: ffffff;
  5469: ffffff;
  5470: ffffff;
  5471: ffffff;
  5472: ffffff;
  5473: ffffff;
  5474: ffffff;
  5475: ffffff;
  5476: ffffff;
  5477: ffffff;
  5478: ffffff;
  5479: ffffff;
  5480: ffffff;
  5481: ffffff;
  5482: ffffff;
  5483: ffffff;
  5484: ffffff;
  5485: fafafa;
  5486: cecece;
  5487: 909090;
  5488: 505050;
  5489: 1b1b1b;
  5490: 20202;
  5491: f0f0f;
  5492: 3d3d3d;
  5493: 7b7b7b;
  5494: bcbcbc;
  5495: efefef;
  5496: ffffff;
  5497: ffffff;
  5498: ffffff;
  5499: ffffff;
  5500: ffffff;
  5501: fdfdfd;
  5502: fdfdfd;
  5503: fdfdfd;
  5504: ffffff;
  5505: ffffff;
  5506: ffffff;
  5507: fefefe;
  5508: f4f4f4;
  5509: e9e9e9;
  5510: dddddd;
  5511: d6d6d6;
  5512: c8c8c8;
  5513: a3a3a3;
  5514: 757575;
  5515: 4b4b4b;
  5516: 2e2e2e;
  5517: 292929;
  5518: 3e3e3e;
  5519: 6b6b6b;
  5520: a1a1a1;
  5521: d5d5d5;
  5522: fbfbfb;
  5523: ffffff;
  5524: ffffff;
  5525: ffffff;
  5526: ffffff;
  5527: ffffff;
  5528: ffffff;
  5529: ffffff;
  5530: ffffff;
  5531: ffffff;
  5532: ffffff;
  5533: ffffff;
  5534: ffffff;
  5535: ffffff;
  5536: ffffff;
  5537: ffffff;
  5538: ffffff;
  5539: ffffff;
  5540: ffffff;
  5541: ffffff;
  5542: ffffff;
  5543: ffffff;
  5544: ffffff;
  5545: ffffff;
  5546: ffffff;
  5547: ffffff;
  5548: ffffff;
  5549: ffffff;
  5550: ffffff;
  5551: ffffff;
  5552: ffffff;
  5553: ffffff;
  5554: ffffff;
  5555: ffffff;
  5556: ffffff;
  5557: ffffff;
  5558: ffffff;
  5559: ffffff;
  5560: ffffff;
  5561: ffffff;
  5562: ffffff;
  5563: ffffff;
  5564: ffffff;
  5565: ffffff;
  5566: ffffff;
  5567: ffffff;
  5568: ffffff;
  5569: ffffff;
  5570: ffffff;
  5571: ffffff;
  5572: ffffff;
  5573: ffffff;
  5574: ffffff;
  5575: ffffff;
  5576: ffffff;
  5577: ffffff;
  5578: ffffff;
  5579: ffffff;
  5580: ffffff;
  5581: ffffff;
  5582: ffffff;
  5583: ffffff;
  5584: ffffff;
  5585: ffffff;
  5586: ffffff;
  5587: ffffff;
  5588: ffffff;
  5589: ffffff;
  5590: ffffff;
  5591: ffffff;
  5592: ffffff;
  5593: ffffff;
  5594: ffffff;
  5595: ffffff;
  5596: ffffff;
  5597: ffffff;
  5598: ffffff;
  5599: ffffff;
  5600: ffffff;
  5601: ffffff;
  5602: ffffff;
  5603: ffffff;
  5604: ffffff;
  5605: ffffff;
  5606: ffffff;
  5607: ffffff;
  5608: ffffff;
  5609: ffffff;
  5610: ffffff;
  5611: ffffff;
  5612: ffffff;
  5613: fbfbfb;
  5614: d5d5d5;
  5615: a1a1a1;
  5616: 6b6b6b;
  5617: 3e3e3e;
  5618: 292929;
  5619: 2e2e2e;
  5620: 4b4b4b;
  5621: 757575;
  5622: a3a3a3;
  5623: c8c8c8;
  5624: d6d6d6;
  5625: dddddd;
  5626: e9e9e9;
  5627: f4f4f4;
  5628: fefefe;
  5629: ffffff;
  5630: ffffff;
  5631: ffffff;
  5632: ffffff;
  5633: ffffff;
  5634: ffffff;
  5635: fdfdfd;
  5636: e5e5e5;
  5637: c8c8c8;
  5638: ababab;
  5639: 979797;
  5640: 8c8c8c;
  5641: 7b7b7b;
  5642: 6b6b6b;
  5643: 606060;
  5644: 5a5a5a;
  5645: 616161;
  5646: 717171;
  5647: 929292;
  5648: bababa;
  5649: e1e1e1;
  5650: fcfcfc;
  5651: ffffff;
  5652: ffffff;
  5653: ffffff;
  5654: ffffff;
  5655: ffffff;
  5656: ffffff;
  5657: ffffff;
  5658: ffffff;
  5659: ffffff;
  5660: ffffff;
  5661: ffffff;
  5662: ffffff;
  5663: ffffff;
  5664: ffffff;
  5665: ffffff;
  5666: ffffff;
  5667: ffffff;
  5668: ffffff;
  5669: ffffff;
  5670: ffffff;
  5671: ffffff;
  5672: ffffff;
  5673: ffffff;
  5674: ffffff;
  5675: ffffff;
  5676: ffffff;
  5677: ffffff;
  5678: ffffff;
  5679: ffffff;
  5680: ffffff;
  5681: ffffff;
  5682: ffffff;
  5683: ffffff;
  5684: ffffff;
  5685: ffffff;
  5686: ffffff;
  5687: ffffff;
  5688: ffffff;
  5689: ffffff;
  5690: ffffff;
  5691: ffffff;
  5692: ffffff;
  5693: ffffff;
  5694: ffffff;
  5695: ffffff;
  5696: ffffff;
  5697: ffffff;
  5698: ffffff;
  5699: ffffff;
  5700: ffffff;
  5701: ffffff;
  5702: ffffff;
  5703: ffffff;
  5704: ffffff;
  5705: ffffff;
  5706: ffffff;
  5707: ffffff;
  5708: ffffff;
  5709: ffffff;
  5710: ffffff;
  5711: ffffff;
  5712: ffffff;
  5713: ffffff;
  5714: ffffff;
  5715: ffffff;
  5716: ffffff;
  5717: ffffff;
  5718: ffffff;
  5719: ffffff;
  5720: ffffff;
  5721: ffffff;
  5722: ffffff;
  5723: ffffff;
  5724: ffffff;
  5725: ffffff;
  5726: ffffff;
  5727: ffffff;
  5728: ffffff;
  5729: ffffff;
  5730: ffffff;
  5731: ffffff;
  5732: ffffff;
  5733: ffffff;
  5734: ffffff;
  5735: ffffff;
  5736: ffffff;
  5737: ffffff;
  5738: ffffff;
  5739: ffffff;
  5740: ffffff;
  5741: fcfcfc;
  5742: e1e1e1;
  5743: bababa;
  5744: 929292;
  5745: 717171;
  5746: 616161;
  5747: 5a5a5a;
  5748: 606060;
  5749: 6b6b6b;
  5750: 7b7b7b;
  5751: 8c8c8c;
  5752: 979797;
  5753: ababab;
  5754: c8c8c8;
  5755: e5e5e5;
  5756: fdfdfd;
  5757: ffffff;
  5758: ffffff;
  5759: ffffff;
  5760: ffffff;
  5761: ffffff;
  5762: ffffff;
  5763: fafafa;
  5764: d2d2d2;
  5765: a3a3a3;
  5766: 757575;
  5767: 545454;
  5768: 4c4c4c;
  5769: 525252;
  5770: 616161;
  5771: 777777;
  5772: 8c8c8c;
  5773: a0a0a0;
  5774: a9a9a9;
  5775: bdbdbd;
  5776: d5d5d5;
  5777: ededed;
  5778: fdfdfd;
  5779: ffffff;
  5780: ffffff;
  5781: ffffff;
  5782: ffffff;
  5783: ffffff;
  5784: ffffff;
  5785: ffffff;
  5786: ffffff;
  5787: ffffff;
  5788: ffffff;
  5789: ffffff;
  5790: ffffff;
  5791: ffffff;
  5792: ffffff;
  5793: ffffff;
  5794: ffffff;
  5795: ffffff;
  5796: ffffff;
  5797: ffffff;
  5798: ffffff;
  5799: ffffff;
  5800: ffffff;
  5801: ffffff;
  5802: ffffff;
  5803: ffffff;
  5804: ffffff;
  5805: ffffff;
  5806: ffffff;
  5807: ffffff;
  5808: ffffff;
  5809: ffffff;
  5810: ffffff;
  5811: ffffff;
  5812: ffffff;
  5813: ffffff;
  5814: ffffff;
  5815: ffffff;
  5816: ffffff;
  5817: ffffff;
  5818: ffffff;
  5819: ffffff;
  5820: ffffff;
  5821: ffffff;
  5822: ffffff;
  5823: ffffff;
  5824: ffffff;
  5825: ffffff;
  5826: ffffff;
  5827: ffffff;
  5828: ffffff;
  5829: ffffff;
  5830: ffffff;
  5831: ffffff;
  5832: ffffff;
  5833: ffffff;
  5834: ffffff;
  5835: ffffff;
  5836: ffffff;
  5837: ffffff;
  5838: ffffff;
  5839: ffffff;
  5840: ffffff;
  5841: ffffff;
  5842: ffffff;
  5843: ffffff;
  5844: ffffff;
  5845: ffffff;
  5846: ffffff;
  5847: ffffff;
  5848: ffffff;
  5849: ffffff;
  5850: ffffff;
  5851: ffffff;
  5852: ffffff;
  5853: ffffff;
  5854: ffffff;
  5855: ffffff;
  5856: ffffff;
  5857: ffffff;
  5858: ffffff;
  5859: ffffff;
  5860: ffffff;
  5861: ffffff;
  5862: ffffff;
  5863: ffffff;
  5864: ffffff;
  5865: ffffff;
  5866: ffffff;
  5867: ffffff;
  5868: ffffff;
  5869: fdfdfd;
  5870: ededed;
  5871: d5d5d5;
  5872: bdbdbd;
  5873: a9a9a9;
  5874: a0a0a0;
  5875: 8c8c8c;
  5876: 777777;
  5877: 616161;
  5878: 525252;
  5879: 4c4c4c;
  5880: 545454;
  5881: 757575;
  5882: a3a3a3;
  5883: d2d2d2;
  5884: fafafa;
  5885: ffffff;
  5886: ffffff;
  5887: ffffff;
  5888: ffffff;
  5889: ffffff;
  5890: ffffff;
  5891: f2f2f2;
  5892: bfbfbf;
  5893: 838383;
  5894: 484848;
  5895: 1e1e1e;
  5896: 1a1a1a;
  5897: 333333;
  5898: 5d5d5d;
  5899: 8f8f8f;
  5900: bbbbbb;
  5901: d9d9d9;
  5902: dcdcdc;
  5903: e4e4e4;
  5904: eeeeee;
  5905: f8f8f8;
  5906: fefefe;
  5907: ffffff;
  5908: ffffff;
  5909: ffffff;
  5910: ffffff;
  5911: ffffff;
  5912: ffffff;
  5913: ffffff;
  5914: ffffff;
  5915: ffffff;
  5916: ffffff;
  5917: ffffff;
  5918: ffffff;
  5919: ffffff;
  5920: ffffff;
  5921: ffffff;
  5922: ffffff;
  5923: ffffff;
  5924: ffffff;
  5925: ffffff;
  5926: ffffff;
  5927: ffffff;
  5928: ffffff;
  5929: ffffff;
  5930: ffffff;
  5931: ffffff;
  5932: ffffff;
  5933: ffffff;
  5934: ffffff;
  5935: ffffff;
  5936: ffffff;
  5937: ffffff;
  5938: ffffff;
  5939: ffffff;
  5940: ffffff;
  5941: ffffff;
  5942: ffffff;
  5943: ffffff;
  5944: ffffff;
  5945: ffffff;
  5946: ffffff;
  5947: ffffff;
  5948: ffffff;
  5949: ffffff;
  5950: ffffff;
  5951: ffffff;
  5952: ffffff;
  5953: ffffff;
  5954: ffffff;
  5955: ffffff;
  5956: ffffff;
  5957: ffffff;
  5958: ffffff;
  5959: ffffff;
  5960: ffffff;
  5961: ffffff;
  5962: ffffff;
  5963: ffffff;
  5964: ffffff;
  5965: ffffff;
  5966: ffffff;
  5967: ffffff;
  5968: ffffff;
  5969: ffffff;
  5970: ffffff;
  5971: ffffff;
  5972: ffffff;
  5973: ffffff;
  5974: ffffff;
  5975: ffffff;
  5976: ffffff;
  5977: ffffff;
  5978: ffffff;
  5979: ffffff;
  5980: ffffff;
  5981: ffffff;
  5982: ffffff;
  5983: ffffff;
  5984: ffffff;
  5985: ffffff;
  5986: ffffff;
  5987: ffffff;
  5988: ffffff;
  5989: ffffff;
  5990: ffffff;
  5991: ffffff;
  5992: ffffff;
  5993: ffffff;
  5994: ffffff;
  5995: ffffff;
  5996: ffffff;
  5997: fefefe;
  5998: f8f8f8;
  5999: eeeeee;
  6000: e4e4e4;
  6001: dcdcdc;
  6002: d9d9d9;
  6003: bbbbbb;
  6004: 8f8f8f;
  6005: 5d5d5d;
  6006: 333333;
  6007: 1a1a1a;
  6008: 1e1e1e;
  6009: 484848;
  6010: 838383;
  6011: bfbfbf;
  6012: f2f2f2;
  6013: ffffff;
  6014: ffffff;
  6015: ffffff;
  6016: ffffff;
  6017: ffffff;
  6018: ffffff;
  6019: e1e1e1;
  6020: acacac;
  6021: 6e6e6e;
  6022: 313131;
  6023: 70707;
  6024: 60606;
  6025: 2a2a2a;
  6026: 636363;
  6027: a4a4a4;
  6028: dcdcdc;
  6029: ffffff;
  6030: ffffff;
  6031: ffffff;
  6032: ffffff;
  6033: ffffff;
  6034: ffffff;
  6035: ffffff;
  6036: ffffff;
  6037: ffffff;
  6038: ffffff;
  6039: ffffff;
  6040: ffffff;
  6041: ffffff;
  6042: ffffff;
  6043: ffffff;
  6044: ffffff;
  6045: ffffff;
  6046: ffffff;
  6047: ffffff;
  6048: ffffff;
  6049: ffffff;
  6050: ffffff;
  6051: ffffff;
  6052: ffffff;
  6053: ffffff;
  6054: ffffff;
  6055: ffffff;
  6056: ffffff;
  6057: ffffff;
  6058: ffffff;
  6059: ffffff;
  6060: ffffff;
  6061: ffffff;
  6062: ffffff;
  6063: ffffff;
  6064: ffffff;
  6065: ffffff;
  6066: ffffff;
  6067: ffffff;
  6068: ffffff;
  6069: ffffff;
  6070: ffffff;
  6071: ffffff;
  6072: ffffff;
  6073: ffffff;
  6074: ffffff;
  6075: ffffff;
  6076: ffffff;
  6077: ffffff;
  6078: ffffff;
  6079: ffffff;
  6080: ffffff;
  6081: ffffff;
  6082: ffffff;
  6083: ffffff;
  6084: ffffff;
  6085: ffffff;
  6086: ffffff;
  6087: ffffff;
  6088: ffffff;
  6089: ffffff;
  6090: ffffff;
  6091: ffffff;
  6092: ffffff;
  6093: ffffff;
  6094: ffffff;
  6095: ffffff;
  6096: ffffff;
  6097: ffffff;
  6098: ffffff;
  6099: ffffff;
  6100: ffffff;
  6101: ffffff;
  6102: ffffff;
  6103: ffffff;
  6104: ffffff;
  6105: ffffff;
  6106: ffffff;
  6107: ffffff;
  6108: ffffff;
  6109: ffffff;
  6110: ffffff;
  6111: ffffff;
  6112: ffffff;
  6113: ffffff;
  6114: ffffff;
  6115: ffffff;
  6116: ffffff;
  6117: ffffff;
  6118: ffffff;
  6119: ffffff;
  6120: ffffff;
  6121: ffffff;
  6122: ffffff;
  6123: ffffff;
  6124: ffffff;
  6125: ffffff;
  6126: ffffff;
  6127: ffffff;
  6128: ffffff;
  6129: ffffff;
  6130: ffffff;
  6131: dcdcdc;
  6132: a4a4a4;
  6133: 636363;
  6134: 2a2a2a;
  6135: 60606;
  6136: 70707;
  6137: 313131;
  6138: 6e6e6e;
  6139: acacac;
  6140: e1e1e1;
  6141: ffffff;
  6142: ffffff;
  6143: ffffff;
  6144: d8d8d8;
  6145: d8d8d8;
  6146: d8d8d8;
  6147: c1c1c1;
  6148: 989898;
  6149: 686868;
  6150: 393939;
  6151: 1a1a1a;
  6152: 1d1d1d;
  6153: 414141;
  6154: 797979;
  6155: b8b8b8;
  6156: eeeeee;
  6157: ffffff;
  6158: ffffff;
  6159: ffffff;
  6160: ffffff;
  6161: ffffff;
  6162: ffffff;
  6163: fefefe;
  6164: fefefe;
  6165: ffffff;
  6166: ffffff;
  6167: ffffff;
  6168: ffffff;
  6169: ffffff;
  6170: ffffff;
  6171: ffffff;
  6172: ffffff;
  6173: ffffff;
  6174: ffffff;
  6175: ffffff;
  6176: ffffff;
  6177: ffffff;
  6178: ffffff;
  6179: ffffff;
  6180: ffffff;
  6181: ffffff;
  6182: ffffff;
  6183: ffffff;
  6184: ffffff;
  6185: ffffff;
  6186: ffffff;
  6187: ffffff;
  6188: ffffff;
  6189: ffffff;
  6190: ffffff;
  6191: ffffff;
  6192: ffffff;
  6193: ffffff;
  6194: ffffff;
  6195: ffffff;
  6196: ffffff;
  6197: ffffff;
  6198: ffffff;
  6199: ffffff;
  6200: ffffff;
  6201: ffffff;
  6202: ffffff;
  6203: ffffff;
  6204: ffffff;
  6205: ffffff;
  6206: ffffff;
  6207: ffffff;
  6208: ffffff;
  6209: ffffff;
  6210: ffffff;
  6211: ffffff;
  6212: ffffff;
  6213: ffffff;
  6214: ffffff;
  6215: ffffff;
  6216: ffffff;
  6217: ffffff;
  6218: ffffff;
  6219: ffffff;
  6220: ffffff;
  6221: ffffff;
  6222: ffffff;
  6223: ffffff;
  6224: ffffff;
  6225: ffffff;
  6226: ffffff;
  6227: ffffff;
  6228: ffffff;
  6229: ffffff;
  6230: ffffff;
  6231: ffffff;
  6232: ffffff;
  6233: ffffff;
  6234: ffffff;
  6235: ffffff;
  6236: ffffff;
  6237: ffffff;
  6238: ffffff;
  6239: ffffff;
  6240: ffffff;
  6241: ffffff;
  6242: ffffff;
  6243: ffffff;
  6244: ffffff;
  6245: ffffff;
  6246: ffffff;
  6247: ffffff;
  6248: ffffff;
  6249: ffffff;
  6250: ffffff;
  6251: fefefe;
  6252: fefefe;
  6253: ffffff;
  6254: ffffff;
  6255: ffffff;
  6256: ffffff;
  6257: ffffff;
  6258: ffffff;
  6259: eeeeee;
  6260: b8b8b8;
  6261: 797979;
  6262: 414141;
  6263: 1d1d1d;
  6264: 1a1a1a;
  6265: 393939;
  6266: 686868;
  6267: 989898;
  6268: c1c1c1;
  6269: d8d8d8;
  6270: d8d8d8;
  6271: d8d8d8;
  6272: 9f9f9f;
  6273: 9f9f9f;
  6274: 9f9f9f;
  6275: 959595;
  6276: 818181;
  6277: 6b6b6b;
  6278: 565656;
  6279: 4b4b4b;
  6280: 535353;
  6281: 707070;
  6282: 9c9c9c;
  6283: cecece;
  6284: f8f8f8;
  6285: ffffff;
  6286: ffffff;
  6287: ffffff;
  6288: ffffff;
  6289: ffffff;
  6290: fefefe;
  6291: fdfdfd;
  6292: fefefe;
  6293: fefefe;
  6294: ffffff;
  6295: ffffff;
  6296: ffffff;
  6297: ffffff;
  6298: ffffff;
  6299: ffffff;
  6300: ffffff;
  6301: ffffff;
  6302: ffffff;
  6303: ffffff;
  6304: ffffff;
  6305: ffffff;
  6306: ffffff;
  6307: ffffff;
  6308: ffffff;
  6309: ffffff;
  6310: ffffff;
  6311: ffffff;
  6312: ffffff;
  6313: ffffff;
  6314: ffffff;
  6315: ffffff;
  6316: ffffff;
  6317: ffffff;
  6318: ffffff;
  6319: ffffff;
  6320: ffffff;
  6321: ffffff;
  6322: ffffff;
  6323: ffffff;
  6324: ffffff;
  6325: ffffff;
  6326: ffffff;
  6327: ffffff;
  6328: ffffff;
  6329: ffffff;
  6330: ffffff;
  6331: ffffff;
  6332: ffffff;
  6333: ffffff;
  6334: ffffff;
  6335: ffffff;
  6336: ffffff;
  6337: ffffff;
  6338: ffffff;
  6339: ffffff;
  6340: ffffff;
  6341: ffffff;
  6342: ffffff;
  6343: ffffff;
  6344: ffffff;
  6345: ffffff;
  6346: ffffff;
  6347: ffffff;
  6348: ffffff;
  6349: ffffff;
  6350: ffffff;
  6351: ffffff;
  6352: ffffff;
  6353: ffffff;
  6354: ffffff;
  6355: ffffff;
  6356: ffffff;
  6357: ffffff;
  6358: ffffff;
  6359: ffffff;
  6360: ffffff;
  6361: ffffff;
  6362: ffffff;
  6363: ffffff;
  6364: ffffff;
  6365: ffffff;
  6366: ffffff;
  6367: ffffff;
  6368: ffffff;
  6369: ffffff;
  6370: ffffff;
  6371: ffffff;
  6372: ffffff;
  6373: ffffff;
  6374: ffffff;
  6375: ffffff;
  6376: ffffff;
  6377: ffffff;
  6378: fefefe;
  6379: fefefe;
  6380: fdfdfd;
  6381: fefefe;
  6382: ffffff;
  6383: ffffff;
  6384: ffffff;
  6385: ffffff;
  6386: ffffff;
  6387: f8f8f8;
  6388: cecece;
  6389: 9c9c9c;
  6390: 707070;
  6391: 535353;
  6392: 4b4b4b;
  6393: 565656;
  6394: 6b6b6b;
  6395: 818181;
  6396: 959595;
  6397: 9f9f9f;
  6398: 9f9f9f;
  6399: 9f9f9f;
  6400: 606060;
  6401: 606060;
  6402: 606060;
  6403: 656565;
  6404: 6a6a6a;
  6405: 737373;
  6406: 7c7c7c;
  6407: 898989;
  6408: 969696;
  6409: a8a8a8;
  6410: c3c3c3;
  6411: e2e2e2;
  6412: fcfcfc;
  6413: ffffff;
  6414: ffffff;
  6415: ffffff;
  6416: ffffff;
  6417: ffffff;
  6418: fcfcfc;
  6419: fcfcfc;
  6420: fdfdfd;
  6421: fefefe;
  6422: fefefe;
  6423: ffffff;
  6424: ffffff;
  6425: ffffff;
  6426: ffffff;
  6427: ffffff;
  6428: ffffff;
  6429: ffffff;
  6430: ffffff;
  6431: ffffff;
  6432: ffffff;
  6433: ffffff;
  6434: ffffff;
  6435: ffffff;
  6436: ffffff;
  6437: ffffff;
  6438: ffffff;
  6439: ffffff;
  6440: ffffff;
  6441: ffffff;
  6442: ffffff;
  6443: ffffff;
  6444: ffffff;
  6445: ffffff;
  6446: ffffff;
  6447: ffffff;
  6448: ffffff;
  6449: ffffff;
  6450: ffffff;
  6451: ffffff;
  6452: ffffff;
  6453: ffffff;
  6454: ffffff;
  6455: ffffff;
  6456: ffffff;
  6457: ffffff;
  6458: ffffff;
  6459: ffffff;
  6460: ffffff;
  6461: ffffff;
  6462: ffffff;
  6463: ffffff;
  6464: ffffff;
  6465: ffffff;
  6466: ffffff;
  6467: ffffff;
  6468: ffffff;
  6469: ffffff;
  6470: ffffff;
  6471: ffffff;
  6472: ffffff;
  6473: ffffff;
  6474: ffffff;
  6475: ffffff;
  6476: ffffff;
  6477: ffffff;
  6478: ffffff;
  6479: ffffff;
  6480: ffffff;
  6481: ffffff;
  6482: ffffff;
  6483: ffffff;
  6484: ffffff;
  6485: ffffff;
  6486: ffffff;
  6487: ffffff;
  6488: ffffff;
  6489: ffffff;
  6490: ffffff;
  6491: ffffff;
  6492: ffffff;
  6493: ffffff;
  6494: ffffff;
  6495: ffffff;
  6496: ffffff;
  6497: ffffff;
  6498: ffffff;
  6499: ffffff;
  6500: ffffff;
  6501: ffffff;
  6502: ffffff;
  6503: ffffff;
  6504: ffffff;
  6505: fefefe;
  6506: fefefe;
  6507: fdfdfd;
  6508: fcfcfc;
  6509: fcfcfc;
  6510: ffffff;
  6511: ffffff;
  6512: ffffff;
  6513: ffffff;
  6514: ffffff;
  6515: fcfcfc;
  6516: e2e2e2;
  6517: c3c3c3;
  6518: a8a8a8;
  6519: 969696;
  6520: 898989;
  6521: 7c7c7c;
  6522: 737373;
  6523: 6a6a6a;
  6524: 656565;
  6525: 606060;
  6526: 606060;
  6527: 606060;
  6528: 272727;
  6529: 272727;
  6530: 272727;
  6531: 393939;
  6532: 575757;
  6533: 7c7c7c;
  6534: a2a2a2;
  6535: c4c4c4;
  6536: d5d5d5;
  6537: dcdcdc;
  6538: e7e7e7;
  6539: f3f3f3;
  6540: fdfdfd;
  6541: ffffff;
  6542: ffffff;
  6543: ffffff;
  6544: fefefe;
  6545: fcfcfc;
  6546: fbfbfb;
  6547: fbfbfb;
  6548: fcfcfc;
  6549: fdfdfd;
  6550: fefefe;
  6551: ffffff;
  6552: ffffff;
  6553: ffffff;
  6554: ffffff;
  6555: ffffff;
  6556: ffffff;
  6557: ffffff;
  6558: ffffff;
  6559: ffffff;
  6560: ffffff;
  6561: ffffff;
  6562: ffffff;
  6563: ffffff;
  6564: ffffff;
  6565: ffffff;
  6566: ffffff;
  6567: ffffff;
  6568: ffffff;
  6569: ffffff;
  6570: ffffff;
  6571: ffffff;
  6572: ffffff;
  6573: ffffff;
  6574: ffffff;
  6575: ffffff;
  6576: ffffff;
  6577: ffffff;
  6578: ffffff;
  6579: ffffff;
  6580: ffffff;
  6581: ffffff;
  6582: ffffff;
  6583: ffffff;
  6584: ffffff;
  6585: ffffff;
  6586: ffffff;
  6587: ffffff;
  6588: ffffff;
  6589: ffffff;
  6590: ffffff;
  6591: ffffff;
  6592: ffffff;
  6593: ffffff;
  6594: ffffff;
  6595: ffffff;
  6596: ffffff;
  6597: ffffff;
  6598: ffffff;
  6599: ffffff;
  6600: ffffff;
  6601: ffffff;
  6602: ffffff;
  6603: ffffff;
  6604: ffffff;
  6605: ffffff;
  6606: ffffff;
  6607: ffffff;
  6608: ffffff;
  6609: ffffff;
  6610: ffffff;
  6611: ffffff;
  6612: ffffff;
  6613: ffffff;
  6614: ffffff;
  6615: ffffff;
  6616: ffffff;
  6617: ffffff;
  6618: ffffff;
  6619: ffffff;
  6620: ffffff;
  6621: ffffff;
  6622: ffffff;
  6623: ffffff;
  6624: ffffff;
  6625: ffffff;
  6626: ffffff;
  6627: ffffff;
  6628: ffffff;
  6629: ffffff;
  6630: ffffff;
  6631: ffffff;
  6632: ffffff;
  6633: fefefe;
  6634: fdfdfd;
  6635: fcfcfc;
  6636: fbfbfb;
  6637: fbfbfb;
  6638: fcfcfc;
  6639: fefefe;
  6640: ffffff;
  6641: ffffff;
  6642: ffffff;
  6643: fdfdfd;
  6644: f3f3f3;
  6645: e7e7e7;
  6646: dcdcdc;
  6647: d5d5d5;
  6648: c4c4c4;
  6649: a2a2a2;
  6650: 7c7c7c;
  6651: 575757;
  6652: 393939;
  6653: 272727;
  6654: 272727;
  6655: 272727;
  6656: 0;
  6657: 0;
  6658: 0;
  6659: 1c1c1c;
  6660: 494949;
  6661: 818181;
  6662: bababa;
  6663: ebebeb;
  6664: ffffff;
  6665: ffffff;
  6666: ffffff;
  6667: ffffff;
  6668: ffffff;
  6669: ffffff;
  6670: ffffff;
  6671: fefefe;
  6672: fcfcfc;
  6673: fbfbfb;
  6674: fbfbfb;
  6675: fbfbfb;
  6676: fcfcfc;
  6677: fdfdfd;
  6678: fefefe;
  6679: ffffff;
  6680: ffffff;
  6681: ffffff;
  6682: ffffff;
  6683: ffffff;
  6684: ffffff;
  6685: ffffff;
  6686: ffffff;
  6687: ffffff;
  6688: ffffff;
  6689: ffffff;
  6690: ffffff;
  6691: ffffff;
  6692: ffffff;
  6693: ffffff;
  6694: ffffff;
  6695: ffffff;
  6696: ffffff;
  6697: ffffff;
  6698: ffffff;
  6699: ffffff;
  6700: ffffff;
  6701: ffffff;
  6702: ffffff;
  6703: ffffff;
  6704: ffffff;
  6705: ffffff;
  6706: ffffff;
  6707: ffffff;
  6708: ffffff;
  6709: ffffff;
  6710: ffffff;
  6711: ffffff;
  6712: ffffff;
  6713: ffffff;
  6714: ffffff;
  6715: ffffff;
  6716: ffffff;
  6717: ffffff;
  6718: ffffff;
  6719: ffffff;
  6720: ffffff;
  6721: ffffff;
  6722: ffffff;
  6723: ffffff;
  6724: ffffff;
  6725: ffffff;
  6726: ffffff;
  6727: ffffff;
  6728: ffffff;
  6729: ffffff;
  6730: ffffff;
  6731: ffffff;
  6732: ffffff;
  6733: ffffff;
  6734: ffffff;
  6735: ffffff;
  6736: ffffff;
  6737: ffffff;
  6738: ffffff;
  6739: ffffff;
  6740: ffffff;
  6741: ffffff;
  6742: ffffff;
  6743: ffffff;
  6744: ffffff;
  6745: ffffff;
  6746: ffffff;
  6747: ffffff;
  6748: ffffff;
  6749: ffffff;
  6750: ffffff;
  6751: ffffff;
  6752: ffffff;
  6753: ffffff;
  6754: ffffff;
  6755: ffffff;
  6756: ffffff;
  6757: ffffff;
  6758: ffffff;
  6759: ffffff;
  6760: ffffff;
  6761: fefefe;
  6762: fdfdfd;
  6763: fcfcfc;
  6764: fbfbfb;
  6765: fbfbfb;
  6766: fbfbfb;
  6767: fcfcfc;
  6768: fefefe;
  6769: ffffff;
  6770: ffffff;
  6771: ffffff;
  6772: ffffff;
  6773: ffffff;
  6774: ffffff;
  6775: ffffff;
  6776: ebebeb;
  6777: bababa;
  6778: 818181;
  6779: 494949;
  6780: 1c1c1c;
  6781: 0;
  6782: 0;
  6783: 0;
  6784: 0;
  6785: 0;
  6786: 0;
  6787: f0f0f;
  6788: 434343;
  6789: 828282;
  6790: c3c3c3;
  6791: fafafa;
  6792: ffffff;
  6793: ffffff;
  6794: ffffff;
  6795: ffffff;
  6796: ffffff;
  6797: ffffff;
  6798: ffffff;
  6799: fefefe;
  6800: fcfcfc;
  6801: fbfbfb;
  6802: fbfbfb;
  6803: fbfbfb;
  6804: fcfcfc;
  6805: fdfdfd;
  6806: fefefe;
  6807: ffffff;
  6808: ffffff;
  6809: ffffff;
  6810: ffffff;
  6811: ffffff;
  6812: ffffff;
  6813: ffffff;
  6814: ffffff;
  6815: ffffff;
  6816: ffffff;
  6817: ffffff;
  6818: ffffff;
  6819: ffffff;
  6820: ffffff;
  6821: ffffff;
  6822: ffffff;
  6823: ffffff;
  6824: ffffff;
  6825: ffffff;
  6826: ffffff;
  6827: ffffff;
  6828: ffffff;
  6829: ffffff;
  6830: ffffff;
  6831: ffffff;
  6832: ffffff;
  6833: ffffff;
  6834: ffffff;
  6835: ffffff;
  6836: ffffff;
  6837: ffffff;
  6838: ffffff;
  6839: ffffff;
  6840: ffffff;
  6841: ffffff;
  6842: ffffff;
  6843: ffffff;
  6844: ffffff;
  6845: ffffff;
  6846: ffffff;
  6847: ffffff;
  6848: ffffff;
  6849: ffffff;
  6850: ffffff;
  6851: ffffff;
  6852: ffffff;
  6853: ffffff;
  6854: ffffff;
  6855: ffffff;
  6856: ffffff;
  6857: ffffff;
  6858: ffffff;
  6859: ffffff;
  6860: ffffff;
  6861: ffffff;
  6862: ffffff;
  6863: ffffff;
  6864: ffffff;
  6865: ffffff;
  6866: ffffff;
  6867: ffffff;
  6868: ffffff;
  6869: ffffff;
  6870: ffffff;
  6871: ffffff;
  6872: ffffff;
  6873: ffffff;
  6874: ffffff;
  6875: ffffff;
  6876: ffffff;
  6877: ffffff;
  6878: ffffff;
  6879: ffffff;
  6880: ffffff;
  6881: ffffff;
  6882: ffffff;
  6883: ffffff;
  6884: ffffff;
  6885: ffffff;
  6886: ffffff;
  6887: ffffff;
  6888: ffffff;
  6889: fefefe;
  6890: fdfdfd;
  6891: fcfcfc;
  6892: fbfbfb;
  6893: fbfbfb;
  6894: fbfbfb;
  6895: fcfcfc;
  6896: fefefe;
  6897: ffffff;
  6898: ffffff;
  6899: ffffff;
  6900: ffffff;
  6901: ffffff;
  6902: ffffff;
  6903: ffffff;
  6904: fafafa;
  6905: c3c3c3;
  6906: 828282;
  6907: 434343;
  6908: f0f0f;
  6909: 0;
  6910: 0;
  6911: 0;
  6912: 0;
  6913: 0;
  6914: 0;
  6915: e0e0e;
  6916: 424242;
  6917: 838383;
  6918: c5c5c5;
  6919: fcfcfc;
  6920: ffffff;
  6921: ffffff;
  6922: ffffff;
  6923: ffffff;
  6924: ffffff;
  6925: ffffff;
  6926: ffffff;
  6927: fefefe;
  6928: fdfdfd;
  6929: fcfcfc;
  6930: fcfcfc;
  6931: fcfcfc;
  6932: fdfdfd;
  6933: fefefe;
  6934: fefefe;
  6935: ffffff;
  6936: ffffff;
  6937: ffffff;
  6938: ffffff;
  6939: ffffff;
  6940: ffffff;
  6941: ffffff;
  6942: ffffff;
  6943: ffffff;
  6944: ffffff;
  6945: ffffff;
  6946: ffffff;
  6947: ffffff;
  6948: ffffff;
  6949: ffffff;
  6950: ffffff;
  6951: ffffff;
  6952: ffffff;
  6953: ffffff;
  6954: ffffff;
  6955: ffffff;
  6956: ffffff;
  6957: ffffff;
  6958: ffffff;
  6959: ffffff;
  6960: ffffff;
  6961: ffffff;
  6962: ffffff;
  6963: ffffff;
  6964: ffffff;
  6965: ffffff;
  6966: ffffff;
  6967: ffffff;
  6968: ffffff;
  6969: ffffff;
  6970: ffffff;
  6971: ffffff;
  6972: ffffff;
  6973: ffffff;
  6974: ffffff;
  6975: ffffff;
  6976: ffffff;
  6977: ffffff;
  6978: ffffff;
  6979: ffffff;
  6980: ffffff;
  6981: ffffff;
  6982: ffffff;
  6983: ffffff;
  6984: ffffff;
  6985: ffffff;
  6986: ffffff;
  6987: ffffff;
  6988: ffffff;
  6989: ffffff;
  6990: ffffff;
  6991: ffffff;
  6992: ffffff;
  6993: ffffff;
  6994: ffffff;
  6995: ffffff;
  6996: ffffff;
  6997: ffffff;
  6998: ffffff;
  6999: ffffff;
  7000: ffffff;
  7001: ffffff;
  7002: ffffff;
  7003: ffffff;
  7004: ffffff;
  7005: ffffff;
  7006: ffffff;
  7007: ffffff;
  7008: ffffff;
  7009: ffffff;
  7010: ffffff;
  7011: ffffff;
  7012: ffffff;
  7013: ffffff;
  7014: ffffff;
  7015: ffffff;
  7016: ffffff;
  7017: fefefe;
  7018: fefefe;
  7019: fdfdfd;
  7020: fcfcfc;
  7021: fcfcfc;
  7022: fcfcfc;
  7023: fdfdfd;
  7024: fefefe;
  7025: ffffff;
  7026: ffffff;
  7027: ffffff;
  7028: ffffff;
  7029: ffffff;
  7030: ffffff;
  7031: ffffff;
  7032: fcfcfc;
  7033: c5c5c5;
  7034: 838383;
  7035: 424242;
  7036: e0e0e;
  7037: 0;
  7038: 0;
  7039: 0;
  7040: 0;
  7041: 0;
  7042: 0;
  7043: 131313;
  7044: 454545;
  7045: 838383;
  7046: c2c2c2;
  7047: f8f8f8;
  7048: ffffff;
  7049: ffffff;
  7050: ffffff;
  7051: ffffff;
  7052: ffffff;
  7053: ffffff;
  7054: ffffff;
  7055: ffffff;
  7056: fefefe;
  7057: fefefe;
  7058: fefefe;
  7059: fefefe;
  7060: fefefe;
  7061: fefefe;
  7062: ffffff;
  7063: ffffff;
  7064: ffffff;
  7065: ffffff;
  7066: ffffff;
  7067: ffffff;
  7068: ffffff;
  7069: ffffff;
  7070: ffffff;
  7071: ffffff;
  7072: ffffff;
  7073: ffffff;
  7074: ffffff;
  7075: ffffff;
  7076: ffffff;
  7077: ffffff;
  7078: ffffff;
  7079: ffffff;
  7080: ffffff;
  7081: ffffff;
  7082: ffffff;
  7083: ffffff;
  7084: ffffff;
  7085: ffffff;
  7086: ffffff;
  7087: ffffff;
  7088: ffffff;
  7089: ffffff;
  7090: ffffff;
  7091: ffffff;
  7092: ffffff;
  7093: ffffff;
  7094: ffffff;
  7095: ffffff;
  7096: ffffff;
  7097: ffffff;
  7098: ffffff;
  7099: ffffff;
  7100: ffffff;
  7101: ffffff;
  7102: ffffff;
  7103: ffffff;
  7104: ffffff;
  7105: ffffff;
  7106: ffffff;
  7107: ffffff;
  7108: ffffff;
  7109: ffffff;
  7110: ffffff;
  7111: ffffff;
  7112: ffffff;
  7113: ffffff;
  7114: ffffff;
  7115: ffffff;
  7116: ffffff;
  7117: ffffff;
  7118: ffffff;
  7119: ffffff;
  7120: ffffff;
  7121: ffffff;
  7122: ffffff;
  7123: ffffff;
  7124: ffffff;
  7125: ffffff;
  7126: ffffff;
  7127: ffffff;
  7128: ffffff;
  7129: ffffff;
  7130: ffffff;
  7131: ffffff;
  7132: ffffff;
  7133: ffffff;
  7134: ffffff;
  7135: ffffff;
  7136: ffffff;
  7137: ffffff;
  7138: ffffff;
  7139: ffffff;
  7140: ffffff;
  7141: ffffff;
  7142: ffffff;
  7143: ffffff;
  7144: ffffff;
  7145: ffffff;
  7146: fefefe;
  7147: fefefe;
  7148: fefefe;
  7149: fefefe;
  7150: fefefe;
  7151: fefefe;
  7152: ffffff;
  7153: ffffff;
  7154: ffffff;
  7155: ffffff;
  7156: ffffff;
  7157: ffffff;
  7158: ffffff;
  7159: ffffff;
  7160: f8f8f8;
  7161: c2c2c2;
  7162: 838383;
  7163: 454545;
  7164: 131313;
  7165: 0;
  7166: 0;
  7167: 0;
  7168: 0;
  7169: 0;
  7170: 0;
  7171: 191919;
  7172: 484848;
  7173: 828282;
  7174: bfbfbf;
  7175: f1f1f1;
  7176: ffffff;
  7177: ffffff;
  7178: ffffff;
  7179: ffffff;
  7180: ffffff;
  7181: ffffff;
  7182: ffffff;
  7183: ffffff;
  7184: ffffff;
  7185: ffffff;
  7186: ffffff;
  7187: ffffff;
  7188: ffffff;
  7189: ffffff;
  7190: ffffff;
  7191: ffffff;
  7192: ffffff;
  7193: ffffff;
  7194: ffffff;
  7195: ffffff;
  7196: ffffff;
  7197: ffffff;
  7198: ffffff;
  7199: ffffff;
  7200: ffffff;
  7201: ffffff;
  7202: ffffff;
  7203: ffffff;
  7204: ffffff;
  7205: ffffff;
  7206: ffffff;
  7207: ffffff;
  7208: ffffff;
  7209: ffffff;
  7210: ffffff;
  7211: ffffff;
  7212: ffffff;
  7213: ffffff;
  7214: ffffff;
  7215: ffffff;
  7216: ffffff;
  7217: ffffff;
  7218: ffffff;
  7219: ffffff;
  7220: ffffff;
  7221: ffffff;
  7222: ffffff;
  7223: ffffff;
  7224: ffffff;
  7225: ffffff;
  7226: ffffff;
  7227: ffffff;
  7228: ffffff;
  7229: ffffff;
  7230: ffffff;
  7231: ffffff;
  7232: ffffff;
  7233: ffffff;
  7234: ffffff;
  7235: ffffff;
  7236: ffffff;
  7237: ffffff;
  7238: ffffff;
  7239: ffffff;
  7240: ffffff;
  7241: ffffff;
  7242: ffffff;
  7243: ffffff;
  7244: ffffff;
  7245: ffffff;
  7246: ffffff;
  7247: ffffff;
  7248: ffffff;
  7249: ffffff;
  7250: ffffff;
  7251: ffffff;
  7252: ffffff;
  7253: ffffff;
  7254: ffffff;
  7255: ffffff;
  7256: ffffff;
  7257: ffffff;
  7258: ffffff;
  7259: ffffff;
  7260: ffffff;
  7261: ffffff;
  7262: ffffff;
  7263: ffffff;
  7264: ffffff;
  7265: ffffff;
  7266: ffffff;
  7267: ffffff;
  7268: ffffff;
  7269: ffffff;
  7270: ffffff;
  7271: ffffff;
  7272: ffffff;
  7273: ffffff;
  7274: ffffff;
  7275: ffffff;
  7276: ffffff;
  7277: ffffff;
  7278: ffffff;
  7279: ffffff;
  7280: ffffff;
  7281: ffffff;
  7282: ffffff;
  7283: ffffff;
  7284: ffffff;
  7285: ffffff;
  7286: ffffff;
  7287: ffffff;
  7288: f1f1f1;
  7289: bfbfbf;
  7290: 828282;
  7291: 484848;
  7292: 191919;
  7293: 0;
  7294: 0;
  7295: 0;
  7296: 0;
  7297: 0;
  7298: 0;
  7299: 1c1c1c;
  7300: 4a4a4a;
  7301: 828282;
  7302: bdbdbd;
  7303: eeeeee;
  7304: ffffff;
  7305: ffffff;
  7306: ffffff;
  7307: ffffff;
  7308: ffffff;
  7309: ffffff;
  7310: ffffff;
  7311: ffffff;
  7312: ffffff;
  7313: ffffff;
  7314: ffffff;
  7315: ffffff;
  7316: ffffff;
  7317: ffffff;
  7318: ffffff;
  7319: ffffff;
  7320: ffffff;
  7321: ffffff;
  7322: ffffff;
  7323: ffffff;
  7324: ffffff;
  7325: ffffff;
  7326: ffffff;
  7327: ffffff;
  7328: ffffff;
  7329: ffffff;
  7330: ffffff;
  7331: ffffff;
  7332: ffffff;
  7333: ffffff;
  7334: ffffff;
  7335: ffffff;
  7336: ffffff;
  7337: ffffff;
  7338: ffffff;
  7339: ffffff;
  7340: ffffff;
  7341: ffffff;
  7342: ffffff;
  7343: ffffff;
  7344: ffffff;
  7345: ffffff;
  7346: ffffff;
  7347: ffffff;
  7348: ffffff;
  7349: ffffff;
  7350: ffffff;
  7351: ffffff;
  7352: ffffff;
  7353: ffffff;
  7354: ffffff;
  7355: ffffff;
  7356: ffffff;
  7357: ffffff;
  7358: ffffff;
  7359: ffffff;
  7360: ffffff;
  7361: ffffff;
  7362: ffffff;
  7363: ffffff;
  7364: ffffff;
  7365: ffffff;
  7366: ffffff;
  7367: ffffff;
  7368: ffffff;
  7369: ffffff;
  7370: ffffff;
  7371: ffffff;
  7372: ffffff;
  7373: ffffff;
  7374: ffffff;
  7375: ffffff;
  7376: ffffff;
  7377: ffffff;
  7378: ffffff;
  7379: ffffff;
  7380: ffffff;
  7381: ffffff;
  7382: ffffff;
  7383: ffffff;
  7384: ffffff;
  7385: ffffff;
  7386: ffffff;
  7387: ffffff;
  7388: ffffff;
  7389: ffffff;
  7390: ffffff;
  7391: ffffff;
  7392: ffffff;
  7393: ffffff;
  7394: ffffff;
  7395: ffffff;
  7396: ffffff;
  7397: ffffff;
  7398: ffffff;
  7399: ffffff;
  7400: ffffff;
  7401: ffffff;
  7402: ffffff;
  7403: ffffff;
  7404: ffffff;
  7405: ffffff;
  7406: ffffff;
  7407: ffffff;
  7408: ffffff;
  7409: ffffff;
  7410: ffffff;
  7411: ffffff;
  7412: ffffff;
  7413: ffffff;
  7414: ffffff;
  7415: ffffff;
  7416: eeeeee;
  7417: bdbdbd;
  7418: 828282;
  7419: 4a4a4a;
  7420: 1c1c1c;
  7421: 0;
  7422: 0;
  7423: 0;
  7424: 0;
  7425: 0;
  7426: 0;
  7427: 181818;
  7428: 474747;
  7429: 808080;
  7430: bcbcbc;
  7431: eeeeee;
  7432: ffffff;
  7433: ffffff;
  7434: ffffff;
  7435: ffffff;
  7436: ffffff;
  7437: ffffff;
  7438: ffffff;
  7439: ffffff;
  7440: ffffff;
  7441: ffffff;
  7442: ffffff;
  7443: ffffff;
  7444: ffffff;
  7445: ffffff;
  7446: ffffff;
  7447: ffffff;
  7448: ffffff;
  7449: ffffff;
  7450: ffffff;
  7451: ffffff;
  7452: ffffff;
  7453: ffffff;
  7454: ffffff;
  7455: ffffff;
  7456: ffffff;
  7457: ffffff;
  7458: ffffff;
  7459: ffffff;
  7460: ffffff;
  7461: ffffff;
  7462: ffffff;
  7463: ffffff;
  7464: ffffff;
  7465: ffffff;
  7466: ffffff;
  7467: ffffff;
  7468: ffffff;
  7469: ffffff;
  7470: ffffff;
  7471: ffffff;
  7472: ffffff;
  7473: ffffff;
  7474: ffffff;
  7475: ffffff;
  7476: ffffff;
  7477: ffffff;
  7478: ffffff;
  7479: ffffff;
  7480: ffffff;
  7481: ffffff;
  7482: ffffff;
  7483: ffffff;
  7484: ffffff;
  7485: ffffff;
  7486: ffffff;
  7487: ffffff;
  7488: ffffff;
  7489: ffffff;
  7490: ffffff;
  7491: ffffff;
  7492: ffffff;
  7493: ffffff;
  7494: ffffff;
  7495: ffffff;
  7496: ffffff;
  7497: ffffff;
  7498: ffffff;
  7499: ffffff;
  7500: ffffff;
  7501: ffffff;
  7502: ffffff;
  7503: ffffff;
  7504: ffffff;
  7505: ffffff;
  7506: ffffff;
  7507: ffffff;
  7508: ffffff;
  7509: ffffff;
  7510: ffffff;
  7511: ffffff;
  7512: ffffff;
  7513: ffffff;
  7514: ffffff;
  7515: ffffff;
  7516: ffffff;
  7517: ffffff;
  7518: ffffff;
  7519: ffffff;
  7520: ffffff;
  7521: ffffff;
  7522: ffffff;
  7523: ffffff;
  7524: ffffff;
  7525: ffffff;
  7526: ffffff;
  7527: ffffff;
  7528: ffffff;
  7529: ffffff;
  7530: ffffff;
  7531: ffffff;
  7532: ffffff;
  7533: ffffff;
  7534: ffffff;
  7535: ffffff;
  7536: ffffff;
  7537: ffffff;
  7538: ffffff;
  7539: ffffff;
  7540: ffffff;
  7541: ffffff;
  7542: ffffff;
  7543: ffffff;
  7544: eeeeee;
  7545: bcbcbc;
  7546: 808080;
  7547: 474747;
  7548: 181818;
  7549: 0;
  7550: 0;
  7551: 0;
  7552: 0;
  7553: 0;
  7554: 0;
  7555: 111111;
  7556: 414141;
  7557: 7c7c7c;
  7558: bababa;
  7559: eeeeee;
  7560: ffffff;
  7561: ffffff;
  7562: ffffff;
  7563: ffffff;
  7564: ffffff;
  7565: fefefe;
  7566: fefefe;
  7567: fefefe;
  7568: fefefe;
  7569: fefefe;
  7570: fefefe;
  7571: fefefe;
  7572: fefefe;
  7573: ffffff;
  7574: ffffff;
  7575: ffffff;
  7576: ffffff;
  7577: ffffff;
  7578: ffffff;
  7579: ffffff;
  7580: ffffff;
  7581: ffffff;
  7582: ffffff;
  7583: ffffff;
  7584: ffffff;
  7585: ffffff;
  7586: ffffff;
  7587: ffffff;
  7588: ffffff;
  7589: ffffff;
  7590: ffffff;
  7591: ffffff;
  7592: ffffff;
  7593: ffffff;
  7594: ffffff;
  7595: ffffff;
  7596: ffffff;
  7597: ffffff;
  7598: ffffff;
  7599: ffffff;
  7600: ffffff;
  7601: ffffff;
  7602: ffffff;
  7603: ffffff;
  7604: ffffff;
  7605: ffffff;
  7606: ffffff;
  7607: ffffff;
  7608: ffffff;
  7609: ffffff;
  7610: ffffff;
  7611: ffffff;
  7612: ffffff;
  7613: ffffff;
  7614: ffffff;
  7615: ffffff;
  7616: ffffff;
  7617: ffffff;
  7618: ffffff;
  7619: ffffff;
  7620: ffffff;
  7621: ffffff;
  7622: ffffff;
  7623: ffffff;
  7624: ffffff;
  7625: ffffff;
  7626: ffffff;
  7627: ffffff;
  7628: ffffff;
  7629: ffffff;
  7630: ffffff;
  7631: ffffff;
  7632: ffffff;
  7633: ffffff;
  7634: ffffff;
  7635: ffffff;
  7636: ffffff;
  7637: ffffff;
  7638: ffffff;
  7639: ffffff;
  7640: ffffff;
  7641: ffffff;
  7642: ffffff;
  7643: ffffff;
  7644: ffffff;
  7645: ffffff;
  7646: ffffff;
  7647: ffffff;
  7648: ffffff;
  7649: ffffff;
  7650: ffffff;
  7651: ffffff;
  7652: ffffff;
  7653: ffffff;
  7654: ffffff;
  7655: ffffff;
  7656: ffffff;
  7657: ffffff;
  7658: ffffff;
  7659: fefefe;
  7660: fefefe;
  7661: fefefe;
  7662: fefefe;
  7663: fefefe;
  7664: fefefe;
  7665: fefefe;
  7666: fefefe;
  7667: ffffff;
  7668: ffffff;
  7669: ffffff;
  7670: ffffff;
  7671: ffffff;
  7672: eeeeee;
  7673: bababa;
  7674: 7c7c7c;
  7675: 414141;
  7676: 111111;
  7677: 0;
  7678: 0;
  7679: 0;
  7680: 0;
  7681: 0;
  7682: 0;
  7683: b0b0b;
  7684: 3c3c3c;
  7685: 797979;
  7686: b8b8b8;
  7687: eeeeee;
  7688: ffffff;
  7689: ffffff;
  7690: ffffff;
  7691: ffffff;
  7692: ffffff;
  7693: fefefe;
  7694: fefefe;
  7695: fdfdfd;
  7696: fdfdfd;
  7697: fdfdfd;
  7698: fdfdfd;
  7699: fdfdfd;
  7700: fefefe;
  7701: fefefe;
  7702: fefefe;
  7703: ffffff;
  7704: ffffff;
  7705: ffffff;
  7706: ffffff;
  7707: ffffff;
  7708: ffffff;
  7709: ffffff;
  7710: ffffff;
  7711: ffffff;
  7712: ffffff;
  7713: ffffff;
  7714: ffffff;
  7715: ffffff;
  7716: ffffff;
  7717: ffffff;
  7718: ffffff;
  7719: ffffff;
  7720: ffffff;
  7721: ffffff;
  7722: ffffff;
  7723: ffffff;
  7724: ffffff;
  7725: ffffff;
  7726: ffffff;
  7727: ffffff;
  7728: ffffff;
  7729: ffffff;
  7730: ffffff;
  7731: ffffff;
  7732: ffffff;
  7733: ffffff;
  7734: ffffff;
  7735: ffffff;
  7736: ffffff;
  7737: ffffff;
  7738: ffffff;
  7739: ffffff;
  7740: ffffff;
  7741: ffffff;
  7742: ffffff;
  7743: ffffff;
  7744: ffffff;
  7745: ffffff;
  7746: ffffff;
  7747: ffffff;
  7748: ffffff;
  7749: ffffff;
  7750: ffffff;
  7751: ffffff;
  7752: ffffff;
  7753: ffffff;
  7754: ffffff;
  7755: ffffff;
  7756: ffffff;
  7757: ffffff;
  7758: ffffff;
  7759: ffffff;
  7760: ffffff;
  7761: ffffff;
  7762: ffffff;
  7763: ffffff;
  7764: ffffff;
  7765: ffffff;
  7766: ffffff;
  7767: ffffff;
  7768: ffffff;
  7769: ffffff;
  7770: ffffff;
  7771: ffffff;
  7772: ffffff;
  7773: ffffff;
  7774: ffffff;
  7775: ffffff;
  7776: ffffff;
  7777: ffffff;
  7778: ffffff;
  7779: ffffff;
  7780: ffffff;
  7781: ffffff;
  7782: ffffff;
  7783: ffffff;
  7784: ffffff;
  7785: fefefe;
  7786: fefefe;
  7787: fefefe;
  7788: fdfdfd;
  7789: fdfdfd;
  7790: fdfdfd;
  7791: fdfdfd;
  7792: fdfdfd;
  7793: fefefe;
  7794: fefefe;
  7795: ffffff;
  7796: ffffff;
  7797: ffffff;
  7798: ffffff;
  7799: ffffff;
  7800: eeeeee;
  7801: b8b8b8;
  7802: 797979;
  7803: 3c3c3c;
  7804: b0b0b;
  7805: 0;
  7806: 0;
  7807: 0;
  7808: 0;
  7809: 0;
  7810: 0;
  7811: d0d0d;
  7812: 3e3e3e;
  7813: 7a7a7a;
  7814: b9b9b9;
  7815: eeeeee;
  7816: ffffff;
  7817: ffffff;
  7818: ffffff;
  7819: ffffff;
  7820: ffffff;
  7821: fdfdfd;
  7822: fdfdfd;
  7823: fcfcfc;
  7824: fcfcfc;
  7825: fcfcfc;
  7826: fcfcfc;
  7827: fcfcfc;
  7828: fdfdfd;
  7829: fefefe;
  7830: fefefe;
  7831: ffffff;
  7832: ffffff;
  7833: ffffff;
  7834: ffffff;
  7835: ffffff;
  7836: ffffff;
  7837: ffffff;
  7838: ffffff;
  7839: ffffff;
  7840: ffffff;
  7841: ffffff;
  7842: ffffff;
  7843: ffffff;
  7844: ffffff;
  7845: ffffff;
  7846: ffffff;
  7847: ffffff;
  7848: ffffff;
  7849: ffffff;
  7850: ffffff;
  7851: ffffff;
  7852: ffffff;
  7853: ffffff;
  7854: ffffff;
  7855: ffffff;
  7856: ffffff;
  7857: ffffff;
  7858: ffffff;
  7859: ffffff;
  7860: ffffff;
  7861: ffffff;
  7862: ffffff;
  7863: ffffff;
  7864: ffffff;
  7865: ffffff;
  7866: ffffff;
  7867: ffffff;
  7868: ffffff;
  7869: ffffff;
  7870: ffffff;
  7871: ffffff;
  7872: ffffff;
  7873: ffffff;
  7874: ffffff;
  7875: ffffff;
  7876: ffffff;
  7877: ffffff;
  7878: ffffff;
  7879: ffffff;
  7880: ffffff;
  7881: ffffff;
  7882: ffffff;
  7883: ffffff;
  7884: ffffff;
  7885: ffffff;
  7886: ffffff;
  7887: ffffff;
  7888: ffffff;
  7889: ffffff;
  7890: ffffff;
  7891: ffffff;
  7892: ffffff;
  7893: ffffff;
  7894: ffffff;
  7895: ffffff;
  7896: ffffff;
  7897: ffffff;
  7898: ffffff;
  7899: ffffff;
  7900: ffffff;
  7901: ffffff;
  7902: ffffff;
  7903: ffffff;
  7904: ffffff;
  7905: ffffff;
  7906: ffffff;
  7907: ffffff;
  7908: ffffff;
  7909: ffffff;
  7910: ffffff;
  7911: ffffff;
  7912: ffffff;
  7913: fefefe;
  7914: fefefe;
  7915: fdfdfd;
  7916: fcfcfc;
  7917: fcfcfc;
  7918: fcfcfc;
  7919: fcfcfc;
  7920: fcfcfc;
  7921: fdfdfd;
  7922: fdfdfd;
  7923: ffffff;
  7924: ffffff;
  7925: ffffff;
  7926: ffffff;
  7927: ffffff;
  7928: eeeeee;
  7929: b9b9b9;
  7930: 7a7a7a;
  7931: 3e3e3e;
  7932: d0d0d;
  7933: 0;
  7934: 0;
  7935: 0;
  7936: 0;
  7937: 0;
  7938: 0;
  7939: 1b1b1b;
  7940: 494949;
  7941: 828282;
  7942: bdbdbd;
  7943: efefef;
  7944: ffffff;
  7945: ffffff;
  7946: ffffff;
  7947: ffffff;
  7948: ffffff;
  7949: fdfdfd;
  7950: fdfdfd;
  7951: fcfcfc;
  7952: fcfcfc;
  7953: fcfcfc;
  7954: fcfcfc;
  7955: fcfcfc;
  7956: fdfdfd;
  7957: fefefe;
  7958: fefefe;
  7959: ffffff;
  7960: ffffff;
  7961: ffffff;
  7962: ffffff;
  7963: ffffff;
  7964: ffffff;
  7965: ffffff;
  7966: ffffff;
  7967: ffffff;
  7968: ffffff;
  7969: ffffff;
  7970: ffffff;
  7971: ffffff;
  7972: ffffff;
  7973: ffffff;
  7974: ffffff;
  7975: ffffff;
  7976: ffffff;
  7977: ffffff;
  7978: ffffff;
  7979: ffffff;
  7980: ffffff;
  7981: ffffff;
  7982: ffffff;
  7983: ffffff;
  7984: ffffff;
  7985: ffffff;
  7986: ffffff;
  7987: ffffff;
  7988: ffffff;
  7989: ffffff;
  7990: ffffff;
  7991: ffffff;
  7992: ffffff;
  7993: ffffff;
  7994: ffffff;
  7995: ffffff;
  7996: ffffff;
  7997: ffffff;
  7998: ffffff;
  7999: ffffff;
  8000: ffffff;
  8001: ffffff;
  8002: ffffff;
  8003: ffffff;
  8004: ffffff;
  8005: ffffff;
  8006: ffffff;
  8007: ffffff;
  8008: ffffff;
  8009: ffffff;
  8010: ffffff;
  8011: ffffff;
  8012: ffffff;
  8013: ffffff;
  8014: ffffff;
  8015: ffffff;
  8016: ffffff;
  8017: ffffff;
  8018: ffffff;
  8019: ffffff;
  8020: ffffff;
  8021: ffffff;
  8022: ffffff;
  8023: ffffff;
  8024: ffffff;
  8025: ffffff;
  8026: ffffff;
  8027: ffffff;
  8028: ffffff;
  8029: ffffff;
  8030: ffffff;
  8031: ffffff;
  8032: ffffff;
  8033: ffffff;
  8034: ffffff;
  8035: ffffff;
  8036: ffffff;
  8037: ffffff;
  8038: ffffff;
  8039: ffffff;
  8040: ffffff;
  8041: fefefe;
  8042: fefefe;
  8043: fdfdfd;
  8044: fcfcfc;
  8045: fcfcfc;
  8046: fcfcfc;
  8047: fcfcfc;
  8048: fcfcfc;
  8049: fdfdfd;
  8050: fdfdfd;
  8051: ffffff;
  8052: ffffff;
  8053: ffffff;
  8054: ffffff;
  8055: ffffff;
  8056: efefef;
  8057: bdbdbd;
  8058: 828282;
  8059: 494949;
  8060: 1b1b1b;
  8061: 0;
  8062: 0;
  8063: 0;
  8064: 272727;
  8065: 272727;
  8066: 272727;
  8067: 3e3e3e;
  8068: 656565;
  8069: 959595;
  8070: c7c7c7;
  8071: f1f1f1;
  8072: ffffff;
  8073: ffffff;
  8074: ffffff;
  8075: ffffff;
  8076: ffffff;
  8077: fdfdfd;
  8078: fdfdfd;
  8079: fcfcfc;
  8080: fcfcfc;
  8081: fcfcfc;
  8082: fcfcfc;
  8083: fcfcfc;
  8084: fdfdfd;
  8085: fefefe;
  8086: fefefe;
  8087: ffffff;
  8088: ffffff;
  8089: ffffff;
  8090: ffffff;
  8091: ffffff;
  8092: ffffff;
  8093: ffffff;
  8094: ffffff;
  8095: ffffff;
  8096: ffffff;
  8097: ffffff;
  8098: ffffff;
  8099: ffffff;
  8100: ffffff;
  8101: ffffff;
  8102: ffffff;
  8103: ffffff;
  8104: ffffff;
  8105: ffffff;
  8106: ffffff;
  8107: ffffff;
  8108: ffffff;
  8109: ffffff;
  8110: ffffff;
  8111: ffffff;
  8112: ffffff;
  8113: ffffff;
  8114: ffffff;
  8115: ffffff;
  8116: ffffff;
  8117: ffffff;
  8118: ffffff;
  8119: ffffff;
  8120: ffffff;
  8121: ffffff;
  8122: ffffff;
  8123: ffffff;
  8124: ffffff;
  8125: ffffff;
  8126: ffffff;
  8127: ffffff;
  8128: ffffff;
  8129: ffffff;
  8130: ffffff;
  8131: ffffff;
  8132: ffffff;
  8133: ffffff;
  8134: ffffff;
  8135: ffffff;
  8136: ffffff;
  8137: ffffff;
  8138: ffffff;
  8139: ffffff;
  8140: ffffff;
  8141: ffffff;
  8142: ffffff;
  8143: ffffff;
  8144: ffffff;
  8145: ffffff;
  8146: ffffff;
  8147: ffffff;
  8148: ffffff;
  8149: ffffff;
  8150: ffffff;
  8151: ffffff;
  8152: ffffff;
  8153: ffffff;
  8154: ffffff;
  8155: ffffff;
  8156: ffffff;
  8157: ffffff;
  8158: ffffff;
  8159: ffffff;
  8160: ffffff;
  8161: ffffff;
  8162: ffffff;
  8163: ffffff;
  8164: ffffff;
  8165: ffffff;
  8166: ffffff;
  8167: ffffff;
  8168: ffffff;
  8169: fefefe;
  8170: fefefe;
  8171: fdfdfd;
  8172: fcfcfc;
  8173: fcfcfc;
  8174: fcfcfc;
  8175: fcfcfc;
  8176: fcfcfc;
  8177: fdfdfd;
  8178: fdfdfd;
  8179: ffffff;
  8180: ffffff;
  8181: ffffff;
  8182: ffffff;
  8183: ffffff;
  8184: f1f1f1;
  8185: c7c7c7;
  8186: 959595;
  8187: 656565;
  8188: 3e3e3e;
  8189: 272727;
  8190: 272727;
  8191: 272727;
  8192: 606060;
  8193: 606060;
  8194: 606060;
  8195: 717171;
  8196: 8d8d8d;
  8197: b1b1b1;
  8198: d5d5d5;
  8199: f5f5f5;
  8200: ffffff;
  8201: ffffff;
  8202: ffffff;
  8203: ffffff;
  8204: ffffff;
  8205: fdfdfd;
  8206: fdfdfd;
  8207: fdfdfd;
  8208: fdfdfd;
  8209: fdfdfd;
  8210: fdfdfd;
  8211: fdfdfd;
  8212: fefefe;
  8213: fefefe;
  8214: fefefe;
  8215: ffffff;
  8216: ffffff;
  8217: ffffff;
  8218: ffffff;
  8219: ffffff;
  8220: ffffff;
  8221: ffffff;
  8222: ffffff;
  8223: ffffff;
  8224: ffffff;
  8225: ffffff;
  8226: ffffff;
  8227: ffffff;
  8228: ffffff;
  8229: ffffff;
  8230: ffffff;
  8231: ffffff;
  8232: ffffff;
  8233: ffffff;
  8234: ffffff;
  8235: ffffff;
  8236: ffffff;
  8237: ffffff;
  8238: ffffff;
  8239: ffffff;
  8240: ffffff;
  8241: ffffff;
  8242: ffffff;
  8243: ffffff;
  8244: ffffff;
  8245: ffffff;
  8246: ffffff;
  8247: ffffff;
  8248: ffffff;
  8249: ffffff;
  8250: ffffff;
  8251: ffffff;
  8252: ffffff;
  8253: ffffff;
  8254: ffffff;
  8255: ffffff;
  8256: ffffff;
  8257: ffffff;
  8258: ffffff;
  8259: ffffff;
  8260: ffffff;
  8261: ffffff;
  8262: ffffff;
  8263: ffffff;
  8264: ffffff;
  8265: ffffff;
  8266: ffffff;
  8267: ffffff;
  8268: ffffff;
  8269: ffffff;
  8270: ffffff;
  8271: ffffff;
  8272: ffffff;
  8273: ffffff;
  8274: ffffff;
  8275: ffffff;
  8276: ffffff;
  8277: ffffff;
  8278: ffffff;
  8279: ffffff;
  8280: ffffff;
  8281: ffffff;
  8282: ffffff;
  8283: ffffff;
  8284: ffffff;
  8285: ffffff;
  8286: ffffff;
  8287: ffffff;
  8288: ffffff;
  8289: ffffff;
  8290: ffffff;
  8291: ffffff;
  8292: ffffff;
  8293: ffffff;
  8294: ffffff;
  8295: ffffff;
  8296: ffffff;
  8297: fefefe;
  8298: fefefe;
  8299: fefefe;
  8300: fdfdfd;
  8301: fdfdfd;
  8302: fdfdfd;
  8303: fdfdfd;
  8304: fdfdfd;
  8305: fdfdfd;
  8306: fdfdfd;
  8307: ffffff;
  8308: ffffff;
  8309: ffffff;
  8310: ffffff;
  8311: ffffff;
  8312: f5f5f5;
  8313: d5d5d5;
  8314: b1b1b1;
  8315: 8d8d8d;
  8316: 717171;
  8317: 606060;
  8318: 606060;
  8319: 606060;
  8320: 9f9f9f;
  8321: 9f9f9f;
  8322: 9f9f9f;
  8323: a9a9a9;
  8324: bbbbbb;
  8325: cfcfcf;
  8326: e5e5e5;
  8327: f8f8f8;
  8328: fefefe;
  8329: fefefe;
  8330: fefefe;
  8331: fefefe;
  8332: fefefe;
  8333: fdfdfd;
  8334: fdfdfd;
  8335: fdfdfd;
  8336: fefefe;
  8337: fefefe;
  8338: fefefe;
  8339: fefefe;
  8340: fefefe;
  8341: ffffff;
  8342: ffffff;
  8343: ffffff;
  8344: ffffff;
  8345: ffffff;
  8346: ffffff;
  8347: ffffff;
  8348: ffffff;
  8349: ffffff;
  8350: ffffff;
  8351: ffffff;
  8352: ffffff;
  8353: ffffff;
  8354: ffffff;
  8355: ffffff;
  8356: ffffff;
  8357: ffffff;
  8358: ffffff;
  8359: ffffff;
  8360: ffffff;
  8361: ffffff;
  8362: ffffff;
  8363: ffffff;
  8364: ffffff;
  8365: ffffff;
  8366: ffffff;
  8367: ffffff;
  8368: ffffff;
  8369: ffffff;
  8370: ffffff;
  8371: ffffff;
  8372: ffffff;
  8373: ffffff;
  8374: ffffff;
  8375: ffffff;
  8376: ffffff;
  8377: ffffff;
  8378: ffffff;
  8379: ffffff;
  8380: ffffff;
  8381: ffffff;
  8382: ffffff;
  8383: ffffff;
  8384: ffffff;
  8385: ffffff;
  8386: ffffff;
  8387: ffffff;
  8388: ffffff;
  8389: ffffff;
  8390: ffffff;
  8391: ffffff;
  8392: ffffff;
  8393: ffffff;
  8394: ffffff;
  8395: ffffff;
  8396: ffffff;
  8397: ffffff;
  8398: ffffff;
  8399: ffffff;
  8400: ffffff;
  8401: ffffff;
  8402: ffffff;
  8403: ffffff;
  8404: ffffff;
  8405: ffffff;
  8406: ffffff;
  8407: ffffff;
  8408: ffffff;
  8409: ffffff;
  8410: ffffff;
  8411: ffffff;
  8412: ffffff;
  8413: ffffff;
  8414: ffffff;
  8415: ffffff;
  8416: ffffff;
  8417: ffffff;
  8418: ffffff;
  8419: ffffff;
  8420: ffffff;
  8421: ffffff;
  8422: ffffff;
  8423: ffffff;
  8424: ffffff;
  8425: ffffff;
  8426: ffffff;
  8427: fefefe;
  8428: fefefe;
  8429: fefefe;
  8430: fefefe;
  8431: fefefe;
  8432: fdfdfd;
  8433: fdfdfd;
  8434: fdfdfd;
  8435: fefefe;
  8436: fefefe;
  8437: fefefe;
  8438: fefefe;
  8439: fefefe;
  8440: f8f8f8;
  8441: e5e5e5;
  8442: cfcfcf;
  8443: bbbbbb;
  8444: a9a9a9;
  8445: 9f9f9f;
  8446: 9f9f9f;
  8447: 9f9f9f;
  8448: d8d8d8;
  8449: d8d8d8;
  8450: d8d8d8;
  8451: dcdcdc;
  8452: e3e3e3;
  8453: ebebeb;
  8454: f4f4f4;
  8455: fcfcfc;
  8456: fefefe;
  8457: fefefe;
  8458: fefefe;
  8459: fefefe;
  8460: fefefe;
  8461: fefefe;
  8462: fefefe;
  8463: fefefe;
  8464: ffffff;
  8465: ffffff;
  8466: ffffff;
  8467: ffffff;
  8468: ffffff;
  8469: ffffff;
  8470: ffffff;
  8471: ffffff;
  8472: ffffff;
  8473: ffffff;
  8474: ffffff;
  8475: ffffff;
  8476: ffffff;
  8477: ffffff;
  8478: ffffff;
  8479: ffffff;
  8480: ffffff;
  8481: ffffff;
  8482: ffffff;
  8483: ffffff;
  8484: ffffff;
  8485: ffffff;
  8486: ffffff;
  8487: ffffff;
  8488: ffffff;
  8489: ffffff;
  8490: ffffff;
  8491: ffffff;
  8492: ffffff;
  8493: ffffff;
  8494: ffffff;
  8495: ffffff;
  8496: ffffff;
  8497: ffffff;
  8498: ffffff;
  8499: ffffff;
  8500: ffffff;
  8501: ffffff;
  8502: ffffff;
  8503: ffffff;
  8504: ffffff;
  8505: ffffff;
  8506: ffffff;
  8507: ffffff;
  8508: ffffff;
  8509: ffffff;
  8510: ffffff;
  8511: ffffff;
  8512: ffffff;
  8513: ffffff;
  8514: ffffff;
  8515: ffffff;
  8516: ffffff;
  8517: ffffff;
  8518: ffffff;
  8519: ffffff;
  8520: ffffff;
  8521: ffffff;
  8522: ffffff;
  8523: ffffff;
  8524: ffffff;
  8525: ffffff;
  8526: ffffff;
  8527: ffffff;
  8528: ffffff;
  8529: ffffff;
  8530: ffffff;
  8531: ffffff;
  8532: ffffff;
  8533: ffffff;
  8534: ffffff;
  8535: ffffff;
  8536: ffffff;
  8537: ffffff;
  8538: ffffff;
  8539: ffffff;
  8540: ffffff;
  8541: ffffff;
  8542: ffffff;
  8543: ffffff;
  8544: ffffff;
  8545: ffffff;
  8546: ffffff;
  8547: ffffff;
  8548: ffffff;
  8549: ffffff;
  8550: ffffff;
  8551: ffffff;
  8552: ffffff;
  8553: ffffff;
  8554: ffffff;
  8555: ffffff;
  8556: ffffff;
  8557: ffffff;
  8558: ffffff;
  8559: ffffff;
  8560: fefefe;
  8561: fefefe;
  8562: fefefe;
  8563: fefefe;
  8564: fefefe;
  8565: fefefe;
  8566: fefefe;
  8567: fefefe;
  8568: fcfcfc;
  8569: f4f4f4;
  8570: ebebeb;
  8571: e3e3e3;
  8572: dcdcdc;
  8573: d8d8d8;
  8574: d8d8d8;
  8575: d8d8d8;
  8576: ffffff;
  8577: ffffff;
  8578: ffffff;
  8579: ffffff;
  8580: ffffff;
  8581: fefefe;
  8582: fefefe;
  8583: fefefe;
  8584: fefefe;
  8585: fefefe;
  8586: fefefe;
  8587: fefefe;
  8588: fefefe;
  8589: fefefe;
  8590: fefefe;
  8591: fefefe;
  8592: ffffff;
  8593: ffffff;
  8594: ffffff;
  8595: ffffff;
  8596: ffffff;
  8597: ffffff;
  8598: ffffff;
  8599: ffffff;
  8600: ffffff;
  8601: ffffff;
  8602: ffffff;
  8603: ffffff;
  8604: ffffff;
  8605: ffffff;
  8606: ffffff;
  8607: ffffff;
  8608: ffffff;
  8609: ffffff;
  8610: ffffff;
  8611: ffffff;
  8612: ffffff;
  8613: ffffff;
  8614: ffffff;
  8615: ffffff;
  8616: ffffff;
  8617: ffffff;
  8618: ffffff;
  8619: ffffff;
  8620: ffffff;
  8621: ffffff;
  8622: ffffff;
  8623: ffffff;
  8624: ffffff;
  8625: ffffff;
  8626: ffffff;
  8627: ffffff;
  8628: ffffff;
  8629: ffffff;
  8630: ffffff;
  8631: ffffff;
  8632: ffffff;
  8633: ffffff;
  8634: ffffff;
  8635: ffffff;
  8636: ffffff;
  8637: ffffff;
  8638: ffffff;
  8639: ffffff;
  8640: ffffff;
  8641: ffffff;
  8642: ffffff;
  8643: ffffff;
  8644: ffffff;
  8645: ffffff;
  8646: ffffff;
  8647: ffffff;
  8648: ffffff;
  8649: ffffff;
  8650: ffffff;
  8651: ffffff;
  8652: ffffff;
  8653: ffffff;
  8654: ffffff;
  8655: ffffff;
  8656: ffffff;
  8657: ffffff;
  8658: ffffff;
  8659: ffffff;
  8660: ffffff;
  8661: ffffff;
  8662: ffffff;
  8663: ffffff;
  8664: ffffff;
  8665: ffffff;
  8666: ffffff;
  8667: ffffff;
  8668: ffffff;
  8669: ffffff;
  8670: ffffff;
  8671: ffffff;
  8672: ffffff;
  8673: ffffff;
  8674: ffffff;
  8675: ffffff;
  8676: ffffff;
  8677: ffffff;
  8678: ffffff;
  8679: ffffff;
  8680: ffffff;
  8681: ffffff;
  8682: ffffff;
  8683: ffffff;
  8684: ffffff;
  8685: ffffff;
  8686: ffffff;
  8687: ffffff;
  8688: fefefe;
  8689: fefefe;
  8690: fefefe;
  8691: fefefe;
  8692: fefefe;
  8693: fefefe;
  8694: fefefe;
  8695: fefefe;
  8696: fefefe;
  8697: fefefe;
  8698: fefefe;
  8699: ffffff;
  8700: ffffff;
  8701: ffffff;
  8702: ffffff;
  8703: ffffff;
  8704: ffffff;
  8705: ffffff;
  8706: ffffff;
  8707: ffffff;
  8708: ffffff;
  8709: ffffff;
  8710: ffffff;
  8711: ffffff;
  8712: fefefe;
  8713: fefefe;
  8714: fefefe;
  8715: fefefe;
  8716: fefefe;
  8717: fefefe;
  8718: fefefe;
  8719: fefefe;
  8720: ffffff;
  8721: ffffff;
  8722: ffffff;
  8723: ffffff;
  8724: ffffff;
  8725: ffffff;
  8726: ffffff;
  8727: ffffff;
  8728: ffffff;
  8729: ffffff;
  8730: ffffff;
  8731: ffffff;
  8732: ffffff;
  8733: ffffff;
  8734: ffffff;
  8735: ffffff;
  8736: ffffff;
  8737: ffffff;
  8738: ffffff;
  8739: ffffff;
  8740: ffffff;
  8741: ffffff;
  8742: ffffff;
  8743: ffffff;
  8744: ffffff;
  8745: ffffff;
  8746: ffffff;
  8747: ffffff;
  8748: ffffff;
  8749: ffffff;
  8750: ffffff;
  8751: ffffff;
  8752: ffffff;
  8753: ffffff;
  8754: ffffff;
  8755: ffffff;
  8756: ffffff;
  8757: ffffff;
  8758: ffffff;
  8759: ffffff;
  8760: ffffff;
  8761: ffffff;
  8762: ffffff;
  8763: ffffff;
  8764: ffffff;
  8765: ffffff;
  8766: ffffff;
  8767: ffffff;
  8768: ffffff;
  8769: ffffff;
  8770: ffffff;
  8771: ffffff;
  8772: ffffff;
  8773: ffffff;
  8774: ffffff;
  8775: ffffff;
  8776: ffffff;
  8777: ffffff;
  8778: ffffff;
  8779: ffffff;
  8780: ffffff;
  8781: ffffff;
  8782: ffffff;
  8783: ffffff;
  8784: ffffff;
  8785: ffffff;
  8786: ffffff;
  8787: ffffff;
  8788: ffffff;
  8789: ffffff;
  8790: ffffff;
  8791: ffffff;
  8792: ffffff;
  8793: ffffff;
  8794: ffffff;
  8795: ffffff;
  8796: ffffff;
  8797: ffffff;
  8798: ffffff;
  8799: ffffff;
  8800: ffffff;
  8801: ffffff;
  8802: ffffff;
  8803: ffffff;
  8804: ffffff;
  8805: ffffff;
  8806: ffffff;
  8807: ffffff;
  8808: ffffff;
  8809: ffffff;
  8810: ffffff;
  8811: ffffff;
  8812: ffffff;
  8813: ffffff;
  8814: ffffff;
  8815: ffffff;
  8816: fefefe;
  8817: fefefe;
  8818: fefefe;
  8819: fefefe;
  8820: fefefe;
  8821: fefefe;
  8822: fefefe;
  8823: fefefe;
  8824: ffffff;
  8825: ffffff;
  8826: ffffff;
  8827: ffffff;
  8828: ffffff;
  8829: ffffff;
  8830: ffffff;
  8831: ffffff;
  8832: ffffff;
  8833: ffffff;
  8834: ffffff;
  8835: ffffff;
  8836: ffffff;
  8837: ffffff;
  8838: ffffff;
  8839: ffffff;
  8840: fefefe;
  8841: fefefe;
  8842: fefefe;
  8843: fefefe;
  8844: fefefe;
  8845: fefefe;
  8846: fefefe;
  8847: fefefe;
  8848: ffffff;
  8849: fefefe;
  8850: fefefe;
  8851: fefefe;
  8852: fefefe;
  8853: ffffff;
  8854: ffffff;
  8855: ffffff;
  8856: ffffff;
  8857: ffffff;
  8858: ffffff;
  8859: ffffff;
  8860: ffffff;
  8861: ffffff;
  8862: ffffff;
  8863: ffffff;
  8864: ffffff;
  8865: ffffff;
  8866: ffffff;
  8867: ffffff;
  8868: ffffff;
  8869: ffffff;
  8870: ffffff;
  8871: ffffff;
  8872: ffffff;
  8873: ffffff;
  8874: ffffff;
  8875: ffffff;
  8876: ffffff;
  8877: ffffff;
  8878: ffffff;
  8879: ffffff;
  8880: ffffff;
  8881: ffffff;
  8882: ffffff;
  8883: ffffff;
  8884: ffffff;
  8885: ffffff;
  8886: ffffff;
  8887: ffffff;
  8888: ffffff;
  8889: ffffff;
  8890: ffffff;
  8891: ffffff;
  8892: ffffff;
  8893: ffffff;
  8894: ffffff;
  8895: ffffff;
  8896: ffffff;
  8897: ffffff;
  8898: ffffff;
  8899: ffffff;
  8900: ffffff;
  8901: ffffff;
  8902: ffffff;
  8903: ffffff;
  8904: ffffff;
  8905: ffffff;
  8906: ffffff;
  8907: ffffff;
  8908: ffffff;
  8909: ffffff;
  8910: ffffff;
  8911: ffffff;
  8912: ffffff;
  8913: ffffff;
  8914: ffffff;
  8915: ffffff;
  8916: ffffff;
  8917: ffffff;
  8918: ffffff;
  8919: ffffff;
  8920: ffffff;
  8921: ffffff;
  8922: ffffff;
  8923: ffffff;
  8924: ffffff;
  8925: ffffff;
  8926: ffffff;
  8927: ffffff;
  8928: ffffff;
  8929: ffffff;
  8930: ffffff;
  8931: ffffff;
  8932: ffffff;
  8933: ffffff;
  8934: ffffff;
  8935: ffffff;
  8936: ffffff;
  8937: ffffff;
  8938: ffffff;
  8939: fefefe;
  8940: fefefe;
  8941: fefefe;
  8942: fefefe;
  8943: ffffff;
  8944: fefefe;
  8945: fefefe;
  8946: fefefe;
  8947: fefefe;
  8948: fefefe;
  8949: fefefe;
  8950: fefefe;
  8951: fefefe;
  8952: ffffff;
  8953: ffffff;
  8954: ffffff;
  8955: ffffff;
  8956: ffffff;
  8957: ffffff;
  8958: ffffff;
  8959: ffffff;
  8960: ffffff;
  8961: ffffff;
  8962: ffffff;
  8963: ffffff;
  8964: ffffff;
  8965: ffffff;
  8966: ffffff;
  8967: ffffff;
  8968: ffffff;
  8969: ffffff;
  8970: ffffff;
  8971: ffffff;
  8972: ffffff;
  8973: ffffff;
  8974: ffffff;
  8975: fefefe;
  8976: fefefe;
  8977: fefefe;
  8978: fefefe;
  8979: fefefe;
  8980: fefefe;
  8981: fefefe;
  8982: fefefe;
  8983: ffffff;
  8984: ffffff;
  8985: ffffff;
  8986: ffffff;
  8987: ffffff;
  8988: ffffff;
  8989: ffffff;
  8990: ffffff;
  8991: ffffff;
  8992: ffffff;
  8993: ffffff;
  8994: ffffff;
  8995: ffffff;
  8996: ffffff;
  8997: ffffff;
  8998: ffffff;
  8999: ffffff;
  9000: ffffff;
  9001: ffffff;
  9002: ffffff;
  9003: ffffff;
  9004: ffffff;
  9005: ffffff;
  9006: ffffff;
  9007: ffffff;
  9008: ffffff;
  9009: ffffff;
  9010: ffffff;
  9011: ffffff;
  9012: ffffff;
  9013: ffffff;
  9014: ffffff;
  9015: ffffff;
  9016: ffffff;
  9017: ffffff;
  9018: ffffff;
  9019: ffffff;
  9020: ffffff;
  9021: ffffff;
  9022: ffffff;
  9023: ffffff;
  9024: ffffff;
  9025: ffffff;
  9026: ffffff;
  9027: ffffff;
  9028: ffffff;
  9029: ffffff;
  9030: ffffff;
  9031: ffffff;
  9032: ffffff;
  9033: ffffff;
  9034: ffffff;
  9035: ffffff;
  9036: ffffff;
  9037: ffffff;
  9038: ffffff;
  9039: ffffff;
  9040: ffffff;
  9041: ffffff;
  9042: ffffff;
  9043: ffffff;
  9044: ffffff;
  9045: ffffff;
  9046: ffffff;
  9047: ffffff;
  9048: ffffff;
  9049: ffffff;
  9050: ffffff;
  9051: ffffff;
  9052: ffffff;
  9053: ffffff;
  9054: ffffff;
  9055: ffffff;
  9056: ffffff;
  9057: ffffff;
  9058: ffffff;
  9059: ffffff;
  9060: ffffff;
  9061: ffffff;
  9062: ffffff;
  9063: ffffff;
  9064: ffffff;
  9065: fefefe;
  9066: fefefe;
  9067: fefefe;
  9068: fefefe;
  9069: fefefe;
  9070: fefefe;
  9071: fefefe;
  9072: fefefe;
  9073: ffffff;
  9074: ffffff;
  9075: ffffff;
  9076: ffffff;
  9077: ffffff;
  9078: ffffff;
  9079: ffffff;
  9080: ffffff;
  9081: ffffff;
  9082: ffffff;
  9083: ffffff;
  9084: ffffff;
  9085: ffffff;
  9086: ffffff;
  9087: ffffff;
  9088: ffffff;
  9089: ffffff;
  9090: ffffff;
  9091: ffffff;
  9092: ffffff;
  9093: ffffff;
  9094: ffffff;
  9095: ffffff;
  9096: ffffff;
  9097: ffffff;
  9098: ffffff;
  9099: ffffff;
  9100: ffffff;
  9101: ffffff;
  9102: ffffff;
  9103: fefefe;
  9104: fefefe;
  9105: fdfdfd;
  9106: fdfdfd;
  9107: fdfdfd;
  9108: fdfdfd;
  9109: fefefe;
  9110: fefefe;
  9111: ffffff;
  9112: ffffff;
  9113: ffffff;
  9114: ffffff;
  9115: ffffff;
  9116: ffffff;
  9117: ffffff;
  9118: ffffff;
  9119: ffffff;
  9120: ffffff;
  9121: ffffff;
  9122: ffffff;
  9123: ffffff;
  9124: ffffff;
  9125: ffffff;
  9126: ffffff;
  9127: ffffff;
  9128: ffffff;
  9129: ffffff;
  9130: ffffff;
  9131: ffffff;
  9132: ffffff;
  9133: ffffff;
  9134: ffffff;
  9135: ffffff;
  9136: ffffff;
  9137: ffffff;
  9138: ffffff;
  9139: ffffff;
  9140: ffffff;
  9141: ffffff;
  9142: ffffff;
  9143: ffffff;
  9144: ffffff;
  9145: ffffff;
  9146: ffffff;
  9147: ffffff;
  9148: ffffff;
  9149: ffffff;
  9150: ffffff;
  9151: ffffff;
  9152: ffffff;
  9153: ffffff;
  9154: ffffff;
  9155: ffffff;
  9156: ffffff;
  9157: ffffff;
  9158: ffffff;
  9159: ffffff;
  9160: ffffff;
  9161: ffffff;
  9162: ffffff;
  9163: ffffff;
  9164: ffffff;
  9165: ffffff;
  9166: ffffff;
  9167: ffffff;
  9168: ffffff;
  9169: ffffff;
  9170: ffffff;
  9171: ffffff;
  9172: ffffff;
  9173: ffffff;
  9174: ffffff;
  9175: ffffff;
  9176: ffffff;
  9177: ffffff;
  9178: ffffff;
  9179: ffffff;
  9180: ffffff;
  9181: ffffff;
  9182: ffffff;
  9183: ffffff;
  9184: ffffff;
  9185: ffffff;
  9186: ffffff;
  9187: ffffff;
  9188: ffffff;
  9189: ffffff;
  9190: ffffff;
  9191: ffffff;
  9192: ffffff;
  9193: fefefe;
  9194: fefefe;
  9195: fdfdfd;
  9196: fdfdfd;
  9197: fdfdfd;
  9198: fdfdfd;
  9199: fefefe;
  9200: fefefe;
  9201: ffffff;
  9202: ffffff;
  9203: ffffff;
  9204: ffffff;
  9205: ffffff;
  9206: ffffff;
  9207: ffffff;
  9208: ffffff;
  9209: ffffff;
  9210: ffffff;
  9211: ffffff;
  9212: ffffff;
  9213: ffffff;
  9214: ffffff;
  9215: ffffff;
  9216: ffffff;
  9217: ffffff;
  9218: ffffff;
  9219: ffffff;
  9220: ffffff;
  9221: ffffff;
  9222: ffffff;
  9223: ffffff;
  9224: ffffff;
  9225: ffffff;
  9226: ffffff;
  9227: ffffff;
  9228: ffffff;
  9229: ffffff;
  9230: ffffff;
  9231: fefefe;
  9232: fefefe;
  9233: fdfdfd;
  9234: fdfdfd;
  9235: fdfdfd;
  9236: fdfdfd;
  9237: fefefe;
  9238: fefefe;
  9239: ffffff;
  9240: ffffff;
  9241: ffffff;
  9242: ffffff;
  9243: ffffff;
  9244: ffffff;
  9245: ffffff;
  9246: ffffff;
  9247: ffffff;
  9248: ffffff;
  9249: ffffff;
  9250: ffffff;
  9251: ffffff;
  9252: ffffff;
  9253: ffffff;
  9254: ffffff;
  9255: ffffff;
  9256: ffffff;
  9257: ffffff;
  9258: ffffff;
  9259: ffffff;
  9260: ffffff;
  9261: ffffff;
  9262: ffffff;
  9263: ffffff;
  9264: ffffff;
  9265: ffffff;
  9266: ffffff;
  9267: ffffff;
  9268: ffffff;
  9269: ffffff;
  9270: ffffff;
  9271: ffffff;
  9272: ffffff;
  9273: ffffff;
  9274: ffffff;
  9275: ffffff;
  9276: ffffff;
  9277: ffffff;
  9278: ffffff;
  9279: ffffff;
  9280: ffffff;
  9281: ffffff;
  9282: ffffff;
  9283: ffffff;
  9284: ffffff;
  9285: ffffff;
  9286: ffffff;
  9287: ffffff;
  9288: ffffff;
  9289: ffffff;
  9290: ffffff;
  9291: ffffff;
  9292: ffffff;
  9293: ffffff;
  9294: ffffff;
  9295: ffffff;
  9296: ffffff;
  9297: ffffff;
  9298: ffffff;
  9299: ffffff;
  9300: ffffff;
  9301: ffffff;
  9302: ffffff;
  9303: ffffff;
  9304: ffffff;
  9305: ffffff;
  9306: ffffff;
  9307: ffffff;
  9308: ffffff;
  9309: ffffff;
  9310: ffffff;
  9311: ffffff;
  9312: ffffff;
  9313: ffffff;
  9314: ffffff;
  9315: ffffff;
  9316: ffffff;
  9317: ffffff;
  9318: ffffff;
  9319: ffffff;
  9320: ffffff;
  9321: fefefe;
  9322: fefefe;
  9323: fdfdfd;
  9324: fdfdfd;
  9325: fdfdfd;
  9326: fdfdfd;
  9327: fefefe;
  9328: fefefe;
  9329: ffffff;
  9330: ffffff;
  9331: ffffff;
  9332: ffffff;
  9333: ffffff;
  9334: ffffff;
  9335: ffffff;
  9336: ffffff;
  9337: ffffff;
  9338: ffffff;
  9339: ffffff;
  9340: ffffff;
  9341: ffffff;
  9342: ffffff;
  9343: ffffff;
  9344: ffffff;
  9345: ffffff;
  9346: ffffff;
  9347: ffffff;
  9348: ffffff;
  9349: ffffff;
  9350: ffffff;
  9351: ffffff;
  9352: ffffff;
  9353: ffffff;
  9354: ffffff;
  9355: ffffff;
  9356: ffffff;
  9357: ffffff;
  9358: ffffff;
  9359: fefefe;
  9360: fefefe;
  9361: fdfdfd;
  9362: fdfdfd;
  9363: fdfdfd;
  9364: fdfdfd;
  9365: fefefe;
  9366: fefefe;
  9367: ffffff;
  9368: ffffff;
  9369: ffffff;
  9370: ffffff;
  9371: ffffff;
  9372: ffffff;
  9373: ffffff;
  9374: ffffff;
  9375: ffffff;
  9376: ffffff;
  9377: ffffff;
  9378: ffffff;
  9379: ffffff;
  9380: ffffff;
  9381: ffffff;
  9382: ffffff;
  9383: ffffff;
  9384: ffffff;
  9385: ffffff;
  9386: ffffff;
  9387: ffffff;
  9388: ffffff;
  9389: ffffff;
  9390: ffffff;
  9391: ffffff;
  9392: ffffff;
  9393: ffffff;
  9394: ffffff;
  9395: ffffff;
  9396: ffffff;
  9397: ffffff;
  9398: ffffff;
  9399: ffffff;
  9400: ffffff;
  9401: ffffff;
  9402: ffffff;
  9403: ffffff;
  9404: ffffff;
  9405: ffffff;
  9406: ffffff;
  9407: ffffff;
  9408: ffffff;
  9409: ffffff;
  9410: ffffff;
  9411: ffffff;
  9412: ffffff;
  9413: ffffff;
  9414: ffffff;
  9415: ffffff;
  9416: ffffff;
  9417: ffffff;
  9418: ffffff;
  9419: ffffff;
  9420: ffffff;
  9421: ffffff;
  9422: ffffff;
  9423: ffffff;
  9424: ffffff;
  9425: ffffff;
  9426: ffffff;
  9427: ffffff;
  9428: ffffff;
  9429: ffffff;
  9430: ffffff;
  9431: ffffff;
  9432: ffffff;
  9433: ffffff;
  9434: ffffff;
  9435: ffffff;
  9436: ffffff;
  9437: ffffff;
  9438: ffffff;
  9439: ffffff;
  9440: ffffff;
  9441: ffffff;
  9442: ffffff;
  9443: ffffff;
  9444: ffffff;
  9445: ffffff;
  9446: ffffff;
  9447: ffffff;
  9448: ffffff;
  9449: fefefe;
  9450: fefefe;
  9451: fdfdfd;
  9452: fdfdfd;
  9453: fdfdfd;
  9454: fdfdfd;
  9455: fefefe;
  9456: fefefe;
  9457: ffffff;
  9458: ffffff;
  9459: ffffff;
  9460: ffffff;
  9461: ffffff;
  9462: ffffff;
  9463: ffffff;
  9464: ffffff;
  9465: ffffff;
  9466: ffffff;
  9467: ffffff;
  9468: ffffff;
  9469: ffffff;
  9470: ffffff;
  9471: ffffff;
  9472: ffffff;
  9473: ffffff;
  9474: ffffff;
  9475: ffffff;
  9476: fefefe;
  9477: fefefe;
  9478: fefefe;
  9479: fefefe;
  9480: fefefe;
  9481: fefefe;
  9482: fefefe;
  9483: ffffff;
  9484: ffffff;
  9485: ffffff;
  9486: ffffff;
  9487: fefefe;
  9488: fefefe;
  9489: fefefe;
  9490: fefefe;
  9491: fefefe;
  9492: fefefe;
  9493: fefefe;
  9494: fefefe;
  9495: ffffff;
  9496: ffffff;
  9497: ffffff;
  9498: ffffff;
  9499: ffffff;
  9500: ffffff;
  9501: ffffff;
  9502: ffffff;
  9503: ffffff;
  9504: ffffff;
  9505: ffffff;
  9506: ffffff;
  9507: ffffff;
  9508: ffffff;
  9509: ffffff;
  9510: ffffff;
  9511: ffffff;
  9512: ffffff;
  9513: ffffff;
  9514: ffffff;
  9515: ffffff;
  9516: ffffff;
  9517: ffffff;
  9518: ffffff;
  9519: ffffff;
  9520: ffffff;
  9521: ffffff;
  9522: ffffff;
  9523: ffffff;
  9524: ffffff;
  9525: ffffff;
  9526: ffffff;
  9527: ffffff;
  9528: ffffff;
  9529: ffffff;
  9530: ffffff;
  9531: ffffff;
  9532: ffffff;
  9533: ffffff;
  9534: ffffff;
  9535: ffffff;
  9536: ffffff;
  9537: ffffff;
  9538: ffffff;
  9539: ffffff;
  9540: ffffff;
  9541: ffffff;
  9542: ffffff;
  9543: ffffff;
  9544: ffffff;
  9545: ffffff;
  9546: ffffff;
  9547: ffffff;
  9548: ffffff;
  9549: ffffff;
  9550: ffffff;
  9551: ffffff;
  9552: ffffff;
  9553: ffffff;
  9554: ffffff;
  9555: ffffff;
  9556: ffffff;
  9557: ffffff;
  9558: ffffff;
  9559: ffffff;
  9560: ffffff;
  9561: ffffff;
  9562: ffffff;
  9563: ffffff;
  9564: ffffff;
  9565: ffffff;
  9566: ffffff;
  9567: ffffff;
  9568: ffffff;
  9569: ffffff;
  9570: ffffff;
  9571: ffffff;
  9572: ffffff;
  9573: ffffff;
  9574: ffffff;
  9575: ffffff;
  9576: ffffff;
  9577: fefefe;
  9578: fefefe;
  9579: fefefe;
  9580: fefefe;
  9581: fefefe;
  9582: fefefe;
  9583: fefefe;
  9584: fefefe;
  9585: ffffff;
  9586: ffffff;
  9587: ffffff;
  9588: ffffff;
  9589: fefefe;
  9590: fefefe;
  9591: fefefe;
  9592: fefefe;
  9593: fefefe;
  9594: fefefe;
  9595: fefefe;
  9596: ffffff;
  9597: ffffff;
  9598: ffffff;
  9599: ffffff;
  9600: fefefe;
  9601: fefefe;
  9602: fefefe;
  9603: fefefe;
  9604: fefefe;
  9605: fefefe;
  9606: fdfdfd;
  9607: fdfdfd;
  9608: fdfdfd;
  9609: fefefe;
  9610: fefefe;
  9611: fefefe;
  9612: ffffff;
  9613: ffffff;
  9614: ffffff;
  9615: ffffff;
  9616: ffffff;
  9617: fefefe;
  9618: fefefe;
  9619: fefefe;
  9620: fefefe;
  9621: ffffff;
  9622: ffffff;
  9623: ffffff;
  9624: ffffff;
  9625: ffffff;
  9626: ffffff;
  9627: ffffff;
  9628: ffffff;
  9629: ffffff;
  9630: ffffff;
  9631: ffffff;
  9632: ffffff;
  9633: ffffff;
  9634: ffffff;
  9635: ffffff;
  9636: ffffff;
  9637: ffffff;
  9638: ffffff;
  9639: ffffff;
  9640: ffffff;
  9641: ffffff;
  9642: ffffff;
  9643: ffffff;
  9644: ffffff;
  9645: ffffff;
  9646: ffffff;
  9647: ffffff;
  9648: ffffff;
  9649: ffffff;
  9650: ffffff;
  9651: ffffff;
  9652: ffffff;
  9653: ffffff;
  9654: ffffff;
  9655: ffffff;
  9656: ffffff;
  9657: ffffff;
  9658: ffffff;
  9659: ffffff;
  9660: ffffff;
  9661: ffffff;
  9662: ffffff;
  9663: ffffff;
  9664: ffffff;
  9665: ffffff;
  9666: ffffff;
  9667: ffffff;
  9668: ffffff;
  9669: ffffff;
  9670: ffffff;
  9671: ffffff;
  9672: ffffff;
  9673: ffffff;
  9674: ffffff;
  9675: ffffff;
  9676: ffffff;
  9677: ffffff;
  9678: ffffff;
  9679: ffffff;
  9680: ffffff;
  9681: ffffff;
  9682: ffffff;
  9683: ffffff;
  9684: ffffff;
  9685: ffffff;
  9686: ffffff;
  9687: ffffff;
  9688: ffffff;
  9689: ffffff;
  9690: ffffff;
  9691: ffffff;
  9692: ffffff;
  9693: ffffff;
  9694: ffffff;
  9695: ffffff;
  9696: ffffff;
  9697: ffffff;
  9698: ffffff;
  9699: ffffff;
  9700: ffffff;
  9701: ffffff;
  9702: ffffff;
  9703: ffffff;
  9704: ffffff;
  9705: ffffff;
  9706: ffffff;
  9707: fefefe;
  9708: fefefe;
  9709: fefefe;
  9710: fefefe;
  9711: ffffff;
  9712: ffffff;
  9713: ffffff;
  9714: ffffff;
  9715: ffffff;
  9716: fefefe;
  9717: fefefe;
  9718: fefefe;
  9719: fdfdfd;
  9720: fdfdfd;
  9721: fdfdfd;
  9722: fefefe;
  9723: fefefe;
  9724: fefefe;
  9725: fefefe;
  9726: fefefe;
  9727: fefefe;
  9728: fefefe;
  9729: fefefe;
  9730: fefefe;
  9731: fefefe;
  9732: fdfdfd;
  9733: fdfdfd;
  9734: fcfcfc;
  9735: fcfcfc;
  9736: fcfcfc;
  9737: fdfdfd;
  9738: fdfdfd;
  9739: fefefe;
  9740: ffffff;
  9741: ffffff;
  9742: ffffff;
  9743: ffffff;
  9744: ffffff;
  9745: ffffff;
  9746: ffffff;
  9747: ffffff;
  9748: ffffff;
  9749: ffffff;
  9750: ffffff;
  9751: ffffff;
  9752: ffffff;
  9753: ffffff;
  9754: ffffff;
  9755: ffffff;
  9756: ffffff;
  9757: ffffff;
  9758: ffffff;
  9759: ffffff;
  9760: ffffff;
  9761: ffffff;
  9762: ffffff;
  9763: ffffff;
  9764: ffffff;
  9765: ffffff;
  9766: ffffff;
  9767: ffffff;
  9768: ffffff;
  9769: ffffff;
  9770: ffffff;
  9771: ffffff;
  9772: ffffff;
  9773: ffffff;
  9774: ffffff;
  9775: ffffff;
  9776: ffffff;
  9777: ffffff;
  9778: ffffff;
  9779: ffffff;
  9780: ffffff;
  9781: ffffff;
  9782: ffffff;
  9783: ffffff;
  9784: ffffff;
  9785: ffffff;
  9786: ffffff;
  9787: ffffff;
  9788: ffffff;
  9789: ffffff;
  9790: ffffff;
  9791: ffffff;
  9792: ffffff;
  9793: ffffff;
  9794: ffffff;
  9795: ffffff;
  9796: ffffff;
  9797: ffffff;
  9798: ffffff;
  9799: ffffff;
  9800: ffffff;
  9801: ffffff;
  9802: ffffff;
  9803: ffffff;
  9804: ffffff;
  9805: ffffff;
  9806: ffffff;
  9807: ffffff;
  9808: ffffff;
  9809: ffffff;
  9810: ffffff;
  9811: ffffff;
  9812: ffffff;
  9813: ffffff;
  9814: ffffff;
  9815: ffffff;
  9816: ffffff;
  9817: ffffff;
  9818: ffffff;
  9819: ffffff;
  9820: ffffff;
  9821: ffffff;
  9822: ffffff;
  9823: ffffff;
  9824: ffffff;
  9825: ffffff;
  9826: ffffff;
  9827: ffffff;
  9828: ffffff;
  9829: ffffff;
  9830: ffffff;
  9831: ffffff;
  9832: ffffff;
  9833: ffffff;
  9834: ffffff;
  9835: ffffff;
  9836: ffffff;
  9837: ffffff;
  9838: ffffff;
  9839: ffffff;
  9840: ffffff;
  9841: ffffff;
  9842: ffffff;
  9843: ffffff;
  9844: fefefe;
  9845: fdfdfd;
  9846: fdfdfd;
  9847: fcfcfc;
  9848: fcfcfc;
  9849: fcfcfc;
  9850: fdfdfd;
  9851: fdfdfd;
  9852: fefefe;
  9853: fefefe;
  9854: fefefe;
  9855: fefefe;
  9856: fefefe;
  9857: fefefe;
  9858: fefefe;
  9859: fefefe;
  9860: fdfdfd;
  9861: fdfdfd;
  9862: fcfcfc;
  9863: fcfcfc;
  9864: fcfcfc;
  9865: fdfdfd;
  9866: fdfdfd;
  9867: fefefe;
  9868: ffffff;
  9869: ffffff;
  9870: ffffff;
  9871: ffffff;
  9872: ffffff;
  9873: ffffff;
  9874: ffffff;
  9875: ffffff;
  9876: ffffff;
  9877: ffffff;
  9878: ffffff;
  9879: ffffff;
  9880: ffffff;
  9881: ffffff;
  9882: ffffff;
  9883: ffffff;
  9884: ffffff;
  9885: ffffff;
  9886: ffffff;
  9887: ffffff;
  9888: ffffff;
  9889: ffffff;
  9890: ffffff;
  9891: ffffff;
  9892: ffffff;
  9893: ffffff;
  9894: ffffff;
  9895: ffffff;
  9896: ffffff;
  9897: ffffff;
  9898: ffffff;
  9899: ffffff;
  9900: ffffff;
  9901: ffffff;
  9902: ffffff;
  9903: ffffff;
  9904: ffffff;
  9905: ffffff;
  9906: ffffff;
  9907: ffffff;
  9908: ffffff;
  9909: ffffff;
  9910: ffffff;
  9911: ffffff;
  9912: ffffff;
  9913: ffffff;
  9914: ffffff;
  9915: ffffff;
  9916: ffffff;
  9917: ffffff;
  9918: ffffff;
  9919: ffffff;
  9920: ffffff;
  9921: ffffff;
  9922: ffffff;
  9923: ffffff;
  9924: ffffff;
  9925: ffffff;
  9926: ffffff;
  9927: ffffff;
  9928: ffffff;
  9929: ffffff;
  9930: ffffff;
  9931: ffffff;
  9932: ffffff;
  9933: ffffff;
  9934: ffffff;
  9935: ffffff;
  9936: ffffff;
  9937: ffffff;
  9938: ffffff;
  9939: ffffff;
  9940: ffffff;
  9941: ffffff;
  9942: ffffff;
  9943: ffffff;
  9944: ffffff;
  9945: ffffff;
  9946: ffffff;
  9947: ffffff;
  9948: ffffff;
  9949: ffffff;
  9950: ffffff;
  9951: ffffff;
  9952: ffffff;
  9953: ffffff;
  9954: ffffff;
  9955: ffffff;
  9956: ffffff;
  9957: ffffff;
  9958: ffffff;
  9959: ffffff;
  9960: ffffff;
  9961: ffffff;
  9962: ffffff;
  9963: ffffff;
  9964: ffffff;
  9965: ffffff;
  9966: ffffff;
  9967: ffffff;
  9968: ffffff;
  9969: ffffff;
  9970: ffffff;
  9971: ffffff;
  9972: fefefe;
  9973: fdfdfd;
  9974: fdfdfd;
  9975: fcfcfc;
  9976: fcfcfc;
  9977: fcfcfc;
  9978: fdfdfd;
  9979: fdfdfd;
  9980: fefefe;
  9981: fefefe;
  9982: fefefe;
  9983: fefefe;
  9984: fefefe;
  9985: fefefe;
  9986: fefefe;
  9987: fefefe;
  9988: fdfdfd;
  9989: fdfdfd;
  9990: fcfcfc;
  9991: fcfcfc;
  9992: fcfcfc;
  9993: fdfdfd;
  9994: fdfdfd;
  9995: fefefe;
  9996: ffffff;
  9997: ffffff;
  9998: ffffff;
  9999: ffffff;
  10000: ffffff;
  10001: ffffff;
  10002: ffffff;
  10003: ffffff;
  10004: ffffff;
  10005: ffffff;
  10006: ffffff;
  10007: ffffff;
  10008: ffffff;
  10009: ffffff;
  10010: ffffff;
  10011: ffffff;
  10012: ffffff;
  10013: ffffff;
  10014: ffffff;
  10015: ffffff;
  10016: ffffff;
  10017: ffffff;
  10018: ffffff;
  10019: ffffff;
  10020: ffffff;
  10021: ffffff;
  10022: ffffff;
  10023: ffffff;
  10024: ffffff;
  10025: ffffff;
  10026: ffffff;
  10027: ffffff;
  10028: ffffff;
  10029: ffffff;
  10030: ffffff;
  10031: ffffff;
  10032: ffffff;
  10033: ffffff;
  10034: ffffff;
  10035: ffffff;
  10036: ffffff;
  10037: ffffff;
  10038: ffffff;
  10039: ffffff;
  10040: ffffff;
  10041: ffffff;
  10042: ffffff;
  10043: ffffff;
  10044: ffffff;
  10045: ffffff;
  10046: ffffff;
  10047: ffffff;
  10048: ffffff;
  10049: ffffff;
  10050: ffffff;
  10051: ffffff;
  10052: ffffff;
  10053: ffffff;
  10054: ffffff;
  10055: ffffff;
  10056: ffffff;
  10057: ffffff;
  10058: ffffff;
  10059: ffffff;
  10060: ffffff;
  10061: ffffff;
  10062: ffffff;
  10063: ffffff;
  10064: ffffff;
  10065: ffffff;
  10066: ffffff;
  10067: ffffff;
  10068: ffffff;
  10069: ffffff;
  10070: ffffff;
  10071: ffffff;
  10072: ffffff;
  10073: ffffff;
  10074: ffffff;
  10075: ffffff;
  10076: ffffff;
  10077: ffffff;
  10078: ffffff;
  10079: ffffff;
  10080: ffffff;
  10081: ffffff;
  10082: ffffff;
  10083: ffffff;
  10084: ffffff;
  10085: ffffff;
  10086: ffffff;
  10087: ffffff;
  10088: ffffff;
  10089: ffffff;
  10090: ffffff;
  10091: ffffff;
  10092: ffffff;
  10093: ffffff;
  10094: ffffff;
  10095: ffffff;
  10096: ffffff;
  10097: ffffff;
  10098: ffffff;
  10099: ffffff;
  10100: fefefe;
  10101: fdfdfd;
  10102: fdfdfd;
  10103: fcfcfc;
  10104: fcfcfc;
  10105: fcfcfc;
  10106: fdfdfd;
  10107: fdfdfd;
  10108: fefefe;
  10109: fefefe;
  10110: fefefe;
  10111: fefefe;
  10112: fefefe;
  10113: fefefe;
  10114: fefefe;
  10115: fefefe;
  10116: fdfdfd;
  10117: fdfdfd;
  10118: fcfcfc;
  10119: fcfcfc;
  10120: fcfcfc;
  10121: fdfdfd;
  10122: fdfdfd;
  10123: fefefe;
  10124: ffffff;
  10125: ffffff;
  10126: ffffff;
  10127: ffffff;
  10128: ffffff;
  10129: ffffff;
  10130: ffffff;
  10131: ffffff;
  10132: ffffff;
  10133: ffffff;
  10134: ffffff;
  10135: ffffff;
  10136: ffffff;
  10137: ffffff;
  10138: ffffff;
  10139: ffffff;
  10140: ffffff;
  10141: ffffff;
  10142: ffffff;
  10143: ffffff;
  10144: ffffff;
  10145: ffffff;
  10146: ffffff;
  10147: ffffff;
  10148: ffffff;
  10149: ffffff;
  10150: ffffff;
  10151: ffffff;
  10152: ffffff;
  10153: ffffff;
  10154: ffffff;
  10155: ffffff;
  10156: ffffff;
  10157: ffffff;
  10158: ffffff;
  10159: ffffff;
  10160: ffffff;
  10161: ffffff;
  10162: ffffff;
  10163: ffffff;
  10164: ffffff;
  10165: ffffff;
  10166: ffffff;
  10167: ffffff;
  10168: ffffff;
  10169: ffffff;
  10170: ffffff;
  10171: ffffff;
  10172: ffffff;
  10173: ffffff;
  10174: ffffff;
  10175: ffffff;
  10176: ffffff;
  10177: ffffff;
  10178: ffffff;
  10179: ffffff;
  10180: ffffff;
  10181: ffffff;
  10182: ffffff;
  10183: ffffff;
  10184: ffffff;
  10185: ffffff;
  10186: ffffff;
  10187: ffffff;
  10188: ffffff;
  10189: ffffff;
  10190: ffffff;
  10191: ffffff;
  10192: ffffff;
  10193: ffffff;
  10194: ffffff;
  10195: ffffff;
  10196: ffffff;
  10197: ffffff;
  10198: ffffff;
  10199: ffffff;
  10200: ffffff;
  10201: ffffff;
  10202: ffffff;
  10203: ffffff;
  10204: ffffff;
  10205: ffffff;
  10206: ffffff;
  10207: ffffff;
  10208: ffffff;
  10209: ffffff;
  10210: ffffff;
  10211: ffffff;
  10212: ffffff;
  10213: ffffff;
  10214: ffffff;
  10215: ffffff;
  10216: ffffff;
  10217: ffffff;
  10218: ffffff;
  10219: ffffff;
  10220: ffffff;
  10221: ffffff;
  10222: ffffff;
  10223: ffffff;
  10224: ffffff;
  10225: ffffff;
  10226: ffffff;
  10227: ffffff;
  10228: fefefe;
  10229: fdfdfd;
  10230: fdfdfd;
  10231: fcfcfc;
  10232: fcfcfc;
  10233: fcfcfc;
  10234: fdfdfd;
  10235: fdfdfd;
  10236: fefefe;
  10237: fefefe;
  10238: fefefe;
  10239: fefefe;
  10240: fefefe;
  10241: fefefe;
  10242: fefefe;
  10243: fefefe;
  10244: fdfdfd;
  10245: fdfdfd;
  10246: fcfcfc;
  10247: fcfcfc;
  10248: fcfcfc;
  10249: fdfdfd;
  10250: fdfdfd;
  10251: fefefe;
  10252: ffffff;
  10253: ffffff;
  10254: ffffff;
  10255: ffffff;
  10256: ffffff;
  10257: ffffff;
  10258: ffffff;
  10259: ffffff;
  10260: ffffff;
  10261: ffffff;
  10262: ffffff;
  10263: ffffff;
  10264: ffffff;
  10265: ffffff;
  10266: ffffff;
  10267: ffffff;
  10268: ffffff;
  10269: ffffff;
  10270: ffffff;
  10271: ffffff;
  10272: ffffff;
  10273: ffffff;
  10274: ffffff;
  10275: ffffff;
  10276: ffffff;
  10277: ffffff;
  10278: ffffff;
  10279: ffffff;
  10280: ffffff;
  10281: ffffff;
  10282: ffffff;
  10283: ffffff;
  10284: ffffff;
  10285: ffffff;
  10286: ffffff;
  10287: ffffff;
  10288: ffffff;
  10289: ffffff;
  10290: ffffff;
  10291: ffffff;
  10292: ffffff;
  10293: ffffff;
  10294: ffffff;
  10295: ffffff;
  10296: ffffff;
  10297: ffffff;
  10298: ffffff;
  10299: ffffff;
  10300: ffffff;
  10301: ffffff;
  10302: ffffff;
  10303: ffffff;
  10304: ffffff;
  10305: ffffff;
  10306: ffffff;
  10307: ffffff;
  10308: ffffff;
  10309: ffffff;
  10310: ffffff;
  10311: ffffff;
  10312: ffffff;
  10313: ffffff;
  10314: ffffff;
  10315: ffffff;
  10316: ffffff;
  10317: ffffff;
  10318: ffffff;
  10319: ffffff;
  10320: ffffff;
  10321: ffffff;
  10322: ffffff;
  10323: ffffff;
  10324: ffffff;
  10325: ffffff;
  10326: ffffff;
  10327: ffffff;
  10328: ffffff;
  10329: ffffff;
  10330: ffffff;
  10331: ffffff;
  10332: ffffff;
  10333: ffffff;
  10334: ffffff;
  10335: ffffff;
  10336: ffffff;
  10337: ffffff;
  10338: ffffff;
  10339: ffffff;
  10340: ffffff;
  10341: ffffff;
  10342: ffffff;
  10343: ffffff;
  10344: ffffff;
  10345: ffffff;
  10346: ffffff;
  10347: ffffff;
  10348: ffffff;
  10349: ffffff;
  10350: ffffff;
  10351: ffffff;
  10352: ffffff;
  10353: ffffff;
  10354: ffffff;
  10355: ffffff;
  10356: fefefe;
  10357: fdfdfd;
  10358: fdfdfd;
  10359: fcfcfc;
  10360: fcfcfc;
  10361: fcfcfc;
  10362: fdfdfd;
  10363: fdfdfd;
  10364: fefefe;
  10365: fefefe;
  10366: fefefe;
  10367: fefefe;
  10368: fefefe;
  10369: fefefe;
  10370: fefefe;
  10371: fefefe;
  10372: fdfdfd;
  10373: fdfdfd;
  10374: fcfcfc;
  10375: fcfcfc;
  10376: fcfcfc;
  10377: fdfdfd;
  10378: fdfdfd;
  10379: fefefe;
  10380: ffffff;
  10381: ffffff;
  10382: ffffff;
  10383: ffffff;
  10384: ffffff;
  10385: ffffff;
  10386: ffffff;
  10387: ffffff;
  10388: ffffff;
  10389: ffffff;
  10390: ffffff;
  10391: ffffff;
  10392: ffffff;
  10393: ffffff;
  10394: ffffff;
  10395: ffffff;
  10396: ffffff;
  10397: ffffff;
  10398: ffffff;
  10399: ffffff;
  10400: ffffff;
  10401: ffffff;
  10402: ffffff;
  10403: ffffff;
  10404: ffffff;
  10405: ffffff;
  10406: ffffff;
  10407: ffffff;
  10408: ffffff;
  10409: ffffff;
  10410: ffffff;
  10411: ffffff;
  10412: ffffff;
  10413: ffffff;
  10414: ffffff;
  10415: ffffff;
  10416: ffffff;
  10417: ffffff;
  10418: ffffff;
  10419: ffffff;
  10420: ffffff;
  10421: ffffff;
  10422: ffffff;
  10423: ffffff;
  10424: ffffff;
  10425: ffffff;
  10426: ffffff;
  10427: ffffff;
  10428: ffffff;
  10429: ffffff;
  10430: ffffff;
  10431: ffffff;
  10432: ffffff;
  10433: ffffff;
  10434: ffffff;
  10435: ffffff;
  10436: ffffff;
  10437: ffffff;
  10438: ffffff;
  10439: ffffff;
  10440: ffffff;
  10441: ffffff;
  10442: ffffff;
  10443: ffffff;
  10444: ffffff;
  10445: ffffff;
  10446: ffffff;
  10447: ffffff;
  10448: ffffff;
  10449: ffffff;
  10450: ffffff;
  10451: ffffff;
  10452: ffffff;
  10453: ffffff;
  10454: ffffff;
  10455: ffffff;
  10456: ffffff;
  10457: ffffff;
  10458: ffffff;
  10459: ffffff;
  10460: ffffff;
  10461: ffffff;
  10462: ffffff;
  10463: ffffff;
  10464: ffffff;
  10465: ffffff;
  10466: ffffff;
  10467: ffffff;
  10468: ffffff;
  10469: ffffff;
  10470: ffffff;
  10471: ffffff;
  10472: ffffff;
  10473: ffffff;
  10474: ffffff;
  10475: ffffff;
  10476: ffffff;
  10477: ffffff;
  10478: ffffff;
  10479: ffffff;
  10480: ffffff;
  10481: ffffff;
  10482: ffffff;
  10483: ffffff;
  10484: fefefe;
  10485: fdfdfd;
  10486: fdfdfd;
  10487: fcfcfc;
  10488: fcfcfc;
  10489: fcfcfc;
  10490: fdfdfd;
  10491: fdfdfd;
  10492: fefefe;
  10493: fefefe;
  10494: fefefe;
  10495: fefefe;
  10496: fefefe;
  10497: fefefe;
  10498: fefefe;
  10499: fefefe;
  10500: fdfdfd;
  10501: fdfdfd;
  10502: fcfcfc;
  10503: fcfcfc;
  10504: fcfcfc;
  10505: fdfdfd;
  10506: fdfdfd;
  10507: fefefe;
  10508: ffffff;
  10509: ffffff;
  10510: ffffff;
  10511: ffffff;
  10512: ffffff;
  10513: ffffff;
  10514: ffffff;
  10515: ffffff;
  10516: ffffff;
  10517: ffffff;
  10518: ffffff;
  10519: ffffff;
  10520: ffffff;
  10521: ffffff;
  10522: ffffff;
  10523: ffffff;
  10524: ffffff;
  10525: ffffff;
  10526: ffffff;
  10527: ffffff;
  10528: ffffff;
  10529: ffffff;
  10530: ffffff;
  10531: ffffff;
  10532: ffffff;
  10533: ffffff;
  10534: ffffff;
  10535: ffffff;
  10536: ffffff;
  10537: ffffff;
  10538: ffffff;
  10539: ffffff;
  10540: ffffff;
  10541: ffffff;
  10542: ffffff;
  10543: ffffff;
  10544: ffffff;
  10545: ffffff;
  10546: ffffff;
  10547: ffffff;
  10548: ffffff;
  10549: ffffff;
  10550: ffffff;
  10551: ffffff;
  10552: ffffff;
  10553: ffffff;
  10554: ffffff;
  10555: ffffff;
  10556: ffffff;
  10557: ffffff;
  10558: ffffff;
  10559: ffffff;
  10560: ffffff;
  10561: ffffff;
  10562: ffffff;
  10563: ffffff;
  10564: ffffff;
  10565: ffffff;
  10566: ffffff;
  10567: ffffff;
  10568: ffffff;
  10569: ffffff;
  10570: ffffff;
  10571: ffffff;
  10572: ffffff;
  10573: ffffff;
  10574: ffffff;
  10575: ffffff;
  10576: ffffff;
  10577: ffffff;
  10578: ffffff;
  10579: ffffff;
  10580: ffffff;
  10581: ffffff;
  10582: ffffff;
  10583: ffffff;
  10584: ffffff;
  10585: ffffff;
  10586: ffffff;
  10587: ffffff;
  10588: ffffff;
  10589: ffffff;
  10590: ffffff;
  10591: ffffff;
  10592: ffffff;
  10593: ffffff;
  10594: ffffff;
  10595: ffffff;
  10596: ffffff;
  10597: ffffff;
  10598: ffffff;
  10599: ffffff;
  10600: ffffff;
  10601: ffffff;
  10602: ffffff;
  10603: ffffff;
  10604: ffffff;
  10605: ffffff;
  10606: ffffff;
  10607: ffffff;
  10608: ffffff;
  10609: ffffff;
  10610: ffffff;
  10611: ffffff;
  10612: fefefe;
  10613: fdfdfd;
  10614: fdfdfd;
  10615: fcfcfc;
  10616: fcfcfc;
  10617: fcfcfc;
  10618: fdfdfd;
  10619: fdfdfd;
  10620: fefefe;
  10621: fefefe;
  10622: fefefe;
  10623: fefefe;
  10624: fefefe;
  10625: fefefe;
  10626: fefefe;
  10627: fefefe;
  10628: fdfdfd;
  10629: fdfdfd;
  10630: fcfcfc;
  10631: fcfcfc;
  10632: fcfcfc;
  10633: fdfdfd;
  10634: fdfdfd;
  10635: fefefe;
  10636: ffffff;
  10637: ffffff;
  10638: ffffff;
  10639: ffffff;
  10640: ffffff;
  10641: ffffff;
  10642: ffffff;
  10643: ffffff;
  10644: ffffff;
  10645: ffffff;
  10646: ffffff;
  10647: ffffff;
  10648: ffffff;
  10649: ffffff;
  10650: ffffff;
  10651: ffffff;
  10652: ffffff;
  10653: ffffff;
  10654: ffffff;
  10655: ffffff;
  10656: ffffff;
  10657: ffffff;
  10658: ffffff;
  10659: ffffff;
  10660: ffffff;
  10661: ffffff;
  10662: ffffff;
  10663: ffffff;
  10664: ffffff;
  10665: ffffff;
  10666: ffffff;
  10667: ffffff;
  10668: ffffff;
  10669: ffffff;
  10670: ffffff;
  10671: ffffff;
  10672: ffffff;
  10673: ffffff;
  10674: ffffff;
  10675: ffffff;
  10676: ffffff;
  10677: ffffff;
  10678: ffffff;
  10679: ffffff;
  10680: ffffff;
  10681: ffffff;
  10682: ffffff;
  10683: ffffff;
  10684: ffffff;
  10685: ffffff;
  10686: ffffff;
  10687: ffffff;
  10688: ffffff;
  10689: ffffff;
  10690: ffffff;
  10691: ffffff;
  10692: ffffff;
  10693: ffffff;
  10694: ffffff;
  10695: ffffff;
  10696: ffffff;
  10697: ffffff;
  10698: ffffff;
  10699: ffffff;
  10700: ffffff;
  10701: ffffff;
  10702: ffffff;
  10703: ffffff;
  10704: ffffff;
  10705: ffffff;
  10706: ffffff;
  10707: ffffff;
  10708: ffffff;
  10709: ffffff;
  10710: ffffff;
  10711: ffffff;
  10712: ffffff;
  10713: ffffff;
  10714: ffffff;
  10715: ffffff;
  10716: ffffff;
  10717: ffffff;
  10718: ffffff;
  10719: ffffff;
  10720: ffffff;
  10721: ffffff;
  10722: ffffff;
  10723: ffffff;
  10724: ffffff;
  10725: ffffff;
  10726: ffffff;
  10727: ffffff;
  10728: ffffff;
  10729: ffffff;
  10730: ffffff;
  10731: ffffff;
  10732: ffffff;
  10733: ffffff;
  10734: ffffff;
  10735: ffffff;
  10736: ffffff;
  10737: ffffff;
  10738: ffffff;
  10739: ffffff;
  10740: fefefe;
  10741: fdfdfd;
  10742: fdfdfd;
  10743: fcfcfc;
  10744: fcfcfc;
  10745: fcfcfc;
  10746: fdfdfd;
  10747: fdfdfd;
  10748: fefefe;
  10749: fefefe;
  10750: fefefe;
  10751: fefefe;
  10752: fefefe;
  10753: fefefe;
  10754: fefefe;
  10755: fefefe;
  10756: fefefe;
  10757: fefefe;
  10758: fdfdfd;
  10759: fdfdfd;
  10760: fdfdfd;
  10761: fefefe;
  10762: fefefe;
  10763: fefefe;
  10764: ffffff;
  10765: ffffff;
  10766: ffffff;
  10767: ffffff;
  10768: ffffff;
  10769: fefefe;
  10770: fefefe;
  10771: fefefe;
  10772: fefefe;
  10773: ffffff;
  10774: ffffff;
  10775: ffffff;
  10776: ffffff;
  10777: ffffff;
  10778: ffffff;
  10779: ffffff;
  10780: ffffff;
  10781: ffffff;
  10782: ffffff;
  10783: ffffff;
  10784: ffffff;
  10785: ffffff;
  10786: ffffff;
  10787: ffffff;
  10788: ffffff;
  10789: ffffff;
  10790: ffffff;
  10791: ffffff;
  10792: ffffff;
  10793: ffffff;
  10794: ffffff;
  10795: ffffff;
  10796: ffffff;
  10797: ffffff;
  10798: ffffff;
  10799: ffffff;
  10800: ffffff;
  10801: ffffff;
  10802: ffffff;
  10803: ffffff;
  10804: ffffff;
  10805: ffffff;
  10806: ffffff;
  10807: ffffff;
  10808: ffffff;
  10809: ffffff;
  10810: ffffff;
  10811: ffffff;
  10812: ffffff;
  10813: ffffff;
  10814: ffffff;
  10815: ffffff;
  10816: ffffff;
  10817: ffffff;
  10818: ffffff;
  10819: ffffff;
  10820: ffffff;
  10821: ffffff;
  10822: ffffff;
  10823: ffffff;
  10824: ffffff;
  10825: ffffff;
  10826: ffffff;
  10827: ffffff;
  10828: ffffff;
  10829: ffffff;
  10830: ffffff;
  10831: ffffff;
  10832: ffffff;
  10833: ffffff;
  10834: ffffff;
  10835: ffffff;
  10836: ffffff;
  10837: ffffff;
  10838: ffffff;
  10839: ffffff;
  10840: ffffff;
  10841: ffffff;
  10842: ffffff;
  10843: ffffff;
  10844: ffffff;
  10845: ffffff;
  10846: ffffff;
  10847: ffffff;
  10848: ffffff;
  10849: ffffff;
  10850: ffffff;
  10851: ffffff;
  10852: ffffff;
  10853: ffffff;
  10854: ffffff;
  10855: ffffff;
  10856: ffffff;
  10857: ffffff;
  10858: ffffff;
  10859: fefefe;
  10860: fefefe;
  10861: fefefe;
  10862: fefefe;
  10863: ffffff;
  10864: ffffff;
  10865: ffffff;
  10866: ffffff;
  10867: ffffff;
  10868: fefefe;
  10869: fefefe;
  10870: fefefe;
  10871: fdfdfd;
  10872: fdfdfd;
  10873: fdfdfd;
  10874: fefefe;
  10875: fefefe;
  10876: fefefe;
  10877: fefefe;
  10878: fefefe;
  10879: fefefe;
  10880: ffffff;
  10881: ffffff;
  10882: ffffff;
  10883: ffffff;
  10884: fefefe;
  10885: fefefe;
  10886: fefefe;
  10887: fefefe;
  10888: fefefe;
  10889: fefefe;
  10890: fefefe;
  10891: ffffff;
  10892: ffffff;
  10893: ffffff;
  10894: ffffff;
  10895: fefefe;
  10896: fefefe;
  10897: fefefe;
  10898: fefefe;
  10899: fefefe;
  10900: fefefe;
  10901: fefefe;
  10902: fefefe;
  10903: ffffff;
  10904: ffffff;
  10905: ffffff;
  10906: ffffff;
  10907: ffffff;
  10908: ffffff;
  10909: ffffff;
  10910: ffffff;
  10911: ffffff;
  10912: ffffff;
  10913: ffffff;
  10914: ffffff;
  10915: ffffff;
  10916: ffffff;
  10917: ffffff;
  10918: ffffff;
  10919: ffffff;
  10920: ffffff;
  10921: ffffff;
  10922: ffffff;
  10923: ffffff;
  10924: ffffff;
  10925: ffffff;
  10926: ffffff;
  10927: ffffff;
  10928: ffffff;
  10929: ffffff;
  10930: ffffff;
  10931: ffffff;
  10932: ffffff;
  10933: ffffff;
  10934: ffffff;
  10935: ffffff;
  10936: ffffff;
  10937: ffffff;
  10938: ffffff;
  10939: ffffff;
  10940: ffffff;
  10941: ffffff;
  10942: ffffff;
  10943: ffffff;
  10944: ffffff;
  10945: ffffff;
  10946: ffffff;
  10947: ffffff;
  10948: ffffff;
  10949: ffffff;
  10950: ffffff;
  10951: ffffff;
  10952: ffffff;
  10953: ffffff;
  10954: ffffff;
  10955: ffffff;
  10956: ffffff;
  10957: ffffff;
  10958: ffffff;
  10959: ffffff;
  10960: ffffff;
  10961: ffffff;
  10962: ffffff;
  10963: ffffff;
  10964: ffffff;
  10965: ffffff;
  10966: ffffff;
  10967: ffffff;
  10968: ffffff;
  10969: ffffff;
  10970: ffffff;
  10971: ffffff;
  10972: ffffff;
  10973: ffffff;
  10974: ffffff;
  10975: ffffff;
  10976: ffffff;
  10977: ffffff;
  10978: ffffff;
  10979: ffffff;
  10980: ffffff;
  10981: ffffff;
  10982: ffffff;
  10983: ffffff;
  10984: ffffff;
  10985: fefefe;
  10986: fefefe;
  10987: fefefe;
  10988: fefefe;
  10989: fefefe;
  10990: fefefe;
  10991: fefefe;
  10992: fefefe;
  10993: ffffff;
  10994: ffffff;
  10995: ffffff;
  10996: ffffff;
  10997: fefefe;
  10998: fefefe;
  10999: fefefe;
  11000: fefefe;
  11001: fefefe;
  11002: fefefe;
  11003: fefefe;
  11004: ffffff;
  11005: ffffff;
  11006: ffffff;
  11007: ffffff;
  11008: ffffff;
  11009: ffffff;
  11010: ffffff;
  11011: ffffff;
  11012: ffffff;
  11013: ffffff;
  11014: ffffff;
  11015: ffffff;
  11016: ffffff;
  11017: ffffff;
  11018: ffffff;
  11019: ffffff;
  11020: ffffff;
  11021: ffffff;
  11022: ffffff;
  11023: fefefe;
  11024: fefefe;
  11025: fdfdfd;
  11026: fdfdfd;
  11027: fdfdfd;
  11028: fdfdfd;
  11029: fefefe;
  11030: fefefe;
  11031: ffffff;
  11032: ffffff;
  11033: ffffff;
  11034: ffffff;
  11035: ffffff;
  11036: ffffff;
  11037: ffffff;
  11038: ffffff;
  11039: ffffff;
  11040: ffffff;
  11041: ffffff;
  11042: ffffff;
  11043: ffffff;
  11044: ffffff;
  11045: ffffff;
  11046: ffffff;
  11047: ffffff;
  11048: ffffff;
  11049: ffffff;
  11050: ffffff;
  11051: ffffff;
  11052: ffffff;
  11053: ffffff;
  11054: ffffff;
  11055: ffffff;
  11056: ffffff;
  11057: ffffff;
  11058: ffffff;
  11059: ffffff;
  11060: ffffff;
  11061: ffffff;
  11062: ffffff;
  11063: ffffff;
  11064: ffffff;
  11065: ffffff;
  11066: ffffff;
  11067: ffffff;
  11068: ffffff;
  11069: ffffff;
  11070: ffffff;
  11071: ffffff;
  11072: ffffff;
  11073: ffffff;
  11074: ffffff;
  11075: ffffff;
  11076: ffffff;
  11077: ffffff;
  11078: ffffff;
  11079: ffffff;
  11080: ffffff;
  11081: ffffff;
  11082: ffffff;
  11083: ffffff;
  11084: ffffff;
  11085: ffffff;
  11086: ffffff;
  11087: ffffff;
  11088: ffffff;
  11089: ffffff;
  11090: ffffff;
  11091: ffffff;
  11092: ffffff;
  11093: ffffff;
  11094: ffffff;
  11095: ffffff;
  11096: ffffff;
  11097: ffffff;
  11098: ffffff;
  11099: ffffff;
  11100: ffffff;
  11101: ffffff;
  11102: ffffff;
  11103: ffffff;
  11104: ffffff;
  11105: ffffff;
  11106: ffffff;
  11107: ffffff;
  11108: ffffff;
  11109: ffffff;
  11110: ffffff;
  11111: ffffff;
  11112: ffffff;
  11113: fefefe;
  11114: fefefe;
  11115: fdfdfd;
  11116: fdfdfd;
  11117: fdfdfd;
  11118: fdfdfd;
  11119: fefefe;
  11120: fefefe;
  11121: ffffff;
  11122: ffffff;
  11123: ffffff;
  11124: ffffff;
  11125: ffffff;
  11126: ffffff;
  11127: ffffff;
  11128: ffffff;
  11129: ffffff;
  11130: ffffff;
  11131: ffffff;
  11132: ffffff;
  11133: ffffff;
  11134: ffffff;
  11135: ffffff;
  11136: ffffff;
  11137: ffffff;
  11138: ffffff;
  11139: ffffff;
  11140: ffffff;
  11141: ffffff;
  11142: ffffff;
  11143: ffffff;
  11144: ffffff;
  11145: ffffff;
  11146: ffffff;
  11147: ffffff;
  11148: ffffff;
  11149: ffffff;
  11150: ffffff;
  11151: fefefe;
  11152: fefefe;
  11153: fdfdfd;
  11154: fdfdfd;
  11155: fdfdfd;
  11156: fdfdfd;
  11157: fefefe;
  11158: fefefe;
  11159: ffffff;
  11160: ffffff;
  11161: ffffff;
  11162: ffffff;
  11163: ffffff;
  11164: ffffff;
  11165: ffffff;
  11166: ffffff;
  11167: ffffff;
  11168: ffffff;
  11169: ffffff;
  11170: ffffff;
  11171: ffffff;
  11172: ffffff;
  11173: ffffff;
  11174: ffffff;
  11175: ffffff;
  11176: ffffff;
  11177: ffffff;
  11178: ffffff;
  11179: ffffff;
  11180: ffffff;
  11181: ffffff;
  11182: ffffff;
  11183: ffffff;
  11184: ffffff;
  11185: ffffff;
  11186: ffffff;
  11187: ffffff;
  11188: ffffff;
  11189: ffffff;
  11190: ffffff;
  11191: ffffff;
  11192: ffffff;
  11193: ffffff;
  11194: ffffff;
  11195: ffffff;
  11196: ffffff;
  11197: ffffff;
  11198: ffffff;
  11199: ffffff;
  11200: ffffff;
  11201: ffffff;
  11202: ffffff;
  11203: ffffff;
  11204: ffffff;
  11205: ffffff;
  11206: ffffff;
  11207: ffffff;
  11208: ffffff;
  11209: ffffff;
  11210: ffffff;
  11211: ffffff;
  11212: ffffff;
  11213: ffffff;
  11214: ffffff;
  11215: ffffff;
  11216: ffffff;
  11217: ffffff;
  11218: ffffff;
  11219: ffffff;
  11220: ffffff;
  11221: ffffff;
  11222: ffffff;
  11223: ffffff;
  11224: ffffff;
  11225: ffffff;
  11226: ffffff;
  11227: ffffff;
  11228: ffffff;
  11229: ffffff;
  11230: ffffff;
  11231: ffffff;
  11232: ffffff;
  11233: ffffff;
  11234: ffffff;
  11235: ffffff;
  11236: ffffff;
  11237: ffffff;
  11238: ffffff;
  11239: ffffff;
  11240: ffffff;
  11241: fefefe;
  11242: fefefe;
  11243: fdfdfd;
  11244: fdfdfd;
  11245: fdfdfd;
  11246: fdfdfd;
  11247: fefefe;
  11248: fefefe;
  11249: ffffff;
  11250: ffffff;
  11251: ffffff;
  11252: ffffff;
  11253: ffffff;
  11254: ffffff;
  11255: ffffff;
  11256: ffffff;
  11257: ffffff;
  11258: ffffff;
  11259: ffffff;
  11260: ffffff;
  11261: ffffff;
  11262: ffffff;
  11263: ffffff;
  11264: ffffff;
  11265: ffffff;
  11266: ffffff;
  11267: ffffff;
  11268: ffffff;
  11269: ffffff;
  11270: ffffff;
  11271: ffffff;
  11272: ffffff;
  11273: ffffff;
  11274: ffffff;
  11275: ffffff;
  11276: ffffff;
  11277: ffffff;
  11278: ffffff;
  11279: fefefe;
  11280: fefefe;
  11281: fdfdfd;
  11282: fdfdfd;
  11283: fdfdfd;
  11284: fdfdfd;
  11285: fefefe;
  11286: fefefe;
  11287: ffffff;
  11288: ffffff;
  11289: ffffff;
  11290: ffffff;
  11291: ffffff;
  11292: ffffff;
  11293: ffffff;
  11294: ffffff;
  11295: ffffff;
  11296: ffffff;
  11297: ffffff;
  11298: ffffff;
  11299: ffffff;
  11300: ffffff;
  11301: ffffff;
  11302: ffffff;
  11303: ffffff;
  11304: ffffff;
  11305: ffffff;
  11306: ffffff;
  11307: ffffff;
  11308: ffffff;
  11309: ffffff;
  11310: ffffff;
  11311: ffffff;
  11312: ffffff;
  11313: ffffff;
  11314: ffffff;
  11315: ffffff;
  11316: ffffff;
  11317: ffffff;
  11318: ffffff;
  11319: ffffff;
  11320: ffffff;
  11321: ffffff;
  11322: ffffff;
  11323: ffffff;
  11324: ffffff;
  11325: ffffff;
  11326: ffffff;
  11327: ffffff;
  11328: ffffff;
  11329: ffffff;
  11330: ffffff;
  11331: ffffff;
  11332: ffffff;
  11333: ffffff;
  11334: ffffff;
  11335: ffffff;
  11336: ffffff;
  11337: ffffff;
  11338: ffffff;
  11339: ffffff;
  11340: ffffff;
  11341: ffffff;
  11342: ffffff;
  11343: ffffff;
  11344: ffffff;
  11345: ffffff;
  11346: ffffff;
  11347: ffffff;
  11348: ffffff;
  11349: ffffff;
  11350: ffffff;
  11351: ffffff;
  11352: ffffff;
  11353: ffffff;
  11354: ffffff;
  11355: ffffff;
  11356: ffffff;
  11357: ffffff;
  11358: ffffff;
  11359: ffffff;
  11360: ffffff;
  11361: ffffff;
  11362: ffffff;
  11363: ffffff;
  11364: ffffff;
  11365: ffffff;
  11366: ffffff;
  11367: ffffff;
  11368: ffffff;
  11369: fefefe;
  11370: fefefe;
  11371: fdfdfd;
  11372: fdfdfd;
  11373: fdfdfd;
  11374: fdfdfd;
  11375: fefefe;
  11376: fefefe;
  11377: ffffff;
  11378: ffffff;
  11379: ffffff;
  11380: ffffff;
  11381: ffffff;
  11382: ffffff;
  11383: ffffff;
  11384: ffffff;
  11385: ffffff;
  11386: ffffff;
  11387: ffffff;
  11388: ffffff;
  11389: ffffff;
  11390: ffffff;
  11391: ffffff;
  11392: ffffff;
  11393: ffffff;
  11394: ffffff;
  11395: ffffff;
  11396: ffffff;
  11397: ffffff;
  11398: ffffff;
  11399: ffffff;
  11400: ffffff;
  11401: ffffff;
  11402: ffffff;
  11403: ffffff;
  11404: ffffff;
  11405: ffffff;
  11406: ffffff;
  11407: fefefe;
  11408: fefefe;
  11409: fefefe;
  11410: fefefe;
  11411: fefefe;
  11412: fefefe;
  11413: fefefe;
  11414: fefefe;
  11415: ffffff;
  11416: ffffff;
  11417: ffffff;
  11418: ffffff;
  11419: ffffff;
  11420: ffffff;
  11421: ffffff;
  11422: ffffff;
  11423: ffffff;
  11424: ffffff;
  11425: ffffff;
  11426: ffffff;
  11427: ffffff;
  11428: ffffff;
  11429: ffffff;
  11430: ffffff;
  11431: ffffff;
  11432: ffffff;
  11433: ffffff;
  11434: ffffff;
  11435: ffffff;
  11436: ffffff;
  11437: ffffff;
  11438: ffffff;
  11439: ffffff;
  11440: ffffff;
  11441: ffffff;
  11442: ffffff;
  11443: ffffff;
  11444: ffffff;
  11445: ffffff;
  11446: ffffff;
  11447: ffffff;
  11448: ffffff;
  11449: ffffff;
  11450: ffffff;
  11451: ffffff;
  11452: ffffff;
  11453: ffffff;
  11454: ffffff;
  11455: ffffff;
  11456: ffffff;
  11457: ffffff;
  11458: ffffff;
  11459: ffffff;
  11460: ffffff;
  11461: ffffff;
  11462: ffffff;
  11463: ffffff;
  11464: ffffff;
  11465: ffffff;
  11466: ffffff;
  11467: ffffff;
  11468: ffffff;
  11469: ffffff;
  11470: ffffff;
  11471: ffffff;
  11472: ffffff;
  11473: ffffff;
  11474: ffffff;
  11475: ffffff;
  11476: ffffff;
  11477: ffffff;
  11478: ffffff;
  11479: ffffff;
  11480: ffffff;
  11481: ffffff;
  11482: ffffff;
  11483: ffffff;
  11484: ffffff;
  11485: ffffff;
  11486: ffffff;
  11487: ffffff;
  11488: ffffff;
  11489: ffffff;
  11490: ffffff;
  11491: ffffff;
  11492: ffffff;
  11493: ffffff;
  11494: ffffff;
  11495: ffffff;
  11496: ffffff;
  11497: fefefe;
  11498: fefefe;
  11499: fefefe;
  11500: fefefe;
  11501: fefefe;
  11502: fefefe;
  11503: fefefe;
  11504: fefefe;
  11505: ffffff;
  11506: ffffff;
  11507: ffffff;
  11508: ffffff;
  11509: ffffff;
  11510: ffffff;
  11511: ffffff;
  11512: ffffff;
  11513: ffffff;
  11514: ffffff;
  11515: ffffff;
  11516: ffffff;
  11517: ffffff;
  11518: ffffff;
  11519: ffffff;
  11520: ffffff;
  11521: ffffff;
  11522: ffffff;
  11523: ffffff;
  11524: ffffff;
  11525: ffffff;
  11526: ffffff;
  11527: ffffff;
  11528: fefefe;
  11529: fefefe;
  11530: fefefe;
  11531: fefefe;
  11532: fefefe;
  11533: fefefe;
  11534: fefefe;
  11535: fefefe;
  11536: ffffff;
  11537: fefefe;
  11538: fefefe;
  11539: fefefe;
  11540: fefefe;
  11541: ffffff;
  11542: ffffff;
  11543: ffffff;
  11544: ffffff;
  11545: ffffff;
  11546: ffffff;
  11547: ffffff;
  11548: ffffff;
  11549: ffffff;
  11550: ffffff;
  11551: ffffff;
  11552: ffffff;
  11553: ffffff;
  11554: ffffff;
  11555: ffffff;
  11556: ffffff;
  11557: ffffff;
  11558: ffffff;
  11559: ffffff;
  11560: ffffff;
  11561: ffffff;
  11562: ffffff;
  11563: ffffff;
  11564: ffffff;
  11565: ffffff;
  11566: ffffff;
  11567: ffffff;
  11568: ffffff;
  11569: ffffff;
  11570: ffffff;
  11571: ffffff;
  11572: ffffff;
  11573: ffffff;
  11574: ffffff;
  11575: ffffff;
  11576: ffffff;
  11577: ffffff;
  11578: ffffff;
  11579: ffffff;
  11580: ffffff;
  11581: ffffff;
  11582: ffffff;
  11583: ffffff;
  11584: ffffff;
  11585: ffffff;
  11586: ffffff;
  11587: ffffff;
  11588: ffffff;
  11589: ffffff;
  11590: ffffff;
  11591: ffffff;
  11592: ffffff;
  11593: ffffff;
  11594: ffffff;
  11595: ffffff;
  11596: ffffff;
  11597: ffffff;
  11598: ffffff;
  11599: ffffff;
  11600: ffffff;
  11601: ffffff;
  11602: ffffff;
  11603: ffffff;
  11604: ffffff;
  11605: ffffff;
  11606: ffffff;
  11607: ffffff;
  11608: ffffff;
  11609: ffffff;
  11610: ffffff;
  11611: ffffff;
  11612: ffffff;
  11613: ffffff;
  11614: ffffff;
  11615: ffffff;
  11616: ffffff;
  11617: ffffff;
  11618: ffffff;
  11619: ffffff;
  11620: ffffff;
  11621: ffffff;
  11622: ffffff;
  11623: ffffff;
  11624: ffffff;
  11625: ffffff;
  11626: ffffff;
  11627: fefefe;
  11628: fefefe;
  11629: fefefe;
  11630: fefefe;
  11631: ffffff;
  11632: fefefe;
  11633: fefefe;
  11634: fefefe;
  11635: fefefe;
  11636: fefefe;
  11637: fefefe;
  11638: fefefe;
  11639: fefefe;
  11640: ffffff;
  11641: ffffff;
  11642: ffffff;
  11643: ffffff;
  11644: ffffff;
  11645: ffffff;
  11646: ffffff;
  11647: ffffff;
  11648: ffffff;
  11649: ffffff;
  11650: ffffff;
  11651: ffffff;
  11652: ffffff;
  11653: ffffff;
  11654: ffffff;
  11655: ffffff;
  11656: fefefe;
  11657: fefefe;
  11658: fefefe;
  11659: fefefe;
  11660: fefefe;
  11661: fefefe;
  11662: fefefe;
  11663: fefefe;
  11664: ffffff;
  11665: ffffff;
  11666: ffffff;
  11667: ffffff;
  11668: ffffff;
  11669: ffffff;
  11670: ffffff;
  11671: ffffff;
  11672: ffffff;
  11673: ffffff;
  11674: ffffff;
  11675: ffffff;
  11676: ffffff;
  11677: ffffff;
  11678: ffffff;
  11679: ffffff;
  11680: ffffff;
  11681: ffffff;
  11682: ffffff;
  11683: ffffff;
  11684: ffffff;
  11685: ffffff;
  11686: ffffff;
  11687: ffffff;
  11688: ffffff;
  11689: ffffff;
  11690: ffffff;
  11691: ffffff;
  11692: ffffff;
  11693: ffffff;
  11694: ffffff;
  11695: ffffff;
  11696: ffffff;
  11697: ffffff;
  11698: ffffff;
  11699: ffffff;
  11700: ffffff;
  11701: ffffff;
  11702: ffffff;
  11703: ffffff;
  11704: ffffff;
  11705: ffffff;
  11706: ffffff;
  11707: ffffff;
  11708: ffffff;
  11709: ffffff;
  11710: ffffff;
  11711: ffffff;
  11712: ffffff;
  11713: ffffff;
  11714: ffffff;
  11715: ffffff;
  11716: ffffff;
  11717: ffffff;
  11718: ffffff;
  11719: ffffff;
  11720: ffffff;
  11721: ffffff;
  11722: ffffff;
  11723: ffffff;
  11724: ffffff;
  11725: ffffff;
  11726: ffffff;
  11727: ffffff;
  11728: ffffff;
  11729: ffffff;
  11730: ffffff;
  11731: ffffff;
  11732: ffffff;
  11733: ffffff;
  11734: ffffff;
  11735: ffffff;
  11736: ffffff;
  11737: ffffff;
  11738: ffffff;
  11739: ffffff;
  11740: ffffff;
  11741: ffffff;
  11742: ffffff;
  11743: ffffff;
  11744: ffffff;
  11745: ffffff;
  11746: ffffff;
  11747: ffffff;
  11748: ffffff;
  11749: ffffff;
  11750: ffffff;
  11751: ffffff;
  11752: ffffff;
  11753: ffffff;
  11754: ffffff;
  11755: ffffff;
  11756: ffffff;
  11757: ffffff;
  11758: ffffff;
  11759: ffffff;
  11760: fefefe;
  11761: fefefe;
  11762: fefefe;
  11763: fefefe;
  11764: fefefe;
  11765: fefefe;
  11766: fefefe;
  11767: fefefe;
  11768: ffffff;
  11769: ffffff;
  11770: ffffff;
  11771: ffffff;
  11772: ffffff;
  11773: ffffff;
  11774: ffffff;
  11775: ffffff;
  11776: ffffff;
  11777: ffffff;
  11778: ffffff;
  11779: ffffff;
  11780: ffffff;
  11781: fefefe;
  11782: fefefe;
  11783: fefefe;
  11784: fefefe;
  11785: fefefe;
  11786: fefefe;
  11787: fefefe;
  11788: fefefe;
  11789: fefefe;
  11790: fefefe;
  11791: fefefe;
  11792: ffffff;
  11793: ffffff;
  11794: ffffff;
  11795: ffffff;
  11796: ffffff;
  11797: ffffff;
  11798: ffffff;
  11799: ffffff;
  11800: ffffff;
  11801: ffffff;
  11802: ffffff;
  11803: ffffff;
  11804: ffffff;
  11805: ffffff;
  11806: ffffff;
  11807: ffffff;
  11808: ffffff;
  11809: ffffff;
  11810: ffffff;
  11811: ffffff;
  11812: ffffff;
  11813: ffffff;
  11814: ffffff;
  11815: ffffff;
  11816: ffffff;
  11817: ffffff;
  11818: ffffff;
  11819: ffffff;
  11820: ffffff;
  11821: ffffff;
  11822: ffffff;
  11823: ffffff;
  11824: ffffff;
  11825: ffffff;
  11826: ffffff;
  11827: ffffff;
  11828: ffffff;
  11829: ffffff;
  11830: ffffff;
  11831: ffffff;
  11832: ffffff;
  11833: ffffff;
  11834: ffffff;
  11835: ffffff;
  11836: ffffff;
  11837: ffffff;
  11838: ffffff;
  11839: ffffff;
  11840: ffffff;
  11841: ffffff;
  11842: ffffff;
  11843: ffffff;
  11844: ffffff;
  11845: ffffff;
  11846: ffffff;
  11847: ffffff;
  11848: ffffff;
  11849: ffffff;
  11850: ffffff;
  11851: ffffff;
  11852: ffffff;
  11853: ffffff;
  11854: ffffff;
  11855: ffffff;
  11856: ffffff;
  11857: ffffff;
  11858: ffffff;
  11859: ffffff;
  11860: ffffff;
  11861: ffffff;
  11862: ffffff;
  11863: ffffff;
  11864: ffffff;
  11865: ffffff;
  11866: ffffff;
  11867: ffffff;
  11868: ffffff;
  11869: ffffff;
  11870: ffffff;
  11871: ffffff;
  11872: ffffff;
  11873: ffffff;
  11874: ffffff;
  11875: ffffff;
  11876: ffffff;
  11877: ffffff;
  11878: ffffff;
  11879: ffffff;
  11880: ffffff;
  11881: ffffff;
  11882: ffffff;
  11883: ffffff;
  11884: ffffff;
  11885: ffffff;
  11886: ffffff;
  11887: ffffff;
  11888: fefefe;
  11889: fefefe;
  11890: fefefe;
  11891: fefefe;
  11892: fefefe;
  11893: fefefe;
  11894: fefefe;
  11895: fefefe;
  11896: fefefe;
  11897: fefefe;
  11898: fefefe;
  11899: ffffff;
  11900: ffffff;
  11901: ffffff;
  11902: ffffff;
  11903: ffffff;
  11904: d8d8d8;
  11905: d8d8d8;
  11906: d8d8d8;
  11907: dcdcdc;
  11908: e3e3e3;
  11909: ebebeb;
  11910: f4f4f4;
  11911: fcfcfc;
  11912: fefefe;
  11913: fefefe;
  11914: fefefe;
  11915: fefefe;
  11916: fefefe;
  11917: fefefe;
  11918: fefefe;
  11919: fefefe;
  11920: ffffff;
  11921: ffffff;
  11922: ffffff;
  11923: ffffff;
  11924: ffffff;
  11925: ffffff;
  11926: ffffff;
  11927: ffffff;
  11928: ffffff;
  11929: ffffff;
  11930: ffffff;
  11931: ffffff;
  11932: ffffff;
  11933: ffffff;
  11934: ffffff;
  11935: ffffff;
  11936: ffffff;
  11937: ffffff;
  11938: ffffff;
  11939: ffffff;
  11940: ffffff;
  11941: ffffff;
  11942: ffffff;
  11943: ffffff;
  11944: ffffff;
  11945: ffffff;
  11946: ffffff;
  11947: ffffff;
  11948: ffffff;
  11949: ffffff;
  11950: ffffff;
  11951: ffffff;
  11952: ffffff;
  11953: ffffff;
  11954: ffffff;
  11955: ffffff;
  11956: ffffff;
  11957: ffffff;
  11958: ffffff;
  11959: ffffff;
  11960: ffffff;
  11961: ffffff;
  11962: ffffff;
  11963: ffffff;
  11964: ffffff;
  11965: ffffff;
  11966: ffffff;
  11967: ffffff;
  11968: ffffff;
  11969: ffffff;
  11970: ffffff;
  11971: ffffff;
  11972: ffffff;
  11973: ffffff;
  11974: ffffff;
  11975: ffffff;
  11976: ffffff;
  11977: ffffff;
  11978: ffffff;
  11979: ffffff;
  11980: ffffff;
  11981: ffffff;
  11982: ffffff;
  11983: ffffff;
  11984: ffffff;
  11985: ffffff;
  11986: ffffff;
  11987: ffffff;
  11988: ffffff;
  11989: ffffff;
  11990: ffffff;
  11991: ffffff;
  11992: ffffff;
  11993: ffffff;
  11994: ffffff;
  11995: ffffff;
  11996: ffffff;
  11997: ffffff;
  11998: ffffff;
  11999: ffffff;
  12000: ffffff;
  12001: ffffff;
  12002: ffffff;
  12003: ffffff;
  12004: ffffff;
  12005: ffffff;
  12006: ffffff;
  12007: ffffff;
  12008: ffffff;
  12009: ffffff;
  12010: ffffff;
  12011: ffffff;
  12012: ffffff;
  12013: ffffff;
  12014: ffffff;
  12015: ffffff;
  12016: fefefe;
  12017: fefefe;
  12018: fefefe;
  12019: fefefe;
  12020: fefefe;
  12021: fefefe;
  12022: fefefe;
  12023: fefefe;
  12024: fcfcfc;
  12025: f4f4f4;
  12026: ebebeb;
  12027: e3e3e3;
  12028: dcdcdc;
  12029: d8d8d8;
  12030: d8d8d8;
  12031: d8d8d8;
  12032: 9f9f9f;
  12033: 9f9f9f;
  12034: 9f9f9f;
  12035: a9a9a9;
  12036: bbbbbb;
  12037: cfcfcf;
  12038: e5e5e5;
  12039: f8f8f8;
  12040: fefefe;
  12041: fefefe;
  12042: fefefe;
  12043: fefefe;
  12044: fefefe;
  12045: fdfdfd;
  12046: fdfdfd;
  12047: fdfdfd;
  12048: fefefe;
  12049: fefefe;
  12050: fefefe;
  12051: fefefe;
  12052: fefefe;
  12053: ffffff;
  12054: ffffff;
  12055: ffffff;
  12056: ffffff;
  12057: ffffff;
  12058: ffffff;
  12059: ffffff;
  12060: ffffff;
  12061: ffffff;
  12062: ffffff;
  12063: ffffff;
  12064: ffffff;
  12065: ffffff;
  12066: ffffff;
  12067: ffffff;
  12068: ffffff;
  12069: ffffff;
  12070: ffffff;
  12071: ffffff;
  12072: ffffff;
  12073: ffffff;
  12074: ffffff;
  12075: ffffff;
  12076: ffffff;
  12077: ffffff;
  12078: ffffff;
  12079: ffffff;
  12080: ffffff;
  12081: ffffff;
  12082: ffffff;
  12083: ffffff;
  12084: ffffff;
  12085: ffffff;
  12086: ffffff;
  12087: ffffff;
  12088: ffffff;
  12089: ffffff;
  12090: ffffff;
  12091: ffffff;
  12092: ffffff;
  12093: ffffff;
  12094: ffffff;
  12095: ffffff;
  12096: ffffff;
  12097: ffffff;
  12098: ffffff;
  12099: ffffff;
  12100: ffffff;
  12101: ffffff;
  12102: ffffff;
  12103: ffffff;
  12104: ffffff;
  12105: ffffff;
  12106: ffffff;
  12107: ffffff;
  12108: ffffff;
  12109: ffffff;
  12110: ffffff;
  12111: ffffff;
  12112: ffffff;
  12113: ffffff;
  12114: ffffff;
  12115: ffffff;
  12116: ffffff;
  12117: ffffff;
  12118: ffffff;
  12119: ffffff;
  12120: ffffff;
  12121: ffffff;
  12122: ffffff;
  12123: ffffff;
  12124: ffffff;
  12125: ffffff;
  12126: ffffff;
  12127: ffffff;
  12128: ffffff;
  12129: ffffff;
  12130: ffffff;
  12131: ffffff;
  12132: ffffff;
  12133: ffffff;
  12134: ffffff;
  12135: ffffff;
  12136: ffffff;
  12137: ffffff;
  12138: ffffff;
  12139: fefefe;
  12140: fefefe;
  12141: fefefe;
  12142: fefefe;
  12143: fefefe;
  12144: fdfdfd;
  12145: fdfdfd;
  12146: fdfdfd;
  12147: fefefe;
  12148: fefefe;
  12149: fefefe;
  12150: fefefe;
  12151: fefefe;
  12152: f8f8f8;
  12153: e5e5e5;
  12154: cfcfcf;
  12155: bbbbbb;
  12156: a9a9a9;
  12157: 9f9f9f;
  12158: 9f9f9f;
  12159: 9f9f9f;
  12160: 606060;
  12161: 606060;
  12162: 606060;
  12163: 717171;
  12164: 8d8d8d;
  12165: b1b1b1;
  12166: d5d5d5;
  12167: f5f5f5;
  12168: ffffff;
  12169: ffffff;
  12170: ffffff;
  12171: ffffff;
  12172: ffffff;
  12173: fdfdfd;
  12174: fdfdfd;
  12175: fdfdfd;
  12176: fdfdfd;
  12177: fdfdfd;
  12178: fdfdfd;
  12179: fdfdfd;
  12180: fefefe;
  12181: fefefe;
  12182: fefefe;
  12183: ffffff;
  12184: ffffff;
  12185: ffffff;
  12186: ffffff;
  12187: ffffff;
  12188: ffffff;
  12189: ffffff;
  12190: ffffff;
  12191: ffffff;
  12192: ffffff;
  12193: ffffff;
  12194: ffffff;
  12195: ffffff;
  12196: ffffff;
  12197: ffffff;
  12198: ffffff;
  12199: ffffff;
  12200: ffffff;
  12201: ffffff;
  12202: ffffff;
  12203: ffffff;
  12204: ffffff;
  12205: ffffff;
  12206: ffffff;
  12207: ffffff;
  12208: ffffff;
  12209: ffffff;
  12210: ffffff;
  12211: ffffff;
  12212: ffffff;
  12213: ffffff;
  12214: ffffff;
  12215: ffffff;
  12216: ffffff;
  12217: ffffff;
  12218: ffffff;
  12219: ffffff;
  12220: ffffff;
  12221: ffffff;
  12222: ffffff;
  12223: ffffff;
  12224: ffffff;
  12225: ffffff;
  12226: ffffff;
  12227: ffffff;
  12228: ffffff;
  12229: ffffff;
  12230: ffffff;
  12231: ffffff;
  12232: ffffff;
  12233: ffffff;
  12234: ffffff;
  12235: ffffff;
  12236: ffffff;
  12237: ffffff;
  12238: ffffff;
  12239: ffffff;
  12240: ffffff;
  12241: ffffff;
  12242: ffffff;
  12243: ffffff;
  12244: ffffff;
  12245: ffffff;
  12246: ffffff;
  12247: ffffff;
  12248: ffffff;
  12249: ffffff;
  12250: ffffff;
  12251: ffffff;
  12252: ffffff;
  12253: ffffff;
  12254: ffffff;
  12255: ffffff;
  12256: ffffff;
  12257: ffffff;
  12258: ffffff;
  12259: ffffff;
  12260: ffffff;
  12261: ffffff;
  12262: ffffff;
  12263: ffffff;
  12264: ffffff;
  12265: fefefe;
  12266: fefefe;
  12267: fefefe;
  12268: fdfdfd;
  12269: fdfdfd;
  12270: fdfdfd;
  12271: fdfdfd;
  12272: fdfdfd;
  12273: fdfdfd;
  12274: fdfdfd;
  12275: ffffff;
  12276: ffffff;
  12277: ffffff;
  12278: ffffff;
  12279: ffffff;
  12280: f5f5f5;
  12281: d5d5d5;
  12282: b1b1b1;
  12283: 8d8d8d;
  12284: 717171;
  12285: 606060;
  12286: 606060;
  12287: 606060;
  12288: 272727;
  12289: 272727;
  12290: 272727;
  12291: 3e3e3e;
  12292: 656565;
  12293: 959595;
  12294: c7c7c7;
  12295: f1f1f1;
  12296: ffffff;
  12297: ffffff;
  12298: ffffff;
  12299: ffffff;
  12300: ffffff;
  12301: fdfdfd;
  12302: fdfdfd;
  12303: fcfcfc;
  12304: fcfcfc;
  12305: fcfcfc;
  12306: fcfcfc;
  12307: fcfcfc;
  12308: fdfdfd;
  12309: fefefe;
  12310: fefefe;
  12311: ffffff;
  12312: ffffff;
  12313: ffffff;
  12314: ffffff;
  12315: ffffff;
  12316: ffffff;
  12317: ffffff;
  12318: ffffff;
  12319: ffffff;
  12320: ffffff;
  12321: ffffff;
  12322: ffffff;
  12323: ffffff;
  12324: ffffff;
  12325: ffffff;
  12326: ffffff;
  12327: ffffff;
  12328: ffffff;
  12329: ffffff;
  12330: ffffff;
  12331: ffffff;
  12332: ffffff;
  12333: ffffff;
  12334: ffffff;
  12335: ffffff;
  12336: ffffff;
  12337: ffffff;
  12338: ffffff;
  12339: ffffff;
  12340: ffffff;
  12341: ffffff;
  12342: ffffff;
  12343: ffffff;
  12344: ffffff;
  12345: ffffff;
  12346: ffffff;
  12347: ffffff;
  12348: ffffff;
  12349: ffffff;
  12350: ffffff;
  12351: ffffff;
  12352: ffffff;
  12353: ffffff;
  12354: ffffff;
  12355: ffffff;
  12356: ffffff;
  12357: ffffff;
  12358: ffffff;
  12359: ffffff;
  12360: ffffff;
  12361: ffffff;
  12362: ffffff;
  12363: ffffff;
  12364: ffffff;
  12365: ffffff;
  12366: ffffff;
  12367: ffffff;
  12368: ffffff;
  12369: ffffff;
  12370: ffffff;
  12371: ffffff;
  12372: ffffff;
  12373: ffffff;
  12374: ffffff;
  12375: ffffff;
  12376: ffffff;
  12377: ffffff;
  12378: ffffff;
  12379: ffffff;
  12380: ffffff;
  12381: ffffff;
  12382: ffffff;
  12383: ffffff;
  12384: ffffff;
  12385: ffffff;
  12386: ffffff;
  12387: ffffff;
  12388: ffffff;
  12389: ffffff;
  12390: ffffff;
  12391: ffffff;
  12392: ffffff;
  12393: fefefe;
  12394: fefefe;
  12395: fdfdfd;
  12396: fcfcfc;
  12397: fcfcfc;
  12398: fcfcfc;
  12399: fcfcfc;
  12400: fcfcfc;
  12401: fdfdfd;
  12402: fdfdfd;
  12403: ffffff;
  12404: ffffff;
  12405: ffffff;
  12406: ffffff;
  12407: ffffff;
  12408: f1f1f1;
  12409: c7c7c7;
  12410: 959595;
  12411: 656565;
  12412: 3e3e3e;
  12413: 272727;
  12414: 272727;
  12415: 272727;
  12416: 0;
  12417: 0;
  12418: 0;
  12419: 1b1b1b;
  12420: 494949;
  12421: 828282;
  12422: bdbdbd;
  12423: efefef;
  12424: ffffff;
  12425: ffffff;
  12426: ffffff;
  12427: ffffff;
  12428: ffffff;
  12429: fdfdfd;
  12430: fdfdfd;
  12431: fcfcfc;
  12432: fcfcfc;
  12433: fcfcfc;
  12434: fcfcfc;
  12435: fcfcfc;
  12436: fdfdfd;
  12437: fefefe;
  12438: fefefe;
  12439: ffffff;
  12440: ffffff;
  12441: ffffff;
  12442: ffffff;
  12443: ffffff;
  12444: ffffff;
  12445: ffffff;
  12446: ffffff;
  12447: ffffff;
  12448: ffffff;
  12449: ffffff;
  12450: ffffff;
  12451: ffffff;
  12452: ffffff;
  12453: ffffff;
  12454: ffffff;
  12455: ffffff;
  12456: ffffff;
  12457: ffffff;
  12458: ffffff;
  12459: ffffff;
  12460: ffffff;
  12461: ffffff;
  12462: ffffff;
  12463: ffffff;
  12464: ffffff;
  12465: ffffff;
  12466: ffffff;
  12467: ffffff;
  12468: ffffff;
  12469: ffffff;
  12470: ffffff;
  12471: ffffff;
  12472: ffffff;
  12473: ffffff;
  12474: ffffff;
  12475: ffffff;
  12476: ffffff;
  12477: ffffff;
  12478: ffffff;
  12479: ffffff;
  12480: ffffff;
  12481: ffffff;
  12482: ffffff;
  12483: ffffff;
  12484: ffffff;
  12485: ffffff;
  12486: ffffff;
  12487: ffffff;
  12488: ffffff;
  12489: ffffff;
  12490: ffffff;
  12491: ffffff;
  12492: ffffff;
  12493: ffffff;
  12494: ffffff;
  12495: ffffff;
  12496: ffffff;
  12497: ffffff;
  12498: ffffff;
  12499: ffffff;
  12500: ffffff;
  12501: ffffff;
  12502: ffffff;
  12503: ffffff;
  12504: ffffff;
  12505: ffffff;
  12506: ffffff;
  12507: ffffff;
  12508: ffffff;
  12509: ffffff;
  12510: ffffff;
  12511: ffffff;
  12512: ffffff;
  12513: ffffff;
  12514: ffffff;
  12515: ffffff;
  12516: ffffff;
  12517: ffffff;
  12518: ffffff;
  12519: ffffff;
  12520: ffffff;
  12521: fefefe;
  12522: fefefe;
  12523: fdfdfd;
  12524: fcfcfc;
  12525: fcfcfc;
  12526: fcfcfc;
  12527: fcfcfc;
  12528: fcfcfc;
  12529: fdfdfd;
  12530: fdfdfd;
  12531: ffffff;
  12532: ffffff;
  12533: ffffff;
  12534: ffffff;
  12535: ffffff;
  12536: efefef;
  12537: bdbdbd;
  12538: 828282;
  12539: 494949;
  12540: 1b1b1b;
  12541: 0;
  12542: 0;
  12543: 0;
  12544: 0;
  12545: 0;
  12546: 0;
  12547: d0d0d;
  12548: 3e3e3e;
  12549: 7a7a7a;
  12550: b9b9b9;
  12551: eeeeee;
  12552: ffffff;
  12553: ffffff;
  12554: ffffff;
  12555: ffffff;
  12556: ffffff;
  12557: fdfdfd;
  12558: fdfdfd;
  12559: fcfcfc;
  12560: fcfcfc;
  12561: fcfcfc;
  12562: fcfcfc;
  12563: fcfcfc;
  12564: fdfdfd;
  12565: fefefe;
  12566: fefefe;
  12567: ffffff;
  12568: ffffff;
  12569: ffffff;
  12570: ffffff;
  12571: ffffff;
  12572: ffffff;
  12573: ffffff;
  12574: ffffff;
  12575: ffffff;
  12576: ffffff;
  12577: ffffff;
  12578: ffffff;
  12579: ffffff;
  12580: ffffff;
  12581: ffffff;
  12582: ffffff;
  12583: ffffff;
  12584: ffffff;
  12585: ffffff;
  12586: ffffff;
  12587: ffffff;
  12588: ffffff;
  12589: ffffff;
  12590: ffffff;
  12591: ffffff;
  12592: ffffff;
  12593: ffffff;
  12594: ffffff;
  12595: ffffff;
  12596: ffffff;
  12597: ffffff;
  12598: ffffff;
  12599: ffffff;
  12600: ffffff;
  12601: ffffff;
  12602: ffffff;
  12603: ffffff;
  12604: ffffff;
  12605: ffffff;
  12606: ffffff;
  12607: ffffff;
  12608: ffffff;
  12609: ffffff;
  12610: ffffff;
  12611: ffffff;
  12612: ffffff;
  12613: ffffff;
  12614: ffffff;
  12615: ffffff;
  12616: ffffff;
  12617: ffffff;
  12618: ffffff;
  12619: ffffff;
  12620: ffffff;
  12621: ffffff;
  12622: ffffff;
  12623: ffffff;
  12624: ffffff;
  12625: ffffff;
  12626: ffffff;
  12627: ffffff;
  12628: ffffff;
  12629: ffffff;
  12630: ffffff;
  12631: ffffff;
  12632: ffffff;
  12633: ffffff;
  12634: ffffff;
  12635: ffffff;
  12636: ffffff;
  12637: ffffff;
  12638: ffffff;
  12639: ffffff;
  12640: ffffff;
  12641: ffffff;
  12642: ffffff;
  12643: ffffff;
  12644: ffffff;
  12645: ffffff;
  12646: ffffff;
  12647: ffffff;
  12648: ffffff;
  12649: fefefe;
  12650: fefefe;
  12651: fdfdfd;
  12652: fcfcfc;
  12653: fcfcfc;
  12654: fcfcfc;
  12655: fcfcfc;
  12656: fcfcfc;
  12657: fdfdfd;
  12658: fdfdfd;
  12659: ffffff;
  12660: ffffff;
  12661: ffffff;
  12662: ffffff;
  12663: ffffff;
  12664: eeeeee;
  12665: b9b9b9;
  12666: 7a7a7a;
  12667: 3e3e3e;
  12668: d0d0d;
  12669: 0;
  12670: 0;
  12671: 0;
  12672: 0;
  12673: 0;
  12674: 0;
  12675: b0b0b;
  12676: 3c3c3c;
  12677: 797979;
  12678: b8b8b8;
  12679: eeeeee;
  12680: ffffff;
  12681: ffffff;
  12682: ffffff;
  12683: ffffff;
  12684: ffffff;
  12685: fefefe;
  12686: fefefe;
  12687: fdfdfd;
  12688: fdfdfd;
  12689: fdfdfd;
  12690: fdfdfd;
  12691: fdfdfd;
  12692: fefefe;
  12693: fefefe;
  12694: fefefe;
  12695: ffffff;
  12696: ffffff;
  12697: ffffff;
  12698: ffffff;
  12699: ffffff;
  12700: ffffff;
  12701: ffffff;
  12702: ffffff;
  12703: ffffff;
  12704: ffffff;
  12705: ffffff;
  12706: ffffff;
  12707: ffffff;
  12708: ffffff;
  12709: ffffff;
  12710: ffffff;
  12711: ffffff;
  12712: ffffff;
  12713: ffffff;
  12714: ffffff;
  12715: ffffff;
  12716: ffffff;
  12717: ffffff;
  12718: ffffff;
  12719: ffffff;
  12720: ffffff;
  12721: ffffff;
  12722: ffffff;
  12723: ffffff;
  12724: ffffff;
  12725: ffffff;
  12726: ffffff;
  12727: ffffff;
  12728: ffffff;
  12729: ffffff;
  12730: ffffff;
  12731: ffffff;
  12732: ffffff;
  12733: ffffff;
  12734: ffffff;
  12735: ffffff;
  12736: ffffff;
  12737: ffffff;
  12738: ffffff;
  12739: ffffff;
  12740: ffffff;
  12741: ffffff;
  12742: ffffff;
  12743: ffffff;
  12744: ffffff;
  12745: ffffff;
  12746: ffffff;
  12747: ffffff;
  12748: ffffff;
  12749: ffffff;
  12750: ffffff;
  12751: ffffff;
  12752: ffffff;
  12753: ffffff;
  12754: ffffff;
  12755: ffffff;
  12756: ffffff;
  12757: ffffff;
  12758: ffffff;
  12759: ffffff;
  12760: ffffff;
  12761: ffffff;
  12762: ffffff;
  12763: ffffff;
  12764: ffffff;
  12765: ffffff;
  12766: ffffff;
  12767: ffffff;
  12768: ffffff;
  12769: ffffff;
  12770: ffffff;
  12771: ffffff;
  12772: ffffff;
  12773: ffffff;
  12774: ffffff;
  12775: ffffff;
  12776: ffffff;
  12777: fefefe;
  12778: fefefe;
  12779: fefefe;
  12780: fdfdfd;
  12781: fdfdfd;
  12782: fdfdfd;
  12783: fdfdfd;
  12784: fdfdfd;
  12785: fefefe;
  12786: fefefe;
  12787: ffffff;
  12788: ffffff;
  12789: ffffff;
  12790: ffffff;
  12791: ffffff;
  12792: eeeeee;
  12793: b8b8b8;
  12794: 797979;
  12795: 3c3c3c;
  12796: b0b0b;
  12797: 0;
  12798: 0;
  12799: 0;
  12800: 0;
  12801: 0;
  12802: 0;
  12803: 111111;
  12804: 414141;
  12805: 7c7c7c;
  12806: bababa;
  12807: eeeeee;
  12808: ffffff;
  12809: ffffff;
  12810: ffffff;
  12811: ffffff;
  12812: ffffff;
  12813: fefefe;
  12814: fefefe;
  12815: fefefe;
  12816: fefefe;
  12817: fefefe;
  12818: fefefe;
  12819: fefefe;
  12820: fefefe;
  12821: ffffff;
  12822: ffffff;
  12823: ffffff;
  12824: ffffff;
  12825: ffffff;
  12826: ffffff;
  12827: ffffff;
  12828: ffffff;
  12829: ffffff;
  12830: ffffff;
  12831: ffffff;
  12832: ffffff;
  12833: ffffff;
  12834: ffffff;
  12835: ffffff;
  12836: ffffff;
  12837: ffffff;
  12838: ffffff;
  12839: ffffff;
  12840: ffffff;
  12841: ffffff;
  12842: ffffff;
  12843: ffffff;
  12844: ffffff;
  12845: ffffff;
  12846: ffffff;
  12847: ffffff;
  12848: ffffff;
  12849: ffffff;
  12850: ffffff;
  12851: ffffff;
  12852: ffffff;
  12853: ffffff;
  12854: ffffff;
  12855: ffffff;
  12856: ffffff;
  12857: ffffff;
  12858: ffffff;
  12859: ffffff;
  12860: ffffff;
  12861: ffffff;
  12862: ffffff;
  12863: ffffff;
  12864: ffffff;
  12865: ffffff;
  12866: ffffff;
  12867: ffffff;
  12868: ffffff;
  12869: ffffff;
  12870: ffffff;
  12871: ffffff;
  12872: ffffff;
  12873: ffffff;
  12874: ffffff;
  12875: ffffff;
  12876: ffffff;
  12877: ffffff;
  12878: ffffff;
  12879: ffffff;
  12880: ffffff;
  12881: ffffff;
  12882: ffffff;
  12883: ffffff;
  12884: ffffff;
  12885: ffffff;
  12886: ffffff;
  12887: ffffff;
  12888: ffffff;
  12889: ffffff;
  12890: ffffff;
  12891: ffffff;
  12892: ffffff;
  12893: ffffff;
  12894: ffffff;
  12895: ffffff;
  12896: ffffff;
  12897: ffffff;
  12898: ffffff;
  12899: ffffff;
  12900: ffffff;
  12901: ffffff;
  12902: ffffff;
  12903: ffffff;
  12904: ffffff;
  12905: ffffff;
  12906: ffffff;
  12907: fefefe;
  12908: fefefe;
  12909: fefefe;
  12910: fefefe;
  12911: fefefe;
  12912: fefefe;
  12913: fefefe;
  12914: fefefe;
  12915: ffffff;
  12916: ffffff;
  12917: ffffff;
  12918: ffffff;
  12919: ffffff;
  12920: eeeeee;
  12921: bababa;
  12922: 7c7c7c;
  12923: 414141;
  12924: 111111;
  12925: 0;
  12926: 0;
  12927: 0;
  12928: 0;
  12929: 0;
  12930: 0;
  12931: 181818;
  12932: 474747;
  12933: 808080;
  12934: bcbcbc;
  12935: eeeeee;
  12936: ffffff;
  12937: ffffff;
  12938: ffffff;
  12939: ffffff;
  12940: ffffff;
  12941: ffffff;
  12942: ffffff;
  12943: ffffff;
  12944: ffffff;
  12945: ffffff;
  12946: ffffff;
  12947: ffffff;
  12948: ffffff;
  12949: ffffff;
  12950: ffffff;
  12951: ffffff;
  12952: ffffff;
  12953: ffffff;
  12954: ffffff;
  12955: ffffff;
  12956: ffffff;
  12957: ffffff;
  12958: ffffff;
  12959: ffffff;
  12960: ffffff;
  12961: ffffff;
  12962: ffffff;
  12963: ffffff;
  12964: ffffff;
  12965: ffffff;
  12966: ffffff;
  12967: ffffff;
  12968: ffffff;
  12969: ffffff;
  12970: ffffff;
  12971: ffffff;
  12972: ffffff;
  12973: ffffff;
  12974: ffffff;
  12975: ffffff;
  12976: ffffff;
  12977: ffffff;
  12978: ffffff;
  12979: ffffff;
  12980: ffffff;
  12981: ffffff;
  12982: ffffff;
  12983: ffffff;
  12984: ffffff;
  12985: ffffff;
  12986: ffffff;
  12987: ffffff;
  12988: ffffff;
  12989: ffffff;
  12990: ffffff;
  12991: ffffff;
  12992: ffffff;
  12993: ffffff;
  12994: ffffff;
  12995: ffffff;
  12996: ffffff;
  12997: ffffff;
  12998: ffffff;
  12999: ffffff;
  13000: ffffff;
  13001: ffffff;
  13002: ffffff;
  13003: ffffff;
  13004: ffffff;
  13005: ffffff;
  13006: ffffff;
  13007: ffffff;
  13008: ffffff;
  13009: ffffff;
  13010: ffffff;
  13011: ffffff;
  13012: ffffff;
  13013: ffffff;
  13014: ffffff;
  13015: ffffff;
  13016: ffffff;
  13017: ffffff;
  13018: ffffff;
  13019: ffffff;
  13020: ffffff;
  13021: ffffff;
  13022: ffffff;
  13023: ffffff;
  13024: ffffff;
  13025: ffffff;
  13026: ffffff;
  13027: ffffff;
  13028: ffffff;
  13029: ffffff;
  13030: ffffff;
  13031: ffffff;
  13032: ffffff;
  13033: ffffff;
  13034: ffffff;
  13035: ffffff;
  13036: ffffff;
  13037: ffffff;
  13038: ffffff;
  13039: ffffff;
  13040: ffffff;
  13041: ffffff;
  13042: ffffff;
  13043: ffffff;
  13044: ffffff;
  13045: ffffff;
  13046: ffffff;
  13047: ffffff;
  13048: eeeeee;
  13049: bcbcbc;
  13050: 808080;
  13051: 474747;
  13052: 181818;
  13053: 0;
  13054: 0;
  13055: 0;
  13056: 0;
  13057: 0;
  13058: 0;
  13059: 1c1c1c;
  13060: 4a4a4a;
  13061: 828282;
  13062: bdbdbd;
  13063: eeeeee;
  13064: ffffff;
  13065: ffffff;
  13066: ffffff;
  13067: ffffff;
  13068: ffffff;
  13069: ffffff;
  13070: ffffff;
  13071: ffffff;
  13072: ffffff;
  13073: ffffff;
  13074: ffffff;
  13075: ffffff;
  13076: ffffff;
  13077: ffffff;
  13078: ffffff;
  13079: ffffff;
  13080: ffffff;
  13081: ffffff;
  13082: ffffff;
  13083: ffffff;
  13084: ffffff;
  13085: ffffff;
  13086: ffffff;
  13087: ffffff;
  13088: ffffff;
  13089: ffffff;
  13090: ffffff;
  13091: ffffff;
  13092: ffffff;
  13093: ffffff;
  13094: ffffff;
  13095: ffffff;
  13096: ffffff;
  13097: ffffff;
  13098: ffffff;
  13099: ffffff;
  13100: ffffff;
  13101: ffffff;
  13102: ffffff;
  13103: ffffff;
  13104: ffffff;
  13105: ffffff;
  13106: ffffff;
  13107: ffffff;
  13108: ffffff;
  13109: ffffff;
  13110: ffffff;
  13111: ffffff;
  13112: ffffff;
  13113: ffffff;
  13114: ffffff;
  13115: ffffff;
  13116: ffffff;
  13117: ffffff;
  13118: ffffff;
  13119: ffffff;
  13120: ffffff;
  13121: ffffff;
  13122: ffffff;
  13123: ffffff;
  13124: ffffff;
  13125: ffffff;
  13126: ffffff;
  13127: ffffff;
  13128: ffffff;
  13129: ffffff;
  13130: ffffff;
  13131: ffffff;
  13132: ffffff;
  13133: ffffff;
  13134: ffffff;
  13135: ffffff;
  13136: ffffff;
  13137: ffffff;
  13138: ffffff;
  13139: ffffff;
  13140: ffffff;
  13141: ffffff;
  13142: ffffff;
  13143: ffffff;
  13144: ffffff;
  13145: ffffff;
  13146: ffffff;
  13147: ffffff;
  13148: ffffff;
  13149: ffffff;
  13150: ffffff;
  13151: ffffff;
  13152: ffffff;
  13153: ffffff;
  13154: ffffff;
  13155: ffffff;
  13156: ffffff;
  13157: ffffff;
  13158: ffffff;
  13159: ffffff;
  13160: ffffff;
  13161: ffffff;
  13162: ffffff;
  13163: ffffff;
  13164: ffffff;
  13165: ffffff;
  13166: ffffff;
  13167: ffffff;
  13168: ffffff;
  13169: ffffff;
  13170: ffffff;
  13171: ffffff;
  13172: ffffff;
  13173: ffffff;
  13174: ffffff;
  13175: ffffff;
  13176: eeeeee;
  13177: bdbdbd;
  13178: 828282;
  13179: 4a4a4a;
  13180: 1c1c1c;
  13181: 0;
  13182: 0;
  13183: 0;
  13184: 0;
  13185: 0;
  13186: 0;
  13187: 191919;
  13188: 484848;
  13189: 828282;
  13190: bfbfbf;
  13191: f1f1f1;
  13192: ffffff;
  13193: ffffff;
  13194: ffffff;
  13195: ffffff;
  13196: ffffff;
  13197: ffffff;
  13198: ffffff;
  13199: ffffff;
  13200: ffffff;
  13201: ffffff;
  13202: ffffff;
  13203: ffffff;
  13204: ffffff;
  13205: ffffff;
  13206: ffffff;
  13207: ffffff;
  13208: ffffff;
  13209: ffffff;
  13210: ffffff;
  13211: ffffff;
  13212: ffffff;
  13213: ffffff;
  13214: ffffff;
  13215: ffffff;
  13216: ffffff;
  13217: ffffff;
  13218: ffffff;
  13219: ffffff;
  13220: ffffff;
  13221: ffffff;
  13222: ffffff;
  13223: ffffff;
  13224: ffffff;
  13225: ffffff;
  13226: ffffff;
  13227: ffffff;
  13228: ffffff;
  13229: ffffff;
  13230: ffffff;
  13231: ffffff;
  13232: ffffff;
  13233: ffffff;
  13234: ffffff;
  13235: ffffff;
  13236: ffffff;
  13237: ffffff;
  13238: ffffff;
  13239: ffffff;
  13240: ffffff;
  13241: ffffff;
  13242: ffffff;
  13243: ffffff;
  13244: ffffff;
  13245: ffffff;
  13246: ffffff;
  13247: ffffff;
  13248: ffffff;
  13249: ffffff;
  13250: ffffff;
  13251: ffffff;
  13252: ffffff;
  13253: ffffff;
  13254: ffffff;
  13255: ffffff;
  13256: ffffff;
  13257: ffffff;
  13258: ffffff;
  13259: ffffff;
  13260: ffffff;
  13261: ffffff;
  13262: ffffff;
  13263: ffffff;
  13264: ffffff;
  13265: ffffff;
  13266: ffffff;
  13267: ffffff;
  13268: ffffff;
  13269: ffffff;
  13270: ffffff;
  13271: ffffff;
  13272: ffffff;
  13273: ffffff;
  13274: ffffff;
  13275: ffffff;
  13276: ffffff;
  13277: ffffff;
  13278: ffffff;
  13279: ffffff;
  13280: ffffff;
  13281: ffffff;
  13282: ffffff;
  13283: ffffff;
  13284: ffffff;
  13285: ffffff;
  13286: ffffff;
  13287: ffffff;
  13288: ffffff;
  13289: ffffff;
  13290: ffffff;
  13291: ffffff;
  13292: ffffff;
  13293: ffffff;
  13294: ffffff;
  13295: ffffff;
  13296: ffffff;
  13297: ffffff;
  13298: ffffff;
  13299: ffffff;
  13300: ffffff;
  13301: ffffff;
  13302: ffffff;
  13303: ffffff;
  13304: f1f1f1;
  13305: bfbfbf;
  13306: 828282;
  13307: 484848;
  13308: 191919;
  13309: 0;
  13310: 0;
  13311: 0;
  13312: 0;
  13313: 0;
  13314: 0;
  13315: 131313;
  13316: 454545;
  13317: 838383;
  13318: c2c2c2;
  13319: f8f8f8;
  13320: ffffff;
  13321: ffffff;
  13322: ffffff;
  13323: ffffff;
  13324: ffffff;
  13325: ffffff;
  13326: ffffff;
  13327: ffffff;
  13328: fefefe;
  13329: fefefe;
  13330: fefefe;
  13331: fefefe;
  13332: fefefe;
  13333: fefefe;
  13334: ffffff;
  13335: ffffff;
  13336: ffffff;
  13337: ffffff;
  13338: ffffff;
  13339: ffffff;
  13340: ffffff;
  13341: ffffff;
  13342: ffffff;
  13343: ffffff;
  13344: ffffff;
  13345: ffffff;
  13346: ffffff;
  13347: ffffff;
  13348: ffffff;
  13349: ffffff;
  13350: ffffff;
  13351: ffffff;
  13352: ffffff;
  13353: ffffff;
  13354: ffffff;
  13355: ffffff;
  13356: ffffff;
  13357: ffffff;
  13358: ffffff;
  13359: ffffff;
  13360: ffffff;
  13361: ffffff;
  13362: ffffff;
  13363: ffffff;
  13364: ffffff;
  13365: ffffff;
  13366: ffffff;
  13367: ffffff;
  13368: ffffff;
  13369: ffffff;
  13370: ffffff;
  13371: ffffff;
  13372: ffffff;
  13373: ffffff;
  13374: ffffff;
  13375: ffffff;
  13376: ffffff;
  13377: ffffff;
  13378: ffffff;
  13379: ffffff;
  13380: ffffff;
  13381: ffffff;
  13382: ffffff;
  13383: ffffff;
  13384: ffffff;
  13385: ffffff;
  13386: ffffff;
  13387: ffffff;
  13388: ffffff;
  13389: ffffff;
  13390: ffffff;
  13391: ffffff;
  13392: ffffff;
  13393: ffffff;
  13394: ffffff;
  13395: ffffff;
  13396: ffffff;
  13397: ffffff;
  13398: ffffff;
  13399: ffffff;
  13400: ffffff;
  13401: ffffff;
  13402: ffffff;
  13403: ffffff;
  13404: ffffff;
  13405: ffffff;
  13406: ffffff;
  13407: ffffff;
  13408: ffffff;
  13409: ffffff;
  13410: ffffff;
  13411: ffffff;
  13412: ffffff;
  13413: ffffff;
  13414: ffffff;
  13415: ffffff;
  13416: ffffff;
  13417: ffffff;
  13418: fefefe;
  13419: fefefe;
  13420: fefefe;
  13421: fefefe;
  13422: fefefe;
  13423: fefefe;
  13424: ffffff;
  13425: ffffff;
  13426: ffffff;
  13427: ffffff;
  13428: ffffff;
  13429: ffffff;
  13430: ffffff;
  13431: ffffff;
  13432: f8f8f8;
  13433: c2c2c2;
  13434: 838383;
  13435: 454545;
  13436: 131313;
  13437: 0;
  13438: 0;
  13439: 0;
  13440: 0;
  13441: 0;
  13442: 0;
  13443: e0e0e;
  13444: 424242;
  13445: 838383;
  13446: c5c5c5;
  13447: fcfcfc;
  13448: ffffff;
  13449: ffffff;
  13450: ffffff;
  13451: ffffff;
  13452: ffffff;
  13453: ffffff;
  13454: ffffff;
  13455: fefefe;
  13456: fdfdfd;
  13457: fcfcfc;
  13458: fcfcfc;
  13459: fcfcfc;
  13460: fdfdfd;
  13461: fefefe;
  13462: fefefe;
  13463: ffffff;
  13464: ffffff;
  13465: ffffff;
  13466: ffffff;
  13467: ffffff;
  13468: ffffff;
  13469: ffffff;
  13470: ffffff;
  13471: ffffff;
  13472: ffffff;
  13473: ffffff;
  13474: ffffff;
  13475: ffffff;
  13476: ffffff;
  13477: ffffff;
  13478: ffffff;
  13479: ffffff;
  13480: ffffff;
  13481: ffffff;
  13482: ffffff;
  13483: ffffff;
  13484: ffffff;
  13485: ffffff;
  13486: ffffff;
  13487: ffffff;
  13488: ffffff;
  13489: ffffff;
  13490: ffffff;
  13491: ffffff;
  13492: ffffff;
  13493: ffffff;
  13494: ffffff;
  13495: ffffff;
  13496: ffffff;
  13497: ffffff;
  13498: ffffff;
  13499: ffffff;
  13500: ffffff;
  13501: ffffff;
  13502: ffffff;
  13503: ffffff;
  13504: ffffff;
  13505: ffffff;
  13506: ffffff;
  13507: ffffff;
  13508: ffffff;
  13509: ffffff;
  13510: ffffff;
  13511: ffffff;
  13512: ffffff;
  13513: ffffff;
  13514: ffffff;
  13515: ffffff;
  13516: ffffff;
  13517: ffffff;
  13518: ffffff;
  13519: ffffff;
  13520: ffffff;
  13521: ffffff;
  13522: ffffff;
  13523: ffffff;
  13524: ffffff;
  13525: ffffff;
  13526: ffffff;
  13527: ffffff;
  13528: ffffff;
  13529: ffffff;
  13530: ffffff;
  13531: ffffff;
  13532: ffffff;
  13533: ffffff;
  13534: ffffff;
  13535: ffffff;
  13536: ffffff;
  13537: ffffff;
  13538: ffffff;
  13539: ffffff;
  13540: ffffff;
  13541: ffffff;
  13542: ffffff;
  13543: ffffff;
  13544: ffffff;
  13545: fefefe;
  13546: fefefe;
  13547: fdfdfd;
  13548: fcfcfc;
  13549: fcfcfc;
  13550: fcfcfc;
  13551: fdfdfd;
  13552: fefefe;
  13553: ffffff;
  13554: ffffff;
  13555: ffffff;
  13556: ffffff;
  13557: ffffff;
  13558: ffffff;
  13559: ffffff;
  13560: fcfcfc;
  13561: c5c5c5;
  13562: 838383;
  13563: 424242;
  13564: e0e0e;
  13565: 0;
  13566: 0;
  13567: 0;
  13568: 0;
  13569: 0;
  13570: 0;
  13571: f0f0f;
  13572: 434343;
  13573: 828282;
  13574: c3c3c3;
  13575: fafafa;
  13576: ffffff;
  13577: ffffff;
  13578: ffffff;
  13579: ffffff;
  13580: ffffff;
  13581: ffffff;
  13582: ffffff;
  13583: fefefe;
  13584: fcfcfc;
  13585: fbfbfb;
  13586: fbfbfb;
  13587: fbfbfb;
  13588: fcfcfc;
  13589: fdfdfd;
  13590: fefefe;
  13591: ffffff;
  13592: ffffff;
  13593: ffffff;
  13594: ffffff;
  13595: ffffff;
  13596: ffffff;
  13597: ffffff;
  13598: ffffff;
  13599: ffffff;
  13600: ffffff;
  13601: ffffff;
  13602: ffffff;
  13603: ffffff;
  13604: ffffff;
  13605: ffffff;
  13606: ffffff;
  13607: ffffff;
  13608: ffffff;
  13609: ffffff;
  13610: ffffff;
  13611: ffffff;
  13612: ffffff;
  13613: ffffff;
  13614: ffffff;
  13615: ffffff;
  13616: ffffff;
  13617: ffffff;
  13618: ffffff;
  13619: ffffff;
  13620: ffffff;
  13621: ffffff;
  13622: ffffff;
  13623: ffffff;
  13624: ffffff;
  13625: ffffff;
  13626: ffffff;
  13627: ffffff;
  13628: ffffff;
  13629: ffffff;
  13630: ffffff;
  13631: ffffff;
  13632: ffffff;
  13633: ffffff;
  13634: ffffff;
  13635: ffffff;
  13636: ffffff;
  13637: ffffff;
  13638: ffffff;
  13639: ffffff;
  13640: ffffff;
  13641: ffffff;
  13642: ffffff;
  13643: ffffff;
  13644: ffffff;
  13645: ffffff;
  13646: ffffff;
  13647: ffffff;
  13648: ffffff;
  13649: ffffff;
  13650: ffffff;
  13651: ffffff;
  13652: ffffff;
  13653: ffffff;
  13654: ffffff;
  13655: ffffff;
  13656: ffffff;
  13657: ffffff;
  13658: ffffff;
  13659: ffffff;
  13660: ffffff;
  13661: ffffff;
  13662: ffffff;
  13663: ffffff;
  13664: ffffff;
  13665: ffffff;
  13666: ffffff;
  13667: ffffff;
  13668: ffffff;
  13669: ffffff;
  13670: ffffff;
  13671: ffffff;
  13672: ffffff;
  13673: fefefe;
  13674: fdfdfd;
  13675: fcfcfc;
  13676: fbfbfb;
  13677: fbfbfb;
  13678: fbfbfb;
  13679: fcfcfc;
  13680: fefefe;
  13681: ffffff;
  13682: ffffff;
  13683: ffffff;
  13684: ffffff;
  13685: ffffff;
  13686: ffffff;
  13687: ffffff;
  13688: fafafa;
  13689: c3c3c3;
  13690: 828282;
  13691: 434343;
  13692: f0f0f;
  13693: 0;
  13694: 0;
  13695: 0;
  13696: 0;
  13697: 0;
  13698: 0;
  13699: 1c1c1c;
  13700: 494949;
  13701: 818181;
  13702: bababa;
  13703: ebebeb;
  13704: ffffff;
  13705: ffffff;
  13706: ffffff;
  13707: ffffff;
  13708: ffffff;
  13709: ffffff;
  13710: ffffff;
  13711: fefefe;
  13712: fcfcfc;
  13713: fbfbfb;
  13714: fbfbfb;
  13715: fbfbfb;
  13716: fcfcfc;
  13717: fdfdfd;
  13718: fefefe;
  13719: ffffff;
  13720: ffffff;
  13721: ffffff;
  13722: ffffff;
  13723: ffffff;
  13724: ffffff;
  13725: ffffff;
  13726: ffffff;
  13727: ffffff;
  13728: ffffff;
  13729: ffffff;
  13730: ffffff;
  13731: ffffff;
  13732: ffffff;
  13733: ffffff;
  13734: ffffff;
  13735: ffffff;
  13736: ffffff;
  13737: ffffff;
  13738: ffffff;
  13739: ffffff;
  13740: ffffff;
  13741: ffffff;
  13742: ffffff;
  13743: ffffff;
  13744: ffffff;
  13745: ffffff;
  13746: ffffff;
  13747: ffffff;
  13748: ffffff;
  13749: ffffff;
  13750: ffffff;
  13751: ffffff;
  13752: ffffff;
  13753: ffffff;
  13754: ffffff;
  13755: ffffff;
  13756: ffffff;
  13757: ffffff;
  13758: ffffff;
  13759: ffffff;
  13760: ffffff;
  13761: ffffff;
  13762: ffffff;
  13763: ffffff;
  13764: ffffff;
  13765: ffffff;
  13766: ffffff;
  13767: ffffff;
  13768: ffffff;
  13769: ffffff;
  13770: ffffff;
  13771: ffffff;
  13772: ffffff;
  13773: ffffff;
  13774: ffffff;
  13775: ffffff;
  13776: ffffff;
  13777: ffffff;
  13778: ffffff;
  13779: ffffff;
  13780: ffffff;
  13781: ffffff;
  13782: ffffff;
  13783: ffffff;
  13784: ffffff;
  13785: ffffff;
  13786: ffffff;
  13787: ffffff;
  13788: ffffff;
  13789: ffffff;
  13790: ffffff;
  13791: ffffff;
  13792: ffffff;
  13793: ffffff;
  13794: ffffff;
  13795: ffffff;
  13796: ffffff;
  13797: ffffff;
  13798: ffffff;
  13799: ffffff;
  13800: ffffff;
  13801: fefefe;
  13802: fdfdfd;
  13803: fcfcfc;
  13804: fbfbfb;
  13805: fbfbfb;
  13806: fbfbfb;
  13807: fcfcfc;
  13808: fefefe;
  13809: ffffff;
  13810: ffffff;
  13811: ffffff;
  13812: ffffff;
  13813: ffffff;
  13814: ffffff;
  13815: ffffff;
  13816: ebebeb;
  13817: bababa;
  13818: 818181;
  13819: 494949;
  13820: 1c1c1c;
  13821: 0;
  13822: 0;
  13823: 0;
  13824: 272727;
  13825: 272727;
  13826: 272727;
  13827: 393939;
  13828: 575757;
  13829: 7c7c7c;
  13830: a2a2a2;
  13831: c4c4c4;
  13832: d5d5d5;
  13833: dcdcdc;
  13834: e7e7e7;
  13835: f3f3f3;
  13836: fdfdfd;
  13837: ffffff;
  13838: ffffff;
  13839: ffffff;
  13840: fefefe;
  13841: fcfcfc;
  13842: fbfbfb;
  13843: fbfbfb;
  13844: fcfcfc;
  13845: fdfdfd;
  13846: fefefe;
  13847: ffffff;
  13848: ffffff;
  13849: ffffff;
  13850: ffffff;
  13851: ffffff;
  13852: ffffff;
  13853: ffffff;
  13854: ffffff;
  13855: ffffff;
  13856: ffffff;
  13857: ffffff;
  13858: ffffff;
  13859: ffffff;
  13860: ffffff;
  13861: ffffff;
  13862: ffffff;
  13863: ffffff;
  13864: ffffff;
  13865: ffffff;
  13866: ffffff;
  13867: ffffff;
  13868: ffffff;
  13869: ffffff;
  13870: ffffff;
  13871: ffffff;
  13872: ffffff;
  13873: ffffff;
  13874: ffffff;
  13875: ffffff;
  13876: ffffff;
  13877: ffffff;
  13878: ffffff;
  13879: ffffff;
  13880: ffffff;
  13881: ffffff;
  13882: ffffff;
  13883: ffffff;
  13884: ffffff;
  13885: ffffff;
  13886: ffffff;
  13887: ffffff;
  13888: ffffff;
  13889: ffffff;
  13890: ffffff;
  13891: ffffff;
  13892: ffffff;
  13893: ffffff;
  13894: ffffff;
  13895: ffffff;
  13896: ffffff;
  13897: ffffff;
  13898: ffffff;
  13899: ffffff;
  13900: ffffff;
  13901: ffffff;
  13902: ffffff;
  13903: ffffff;
  13904: ffffff;
  13905: ffffff;
  13906: ffffff;
  13907: ffffff;
  13908: ffffff;
  13909: ffffff;
  13910: ffffff;
  13911: ffffff;
  13912: ffffff;
  13913: ffffff;
  13914: ffffff;
  13915: ffffff;
  13916: ffffff;
  13917: ffffff;
  13918: ffffff;
  13919: ffffff;
  13920: ffffff;
  13921: ffffff;
  13922: ffffff;
  13923: ffffff;
  13924: ffffff;
  13925: ffffff;
  13926: ffffff;
  13927: ffffff;
  13928: ffffff;
  13929: fefefe;
  13930: fdfdfd;
  13931: fcfcfc;
  13932: fbfbfb;
  13933: fbfbfb;
  13934: fcfcfc;
  13935: fefefe;
  13936: ffffff;
  13937: ffffff;
  13938: ffffff;
  13939: fdfdfd;
  13940: f3f3f3;
  13941: e7e7e7;
  13942: dcdcdc;
  13943: d5d5d5;
  13944: c4c4c4;
  13945: a2a2a2;
  13946: 7c7c7c;
  13947: 575757;
  13948: 393939;
  13949: 272727;
  13950: 272727;
  13951: 272727;
  13952: 606060;
  13953: 606060;
  13954: 606060;
  13955: 656565;
  13956: 6a6a6a;
  13957: 737373;
  13958: 7c7c7c;
  13959: 898989;
  13960: 969696;
  13961: a8a8a8;
  13962: c3c3c3;
  13963: e2e2e2;
  13964: fcfcfc;
  13965: ffffff;
  13966: ffffff;
  13967: ffffff;
  13968: ffffff;
  13969: ffffff;
  13970: fcfcfc;
  13971: fcfcfc;
  13972: fdfdfd;
  13973: fefefe;
  13974: fefefe;
  13975: ffffff;
  13976: ffffff;
  13977: ffffff;
  13978: ffffff;
  13979: ffffff;
  13980: ffffff;
  13981: ffffff;
  13982: ffffff;
  13983: ffffff;
  13984: ffffff;
  13985: ffffff;
  13986: ffffff;
  13987: ffffff;
  13988: ffffff;
  13989: ffffff;
  13990: ffffff;
  13991: ffffff;
  13992: ffffff;
  13993: ffffff;
  13994: ffffff;
  13995: ffffff;
  13996: ffffff;
  13997: ffffff;
  13998: ffffff;
  13999: ffffff;
  14000: ffffff;
  14001: ffffff;
  14002: ffffff;
  14003: ffffff;
  14004: ffffff;
  14005: ffffff;
  14006: ffffff;
  14007: ffffff;
  14008: ffffff;
  14009: ffffff;
  14010: ffffff;
  14011: ffffff;
  14012: ffffff;
  14013: ffffff;
  14014: ffffff;
  14015: ffffff;
  14016: ffffff;
  14017: ffffff;
  14018: ffffff;
  14019: ffffff;
  14020: ffffff;
  14021: ffffff;
  14022: ffffff;
  14023: ffffff;
  14024: ffffff;
  14025: ffffff;
  14026: ffffff;
  14027: ffffff;
  14028: ffffff;
  14029: ffffff;
  14030: ffffff;
  14031: ffffff;
  14032: ffffff;
  14033: ffffff;
  14034: ffffff;
  14035: ffffff;
  14036: ffffff;
  14037: ffffff;
  14038: ffffff;
  14039: ffffff;
  14040: ffffff;
  14041: ffffff;
  14042: ffffff;
  14043: ffffff;
  14044: ffffff;
  14045: ffffff;
  14046: ffffff;
  14047: ffffff;
  14048: ffffff;
  14049: ffffff;
  14050: ffffff;
  14051: ffffff;
  14052: ffffff;
  14053: ffffff;
  14054: ffffff;
  14055: ffffff;
  14056: ffffff;
  14057: fefefe;
  14058: fefefe;
  14059: fdfdfd;
  14060: fcfcfc;
  14061: fcfcfc;
  14062: ffffff;
  14063: ffffff;
  14064: ffffff;
  14065: ffffff;
  14066: ffffff;
  14067: fcfcfc;
  14068: e2e2e2;
  14069: c3c3c3;
  14070: a8a8a8;
  14071: 969696;
  14072: 898989;
  14073: 7c7c7c;
  14074: 737373;
  14075: 6a6a6a;
  14076: 656565;
  14077: 606060;
  14078: 606060;
  14079: 606060;
  14080: 9f9f9f;
  14081: 9f9f9f;
  14082: 9f9f9f;
  14083: 959595;
  14084: 818181;
  14085: 6b6b6b;
  14086: 565656;
  14087: 4b4b4b;
  14088: 535353;
  14089: 707070;
  14090: 9c9c9c;
  14091: cecece;
  14092: f8f8f8;
  14093: ffffff;
  14094: ffffff;
  14095: ffffff;
  14096: ffffff;
  14097: ffffff;
  14098: fefefe;
  14099: fdfdfd;
  14100: fefefe;
  14101: fefefe;
  14102: ffffff;
  14103: ffffff;
  14104: ffffff;
  14105: ffffff;
  14106: ffffff;
  14107: ffffff;
  14108: ffffff;
  14109: ffffff;
  14110: ffffff;
  14111: ffffff;
  14112: ffffff;
  14113: ffffff;
  14114: ffffff;
  14115: ffffff;
  14116: ffffff;
  14117: ffffff;
  14118: ffffff;
  14119: ffffff;
  14120: ffffff;
  14121: ffffff;
  14122: ffffff;
  14123: ffffff;
  14124: ffffff;
  14125: ffffff;
  14126: ffffff;
  14127: ffffff;
  14128: ffffff;
  14129: ffffff;
  14130: ffffff;
  14131: ffffff;
  14132: ffffff;
  14133: ffffff;
  14134: ffffff;
  14135: ffffff;
  14136: ffffff;
  14137: ffffff;
  14138: ffffff;
  14139: ffffff;
  14140: ffffff;
  14141: ffffff;
  14142: ffffff;
  14143: ffffff;
  14144: ffffff;
  14145: ffffff;
  14146: ffffff;
  14147: ffffff;
  14148: ffffff;
  14149: ffffff;
  14150: ffffff;
  14151: ffffff;
  14152: ffffff;
  14153: ffffff;
  14154: ffffff;
  14155: ffffff;
  14156: ffffff;
  14157: ffffff;
  14158: ffffff;
  14159: ffffff;
  14160: ffffff;
  14161: ffffff;
  14162: ffffff;
  14163: ffffff;
  14164: ffffff;
  14165: ffffff;
  14166: ffffff;
  14167: ffffff;
  14168: ffffff;
  14169: ffffff;
  14170: ffffff;
  14171: ffffff;
  14172: ffffff;
  14173: ffffff;
  14174: ffffff;
  14175: ffffff;
  14176: ffffff;
  14177: ffffff;
  14178: ffffff;
  14179: ffffff;
  14180: ffffff;
  14181: ffffff;
  14182: ffffff;
  14183: ffffff;
  14184: ffffff;
  14185: ffffff;
  14186: fefefe;
  14187: fefefe;
  14188: fdfdfd;
  14189: fefefe;
  14190: ffffff;
  14191: ffffff;
  14192: ffffff;
  14193: ffffff;
  14194: ffffff;
  14195: f8f8f8;
  14196: cecece;
  14197: 9c9c9c;
  14198: 707070;
  14199: 535353;
  14200: 4b4b4b;
  14201: 565656;
  14202: 6b6b6b;
  14203: 818181;
  14204: 959595;
  14205: 9f9f9f;
  14206: 9f9f9f;
  14207: 9f9f9f;
  14208: d8d8d8;
  14209: d8d8d8;
  14210: d8d8d8;
  14211: c1c1c1;
  14212: 989898;
  14213: 686868;
  14214: 393939;
  14215: 1a1a1a;
  14216: 1d1d1d;
  14217: 414141;
  14218: 797979;
  14219: b8b8b8;
  14220: eeeeee;
  14221: ffffff;
  14222: ffffff;
  14223: ffffff;
  14224: ffffff;
  14225: ffffff;
  14226: ffffff;
  14227: fefefe;
  14228: fefefe;
  14229: ffffff;
  14230: ffffff;
  14231: ffffff;
  14232: ffffff;
  14233: ffffff;
  14234: ffffff;
  14235: ffffff;
  14236: ffffff;
  14237: ffffff;
  14238: ffffff;
  14239: ffffff;
  14240: ffffff;
  14241: ffffff;
  14242: ffffff;
  14243: ffffff;
  14244: ffffff;
  14245: ffffff;
  14246: ffffff;
  14247: ffffff;
  14248: ffffff;
  14249: ffffff;
  14250: ffffff;
  14251: ffffff;
  14252: ffffff;
  14253: ffffff;
  14254: ffffff;
  14255: ffffff;
  14256: ffffff;
  14257: ffffff;
  14258: ffffff;
  14259: ffffff;
  14260: ffffff;
  14261: ffffff;
  14262: ffffff;
  14263: ffffff;
  14264: ffffff;
  14265: ffffff;
  14266: ffffff;
  14267: ffffff;
  14268: ffffff;
  14269: ffffff;
  14270: ffffff;
  14271: ffffff;
  14272: ffffff;
  14273: ffffff;
  14274: ffffff;
  14275: ffffff;
  14276: ffffff;
  14277: ffffff;
  14278: ffffff;
  14279: ffffff;
  14280: ffffff;
  14281: ffffff;
  14282: ffffff;
  14283: ffffff;
  14284: ffffff;
  14285: ffffff;
  14286: ffffff;
  14287: ffffff;
  14288: ffffff;
  14289: ffffff;
  14290: ffffff;
  14291: ffffff;
  14292: ffffff;
  14293: ffffff;
  14294: ffffff;
  14295: ffffff;
  14296: ffffff;
  14297: ffffff;
  14298: ffffff;
  14299: ffffff;
  14300: ffffff;
  14301: ffffff;
  14302: ffffff;
  14303: ffffff;
  14304: ffffff;
  14305: ffffff;
  14306: ffffff;
  14307: ffffff;
  14308: ffffff;
  14309: ffffff;
  14310: ffffff;
  14311: ffffff;
  14312: ffffff;
  14313: ffffff;
  14314: ffffff;
  14315: fefefe;
  14316: fefefe;
  14317: ffffff;
  14318: ffffff;
  14319: ffffff;
  14320: ffffff;
  14321: ffffff;
  14322: ffffff;
  14323: eeeeee;
  14324: b8b8b8;
  14325: 797979;
  14326: 414141;
  14327: 1d1d1d;
  14328: 1a1a1a;
  14329: 393939;
  14330: 686868;
  14331: 989898;
  14332: c1c1c1;
  14333: d8d8d8;
  14334: d8d8d8;
  14335: d8d8d8;
  14336: ffffff;
  14337: ffffff;
  14338: ffffff;
  14339: e1e1e1;
  14340: acacac;
  14341: 6e6e6e;
  14342: 313131;
  14343: 70707;
  14344: 60606;
  14345: 2a2a2a;
  14346: 636363;
  14347: a4a4a4;
  14348: dcdcdc;
  14349: ffffff;
  14350: ffffff;
  14351: ffffff;
  14352: ffffff;
  14353: ffffff;
  14354: ffffff;
  14355: ffffff;
  14356: ffffff;
  14357: ffffff;
  14358: ffffff;
  14359: ffffff;
  14360: ffffff;
  14361: ffffff;
  14362: ffffff;
  14363: ffffff;
  14364: ffffff;
  14365: ffffff;
  14366: ffffff;
  14367: ffffff;
  14368: ffffff;
  14369: ffffff;
  14370: ffffff;
  14371: ffffff;
  14372: ffffff;
  14373: ffffff;
  14374: ffffff;
  14375: ffffff;
  14376: ffffff;
  14377: ffffff;
  14378: ffffff;
  14379: ffffff;
  14380: ffffff;
  14381: ffffff;
  14382: ffffff;
  14383: ffffff;
  14384: ffffff;
  14385: ffffff;
  14386: ffffff;
  14387: ffffff;
  14388: ffffff;
  14389: ffffff;
  14390: ffffff;
  14391: ffffff;
  14392: ffffff;
  14393: ffffff;
  14394: ffffff;
  14395: ffffff;
  14396: ffffff;
  14397: ffffff;
  14398: ffffff;
  14399: ffffff;
  14400: ffffff;
  14401: ffffff;
  14402: ffffff;
  14403: ffffff;
  14404: ffffff;
  14405: ffffff;
  14406: ffffff;
  14407: ffffff;
  14408: ffffff;
  14409: ffffff;
  14410: ffffff;
  14411: ffffff;
  14412: ffffff;
  14413: ffffff;
  14414: ffffff;
  14415: ffffff;
  14416: ffffff;
  14417: ffffff;
  14418: ffffff;
  14419: ffffff;
  14420: ffffff;
  14421: ffffff;
  14422: ffffff;
  14423: ffffff;
  14424: ffffff;
  14425: ffffff;
  14426: ffffff;
  14427: ffffff;
  14428: ffffff;
  14429: ffffff;
  14430: ffffff;
  14431: ffffff;
  14432: ffffff;
  14433: ffffff;
  14434: ffffff;
  14435: ffffff;
  14436: ffffff;
  14437: ffffff;
  14438: ffffff;
  14439: ffffff;
  14440: ffffff;
  14441: ffffff;
  14442: ffffff;
  14443: ffffff;
  14444: ffffff;
  14445: ffffff;
  14446: ffffff;
  14447: ffffff;
  14448: ffffff;
  14449: ffffff;
  14450: ffffff;
  14451: dcdcdc;
  14452: a4a4a4;
  14453: 636363;
  14454: 2a2a2a;
  14455: 60606;
  14456: 70707;
  14457: 313131;
  14458: 6e6e6e;
  14459: acacac;
  14460: e1e1e1;
  14461: ffffff;
  14462: ffffff;
  14463: ffffff;
  14464: ffffff;
  14465: ffffff;
  14466: ffffff;
  14467: f2f2f2;
  14468: bfbfbf;
  14469: 838383;
  14470: 484848;
  14471: 1e1e1e;
  14472: 1a1a1a;
  14473: 333333;
  14474: 5d5d5d;
  14475: 8f8f8f;
  14476: bbbbbb;
  14477: d9d9d9;
  14478: dcdcdc;
  14479: e4e4e4;
  14480: eeeeee;
  14481: f8f8f8;
  14482: fefefe;
  14483: ffffff;
  14484: ffffff;
  14485: ffffff;
  14486: ffffff;
  14487: ffffff;
  14488: ffffff;
  14489: ffffff;
  14490: ffffff;
  14491: ffffff;
  14492: ffffff;
  14493: ffffff;
  14494: ffffff;
  14495: ffffff;
  14496: ffffff;
  14497: ffffff;
  14498: ffffff;
  14499: ffffff;
  14500: ffffff;
  14501: ffffff;
  14502: ffffff;
  14503: ffffff;
  14504: ffffff;
  14505: ffffff;
  14506: ffffff;
  14507: ffffff;
  14508: ffffff;
  14509: ffffff;
  14510: ffffff;
  14511: ffffff;
  14512: ffffff;
  14513: ffffff;
  14514: ffffff;
  14515: ffffff;
  14516: ffffff;
  14517: ffffff;
  14518: ffffff;
  14519: ffffff;
  14520: ffffff;
  14521: ffffff;
  14522: ffffff;
  14523: ffffff;
  14524: ffffff;
  14525: ffffff;
  14526: ffffff;
  14527: ffffff;
  14528: ffffff;
  14529: ffffff;
  14530: ffffff;
  14531: ffffff;
  14532: ffffff;
  14533: ffffff;
  14534: ffffff;
  14535: ffffff;
  14536: ffffff;
  14537: ffffff;
  14538: ffffff;
  14539: ffffff;
  14540: ffffff;
  14541: ffffff;
  14542: ffffff;
  14543: ffffff;
  14544: ffffff;
  14545: ffffff;
  14546: ffffff;
  14547: ffffff;
  14548: ffffff;
  14549: ffffff;
  14550: ffffff;
  14551: ffffff;
  14552: ffffff;
  14553: ffffff;
  14554: ffffff;
  14555: ffffff;
  14556: ffffff;
  14557: ffffff;
  14558: ffffff;
  14559: ffffff;
  14560: ffffff;
  14561: ffffff;
  14562: ffffff;
  14563: ffffff;
  14564: ffffff;
  14565: ffffff;
  14566: ffffff;
  14567: ffffff;
  14568: ffffff;
  14569: ffffff;
  14570: ffffff;
  14571: ffffff;
  14572: ffffff;
  14573: fefefe;
  14574: f8f8f8;
  14575: eeeeee;
  14576: e4e4e4;
  14577: dcdcdc;
  14578: d9d9d9;
  14579: bbbbbb;
  14580: 8f8f8f;
  14581: 5d5d5d;
  14582: 333333;
  14583: 1a1a1a;
  14584: 1e1e1e;
  14585: 484848;
  14586: 838383;
  14587: bfbfbf;
  14588: f2f2f2;
  14589: ffffff;
  14590: ffffff;
  14591: ffffff;
  14592: ffffff;
  14593: ffffff;
  14594: ffffff;
  14595: fafafa;
  14596: d2d2d2;
  14597: a3a3a3;
  14598: 757575;
  14599: 545454;
  14600: 4c4c4c;
  14601: 525252;
  14602: 616161;
  14603: 777777;
  14604: 8c8c8c;
  14605: a0a0a0;
  14606: a9a9a9;
  14607: bdbdbd;
  14608: d5d5d5;
  14609: ededed;
  14610: fdfdfd;
  14611: ffffff;
  14612: ffffff;
  14613: ffffff;
  14614: ffffff;
  14615: ffffff;
  14616: ffffff;
  14617: ffffff;
  14618: ffffff;
  14619: ffffff;
  14620: ffffff;
  14621: ffffff;
  14622: ffffff;
  14623: ffffff;
  14624: ffffff;
  14625: ffffff;
  14626: ffffff;
  14627: ffffff;
  14628: ffffff;
  14629: ffffff;
  14630: ffffff;
  14631: ffffff;
  14632: ffffff;
  14633: ffffff;
  14634: ffffff;
  14635: ffffff;
  14636: ffffff;
  14637: ffffff;
  14638: ffffff;
  14639: ffffff;
  14640: ffffff;
  14641: ffffff;
  14642: ffffff;
  14643: ffffff;
  14644: ffffff;
  14645: ffffff;
  14646: ffffff;
  14647: ffffff;
  14648: ffffff;
  14649: ffffff;
  14650: ffffff;
  14651: ffffff;
  14652: ffffff;
  14653: ffffff;
  14654: ffffff;
  14655: ffffff;
  14656: ffffff;
  14657: ffffff;
  14658: ffffff;
  14659: ffffff;
  14660: ffffff;
  14661: ffffff;
  14662: ffffff;
  14663: ffffff;
  14664: ffffff;
  14665: ffffff;
  14666: ffffff;
  14667: ffffff;
  14668: ffffff;
  14669: ffffff;
  14670: ffffff;
  14671: ffffff;
  14672: ffffff;
  14673: ffffff;
  14674: ffffff;
  14675: ffffff;
  14676: ffffff;
  14677: ffffff;
  14678: ffffff;
  14679: ffffff;
  14680: ffffff;
  14681: ffffff;
  14682: ffffff;
  14683: ffffff;
  14684: ffffff;
  14685: ffffff;
  14686: ffffff;
  14687: ffffff;
  14688: ffffff;
  14689: ffffff;
  14690: ffffff;
  14691: ffffff;
  14692: ffffff;
  14693: ffffff;
  14694: ffffff;
  14695: ffffff;
  14696: ffffff;
  14697: ffffff;
  14698: ffffff;
  14699: ffffff;
  14700: ffffff;
  14701: fdfdfd;
  14702: ededed;
  14703: d5d5d5;
  14704: bdbdbd;
  14705: a9a9a9;
  14706: a0a0a0;
  14707: 8c8c8c;
  14708: 777777;
  14709: 616161;
  14710: 525252;
  14711: 4c4c4c;
  14712: 545454;
  14713: 757575;
  14714: a3a3a3;
  14715: d2d2d2;
  14716: fafafa;
  14717: ffffff;
  14718: ffffff;
  14719: ffffff;
  14720: ffffff;
  14721: ffffff;
  14722: ffffff;
  14723: fdfdfd;
  14724: e5e5e5;
  14725: c8c8c8;
  14726: ababab;
  14727: 979797;
  14728: 8c8c8c;
  14729: 7b7b7b;
  14730: 6b6b6b;
  14731: 606060;
  14732: 5a5a5a;
  14733: 616161;
  14734: 717171;
  14735: 929292;
  14736: bababa;
  14737: e1e1e1;
  14738: fcfcfc;
  14739: ffffff;
  14740: ffffff;
  14741: ffffff;
  14742: ffffff;
  14743: ffffff;
  14744: ffffff;
  14745: ffffff;
  14746: ffffff;
  14747: ffffff;
  14748: ffffff;
  14749: ffffff;
  14750: ffffff;
  14751: ffffff;
  14752: ffffff;
  14753: ffffff;
  14754: ffffff;
  14755: ffffff;
  14756: ffffff;
  14757: ffffff;
  14758: ffffff;
  14759: ffffff;
  14760: ffffff;
  14761: ffffff;
  14762: ffffff;
  14763: ffffff;
  14764: ffffff;
  14765: ffffff;
  14766: ffffff;
  14767: ffffff;
  14768: ffffff;
  14769: ffffff;
  14770: ffffff;
  14771: ffffff;
  14772: ffffff;
  14773: ffffff;
  14774: ffffff;
  14775: ffffff;
  14776: ffffff;
  14777: ffffff;
  14778: ffffff;
  14779: ffffff;
  14780: ffffff;
  14781: ffffff;
  14782: ffffff;
  14783: ffffff;
  14784: ffffff;
  14785: ffffff;
  14786: ffffff;
  14787: ffffff;
  14788: ffffff;
  14789: ffffff;
  14790: ffffff;
  14791: ffffff;
  14792: ffffff;
  14793: ffffff;
  14794: ffffff;
  14795: ffffff;
  14796: ffffff;
  14797: ffffff;
  14798: ffffff;
  14799: ffffff;
  14800: ffffff;
  14801: ffffff;
  14802: ffffff;
  14803: ffffff;
  14804: ffffff;
  14805: ffffff;
  14806: ffffff;
  14807: ffffff;
  14808: ffffff;
  14809: ffffff;
  14810: ffffff;
  14811: ffffff;
  14812: ffffff;
  14813: ffffff;
  14814: ffffff;
  14815: ffffff;
  14816: ffffff;
  14817: ffffff;
  14818: ffffff;
  14819: ffffff;
  14820: ffffff;
  14821: ffffff;
  14822: ffffff;
  14823: ffffff;
  14824: ffffff;
  14825: ffffff;
  14826: ffffff;
  14827: ffffff;
  14828: ffffff;
  14829: fcfcfc;
  14830: e1e1e1;
  14831: bababa;
  14832: 929292;
  14833: 717171;
  14834: 616161;
  14835: 5a5a5a;
  14836: 606060;
  14837: 6b6b6b;
  14838: 7b7b7b;
  14839: 8c8c8c;
  14840: 979797;
  14841: ababab;
  14842: c8c8c8;
  14843: e5e5e5;
  14844: fdfdfd;
  14845: ffffff;
  14846: ffffff;
  14847: ffffff;
  14848: ffffff;
  14849: ffffff;
  14850: ffffff;
  14851: fefefe;
  14852: f4f4f4;
  14853: e9e9e9;
  14854: dddddd;
  14855: d6d6d6;
  14856: c8c8c8;
  14857: a3a3a3;
  14858: 757575;
  14859: 4b4b4b;
  14860: 2e2e2e;
  14861: 292929;
  14862: 3e3e3e;
  14863: 6b6b6b;
  14864: a1a1a1;
  14865: d5d5d5;
  14866: fbfbfb;
  14867: ffffff;
  14868: ffffff;
  14869: ffffff;
  14870: ffffff;
  14871: ffffff;
  14872: ffffff;
  14873: ffffff;
  14874: ffffff;
  14875: ffffff;
  14876: ffffff;
  14877: ffffff;
  14878: ffffff;
  14879: ffffff;
  14880: ffffff;
  14881: ffffff;
  14882: ffffff;
  14883: ffffff;
  14884: ffffff;
  14885: ffffff;
  14886: ffffff;
  14887: ffffff;
  14888: ffffff;
  14889: ffffff;
  14890: ffffff;
  14891: ffffff;
  14892: ffffff;
  14893: ffffff;
  14894: ffffff;
  14895: ffffff;
  14896: ffffff;
  14897: ffffff;
  14898: ffffff;
  14899: ffffff;
  14900: ffffff;
  14901: ffffff;
  14902: ffffff;
  14903: ffffff;
  14904: ffffff;
  14905: ffffff;
  14906: ffffff;
  14907: ffffff;
  14908: ffffff;
  14909: ffffff;
  14910: ffffff;
  14911: ffffff;
  14912: ffffff;
  14913: ffffff;
  14914: ffffff;
  14915: ffffff;
  14916: ffffff;
  14917: ffffff;
  14918: ffffff;
  14919: ffffff;
  14920: ffffff;
  14921: ffffff;
  14922: ffffff;
  14923: ffffff;
  14924: ffffff;
  14925: ffffff;
  14926: ffffff;
  14927: ffffff;
  14928: ffffff;
  14929: ffffff;
  14930: ffffff;
  14931: ffffff;
  14932: ffffff;
  14933: ffffff;
  14934: ffffff;
  14935: ffffff;
  14936: ffffff;
  14937: ffffff;
  14938: ffffff;
  14939: ffffff;
  14940: ffffff;
  14941: ffffff;
  14942: ffffff;
  14943: ffffff;
  14944: ffffff;
  14945: ffffff;
  14946: ffffff;
  14947: ffffff;
  14948: ffffff;
  14949: ffffff;
  14950: ffffff;
  14951: ffffff;
  14952: ffffff;
  14953: ffffff;
  14954: ffffff;
  14955: ffffff;
  14956: ffffff;
  14957: fbfbfb;
  14958: d5d5d5;
  14959: a1a1a1;
  14960: 6b6b6b;
  14961: 3e3e3e;
  14962: 292929;
  14963: 2e2e2e;
  14964: 4b4b4b;
  14965: 757575;
  14966: a3a3a3;
  14967: c8c8c8;
  14968: d6d6d6;
  14969: dddddd;
  14970: e9e9e9;
  14971: f4f4f4;
  14972: fefefe;
  14973: ffffff;
  14974: ffffff;
  14975: ffffff;
  14976: fdfdfd;
  14977: fdfdfd;
  14978: fdfdfd;
  14979: ffffff;
  14980: ffffff;
  14981: ffffff;
  14982: ffffff;
  14983: ffffff;
  14984: efefef;
  14985: bcbcbc;
  14986: 7b7b7b;
  14987: 3d3d3d;
  14988: f0f0f;
  14989: 20202;
  14990: 1b1b1b;
  14991: 505050;
  14992: 909090;
  14993: cecece;
  14994: fafafa;
  14995: ffffff;
  14996: ffffff;
  14997: ffffff;
  14998: ffffff;
  14999: ffffff;
  15000: ffffff;
  15001: ffffff;
  15002: ffffff;
  15003: ffffff;
  15004: ffffff;
  15005: ffffff;
  15006: ffffff;
  15007: ffffff;
  15008: ffffff;
  15009: ffffff;
  15010: ffffff;
  15011: ffffff;
  15012: ffffff;
  15013: ffffff;
  15014: ffffff;
  15015: ffffff;
  15016: ffffff;
  15017: ffffff;
  15018: ffffff;
  15019: ffffff;
  15020: ffffff;
  15021: ffffff;
  15022: ffffff;
  15023: ffffff;
  15024: ffffff;
  15025: ffffff;
  15026: ffffff;
  15027: ffffff;
  15028: ffffff;
  15029: ffffff;
  15030: ffffff;
  15031: ffffff;
  15032: ffffff;
  15033: ffffff;
  15034: ffffff;
  15035: ffffff;
  15036: ffffff;
  15037: ffffff;
  15038: ffffff;
  15039: ffffff;
  15040: ffffff;
  15041: ffffff;
  15042: ffffff;
  15043: ffffff;
  15044: ffffff;
  15045: ffffff;
  15046: ffffff;
  15047: ffffff;
  15048: ffffff;
  15049: ffffff;
  15050: ffffff;
  15051: ffffff;
  15052: ffffff;
  15053: ffffff;
  15054: ffffff;
  15055: ffffff;
  15056: ffffff;
  15057: ffffff;
  15058: ffffff;
  15059: ffffff;
  15060: ffffff;
  15061: ffffff;
  15062: ffffff;
  15063: ffffff;
  15064: ffffff;
  15065: ffffff;
  15066: ffffff;
  15067: ffffff;
  15068: ffffff;
  15069: ffffff;
  15070: ffffff;
  15071: ffffff;
  15072: ffffff;
  15073: ffffff;
  15074: ffffff;
  15075: ffffff;
  15076: ffffff;
  15077: ffffff;
  15078: ffffff;
  15079: ffffff;
  15080: ffffff;
  15081: ffffff;
  15082: ffffff;
  15083: ffffff;
  15084: ffffff;
  15085: fafafa;
  15086: cecece;
  15087: 909090;
  15088: 505050;
  15089: 1b1b1b;
  15090: 20202;
  15091: f0f0f;
  15092: 3d3d3d;
  15093: 7b7b7b;
  15094: bcbcbc;
  15095: efefef;
  15096: ffffff;
  15097: ffffff;
  15098: ffffff;
  15099: ffffff;
  15100: ffffff;
  15101: fdfdfd;
  15102: fdfdfd;
  15103: fdfdfd;
  15104: fdfdfd;
  15105: fdfdfd;
  15106: fdfdfd;
  15107: ffffff;
  15108: ffffff;
  15109: ffffff;
  15110: ffffff;
  15111: ffffff;
  15112: fdfdfd;
  15113: c4c4c4;
  15114: 7a7a7a;
  15115: 333333;
  15116: 0;
  15117: 0;
  15118: 90909;
  15119: 444444;
  15120: 8a8a8a;
  15121: cecece;
  15122: fefefe;
  15123: ffffff;
  15124: ffffff;
  15125: ffffff;
  15126: ffffff;
  15127: ffffff;
  15128: ffffff;
  15129: ffffff;
  15130: ffffff;
  15131: ffffff;
  15132: ffffff;
  15133: ffffff;
  15134: ffffff;
  15135: ffffff;
  15136: fefefe;
  15137: fefefe;
  15138: fefefe;
  15139: fefefe;
  15140: ffffff;
  15141: ffffff;
  15142: ffffff;
  15143: ffffff;
  15144: ffffff;
  15145: ffffff;
  15146: ffffff;
  15147: ffffff;
  15148: ffffff;
  15149: ffffff;
  15150: ffffff;
  15151: ffffff;
  15152: ffffff;
  15153: ffffff;
  15154: ffffff;
  15155: ffffff;
  15156: ffffff;
  15157: ffffff;
  15158: ffffff;
  15159: ffffff;
  15160: ffffff;
  15161: ffffff;
  15162: ffffff;
  15163: ffffff;
  15164: ffffff;
  15165: ffffff;
  15166: ffffff;
  15167: ffffff;
  15168: ffffff;
  15169: ffffff;
  15170: ffffff;
  15171: ffffff;
  15172: ffffff;
  15173: ffffff;
  15174: ffffff;
  15175: ffffff;
  15176: ffffff;
  15177: ffffff;
  15178: ffffff;
  15179: ffffff;
  15180: ffffff;
  15181: ffffff;
  15182: ffffff;
  15183: ffffff;
  15184: ffffff;
  15185: ffffff;
  15186: ffffff;
  15187: ffffff;
  15188: ffffff;
  15189: ffffff;
  15190: ffffff;
  15191: ffffff;
  15192: ffffff;
  15193: ffffff;
  15194: ffffff;
  15195: ffffff;
  15196: fefefe;
  15197: fefefe;
  15198: fefefe;
  15199: fefefe;
  15200: ffffff;
  15201: ffffff;
  15202: ffffff;
  15203: ffffff;
  15204: ffffff;
  15205: ffffff;
  15206: ffffff;
  15207: ffffff;
  15208: ffffff;
  15209: ffffff;
  15210: ffffff;
  15211: ffffff;
  15212: ffffff;
  15213: fefefe;
  15214: cecece;
  15215: 8a8a8a;
  15216: 444444;
  15217: 90909;
  15218: 0;
  15219: 0;
  15220: 333333;
  15221: 7a7a7a;
  15222: c4c4c4;
  15223: fdfdfd;
  15224: ffffff;
  15225: ffffff;
  15226: ffffff;
  15227: ffffff;
  15228: ffffff;
  15229: fdfdfd;
  15230: fdfdfd;
  15231: fdfdfd;
  15232: fefefe;
  15233: fefefe;
  15234: fefefe;
  15235: ffffff;
  15236: ffffff;
  15237: ffffff;
  15238: ffffff;
  15239: ffffff;
  15240: fefefe;
  15241: c2c2c2;
  15242: 767676;
  15243: 2b2b2b;
  15244: 0;
  15245: 0;
  15246: 20202;
  15247: 404040;
  15248: 8b8b8b;
  15249: d3d3d3;
  15250: ffffff;
  15251: ffffff;
  15252: ffffff;
  15253: ffffff;
  15254: ffffff;
  15255: ffffff;
  15256: ffffff;
  15257: ffffff;
  15258: ffffff;
  15259: ffffff;
  15260: ffffff;
  15261: ffffff;
  15262: ffffff;
  15263: fefefe;
  15264: fefefe;
  15265: fdfdfd;
  15266: fdfdfd;
  15267: fdfdfd;
  15268: fefefe;
  15269: fefefe;
  15270: ffffff;
  15271: ffffff;
  15272: ffffff;
  15273: ffffff;
  15274: ffffff;
  15275: ffffff;
  15276: ffffff;
  15277: ffffff;
  15278: ffffff;
  15279: ffffff;
  15280: ffffff;
  15281: ffffff;
  15282: ffffff;
  15283: ffffff;
  15284: ffffff;
  15285: ffffff;
  15286: ffffff;
  15287: ffffff;
  15288: ffffff;
  15289: ffffff;
  15290: ffffff;
  15291: ffffff;
  15292: ffffff;
  15293: ffffff;
  15294: ffffff;
  15295: ffffff;
  15296: ffffff;
  15297: ffffff;
  15298: ffffff;
  15299: ffffff;
  15300: ffffff;
  15301: ffffff;
  15302: ffffff;
  15303: ffffff;
  15304: ffffff;
  15305: ffffff;
  15306: ffffff;
  15307: ffffff;
  15308: ffffff;
  15309: ffffff;
  15310: ffffff;
  15311: ffffff;
  15312: ffffff;
  15313: ffffff;
  15314: ffffff;
  15315: ffffff;
  15316: ffffff;
  15317: ffffff;
  15318: ffffff;
  15319: ffffff;
  15320: ffffff;
  15321: ffffff;
  15322: fefefe;
  15323: fefefe;
  15324: fdfdfd;
  15325: fdfdfd;
  15326: fdfdfd;
  15327: fefefe;
  15328: fefefe;
  15329: ffffff;
  15330: ffffff;
  15331: ffffff;
  15332: ffffff;
  15333: ffffff;
  15334: ffffff;
  15335: ffffff;
  15336: ffffff;
  15337: ffffff;
  15338: ffffff;
  15339: ffffff;
  15340: ffffff;
  15341: ffffff;
  15342: d3d3d3;
  15343: 8b8b8b;
  15344: 404040;
  15345: 20202;
  15346: 0;
  15347: 0;
  15348: 2b2b2b;
  15349: 767676;
  15350: c2c2c2;
  15351: fefefe;
  15352: ffffff;
  15353: ffffff;
  15354: ffffff;
  15355: ffffff;
  15356: ffffff;
  15357: fefefe;
  15358: fefefe;
  15359: fefefe;
  15360: fefefe;
  15361: fefefe;
  15362: fefefe;
  15363: ffffff;
  15364: ffffff;
  15365: ffffff;
  15366: ffffff;
  15367: ffffff;
  15368: f8f8f8;
  15369: bdbdbd;
  15370: 717171;
  15371: 292929;
  15372: 0;
  15373: 0;
  15374: 30303;
  15375: 424242;
  15376: 8f8f8f;
  15377: d8d8d8;
  15378: ffffff;
  15379: ffffff;
  15380: ffffff;
  15381: ffffff;
  15382: ffffff;
  15383: ffffff;
  15384: ffffff;
  15385: ffffff;
  15386: ffffff;
  15387: ffffff;
  15388: ffffff;
  15389: ffffff;
  15390: fefefe;
  15391: fefefe;
  15392: fdfdfd;
  15393: fcfcfc;
  15394: fcfcfc;
  15395: fcfcfc;
  15396: fdfdfd;
  15397: fefefe;
  15398: ffffff;
  15399: ffffff;
  15400: ffffff;
  15401: ffffff;
  15402: ffffff;
  15403: fefefe;
  15404: fefefe;
  15405: fefefe;
  15406: fefefe;
  15407: fefefe;
  15408: ffffff;
  15409: ffffff;
  15410: ffffff;
  15411: ffffff;
  15412: ffffff;
  15413: ffffff;
  15414: fefefe;
  15415: fefefe;
  15416: fefefe;
  15417: fefefe;
  15418: fefefe;
  15419: fefefe;
  15420: fefefe;
  15421: fefefe;
  15422: fefefe;
  15423: fefefe;
  15424: fefefe;
  15425: fefefe;
  15426: fefefe;
  15427: fefefe;
  15428: fefefe;
  15429: fefefe;
  15430: fefefe;
  15431: fefefe;
  15432: fefefe;
  15433: fefefe;
  15434: ffffff;
  15435: ffffff;
  15436: ffffff;
  15437: ffffff;
  15438: ffffff;
  15439: ffffff;
  15440: fefefe;
  15441: fefefe;
  15442: fefefe;
  15443: fefefe;
  15444: fefefe;
  15445: ffffff;
  15446: ffffff;
  15447: ffffff;
  15448: ffffff;
  15449: ffffff;
  15450: fefefe;
  15451: fdfdfd;
  15452: fcfcfc;
  15453: fcfcfc;
  15454: fcfcfc;
  15455: fdfdfd;
  15456: fefefe;
  15457: fefefe;
  15458: ffffff;
  15459: ffffff;
  15460: ffffff;
  15461: ffffff;
  15462: ffffff;
  15463: ffffff;
  15464: ffffff;
  15465: ffffff;
  15466: ffffff;
  15467: ffffff;
  15468: ffffff;
  15469: ffffff;
  15470: d8d8d8;
  15471: 8f8f8f;
  15472: 424242;
  15473: 30303;
  15474: 0;
  15475: 0;
  15476: 292929;
  15477: 717171;
  15478: bdbdbd;
  15479: f8f8f8;
  15480: ffffff;
  15481: ffffff;
  15482: ffffff;
  15483: ffffff;
  15484: ffffff;
  15485: fefefe;
  15486: fefefe;
  15487: fefefe;
  15488: ffffff;
  15489: ffffff;
  15490: ffffff;
  15491: ffffff;
  15492: ffffff;
  15493: ffffff;
  15494: ffffff;
  15495: ffffff;
  15496: f0f0f0;
  15497: b8b8b8;
  15498: 717171;
  15499: 2d2d2d;
  15500: 0;
  15501: 0;
  15502: c0c0c;
  15503: 484848;
  15504: 929292;
  15505: d8d8d8;
  15506: ffffff;
  15507: ffffff;
  15508: ffffff;
  15509: ffffff;
  15510: ffffff;
  15511: ffffff;
  15512: ffffff;
  15513: ffffff;
  15514: ffffff;
  15515: ffffff;
  15516: ffffff;
  15517: ffffff;
  15518: fefefe;
  15519: fdfdfd;
  15520: fcfcfc;
  15521: fbfbfb;
  15522: fbfbfb;
  15523: fbfbfb;
  15524: fcfcfc;
  15525: fdfdfd;
  15526: fefefe;
  15527: ffffff;
  15528: ffffff;
  15529: ffffff;
  15530: ffffff;
  15531: fefefe;
  15532: fefefe;
  15533: fefefe;
  15534: fefefe;
  15535: fefefe;
  15536: ffffff;
  15537: ffffff;
  15538: ffffff;
  15539: ffffff;
  15540: ffffff;
  15541: ffffff;
  15542: fefefe;
  15543: fefefe;
  15544: fefefe;
  15545: fefefe;
  15546: fefefe;
  15547: fefefe;
  15548: fefefe;
  15549: fefefe;
  15550: fefefe;
  15551: fefefe;
  15552: fefefe;
  15553: fefefe;
  15554: fefefe;
  15555: fefefe;
  15556: fefefe;
  15557: fefefe;
  15558: fefefe;
  15559: fefefe;
  15560: fefefe;
  15561: fefefe;
  15562: ffffff;
  15563: ffffff;
  15564: ffffff;
  15565: ffffff;
  15566: ffffff;
  15567: ffffff;
  15568: fefefe;
  15569: fefefe;
  15570: fefefe;
  15571: fefefe;
  15572: fefefe;
  15573: ffffff;
  15574: ffffff;
  15575: ffffff;
  15576: ffffff;
  15577: fefefe;
  15578: fdfdfd;
  15579: fcfcfc;
  15580: fbfbfb;
  15581: fbfbfb;
  15582: fbfbfb;
  15583: fcfcfc;
  15584: fdfdfd;
  15585: fefefe;
  15586: ffffff;
  15587: ffffff;
  15588: ffffff;
  15589: ffffff;
  15590: ffffff;
  15591: ffffff;
  15592: ffffff;
  15593: ffffff;
  15594: ffffff;
  15595: ffffff;
  15596: ffffff;
  15597: ffffff;
  15598: d8d8d8;
  15599: 929292;
  15600: 484848;
  15601: c0c0c;
  15602: 0;
  15603: 0;
  15604: 2d2d2d;
  15605: 717171;
  15606: b8b8b8;
  15607: f0f0f0;
  15608: ffffff;
  15609: ffffff;
  15610: ffffff;
  15611: ffffff;
  15612: ffffff;
  15613: ffffff;
  15614: ffffff;
  15615: ffffff;
  15616: ffffff;
  15617: ffffff;
  15618: ffffff;
  15619: ffffff;
  15620: ffffff;
  15621: ffffff;
  15622: ffffff;
  15623: ffffff;
  15624: ededed;
  15625: bababa;
  15626: 797979;
  15627: 3b3b3b;
  15628: e0e0e;
  15629: 10101;
  15630: 1b1b1b;
  15631: 505050;
  15632: 919191;
  15633: cfcfcf;
  15634: fbfbfb;
  15635: ffffff;
  15636: ffffff;
  15637: ffffff;
  15638: ffffff;
  15639: ffffff;
  15640: fefefe;
  15641: fefefe;
  15642: ffffff;
  15643: ffffff;
  15644: ffffff;
  15645: ffffff;
  15646: fefefe;
  15647: fdfdfd;
  15648: fcfcfc;
  15649: fbfbfb;
  15650: fbfbfb;
  15651: fbfbfb;
  15652: fcfcfc;
  15653: fdfdfd;
  15654: fefefe;
  15655: ffffff;
  15656: ffffff;
  15657: ffffff;
  15658: ffffff;
  15659: fefefe;
  15660: fefefe;
  15661: fefefe;
  15662: fefefe;
  15663: fefefe;
  15664: ffffff;
  15665: ffffff;
  15666: ffffff;
  15667: ffffff;
  15668: ffffff;
  15669: ffffff;
  15670: fefefe;
  15671: fefefe;
  15672: fefefe;
  15673: fefefe;
  15674: fefefe;
  15675: fefefe;
  15676: fefefe;
  15677: fefefe;
  15678: fefefe;
  15679: fefefe;
  15680: fefefe;
  15681: fefefe;
  15682: fefefe;
  15683: fefefe;
  15684: fefefe;
  15685: fefefe;
  15686: fefefe;
  15687: fefefe;
  15688: fefefe;
  15689: fefefe;
  15690: ffffff;
  15691: ffffff;
  15692: ffffff;
  15693: ffffff;
  15694: ffffff;
  15695: ffffff;
  15696: fefefe;
  15697: fefefe;
  15698: fefefe;
  15699: fefefe;
  15700: fefefe;
  15701: ffffff;
  15702: ffffff;
  15703: ffffff;
  15704: ffffff;
  15705: fefefe;
  15706: fdfdfd;
  15707: fcfcfc;
  15708: fbfbfb;
  15709: fbfbfb;
  15710: fbfbfb;
  15711: fcfcfc;
  15712: fdfdfd;
  15713: fefefe;
  15714: ffffff;
  15715: ffffff;
  15716: ffffff;
  15717: ffffff;
  15718: fefefe;
  15719: fefefe;
  15720: ffffff;
  15721: ffffff;
  15722: ffffff;
  15723: ffffff;
  15724: ffffff;
  15725: fbfbfb;
  15726: cfcfcf;
  15727: 919191;
  15728: 505050;
  15729: 1b1b1b;
  15730: 10101;
  15731: e0e0e;
  15732: 3b3b3b;
  15733: 797979;
  15734: bababa;
  15735: ededed;
  15736: ffffff;
  15737: ffffff;
  15738: ffffff;
  15739: ffffff;
  15740: ffffff;
  15741: ffffff;
  15742: ffffff;
  15743: ffffff;
  15744: ffffff;
  15745: ffffff;
  15746: ffffff;
  15747: ffffff;
  15748: ffffff;
  15749: ffffff;
  15750: ffffff;
  15751: ffffff;
  15752: f0f0f0;
  15753: c4c4c4;
  15754: 8d8d8d;
  15755: 595959;
  15756: 333333;
  15757: 272727;
  15758: 363636;
  15759: 5a5a5a;
  15760: 878787;
  15761: b3b3b3;
  15762: d2d2d2;
  15763: d4d4d4;
  15764: d4d4d4;
  15765: d4d4d4;
  15766: d4d4d4;
  15767: d4d4d4;
  15768: d6d6d6;
  15769: dedede;
  15770: eaeaea;
  15771: f5f5f5;
  15772: fefefe;
  15773: ffffff;
  15774: ffffff;
  15775: ffffff;
  15776: fefefe;
  15777: fcfcfc;
  15778: fbfbfb;
  15779: fbfbfb;
  15780: fcfcfc;
  15781: fdfdfd;
  15782: fdfdfd;
  15783: fefefe;
  15784: fefefe;
  15785: fefefe;
  15786: fefefe;
  15787: fefefe;
  15788: fefefe;
  15789: fefefe;
  15790: fefefe;
  15791: fefefe;
  15792: ffffff;
  15793: ffffff;
  15794: ffffff;
  15795: ffffff;
  15796: ffffff;
  15797: ffffff;
  15798: fefefe;
  15799: fefefe;
  15800: fefefe;
  15801: fefefe;
  15802: fefefe;
  15803: fefefe;
  15804: fefefe;
  15805: fefefe;
  15806: fefefe;
  15807: fefefe;
  15808: fefefe;
  15809: fefefe;
  15810: fefefe;
  15811: fefefe;
  15812: fefefe;
  15813: fefefe;
  15814: fefefe;
  15815: fefefe;
  15816: fefefe;
  15817: fefefe;
  15818: ffffff;
  15819: ffffff;
  15820: ffffff;
  15821: ffffff;
  15822: ffffff;
  15823: ffffff;
  15824: fefefe;
  15825: fefefe;
  15826: fefefe;
  15827: fefefe;
  15828: fefefe;
  15829: fefefe;
  15830: fefefe;
  15831: fefefe;
  15832: fefefe;
  15833: fdfdfd;
  15834: fdfdfd;
  15835: fcfcfc;
  15836: fbfbfb;
  15837: fbfbfb;
  15838: fcfcfc;
  15839: fefefe;
  15840: ffffff;
  15841: ffffff;
  15842: ffffff;
  15843: fefefe;
  15844: f5f5f5;
  15845: eaeaea;
  15846: dedede;
  15847: d6d6d6;
  15848: d4d4d4;
  15849: d4d4d4;
  15850: d4d4d4;
  15851: d4d4d4;
  15852: d4d4d4;
  15853: d2d2d2;
  15854: b3b3b3;
  15855: 878787;
  15856: 5a5a5a;
  15857: 363636;
  15858: 272727;
  15859: 333333;
  15860: 595959;
  15861: 8d8d8d;
  15862: c4c4c4;
  15863: f0f0f0;
  15864: ffffff;
  15865: ffffff;
  15866: ffffff;
  15867: ffffff;
  15868: ffffff;
  15869: ffffff;
  15870: ffffff;
  15871: ffffff;
  15872: ffffff;
  15873: ffffff;
  15874: ffffff;
  15875: ffffff;
  15876: ffffff;
  15877: ffffff;
  15878: ffffff;
  15879: ffffff;
  15880: f4f4f4;
  15881: d4d4d4;
  15882: ababab;
  15883: 858585;
  15884: 696969;
  15885: 5f5f5f;
  15886: 5e5e5e;
  15887: 686868;
  15888: 787878;
  15889: 888888;
  15890: 929292;
  15891: 939393;
  15892: 939393;
  15893: 939393;
  15894: 939393;
  15895: 939393;
  15896: 999999;
  15897: afafaf;
  15898: cbcbcb;
  15899: e6e6e6;
  15900: fefefe;
  15901: ffffff;
  15902: ffffff;
  15903: ffffff;
  15904: ffffff;
  15905: ffffff;
  15906: fdfdfd;
  15907: fcfcfc;
  15908: fcfcfc;
  15909: fcfcfc;
  15910: fdfdfd;
  15911: fdfdfd;
  15912: fdfdfd;
  15913: fdfdfd;
  15914: fefefe;
  15915: fdfdfd;
  15916: fefefe;
  15917: fefefe;
  15918: fefefe;
  15919: fefefe;
  15920: ffffff;
  15921: ffffff;
  15922: ffffff;
  15923: ffffff;
  15924: ffffff;
  15925: ffffff;
  15926: fefefe;
  15927: fefefe;
  15928: fefefe;
  15929: fefefe;
  15930: fefefe;
  15931: fefefe;
  15932: fefefe;
  15933: fefefe;
  15934: fefefe;
  15935: fefefe;
  15936: fefefe;
  15937: fefefe;
  15938: fefefe;
  15939: fefefe;
  15940: fefefe;
  15941: fefefe;
  15942: fefefe;
  15943: fefefe;
  15944: fefefe;
  15945: fefefe;
  15946: ffffff;
  15947: ffffff;
  15948: ffffff;
  15949: ffffff;
  15950: ffffff;
  15951: ffffff;
  15952: fefefe;
  15953: fefefe;
  15954: fefefe;
  15955: fefefe;
  15956: fdfdfd;
  15957: fefefe;
  15958: fdfdfd;
  15959: fdfdfd;
  15960: fdfdfd;
  15961: fdfdfd;
  15962: fcfcfc;
  15963: fcfcfc;
  15964: fcfcfc;
  15965: fdfdfd;
  15966: ffffff;
  15967: ffffff;
  15968: ffffff;
  15969: ffffff;
  15970: ffffff;
  15971: fefefe;
  15972: e6e6e6;
  15973: cbcbcb;
  15974: afafaf;
  15975: 999999;
  15976: 939393;
  15977: 939393;
  15978: 939393;
  15979: 939393;
  15980: 939393;
  15981: 929292;
  15982: 888888;
  15983: 787878;
  15984: 686868;
  15985: 5e5e5e;
  15986: 5f5f5f;
  15987: 696969;
  15988: 858585;
  15989: ababab;
  15990: d4d4d4;
  15991: f4f4f4;
  15992: ffffff;
  15993: ffffff;
  15994: ffffff;
  15995: ffffff;
  15996: ffffff;
  15997: ffffff;
  15998: ffffff;
  15999: ffffff;
  16000: fefefe;
  16001: fefefe;
  16002: fefefe;
  16003: fefefe;
  16004: fefefe;
  16005: ffffff;
  16006: ffffff;
  16007: ffffff;
  16008: f8f8f8;
  16009: e5e5e5;
  16010: cdcdcd;
  16011: b5b5b5;
  16012: a4a4a4;
  16013: 9d9d9d;
  16014: 8b8b8b;
  16015: 797979;
  16016: 686868;
  16017: 5a5a5a;
  16018: 4f4f4f;
  16019: 4e4e4e;
  16020: 4e4e4e;
  16021: 4e4e4e;
  16022: 4e4e4e;
  16023: 4e4e4e;
  16024: 595959;
  16025: 7c7c7c;
  16026: a8a8a8;
  16027: d5d5d5;
  16028: fbfbfb;
  16029: ffffff;
  16030: ffffff;
  16031: ffffff;
  16032: ffffff;
  16033: ffffff;
  16034: fefefe;
  16035: fdfdfd;
  16036: fcfcfc;
  16037: fcfcfc;
  16038: fcfcfc;
  16039: fcfcfc;
  16040: fcfcfc;
  16041: fcfcfc;
  16042: fdfdfd;
  16043: fdfdfd;
  16044: fefefe;
  16045: ffffff;
  16046: ffffff;
  16047: ffffff;
  16048: ffffff;
  16049: ffffff;
  16050: ffffff;
  16051: ffffff;
  16052: ffffff;
  16053: ffffff;
  16054: ffffff;
  16055: ffffff;
  16056: ffffff;
  16057: ffffff;
  16058: ffffff;
  16059: ffffff;
  16060: ffffff;
  16061: ffffff;
  16062: ffffff;
  16063: ffffff;
  16064: ffffff;
  16065: ffffff;
  16066: ffffff;
  16067: ffffff;
  16068: ffffff;
  16069: ffffff;
  16070: ffffff;
  16071: ffffff;
  16072: ffffff;
  16073: ffffff;
  16074: ffffff;
  16075: ffffff;
  16076: ffffff;
  16077: ffffff;
  16078: ffffff;
  16079: ffffff;
  16080: ffffff;
  16081: ffffff;
  16082: ffffff;
  16083: fefefe;
  16084: fdfdfd;
  16085: fdfdfd;
  16086: fcfcfc;
  16087: fcfcfc;
  16088: fcfcfc;
  16089: fcfcfc;
  16090: fcfcfc;
  16091: fcfcfc;
  16092: fdfdfd;
  16093: fefefe;
  16094: ffffff;
  16095: ffffff;
  16096: ffffff;
  16097: ffffff;
  16098: ffffff;
  16099: fbfbfb;
  16100: d5d5d5;
  16101: a8a8a8;
  16102: 7c7c7c;
  16103: 595959;
  16104: 4e4e4e;
  16105: 4e4e4e;
  16106: 4e4e4e;
  16107: 4e4e4e;
  16108: 4e4e4e;
  16109: 4f4f4f;
  16110: 5a5a5a;
  16111: 686868;
  16112: 797979;
  16113: 8b8b8b;
  16114: 9d9d9d;
  16115: a4a4a4;
  16116: b5b5b5;
  16117: cdcdcd;
  16118: e5e5e5;
  16119: f8f8f8;
  16120: ffffff;
  16121: ffffff;
  16122: ffffff;
  16123: fefefe;
  16124: fefefe;
  16125: fefefe;
  16126: fefefe;
  16127: fefefe;
  16128: fefefe;
  16129: fefefe;
  16130: fefefe;
  16131: fefefe;
  16132: fefefe;
  16133: ffffff;
  16134: ffffff;
  16135: ffffff;
  16136: fcfcfc;
  16137: f5f5f5;
  16138: ebebeb;
  16139: e1e1e1;
  16140: dadada;
  16141: d5d5d5;
  16142: b4b4b4;
  16143: 8b8b8b;
  16144: 5f5f5f;
  16145: 373737;
  16146: 191919;
  16147: 161616;
  16148: 161616;
  16149: 161616;
  16150: 161616;
  16151: 161616;
  16152: 252525;
  16153: 515151;
  16154: 8a8a8a;
  16155: c3c3c3;
  16156: f3f3f3;
  16157: ffffff;
  16158: ffffff;
  16159: ffffff;
  16160: ffffff;
  16161: ffffff;
  16162: ffffff;
  16163: fefefe;
  16164: fdfdfd;
  16165: fcfcfc;
  16166: fbfbfb;
  16167: fafafa;
  16168: fafafa;
  16169: fbfbfb;
  16170: fcfcfc;
  16171: fdfdfd;
  16172: fefefe;
  16173: ffffff;
  16174: ffffff;
  16175: ffffff;
  16176: ffffff;
  16177: ffffff;
  16178: ffffff;
  16179: ffffff;
  16180: ffffff;
  16181: ffffff;
  16182: ffffff;
  16183: ffffff;
  16184: ffffff;
  16185: ffffff;
  16186: ffffff;
  16187: ffffff;
  16188: ffffff;
  16189: ffffff;
  16190: ffffff;
  16191: ffffff;
  16192: ffffff;
  16193: ffffff;
  16194: ffffff;
  16195: ffffff;
  16196: ffffff;
  16197: ffffff;
  16198: ffffff;
  16199: ffffff;
  16200: ffffff;
  16201: ffffff;
  16202: ffffff;
  16203: ffffff;
  16204: ffffff;
  16205: ffffff;
  16206: ffffff;
  16207: ffffff;
  16208: ffffff;
  16209: ffffff;
  16210: ffffff;
  16211: fefefe;
  16212: fdfdfd;
  16213: fcfcfc;
  16214: fbfbfb;
  16215: fafafa;
  16216: fafafa;
  16217: fbfbfb;
  16218: fcfcfc;
  16219: fdfdfd;
  16220: fefefe;
  16221: ffffff;
  16222: ffffff;
  16223: ffffff;
  16224: ffffff;
  16225: ffffff;
  16226: ffffff;
  16227: f3f3f3;
  16228: c3c3c3;
  16229: 8a8a8a;
  16230: 515151;
  16231: 252525;
  16232: 161616;
  16233: 161616;
  16234: 161616;
  16235: 161616;
  16236: 161616;
  16237: 191919;
  16238: 373737;
  16239: 5f5f5f;
  16240: 8b8b8b;
  16241: b4b4b4;
  16242: d5d5d5;
  16243: dadada;
  16244: e1e1e1;
  16245: ebebeb;
  16246: f5f5f5;
  16247: fcfcfc;
  16248: ffffff;
  16249: ffffff;
  16250: ffffff;
  16251: fefefe;
  16252: fefefe;
  16253: fefefe;
  16254: fefefe;
  16255: fefefe;
  16256: fefefe;
  16257: fefefe;
  16258: fefefe;
  16259: fefefe;
  16260: fefefe;
  16261: ffffff;
  16262: ffffff;
  16263: ffffff;
  16264: ffffff;
  16265: ffffff;
  16266: ffffff;
  16267: ffffff;
  16268: ffffff;
  16269: fbfbfb;
  16270: d3d3d3;
  16271: 9d9d9d;
  16272: 626262;
  16273: 2c2c2c;
  16274: 40404;
  16275: 0;
  16276: 0;
  16277: 0;
  16278: 0;
  16279: 0;
  16280: f0f0f;
  16281: 3c3c3c;
  16282: 757575;
  16283: afafaf;
  16284: e1e1e1;
  16285: ffffff;
  16286: ffffff;
  16287: ffffff;
  16288: ffffff;
  16289: ffffff;
  16290: ffffff;
  16291: ffffff;
  16292: fdfdfd;
  16293: fcfcfc;
  16294: fbfbfb;
  16295: fafafa;
  16296: fafafa;
  16297: fbfbfb;
  16298: fcfcfc;
  16299: fdfdfd;
  16300: fefefe;
  16301: ffffff;
  16302: ffffff;
  16303: ffffff;
  16304: ffffff;
  16305: ffffff;
  16306: ffffff;
  16307: ffffff;
  16308: ffffff;
  16309: ffffff;
  16310: ffffff;
  16311: ffffff;
  16312: ffffff;
  16313: ffffff;
  16314: ffffff;
  16315: ffffff;
  16316: ffffff;
  16317: ffffff;
  16318: ffffff;
  16319: ffffff;
  16320: ffffff;
  16321: ffffff;
  16322: ffffff;
  16323: ffffff;
  16324: ffffff;
  16325: ffffff;
  16326: ffffff;
  16327: ffffff;
  16328: ffffff;
  16329: ffffff;
  16330: ffffff;
  16331: ffffff;
  16332: ffffff;
  16333: ffffff;
  16334: ffffff;
  16335: ffffff;
  16336: ffffff;
  16337: ffffff;
  16338: ffffff;
  16339: fefefe;
  16340: fdfdfd;
  16341: fcfcfc;
  16342: fbfbfb;
  16343: fafafa;
  16344: fafafa;
  16345: fbfbfb;
  16346: fcfcfc;
  16347: fdfdfd;
  16348: ffffff;
  16349: ffffff;
  16350: ffffff;
  16351: ffffff;
  16352: ffffff;
  16353: ffffff;
  16354: ffffff;
  16355: e1e1e1;
  16356: afafaf;
  16357: 757575;
  16358: 3c3c3c;
  16359: f0f0f;
  16360: 0;
  16361: 0;
  16362: 0;
  16363: 0;
  16364: 0;
  16365: 40404;
  16366: 2c2c2c;
  16367: 626262;
  16368: 9d9d9d;
  16369: d3d3d3;
  16370: fbfbfb;
  16371: ffffff;
  16372: ffffff;
  16373: ffffff;
  16374: ffffff;
  16375: ffffff;
  16376: ffffff;
  16377: ffffff;
  16378: ffffff;
  16379: fefefe;
  16380: fefefe;
  16381: fefefe;
  16382: fefefe;
  16383: fefefe;
  16384: fefefe;
  16385: fefefe;
  16386: fefefe;
  16387: fefefe;
  16388: fefefe;
  16389: ffffff;
  16390: ffffff;
  16391: fefefe;
  16392: ffffff;
  16393: ffffff;
  16394: ffffff;
  16395: ffffff;
  16396: ffffff;
  16397: ffffff;
  16398: e5e5e5;
  16399: b1b1b1;
  16400: 777777;
  16401: 424242;
  16402: 1a1a1a;
  16403: 171717;
  16404: 171717;
  16405: 161616;
  16406: 161616;
  16407: 161616;
  16408: 222222;
  16409: 424242;
  16410: 6b6b6b;
  16411: 959595;
  16412: bbbbbb;
  16413: d4d4d4;
  16414: d9d9d9;
  16415: e3e3e3;
  16416: efefef;
  16417: fafafa;
  16418: ffffff;
  16419: ffffff;
  16420: ffffff;
  16421: ffffff;
  16422: ffffff;
  16423: ffffff;
  16424: ffffff;
  16425: ffffff;
  16426: ffffff;
  16427: ffffff;
  16428: ffffff;
  16429: ffffff;
  16430: ffffff;
  16431: ffffff;
  16432: ffffff;
  16433: ffffff;
  16434: ffffff;
  16435: fefefe;
  16436: ffffff;
  16437: ffffff;
  16438: ffffff;
  16439: ffffff;
  16440: ffffff;
  16441: ffffff;
  16442: ffffff;
  16443: ffffff;
  16444: fefefe;
  16445: fefefe;
  16446: fefefe;
  16447: fefefe;
  16448: fefefe;
  16449: fefefe;
  16450: fefefe;
  16451: fefefe;
  16452: ffffff;
  16453: ffffff;
  16454: ffffff;
  16455: ffffff;
  16456: ffffff;
  16457: ffffff;
  16458: ffffff;
  16459: ffffff;
  16460: fefefe;
  16461: ffffff;
  16462: ffffff;
  16463: ffffff;
  16464: ffffff;
  16465: ffffff;
  16466: ffffff;
  16467: ffffff;
  16468: ffffff;
  16469: ffffff;
  16470: ffffff;
  16471: ffffff;
  16472: ffffff;
  16473: ffffff;
  16474: ffffff;
  16475: ffffff;
  16476: ffffff;
  16477: ffffff;
  16478: fafafa;
  16479: efefef;
  16480: e3e3e3;
  16481: d9d9d9;
  16482: d4d4d4;
  16483: bbbbbb;
  16484: 959595;
  16485: 6b6b6b;
  16486: 424242;
  16487: 222222;
  16488: 161616;
  16489: 161616;
  16490: 161616;
  16491: 171717;
  16492: 171717;
  16493: 1a1a1a;
  16494: 424242;
  16495: 777777;
  16496: b1b1b1;
  16497: e5e5e5;
  16498: ffffff;
  16499: ffffff;
  16500: ffffff;
  16501: ffffff;
  16502: ffffff;
  16503: ffffff;
  16504: fefefe;
  16505: ffffff;
  16506: ffffff;
  16507: fefefe;
  16508: fefefe;
  16509: fefefe;
  16510: fefefe;
  16511: fefefe;
  16512: fefefe;
  16513: fefefe;
  16514: fefefe;
  16515: fefefe;
  16516: fefefe;
  16517: fefefe;
  16518: fefefe;
  16519: fefefe;
  16520: ffffff;
  16521: ffffff;
  16522: ffffff;
  16523: ffffff;
  16524: ffffff;
  16525: ffffff;
  16526: f0f0f0;
  16527: c7c7c7;
  16528: 9a9a9a;
  16529: 707070;
  16530: 515151;
  16531: 4e4e4e;
  16532: 4e4e4e;
  16533: 4e4e4e;
  16534: 4e4e4e;
  16535: 4e4e4e;
  16536: 515151;
  16537: 5b5b5b;
  16538: 676767;
  16539: 757575;
  16540: 848484;
  16541: 939393;
  16542: a0a0a0;
  16543: b9b9b9;
  16544: d7d7d7;
  16545: f4f4f4;
  16546: ffffff;
  16547: ffffff;
  16548: ffffff;
  16549: ffffff;
  16550: ffffff;
  16551: ffffff;
  16552: ffffff;
  16553: ffffff;
  16554: ffffff;
  16555: ffffff;
  16556: ffffff;
  16557: ffffff;
  16558: ffffff;
  16559: ffffff;
  16560: ffffff;
  16561: ffffff;
  16562: fefefe;
  16563: fefefe;
  16564: fefefe;
  16565: ffffff;
  16566: ffffff;
  16567: ffffff;
  16568: ffffff;
  16569: ffffff;
  16570: fefefe;
  16571: fefefe;
  16572: fdfdfd;
  16573: fdfdfd;
  16574: fdfdfd;
  16575: fdfdfd;
  16576: fdfdfd;
  16577: fdfdfd;
  16578: fdfdfd;
  16579: fdfdfd;
  16580: fefefe;
  16581: fefefe;
  16582: ffffff;
  16583: ffffff;
  16584: ffffff;
  16585: ffffff;
  16586: ffffff;
  16587: fefefe;
  16588: fefefe;
  16589: fefefe;
  16590: ffffff;
  16591: ffffff;
  16592: ffffff;
  16593: ffffff;
  16594: ffffff;
  16595: ffffff;
  16596: ffffff;
  16597: ffffff;
  16598: ffffff;
  16599: ffffff;
  16600: ffffff;
  16601: ffffff;
  16602: ffffff;
  16603: ffffff;
  16604: ffffff;
  16605: ffffff;
  16606: f4f4f4;
  16607: d7d7d7;
  16608: b9b9b9;
  16609: a0a0a0;
  16610: 939393;
  16611: 848484;
  16612: 757575;
  16613: 676767;
  16614: 5b5b5b;
  16615: 515151;
  16616: 4e4e4e;
  16617: 4e4e4e;
  16618: 4e4e4e;
  16619: 4e4e4e;
  16620: 4e4e4e;
  16621: 515151;
  16622: 707070;
  16623: 9a9a9a;
  16624: c7c7c7;
  16625: f0f0f0;
  16626: ffffff;
  16627: ffffff;
  16628: ffffff;
  16629: ffffff;
  16630: ffffff;
  16631: ffffff;
  16632: fefefe;
  16633: fefefe;
  16634: fefefe;
  16635: fefefe;
  16636: fefefe;
  16637: fefefe;
  16638: fefefe;
  16639: fefefe;
  16640: ffffff;
  16641: ffffff;
  16642: ffffff;
  16643: ffffff;
  16644: fefefe;
  16645: fefefe;
  16646: fefefe;
  16647: fdfdfd;
  16648: fefefe;
  16649: ffffff;
  16650: ffffff;
  16651: ffffff;
  16652: ffffff;
  16653: ffffff;
  16654: f7f7f7;
  16655: dedede;
  16656: c2c2c2;
  16657: a8a8a8;
  16658: 959595;
  16659: 939393;
  16660: 939393;
  16661: 939393;
  16662: 939393;
  16663: 939393;
  16664: 8e8e8e;
  16665: 7d7d7d;
  16666: 696969;
  16667: 555555;
  16668: 4b4b4b;
  16669: 4f4f4f;
  16670: 636363;
  16671: 8c8c8c;
  16672: bcbcbc;
  16673: ececec;
  16674: ffffff;
  16675: ffffff;
  16676: ffffff;
  16677: ffffff;
  16678: ffffff;
  16679: ffffff;
  16680: ffffff;
  16681: ffffff;
  16682: ffffff;
  16683: ffffff;
  16684: ffffff;
  16685: ffffff;
  16686: ffffff;
  16687: ffffff;
  16688: ffffff;
  16689: ffffff;
  16690: fdfdfd;
  16691: fdfdfd;
  16692: fefefe;
  16693: fefefe;
  16694: fefefe;
  16695: ffffff;
  16696: ffffff;
  16697: fefefe;
  16698: fefefe;
  16699: fdfdfd;
  16700: fcfcfc;
  16701: fcfcfc;
  16702: fcfcfc;
  16703: fcfcfc;
  16704: fcfcfc;
  16705: fcfcfc;
  16706: fcfcfc;
  16707: fcfcfc;
  16708: fdfdfd;
  16709: fefefe;
  16710: fefefe;
  16711: ffffff;
  16712: ffffff;
  16713: fefefe;
  16714: fefefe;
  16715: fefefe;
  16716: fdfdfd;
  16717: fdfdfd;
  16718: ffffff;
  16719: ffffff;
  16720: ffffff;
  16721: ffffff;
  16722: ffffff;
  16723: ffffff;
  16724: ffffff;
  16725: ffffff;
  16726: ffffff;
  16727: ffffff;
  16728: ffffff;
  16729: ffffff;
  16730: ffffff;
  16731: ffffff;
  16732: ffffff;
  16733: ffffff;
  16734: ececec;
  16735: bcbcbc;
  16736: 8c8c8c;
  16737: 636363;
  16738: 4f4f4f;
  16739: 4b4b4b;
  16740: 555555;
  16741: 696969;
  16742: 7d7d7d;
  16743: 8e8e8e;
  16744: 939393;
  16745: 939393;
  16746: 939393;
  16747: 939393;
  16748: 939393;
  16749: 959595;
  16750: a8a8a8;
  16751: c2c2c2;
  16752: dedede;
  16753: f7f7f7;
  16754: ffffff;
  16755: ffffff;
  16756: ffffff;
  16757: ffffff;
  16758: ffffff;
  16759: fefefe;
  16760: fdfdfd;
  16761: fefefe;
  16762: fefefe;
  16763: fefefe;
  16764: ffffff;
  16765: ffffff;
  16766: ffffff;
  16767: ffffff;
  16768: ffffff;
  16769: ffffff;
  16770: ffffff;
  16771: ffffff;
  16772: fefefe;
  16773: fdfdfd;
  16774: fdfdfd;
  16775: fcfcfc;
  16776: fdfdfd;
  16777: fdfdfd;
  16778: ffffff;
  16779: ffffff;
  16780: ffffff;
  16781: ffffff;
  16782: fafafa;
  16783: f1f1f1;
  16784: e7e7e7;
  16785: dddddd;
  16786: d5d5d5;
  16787: d4d4d4;
  16788: d4d4d4;
  16789: d4d4d4;
  16790: d4d4d4;
  16791: d4d4d4;
  16792: c8c8c8;
  16793: a0a0a0;
  16794: 6f6f6f;
  16795: 404040;
  16796: 1e1e1e;
  16797: 181818;
  16798: 313131;
  16799: 656565;
  16800: a3a3a3;
  16801: dfdfdf;
  16802: ffffff;
  16803: ffffff;
  16804: ffffff;
  16805: ffffff;
  16806: ffffff;
  16807: ffffff;
  16808: ffffff;
  16809: ffffff;
  16810: ffffff;
  16811: ffffff;
  16812: ffffff;
  16813: ffffff;
  16814: ffffff;
  16815: ffffff;
  16816: ffffff;
  16817: ffffff;
  16818: fdfdfd;
  16819: fcfcfc;
  16820: fdfdfd;
  16821: fefefe;
  16822: fefefe;
  16823: ffffff;
  16824: ffffff;
  16825: fefefe;
  16826: fdfdfd;
  16827: fcfcfc;
  16828: fbfbfb;
  16829: fbfbfb;
  16830: fbfbfb;
  16831: fbfbfb;
  16832: fbfbfb;
  16833: fbfbfb;
  16834: fbfbfb;
  16835: fbfbfb;
  16836: fcfcfc;
  16837: fdfdfd;
  16838: fefefe;
  16839: ffffff;
  16840: ffffff;
  16841: fefefe;
  16842: fefefe;
  16843: fdfdfd;
  16844: fcfcfc;
  16845: fdfdfd;
  16846: ffffff;
  16847: ffffff;
  16848: ffffff;
  16849: ffffff;
  16850: ffffff;
  16851: ffffff;
  16852: ffffff;
  16853: ffffff;
  16854: ffffff;
  16855: ffffff;
  16856: ffffff;
  16857: ffffff;
  16858: ffffff;
  16859: ffffff;
  16860: ffffff;
  16861: ffffff;
  16862: dfdfdf;
  16863: a3a3a3;
  16864: 656565;
  16865: 313131;
  16866: 181818;
  16867: 1e1e1e;
  16868: 404040;
  16869: 6f6f6f;
  16870: a0a0a0;
  16871: c8c8c8;
  16872: d4d4d4;
  16873: d4d4d4;
  16874: d4d4d4;
  16875: d4d4d4;
  16876: d4d4d4;
  16877: d5d5d5;
  16878: dddddd;
  16879: e7e7e7;
  16880: f1f1f1;
  16881: fafafa;
  16882: ffffff;
  16883: ffffff;
  16884: ffffff;
  16885: ffffff;
  16886: fdfdfd;
  16887: fdfdfd;
  16888: fcfcfc;
  16889: fdfdfd;
  16890: fdfdfd;
  16891: fefefe;
  16892: ffffff;
  16893: ffffff;
  16894: ffffff;
  16895: ffffff;
  16896: ffffff;
  16897: ffffff;
  16898: ffffff;
  16899: ffffff;
  16900: fefefe;
  16901: fdfdfd;
  16902: fdfdfd;
  16903: fcfcfc;
  16904: fcfcfc;
  16905: fcfcfc;
  16906: fdfdfd;
  16907: fdfdfd;
  16908: fefefe;
  16909: fefefe;
  16910: fefefe;
  16911: ffffff;
  16912: ffffff;
  16913: ffffff;
  16914: ffffff;
  16915: ffffff;
  16916: ffffff;
  16917: ffffff;
  16918: ffffff;
  16919: ffffff;
  16920: efefef;
  16921: bbbbbb;
  16922: 7b7b7b;
  16923: 3c3c3c;
  16924: e0e0e;
  16925: 10101;
  16926: 1a1a1a;
  16927: 4f4f4f;
  16928: 8f8f8f;
  16929: cdcdcd;
  16930: f9f9f9;
  16931: ffffff;
  16932: ffffff;
  16933: ffffff;
  16934: ffffff;
  16935: ffffff;
  16936: ffffff;
  16937: ffffff;
  16938: ffffff;
  16939: ffffff;
  16940: ffffff;
  16941: ffffff;
  16942: fefefe;
  16943: fefefe;
  16944: fdfdfd;
  16945: fcfcfc;
  16946: fcfcfc;
  16947: fcfcfc;
  16948: fdfdfd;
  16949: fefefe;
  16950: fefefe;
  16951: ffffff;
  16952: ffffff;
  16953: fefefe;
  16954: fdfdfd;
  16955: fcfcfc;
  16956: fbfbfb;
  16957: fbfbfb;
  16958: fbfbfb;
  16959: fbfbfb;
  16960: fbfbfb;
  16961: fbfbfb;
  16962: fbfbfb;
  16963: fbfbfb;
  16964: fcfcfc;
  16965: fdfdfd;
  16966: fefefe;
  16967: ffffff;
  16968: ffffff;
  16969: fefefe;
  16970: fefefe;
  16971: fdfdfd;
  16972: fcfcfc;
  16973: fcfcfc;
  16974: fcfcfc;
  16975: fdfdfd;
  16976: fefefe;
  16977: fefefe;
  16978: ffffff;
  16979: ffffff;
  16980: ffffff;
  16981: ffffff;
  16982: ffffff;
  16983: ffffff;
  16984: ffffff;
  16985: ffffff;
  16986: ffffff;
  16987: ffffff;
  16988: ffffff;
  16989: f9f9f9;
  16990: cdcdcd;
  16991: 8f8f8f;
  16992: 4f4f4f;
  16993: 1a1a1a;
  16994: 10101;
  16995: e0e0e;
  16996: 3c3c3c;
  16997: 7b7b7b;
  16998: bbbbbb;
  16999: efefef;
  17000: ffffff;
  17001: ffffff;
  17002: ffffff;
  17003: ffffff;
  17004: ffffff;
  17005: ffffff;
  17006: ffffff;
  17007: ffffff;
  17008: ffffff;
  17009: fefefe;
  17010: fefefe;
  17011: fefefe;
  17012: fdfdfd;
  17013: fdfdfd;
  17014: fcfcfc;
  17015: fcfcfc;
  17016: fcfcfc;
  17017: fdfdfd;
  17018: fdfdfd;
  17019: fefefe;
  17020: ffffff;
  17021: ffffff;
  17022: ffffff;
  17023: ffffff;
  17024: ffffff;
  17025: ffffff;
  17026: ffffff;
  17027: ffffff;
  17028: fefefe;
  17029: fdfdfd;
  17030: fdfdfd;
  17031: fcfcfc;
  17032: fcfcfc;
  17033: fcfcfc;
  17034: fdfdfd;
  17035: fdfdfd;
  17036: fefefe;
  17037: fefefe;
  17038: ffffff;
  17039: ffffff;
  17040: ffffff;
  17041: ffffff;
  17042: ffffff;
  17043: ffffff;
  17044: ffffff;
  17045: ffffff;
  17046: ffffff;
  17047: ffffff;
  17048: ffffff;
  17049: cdcdcd;
  17050: 8f8f8f;
  17051: 525252;
  17052: 252525;
  17053: 171717;
  17054: 272727;
  17055: 4e4e4e;
  17056: 7e7e7e;
  17057: aeaeae;
  17058: cfcfcf;
  17059: d4d4d4;
  17060: d4d4d4;
  17061: d4d4d4;
  17062: d4d4d4;
  17063: d5d5d5;
  17064: d4d4d4;
  17065: d4d4d4;
  17066: d4d4d4;
  17067: d4d4d4;
  17068: d4d4d4;
  17069: d5d5d5;
  17070: dbdbdb;
  17071: e5e5e5;
  17072: efefef;
  17073: f8f8f8;
  17074: ffffff;
  17075: ffffff;
  17076: ffffff;
  17077: ffffff;
  17078: ffffff;
  17079: ffffff;
  17080: ffffff;
  17081: ffffff;
  17082: ffffff;
  17083: ffffff;
  17084: ffffff;
  17085: ffffff;
  17086: ffffff;
  17087: ffffff;
  17088: ffffff;
  17089: ffffff;
  17090: ffffff;
  17091: ffffff;
  17092: ffffff;
  17093: ffffff;
  17094: ffffff;
  17095: ffffff;
  17096: ffffff;
  17097: ffffff;
  17098: ffffff;
  17099: ffffff;
  17100: ffffff;
  17101: ffffff;
  17102: f8f8f8;
  17103: efefef;
  17104: e5e5e5;
  17105: dbdbdb;
  17106: d5d5d5;
  17107: d4d4d4;
  17108: d4d4d4;
  17109: d4d4d4;
  17110: d4d4d4;
  17111: d4d4d4;
  17112: d5d5d5;
  17113: d4d4d4;
  17114: d4d4d4;
  17115: d4d4d4;
  17116: d4d4d4;
  17117: cfcfcf;
  17118: aeaeae;
  17119: 7e7e7e;
  17120: 4e4e4e;
  17121: 272727;
  17122: 171717;
  17123: 252525;
  17124: 525252;
  17125: 8f8f8f;
  17126: cdcdcd;
  17127: ffffff;
  17128: ffffff;
  17129: ffffff;
  17130: ffffff;
  17131: ffffff;
  17132: ffffff;
  17133: ffffff;
  17134: ffffff;
  17135: ffffff;
  17136: ffffff;
  17137: ffffff;
  17138: fefefe;
  17139: fefefe;
  17140: fdfdfd;
  17141: fdfdfd;
  17142: fcfcfc;
  17143: fcfcfc;
  17144: fcfcfc;
  17145: fdfdfd;
  17146: fdfdfd;
  17147: fefefe;
  17148: ffffff;
  17149: ffffff;
  17150: ffffff;
  17151: ffffff;
  17152: ffffff;
  17153: ffffff;
  17154: ffffff;
  17155: ffffff;
  17156: fefefe;
  17157: fefefe;
  17158: fefefe;
  17159: fdfdfd;
  17160: fdfdfd;
  17161: fdfdfd;
  17162: fefefe;
  17163: fefefe;
  17164: fefefe;
  17165: ffffff;
  17166: ffffff;
  17167: ffffff;
  17168: ffffff;
  17169: ffffff;
  17170: ffffff;
  17171: ffffff;
  17172: ffffff;
  17173: ffffff;
  17174: ffffff;
  17175: ffffff;
  17176: ffffff;
  17177: dedede;
  17178: adadad;
  17179: 7d7d7d;
  17180: 5a5a5a;
  17181: 4d4d4d;
  17182: 4d4d4d;
  17183: 5b5b5b;
  17184: 6f6f6f;
  17185: 838383;
  17186: 909090;
  17187: 939393;
  17188: 939393;
  17189: 939393;
  17190: 939393;
  17191: 939393;
  17192: 939393;
  17193: 939393;
  17194: 939393;
  17195: 939393;
  17196: 939393;
  17197: 959595;
  17198: a7a7a7;
  17199: c0c0c0;
  17200: dcdcdc;
  17201: f4f4f4;
  17202: ffffff;
  17203: ffffff;
  17204: ffffff;
  17205: ffffff;
  17206: ffffff;
  17207: ffffff;
  17208: ffffff;
  17209: ffffff;
  17210: ffffff;
  17211: ffffff;
  17212: ffffff;
  17213: ffffff;
  17214: ffffff;
  17215: ffffff;
  17216: ffffff;
  17217: ffffff;
  17218: ffffff;
  17219: ffffff;
  17220: ffffff;
  17221: ffffff;
  17222: ffffff;
  17223: ffffff;
  17224: ffffff;
  17225: ffffff;
  17226: ffffff;
  17227: ffffff;
  17228: ffffff;
  17229: ffffff;
  17230: f4f4f4;
  17231: dcdcdc;
  17232: c0c0c0;
  17233: a7a7a7;
  17234: 959595;
  17235: 939393;
  17236: 939393;
  17237: 939393;
  17238: 939393;
  17239: 939393;
  17240: 939393;
  17241: 939393;
  17242: 939393;
  17243: 939393;
  17244: 939393;
  17245: 909090;
  17246: 838383;
  17247: 6f6f6f;
  17248: 5b5b5b;
  17249: 4d4d4d;
  17250: 4d4d4d;
  17251: 5a5a5a;
  17252: 7d7d7d;
  17253: adadad;
  17254: dedede;
  17255: ffffff;
  17256: ffffff;
  17257: ffffff;
  17258: ffffff;
  17259: ffffff;
  17260: ffffff;
  17261: ffffff;
  17262: ffffff;
  17263: ffffff;
  17264: ffffff;
  17265: ffffff;
  17266: ffffff;
  17267: fefefe;
  17268: fefefe;
  17269: fefefe;
  17270: fdfdfd;
  17271: fdfdfd;
  17272: fdfdfd;
  17273: fefefe;
  17274: fefefe;
  17275: fefefe;
  17276: ffffff;
  17277: ffffff;
  17278: ffffff;
  17279: ffffff;
  17280: ffffff;
  17281: ffffff;
  17282: ffffff;
  17283: ffffff;
  17284: ffffff;
  17285: fefefe;
  17286: fefefe;
  17287: fefefe;
  17288: fefefe;
  17289: fefefe;
  17290: fefefe;
  17291: fefefe;
  17292: ffffff;
  17293: ffffff;
  17294: ffffff;
  17295: ffffff;
  17296: ffffff;
  17297: ffffff;
  17298: ffffff;
  17299: ffffff;
  17300: ffffff;
  17301: ffffff;
  17302: ffffff;
  17303: ffffff;
  17304: ffffff;
  17305: ececec;
  17306: cecece;
  17307: b0b0b0;
  17308: 9a9a9a;
  17309: 919191;
  17310: 808080;
  17311: 707070;
  17312: 626262;
  17313: 575757;
  17314: 4e4e4e;
  17315: 4e4e4e;
  17316: 4e4e4e;
  17317: 4e4e4e;
  17318: 4e4e4e;
  17319: 4e4e4e;
  17320: 4e4e4e;
  17321: 4e4e4e;
  17322: 4e4e4e;
  17323: 4e4e4e;
  17324: 4e4e4e;
  17325: 515151;
  17326: 6f6f6f;
  17327: 989898;
  17328: c5c5c5;
  17329: eeeeee;
  17330: ffffff;
  17331: ffffff;
  17332: ffffff;
  17333: ffffff;
  17334: ffffff;
  17335: ffffff;
  17336: ffffff;
  17337: ffffff;
  17338: ffffff;
  17339: ffffff;
  17340: ffffff;
  17341: ffffff;
  17342: ffffff;
  17343: ffffff;
  17344: ffffff;
  17345: ffffff;
  17346: ffffff;
  17347: ffffff;
  17348: ffffff;
  17349: ffffff;
  17350: ffffff;
  17351: ffffff;
  17352: ffffff;
  17353: ffffff;
  17354: ffffff;
  17355: ffffff;
  17356: ffffff;
  17357: ffffff;
  17358: eeeeee;
  17359: c5c5c5;
  17360: 989898;
  17361: 6f6f6f;
  17362: 515151;
  17363: 4e4e4e;
  17364: 4e4e4e;
  17365: 4e4e4e;
  17366: 4e4e4e;
  17367: 4e4e4e;
  17368: 4e4e4e;
  17369: 4e4e4e;
  17370: 4e4e4e;
  17371: 4e4e4e;
  17372: 4e4e4e;
  17373: 4e4e4e;
  17374: 575757;
  17375: 626262;
  17376: 707070;
  17377: 808080;
  17378: 919191;
  17379: 9a9a9a;
  17380: b0b0b0;
  17381: cecece;
  17382: ececec;
  17383: ffffff;
  17384: ffffff;
  17385: ffffff;
  17386: ffffff;
  17387: ffffff;
  17388: ffffff;
  17389: ffffff;
  17390: ffffff;
  17391: ffffff;
  17392: ffffff;
  17393: ffffff;
  17394: ffffff;
  17395: ffffff;
  17396: fefefe;
  17397: fefefe;
  17398: fefefe;
  17399: fefefe;
  17400: fefefe;
  17401: fefefe;
  17402: fefefe;
  17403: ffffff;
  17404: ffffff;
  17405: ffffff;
  17406: ffffff;
  17407: ffffff;
  17408: ffffff;
  17409: ffffff;
  17410: ffffff;
  17411: ffffff;
  17412: ffffff;
  17413: ffffff;
  17414: ffffff;
  17415: ffffff;
  17416: ffffff;
  17417: ffffff;
  17418: ffffff;
  17419: ffffff;
  17420: ffffff;
  17421: ffffff;
  17422: ffffff;
  17423: ffffff;
  17424: ffffff;
  17425: ffffff;
  17426: ffffff;
  17427: ffffff;
  17428: ffffff;
  17429: ffffff;
  17430: ffffff;
  17431: ffffff;
  17432: ffffff;
  17433: f7f7f7;
  17434: ebebeb;
  17435: e0e0e0;
  17436: d7d7d7;
  17437: d1d1d1;
  17438: b1b1b1;
  17439: 888888;
  17440: 5d5d5d;
  17441: 363636;
  17442: 191919;
  17443: 161616;
  17444: 171717;
  17445: 171717;
  17446: 171717;
  17447: 171717;
  17448: 171717;
  17449: 171717;
  17450: 161616;
  17451: 161616;
  17452: 161616;
  17453: 1a1a1a;
  17454: 414141;
  17455: 767676;
  17456: afafaf;
  17457: e4e4e4;
  17458: ffffff;
  17459: ffffff;
  17460: ffffff;
  17461: ffffff;
  17462: ffffff;
  17463: ffffff;
  17464: ffffff;
  17465: ffffff;
  17466: ffffff;
  17467: ffffff;
  17468: ffffff;
  17469: ffffff;
  17470: ffffff;
  17471: ffffff;
  17472: ffffff;
  17473: ffffff;
  17474: ffffff;
  17475: ffffff;
  17476: ffffff;
  17477: ffffff;
  17478: ffffff;
  17479: ffffff;
  17480: ffffff;
  17481: ffffff;
  17482: ffffff;
  17483: ffffff;
  17484: ffffff;
  17485: ffffff;
  17486: e4e4e4;
  17487: afafaf;
  17488: 767676;
  17489: 414141;
  17490: 1a1a1a;
  17491: 161616;
  17492: 161616;
  17493: 161616;
  17494: 171717;
  17495: 171717;
  17496: 171717;
  17497: 171717;
  17498: 171717;
  17499: 171717;
  17500: 161616;
  17501: 191919;
  17502: 363636;
  17503: 5d5d5d;
  17504: 888888;
  17505: b1b1b1;
  17506: d1d1d1;
  17507: d7d7d7;
  17508: e0e0e0;
  17509: ebebeb;
  17510: f7f7f7;
  17511: ffffff;
  17512: ffffff;
  17513: ffffff;
  17514: ffffff;
  17515: ffffff;
  17516: ffffff;
  17517: ffffff;
  17518: ffffff;
  17519: ffffff;
  17520: ffffff;
  17521: ffffff;
  17522: ffffff;
  17523: ffffff;
  17524: ffffff;
  17525: ffffff;
  17526: ffffff;
  17527: ffffff;
  17528: ffffff;
  17529: ffffff;
  17530: ffffff;
  17531: ffffff;
  17532: ffffff;
  17533: ffffff;
  17534: ffffff;
  17535: ffffff;
  17536: ffffff;
  17537: ffffff;
  17538: ffffff;
  17539: ffffff;
  17540: ffffff;
  17541: ffffff;
  17542: ffffff;
  17543: ffffff;
  17544: ffffff;
  17545: ffffff;
  17546: ffffff;
  17547: ffffff;
  17548: ffffff;
  17549: ffffff;
  17550: fefefe;
  17551: fdfdfd;
  17552: fcfcfc;
  17553: fcfcfc;
  17554: fbfbfb;
  17555: fbfbfb;
  17556: fbfbfb;
  17557: fcfcfc;
  17558: fcfcfc;
  17559: fdfdfd;
  17560: fefefe;
  17561: ffffff;
  17562: ffffff;
  17563: ffffff;
  17564: ffffff;
  17565: fbfbfb;
  17566: d4d4d4;
  17567: 9d9d9d;
  17568: 626262;
  17569: 2c2c2c;
  17570: 40404;
  17571: 0;
  17572: 0;
  17573: 0;
  17574: 0;
  17575: 0;
  17576: 0;
  17577: 0;
  17578: 0;
  17579: 0;
  17580: 0;
  17581: 40404;
  17582: 2c2c2c;
  17583: 626262;
  17584: 9d9d9d;
  17585: d3d3d3;
  17586: fbfbfb;
  17587: ffffff;
  17588: ffffff;
  17589: ffffff;
  17590: ffffff;
  17591: ffffff;
  17592: ffffff;
  17593: ffffff;
  17594: ffffff;
  17595: ffffff;
  17596: ffffff;
  17597: ffffff;
  17598: ffffff;
  17599: ffffff;
  17600: ffffff;
  17601: ffffff;
  17602: ffffff;
  17603: ffffff;
  17604: ffffff;
  17605: ffffff;
  17606: ffffff;
  17607: ffffff;
  17608: ffffff;
  17609: ffffff;
  17610: ffffff;
  17611: ffffff;
  17612: ffffff;
  17613: fbfbfb;
  17614: d3d3d3;
  17615: 9d9d9d;
  17616: 626262;
  17617: 2c2c2c;
  17618: 40404;
  17619: 0;
  17620: 0;
  17621: 0;
  17622: 0;
  17623: 0;
  17624: 0;
  17625: 0;
  17626: 0;
  17627: 0;
  17628: 0;
  17629: 40404;
  17630: 2c2c2c;
  17631: 626262;
  17632: 9d9d9d;
  17633: d4d4d4;
  17634: fbfbfb;
  17635: ffffff;
  17636: ffffff;
  17637: ffffff;
  17638: ffffff;
  17639: fefefe;
  17640: fdfdfd;
  17641: fcfcfc;
  17642: fcfcfc;
  17643: fbfbfb;
  17644: fbfbfb;
  17645: fbfbfb;
  17646: fcfcfc;
  17647: fcfcfc;
  17648: fdfdfd;
  17649: fefefe;
  17650: ffffff;
  17651: ffffff;
  17652: ffffff;
  17653: ffffff;
  17654: ffffff;
  17655: ffffff;
  17656: ffffff;
  17657: ffffff;
  17658: ffffff;
  17659: ffffff;
  17660: ffffff;
  17661: ffffff;
  17662: ffffff;
  17663: ffffff;
  17664: ffffff;
  17665: ffffff;
  17666: ffffff;
  17667: ffffff;
  17668: ffffff;
  17669: ffffff;
  17670: fefefe;
  17671: fefefe;
  17672: fefefe;
  17673: ffffff;
  17674: ffffff;
  17675: ffffff;
  17676: ffffff;
  17677: ffffff;
  17678: fefefe;
  17679: fdfdfd;
  17680: fcfcfc;
  17681: fcfcfc;
  17682: fbfbfb;
  17683: fbfbfb;
  17684: fbfbfb;
  17685: fcfcfc;
  17686: fcfcfc;
  17687: fdfdfd;
  17688: ffffff;
  17689: ffffff;
  17690: ffffff;
  17691: ffffff;
  17692: ffffff;
  17693: ffffff;
  17694: e6e6e6;
  17695: b1b1b1;
  17696: 777777;
  17697: 424242;
  17698: 1b1b1b;
  17699: 161616;
  17700: 161616;
  17701: 161616;
  17702: 161616;
  17703: 161616;
  17704: 161616;
  17705: 161616;
  17706: 161616;
  17707: 161616;
  17708: 161616;
  17709: 191919;
  17710: 373737;
  17711: 5f5f5f;
  17712: 8b8b8b;
  17713: b4b4b4;
  17714: d1d1d1;
  17715: d4d4d4;
  17716: d4d4d4;
  17717: d4d4d4;
  17718: d4d4d4;
  17719: d4d4d4;
  17720: d4d4d4;
  17721: d4d4d4;
  17722: d5d5d5;
  17723: d5d5d5;
  17724: d5d5d5;
  17725: d5d5d5;
  17726: d5d5d5;
  17727: d5d5d5;
  17728: d5d5d5;
  17729: d5d5d5;
  17730: d5d5d5;
  17731: d5d5d5;
  17732: d5d5d5;
  17733: d5d5d5;
  17734: d4d4d4;
  17735: d4d4d4;
  17736: d4d4d4;
  17737: d4d4d4;
  17738: d4d4d4;
  17739: d4d4d4;
  17740: d4d4d4;
  17741: d1d1d1;
  17742: b4b4b4;
  17743: 8b8b8b;
  17744: 5f5f5f;
  17745: 373737;
  17746: 191919;
  17747: 161616;
  17748: 161616;
  17749: 161616;
  17750: 161616;
  17751: 161616;
  17752: 161616;
  17753: 161616;
  17754: 161616;
  17755: 161616;
  17756: 161616;
  17757: 1b1b1b;
  17758: 424242;
  17759: 777777;
  17760: b1b1b1;
  17761: e6e6e6;
  17762: ffffff;
  17763: ffffff;
  17764: ffffff;
  17765: ffffff;
  17766: ffffff;
  17767: ffffff;
  17768: fdfdfd;
  17769: fcfcfc;
  17770: fcfcfc;
  17771: fbfbfb;
  17772: fbfbfb;
  17773: fbfbfb;
  17774: fcfcfc;
  17775: fcfcfc;
  17776: fdfdfd;
  17777: fefefe;
  17778: ffffff;
  17779: ffffff;
  17780: ffffff;
  17781: ffffff;
  17782: ffffff;
  17783: fefefe;
  17784: fefefe;
  17785: fefefe;
  17786: ffffff;
  17787: ffffff;
  17788: ffffff;
  17789: ffffff;
  17790: ffffff;
  17791: ffffff;
  17792: ffffff;
  17793: ffffff;
  17794: ffffff;
  17795: ffffff;
  17796: fefefe;
  17797: fefefe;
  17798: fdfdfd;
  17799: fdfdfd;
  17800: fdfdfd;
  17801: fefefe;
  17802: fefefe;
  17803: fefefe;
  17804: fefefe;
  17805: ffffff;
  17806: fefefe;
  17807: fefefe;
  17808: fdfdfd;
  17809: fdfdfd;
  17810: fcfcfc;
  17811: fcfcfc;
  17812: fcfcfc;
  17813: fdfdfd;
  17814: fdfdfd;
  17815: fefefe;
  17816: ffffff;
  17817: ffffff;
  17818: ffffff;
  17819: ffffff;
  17820: ffffff;
  17821: ffffff;
  17822: f1f1f1;
  17823: c7c7c7;
  17824: 999999;
  17825: 707070;
  17826: 515151;
  17827: 4e4e4e;
  17828: 4d4d4d;
  17829: 4d4d4d;
  17830: 4d4d4d;
  17831: 4d4d4d;
  17832: 4d4d4d;
  17833: 4e4e4e;
  17834: 4e4e4e;
  17835: 4e4e4e;
  17836: 4e4e4e;
  17837: 4f4f4f;
  17838: 5a5a5a;
  17839: 686868;
  17840: 787878;
  17841: 878787;
  17842: 929292;
  17843: 939393;
  17844: 939393;
  17845: 939393;
  17846: 939393;
  17847: 939393;
  17848: 939393;
  17849: 939393;
  17850: 949494;
  17851: 959595;
  17852: 959595;
  17853: 959595;
  17854: 959595;
  17855: 959595;
  17856: 959595;
  17857: 959595;
  17858: 959595;
  17859: 959595;
  17860: 959595;
  17861: 949494;
  17862: 939393;
  17863: 939393;
  17864: 939393;
  17865: 939393;
  17866: 939393;
  17867: 939393;
  17868: 939393;
  17869: 929292;
  17870: 878787;
  17871: 787878;
  17872: 686868;
  17873: 5a5a5a;
  17874: 4f4f4f;
  17875: 4e4e4e;
  17876: 4e4e4e;
  17877: 4e4e4e;
  17878: 4e4e4e;
  17879: 4d4d4d;
  17880: 4d4d4d;
  17881: 4d4d4d;
  17882: 4d4d4d;
  17883: 4d4d4d;
  17884: 4e4e4e;
  17885: 515151;
  17886: 707070;
  17887: 999999;
  17888: c7c7c7;
  17889: f1f1f1;
  17890: ffffff;
  17891: ffffff;
  17892: ffffff;
  17893: ffffff;
  17894: ffffff;
  17895: ffffff;
  17896: fefefe;
  17897: fdfdfd;
  17898: fdfdfd;
  17899: fcfcfc;
  17900: fcfcfc;
  17901: fcfcfc;
  17902: fdfdfd;
  17903: fdfdfd;
  17904: fefefe;
  17905: fefefe;
  17906: ffffff;
  17907: fefefe;
  17908: fefefe;
  17909: fefefe;
  17910: fefefe;
  17911: fdfdfd;
  17912: fdfdfd;
  17913: fdfdfd;
  17914: fefefe;
  17915: fefefe;
  17916: ffffff;
  17917: ffffff;
  17918: ffffff;
  17919: ffffff;
  17920: fefefe;
  17921: fefefe;
  17922: fefefe;
  17923: fefefe;
  17924: fefefe;
  17925: fdfdfd;
  17926: fcfcfc;
  17927: fcfcfc;
  17928: fcfcfc;
  17929: fcfcfc;
  17930: fdfdfd;
  17931: fefefe;
  17932: fefefe;
  17933: fefefe;
  17934: fefefe;
  17935: fefefe;
  17936: fefefe;
  17937: fefefe;
  17938: fdfdfd;
  17939: fdfdfd;
  17940: fdfdfd;
  17941: fefefe;
  17942: fefefe;
  17943: fefefe;
  17944: ffffff;
  17945: ffffff;
  17946: ffffff;
  17947: ffffff;
  17948: ffffff;
  17949: ffffff;
  17950: f6f6f6;
  17951: dddddd;
  17952: c1c1c1;
  17953: a8a8a8;
  17954: 959595;
  17955: 939393;
  17956: 929292;
  17957: 929292;
  17958: 929292;
  17959: 929292;
  17960: 929292;
  17961: 939393;
  17962: 939393;
  17963: 939393;
  17964: 939393;
  17965: 929292;
  17966: 888888;
  17967: 787878;
  17968: 686868;
  17969: 5a5a5a;
  17970: 4f4f4f;
  17971: 4e4e4e;
  17972: 4e4e4e;
  17973: 4e4e4e;
  17974: 4e4e4e;
  17975: 4e4e4e;
  17976: 4e4e4e;
  17977: 4e4e4e;
  17978: 4f4f4f;
  17979: 505050;
  17980: 515151;
  17981: 515151;
  17982: 515151;
  17983: 515151;
  17984: 515151;
  17985: 515151;
  17986: 515151;
  17987: 515151;
  17988: 505050;
  17989: 4f4f4f;
  17990: 4e4e4e;
  17991: 4e4e4e;
  17992: 4e4e4e;
  17993: 4e4e4e;
  17994: 4e4e4e;
  17995: 4e4e4e;
  17996: 4e4e4e;
  17997: 4f4f4f;
  17998: 5a5a5a;
  17999: 686868;
  18000: 787878;
  18001: 888888;
  18002: 929292;
  18003: 939393;
  18004: 939393;
  18005: 939393;
  18006: 939393;
  18007: 929292;
  18008: 929292;
  18009: 929292;
  18010: 929292;
  18011: 929292;
  18012: 939393;
  18013: 959595;
  18014: a8a8a8;
  18015: c1c1c1;
  18016: dddddd;
  18017: f6f6f6;
  18018: ffffff;
  18019: ffffff;
  18020: ffffff;
  18021: ffffff;
  18022: ffffff;
  18023: ffffff;
  18024: fefefe;
  18025: fefefe;
  18026: fefefe;
  18027: fdfdfd;
  18028: fdfdfd;
  18029: fdfdfd;
  18030: fefefe;
  18031: fefefe;
  18032: fefefe;
  18033: fefefe;
  18034: fefefe;
  18035: fefefe;
  18036: fefefe;
  18037: fdfdfd;
  18038: fcfcfc;
  18039: fcfcfc;
  18040: fcfcfc;
  18041: fcfcfc;
  18042: fdfdfd;
  18043: fefefe;
  18044: fefefe;
  18045: fefefe;
  18046: fefefe;
  18047: fefefe;
  18048: fefefe;
  18049: fefefe;
  18050: fefefe;
  18051: fefefe;
  18052: fdfdfd;
  18053: fcfcfc;
  18054: fbfbfb;
  18055: fafafa;
  18056: fafafa;
  18057: fbfbfb;
  18058: fcfcfc;
  18059: fdfdfd;
  18060: fdfdfd;
  18061: fefefe;
  18062: fefefe;
  18063: ffffff;
  18064: ffffff;
  18065: ffffff;
  18066: fefefe;
  18067: fefefe;
  18068: fefefe;
  18069: ffffff;
  18070: ffffff;
  18071: ffffff;
  18072: ffffff;
  18073: ffffff;
  18074: ffffff;
  18075: ffffff;
  18076: ffffff;
  18077: ffffff;
  18078: fafafa;
  18079: f1f1f1;
  18080: e6e6e6;
  18081: dcdcdc;
  18082: d5d5d5;
  18083: d4d4d4;
  18084: d4d4d4;
  18085: d4d4d4;
  18086: d3d3d3;
  18087: d3d3d3;
  18088: d4d4d4;
  18089: d4d4d4;
  18090: d4d4d4;
  18091: d4d4d4;
  18092: d4d4d4;
  18093: d1d1d1;
  18094: b4b4b4;
  18095: 8b8b8b;
  18096: 5f5f5f;
  18097: 373737;
  18098: 191919;
  18099: 161616;
  18100: 161616;
  18101: 161616;
  18102: 161616;
  18103: 161616;
  18104: 161616;
  18105: 171717;
  18106: 181818;
  18107: 191919;
  18108: 1a1a1a;
  18109: 1a1a1a;
  18110: 1a1a1a;
  18111: 1a1a1a;
  18112: 1a1a1a;
  18113: 1a1a1a;
  18114: 1a1a1a;
  18115: 1a1a1a;
  18116: 191919;
  18117: 181818;
  18118: 171717;
  18119: 161616;
  18120: 161616;
  18121: 161616;
  18122: 161616;
  18123: 161616;
  18124: 161616;
  18125: 191919;
  18126: 373737;
  18127: 5f5f5f;
  18128: 8b8b8b;
  18129: b4b4b4;
  18130: d1d1d1;
  18131: d4d4d4;
  18132: d4d4d4;
  18133: d4d4d4;
  18134: d4d4d4;
  18135: d4d4d4;
  18136: d3d3d3;
  18137: d3d3d3;
  18138: d4d4d4;
  18139: d4d4d4;
  18140: d4d4d4;
  18141: d5d5d5;
  18142: dcdcdc;
  18143: e6e6e6;
  18144: f1f1f1;
  18145: fafafa;
  18146: ffffff;
  18147: ffffff;
  18148: ffffff;
  18149: ffffff;
  18150: ffffff;
  18151: ffffff;
  18152: ffffff;
  18153: ffffff;
  18154: ffffff;
  18155: fefefe;
  18156: fefefe;
  18157: fefefe;
  18158: ffffff;
  18159: ffffff;
  18160: ffffff;
  18161: fefefe;
  18162: fefefe;
  18163: fdfdfd;
  18164: fdfdfd;
  18165: fcfcfc;
  18166: fbfbfb;
  18167: fafafa;
  18168: fafafa;
  18169: fbfbfb;
  18170: fcfcfc;
  18171: fdfdfd;
  18172: fefefe;
  18173: fefefe;
  18174: fefefe;
  18175: fefefe;
  18176: fefefe;
  18177: fefefe;
  18178: fefefe;
  18179: fefefe;
  18180: fdfdfd;
  18181: fcfcfc;
  18182: fbfbfb;
  18183: fafafa;
  18184: fafafa;
  18185: fbfbfb;
  18186: fcfcfc;
  18187: fdfdfd;
  18188: fdfdfd;
  18189: fefefe;
  18190: fefefe;
  18191: ffffff;
  18192: ffffff;
  18193: ffffff;
  18194: ffffff;
  18195: ffffff;
  18196: ffffff;
  18197: ffffff;
  18198: ffffff;
  18199: ffffff;
  18200: ffffff;
  18201: fefefe;
  18202: fefefe;
  18203: fdfdfd;
  18204: fdfdfd;
  18205: fdfdfd;
  18206: fdfdfd;
  18207: fefefe;
  18208: fefefe;
  18209: ffffff;
  18210: ffffff;
  18211: ffffff;
  18212: fefefe;
  18213: fefefe;
  18214: fdfdfd;
  18215: fdfdfd;
  18216: fefefe;
  18217: ffffff;
  18218: ffffff;
  18219: ffffff;
  18220: ffffff;
  18221: fbfbfb;
  18222: d4d4d4;
  18223: 9d9d9d;
  18224: 626262;
  18225: 2c2c2c;
  18226: 40404;
  18227: 0;
  18228: 0;
  18229: 0;
  18230: 0;
  18231: 0;
  18232: 0;
  18233: 10101;
  18234: 20202;
  18235: 30303;
  18236: 40404;
  18237: 40404;
  18238: 40404;
  18239: 40404;
  18240: 40404;
  18241: 40404;
  18242: 40404;
  18243: 40404;
  18244: 30303;
  18245: 20202;
  18246: 10101;
  18247: 0;
  18248: 0;
  18249: 0;
  18250: 0;
  18251: 0;
  18252: 0;
  18253: 40404;
  18254: 2c2c2c;
  18255: 626262;
  18256: 9d9d9d;
  18257: d4d4d4;
  18258: fbfbfb;
  18259: ffffff;
  18260: ffffff;
  18261: ffffff;
  18262: ffffff;
  18263: fefefe;
  18264: fdfdfd;
  18265: fdfdfd;
  18266: fefefe;
  18267: fefefe;
  18268: ffffff;
  18269: ffffff;
  18270: ffffff;
  18271: fefefe;
  18272: fefefe;
  18273: fdfdfd;
  18274: fdfdfd;
  18275: fdfdfd;
  18276: fdfdfd;
  18277: fefefe;
  18278: fefefe;
  18279: ffffff;
  18280: ffffff;
  18281: ffffff;
  18282: ffffff;
  18283: ffffff;
  18284: ffffff;
  18285: ffffff;
  18286: ffffff;
  18287: ffffff;
  18288: ffffff;
  18289: fefefe;
  18290: fefefe;
  18291: fdfdfd;
  18292: fdfdfd;
  18293: fcfcfc;
  18294: fbfbfb;
  18295: fafafa;
  18296: fafafa;
  18297: fbfbfb;
  18298: fcfcfc;
  18299: fdfdfd;
  18300: fefefe;
  18301: fefefe;
  18302: fefefe;
  18303: fefefe;
  18304: fefefe;
  18305: fefefe;
  18306: fefefe;
  18307: fefefe;
  18308: fdfdfd;
  18309: fcfcfc;
  18310: fbfbfb;
  18311: fafafa;
  18312: fafafa;
  18313: fbfbfb;
  18314: fcfcfc;
  18315: fdfdfd;
  18316: fdfdfd;
  18317: fefefe;
  18318: fefefe;
  18319: ffffff;
  18320: ffffff;
  18321: ffffff;
  18322: ffffff;
  18323: ffffff;
  18324: ffffff;
  18325: ffffff;
  18326: ffffff;
  18327: ffffff;
  18328: ffffff;
  18329: fefefe;
  18330: fefefe;
  18331: fdfdfd;
  18332: fdfdfd;
  18333: fdfdfd;
  18334: ffffff;
  18335: ffffff;
  18336: ffffff;
  18337: ffffff;
  18338: ffffff;
  18339: ffffff;
  18340: ffffff;
  18341: ffffff;
  18342: ffffff;
  18343: ffffff;
  18344: ffffff;
  18345: ffffff;
  18346: ffffff;
  18347: ffffff;
  18348: ffffff;
  18349: ffffff;
  18350: e5e5e5;
  18351: b0b0b0;
  18352: 767676;
  18353: 414141;
  18354: 1a1a1a;
  18355: 161616;
  18356: 161616;
  18357: 161616;
  18358: 161616;
  18359: 161616;
  18360: 161616;
  18361: 171717;
  18362: 181818;
  18363: 191919;
  18364: 191919;
  18365: 191919;
  18366: 191919;
  18367: 191919;
  18368: 191919;
  18369: 191919;
  18370: 191919;
  18371: 191919;
  18372: 191919;
  18373: 181818;
  18374: 171717;
  18375: 161616;
  18376: 161616;
  18377: 161616;
  18378: 161616;
  18379: 161616;
  18380: 161616;
  18381: 1a1a1a;
  18382: 414141;
  18383: 767676;
  18384: b0b0b0;
  18385: e5e5e5;
  18386: ffffff;
  18387: ffffff;
  18388: ffffff;
  18389: ffffff;
  18390: ffffff;
  18391: ffffff;
  18392: ffffff;
  18393: ffffff;
  18394: ffffff;
  18395: ffffff;
  18396: ffffff;
  18397: ffffff;
  18398: ffffff;
  18399: ffffff;
  18400: ffffff;
  18401: ffffff;
  18402: fdfdfd;
  18403: fdfdfd;
  18404: fdfdfd;
  18405: fefefe;
  18406: fefefe;
  18407: ffffff;
  18408: ffffff;
  18409: ffffff;
  18410: ffffff;
  18411: ffffff;
  18412: ffffff;
  18413: ffffff;
  18414: ffffff;
  18415: ffffff;
  18416: ffffff;
  18417: fefefe;
  18418: fefefe;
  18419: fdfdfd;
  18420: fdfdfd;
  18421: fcfcfc;
  18422: fbfbfb;
  18423: fafafa;
  18424: fafafa;
  18425: fbfbfb;
  18426: fcfcfc;
  18427: fdfdfd;
  18428: fefefe;
  18429: fefefe;
  18430: fefefe;
  18431: fefefe;
  18432: fefefe;
  18433: fefefe;
  18434: fefefe;
  18435: fefefe;
  18436: fefefe;
  18437: fdfdfd;
  18438: fcfcfc;
  18439: fcfcfc;
  18440: fcfcfc;
  18441: fcfcfc;
  18442: fdfdfd;
  18443: fefefe;
  18444: fefefe;
  18445: fefefe;
  18446: ffffff;
  18447: ffffff;
  18448: ffffff;
  18449: fefefe;
  18450: fefefe;
  18451: fefefe;
  18452: fefefe;
  18453: ffffff;
  18454: ffffff;
  18455: ffffff;
  18456: ffffff;
  18457: fefefe;
  18458: fefefe;
  18459: fefefe;
  18460: fefefe;
  18461: fefefe;
  18462: ffffff;
  18463: ffffff;
  18464: ffffff;
  18465: ffffff;
  18466: ffffff;
  18467: ffffff;
  18468: ffffff;
  18469: ffffff;
  18470: ffffff;
  18471: ffffff;
  18472: ffffff;
  18473: ffffff;
  18474: ffffff;
  18475: ffffff;
  18476: ffffff;
  18477: ffffff;
  18478: f0f0f0;
  18479: c6c6c6;
  18480: 999999;
  18481: 6f6f6f;
  18482: 515151;
  18483: 4e4e4e;
  18484: 4e4e4e;
  18485: 4e4e4e;
  18486: 4e4e4e;
  18487: 4e4e4e;
  18488: 4e4e4e;
  18489: 4e4e4e;
  18490: 4e4e4e;
  18491: 4e4e4e;
  18492: 4f4f4f;
  18493: 4f4f4f;
  18494: 4f4f4f;
  18495: 4f4f4f;
  18496: 4f4f4f;
  18497: 4f4f4f;
  18498: 4f4f4f;
  18499: 4f4f4f;
  18500: 4e4e4e;
  18501: 4e4e4e;
  18502: 4e4e4e;
  18503: 4e4e4e;
  18504: 4e4e4e;
  18505: 4e4e4e;
  18506: 4e4e4e;
  18507: 4e4e4e;
  18508: 4e4e4e;
  18509: 515151;
  18510: 6f6f6f;
  18511: 999999;
  18512: c6c6c6;
  18513: f0f0f0;
  18514: ffffff;
  18515: ffffff;
  18516: ffffff;
  18517: ffffff;
  18518: ffffff;
  18519: ffffff;
  18520: ffffff;
  18521: ffffff;
  18522: ffffff;
  18523: ffffff;
  18524: ffffff;
  18525: ffffff;
  18526: ffffff;
  18527: ffffff;
  18528: ffffff;
  18529: ffffff;
  18530: fefefe;
  18531: fefefe;
  18532: fefefe;
  18533: fefefe;
  18534: fefefe;
  18535: ffffff;
  18536: ffffff;
  18537: ffffff;
  18538: ffffff;
  18539: fefefe;
  18540: fefefe;
  18541: fefefe;
  18542: fefefe;
  18543: ffffff;
  18544: ffffff;
  18545: ffffff;
  18546: fefefe;
  18547: fefefe;
  18548: fefefe;
  18549: fdfdfd;
  18550: fcfcfc;
  18551: fcfcfc;
  18552: fcfcfc;
  18553: fcfcfc;
  18554: fdfdfd;
  18555: fefefe;
  18556: fefefe;
  18557: fefefe;
  18558: fefefe;
  18559: fefefe;
  18560: ffffff;
  18561: ffffff;
  18562: ffffff;
  18563: ffffff;
  18564: fefefe;
  18565: fefefe;
  18566: fdfdfd;
  18567: fdfdfd;
  18568: fdfdfd;
  18569: fdfdfd;
  18570: fefefe;
  18571: fefefe;
  18572: fefefe;
  18573: ffffff;
  18574: ffffff;
  18575: ffffff;
  18576: ffffff;
  18577: fefefe;
  18578: fefefe;
  18579: fefefe;
  18580: fefefe;
  18581: fefefe;
  18582: ffffff;
  18583: ffffff;
  18584: ffffff;
  18585: ffffff;
  18586: ffffff;
  18587: fefefe;
  18588: fefefe;
  18589: fefefe;
  18590: ffffff;
  18591: ffffff;
  18592: ffffff;
  18593: ffffff;
  18594: ffffff;
  18595: ffffff;
  18596: ffffff;
  18597: ffffff;
  18598: ffffff;
  18599: ffffff;
  18600: ffffff;
  18601: ffffff;
  18602: ffffff;
  18603: ffffff;
  18604: ffffff;
  18605: ffffff;
  18606: f6f6f6;
  18607: dddddd;
  18608: c1c1c1;
  18609: a8a8a8;
  18610: 959595;
  18611: 939393;
  18612: 939393;
  18613: 939393;
  18614: 939393;
  18615: 939393;
  18616: 939393;
  18617: 939393;
  18618: 929292;
  18619: 929292;
  18620: 929292;
  18621: 929292;
  18622: 929292;
  18623: 929292;
  18624: 929292;
  18625: 929292;
  18626: 929292;
  18627: 929292;
  18628: 929292;
  18629: 929292;
  18630: 939393;
  18631: 939393;
  18632: 939393;
  18633: 939393;
  18634: 939393;
  18635: 939393;
  18636: 939393;
  18637: 959595;
  18638: a8a8a8;
  18639: c1c1c1;
  18640: dddddd;
  18641: f6f6f6;
  18642: ffffff;
  18643: ffffff;
  18644: ffffff;
  18645: ffffff;
  18646: ffffff;
  18647: ffffff;
  18648: ffffff;
  18649: ffffff;
  18650: ffffff;
  18651: ffffff;
  18652: ffffff;
  18653: ffffff;
  18654: ffffff;
  18655: ffffff;
  18656: ffffff;
  18657: ffffff;
  18658: fefefe;
  18659: fefefe;
  18660: fefefe;
  18661: ffffff;
  18662: ffffff;
  18663: ffffff;
  18664: ffffff;
  18665: ffffff;
  18666: fefefe;
  18667: fefefe;
  18668: fefefe;
  18669: fefefe;
  18670: fefefe;
  18671: ffffff;
  18672: ffffff;
  18673: ffffff;
  18674: ffffff;
  18675: fefefe;
  18676: fefefe;
  18677: fefefe;
  18678: fdfdfd;
  18679: fdfdfd;
  18680: fdfdfd;
  18681: fdfdfd;
  18682: fefefe;
  18683: fefefe;
  18684: ffffff;
  18685: ffffff;
  18686: ffffff;
  18687: ffffff;
  18688: ffffff;
  18689: ffffff;
  18690: ffffff;
  18691: ffffff;
  18692: ffffff;
  18693: fefefe;
  18694: fefefe;
  18695: fefefe;
  18696: fefefe;
  18697: fefefe;
  18698: ffffff;
  18699: ffffff;
  18700: ffffff;
  18701: ffffff;
  18702: ffffff;
  18703: fefefe;
  18704: fefefe;
  18705: fdfdfd;
  18706: fdfdfd;
  18707: fdfdfd;
  18708: fdfdfd;
  18709: fefefe;
  18710: fefefe;
  18711: ffffff;
  18712: ffffff;
  18713: ffffff;
  18714: ffffff;
  18715: ffffff;
  18716: ffffff;
  18717: ffffff;
  18718: ffffff;
  18719: ffffff;
  18720: ffffff;
  18721: ffffff;
  18722: ffffff;
  18723: ffffff;
  18724: ffffff;
  18725: ffffff;
  18726: ffffff;
  18727: ffffff;
  18728: ffffff;
  18729: ffffff;
  18730: ffffff;
  18731: ffffff;
  18732: ffffff;
  18733: ffffff;
  18734: fafafa;
  18735: f1f1f1;
  18736: e6e6e6;
  18737: dcdcdc;
  18738: d5d5d5;
  18739: d4d4d4;
  18740: d4d4d4;
  18741: d4d4d4;
  18742: d4d4d4;
  18743: d4d4d4;
  18744: d4d4d4;
  18745: d4d4d4;
  18746: d3d3d3;
  18747: d2d2d2;
  18748: d1d1d1;
  18749: d1d1d1;
  18750: d1d1d1;
  18751: d1d1d1;
  18752: d1d1d1;
  18753: d1d1d1;
  18754: d1d1d1;
  18755: d1d1d1;
  18756: d2d2d2;
  18757: d3d3d3;
  18758: d4d4d4;
  18759: d4d4d4;
  18760: d4d4d4;
  18761: d4d4d4;
  18762: d4d4d4;
  18763: d4d4d4;
  18764: d4d4d4;
  18765: d5d5d5;
  18766: dcdcdc;
  18767: e6e6e6;
  18768: f1f1f1;
  18769: fafafa;
  18770: ffffff;
  18771: ffffff;
  18772: ffffff;
  18773: ffffff;
  18774: ffffff;
  18775: ffffff;
  18776: ffffff;
  18777: ffffff;
  18778: ffffff;
  18779: ffffff;
  18780: ffffff;
  18781: ffffff;
  18782: ffffff;
  18783: ffffff;
  18784: ffffff;
  18785: ffffff;
  18786: ffffff;
  18787: ffffff;
  18788: ffffff;
  18789: ffffff;
  18790: ffffff;
  18791: ffffff;
  18792: ffffff;
  18793: fefefe;
  18794: fefefe;
  18795: fdfdfd;
  18796: fdfdfd;
  18797: fdfdfd;
  18798: fdfdfd;
  18799: fefefe;
  18800: fefefe;
  18801: ffffff;
  18802: ffffff;
  18803: ffffff;
  18804: ffffff;
  18805: ffffff;
  18806: fefefe;
  18807: fefefe;
  18808: fefefe;
  18809: fefefe;
  18810: fefefe;
  18811: ffffff;
  18812: ffffff;
  18813: ffffff;
  18814: ffffff;
  18815: ffffff;
  18816: ffffff;
  18817: ffffff;
  18818: ffffff;
  18819: ffffff;
  18820: ffffff;
  18821: ffffff;
  18822: ffffff;
  18823: ffffff;
  18824: ffffff;
  18825: ffffff;
  18826: ffffff;
  18827: ffffff;
  18828: ffffff;
  18829: ffffff;
  18830: ffffff;
  18831: fefefe;
  18832: fefefe;
  18833: fdfdfd;
  18834: fdfdfd;
  18835: fdfdfd;
  18836: fdfdfd;
  18837: fefefe;
  18838: fefefe;
  18839: ffffff;
  18840: ffffff;
  18841: ffffff;
  18842: ffffff;
  18843: ffffff;
  18844: ffffff;
  18845: ffffff;
  18846: ffffff;
  18847: fefefe;
  18848: fdfdfd;
  18849: fdfdfd;
  18850: fcfcfc;
  18851: fcfcfc;
  18852: fbfbfb;
  18853: fbfbfb;
  18854: fbfbfb;
  18855: fbfbfb;
  18856: fbfbfb;
  18857: fcfcfc;
  18858: fcfcfc;
  18859: fdfdfd;
  18860: fefefe;
  18861: fefefe;
  18862: fefefe;
  18863: ffffff;
  18864: ffffff;
  18865: ffffff;
  18866: ffffff;
  18867: ffffff;
  18868: ffffff;
  18869: ffffff;
  18870: ffffff;
  18871: ffffff;
  18872: ffffff;
  18873: fefefe;
  18874: fdfdfd;
  18875: fcfcfc;
  18876: fbfbfb;
  18877: fbfbfb;
  18878: fbfbfb;
  18879: fbfbfb;
  18880: fbfbfb;
  18881: fbfbfb;
  18882: fbfbfb;
  18883: fbfbfb;
  18884: fcfcfc;
  18885: fdfdfd;
  18886: fefefe;
  18887: ffffff;
  18888: ffffff;
  18889: ffffff;
  18890: ffffff;
  18891: ffffff;
  18892: ffffff;
  18893: ffffff;
  18894: ffffff;
  18895: ffffff;
  18896: ffffff;
  18897: fefefe;
  18898: fefefe;
  18899: fefefe;
  18900: fdfdfd;
  18901: fcfcfc;
  18902: fcfcfc;
  18903: fbfbfb;
  18904: fbfbfb;
  18905: fbfbfb;
  18906: fbfbfb;
  18907: fbfbfb;
  18908: fcfcfc;
  18909: fcfcfc;
  18910: fdfdfd;
  18911: fdfdfd;
  18912: fefefe;
  18913: ffffff;
  18914: ffffff;
  18915: ffffff;
  18916: ffffff;
  18917: ffffff;
  18918: ffffff;
  18919: ffffff;
  18920: ffffff;
  18921: fefefe;
  18922: fefefe;
  18923: fdfdfd;
  18924: fdfdfd;
  18925: fdfdfd;
  18926: fdfdfd;
  18927: fefefe;
  18928: fefefe;
  18929: ffffff;
  18930: ffffff;
  18931: ffffff;
  18932: ffffff;
  18933: ffffff;
  18934: ffffff;
  18935: ffffff;
  18936: ffffff;
  18937: ffffff;
  18938: ffffff;
  18939: ffffff;
  18940: ffffff;
  18941: ffffff;
  18942: ffffff;
  18943: ffffff;
  18944: ffffff;
  18945: ffffff;
  18946: ffffff;
  18947: ffffff;
  18948: ffffff;
  18949: ffffff;
  18950: ffffff;
  18951: ffffff;
  18952: ffffff;
  18953: ffffff;
  18954: ffffff;
  18955: ffffff;
  18956: ffffff;
  18957: ffffff;
  18958: ffffff;
  18959: fefefe;
  18960: fefefe;
  18961: fdfdfd;
  18962: fdfdfd;
  18963: fdfdfd;
  18964: fdfdfd;
  18965: fefefe;
  18966: fefefe;
  18967: ffffff;
  18968: ffffff;
  18969: ffffff;
  18970: ffffff;
  18971: ffffff;
  18972: ffffff;
  18973: ffffff;
  18974: ffffff;
  18975: fefefe;
  18976: fdfdfd;
  18977: fdfdfd;
  18978: fcfcfc;
  18979: fcfcfc;
  18980: fbfbfb;
  18981: fbfbfb;
  18982: fbfbfb;
  18983: fbfbfb;
  18984: fbfbfb;
  18985: fcfcfc;
  18986: fcfcfc;
  18987: fdfdfd;
  18988: fefefe;
  18989: fefefe;
  18990: ffffff;
  18991: ffffff;
  18992: ffffff;
  18993: ffffff;
  18994: ffffff;
  18995: ffffff;
  18996: ffffff;
  18997: ffffff;
  18998: ffffff;
  18999: ffffff;
  19000: ffffff;
  19001: ffffff;
  19002: ffffff;
  19003: ffffff;
  19004: ffffff;
  19005: ffffff;
  19006: ffffff;
  19007: ffffff;
  19008: ffffff;
  19009: ffffff;
  19010: ffffff;
  19011: ffffff;
  19012: ffffff;
  19013: ffffff;
  19014: ffffff;
  19015: ffffff;
  19016: ffffff;
  19017: ffffff;
  19018: ffffff;
  19019: ffffff;
  19020: ffffff;
  19021: ffffff;
  19022: ffffff;
  19023: ffffff;
  19024: ffffff;
  19025: ffffff;
  19026: fefefe;
  19027: fefefe;
  19028: fdfdfd;
  19029: fcfcfc;
  19030: fcfcfc;
  19031: fbfbfb;
  19032: fbfbfb;
  19033: fbfbfb;
  19034: fbfbfb;
  19035: fbfbfb;
  19036: fcfcfc;
  19037: fcfcfc;
  19038: fdfdfd;
  19039: fdfdfd;
  19040: fefefe;
  19041: ffffff;
  19042: ffffff;
  19043: ffffff;
  19044: ffffff;
  19045: ffffff;
  19046: ffffff;
  19047: ffffff;
  19048: ffffff;
  19049: fefefe;
  19050: fefefe;
  19051: fdfdfd;
  19052: fdfdfd;
  19053: fdfdfd;
  19054: fdfdfd;
  19055: fefefe;
  19056: fefefe;
  19057: ffffff;
  19058: ffffff;
  19059: ffffff;
  19060: ffffff;
  19061: ffffff;
  19062: ffffff;
  19063: ffffff;
  19064: ffffff;
  19065: ffffff;
  19066: ffffff;
  19067: ffffff;
  19068: ffffff;
  19069: ffffff;
  19070: ffffff;
  19071: ffffff;
  19072: ffffff;
  19073: ffffff;
  19074: ffffff;
  19075: ffffff;
  19076: ffffff;
  19077: ffffff;
  19078: ffffff;
  19079: ffffff;
  19080: ffffff;
  19081: ffffff;
  19082: fefefe;
  19083: fefefe;
  19084: fefefe;
  19085: fefefe;
  19086: fefefe;
  19087: fdfdfd;
  19088: fefefe;
  19089: fdfdfd;
  19090: fefefe;
  19091: fefefe;
  19092: fefefe;
  19093: fefefe;
  19094: fefefe;
  19095: ffffff;
  19096: ffffff;
  19097: ffffff;
  19098: ffffff;
  19099: ffffff;
  19100: ffffff;
  19101: ffffff;
  19102: ffffff;
  19103: fefefe;
  19104: fefefe;
  19105: fefefe;
  19106: fdfdfd;
  19107: fdfdfd;
  19108: fcfcfc;
  19109: fcfcfc;
  19110: fcfcfc;
  19111: fcfcfc;
  19112: fcfcfc;
  19113: fdfdfd;
  19114: fdfdfd;
  19115: fefefe;
  19116: fefefe;
  19117: ffffff;
  19118: ffffff;
  19119: ffffff;
  19120: ffffff;
  19121: ffffff;
  19122: ffffff;
  19123: ffffff;
  19124: ffffff;
  19125: ffffff;
  19126: ffffff;
  19127: ffffff;
  19128: ffffff;
  19129: ffffff;
  19130: ffffff;
  19131: ffffff;
  19132: ffffff;
  19133: ffffff;
  19134: ffffff;
  19135: ffffff;
  19136: ffffff;
  19137: ffffff;
  19138: ffffff;
  19139: ffffff;
  19140: ffffff;
  19141: ffffff;
  19142: ffffff;
  19143: ffffff;
  19144: ffffff;
  19145: ffffff;
  19146: ffffff;
  19147: ffffff;
  19148: ffffff;
  19149: ffffff;
  19150: ffffff;
  19151: ffffff;
  19152: ffffff;
  19153: ffffff;
  19154: ffffff;
  19155: fefefe;
  19156: fefefe;
  19157: fdfdfd;
  19158: fdfdfd;
  19159: fcfcfc;
  19160: fcfcfc;
  19161: fcfcfc;
  19162: fcfcfc;
  19163: fcfcfc;
  19164: fdfdfd;
  19165: fdfdfd;
  19166: fefefe;
  19167: fefefe;
  19168: fefefe;
  19169: ffffff;
  19170: ffffff;
  19171: ffffff;
  19172: ffffff;
  19173: ffffff;
  19174: ffffff;
  19175: ffffff;
  19176: ffffff;
  19177: fefefe;
  19178: fefefe;
  19179: fefefe;
  19180: fefefe;
  19181: fefefe;
  19182: fdfdfd;
  19183: fefefe;
  19184: fdfdfd;
  19185: fefefe;
  19186: fefefe;
  19187: fefefe;
  19188: fefefe;
  19189: fefefe;
  19190: ffffff;
  19191: ffffff;
  19192: ffffff;
  19193: ffffff;
  19194: ffffff;
  19195: ffffff;
  19196: ffffff;
  19197: ffffff;
  19198: ffffff;
  19199: ffffff;
  19200: ffffff;
  19201: ffffff;
  19202: ffffff;
  19203: ffffff;
  19204: ffffff;
  19205: ffffff;
  19206: ffffff;
  19207: ffffff;
  19208: ffffff;
  19209: fefefe;
  19210: fefefe;
  19211: fefefe;
  19212: fdfdfd;
  19213: fdfdfd;
  19214: fdfdfd;
  19215: fdfdfd;
  19216: fefefe;
  19217: fdfdfd;
  19218: fefefe;
  19219: fefefe;
  19220: fefefe;
  19221: ffffff;
  19222: fefefe;
  19223: fefefe;
  19224: fefefe;
  19225: fefefe;
  19226: fefefe;
  19227: ffffff;
  19228: ffffff;
  19229: ffffff;
  19230: ffffff;
  19231: ffffff;
  19232: fefefe;
  19233: fefefe;
  19234: fefefe;
  19235: fefefe;
  19236: fdfdfd;
  19237: fdfdfd;
  19238: fdfdfd;
  19239: fdfdfd;
  19240: fdfdfd;
  19241: fefefe;
  19242: fefefe;
  19243: fefefe;
  19244: ffffff;
  19245: ffffff;
  19246: ffffff;
  19247: ffffff;
  19248: ffffff;
  19249: ffffff;
  19250: ffffff;
  19251: ffffff;
  19252: ffffff;
  19253: ffffff;
  19254: ffffff;
  19255: ffffff;
  19256: ffffff;
  19257: ffffff;
  19258: ffffff;
  19259: ffffff;
  19260: ffffff;
  19261: ffffff;
  19262: ffffff;
  19263: ffffff;
  19264: ffffff;
  19265: ffffff;
  19266: ffffff;
  19267: ffffff;
  19268: ffffff;
  19269: ffffff;
  19270: ffffff;
  19271: ffffff;
  19272: ffffff;
  19273: ffffff;
  19274: ffffff;
  19275: ffffff;
  19276: ffffff;
  19277: ffffff;
  19278: ffffff;
  19279: ffffff;
  19280: ffffff;
  19281: ffffff;
  19282: ffffff;
  19283: ffffff;
  19284: fefefe;
  19285: fefefe;
  19286: fefefe;
  19287: fdfdfd;
  19288: fdfdfd;
  19289: fdfdfd;
  19290: fdfdfd;
  19291: fdfdfd;
  19292: fefefe;
  19293: fefefe;
  19294: fefefe;
  19295: fefefe;
  19296: ffffff;
  19297: ffffff;
  19298: ffffff;
  19299: ffffff;
  19300: ffffff;
  19301: fefefe;
  19302: fefefe;
  19303: fefefe;
  19304: fefefe;
  19305: fefefe;
  19306: ffffff;
  19307: fefefe;
  19308: fefefe;
  19309: fefefe;
  19310: fdfdfd;
  19311: fefefe;
  19312: fdfdfd;
  19313: fdfdfd;
  19314: fdfdfd;
  19315: fdfdfd;
  19316: fefefe;
  19317: fefefe;
  19318: fefefe;
  19319: ffffff;
  19320: ffffff;
  19321: ffffff;
  19322: ffffff;
  19323: ffffff;
  19324: ffffff;
  19325: ffffff;
  19326: ffffff;
  19327: ffffff;
  19328: ffffff;
  19329: ffffff;
  19330: ffffff;
  19331: ffffff;
  19332: ffffff;
  19333: ffffff;
  19334: ffffff;
  19335: ffffff;
  19336: ffffff;
  19337: fefefe;
  19338: fdfdfd;
  19339: fdfdfd;
  19340: fcfcfc;
  19341: fcfcfc;
  19342: fcfcfc;
  19343: fdfdfd;
  19344: fefefe;
  19345: fefefe;
  19346: ffffff;
  19347: ffffff;
  19348: ffffff;
  19349: ffffff;
  19350: fefefe;
  19351: fefefe;
  19352: fefefe;
  19353: fefefe;
  19354: fefefe;
  19355: ffffff;
  19356: ffffff;
  19357: ffffff;
  19358: ffffff;
  19359: ffffff;
  19360: ffffff;
  19361: ffffff;
  19362: ffffff;
  19363: ffffff;
  19364: fefefe;
  19365: fefefe;
  19366: fefefe;
  19367: fefefe;
  19368: fefefe;
  19369: ffffff;
  19370: ffffff;
  19371: ffffff;
  19372: ffffff;
  19373: ffffff;
  19374: ffffff;
  19375: ffffff;
  19376: ffffff;
  19377: ffffff;
  19378: ffffff;
  19379: ffffff;
  19380: ffffff;
  19381: ffffff;
  19382: ffffff;
  19383: ffffff;
  19384: ffffff;
  19385: ffffff;
  19386: ffffff;
  19387: ffffff;
  19388: ffffff;
  19389: ffffff;
  19390: ffffff;
  19391: ffffff;
  19392: ffffff;
  19393: ffffff;
  19394: ffffff;
  19395: ffffff;
  19396: ffffff;
  19397: ffffff;
  19398: ffffff;
  19399: ffffff;
  19400: ffffff;
  19401: ffffff;
  19402: ffffff;
  19403: ffffff;
  19404: ffffff;
  19405: ffffff;
  19406: ffffff;
  19407: ffffff;
  19408: ffffff;
  19409: ffffff;
  19410: ffffff;
  19411: ffffff;
  19412: ffffff;
  19413: ffffff;
  19414: ffffff;
  19415: fefefe;
  19416: fefefe;
  19417: fefefe;
  19418: fefefe;
  19419: fefefe;
  19420: ffffff;
  19421: ffffff;
  19422: ffffff;
  19423: ffffff;
  19424: ffffff;
  19425: ffffff;
  19426: ffffff;
  19427: ffffff;
  19428: ffffff;
  19429: fefefe;
  19430: fefefe;
  19431: fefefe;
  19432: fefefe;
  19433: fefefe;
  19434: ffffff;
  19435: ffffff;
  19436: ffffff;
  19437: ffffff;
  19438: fefefe;
  19439: fefefe;
  19440: fdfdfd;
  19441: fcfcfc;
  19442: fcfcfc;
  19443: fcfcfc;
  19444: fdfdfd;
  19445: fdfdfd;
  19446: fefefe;
  19447: ffffff;
  19448: ffffff;
  19449: ffffff;
  19450: ffffff;
  19451: ffffff;
  19452: ffffff;
  19453: ffffff;
  19454: ffffff;
  19455: ffffff;
  19456: ffffff;
  19457: ffffff;
  19458: ffffff;
  19459: ffffff;
  19460: ffffff;
  19461: ffffff;
  19462: ffffff;
  19463: ffffff;
  19464: ffffff;
  19465: fefefe;
  19466: fdfdfd;
  19467: fdfdfd;
  19468: fcfcfc;
  19469: fcfcfc;
  19470: fcfcfc;
  19471: fdfdfd;
  19472: fefefe;
  19473: fefefe;
  19474: ffffff;
  19475: ffffff;
  19476: ffffff;
  19477: ffffff;
  19478: fefefe;
  19479: fefefe;
  19480: fefefe;
  19481: fefefe;
  19482: fefefe;
  19483: ffffff;
  19484: ffffff;
  19485: ffffff;
  19486: ffffff;
  19487: ffffff;
  19488: ffffff;
  19489: ffffff;
  19490: ffffff;
  19491: ffffff;
  19492: ffffff;
  19493: ffffff;
  19494: ffffff;
  19495: ffffff;
  19496: ffffff;
  19497: ffffff;
  19498: ffffff;
  19499: ffffff;
  19500: ffffff;
  19501: ffffff;
  19502: ffffff;
  19503: ffffff;
  19504: ffffff;
  19505: ffffff;
  19506: ffffff;
  19507: ffffff;
  19508: fefefe;
  19509: fefefe;
  19510: fdfdfd;
  19511: fdfdfd;
  19512: fdfdfd;
  19513: fdfdfd;
  19514: fefefe;
  19515: fefefe;
  19516: ffffff;
  19517: ffffff;
  19518: ffffff;
  19519: ffffff;
  19520: ffffff;
  19521: ffffff;
  19522: ffffff;
  19523: ffffff;
  19524: fefefe;
  19525: fefefe;
  19526: fdfdfd;
  19527: fdfdfd;
  19528: fdfdfd;
  19529: fdfdfd;
  19530: fefefe;
  19531: fefefe;
  19532: ffffff;
  19533: ffffff;
  19534: ffffff;
  19535: ffffff;
  19536: ffffff;
  19537: ffffff;
  19538: ffffff;
  19539: ffffff;
  19540: ffffff;
  19541: ffffff;
  19542: ffffff;
  19543: ffffff;
  19544: ffffff;
  19545: ffffff;
  19546: ffffff;
  19547: ffffff;
  19548: ffffff;
  19549: ffffff;
  19550: ffffff;
  19551: ffffff;
  19552: ffffff;
  19553: ffffff;
  19554: ffffff;
  19555: ffffff;
  19556: ffffff;
  19557: fefefe;
  19558: fefefe;
  19559: fefefe;
  19560: fefefe;
  19561: fefefe;
  19562: ffffff;
  19563: ffffff;
  19564: ffffff;
  19565: ffffff;
  19566: fefefe;
  19567: fefefe;
  19568: fdfdfd;
  19569: fcfcfc;
  19570: fcfcfc;
  19571: fcfcfc;
  19572: fdfdfd;
  19573: fdfdfd;
  19574: fefefe;
  19575: ffffff;
  19576: ffffff;
  19577: ffffff;
  19578: ffffff;
  19579: ffffff;
  19580: ffffff;
  19581: ffffff;
  19582: ffffff;
  19583: ffffff;
  19584: ffffff;
  19585: ffffff;
  19586: ffffff;
  19587: ffffff;
  19588: ffffff;
  19589: ffffff;
  19590: ffffff;
  19591: ffffff;
  19592: ffffff;
  19593: fefefe;
  19594: fdfdfd;
  19595: fdfdfd;
  19596: fcfcfc;
  19597: fcfcfc;
  19598: fcfcfc;
  19599: fdfdfd;
  19600: fefefe;
  19601: fefefe;
  19602: ffffff;
  19603: ffffff;
  19604: ffffff;
  19605: ffffff;
  19606: fefefe;
  19607: fefefe;
  19608: fefefe;
  19609: fefefe;
  19610: fefefe;
  19611: ffffff;
  19612: ffffff;
  19613: ffffff;
  19614: ffffff;
  19615: ffffff;
  19616: ffffff;
  19617: ffffff;
  19618: ffffff;
  19619: ffffff;
  19620: ffffff;
  19621: ffffff;
  19622: ffffff;
  19623: ffffff;
  19624: ffffff;
  19625: ffffff;
  19626: ffffff;
  19627: ffffff;
  19628: ffffff;
  19629: ffffff;
  19630: ffffff;
  19631: ffffff;
  19632: ffffff;
  19633: ffffff;
  19634: ffffff;
  19635: ffffff;
  19636: fefefe;
  19637: fefefe;
  19638: fdfdfd;
  19639: fdfdfd;
  19640: fdfdfd;
  19641: fdfdfd;
  19642: fefefe;
  19643: fefefe;
  19644: ffffff;
  19645: ffffff;
  19646: ffffff;
  19647: ffffff;
  19648: ffffff;
  19649: ffffff;
  19650: ffffff;
  19651: ffffff;
  19652: fefefe;
  19653: fefefe;
  19654: fdfdfd;
  19655: fdfdfd;
  19656: fdfdfd;
  19657: fdfdfd;
  19658: fefefe;
  19659: fefefe;
  19660: ffffff;
  19661: ffffff;
  19662: ffffff;
  19663: ffffff;
  19664: ffffff;
  19665: ffffff;
  19666: ffffff;
  19667: ffffff;
  19668: ffffff;
  19669: ffffff;
  19670: ffffff;
  19671: ffffff;
  19672: ffffff;
  19673: ffffff;
  19674: ffffff;
  19675: ffffff;
  19676: ffffff;
  19677: ffffff;
  19678: ffffff;
  19679: ffffff;
  19680: ffffff;
  19681: ffffff;
  19682: ffffff;
  19683: ffffff;
  19684: ffffff;
  19685: fefefe;
  19686: fefefe;
  19687: fefefe;
  19688: fefefe;
  19689: fefefe;
  19690: ffffff;
  19691: ffffff;
  19692: ffffff;
  19693: ffffff;
  19694: fefefe;
  19695: fefefe;
  19696: fdfdfd;
  19697: fcfcfc;
  19698: fcfcfc;
  19699: fcfcfc;
  19700: fdfdfd;
  19701: fdfdfd;
  19702: fefefe;
  19703: ffffff;
  19704: ffffff;
  19705: ffffff;
  19706: ffffff;
  19707: ffffff;
  19708: ffffff;
  19709: ffffff;
  19710: ffffff;
  19711: ffffff;
  19712: fefefe;
  19713: fefefe;
  19714: fefefe;
  19715: fefefe;
  19716: fefefe;
  19717: ffffff;
  19718: ffffff;
  19719: ffffff;
  19720: ffffff;
  19721: fefefe;
  19722: fefefe;
  19723: fefefe;
  19724: fdfdfd;
  19725: fdfdfd;
  19726: fdfdfd;
  19727: fefefe;
  19728: fefefe;
  19729: fefefe;
  19730: ffffff;
  19731: ffffff;
  19732: ffffff;
  19733: ffffff;
  19734: fefefe;
  19735: fefefe;
  19736: fefefe;
  19737: fefefe;
  19738: fefefe;
  19739: ffffff;
  19740: ffffff;
  19741: ffffff;
  19742: ffffff;
  19743: ffffff;
  19744: ffffff;
  19745: ffffff;
  19746: ffffff;
  19747: ffffff;
  19748: ffffff;
  19749: ffffff;
  19750: ffffff;
  19751: ffffff;
  19752: ffffff;
  19753: ffffff;
  19754: ffffff;
  19755: fefefe;
  19756: fefefe;
  19757: fefefe;
  19758: fefefe;
  19759: fefefe;
  19760: ffffff;
  19761: ffffff;
  19762: ffffff;
  19763: ffffff;
  19764: fefefe;
  19765: fefefe;
  19766: fdfdfd;
  19767: fdfdfd;
  19768: fdfdfd;
  19769: fdfdfd;
  19770: fefefe;
  19771: ffffff;
  19772: ffffff;
  19773: ffffff;
  19774: ffffff;
  19775: ffffff;
  19776: ffffff;
  19777: ffffff;
  19778: ffffff;
  19779: ffffff;
  19780: ffffff;
  19781: fefefe;
  19782: fdfdfd;
  19783: fdfdfd;
  19784: fdfdfd;
  19785: fdfdfd;
  19786: fefefe;
  19787: fefefe;
  19788: ffffff;
  19789: ffffff;
  19790: ffffff;
  19791: ffffff;
  19792: fefefe;
  19793: fefefe;
  19794: fefefe;
  19795: fefefe;
  19796: fefefe;
  19797: ffffff;
  19798: ffffff;
  19799: ffffff;
  19800: ffffff;
  19801: ffffff;
  19802: ffffff;
  19803: ffffff;
  19804: ffffff;
  19805: ffffff;
  19806: ffffff;
  19807: ffffff;
  19808: ffffff;
  19809: ffffff;
  19810: ffffff;
  19811: ffffff;
  19812: ffffff;
  19813: fefefe;
  19814: fefefe;
  19815: fefefe;
  19816: fefefe;
  19817: fefefe;
  19818: ffffff;
  19819: ffffff;
  19820: ffffff;
  19821: ffffff;
  19822: fefefe;
  19823: fefefe;
  19824: fefefe;
  19825: fdfdfd;
  19826: fdfdfd;
  19827: fdfdfd;
  19828: fefefe;
  19829: fefefe;
  19830: fefefe;
  19831: ffffff;
  19832: ffffff;
  19833: ffffff;
  19834: ffffff;
  19835: fefefe;
  19836: fefefe;
  19837: fefefe;
  19838: fefefe;
  19839: fefefe;
  19840: fdfdfd;
  19841: fdfdfd;
  19842: fdfdfd;
  19843: fdfdfd;
  19844: fefefe;
  19845: fefefe;
  19846: fefefe;
  19847: ffffff;
  19848: ffffff;
  19849: ffffff;
  19850: fefefe;
  19851: fefefe;
  19852: fefefe;
  19853: fefefe;
  19854: fefefe;
  19855: fefefe;
  19856: ffffff;
  19857: ffffff;
  19858: ffffff;
  19859: ffffff;
  19860: ffffff;
  19861: ffffff;
  19862: ffffff;
  19863: ffffff;
  19864: ffffff;
  19865: ffffff;
  19866: ffffff;
  19867: ffffff;
  19868: ffffff;
  19869: ffffff;
  19870: ffffff;
  19871: ffffff;
  19872: fefefe;
  19873: fefefe;
  19874: fefefe;
  19875: fefefe;
  19876: ffffff;
  19877: ffffff;
  19878: ffffff;
  19879: ffffff;
  19880: ffffff;
  19881: fefefe;
  19882: fefefe;
  19883: fefefe;
  19884: fdfdfd;
  19885: fdfdfd;
  19886: fdfdfd;
  19887: fefefe;
  19888: fefefe;
  19889: fefefe;
  19890: ffffff;
  19891: ffffff;
  19892: ffffff;
  19893: ffffff;
  19894: fefefe;
  19895: fefefe;
  19896: fefefe;
  19897: fefefe;
  19898: fefefe;
  19899: ffffff;
  19900: ffffff;
  19901: ffffff;
  19902: ffffff;
  19903: ffffff;
  19904: ffffff;
  19905: ffffff;
  19906: ffffff;
  19907: ffffff;
  19908: ffffff;
  19909: fefefe;
  19910: fefefe;
  19911: fefefe;
  19912: fefefe;
  19913: fefefe;
  19914: ffffff;
  19915: ffffff;
  19916: ffffff;
  19917: ffffff;
  19918: fefefe;
  19919: fefefe;
  19920: fefefe;
  19921: fdfdfd;
  19922: fdfdfd;
  19923: fdfdfd;
  19924: fefefe;
  19925: fefefe;
  19926: fefefe;
  19927: ffffff;
  19928: ffffff;
  19929: ffffff;
  19930: ffffff;
  19931: ffffff;
  19932: fefefe;
  19933: fefefe;
  19934: fefefe;
  19935: fefefe;
  19936: ffffff;
  19937: ffffff;
  19938: ffffff;
  19939: ffffff;
  19940: ffffff;
  19941: ffffff;
  19942: ffffff;
  19943: ffffff;
  19944: ffffff;
  19945: ffffff;
  19946: ffffff;
  19947: ffffff;
  19948: ffffff;
  19949: ffffff;
  19950: ffffff;
  19951: ffffff;
  19952: fefefe;
  19953: fefefe;
  19954: fefefe;
  19955: fefefe;
  19956: fefefe;
  19957: fefefe;
  19958: ffffff;
  19959: ffffff;
  19960: ffffff;
  19961: fefefe;
  19962: fefefe;
  19963: fefefe;
  19964: fdfdfd;
  19965: fdfdfd;
  19966: fdfdfd;
  19967: fdfdfd;
  19968: fcfcfc;
  19969: fcfcfc;
  19970: fcfcfc;
  19971: fcfcfc;
  19972: fdfdfd;
  19973: fefefe;
  19974: fefefe;
  19975: ffffff;
  19976: ffffff;
  19977: ffffff;
  19978: ffffff;
  19979: ffffff;
  19980: ffffff;
  19981: ffffff;
  19982: ffffff;
  19983: ffffff;
  19984: ffffff;
  19985: ffffff;
  19986: ffffff;
  19987: ffffff;
  19988: ffffff;
  19989: ffffff;
  19990: ffffff;
  19991: ffffff;
  19992: ffffff;
  19993: ffffff;
  19994: ffffff;
  19995: ffffff;
  19996: ffffff;
  19997: ffffff;
  19998: ffffff;
  19999: ffffff;
  20000: fefefe;
  20001: fefefe;
  20002: fefefe;
  20003: fefefe;
  20004: fefefe;
  20005: ffffff;
  20006: ffffff;
  20007: ffffff;
  20008: ffffff;
  20009: fefefe;
  20010: fefefe;
  20011: fdfdfd;
  20012: fcfcfc;
  20013: fcfcfc;
  20014: fcfcfc;
  20015: fdfdfd;
  20016: fefefe;
  20017: fefefe;
  20018: ffffff;
  20019: ffffff;
  20020: ffffff;
  20021: ffffff;
  20022: fefefe;
  20023: fefefe;
  20024: fefefe;
  20025: fefefe;
  20026: fefefe;
  20027: ffffff;
  20028: ffffff;
  20029: ffffff;
  20030: ffffff;
  20031: ffffff;
  20032: ffffff;
  20033: ffffff;
  20034: ffffff;
  20035: ffffff;
  20036: ffffff;
  20037: fefefe;
  20038: fefefe;
  20039: fefefe;
  20040: fefefe;
  20041: fefefe;
  20042: ffffff;
  20043: ffffff;
  20044: ffffff;
  20045: ffffff;
  20046: fefefe;
  20047: fefefe;
  20048: fdfdfd;
  20049: fcfcfc;
  20050: fcfcfc;
  20051: fcfcfc;
  20052: fdfdfd;
  20053: fefefe;
  20054: fefefe;
  20055: ffffff;
  20056: ffffff;
  20057: ffffff;
  20058: ffffff;
  20059: fefefe;
  20060: fefefe;
  20061: fefefe;
  20062: fefefe;
  20063: fefefe;
  20064: ffffff;
  20065: ffffff;
  20066: ffffff;
  20067: ffffff;
  20068: ffffff;
  20069: ffffff;
  20070: ffffff;
  20071: ffffff;
  20072: ffffff;
  20073: ffffff;
  20074: ffffff;
  20075: ffffff;
  20076: ffffff;
  20077: ffffff;
  20078: ffffff;
  20079: ffffff;
  20080: ffffff;
  20081: ffffff;
  20082: ffffff;
  20083: ffffff;
  20084: ffffff;
  20085: ffffff;
  20086: ffffff;
  20087: ffffff;
  20088: ffffff;
  20089: fefefe;
  20090: fefefe;
  20091: fdfdfd;
  20092: fcfcfc;
  20093: fcfcfc;
  20094: fcfcfc;
  20095: fcfcfc;
  20096: fcfcfc;
  20097: fcfcfc;
  20098: fcfcfc;
  20099: fcfcfc;
  20100: fdfdfd;
  20101: fefefe;
  20102: fefefe;
  20103: ffffff;
  20104: ffffff;
  20105: ffffff;
  20106: ffffff;
  20107: ffffff;
  20108: ffffff;
  20109: ffffff;
  20110: ffffff;
  20111: ffffff;
  20112: ffffff;
  20113: ffffff;
  20114: ffffff;
  20115: ffffff;
  20116: ffffff;
  20117: ffffff;
  20118: ffffff;
  20119: ffffff;
  20120: ffffff;
  20121: ffffff;
  20122: ffffff;
  20123: ffffff;
  20124: ffffff;
  20125: ffffff;
  20126: ffffff;
  20127: ffffff;
  20128: fefefe;
  20129: fefefe;
  20130: fefefe;
  20131: fefefe;
  20132: fefefe;
  20133: ffffff;
  20134: ffffff;
  20135: ffffff;
  20136: ffffff;
  20137: fefefe;
  20138: fefefe;
  20139: fdfdfd;
  20140: fcfcfc;
  20141: fcfcfc;
  20142: fcfcfc;
  20143: fdfdfd;
  20144: fefefe;
  20145: fefefe;
  20146: ffffff;
  20147: ffffff;
  20148: ffffff;
  20149: ffffff;
  20150: fefefe;
  20151: fefefe;
  20152: fefefe;
  20153: fefefe;
  20154: fefefe;
  20155: ffffff;
  20156: ffffff;
  20157: ffffff;
  20158: ffffff;
  20159: ffffff;
  20160: ffffff;
  20161: ffffff;
  20162: ffffff;
  20163: ffffff;
  20164: ffffff;
  20165: fefefe;
  20166: fefefe;
  20167: fefefe;
  20168: fefefe;
  20169: fefefe;
  20170: ffffff;
  20171: ffffff;
  20172: ffffff;
  20173: ffffff;
  20174: fefefe;
  20175: fefefe;
  20176: fdfdfd;
  20177: fcfcfc;
  20178: fcfcfc;
  20179: fcfcfc;
  20180: fdfdfd;
  20181: fefefe;
  20182: fefefe;
  20183: ffffff;
  20184: ffffff;
  20185: ffffff;
  20186: ffffff;
  20187: fefefe;
  20188: fefefe;
  20189: fefefe;
  20190: fefefe;
  20191: fefefe;
  20192: ffffff;
  20193: ffffff;
  20194: ffffff;
  20195: ffffff;
  20196: ffffff;
  20197: ffffff;
  20198: ffffff;
  20199: ffffff;
  20200: ffffff;
  20201: ffffff;
  20202: ffffff;
  20203: ffffff;
  20204: ffffff;
  20205: ffffff;
  20206: ffffff;
  20207: ffffff;
  20208: ffffff;
  20209: ffffff;
  20210: ffffff;
  20211: ffffff;
  20212: ffffff;
  20213: ffffff;
  20214: ffffff;
  20215: ffffff;
  20216: ffffff;
  20217: fefefe;
  20218: fefefe;
  20219: fdfdfd;
  20220: fcfcfc;
  20221: fcfcfc;
  20222: fcfcfc;
  20223: fcfcfc;
  20224: fcfcfc;
  20225: fcfcfc;
  20226: fcfcfc;
  20227: fcfcfc;
  20228: fdfdfd;
  20229: fefefe;
  20230: fefefe;
  20231: ffffff;
  20232: ffffff;
  20233: ffffff;
  20234: ffffff;
  20235: ffffff;
  20236: ffffff;
  20237: ffffff;
  20238: ffffff;
  20239: ffffff;
  20240: ffffff;
  20241: ffffff;
  20242: ffffff;
  20243: ffffff;
  20244: ffffff;
  20245: ffffff;
  20246: ffffff;
  20247: ffffff;
  20248: ffffff;
  20249: ffffff;
  20250: ffffff;
  20251: ffffff;
  20252: ffffff;
  20253: ffffff;
  20254: ffffff;
  20255: ffffff;
  20256: fefefe;
  20257: fefefe;
  20258: fefefe;
  20259: fefefe;
  20260: fefefe;
  20261: ffffff;
  20262: ffffff;
  20263: ffffff;
  20264: ffffff;
  20265: fefefe;
  20266: fefefe;
  20267: fdfdfd;
  20268: fcfcfc;
  20269: fcfcfc;
  20270: fcfcfc;
  20271: fdfdfd;
  20272: fefefe;
  20273: fefefe;
  20274: ffffff;
  20275: ffffff;
  20276: ffffff;
  20277: ffffff;
  20278: fefefe;
  20279: fefefe;
  20280: fefefe;
  20281: fefefe;
  20282: fefefe;
  20283: ffffff;
  20284: ffffff;
  20285: ffffff;
  20286: ffffff;
  20287: ffffff;
  20288: ffffff;
  20289: ffffff;
  20290: ffffff;
  20291: ffffff;
  20292: ffffff;
  20293: fefefe;
  20294: fefefe;
  20295: fefefe;
  20296: fefefe;
  20297: fefefe;
  20298: ffffff;
  20299: ffffff;
  20300: ffffff;
  20301: ffffff;
  20302: fefefe;
  20303: fefefe;
  20304: fdfdfd;
  20305: fcfcfc;
  20306: fcfcfc;
  20307: fcfcfc;
  20308: fdfdfd;
  20309: fefefe;
  20310: fefefe;
  20311: ffffff;
  20312: ffffff;
  20313: ffffff;
  20314: ffffff;
  20315: fefefe;
  20316: fefefe;
  20317: fefefe;
  20318: fefefe;
  20319: fefefe;
  20320: ffffff;
  20321: ffffff;
  20322: ffffff;
  20323: ffffff;
  20324: ffffff;
  20325: ffffff;
  20326: ffffff;
  20327: ffffff;
  20328: ffffff;
  20329: ffffff;
  20330: ffffff;
  20331: ffffff;
  20332: ffffff;
  20333: ffffff;
  20334: ffffff;
  20335: ffffff;
  20336: ffffff;
  20337: ffffff;
  20338: ffffff;
  20339: ffffff;
  20340: ffffff;
  20341: ffffff;
  20342: ffffff;
  20343: ffffff;
  20344: ffffff;
  20345: fefefe;
  20346: fefefe;
  20347: fdfdfd;
  20348: fcfcfc;
  20349: fcfcfc;
  20350: fcfcfc;
  20351: fcfcfc;
  20352: fcfcfc;
  20353: fcfcfc;
  20354: fcfcfc;
  20355: fcfcfc;
  20356: fdfdfd;
  20357: fefefe;
  20358: fefefe;
  20359: ffffff;
  20360: ffffff;
  20361: ffffff;
  20362: ffffff;
  20363: ffffff;
  20364: ffffff;
  20365: ffffff;
  20366: ffffff;
  20367: ffffff;
  20368: ffffff;
  20369: ffffff;
  20370: ffffff;
  20371: ffffff;
  20372: ffffff;
  20373: ffffff;
  20374: ffffff;
  20375: ffffff;
  20376: ffffff;
  20377: ffffff;
  20378: ffffff;
  20379: ffffff;
  20380: ffffff;
  20381: ffffff;
  20382: ffffff;
  20383: ffffff;
  20384: fefefe;
  20385: fefefe;
  20386: fefefe;
  20387: fefefe;
  20388: fefefe;
  20389: ffffff;
  20390: ffffff;
  20391: ffffff;
  20392: ffffff;
  20393: fefefe;
  20394: fefefe;
  20395: fdfdfd;
  20396: fcfcfc;
  20397: fcfcfc;
  20398: fcfcfc;
  20399: fdfdfd;
  20400: fefefe;
  20401: fefefe;
  20402: ffffff;
  20403: ffffff;
  20404: ffffff;
  20405: ffffff;
  20406: fefefe;
  20407: fefefe;
  20408: fefefe;
  20409: fefefe;
  20410: fefefe;
  20411: ffffff;
  20412: ffffff;
  20413: ffffff;
  20414: ffffff;
  20415: ffffff;
  20416: ffffff;
  20417: ffffff;
  20418: ffffff;
  20419: ffffff;
  20420: ffffff;
  20421: fefefe;
  20422: fefefe;
  20423: fefefe;
  20424: fefefe;
  20425: fefefe;
  20426: ffffff;
  20427: ffffff;
  20428: ffffff;
  20429: ffffff;
  20430: fefefe;
  20431: fefefe;
  20432: fdfdfd;
  20433: fcfcfc;
  20434: fcfcfc;
  20435: fcfcfc;
  20436: fdfdfd;
  20437: fefefe;
  20438: fefefe;
  20439: ffffff;
  20440: ffffff;
  20441: ffffff;
  20442: ffffff;
  20443: fefefe;
  20444: fefefe;
  20445: fefefe;
  20446: fefefe;
  20447: fefefe;
  20448: ffffff;
  20449: ffffff;
  20450: ffffff;
  20451: ffffff;
  20452: ffffff;
  20453: ffffff;
  20454: ffffff;
  20455: ffffff;
  20456: ffffff;
  20457: ffffff;
  20458: ffffff;
  20459: ffffff;
  20460: ffffff;
  20461: ffffff;
  20462: ffffff;
  20463: ffffff;
  20464: ffffff;
  20465: ffffff;
  20466: ffffff;
  20467: ffffff;
  20468: ffffff;
  20469: ffffff;
  20470: ffffff;
  20471: ffffff;
  20472: ffffff;
  20473: fefefe;
  20474: fefefe;
  20475: fdfdfd;
  20476: fcfcfc;
  20477: fcfcfc;
  20478: fcfcfc;
  20479: fcfcfc;
END;
