WIDTH=24;
DEPTH=20480;

ADDRESS_RADIX=UNS;
DATA_RADIX=HEX;

CONTENT BEGIN
  0: ffffff;
  1: ffffff;
  2: ffffff;
  3: ffffff;
  4: ffffff;
  5: ffffff;
  6: ffffff;
  7: ffffff;
  8: ffffff;
  9: ffffff;
  10: ffffff;
  11: ffffff;
  12: ffffff;
  13: ffffff;
  14: ffffff;
  15: ffffff;
  16: ffffff;
  17: ffffff;
  18: ffffff;
  19: ffffff;
  20: ffffff;
  21: ffffff;
  22: ffffff;
  23: ffffff;
  24: ffffff;
  25: ffffff;
  26: ffffff;
  27: ffffff;
  28: ffffff;
  29: ffffff;
  30: ffffff;
  31: ffffff;
  32: feffff;
  33: feffff;
  34: feffff;
  35: fcfffb;
  36: f9fffb;
  37: fbfffb;
  38: fffcff;
  39: fffbff;
  40: fffeff;
  41: fffeff;
  42: fffefd;
  43: fffdfd;
  44: fffbff;
  45: fffbff;
  46: fffffd;
  47: fefffb;
  48: fefffb;
  49: f9fefa;
  50: fdfeff;
  51: fefdff;
  52: fffdff;
  53: fffafe;
  54: fffcff;
  55: fffdfe;
  56: fefdff;
  57: fcffff;
  58: fefdff;
  59: fffeff;
  60: fdfeff;
  61: fdfeff;
  62: fffeff;
  63: fcfafd;
  64: ffffff;
  65: ffffff;
  66: ffffff;
  67: ffffff;
  68: ffffff;
  69: ffffff;
  70: ffffff;
  71: ffffff;
  72: ffffff;
  73: ffffff;
  74: ffffff;
  75: ffffff;
  76: ffffff;
  77: ffffff;
  78: ffffff;
  79: ffffff;
  80: ffffff;
  81: ffffff;
  82: ffffff;
  83: ffffff;
  84: ffffff;
  85: ffffff;
  86: ffffff;
  87: ffffff;
  88: ffffff;
  89: ffffff;
  90: ffffff;
  91: ffffff;
  92: ffffff;
  93: ffffff;
  94: ffffff;
  95: ffffff;
  96: ffffff;
  97: ffffff;
  98: ffffff;
  99: ffffff;
  100: ffffff;
  101: ffffff;
  102: ffffff;
  103: ffffff;
  104: ffffff;
  105: ffffff;
  106: ffffff;
  107: ffffff;
  108: ffffff;
  109: ffffff;
  110: ffffff;
  111: ffffff;
  112: ffffff;
  113: ffffff;
  114: ffffff;
  115: ffffff;
  116: ffffff;
  117: ffffff;
  118: ffffff;
  119: ffffff;
  120: ffffff;
  121: ffffff;
  122: ffffff;
  123: ffffff;
  124: ffffff;
  125: ffffff;
  126: ffffff;
  127: ffffff;
  128: ffffff;
  129: ffffff;
  130: ffffff;
  131: ffffff;
  132: ffffff;
  133: ffffff;
  134: ffffff;
  135: ffffff;
  136: ffffff;
  137: ffffff;
  138: ffffff;
  139: ffffff;
  140: ffffff;
  141: ffffff;
  142: ffffff;
  143: ffffff;
  144: ffffff;
  145: ffffff;
  146: ffffff;
  147: ffffff;
  148: ffffff;
  149: ffffff;
  150: ffffff;
  151: ffffff;
  152: ffffff;
  153: ffffff;
  154: ffffff;
  155: ffffff;
  156: ffffff;
  157: ffffff;
  158: ffffff;
  159: ffffff;
  160: ffffff;
  161: ffffff;
  162: feffff;
  163: fcfffd;
  164: fbfffb;
  165: fcfffd;
  166: fffeff;
  167: fffdff;
  168: fffeff;
  169: fffeff;
  170: fffefd;
  171: fffefd;
  172: fffdff;
  173: fffdff;
  174: ffffff;
  175: fefffd;
  176: fcfef9;
  177: fefffd;
  178: feffff;
  179: feffff;
  180: fffeff;
  181: fffafe;
  182: fffdfd;
  183: fffbfa;
  184: fffffd;
  185: feffff;
  186: fffeff;
  187: fffeff;
  188: fffeff;
  189: fffeff;
  190: fcfafd;
  191: fffeff;
  192: ffffff;
  193: ffffff;
  194: ffffff;
  195: ffffff;
  196: ffffff;
  197: ffffff;
  198: ffffff;
  199: ffffff;
  200: ffffff;
  201: ffffff;
  202: ffffff;
  203: ffffff;
  204: ffffff;
  205: ffffff;
  206: ffffff;
  207: ffffff;
  208: ffffff;
  209: ffffff;
  210: ffffff;
  211: ffffff;
  212: ffffff;
  213: ffffff;
  214: ffffff;
  215: ffffff;
  216: ffffff;
  217: ffffff;
  218: ffffff;
  219: ffffff;
  220: ffffff;
  221: ffffff;
  222: ffffff;
  223: ffffff;
  224: ffffff;
  225: ffffff;
  226: ffffff;
  227: ffffff;
  228: ffffff;
  229: ffffff;
  230: ffffff;
  231: ffffff;
  232: ffffff;
  233: ffffff;
  234: ffffff;
  235: ffffff;
  236: ffffff;
  237: ffffff;
  238: ffffff;
  239: ffffff;
  240: ffffff;
  241: ffffff;
  242: ffffff;
  243: ffffff;
  244: ffffff;
  245: ffffff;
  246: ffffff;
  247: ffffff;
  248: ffffff;
  249: ffffff;
  250: ffffff;
  251: ffffff;
  252: ffffff;
  253: ffffff;
  254: ffffff;
  255: ffffff;
  256: ffffff;
  257: ffffff;
  258: ffffff;
  259: ffffff;
  260: ffffff;
  261: ffffff;
  262: ffffff;
  263: ffffff;
  264: ffffff;
  265: ffffff;
  266: ffffff;
  267: ffffff;
  268: ffffff;
  269: ffffff;
  270: ffffff;
  271: ffffff;
  272: ffffff;
  273: ffffff;
  274: ffffff;
  275: ffffff;
  276: ffffff;
  277: ffffff;
  278: ffffff;
  279: ffffff;
  280: ffffff;
  281: ffffff;
  282: ffffff;
  283: ffffff;
  284: ffffff;
  285: ffffff;
  286: ffffff;
  287: ffffff;
  288: fffdff;
  289: fffeff;
  290: feffff;
  291: fcffff;
  292: fcfffd;
  293: fcfffd;
  294: feffff;
  295: ffffff;
  296: fffeff;
  297: fffeff;
  298: ffffff;
  299: fffffd;
  300: fffffb;
  301: fefffd;
  302: fcffff;
  303: feffff;
  304: fffffb;
  305: fffffb;
  306: feffff;
  307: f9fdff;
  308: fffeff;
  309: fefcff;
  310: fffefa;
  311: fffff6;
  312: fbfdf2;
  313: fffff8;
  314: fffffd;
  315: ffffff;
  316: fdfaff;
  317: fffeff;
  318: fffefc;
  319: fffffb;
  320: fffffd;
  321: ffffff;
  322: ffffff;
  323: ffffff;
  324: ffffff;
  325: ffffff;
  326: ffffff;
  327: ffffff;
  328: ffffff;
  329: ffffff;
  330: ffffff;
  331: ffffff;
  332: ffffff;
  333: ffffff;
  334: ffffff;
  335: ffffff;
  336: ffffff;
  337: ffffff;
  338: ffffff;
  339: ffffff;
  340: ffffff;
  341: ffffff;
  342: ffffff;
  343: ffffff;
  344: ffffff;
  345: ffffff;
  346: ffffff;
  347: ffffff;
  348: ffffff;
  349: ffffff;
  350: ffffff;
  351: ffffff;
  352: ffffff;
  353: ffffff;
  354: ffffff;
  355: ffffff;
  356: ffffff;
  357: ffffff;
  358: ffffff;
  359: ffffff;
  360: ffffff;
  361: ffffff;
  362: ffffff;
  363: ffffff;
  364: ffffff;
  365: ffffff;
  366: ffffff;
  367: ffffff;
  368: ffffff;
  369: ffffff;
  370: ffffff;
  371: ffffff;
  372: ffffff;
  373: ffffff;
  374: ffffff;
  375: ffffff;
  376: ffffff;
  377: ffffff;
  378: ffffff;
  379: ffffff;
  380: ffffff;
  381: ffffff;
  382: ffffff;
  383: ffffff;
  384: ffffff;
  385: ffffff;
  386: ffffff;
  387: ffffff;
  388: ffffff;
  389: ffffff;
  390: ffffff;
  391: ffffff;
  392: ffffff;
  393: ffffff;
  394: ffffff;
  395: ffffff;
  396: ffffff;
  397: ffffff;
  398: ffffff;
  399: ffffff;
  400: ffffff;
  401: ffffff;
  402: ffffff;
  403: ffffff;
  404: ffffff;
  405: ffffff;
  406: ffffff;
  407: ffffff;
  408: ffffff;
  409: ffffff;
  410: ffffff;
  411: ffffff;
  412: ffffff;
  413: ffffff;
  414: ffffff;
  415: ffffff;
  416: fffeff;
  417: fffeff;
  418: ffffff;
  419: feffff;
  420: feffff;
  421: feffff;
  422: fcfffd;
  423: fcfffd;
  424: fffffd;
  425: ffffff;
  426: feffff;
  427: fcffff;
  428: fefffb;
  429: fefffb;
  430: fbffff;
  431: fcffff;
  432: fffffb;
  433: fffffb;
  434: fdfdff;
  435: feffff;
  436: fffeff;
  437: fffeff;
  438: fcfef9;
  439: fcfff6;
  440: fffff6;
  441: fffff8;
  442: fbfbf9;
  443: ffffff;
  444: fffdff;
  445: fffeff;
  446: fefffb;
  447: fcfef9;
  448: fffffd;
  449: ffffff;
  450: ffffff;
  451: ffffff;
  452: ffffff;
  453: ffffff;
  454: ffffff;
  455: ffffff;
  456: ffffff;
  457: ffffff;
  458: ffffff;
  459: ffffff;
  460: ffffff;
  461: ffffff;
  462: ffffff;
  463: ffffff;
  464: ffffff;
  465: ffffff;
  466: ffffff;
  467: ffffff;
  468: ffffff;
  469: ffffff;
  470: ffffff;
  471: ffffff;
  472: ffffff;
  473: ffffff;
  474: ffffff;
  475: ffffff;
  476: ffffff;
  477: ffffff;
  478: ffffff;
  479: ffffff;
  480: ffffff;
  481: ffffff;
  482: ffffff;
  483: ffffff;
  484: ffffff;
  485: ffffff;
  486: ffffff;
  487: ffffff;
  488: ffffff;
  489: ffffff;
  490: ffffff;
  491: ffffff;
  492: ffffff;
  493: ffffff;
  494: ffffff;
  495: ffffff;
  496: ffffff;
  497: ffffff;
  498: ffffff;
  499: ffffff;
  500: ffffff;
  501: ffffff;
  502: ffffff;
  503: ffffff;
  504: ffffff;
  505: ffffff;
  506: ffffff;
  507: ffffff;
  508: ffffff;
  509: ffffff;
  510: ffffff;
  511: ffffff;
  512: ffffff;
  513: ffffff;
  514: ffffff;
  515: ffffff;
  516: ffffff;
  517: ffffff;
  518: ffffff;
  519: ffffff;
  520: ffffff;
  521: ffffff;
  522: ffffff;
  523: ffffff;
  524: ffffff;
  525: ffffff;
  526: ffffff;
  527: ffffff;
  528: ffffff;
  529: ffffff;
  530: ffffff;
  531: ffffff;
  532: ffffff;
  533: ffffff;
  534: ffffff;
  535: ffffff;
  536: ffffff;
  537: ffffff;
  538: ffffff;
  539: ffffff;
  540: ffffff;
  541: ffffff;
  542: ffffff;
  543: ffffff;
  544: fffffd;
  545: ffffff;
  546: fffeff;
  547: fffdff;
  548: fffeff;
  549: fffeff;
  550: fffffd;
  551: fefffa;
  552: fbfffa;
  553: fbfffb;
  554: fbffff;
  555: fcffff;
  556: fffeff;
  557: ffffff;
  558: fbffff;
  559: fbffff;
  560: fffffb;
  561: fcfbf9;
  562: fffcff;
  563: fcf9ff;
  564: fffdff;
  565: feffff;
  566: f9ffff;
  567: f8fffe;
  568: f8fdf9;
  569: fefefc;
  570: ffffff;
  571: fdfdfd;
  572: fffefb;
  573: fffffb;
  574: fbfffb;
  575: fbfffd;
  576: feffff;
  577: ffffff;
  578: ffffff;
  579: ffffff;
  580: ffffff;
  581: ffffff;
  582: ffffff;
  583: ffffff;
  584: ffffff;
  585: ffffff;
  586: ffffff;
  587: ffffff;
  588: ffffff;
  589: ffffff;
  590: ffffff;
  591: ffffff;
  592: ffffff;
  593: ffffff;
  594: ffffff;
  595: ffffff;
  596: ffffff;
  597: ffffff;
  598: ffffff;
  599: ffffff;
  600: ffffff;
  601: ffffff;
  602: ffffff;
  603: ffffff;
  604: ffffff;
  605: ffffff;
  606: ffffff;
  607: ffffff;
  608: ffffff;
  609: ffffff;
  610: ffffff;
  611: ffffff;
  612: ffffff;
  613: ffffff;
  614: ffffff;
  615: ffffff;
  616: ffffff;
  617: ffffff;
  618: ffffff;
  619: ffffff;
  620: ffffff;
  621: ffffff;
  622: ffffff;
  623: ffffff;
  624: ffffff;
  625: ffffff;
  626: ffffff;
  627: ffffff;
  628: ffffff;
  629: ffffff;
  630: ffffff;
  631: ffffff;
  632: ffffff;
  633: ffffff;
  634: ffffff;
  635: ffffff;
  636: ffffff;
  637: ffffff;
  638: ffffff;
  639: ffffff;
  640: ffffff;
  641: ffffff;
  642: ffffff;
  643: ffffff;
  644: ffffff;
  645: ffffff;
  646: ffffff;
  647: ffffff;
  648: ffffff;
  649: ffffff;
  650: ffffff;
  651: ffffff;
  652: ffffff;
  653: ffffff;
  654: ffffff;
  655: ffffff;
  656: ffffff;
  657: ffffff;
  658: ffffff;
  659: ffffff;
  660: ffffff;
  661: ffffff;
  662: ffffff;
  663: ffffff;
  664: ffffff;
  665: ffffff;
  666: ffffff;
  667: ffffff;
  668: ffffff;
  669: ffffff;
  670: ffffff;
  671: fffffd;
  672: fffffd;
  673: fffffd;
  674: fffeff;
  675: fffdff;
  676: fffdff;
  677: fffdff;
  678: fffffd;
  679: fefffa;
  680: fcfffa;
  681: fbfffb;
  682: fbffff;
  683: fcffff;
  684: ffffff;
  685: ffffff;
  686: fcffff;
  687: fcffff;
  688: fdfdfb;
  689: fffcfb;
  690: fff3f8;
  691: fff4f8;
  692: fff3ef;
  693: fff4eb;
  694: fff4eb;
  695: fff8f1;
  696: fffcf6;
  697: fffaf8;
  698: fffeff;
  699: fffeff;
  700: fcfbf7;
  701: fffffa;
  702: fbfffb;
  703: fafffc;
  704: feffff;
  705: ffffff;
  706: ffffff;
  707: ffffff;
  708: ffffff;
  709: ffffff;
  710: ffffff;
  711: ffffff;
  712: ffffff;
  713: ffffff;
  714: ffffff;
  715: ffffff;
  716: ffffff;
  717: ffffff;
  718: ffffff;
  719: ffffff;
  720: ffffff;
  721: ffffff;
  722: ffffff;
  723: ffffff;
  724: ffffff;
  725: ffffff;
  726: ffffff;
  727: ffffff;
  728: ffffff;
  729: ffffff;
  730: ffffff;
  731: ffffff;
  732: ffffff;
  733: ffffff;
  734: ffffff;
  735: ffffff;
  736: ffffff;
  737: ffffff;
  738: ffffff;
  739: ffffff;
  740: ffffff;
  741: ffffff;
  742: ffffff;
  743: ffffff;
  744: ffffff;
  745: ffffff;
  746: ffffff;
  747: ffffff;
  748: ffffff;
  749: ffffff;
  750: ffffff;
  751: ffffff;
  752: ffffff;
  753: ffffff;
  754: ffffff;
  755: ffffff;
  756: ffffff;
  757: ffffff;
  758: ffffff;
  759: ffffff;
  760: ffffff;
  761: ffffff;
  762: ffffff;
  763: ffffff;
  764: ffffff;
  765: ffffff;
  766: ffffff;
  767: ffffff;
  768: ffffff;
  769: ffffff;
  770: ffffff;
  771: ffffff;
  772: ffffff;
  773: ffffff;
  774: ffffff;
  775: ffffff;
  776: ffffff;
  777: ffffff;
  778: ffffff;
  779: ffffff;
  780: ffffff;
  781: ffffff;
  782: ffffff;
  783: ffffff;
  784: ffffff;
  785: ffffff;
  786: ffffff;
  787: ffffff;
  788: ffffff;
  789: ffffff;
  790: ffffff;
  791: ffffff;
  792: ffffff;
  793: ffffff;
  794: ffffff;
  795: ffffff;
  796: ffffff;
  797: ffffff;
  798: ffffff;
  799: fffffd;
  800: fffffd;
  801: fffffd;
  802: ffffff;
  803: fffeff;
  804: fffdff;
  805: fffdff;
  806: fffffd;
  807: fefffa;
  808: fffffa;
  809: fffffd;
  810: fffeff;
  811: ffffff;
  812: fcffff;
  813: feffff;
  814: fffeff;
  815: fffdff;
  816: fffdfc;
  817: fff8f3;
  818: ffebe1;
  819: ce6f5d;
  820: c9573c;
  821: ce5634;
  822: cc5736;
  823: bc5e44;
  824: ffdbcd;
  825: fff8f3;
  826: fff7f5;
  827: fffeff;
  828: fefeff;
  829: ffffff;
  830: fffffb;
  831: fffffb;
  832: fffffd;
  833: ffffff;
  834: ffffff;
  835: ffffff;
  836: ffffff;
  837: ffffff;
  838: ffffff;
  839: ffffff;
  840: ffffff;
  841: ffffff;
  842: ffffff;
  843: ffffff;
  844: ffffff;
  845: ffffff;
  846: ffffff;
  847: ffffff;
  848: ffffff;
  849: ffffff;
  850: ffffff;
  851: ffffff;
  852: ffffff;
  853: ffffff;
  854: ffffff;
  855: ffffff;
  856: ffffff;
  857: ffffff;
  858: ffffff;
  859: ffffff;
  860: ffffff;
  861: ffffff;
  862: ffffff;
  863: ffffff;
  864: ffffff;
  865: ffffff;
  866: ffffff;
  867: ffffff;
  868: ffffff;
  869: ffffff;
  870: ffffff;
  871: ffffff;
  872: ffffff;
  873: ffffff;
  874: ffffff;
  875: ffffff;
  876: ffffff;
  877: ffffff;
  878: ffffff;
  879: ffffff;
  880: ffffff;
  881: ffffff;
  882: ffffff;
  883: ffffff;
  884: ffffff;
  885: ffffff;
  886: ffffff;
  887: ffffff;
  888: ffffff;
  889: ffffff;
  890: ffffff;
  891: ffffff;
  892: ffffff;
  893: ffffff;
  894: ffffff;
  895: ffffff;
  896: ffffff;
  897: ffffff;
  898: ffffff;
  899: ffffff;
  900: ffffff;
  901: ffffff;
  902: ffffff;
  903: ffffff;
  904: ffffff;
  905: ffffff;
  906: ffffff;
  907: ffffff;
  908: ffffff;
  909: ffffff;
  910: ffffff;
  911: ffffff;
  912: ffffff;
  913: ffffff;
  914: ffffff;
  915: ffffff;
  916: ffffff;
  917: ffffff;
  918: ffffff;
  919: ffffff;
  920: ffffff;
  921: ffffff;
  922: ffffff;
  923: ffffff;
  924: ffffff;
  925: ffffff;
  926: ffffff;
  927: ffffff;
  928: fffffd;
  929: fffffd;
  930: feffff;
  931: feffff;
  932: fffeff;
  933: fffeff;
  934: fefffd;
  935: fefffb;
  936: fffdfd;
  937: fffcff;
  938: fffdff;
  939: ffffff;
  940: fefffd;
  941: fefffd;
  942: fffdff;
  943: fff9ff;
  944: fff6f3;
  945: ffd7cc;
  946: d06c55;
  947: d95638;
  948: ef552f;
  949: f24e28;
  950: f04d2a;
  951: e05538;
  952: b75645;
  953: ffefe4;
  954: fff7f3;
  955: fffbfa;
  956: fffeff;
  957: fffeff;
  958: fffffd;
  959: fffffb;
  960: fffffd;
  961: ffffff;
  962: ffffff;
  963: ffffff;
  964: ffffff;
  965: ffffff;
  966: ffffff;
  967: ffffff;
  968: ffffff;
  969: ffffff;
  970: ffffff;
  971: ffffff;
  972: ffffff;
  973: ffffff;
  974: ffffff;
  975: ffffff;
  976: ffffff;
  977: ffffff;
  978: ffffff;
  979: ffffff;
  980: ffffff;
  981: ffffff;
  982: ffffff;
  983: ffffff;
  984: ffffff;
  985: ffffff;
  986: ffffff;
  987: ffffff;
  988: ffffff;
  989: ffffff;
  990: ffffff;
  991: ffffff;
  992: ffffff;
  993: ffffff;
  994: ffffff;
  995: ffffff;
  996: ffffff;
  997: ffffff;
  998: ffffff;
  999: ffffff;
  1000: ffffff;
  1001: ffffff;
  1002: ffffff;
  1003: ffffff;
  1004: ffffff;
  1005: ffffff;
  1006: ffffff;
  1007: ffffff;
  1008: ffffff;
  1009: ffffff;
  1010: ffffff;
  1011: ffffff;
  1012: ffffff;
  1013: ffffff;
  1014: ffffff;
  1015: ffffff;
  1016: ffffff;
  1017: ffffff;
  1018: ffffff;
  1019: ffffff;
  1020: ffffff;
  1021: ffffff;
  1022: ffffff;
  1023: ffffff;
  1024: ffffff;
  1025: ffffff;
  1026: ffffff;
  1027: ffffff;
  1028: ffffff;
  1029: ffffff;
  1030: ffffff;
  1031: ffffff;
  1032: ffffff;
  1033: ffffff;
  1034: ffffff;
  1035: ffffff;
  1036: ffffff;
  1037: ffffff;
  1038: ffffff;
  1039: ffffff;
  1040: ffffff;
  1041: ffffff;
  1042: ffffff;
  1043: ffffff;
  1044: ffffff;
  1045: ffffff;
  1046: ffffff;
  1047: ffffff;
  1048: ffffff;
  1049: ffffff;
  1050: ffffff;
  1051: ffffff;
  1052: ffffff;
  1053: ffffff;
  1054: ffffff;
  1055: ffffff;
  1056: fffffd;
  1057: fffffd;
  1058: fefffd;
  1059: fcffff;
  1060: ffffff;
  1061: feffff;
  1062: fbfffd;
  1063: fcfffd;
  1064: fffbff;
  1065: fffbff;
  1066: fffcff;
  1067: fefefe;
  1068: fffef9;
  1069: fffffa;
  1070: fffdff;
  1071: fff5f8;
  1072: ffe8dd;
  1073: bf4a36;
  1074: db5637;
  1075: e75432;
  1076: ed502d;
  1077: f45132;
  1078: f54c39;
  1079: f24f40;
  1080: e65244;
  1081: e07064;
  1082: ffefe6;
  1083: fff9f6;
  1084: fffaff;
  1085: fffdff;
  1086: fffdff;
  1087: fffffd;
  1088: ffffff;
  1089: ffffff;
  1090: ffffff;
  1091: ffffff;
  1092: ffffff;
  1093: ffffff;
  1094: ffffff;
  1095: ffffff;
  1096: ffffff;
  1097: ffffff;
  1098: ffffff;
  1099: ffffff;
  1100: ffffff;
  1101: ffffff;
  1102: ffffff;
  1103: ffffff;
  1104: ffffff;
  1105: ffffff;
  1106: ffffff;
  1107: ffffff;
  1108: ffffff;
  1109: ffffff;
  1110: ffffff;
  1111: ffffff;
  1112: ffffff;
  1113: ffffff;
  1114: ffffff;
  1115: ffffff;
  1116: ffffff;
  1117: ffffff;
  1118: ffffff;
  1119: ffffff;
  1120: ffffff;
  1121: ffffff;
  1122: ffffff;
  1123: ffffff;
  1124: ffffff;
  1125: ffffff;
  1126: ffffff;
  1127: ffffff;
  1128: ffffff;
  1129: ffffff;
  1130: ffffff;
  1131: ffffff;
  1132: ffffff;
  1133: ffffff;
  1134: ffffff;
  1135: ffffff;
  1136: ffffff;
  1137: ffffff;
  1138: ffffff;
  1139: ffffff;
  1140: ffffff;
  1141: ffffff;
  1142: ffffff;
  1143: ffffff;
  1144: ffffff;
  1145: ffffff;
  1146: ffffff;
  1147: ffffff;
  1148: ffffff;
  1149: ffffff;
  1150: ffffff;
  1151: ffffff;
  1152: ffffff;
  1153: ffffff;
  1154: ffffff;
  1155: ffffff;
  1156: ffffff;
  1157: ffffff;
  1158: ffffff;
  1159: ffffff;
  1160: ffffff;
  1161: ffffff;
  1162: ffffff;
  1163: ffffff;
  1164: ffffff;
  1165: ffffff;
  1166: ffffff;
  1167: ffffff;
  1168: ffffff;
  1169: ffffff;
  1170: ffffff;
  1171: ffffff;
  1172: ffffff;
  1173: ffffff;
  1174: ffffff;
  1175: ffffff;
  1176: ffffff;
  1177: ffffff;
  1178: ffffff;
  1179: ffffff;
  1180: ffffff;
  1181: ffffff;
  1182: ffffff;
  1183: ffffff;
  1184: fffffd;
  1185: fffffb;
  1186: fefffd;
  1187: fcfffd;
  1188: feffff;
  1189: feffff;
  1190: fcffff;
  1191: fcffff;
  1192: fffeff;
  1193: fbf9fe;
  1194: fffeff;
  1195: ffffff;
  1196: fffffa;
  1197: fffcf6;
  1198: fffaf7;
  1199: ffeee7;
  1200: c75442;
  1201: e75339;
  1202: ea5431;
  1203: ee5430;
  1204: f65636;
  1205: f24e35;
  1206: f85242;
  1207: f44c3f;
  1208: f74e3b;
  1209: e1533f;
  1210: ba5e4f;
  1211: ffede7;
  1212: fff8fa;
  1213: fffaff;
  1214: fffeff;
  1215: fefcfd;
  1216: ffffff;
  1217: ffffff;
  1218: ffffff;
  1219: ffffff;
  1220: ffffff;
  1221: ffffff;
  1222: ffffff;
  1223: ffffff;
  1224: ffffff;
  1225: ffffff;
  1226: ffffff;
  1227: ffffff;
  1228: ffffff;
  1229: ffffff;
  1230: ffffff;
  1231: ffffff;
  1232: ffffff;
  1233: ffffff;
  1234: ffffff;
  1235: ffffff;
  1236: ffffff;
  1237: ffffff;
  1238: ffffff;
  1239: ffffff;
  1240: ffffff;
  1241: ffffff;
  1242: ffffff;
  1243: ffffff;
  1244: ffffff;
  1245: ffffff;
  1246: ffffff;
  1247: ffffff;
  1248: ffffff;
  1249: ffffff;
  1250: ffffff;
  1251: ffffff;
  1252: ffffff;
  1253: ffffff;
  1254: ffffff;
  1255: ffffff;
  1256: ffffff;
  1257: ffffff;
  1258: ffffff;
  1259: ffffff;
  1260: ffffff;
  1261: ffffff;
  1262: ffffff;
  1263: ffffff;
  1264: ffffff;
  1265: ffffff;
  1266: ffffff;
  1267: ffffff;
  1268: ffffff;
  1269: ffffff;
  1270: ffffff;
  1271: ffffff;
  1272: ffffff;
  1273: ffffff;
  1274: ffffff;
  1275: ffffff;
  1276: ffffff;
  1277: ffffff;
  1278: ffffff;
  1279: ffffff;
  1280: ffffff;
  1281: ffffff;
  1282: ffffff;
  1283: ffffff;
  1284: ffffff;
  1285: ffffff;
  1286: ffffff;
  1287: ffffff;
  1288: ffffff;
  1289: ffffff;
  1290: ffffff;
  1291: ffffff;
  1292: ffffff;
  1293: ffffff;
  1294: ffffff;
  1295: ffffff;
  1296: ffffff;
  1297: ffffff;
  1298: ffffff;
  1299: ffffff;
  1300: ffffff;
  1301: ffffff;
  1302: ffffff;
  1303: ffffff;
  1304: ffffff;
  1305: ffffff;
  1306: ffffff;
  1307: ffffff;
  1308: ffffff;
  1309: ffffff;
  1310: ffffff;
  1311: fffffd;
  1312: fefffb;
  1313: fefffb;
  1314: feffff;
  1315: feffff;
  1316: feffff;
  1317: ffffff;
  1318: fffeff;
  1319: ffffff;
  1320: fbffff;
  1321: f6fffa;
  1322: fbffff;
  1323: fcffff;
  1324: f8fcfd;
  1325: fffcfa;
  1326: fff6ea;
  1327: ffc6b3;
  1328: da5944;
  1329: ec5037;
  1330: ed5331;
  1331: ef5231;
  1332: ef4a34;
  1333: f3503d;
  1334: e84e36;
  1335: e94f35;
  1336: ee4d30;
  1337: ee5337;
  1338: df573f;
  1339: da7666;
  1340: fff3ea;
  1341: fffcf8;
  1342: fcf8f7;
  1343: ffffff;
  1344: ffffff;
  1345: ffffff;
  1346: ffffff;
  1347: ffffff;
  1348: ffffff;
  1349: ffffff;
  1350: ffffff;
  1351: ffffff;
  1352: ffffff;
  1353: ffffff;
  1354: ffffff;
  1355: ffffff;
  1356: ffffff;
  1357: ffffff;
  1358: ffffff;
  1359: ffffff;
  1360: ffffff;
  1361: ffffff;
  1362: ffffff;
  1363: ffffff;
  1364: ffffff;
  1365: ffffff;
  1366: ffffff;
  1367: ffffff;
  1368: ffffff;
  1369: ffffff;
  1370: ffffff;
  1371: ffffff;
  1372: ffffff;
  1373: ffffff;
  1374: ffffff;
  1375: ffffff;
  1376: ffffff;
  1377: ffffff;
  1378: ffffff;
  1379: ffffff;
  1380: ffffff;
  1381: ffffff;
  1382: ffffff;
  1383: ffffff;
  1384: ffffff;
  1385: ffffff;
  1386: ffffff;
  1387: ffffff;
  1388: ffffff;
  1389: ffffff;
  1390: ffffff;
  1391: ffffff;
  1392: ffffff;
  1393: ffffff;
  1394: ffffff;
  1395: ffffff;
  1396: ffffff;
  1397: ffffff;
  1398: ffffff;
  1399: ffffff;
  1400: ffffff;
  1401: ffffff;
  1402: ffffff;
  1403: ffffff;
  1404: ffffff;
  1405: ffffff;
  1406: ffffff;
  1407: ffffff;
  1408: ffffff;
  1409: ffffff;
  1410: ffffff;
  1411: ffffff;
  1412: ffffff;
  1413: ffffff;
  1414: ffffff;
  1415: ffffff;
  1416: ffffff;
  1417: ffffff;
  1418: ffffff;
  1419: ffffff;
  1420: ffffff;
  1421: ffffff;
  1422: ffffff;
  1423: ffffff;
  1424: ffffff;
  1425: ffffff;
  1426: ffffff;
  1427: ffffff;
  1428: ffffff;
  1429: ffffff;
  1430: ffffff;
  1431: ffffff;
  1432: ffffff;
  1433: ffffff;
  1434: ffffff;
  1435: ffffff;
  1436: ffffff;
  1437: ffffff;
  1438: ffffff;
  1439: fffffd;
  1440: fefffa;
  1441: fefffb;
  1442: feffff;
  1443: feffff;
  1444: feffff;
  1445: ffffff;
  1446: fffdff;
  1447: fffeff;
  1448: f9fffb;
  1449: f7fffa;
  1450: fbfffb;
  1451: f8faf7;
  1452: feffff;
  1453: fff8f5;
  1454: ffc9b4;
  1455: c45f43;
  1456: e1553c;
  1457: ee4e34;
  1458: f15435;
  1459: ef5233;
  1460: f25039;
  1461: f05038;
  1462: ea5336;
  1463: ef5a39;
  1464: ef522f;
  1465: f65835;
  1466: ec4d30;
  1467: d6543e;
  1468: d18877;
  1469: fff4e9;
  1470: fffcfa;
  1471: fcfcfc;
  1472: ffffff;
  1473: ffffff;
  1474: ffffff;
  1475: ffffff;
  1476: ffffff;
  1477: ffffff;
  1478: ffffff;
  1479: ffffff;
  1480: ffffff;
  1481: ffffff;
  1482: ffffff;
  1483: ffffff;
  1484: ffffff;
  1485: ffffff;
  1486: ffffff;
  1487: ffffff;
  1488: ffffff;
  1489: ffffff;
  1490: ffffff;
  1491: ffffff;
  1492: ffffff;
  1493: ffffff;
  1494: ffffff;
  1495: ffffff;
  1496: ffffff;
  1497: ffffff;
  1498: ffffff;
  1499: ffffff;
  1500: ffffff;
  1501: ffffff;
  1502: ffffff;
  1503: ffffff;
  1504: ffffff;
  1505: ffffff;
  1506: ffffff;
  1507: ffffff;
  1508: ffffff;
  1509: ffffff;
  1510: ffffff;
  1511: ffffff;
  1512: ffffff;
  1513: ffffff;
  1514: ffffff;
  1515: ffffff;
  1516: ffffff;
  1517: ffffff;
  1518: ffffff;
  1519: ffffff;
  1520: ffffff;
  1521: ffffff;
  1522: ffffff;
  1523: ffffff;
  1524: ffffff;
  1525: ffffff;
  1526: ffffff;
  1527: ffffff;
  1528: ffffff;
  1529: ffffff;
  1530: ffffff;
  1531: ffffff;
  1532: ffffff;
  1533: ffffff;
  1534: ffffff;
  1535: ffffff;
  1536: ffffff;
  1537: ffffff;
  1538: ffffff;
  1539: ffffff;
  1540: ffffff;
  1541: ffffff;
  1542: ffffff;
  1543: ffffff;
  1544: ffffff;
  1545: ffffff;
  1546: ffffff;
  1547: ffffff;
  1548: ffffff;
  1549: ffffff;
  1550: ffffff;
  1551: ffffff;
  1552: ffffff;
  1553: ffffff;
  1554: ffffff;
  1555: ffffff;
  1556: ffffff;
  1557: ffffff;
  1558: ffffff;
  1559: ffffff;
  1560: ffffff;
  1561: ffffff;
  1562: ffffff;
  1563: ffffff;
  1564: ffffff;
  1565: ffffff;
  1566: ffffff;
  1567: fffffd;
  1568: fffffa;
  1569: fefffb;
  1570: feffff;
  1571: feffff;
  1572: feffff;
  1573: fffeff;
  1574: fffdff;
  1575: fffeff;
  1576: f9fff6;
  1577: f8fff3;
  1578: fdfef8;
  1579: fffefb;
  1580: fffcfd;
  1581: fff3ed;
  1582: b85239;
  1583: e55a39;
  1584: eb5137;
  1585: f6563c;
  1586: ed4f32;
  1587: e84b2c;
  1588: ef5533;
  1589: eb512d;
  1590: ef5634;
  1591: e74e2c;
  1592: ec542f;
  1593: e74d29;
  1594: f65538;
  1595: ea583f;
  1596: c2533f;
  1597: ffecdd;
  1598: fff8f3;
  1599: fffeff;
  1600: ffffff;
  1601: ffffff;
  1602: ffffff;
  1603: ffffff;
  1604: ffffff;
  1605: ffffff;
  1606: ffffff;
  1607: ffffff;
  1608: ffffff;
  1609: ffffff;
  1610: ffffff;
  1611: ffffff;
  1612: ffffff;
  1613: ffffff;
  1614: ffffff;
  1615: ffffff;
  1616: ffffff;
  1617: ffffff;
  1618: ffffff;
  1619: ffffff;
  1620: ffffff;
  1621: ffffff;
  1622: ffffff;
  1623: ffffff;
  1624: ffffff;
  1625: ffffff;
  1626: ffffff;
  1627: ffffff;
  1628: ffffff;
  1629: ffffff;
  1630: ffffff;
  1631: ffffff;
  1632: ffffff;
  1633: ffffff;
  1634: ffffff;
  1635: ffffff;
  1636: ffffff;
  1637: ffffff;
  1638: ffffff;
  1639: ffffff;
  1640: ffffff;
  1641: ffffff;
  1642: ffffff;
  1643: ffffff;
  1644: ffffff;
  1645: ffffff;
  1646: ffffff;
  1647: ffffff;
  1648: ffffff;
  1649: ffffff;
  1650: ffffff;
  1651: ffffff;
  1652: ffffff;
  1653: ffffff;
  1654: ffffff;
  1655: ffffff;
  1656: ffffff;
  1657: ffffff;
  1658: ffffff;
  1659: ffffff;
  1660: ffffff;
  1661: ffffff;
  1662: ffffff;
  1663: ffffff;
  1664: ffffff;
  1665: ffffff;
  1666: ffffff;
  1667: ffffff;
  1668: ffffff;
  1669: ffffff;
  1670: ffffff;
  1671: ffffff;
  1672: ffffff;
  1673: ffffff;
  1674: ffffff;
  1675: ffffff;
  1676: ffffff;
  1677: ffffff;
  1678: ffffff;
  1679: ffffff;
  1680: ffffff;
  1681: ffffff;
  1682: ffffff;
  1683: ffffff;
  1684: ffffff;
  1685: ffffff;
  1686: ffffff;
  1687: ffffff;
  1688: ffffff;
  1689: ffffff;
  1690: ffffff;
  1691: ffffff;
  1692: ffffff;
  1693: ffffff;
  1694: ffffff;
  1695: fffffd;
  1696: fffffb;
  1697: fffffd;
  1698: feffff;
  1699: feffff;
  1700: ffffff;
  1701: fffeff;
  1702: fffdfd;
  1703: fffefb;
  1704: fcfffa;
  1705: fcfffa;
  1706: fffcf9;
  1707: fff7f6;
  1708: ffefeb;
  1709: ffc2b7;
  1710: dd5a3e;
  1711: ec4d2d;
  1712: f15234;
  1713: e94a2d;
  1714: f35339;
  1715: f7583b;
  1716: ec5230;
  1717: ec522e;
  1718: ed502f;
  1719: ec5230;
  1720: ec5331;
  1721: ee5334;
  1722: f24e32;
  1723: eb5034;
  1724: e0583e;
  1725: dd7663;
  1726: ffece2;
  1727: fff9f4;
  1728: fffdfb;
  1729: ffffff;
  1730: ffffff;
  1731: ffffff;
  1732: ffffff;
  1733: ffffff;
  1734: ffffff;
  1735: ffffff;
  1736: ffffff;
  1737: ffffff;
  1738: ffffff;
  1739: ffffff;
  1740: ffffff;
  1741: ffffff;
  1742: ffffff;
  1743: ffffff;
  1744: ffffff;
  1745: ffffff;
  1746: ffffff;
  1747: ffffff;
  1748: ffffff;
  1749: ffffff;
  1750: ffffff;
  1751: ffffff;
  1752: ffffff;
  1753: ffffff;
  1754: ffffff;
  1755: ffffff;
  1756: ffffff;
  1757: ffffff;
  1758: ffffff;
  1759: ffffff;
  1760: ffffff;
  1761: ffffff;
  1762: ffffff;
  1763: ffffff;
  1764: ffffff;
  1765: ffffff;
  1766: ffffff;
  1767: ffffff;
  1768: ffffff;
  1769: ffffff;
  1770: ffffff;
  1771: ffffff;
  1772: ffffff;
  1773: ffffff;
  1774: ffffff;
  1775: ffffff;
  1776: ffffff;
  1777: ffffff;
  1778: ffffff;
  1779: ffffff;
  1780: ffffff;
  1781: ffffff;
  1782: ffffff;
  1783: ffffff;
  1784: ffffff;
  1785: ffffff;
  1786: ffffff;
  1787: ffffff;
  1788: ffffff;
  1789: ffffff;
  1790: ffffff;
  1791: ffffff;
  1792: ffffff;
  1793: ffffff;
  1794: ffffff;
  1795: ffffff;
  1796: ffffff;
  1797: ffffff;
  1798: ffffff;
  1799: ffffff;
  1800: ffffff;
  1801: ffffff;
  1802: ffffff;
  1803: ffffff;
  1804: ffffff;
  1805: ffffff;
  1806: ffffff;
  1807: ffffff;
  1808: ffffff;
  1809: ffffff;
  1810: ffffff;
  1811: ffffff;
  1812: ffffff;
  1813: ffffff;
  1814: ffffff;
  1815: ffffff;
  1816: ffffff;
  1817: ffffff;
  1818: ffffff;
  1819: ffffff;
  1820: ffffff;
  1821: ffffff;
  1822: ffffff;
  1823: ffffff;
  1824: fffeff;
  1825: fffeff;
  1826: ffffff;
  1827: ffffff;
  1828: ffffff;
  1829: fffffd;
  1830: fffff8;
  1831: fffff8;
  1832: fafefd;
  1833: fffeff;
  1834: fffaff;
  1835: fff2f3;
  1836: c15a51;
  1837: dd523f;
  1838: ec553a;
  1839: f15232;
  1840: f15431;
  1841: f25333;
  1842: ee4933;
  1843: f14c38;
  1844: f34e38;
  1845: f14f36;
  1846: f04f33;
  1847: f25336;
  1848: f15137;
  1849: ef4d34;
  1850: f25134;
  1851: f15234;
  1852: eb5437;
  1853: dd5942;
  1854: be5b48;
  1855: ffe7dc;
  1856: fff9f6;
  1857: ffffff;
  1858: ffffff;
  1859: ffffff;
  1860: ffffff;
  1861: ffffff;
  1862: ffffff;
  1863: ffffff;
  1864: ffffff;
  1865: ffffff;
  1866: ffffff;
  1867: ffffff;
  1868: ffffff;
  1869: ffffff;
  1870: ffffff;
  1871: ffffff;
  1872: ffffff;
  1873: ffffff;
  1874: ffffff;
  1875: ffffff;
  1876: ffffff;
  1877: ffffff;
  1878: ffffff;
  1879: ffffff;
  1880: ffffff;
  1881: ffffff;
  1882: ffffff;
  1883: ffffff;
  1884: ffffff;
  1885: ffffff;
  1886: ffffff;
  1887: ffffff;
  1888: ffffff;
  1889: ffffff;
  1890: ffffff;
  1891: ffffff;
  1892: ffffff;
  1893: ffffff;
  1894: ffffff;
  1895: ffffff;
  1896: ffffff;
  1897: ffffff;
  1898: ffffff;
  1899: ffffff;
  1900: ffffff;
  1901: ffffff;
  1902: ffffff;
  1903: ffffff;
  1904: ffffff;
  1905: ffffff;
  1906: ffffff;
  1907: ffffff;
  1908: ffffff;
  1909: ffffff;
  1910: ffffff;
  1911: ffffff;
  1912: ffffff;
  1913: ffffff;
  1914: ffffff;
  1915: ffffff;
  1916: ffffff;
  1917: ffffff;
  1918: ffffff;
  1919: ffffff;
  1920: ffffff;
  1921: ffffff;
  1922: ffffff;
  1923: ffffff;
  1924: ffffff;
  1925: ffffff;
  1926: ffffff;
  1927: ffffff;
  1928: ffffff;
  1929: ffffff;
  1930: ffffff;
  1931: ffffff;
  1932: ffffff;
  1933: ffffff;
  1934: ffffff;
  1935: ffffff;
  1936: feffff;
  1937: feffff;
  1938: ffffff;
  1939: ffffff;
  1940: ffffff;
  1941: ffffff;
  1942: ffffff;
  1943: ffffff;
  1944: ffffff;
  1945: ffffff;
  1946: fffeff;
  1947: fffeff;
  1948: fffeff;
  1949: ffffff;
  1950: feffff;
  1951: ffffff;
  1952: fffeff;
  1953: fffeff;
  1954: ffffff;
  1955: feffff;
  1956: feffff;
  1957: fefffd;
  1958: fffff8;
  1959: fffffa;
  1960: fcffff;
  1961: fffcff;
  1962: fff5f6;
  1963: ffc0bc;
  1964: de5543;
  1965: f44e36;
  1966: f05134;
  1967: ed5031;
  1968: f0542e;
  1969: ed502d;
  1970: f45239;
  1971: f14c38;
  1972: f34e3a;
  1973: f5503c;
  1974: f34f36;
  1975: f24e35;
  1976: f25039;
  1977: ef4d34;
  1978: f04f33;
  1979: f05133;
  1980: ef5033;
  1981: e75138;
  1982: dc5a42;
  1983: dd7e6c;
  1984: fff3ea;
  1985: fffbf8;
  1986: fffefb;
  1987: fffffd;
  1988: feffff;
  1989: ffffff;
  1990: fffeff;
  1991: fffeff;
  1992: ffffff;
  1993: feffff;
  1994: ffffff;
  1995: ffffff;
  1996: ffffff;
  1997: ffffff;
  1998: ffffff;
  1999: feffff;
  2000: ffffff;
  2001: ffffff;
  2002: ffffff;
  2003: ffffff;
  2004: ffffff;
  2005: ffffff;
  2006: ffffff;
  2007: ffffff;
  2008: ffffff;
  2009: ffffff;
  2010: ffffff;
  2011: ffffff;
  2012: ffffff;
  2013: ffffff;
  2014: ffffff;
  2015: ffffff;
  2016: ffffff;
  2017: ffffff;
  2018: ffffff;
  2019: ffffff;
  2020: ffffff;
  2021: ffffff;
  2022: ffffff;
  2023: ffffff;
  2024: ffffff;
  2025: ffffff;
  2026: ffffff;
  2027: ffffff;
  2028: ffffff;
  2029: ffffff;
  2030: ffffff;
  2031: ffffff;
  2032: ffffff;
  2033: ffffff;
  2034: ffffff;
  2035: ffffff;
  2036: ffffff;
  2037: ffffff;
  2038: ffffff;
  2039: ffffff;
  2040: ffffff;
  2041: ffffff;
  2042: ffffff;
  2043: ffffff;
  2044: ffffff;
  2045: ffffff;
  2046: ffffff;
  2047: ffffff;
  2048: ffffff;
  2049: ffffff;
  2050: ffffff;
  2051: ffffff;
  2052: ffffff;
  2053: ffffff;
  2054: ffffff;
  2055: ffffff;
  2056: ffffff;
  2057: ffffff;
  2058: ffffff;
  2059: ffffff;
  2060: ffffff;
  2061: ffffff;
  2062: ffffff;
  2063: feffff;
  2064: fcffff;
  2065: fcffff;
  2066: feffff;
  2067: ffffff;
  2068: fffeff;
  2069: ffffff;
  2070: feffff;
  2071: feffff;
  2072: feffff;
  2073: ffffff;
  2074: fffeff;
  2075: fffeff;
  2076: fffeff;
  2077: ffffff;
  2078: fcffff;
  2079: fcffff;
  2080: ffffff;
  2081: ffffff;
  2082: fefffd;
  2083: fbfffd;
  2084: f9fffd;
  2085: fbffff;
  2086: ffffff;
  2087: fffeff;
  2088: fbfffa;
  2089: fffaf1;
  2090: ffc4b8;
  2091: ce5445;
  2092: e9543c;
  2093: f05133;
  2094: f15336;
  2095: ec5132;
  2096: ed532d;
  2097: ec542d;
  2098: ec5333;
  2099: ed5236;
  2100: f05038;
  2101: f14f38;
  2102: f44e36;
  2103: f34f34;
  2104: f15034;
  2105: f05134;
  2106: f05036;
  2107: f05036;
  2108: f05036;
  2109: ed5236;
  2110: e85436;
  2111: d45c41;
  2112: d18474;
  2113: fff4ec;
  2114: fffbf5;
  2115: fefffb;
  2116: fcfffd;
  2117: fffffd;
  2118: fffbff;
  2119: fff9ff;
  2120: fffffd;
  2121: fcfffd;
  2122: fefffd;
  2123: feffff;
  2124: fffeff;
  2125: fffeff;
  2126: fefffd;
  2127: fcfffd;
  2128: feffff;
  2129: ffffff;
  2130: ffffff;
  2131: ffffff;
  2132: ffffff;
  2133: ffffff;
  2134: ffffff;
  2135: ffffff;
  2136: ffffff;
  2137: ffffff;
  2138: ffffff;
  2139: ffffff;
  2140: ffffff;
  2141: ffffff;
  2142: ffffff;
  2143: ffffff;
  2144: ffffff;
  2145: ffffff;
  2146: ffffff;
  2147: ffffff;
  2148: ffffff;
  2149: ffffff;
  2150: ffffff;
  2151: ffffff;
  2152: ffffff;
  2153: ffffff;
  2154: ffffff;
  2155: ffffff;
  2156: ffffff;
  2157: ffffff;
  2158: ffffff;
  2159: ffffff;
  2160: ffffff;
  2161: ffffff;
  2162: ffffff;
  2163: ffffff;
  2164: ffffff;
  2165: ffffff;
  2166: ffffff;
  2167: ffffff;
  2168: ffffff;
  2169: ffffff;
  2170: ffffff;
  2171: ffffff;
  2172: ffffff;
  2173: ffffff;
  2174: ffffff;
  2175: ffffff;
  2176: ffffff;
  2177: ffffff;
  2178: ffffff;
  2179: ffffff;
  2180: ffffff;
  2181: ffffff;
  2182: ffffff;
  2183: ffffff;
  2184: ffffff;
  2185: ffffff;
  2186: ffffff;
  2187: ffffff;
  2188: ffffff;
  2189: ffffff;
  2190: ffffff;
  2191: feffff;
  2192: fcffff;
  2193: fcffff;
  2194: ffffff;
  2195: fffeff;
  2196: fffeff;
  2197: fffeff;
  2198: feffff;
  2199: fcffff;
  2200: fcffff;
  2201: feffff;
  2202: fffeff;
  2203: fffeff;
  2204: fffeff;
  2205: ffffff;
  2206: fcffff;
  2207: fcffff;
  2208: ffffff;
  2209: fffffd;
  2210: fefffd;
  2211: fbfffd;
  2212: f9fffd;
  2213: fbffff;
  2214: fffdff;
  2215: fffbff;
  2216: fffcf3;
  2217: fff3e1;
  2218: c1513d;
  2219: ed5842;
  2220: ee5337;
  2221: f15235;
  2222: ee5035;
  2223: ec5133;
  2224: ef522f;
  2225: ed532f;
  2226: ea5433;
  2227: ec5236;
  2228: ef5136;
  2229: f14f36;
  2230: f44e34;
  2231: f34f33;
  2232: f05133;
  2233: ef5134;
  2234: f05036;
  2235: f05038;
  2236: f14f38;
  2237: f14f36;
  2238: ed5331;
  2239: e15838;
  2240: c75844;
  2241: ffe5d8;
  2242: fff5ec;
  2243: fff9f3;
  2244: fffffb;
  2245: fdfffe;
  2246: fff9fd;
  2247: fffbff;
  2248: ffffff;
  2249: fcfffd;
  2250: fcfffd;
  2251: fefffd;
  2252: fffeff;
  2253: fffeff;
  2254: feffff;
  2255: feffff;
  2256: ffffff;
  2257: ffffff;
  2258: ffffff;
  2259: ffffff;
  2260: ffffff;
  2261: ffffff;
  2262: ffffff;
  2263: ffffff;
  2264: ffffff;
  2265: ffffff;
  2266: ffffff;
  2267: ffffff;
  2268: ffffff;
  2269: ffffff;
  2270: ffffff;
  2271: ffffff;
  2272: ffffff;
  2273: ffffff;
  2274: ffffff;
  2275: ffffff;
  2276: ffffff;
  2277: ffffff;
  2278: ffffff;
  2279: ffffff;
  2280: ffffff;
  2281: ffffff;
  2282: ffffff;
  2283: ffffff;
  2284: ffffff;
  2285: ffffff;
  2286: ffffff;
  2287: ffffff;
  2288: ffffff;
  2289: ffffff;
  2290: ffffff;
  2291: ffffff;
  2292: ffffff;
  2293: ffffff;
  2294: ffffff;
  2295: ffffff;
  2296: ffffff;
  2297: ffffff;
  2298: ffffff;
  2299: ffffff;
  2300: ffffff;
  2301: ffffff;
  2302: ffffff;
  2303: ffffff;
  2304: ffffff;
  2305: ffffff;
  2306: ffffff;
  2307: ffffff;
  2308: ffffff;
  2309: ffffff;
  2310: ffffff;
  2311: ffffff;
  2312: ffffff;
  2313: ffffff;
  2314: ffffff;
  2315: ffffff;
  2316: ffffff;
  2317: ffffff;
  2318: ffffff;
  2319: ffffff;
  2320: feffff;
  2321: ffffff;
  2322: fffeff;
  2323: fffdff;
  2324: fffdff;
  2325: fffeff;
  2326: ffffff;
  2327: fcffff;
  2328: fbffff;
  2329: fcffff;
  2330: feffff;
  2331: ffffff;
  2332: ffffff;
  2333: ffffff;
  2334: fcffff;
  2335: feffff;
  2336: fffdff;
  2337: fffeff;
  2338: fffffd;
  2339: fefffd;
  2340: feffff;
  2341: fffeff;
  2342: fffcff;
  2343: fff7fa;
  2344: ffd2c7;
  2345: af543f;
  2346: db573e;
  2347: ee5337;
  2348: ed4b32;
  2349: f24e35;
  2350: f4523b;
  2351: f04e35;
  2352: f34f33;
  2353: f15033;
  2354: ef5136;
  2355: ef5136;
  2356: f05036;
  2357: f14f36;
  2358: f34f33;
  2359: f15033;
  2360: ef5233;
  2361: ef5134;
  2362: f14f38;
  2363: f34e3a;
  2364: f44e38;
  2365: f34f36;
  2366: ef5233;
  2367: e95434;
  2368: e65842;
  2369: c95141;
  2370: d7897d;
  2371: fff2eb;
  2372: fff8f8;
  2373: feffff;
  2374: fffefd;
  2375: fffffd;
  2376: fcffff;
  2377: fbffff;
  2378: feffff;
  2379: fffffd;
  2380: ffffff;
  2381: ffffff;
  2382: fffdff;
  2383: fffeff;
  2384: ffffff;
  2385: ffffff;
  2386: ffffff;
  2387: ffffff;
  2388: ffffff;
  2389: ffffff;
  2390: ffffff;
  2391: ffffff;
  2392: ffffff;
  2393: ffffff;
  2394: ffffff;
  2395: ffffff;
  2396: ffffff;
  2397: ffffff;
  2398: ffffff;
  2399: ffffff;
  2400: ffffff;
  2401: ffffff;
  2402: ffffff;
  2403: ffffff;
  2404: ffffff;
  2405: ffffff;
  2406: ffffff;
  2407: ffffff;
  2408: ffffff;
  2409: ffffff;
  2410: ffffff;
  2411: ffffff;
  2412: ffffff;
  2413: ffffff;
  2414: ffffff;
  2415: ffffff;
  2416: ffffff;
  2417: ffffff;
  2418: ffffff;
  2419: ffffff;
  2420: ffffff;
  2421: ffffff;
  2422: ffffff;
  2423: ffffff;
  2424: ffffff;
  2425: ffffff;
  2426: ffffff;
  2427: ffffff;
  2428: ffffff;
  2429: ffffff;
  2430: ffffff;
  2431: ffffff;
  2432: ffffff;
  2433: ffffff;
  2434: ffffff;
  2435: ffffff;
  2436: ffffff;
  2437: ffffff;
  2438: ffffff;
  2439: ffffff;
  2440: ffffff;
  2441: ffffff;
  2442: ffffff;
  2443: ffffff;
  2444: ffffff;
  2445: ffffff;
  2446: ffffff;
  2447: ffffff;
  2448: ffffff;
  2449: fffeff;
  2450: fffdff;
  2451: fffcff;
  2452: fffcff;
  2453: fffeff;
  2454: ffffff;
  2455: fcffff;
  2456: fbffff;
  2457: fbffff;
  2458: fcffff;
  2459: feffff;
  2460: ffffff;
  2461: ffffff;
  2462: feffff;
  2463: ffffff;
  2464: fffdff;
  2465: fffdff;
  2466: fffffd;
  2467: fffffd;
  2468: fffeff;
  2469: fffeff;
  2470: fffdff;
  2471: fff9f6;
  2472: ffebdf;
  2473: db806b;
  2474: da5a41;
  2475: e85136;
  2476: f25439;
  2477: f04e35;
  2478: f04e37;
  2479: f6513b;
  2480: f44e36;
  2481: f34f36;
  2482: f14f38;
  2483: f05038;
  2484: f14f36;
  2485: f15034;
  2486: f15033;
  2487: f05131;
  2488: ed5233;
  2489: ef5134;
  2490: f14f38;
  2491: f34e3a;
  2492: f64d38;
  2493: f34f36;
  2494: ef5233;
  2495: ed5233;
  2496: f15137;
  2497: e3523d;
  2498: c2513f;
  2499: ffeadf;
  2500: fff7f3;
  2501: fefdfb;
  2502: fffffb;
  2503: fbfdfa;
  2504: fbffff;
  2505: fbffff;
  2506: feffff;
  2507: ffffff;
  2508: ffffff;
  2509: ffffff;
  2510: fffdff;
  2511: fffdff;
  2512: fffeff;
  2513: ffffff;
  2514: ffffff;
  2515: ffffff;
  2516: ffffff;
  2517: ffffff;
  2518: ffffff;
  2519: ffffff;
  2520: ffffff;
  2521: ffffff;
  2522: ffffff;
  2523: ffffff;
  2524: ffffff;
  2525: ffffff;
  2526: ffffff;
  2527: ffffff;
  2528: ffffff;
  2529: ffffff;
  2530: ffffff;
  2531: ffffff;
  2532: ffffff;
  2533: ffffff;
  2534: ffffff;
  2535: ffffff;
  2536: ffffff;
  2537: ffffff;
  2538: ffffff;
  2539: ffffff;
  2540: ffffff;
  2541: ffffff;
  2542: ffffff;
  2543: ffffff;
  2544: ffffff;
  2545: ffffff;
  2546: ffffff;
  2547: ffffff;
  2548: ffffff;
  2549: ffffff;
  2550: ffffff;
  2551: ffffff;
  2552: ffffff;
  2553: ffffff;
  2554: ffffff;
  2555: ffffff;
  2556: ffffff;
  2557: ffffff;
  2558: ffffff;
  2559: ffffff;
  2560: ffffff;
  2561: ffffff;
  2562: ffffff;
  2563: ffffff;
  2564: ffffff;
  2565: ffffff;
  2566: ffffff;
  2567: ffffff;
  2568: ffffff;
  2569: ffffff;
  2570: ffffff;
  2571: ffffff;
  2572: ffffff;
  2573: ffffff;
  2574: ffffff;
  2575: ffffff;
  2576: fffeff;
  2577: fffeff;
  2578: fffdff;
  2579: fffcff;
  2580: fffdff;
  2581: fffeff;
  2582: ffffff;
  2583: fcffff;
  2584: fbffff;
  2585: fbffff;
  2586: fcffff;
  2587: ffffff;
  2588: fffeff;
  2589: fffeff;
  2590: fffeff;
  2591: fffeff;
  2592: fffcff;
  2593: fffcff;
  2594: fffffb;
  2595: fefffb;
  2596: fffeff;
  2597: fffffd;
  2598: fbfffb;
  2599: fffff6;
  2600: fffaf1;
  2601: fff2e4;
  2602: bc5743;
  2603: dc563b;
  2604: e95635;
  2605: ee5535;
  2606: f05237;
  2607: ea4a34;
  2608: f14f3a;
  2609: f14f3a;
  2610: f14f3a;
  2611: f14f38;
  2612: f34f36;
  2613: f15033;
  2614: f05131;
  2615: ef522f;
  2616: ed5331;
  2617: ed5233;
  2618: f14f36;
  2619: f34e38;
  2620: f64d38;
  2621: f34f36;
  2622: ef5134;
  2623: ef5233;
  2624: f04f32;
  2625: ef5438;
  2626: e4563e;
  2627: e37a65;
  2628: fff4e4;
  2629: fffcf3;
  2630: fffffd;
  2631: fcffff;
  2632: fbffff;
  2633: fcffff;
  2634: feffff;
  2635: ffffff;
  2636: ffffff;
  2637: fffeff;
  2638: fffdff;
  2639: fffdff;
  2640: ffffff;
  2641: ffffff;
  2642: ffffff;
  2643: ffffff;
  2644: ffffff;
  2645: ffffff;
  2646: ffffff;
  2647: ffffff;
  2648: ffffff;
  2649: ffffff;
  2650: ffffff;
  2651: ffffff;
  2652: ffffff;
  2653: ffffff;
  2654: ffffff;
  2655: ffffff;
  2656: ffffff;
  2657: ffffff;
  2658: ffffff;
  2659: ffffff;
  2660: ffffff;
  2661: ffffff;
  2662: ffffff;
  2663: ffffff;
  2664: ffffff;
  2665: ffffff;
  2666: ffffff;
  2667: ffffff;
  2668: ffffff;
  2669: ffffff;
  2670: ffffff;
  2671: ffffff;
  2672: ffffff;
  2673: ffffff;
  2674: ffffff;
  2675: ffffff;
  2676: ffffff;
  2677: ffffff;
  2678: ffffff;
  2679: ffffff;
  2680: ffffff;
  2681: ffffff;
  2682: ffffff;
  2683: ffffff;
  2684: ffffff;
  2685: ffffff;
  2686: ffffff;
  2687: ffffff;
  2688: ffffff;
  2689: ffffff;
  2690: ffffff;
  2691: ffffff;
  2692: ffffff;
  2693: ffffff;
  2694: ffffff;
  2695: ffffff;
  2696: ffffff;
  2697: ffffff;
  2698: ffffff;
  2699: ffffff;
  2700: ffffff;
  2701: ffffff;
  2702: ffffff;
  2703: ffffff;
  2704: ffffff;
  2705: fffeff;
  2706: fffeff;
  2707: fffeff;
  2708: fffeff;
  2709: fffeff;
  2710: feffff;
  2711: fcffff;
  2712: fbffff;
  2713: fbffff;
  2714: feffff;
  2715: ffffff;
  2716: fffeff;
  2717: fffeff;
  2718: fffeff;
  2719: fffeff;
  2720: fffdfd;
  2721: fffefb;
  2722: fffffb;
  2723: fefffd;
  2724: fffeff;
  2725: ffffff;
  2726: f9fffa;
  2727: f8fff8;
  2728: fcfffb;
  2729: fff2ee;
  2730: ffeae1;
  2731: c65543;
  2732: e25939;
  2733: eb5230;
  2734: f05237;
  2735: f5553f;
  2736: ef503a;
  2737: ef503a;
  2738: f0503a;
  2739: f05038;
  2740: f14f36;
  2741: f15033;
  2742: f05131;
  2743: ef5231;
  2744: ed5331;
  2745: ed5233;
  2746: f05036;
  2747: f14f38;
  2748: f44e38;
  2749: f34f36;
  2750: f05134;
  2751: ef5233;
  2752: f15235;
  2753: f05134;
  2754: ed4f32;
  2755: de5c42;
  2756: cd826b;
  2757: fff6e8;
  2758: fff8f7;
  2759: fffeff;
  2760: ffffff;
  2761: ffffff;
  2762: ffffff;
  2763: ffffff;
  2764: fffdff;
  2765: fffdff;
  2766: fffeff;
  2767: ffffff;
  2768: ffffff;
  2769: ffffff;
  2770: ffffff;
  2771: ffffff;
  2772: ffffff;
  2773: ffffff;
  2774: ffffff;
  2775: ffffff;
  2776: ffffff;
  2777: ffffff;
  2778: ffffff;
  2779: ffffff;
  2780: ffffff;
  2781: ffffff;
  2782: ffffff;
  2783: ffffff;
  2784: ffffff;
  2785: ffffff;
  2786: ffffff;
  2787: ffffff;
  2788: ffffff;
  2789: ffffff;
  2790: ffffff;
  2791: ffffff;
  2792: ffffff;
  2793: ffffff;
  2794: ffffff;
  2795: ffffff;
  2796: ffffff;
  2797: ffffff;
  2798: ffffff;
  2799: ffffff;
  2800: ffffff;
  2801: ffffff;
  2802: ffffff;
  2803: ffffff;
  2804: ffffff;
  2805: ffffff;
  2806: ffffff;
  2807: ffffff;
  2808: ffffff;
  2809: ffffff;
  2810: ffffff;
  2811: ffffff;
  2812: ffffff;
  2813: ffffff;
  2814: ffffff;
  2815: ffffff;
  2816: ffffff;
  2817: ffffff;
  2818: ffffff;
  2819: ffffff;
  2820: ffffff;
  2821: ffffff;
  2822: ffffff;
  2823: ffffff;
  2824: ffffff;
  2825: ffffff;
  2826: ffffff;
  2827: ffffff;
  2828: ffffff;
  2829: ffffff;
  2830: ffffff;
  2831: ffffff;
  2832: feffff;
  2833: feffff;
  2834: feffff;
  2835: feffff;
  2836: feffff;
  2837: feffff;
  2838: fcffff;
  2839: fcffff;
  2840: fcffff;
  2841: feffff;
  2842: fffeff;
  2843: fffdff;
  2844: fffeff;
  2845: fffdff;
  2846: fffeff;
  2847: fffffd;
  2848: fefffa;
  2849: fefffa;
  2850: fefffd;
  2851: ffffff;
  2852: fffdff;
  2853: fffeff;
  2854: fbfffd;
  2855: fbfffb;
  2856: feffff;
  2857: fff9ff;
  2858: ffeef4;
  2859: d77f7b;
  2860: db5941;
  2861: f05235;
  2862: f24e35;
  2863: f14d34;
  2864: ed5236;
  2865: ea5336;
  2866: ec5236;
  2867: ef5136;
  2868: f05134;
  2869: f15034;
  2870: f15033;
  2871: f05131;
  2872: ed5331;
  2873: ed5233;
  2874: ef5134;
  2875: ef5136;
  2876: f14f36;
  2877: f14f36;
  2878: f05036;
  2879: ef5136;
  2880: e94f35;
  2881: ed5337;
  2882: f15234;
  2883: e45032;
  2884: cd5a3f;
  2885: ffe5d2;
  2886: fff3f1;
  2887: fff7fa;
  2888: fffbff;
  2889: fffeff;
  2890: fffeff;
  2891: fffeff;
  2892: fffcff;
  2893: fffcff;
  2894: fffefd;
  2895: fffffb;
  2896: fffffd;
  2897: ffffff;
  2898: ffffff;
  2899: ffffff;
  2900: ffffff;
  2901: ffffff;
  2902: ffffff;
  2903: ffffff;
  2904: ffffff;
  2905: ffffff;
  2906: ffffff;
  2907: ffffff;
  2908: ffffff;
  2909: ffffff;
  2910: ffffff;
  2911: ffffff;
  2912: ffffff;
  2913: ffffff;
  2914: ffffff;
  2915: ffffff;
  2916: ffffff;
  2917: ffffff;
  2918: ffffff;
  2919: ffffff;
  2920: ffffff;
  2921: ffffff;
  2922: ffffff;
  2923: ffffff;
  2924: ffffff;
  2925: ffffff;
  2926: ffffff;
  2927: ffffff;
  2928: ffffff;
  2929: ffffff;
  2930: ffffff;
  2931: ffffff;
  2932: ffffff;
  2933: ffffff;
  2934: ffffff;
  2935: ffffff;
  2936: ffffff;
  2937: ffffff;
  2938: ffffff;
  2939: ffffff;
  2940: ffffff;
  2941: ffffff;
  2942: ffffff;
  2943: ffffff;
  2944: ffffff;
  2945: ffffff;
  2946: ffffff;
  2947: ffffff;
  2948: ffffff;
  2949: ffffff;
  2950: ffffff;
  2951: ffffff;
  2952: ffffff;
  2953: ffffff;
  2954: ffffff;
  2955: ffffff;
  2956: ffffff;
  2957: ffffff;
  2958: ffffff;
  2959: ffffff;
  2960: feffff;
  2961: fcffff;
  2962: fcffff;
  2963: fbffff;
  2964: fcffff;
  2965: fcffff;
  2966: fcffff;
  2967: feffff;
  2968: ffffff;
  2969: fffeff;
  2970: fffdff;
  2971: fffdff;
  2972: fffeff;
  2973: fffeff;
  2974: fffeff;
  2975: fefffd;
  2976: fbfffb;
  2977: fbfffb;
  2978: fffffd;
  2979: fffcff;
  2980: fff8ff;
  2981: fff8ff;
  2982: fffffd;
  2983: fcfffd;
  2984: fffeff;
  2985: fff9ff;
  2986: fff6ff;
  2987: ffedee;
  2988: e37d6f;
  2989: d54e38;
  2990: ef503a;
  2991: f44e34;
  2992: ed5233;
  2993: ea5433;
  2994: ec5334;
  2995: ed5234;
  2996: f05134;
  2997: f15034;
  2998: f15034;
  2999: f05133;
  3000: ef5233;
  3001: ef5231;
  3002: ed5233;
  3003: ed5234;
  3004: ef5134;
  3005: f05036;
  3006: f14f36;
  3007: f05038;
  3008: eb5139;
  3009: ed5339;
  3010: f45034;
  3011: f05133;
  3012: e65739;
  3013: c7553d;
  3014: cb807a;
  3015: fff2f3;
  3016: fff9fb;
  3017: fffeff;
  3018: fffeff;
  3019: fffeff;
  3020: fffcff;
  3021: fffcff;
  3022: fffefb;
  3023: fffffb;
  3024: fffffd;
  3025: ffffff;
  3026: ffffff;
  3027: ffffff;
  3028: ffffff;
  3029: ffffff;
  3030: ffffff;
  3031: ffffff;
  3032: ffffff;
  3033: ffffff;
  3034: ffffff;
  3035: ffffff;
  3036: ffffff;
  3037: ffffff;
  3038: ffffff;
  3039: ffffff;
  3040: ffffff;
  3041: ffffff;
  3042: ffffff;
  3043: ffffff;
  3044: ffffff;
  3045: ffffff;
  3046: ffffff;
  3047: ffffff;
  3048: ffffff;
  3049: ffffff;
  3050: ffffff;
  3051: ffffff;
  3052: ffffff;
  3053: ffffff;
  3054: ffffff;
  3055: ffffff;
  3056: ffffff;
  3057: ffffff;
  3058: ffffff;
  3059: ffffff;
  3060: ffffff;
  3061: ffffff;
  3062: ffffff;
  3063: ffffff;
  3064: ffffff;
  3065: ffffff;
  3066: ffffff;
  3067: ffffff;
  3068: ffffff;
  3069: ffffff;
  3070: ffffff;
  3071: ffffff;
  3072: ffffff;
  3073: ffffff;
  3074: ffffff;
  3075: ffffff;
  3076: ffffff;
  3077: ffffff;
  3078: ffffff;
  3079: ffffff;
  3080: ffffff;
  3081: ffffff;
  3082: ffffff;
  3083: ffffff;
  3084: ffffff;
  3085: ffffff;
  3086: ffffff;
  3087: ffffff;
  3088: feffff;
  3089: fcffff;
  3090: fbffff;
  3091: f9ffff;
  3092: fbffff;
  3093: fbffff;
  3094: fcffff;
  3095: ffffff;
  3096: fcfafd;
  3097: fffdff;
  3098: fffdff;
  3099: fffdfe;
  3100: fffeff;
  3101: feffff;
  3102: fbfffc;
  3103: fafffe;
  3104: fbffff;
  3105: feffff;
  3106: fffdfd;
  3107: fff7f6;
  3108: e4adaa;
  3109: ffefed;
  3110: fff6fa;
  3111: fffeff;
  3112: fffffd;
  3113: fffdfa;
  3114: fffbfb;
  3115: fff5f3;
  3116: fff2ec;
  3117: d68375;
  3118: e0553e;
  3119: f34f33;
  3120: ef512e;
  3121: ef522f;
  3122: f15433;
  3123: ed5031;
  3124: ef4f35;
  3125: ef4f35;
  3126: f35138;
  3127: f14f36;
  3128: f05133;
  3129: f05131;
  3130: ef5231;
  3131: ed5331;
  3132: ed5233;
  3133: ef5134;
  3134: f14f38;
  3135: f14f38;
  3136: ed4e38;
  3137: f15139;
  3138: f54f37;
  3139: f24e33;
  3140: f05536;
  3141: df5539;
  3142: c55442;
  3143: ffe7de;
  3144: fff7f5;
  3145: feffff;
  3146: fefefc;
  3147: fffffd;
  3148: fffffd;
  3149: fffffd;
  3150: fffffd;
  3151: fdfdfb;
  3152: ffffff;
  3153: ffffff;
  3154: ffffff;
  3155: ffffff;
  3156: ffffff;
  3157: ffffff;
  3158: ffffff;
  3159: ffffff;
  3160: ffffff;
  3161: ffffff;
  3162: ffffff;
  3163: ffffff;
  3164: ffffff;
  3165: ffffff;
  3166: ffffff;
  3167: ffffff;
  3168: ffffff;
  3169: ffffff;
  3170: ffffff;
  3171: ffffff;
  3172: ffffff;
  3173: ffffff;
  3174: ffffff;
  3175: ffffff;
  3176: ffffff;
  3177: ffffff;
  3178: ffffff;
  3179: ffffff;
  3180: ffffff;
  3181: ffffff;
  3182: ffffff;
  3183: ffffff;
  3184: ffffff;
  3185: ffffff;
  3186: ffffff;
  3187: ffffff;
  3188: ffffff;
  3189: ffffff;
  3190: ffffff;
  3191: ffffff;
  3192: ffffff;
  3193: ffffff;
  3194: ffffff;
  3195: ffffff;
  3196: ffffff;
  3197: ffffff;
  3198: ffffff;
  3199: ffffff;
  3200: ffffff;
  3201: ffffff;
  3202: ffffff;
  3203: ffffff;
  3204: ffffff;
  3205: ffffff;
  3206: ffffff;
  3207: ffffff;
  3208: ffffff;
  3209: ffffff;
  3210: ffffff;
  3211: ffffff;
  3212: ffffff;
  3213: ffffff;
  3214: ffffff;
  3215: ffffff;
  3216: ffffff;
  3217: feffff;
  3218: fcffff;
  3219: fbffff;
  3220: fbffff;
  3221: fbffff;
  3222: feffff;
  3223: fffeff;
  3224: fffdff;
  3225: fffdff;
  3226: fffcfd;
  3227: fffdfe;
  3228: feffff;
  3229: fcfffd;
  3230: f9fffd;
  3231: f9ffff;
  3232: f8ffff;
  3233: fffdff;
  3234: fff3f1;
  3235: ffc9be;
  3236: b65646;
  3237: fba397;
  3238: fff3f1;
  3239: fffbfb;
  3240: fffdfa;
  3241: fefdf9;
  3242: fffffb;
  3243: fffefb;
  3244: fffbf8;
  3245: ffeee5;
  3246: c85b47;
  3247: e45439;
  3248: ef5233;
  3249: f14e2d;
  3250: f25232;
  3251: f15033;
  3252: f35339;
  3253: ef4f37;
  3254: ee4e36;
  3255: f14f38;
  3256: f15034;
  3257: f15033;
  3258: f05131;
  3259: ef522f;
  3260: ed5331;
  3261: ef5134;
  3262: f14f38;
  3263: f14f38;
  3264: f25037;
  3265: ef4e32;
  3266: f34d35;
  3267: f55136;
  3268: ee4f31;
  3269: ec5536;
  3270: df553b;
  3271: e37c6b;
  3272: fff3ea;
  3273: fff9f5;
  3274: fdfcf7;
  3275: fcfffb;
  3276: fbfffd;
  3277: fbfffd;
  3278: f9fdfc;
  3279: feffff;
  3280: ffffff;
  3281: ffffff;
  3282: ffffff;
  3283: ffffff;
  3284: ffffff;
  3285: ffffff;
  3286: ffffff;
  3287: ffffff;
  3288: ffffff;
  3289: ffffff;
  3290: ffffff;
  3291: ffffff;
  3292: ffffff;
  3293: ffffff;
  3294: ffffff;
  3295: ffffff;
  3296: ffffff;
  3297: ffffff;
  3298: ffffff;
  3299: ffffff;
  3300: ffffff;
  3301: ffffff;
  3302: ffffff;
  3303: ffffff;
  3304: ffffff;
  3305: ffffff;
  3306: ffffff;
  3307: ffffff;
  3308: ffffff;
  3309: ffffff;
  3310: ffffff;
  3311: ffffff;
  3312: ffffff;
  3313: ffffff;
  3314: ffffff;
  3315: ffffff;
  3316: ffffff;
  3317: ffffff;
  3318: ffffff;
  3319: ffffff;
  3320: ffffff;
  3321: ffffff;
  3322: ffffff;
  3323: ffffff;
  3324: ffffff;
  3325: ffffff;
  3326: ffffff;
  3327: ffffff;
  3328: ffffff;
  3329: ffffff;
  3330: ffffff;
  3331: ffffff;
  3332: ffffff;
  3333: ffffff;
  3334: ffffff;
  3335: ffffff;
  3336: ffffff;
  3337: ffffff;
  3338: ffffff;
  3339: ffffff;
  3340: ffffff;
  3341: ffffff;
  3342: ffffff;
  3343: ffffff;
  3344: fffeff;
  3345: fffeff;
  3346: feffff;
  3347: fcffff;
  3348: fcffff;
  3349: feffff;
  3350: fffeff;
  3351: fffdff;
  3352: fffdff;
  3353: fffbfc;
  3354: fffeff;
  3355: fffffd;
  3356: fbfffc;
  3357: f8fffc;
  3358: f7fffb;
  3359: f5fffa;
  3360: f5ffff;
  3361: fffbf4;
  3362: ffc4b6;
  3363: d25843;
  3364: e4573c;
  3365: d85c44;
  3366: eca797;
  3367: fff6ed;
  3368: fffbfa;
  3369: fffeff;
  3370: fcfefd;
  3371: fffefc;
  3372: fffbfa;
  3373: fff6f1;
  3374: ffe6da;
  3375: c25743;
  3376: e65139;
  3377: fb5338;
  3378: f44f33;
  3379: f55135;
  3380: ef4d34;
  3381: ee4e36;
  3382: f3533b;
  3383: ed4d35;
  3384: f34f36;
  3385: f34f34;
  3386: f15131;
  3387: f0522f;
  3388: ef5231;
  3389: ef5233;
  3390: f14f36;
  3391: f14f36;
  3392: f15131;
  3393: f25232;
  3394: f25135;
  3395: f15338;
  3396: e84f30;
  3397: e75031;
  3398: ef5a3c;
  3399: d6583f;
  3400: d48171;
  3401: fff3e8;
  3402: fffdf4;
  3403: f8fffa;
  3404: f4fff9;
  3405: f7fffd;
  3406: fbffff;
  3407: feffff;
  3408: ffffff;
  3409: ffffff;
  3410: ffffff;
  3411: ffffff;
  3412: ffffff;
  3413: ffffff;
  3414: ffffff;
  3415: ffffff;
  3416: ffffff;
  3417: ffffff;
  3418: ffffff;
  3419: ffffff;
  3420: ffffff;
  3421: ffffff;
  3422: ffffff;
  3423: ffffff;
  3424: ffffff;
  3425: ffffff;
  3426: ffffff;
  3427: ffffff;
  3428: ffffff;
  3429: ffffff;
  3430: ffffff;
  3431: ffffff;
  3432: ffffff;
  3433: ffffff;
  3434: ffffff;
  3435: ffffff;
  3436: ffffff;
  3437: ffffff;
  3438: ffffff;
  3439: ffffff;
  3440: ffffff;
  3441: ffffff;
  3442: ffffff;
  3443: ffffff;
  3444: ffffff;
  3445: ffffff;
  3446: ffffff;
  3447: ffffff;
  3448: ffffff;
  3449: ffffff;
  3450: ffffff;
  3451: ffffff;
  3452: ffffff;
  3453: ffffff;
  3454: ffffff;
  3455: ffffff;
  3456: ffffff;
  3457: ffffff;
  3458: ffffff;
  3459: ffffff;
  3460: ffffff;
  3461: ffffff;
  3462: ffffff;
  3463: ffffff;
  3464: ffffff;
  3465: ffffff;
  3466: ffffff;
  3467: ffffff;
  3468: ffffff;
  3469: ffffff;
  3470: ffffff;
  3471: fffeff;
  3472: fffeff;
  3473: fffeff;
  3474: ffffff;
  3475: ffffff;
  3476: ffffff;
  3477: ffffff;
  3478: fffdff;
  3479: fffdff;
  3480: fffeff;
  3481: fefcfd;
  3482: fffffd;
  3483: fefffd;
  3484: fbfffc;
  3485: fcfffb;
  3486: fcfffb;
  3487: fffff8;
  3488: fffbf1;
  3489: fff0e1;
  3490: c9553e;
  3491: e64f32;
  3492: f55135;
  3493: e55437;
  3494: be583f;
  3495: ffeedb;
  3496: fff7f2;
  3497: fffcfd;
  3498: ffffff;
  3499: fdfdfb;
  3500: fffcfc;
  3501: fffaf8;
  3502: fff5ed;
  3503: cf8578;
  3504: db5a47;
  3505: ee4f39;
  3506: ec4a31;
  3507: ed4c30;
  3508: f25135;
  3509: ed4d33;
  3510: f2543b;
  3511: f2523a;
  3512: f34f36;
  3513: f34f34;
  3514: f44f33;
  3515: f35031;
  3516: f05131;
  3517: f05133;
  3518: f05036;
  3519: f15034;
  3520: f55231;
  3521: f1512f;
  3522: ef5233;
  3523: ed5236;
  3524: ef5539;
  3525: ea5034;
  3526: ed5031;
  3527: e75639;
  3528: c9553e;
  3529: ffe4d3;
  3530: fff1e6;
  3531: fffdf6;
  3532: fcfffa;
  3533: f9ffff;
  3534: fefeff;
  3535: fdfcff;
  3536: ffffff;
  3537: ffffff;
  3538: ffffff;
  3539: ffffff;
  3540: ffffff;
  3541: ffffff;
  3542: ffffff;
  3543: ffffff;
  3544: ffffff;
  3545: ffffff;
  3546: ffffff;
  3547: ffffff;
  3548: ffffff;
  3549: ffffff;
  3550: ffffff;
  3551: ffffff;
  3552: ffffff;
  3553: ffffff;
  3554: ffffff;
  3555: ffffff;
  3556: ffffff;
  3557: ffffff;
  3558: ffffff;
  3559: ffffff;
  3560: ffffff;
  3561: ffffff;
  3562: ffffff;
  3563: ffffff;
  3564: ffffff;
  3565: ffffff;
  3566: ffffff;
  3567: ffffff;
  3568: ffffff;
  3569: ffffff;
  3570: ffffff;
  3571: ffffff;
  3572: ffffff;
  3573: ffffff;
  3574: ffffff;
  3575: ffffff;
  3576: ffffff;
  3577: ffffff;
  3578: ffffff;
  3579: ffffff;
  3580: ffffff;
  3581: ffffff;
  3582: ffffff;
  3583: ffffff;
  3584: ffffff;
  3585: ffffff;
  3586: ffffff;
  3587: ffffff;
  3588: ffffff;
  3589: ffffff;
  3590: ffffff;
  3591: ffffff;
  3592: ffffff;
  3593: ffffff;
  3594: ffffff;
  3595: ffffff;
  3596: ffffff;
  3597: ffffff;
  3598: ffffff;
  3599: fffeff;
  3600: fffeff;
  3601: fffeff;
  3602: fffeff;
  3603: fffeff;
  3604: fffeff;
  3605: fffeff;
  3606: fffeff;
  3607: fffeff;
  3608: fffeff;
  3609: ffffff;
  3610: fafffb;
  3611: fafff9;
  3612: fefffb;
  3613: fffffa;
  3614: fffcf9;
  3615: fff6ed;
  3616: ffc3ae;
  3617: bc462c;
  3618: e3583b;
  3619: eb5233;
  3620: ee5033;
  3621: ed5337;
  3622: df5435;
  3623: b9533a;
  3624: ffefe3;
  3625: fffef8;
  3626: fffffa;
  3627: fffffb;
  3628: fffefb;
  3629: fef9f6;
  3630: fffbfb;
  3631: fff0ea;
  3632: e17f72;
  3633: da5542;
  3634: e8533d;
  3635: f1553c;
  3636: f25135;
  3637: f25134;
  3638: eb4d30;
  3639: ee5033;
  3640: f14f36;
  3641: f34f36;
  3642: f44e34;
  3643: f44f33;
  3644: f15033;
  3645: f05133;
  3646: f05036;
  3647: f05134;
  3648: f55233;
  3649: f0502e;
  3650: ee5334;
  3651: ec5334;
  3652: ec5135;
  3653: f15338;
  3654: f24e35;
  3655: ef4f35;
  3656: e95539;
  3657: cd533c;
  3658: ce7a70;
  3659: fff1ed;
  3660: fff7ee;
  3661: fefffd;
  3662: fdf8ff;
  3663: fffcff;
  3664: fffeff;
  3665: ffffff;
  3666: ffffff;
  3667: ffffff;
  3668: ffffff;
  3669: ffffff;
  3670: ffffff;
  3671: ffffff;
  3672: ffffff;
  3673: ffffff;
  3674: ffffff;
  3675: ffffff;
  3676: ffffff;
  3677: ffffff;
  3678: ffffff;
  3679: ffffff;
  3680: ffffff;
  3681: ffffff;
  3682: ffffff;
  3683: ffffff;
  3684: ffffff;
  3685: ffffff;
  3686: ffffff;
  3687: ffffff;
  3688: ffffff;
  3689: ffffff;
  3690: ffffff;
  3691: ffffff;
  3692: ffffff;
  3693: ffffff;
  3694: ffffff;
  3695: ffffff;
  3696: ffffff;
  3697: ffffff;
  3698: ffffff;
  3699: ffffff;
  3700: ffffff;
  3701: ffffff;
  3702: ffffff;
  3703: ffffff;
  3704: ffffff;
  3705: ffffff;
  3706: ffffff;
  3707: ffffff;
  3708: ffffff;
  3709: ffffff;
  3710: ffffff;
  3711: ffffff;
  3712: ffffff;
  3713: ffffff;
  3714: ffffff;
  3715: ffffff;
  3716: ffffff;
  3717: ffffff;
  3718: ffffff;
  3719: ffffff;
  3720: ffffff;
  3721: ffffff;
  3722: ffffff;
  3723: ffffff;
  3724: ffffff;
  3725: ffffff;
  3726: ffffff;
  3727: ffffff;
  3728: ffffff;
  3729: ffffff;
  3730: ffffff;
  3731: fffeff;
  3732: fffeff;
  3733: fffeff;
  3734: fffdff;
  3735: fffeff;
  3736: fefefe;
  3737: fcfffd;
  3738: fbfffb;
  3739: fcfffb;
  3740: fffffa;
  3741: fffaf6;
  3742: fff9f8;
  3743: ffeee8;
  3744: c74f37;
  3745: ed5435;
  3746: ed5435;
  3747: e84f30;
  3748: f05235;
  3749: ea4c2f;
  3750: f35436;
  3751: db593f;
  3752: f7ab9b;
  3753: fff4eb;
  3754: fffcf3;
  3755: fffef7;
  3756: fffefb;
  3757: fffffd;
  3758: fdfdff;
  3759: fff9f6;
  3760: ffebe2;
  3761: c15a49;
  3762: de5b47;
  3763: e34e36;
  3764: ef4e32;
  3765: f55231;
  3766: ee4f2f;
  3767: f15435;
  3768: f05134;
  3769: f14f36;
  3770: f44e36;
  3771: f44e34;
  3772: f34f34;
  3773: f05134;
  3774: ef5134;
  3775: f05134;
  3776: f04c30;
  3777: f35235;
  3778: ed5233;
  3779: ed5435;
  3780: e94e32;
  3781: f05036;
  3782: f65239;
  3783: f75338;
  3784: f14d31;
  3785: e9543c;
  3786: ca5244;
  3787: ffe8df;
  3788: fff8ed;
  3789: fffef8;
  3790: fffdff;
  3791: fffcff;
  3792: fffeff;
  3793: ffffff;
  3794: ffffff;
  3795: ffffff;
  3796: ffffff;
  3797: ffffff;
  3798: ffffff;
  3799: ffffff;
  3800: ffffff;
  3801: ffffff;
  3802: ffffff;
  3803: ffffff;
  3804: ffffff;
  3805: ffffff;
  3806: ffffff;
  3807: ffffff;
  3808: ffffff;
  3809: ffffff;
  3810: ffffff;
  3811: ffffff;
  3812: ffffff;
  3813: ffffff;
  3814: ffffff;
  3815: ffffff;
  3816: ffffff;
  3817: ffffff;
  3818: ffffff;
  3819: ffffff;
  3820: ffffff;
  3821: ffffff;
  3822: ffffff;
  3823: ffffff;
  3824: ffffff;
  3825: ffffff;
  3826: ffffff;
  3827: ffffff;
  3828: ffffff;
  3829: ffffff;
  3830: ffffff;
  3831: ffffff;
  3832: ffffff;
  3833: ffffff;
  3834: ffffff;
  3835: ffffff;
  3836: ffffff;
  3837: ffffff;
  3838: ffffff;
  3839: ffffff;
  3840: ffffff;
  3841: ffffff;
  3842: ffffff;
  3843: ffffff;
  3844: ffffff;
  3845: ffffff;
  3846: ffffff;
  3847: ffffff;
  3848: ffffff;
  3849: ffffff;
  3850: ffffff;
  3851: ffffff;
  3852: ffffff;
  3853: ffffff;
  3854: ffffff;
  3855: feffff;
  3856: fcfffd;
  3857: fcfffd;
  3858: fcffff;
  3859: ffffff;
  3860: fffeff;
  3861: fffeff;
  3862: fffeff;
  3863: fffeff;
  3864: fbfffc;
  3865: fbfffd;
  3866: f8fffa;
  3867: fcfffb;
  3868: fffbf8;
  3869: fff9f8;
  3870: fff1f6;
  3871: ffc2bf;
  3872: dc5945;
  3873: eb4d30;
  3874: eb4d32;
  3875: f6583d;
  3876: ed4e31;
  3877: f15235;
  3878: f2543b;
  3879: e6513b;
  3880: cf4d3d;
  3881: fd9f93;
  3882: fff3ec;
  3883: fffdf8;
  3884: fdf8f5;
  3885: fffffd;
  3886: fffeff;
  3887: fff7f4;
  3888: fff5ec;
  3889: c88373;
  3890: c35642;
  3891: e55b41;
  3892: ee4f31;
  3893: f54e2c;
  3894: f55531;
  3895: eb4e2b;
  3896: ef5134;
  3897: f05036;
  3898: f34f36;
  3899: f34f36;
  3900: f15034;
  3901: f05134;
  3902: ef5134;
  3903: ef5134;
  3904: f04e35;
  3905: f25037;
  3906: eb4d32;
  3907: ed5236;
  3908: f25439;
  3909: ef5134;
  3910: ec4d30;
  3911: ee4d31;
  3912: f25135;
  3913: ee523b;
  3914: e1533f;
  3915: e27765;
  3916: fff2e3;
  3917: fffcf1;
  3918: faf6f3;
  3919: feffff;
  3920: ffffff;
  3921: ffffff;
  3922: ffffff;
  3923: ffffff;
  3924: ffffff;
  3925: ffffff;
  3926: ffffff;
  3927: ffffff;
  3928: ffffff;
  3929: ffffff;
  3930: ffffff;
  3931: ffffff;
  3932: ffffff;
  3933: ffffff;
  3934: ffffff;
  3935: ffffff;
  3936: ffffff;
  3937: ffffff;
  3938: ffffff;
  3939: ffffff;
  3940: ffffff;
  3941: ffffff;
  3942: ffffff;
  3943: ffffff;
  3944: ffffff;
  3945: ffffff;
  3946: ffffff;
  3947: ffffff;
  3948: ffffff;
  3949: ffffff;
  3950: ffffff;
  3951: ffffff;
  3952: ffffff;
  3953: ffffff;
  3954: ffffff;
  3955: ffffff;
  3956: ffffff;
  3957: ffffff;
  3958: ffffff;
  3959: ffffff;
  3960: ffffff;
  3961: ffffff;
  3962: ffffff;
  3963: ffffff;
  3964: ffffff;
  3965: ffffff;
  3966: ffffff;
  3967: ffffff;
  3968: ffffff;
  3969: ffffff;
  3970: ffffff;
  3971: ffffff;
  3972: ffffff;
  3973: ffffff;
  3974: ffffff;
  3975: ffffff;
  3976: ffffff;
  3977: ffffff;
  3978: ffffff;
  3979: ffffff;
  3980: ffffff;
  3981: ffffff;
  3982: ffffff;
  3983: feffff;
  3984: fbffff;
  3985: fbffff;
  3986: fcffff;
  3987: ffffff;
  3988: fffeff;
  3989: fffeff;
  3990: fffeff;
  3991: fffeff;
  3992: fcfffd;
  3993: fbfffd;
  3994: f6fff8;
  3995: fffff8;
  3996: fffaf6;
  3997: fff3f1;
  3998: ffc5c3;
  3999: c45f57;
  4000: e0533f;
  4001: f05036;
  4002: f3533b;
  4003: eb4b33;
  4004: f15235;
  4005: f05134;
  4006: ec5135;
  4007: ef533c;
  4008: ee523c;
  4009: d95747;
  4010: f7ada4;
  4011: fff3ed;
  4012: fffbf8;
  4013: fffefc;
  4014: fffcfd;
  4015: fffdfb;
  4016: fffbf1;
  4017: fff1e3;
  4018: ffe9da;
  4019: c05543;
  4020: d3553c;
  4021: d14e30;
  4022: ce4f2f;
  4023: d45336;
  4024: df573f;
  4025: e6543d;
  4026: ef503a;
  4027: f34f36;
  4028: f15034;
  4029: ef5134;
  4030: ed5234;
  4031: ef5134;
  4032: f4523b;
  4033: ee4c35;
  4034: f1533a;
  4035: ec5135;
  4036: ec4e33;
  4037: f15235;
  4038: ef5134;
  4039: f25437;
  4040: f15137;
  4041: ee5035;
  4042: f05239;
  4043: db5943;
  4044: d0826e;
  4045: fff4e6;
  4046: fffcf3;
  4047: fefdf8;
  4048: fffffd;
  4049: ffffff;
  4050: ffffff;
  4051: ffffff;
  4052: fffeff;
  4053: fffeff;
  4054: fffdff;
  4055: fffeff;
  4056: fffeff;
  4057: ffffff;
  4058: feffff;
  4059: feffff;
  4060: ffffff;
  4061: fffeff;
  4062: fffeff;
  4063: ffffff;
  4064: ffffff;
  4065: ffffff;
  4066: ffffff;
  4067: ffffff;
  4068: ffffff;
  4069: ffffff;
  4070: ffffff;
  4071: ffffff;
  4072: ffffff;
  4073: ffffff;
  4074: ffffff;
  4075: ffffff;
  4076: ffffff;
  4077: ffffff;
  4078: ffffff;
  4079: ffffff;
  4080: ffffff;
  4081: ffffff;
  4082: ffffff;
  4083: ffffff;
  4084: ffffff;
  4085: ffffff;
  4086: ffffff;
  4087: ffffff;
  4088: ffffff;
  4089: ffffff;
  4090: ffffff;
  4091: ffffff;
  4092: ffffff;
  4093: ffffff;
  4094: ffffff;
  4095: ffffff;
  4096: ffffff;
  4097: ffffff;
  4098: ffffff;
  4099: ffffff;
  4100: ffffff;
  4101: ffffff;
  4102: ffffff;
  4103: ffffff;
  4104: ffffff;
  4105: ffffff;
  4106: ffffff;
  4107: ffffff;
  4108: ffffff;
  4109: ffffff;
  4110: ffffff;
  4111: feffff;
  4112: fcffff;
  4113: fcffff;
  4114: ffffff;
  4115: fffeff;
  4116: fffeff;
  4117: fffeff;
  4118: fffdff;
  4119: fffeff;
  4120: fdfdfb;
  4121: fcfef9;
  4122: f9fffa;
  4123: fffef3;
  4124: fff4ee;
  4125: ffeae3;
  4126: c85542;
  4127: e2563d;
  4128: e95338;
  4129: ef5136;
  4130: f34e3a;
  4131: f34e38;
  4132: f05134;
  4133: ef5233;
  4134: ec5333;
  4135: ec5333;
  4136: ef5435;
  4137: e15137;
  4138: c95141;
  4139: ffe6dd;
  4140: fff4f0;
  4141: fffeff;
  4142: fffafe;
  4143: fffbfc;
  4144: fffef4;
  4145: fff9ee;
  4146: fff2ed;
  4147: c38a83;
  4148: eaaea3;
  4149: ffc7b7;
  4150: ffcaba;
  4151: eaa294;
  4152: b65648;
  4153: d35a49;
  4154: eb543f;
  4155: f24e35;
  4156: f25437;
  4157: f05537;
  4158: e74d31;
  4159: ed5236;
  4160: f14f36;
  4161: f14f36;
  4162: ef5136;
  4163: ed5236;
  4164: f05036;
  4165: f14f36;
  4166: f05036;
  4167: ef5134;
  4168: ec5333;
  4169: ee5535;
  4170: f04f32;
  4171: e9533a;
  4172: ca513e;
  4173: ffe7d8;
  4174: fff4e6;
  4175: fffbf0;
  4176: fffefa;
  4177: fefefe;
  4178: fefffd;
  4179: fffffd;
  4180: fffbfc;
  4181: fffcff;
  4182: fffbff;
  4183: fffbff;
  4184: fffefd;
  4185: fefffd;
  4186: fbffff;
  4187: fcffff;
  4188: fffeff;
  4189: fffeff;
  4190: fffdff;
  4191: fffeff;
  4192: ffffff;
  4193: ffffff;
  4194: ffffff;
  4195: ffffff;
  4196: ffffff;
  4197: ffffff;
  4198: ffffff;
  4199: ffffff;
  4200: ffffff;
  4201: ffffff;
  4202: ffffff;
  4203: ffffff;
  4204: ffffff;
  4205: ffffff;
  4206: ffffff;
  4207: ffffff;
  4208: ffffff;
  4209: ffffff;
  4210: ffffff;
  4211: ffffff;
  4212: ffffff;
  4213: ffffff;
  4214: ffffff;
  4215: ffffff;
  4216: ffffff;
  4217: ffffff;
  4218: ffffff;
  4219: ffffff;
  4220: ffffff;
  4221: ffffff;
  4222: ffffff;
  4223: ffffff;
  4224: ffffff;
  4225: ffffff;
  4226: ffffff;
  4227: ffffff;
  4228: ffffff;
  4229: ffffff;
  4230: ffffff;
  4231: ffffff;
  4232: ffffff;
  4233: ffffff;
  4234: ffffff;
  4235: ffffff;
  4236: ffffff;
  4237: ffffff;
  4238: ffffff;
  4239: ffffff;
  4240: ffffff;
  4241: ffffff;
  4242: fffeff;
  4243: fffeff;
  4244: fffeff;
  4245: fffeff;
  4246: fffeff;
  4247: fffeff;
  4248: fffdff;
  4249: fffffd;
  4250: fefffa;
  4251: fffaf0;
  4252: ffc7be;
  4253: b94f3f;
  4254: e45439;
  4255: f25230;
  4256: ef5233;
  4257: ef5136;
  4258: f34e3a;
  4259: f34e3a;
  4260: f05036;
  4261: ed5233;
  4262: ed5331;
  4263: ef5231;
  4264: ec4f2c;
  4265: f15638;
  4266: e7523e;
  4267: c35345;
  4268: fff1e7;
  4269: fffbf5;
  4270: fffcff;
  4271: fffeff;
  4272: fdfdf5;
  4273: fffef6;
  4274: fff7f9;
  4275: fff5f8;
  4276: fffaf6;
  4277: fffbf4;
  4278: fff5ee;
  4279: fff7ef;
  4280: ffede4;
  4281: ffcdc3;
  4282: e36858;
  4283: e2523a;
  4284: ea5034;
  4285: ee5033;
  4286: f1563a;
  4287: ef5136;
  4288: f14f36;
  4289: f15034;
  4290: ef5134;
  4291: ef5134;
  4292: f14f36;
  4293: f34f36;
  4294: f14f36;
  4295: ef5136;
  4296: eb5534;
  4297: eb5230;
  4298: f35333;
  4299: f15137;
  4300: eb5846;
  4301: c75241;
  4302: c47b6a;
  4303: fff5e8;
  4304: fffbf8;
  4305: fefefe;
  4306: fffffb;
  4307: fdfcf8;
  4308: fffdff;
  4309: fffcff;
  4310: fff8ff;
  4311: fffdff;
  4312: fffeff;
  4313: fcfffd;
  4314: fcffff;
  4315: fcffff;
  4316: fffeff;
  4317: fffeff;
  4318: fffeff;
  4319: fffeff;
  4320: ffffff;
  4321: ffffff;
  4322: ffffff;
  4323: ffffff;
  4324: ffffff;
  4325: ffffff;
  4326: ffffff;
  4327: ffffff;
  4328: ffffff;
  4329: ffffff;
  4330: ffffff;
  4331: ffffff;
  4332: ffffff;
  4333: ffffff;
  4334: ffffff;
  4335: ffffff;
  4336: ffffff;
  4337: ffffff;
  4338: ffffff;
  4339: ffffff;
  4340: ffffff;
  4341: ffffff;
  4342: ffffff;
  4343: ffffff;
  4344: ffffff;
  4345: ffffff;
  4346: ffffff;
  4347: ffffff;
  4348: ffffff;
  4349: ffffff;
  4350: ffffff;
  4351: ffffff;
  4352: ffffff;
  4353: ffffff;
  4354: ffffff;
  4355: ffffff;
  4356: ffffff;
  4357: ffffff;
  4358: ffffff;
  4359: ffffff;
  4360: ffffff;
  4361: ffffff;
  4362: ffffff;
  4363: ffffff;
  4364: ffffff;
  4365: ffffff;
  4366: ffffff;
  4367: fffeff;
  4368: fffefd;
  4369: fffefd;
  4370: fffffd;
  4371: fffffd;
  4372: fffffd;
  4373: feffff;
  4374: feffff;
  4375: feffff;
  4376: fffdff;
  4377: fff8fd;
  4378: fffcfd;
  4379: fff2ea;
  4380: bc5946;
  4381: dc5238;
  4382: ef5134;
  4383: f35031;
  4384: f05131;
  4385: f05134;
  4386: f44d3a;
  4387: f34e3a;
  4388: ed5236;
  4389: ed5234;
  4390: f34f34;
  4391: f44f33;
  4392: f54f35;
  4393: f34f36;
  4394: ef5138;
  4395: d6553f;
  4396: feb09c;
  4397: fff3e4;
  4398: fffaf4;
  4399: feffff;
  4400: fdfdfb;
  4401: fffefd;
  4402: fffcff;
  4403: fffbff;
  4404: fffcff;
  4405: fff9f9;
  4406: fffff8;
  4407: fffdf4;
  4408: fff9f3;
  4409: fff2ec;
  4410: ffe6dc;
  4411: c75948;
  4412: e8533b;
  4413: f34e32;
  4414: f14f36;
  4415: f05036;
  4416: f34f36;
  4417: f15034;
  4418: ef5134;
  4419: ef5134;
  4420: f34f36;
  4421: f44e36;
  4422: f44e38;
  4423: f05036;
  4424: ed5435;
  4425: e95030;
  4426: f15131;
  4427: f04f33;
  4428: e94e38;
  4429: e15846;
  4430: c25747;
  4431: ffe8dd;
  4432: fff8f6;
  4433: fffdfe;
  4434: fffef8;
  4435: fffff6;
  4436: fef8f8;
  4437: fffcff;
  4438: ffffff;
  4439: fcffff;
  4440: fcffff;
  4441: fcffff;
  4442: ffffff;
  4443: fffffd;
  4444: ffffff;
  4445: feffff;
  4446: fefffd;
  4447: fefffd;
  4448: ffffff;
  4449: ffffff;
  4450: ffffff;
  4451: ffffff;
  4452: ffffff;
  4453: ffffff;
  4454: ffffff;
  4455: ffffff;
  4456: ffffff;
  4457: ffffff;
  4458: ffffff;
  4459: ffffff;
  4460: ffffff;
  4461: ffffff;
  4462: ffffff;
  4463: ffffff;
  4464: ffffff;
  4465: ffffff;
  4466: ffffff;
  4467: ffffff;
  4468: ffffff;
  4469: ffffff;
  4470: ffffff;
  4471: ffffff;
  4472: ffffff;
  4473: ffffff;
  4474: ffffff;
  4475: ffffff;
  4476: ffffff;
  4477: ffffff;
  4478: ffffff;
  4479: ffffff;
  4480: ffffff;
  4481: ffffff;
  4482: ffffff;
  4483: ffffff;
  4484: ffffff;
  4485: ffffff;
  4486: ffffff;
  4487: ffffff;
  4488: ffffff;
  4489: ffffff;
  4490: ffffff;
  4491: ffffff;
  4492: ffffff;
  4493: ffffff;
  4494: ffffff;
  4495: fffeff;
  4496: fffefd;
  4497: fffefd;
  4498: fffffd;
  4499: fefffd;
  4500: fefffb;
  4501: fcfffd;
  4502: fbffff;
  4503: feffff;
  4504: fffdff;
  4505: fff6fc;
  4506: fff4f3;
  4507: ffc4b9;
  4508: d3553e;
  4509: f05536;
  4510: f34f33;
  4511: f24f30;
  4512: f05131;
  4513: f05133;
  4514: f34e38;
  4515: f14f3a;
  4516: ec5238;
  4517: ed5236;
  4518: f44e34;
  4519: f74d34;
  4520: f84f38;
  4521: ee4a31;
  4522: f45336;
  4523: e7583a;
  4524: bd4f34;
  4525: f5ad97;
  4526: fff6ed;
  4527: fffdfa;
  4528: fffeff;
  4529: fefeff;
  4530: fffdff;
  4531: fcfaff;
  4532: fefbff;
  4533: fffeff;
  4534: fefffb;
  4535: fefff9;
  4536: fffbf8;
  4537: fffaf6;
  4538: fff1ea;
  4539: d48578;
  4540: e35642;
  4541: f64e34;
  4542: f04c31;
  4543: f45337;
  4544: f34f34;
  4545: f15034;
  4546: ef5233;
  4547: ef5233;
  4548: f34f34;
  4549: f44e36;
  4550: f44e38;
  4551: f14f38;
  4552: ee5337;
  4553: f05738;
  4554: ef5032;
  4555: ed4c2f;
  4556: f14f38;
  4557: e84f3d;
  4558: e25a4a;
  4559: e27d71;
  4560: ffeeec;
  4561: fffaf8;
  4562: fffdf6;
  4563: fffff6;
  4564: fffffb;
  4565: fefffd;
  4566: f7fbfa;
  4567: f9fffd;
  4568: fbffff;
  4569: fcffff;
  4570: fffeff;
  4571: fffffd;
  4572: ffffff;
  4573: feffff;
  4574: fcfffd;
  4575: fcfffd;
  4576: feffff;
  4577: ffffff;
  4578: ffffff;
  4579: ffffff;
  4580: ffffff;
  4581: ffffff;
  4582: ffffff;
  4583: ffffff;
  4584: ffffff;
  4585: ffffff;
  4586: ffffff;
  4587: ffffff;
  4588: ffffff;
  4589: ffffff;
  4590: ffffff;
  4591: ffffff;
  4592: ffffff;
  4593: ffffff;
  4594: ffffff;
  4595: ffffff;
  4596: ffffff;
  4597: ffffff;
  4598: ffffff;
  4599: ffffff;
  4600: ffffff;
  4601: ffffff;
  4602: ffffff;
  4603: ffffff;
  4604: ffffff;
  4605: ffffff;
  4606: ffffff;
  4607: ffffff;
  4608: ffffff;
  4609: ffffff;
  4610: ffffff;
  4611: ffffff;
  4612: ffffff;
  4613: ffffff;
  4614: ffffff;
  4615: ffffff;
  4616: ffffff;
  4617: ffffff;
  4618: ffffff;
  4619: ffffff;
  4620: ffffff;
  4621: ffffff;
  4622: ffffff;
  4623: ffffff;
  4624: ffffff;
  4625: feffff;
  4626: feffff;
  4627: fcffff;
  4628: fbfffb;
  4629: fbfffa;
  4630: f9fffb;
  4631: fcfffd;
  4632: fef8fa;
  4633: fff5f4;
  4634: ffc4b9;
  4635: d05847;
  4636: e6563b;
  4637: f15435;
  4638: ef4e31;
  4639: f15234;
  4640: ef5231;
  4641: ef5233;
  4642: f14f36;
  4643: f05038;
  4644: ec5238;
  4645: ed5236;
  4646: f44e34;
  4647: f64d36;
  4648: f14f38;
  4649: f25238;
  4650: ef5030;
  4651: ee5533;
  4652: e55636;
  4653: ce5c44;
  4654: efa99d;
  4655: fff6f1;
  4656: fffefb;
  4657: f8fefe;
  4658: fffeff;
  4659: fffdff;
  4660: fefcff;
  4661: fefeff;
  4662: f9f9f7;
  4663: fffffb;
  4664: ffffff;
  4665: fdf9f8;
  4666: fffbf8;
  4667: fff0e6;
  4668: ce4c3c;
  4669: f7523c;
  4670: f45035;
  4671: f14d32;
  4672: f15034;
  4673: f05134;
  4674: ef5233;
  4675: ef5233;
  4676: f15034;
  4677: f44e36;
  4678: f44e38;
  4679: f34e38;
  4680: ee5035;
  4681: eb5032;
  4682: f05133;
  4683: f65538;
  4684: f44e34;
  4685: f34e38;
  4686: e74b35;
  4687: d95747;
  4688: cd7d74;
  4689: ffeee8;
  4690: fffbf8;
  4691: fffffb;
  4692: f9fff8;
  4693: fbfffa;
  4694: ffffff;
  4695: ffffff;
  4696: fcffff;
  4697: fcffff;
  4698: feffff;
  4699: fffffd;
  4700: fffefd;
  4701: fffffd;
  4702: fcffff;
  4703: fbffff;
  4704: feffff;
  4705: ffffff;
  4706: ffffff;
  4707: ffffff;
  4708: ffffff;
  4709: ffffff;
  4710: ffffff;
  4711: ffffff;
  4712: ffffff;
  4713: ffffff;
  4714: ffffff;
  4715: ffffff;
  4716: ffffff;
  4717: ffffff;
  4718: ffffff;
  4719: ffffff;
  4720: ffffff;
  4721: ffffff;
  4722: ffffff;
  4723: ffffff;
  4724: ffffff;
  4725: ffffff;
  4726: ffffff;
  4727: ffffff;
  4728: ffffff;
  4729: ffffff;
  4730: ffffff;
  4731: ffffff;
  4732: ffffff;
  4733: ffffff;
  4734: ffffff;
  4735: ffffff;
  4736: ffffff;
  4737: ffffff;
  4738: ffffff;
  4739: ffffff;
  4740: ffffff;
  4741: ffffff;
  4742: ffffff;
  4743: ffffff;
  4744: ffffff;
  4745: ffffff;
  4746: ffffff;
  4747: ffffff;
  4748: ffffff;
  4749: ffffff;
  4750: ffffff;
  4751: ffffff;
  4752: ffffff;
  4753: ffffff;
  4754: feffff;
  4755: fcffff;
  4756: fbfffb;
  4757: fbfffa;
  4758: fbfffa;
  4759: fffef8;
  4760: fff6f3;
  4761: ffece4;
  4762: c04d3a;
  4763: e45439;
  4764: ed5236;
  4765: f04f32;
  4766: ef4f35;
  4767: f15235;
  4768: f05133;
  4769: f05133;
  4770: f05134;
  4771: ef5136;
  4772: ec5238;
  4773: ed5236;
  4774: f44e34;
  4775: f44e34;
  4776: f05038;
  4777: ee5035;
  4778: f35434;
  4779: ed4f2c;
  4780: ef5030;
  4781: e3593d;
  4782: b15445;
  4783: fff1e8;
  4784: fffaf5;
  4785: f8fffe;
  4786: ffffff;
  4787: fdf8fe;
  4788: fffdff;
  4789: fdfdff;
  4790: feffff;
  4791: fefffb;
  4792: f6fcfa;
  4793: fcfffd;
  4794: fefffb;
  4795: fff4eb;
  4796: ea7f6f;
  4797: e14c38;
  4798: f3553c;
  4799: f25135;
  4800: f15034;
  4801: f05134;
  4802: ef5233;
  4803: ef5233;
  4804: f05134;
  4805: f34f34;
  4806: f44e38;
  4807: f34e38;
  4808: f05036;
  4809: f15336;
  4810: ed4e30;
  4811: ef4e31;
  4812: f55034;
  4813: f24d31;
  4814: f75137;
  4815: ea553f;
  4816: c45343;
  4817: ffe8df;
  4818: fff6f2;
  4819: fffffa;
  4820: f7fef6;
  4821: fafff9;
  4822: fffdfe;
  4823: fef9fd;
  4824: ffffff;
  4825: feffff;
  4826: feffff;
  4827: fffffd;
  4828: fffefb;
  4829: fffefb;
  4830: fcffff;
  4831: fbffff;
  4832: feffff;
  4833: ffffff;
  4834: ffffff;
  4835: ffffff;
  4836: ffffff;
  4837: ffffff;
  4838: ffffff;
  4839: ffffff;
  4840: ffffff;
  4841: ffffff;
  4842: ffffff;
  4843: ffffff;
  4844: ffffff;
  4845: ffffff;
  4846: ffffff;
  4847: ffffff;
  4848: ffffff;
  4849: ffffff;
  4850: ffffff;
  4851: ffffff;
  4852: ffffff;
  4853: ffffff;
  4854: ffffff;
  4855: ffffff;
  4856: ffffff;
  4857: ffffff;
  4858: ffffff;
  4859: ffffff;
  4860: ffffff;
  4861: ffffff;
  4862: ffffff;
  4863: ffffff;
  4864: ffffff;
  4865: ffffff;
  4866: ffffff;
  4867: ffffff;
  4868: ffffff;
  4869: ffffff;
  4870: ffffff;
  4871: ffffff;
  4872: ffffff;
  4873: ffffff;
  4874: ffffff;
  4875: ffffff;
  4876: ffffff;
  4877: ffffff;
  4878: ffffff;
  4879: fffeff;
  4880: fffcff;
  4881: fffcff;
  4882: ffffff;
  4883: fefffd;
  4884: fcffff;
  4885: fcffff;
  4886: fefffb;
  4887: fff8f1;
  4888: ffc1b6;
  4889: c64e3d;
  4890: e2583c;
  4891: ea5433;
  4892: f45336;
  4893: f24e33;
  4894: f04e37;
  4895: f14f38;
  4896: f34f36;
  4897: f34f34;
  4898: f05134;
  4899: ef5134;
  4900: ef5136;
  4901: f05134;
  4902: f34f33;
  4903: f34f33;
  4904: f14f36;
  4905: ef4f35;
  4906: ee4f32;
  4907: f05133;
  4908: f45434;
  4909: de5135;
  4910: c35d47;
  4911: ffefdf;
  4912: fffcf3;
  4913: fbfffb;
  4914: fefffa;
  4915: fffdfe;
  4916: fffcff;
  4917: fffeff;
  4918: fcffff;
  4919: f5fff7;
  4920: f8fffa;
  4921: f6fff8;
  4922: f9fef7;
  4923: fff9ef;
  4924: ffe2d5;
  4925: d45c4b;
  4926: e4543c;
  4927: ee5035;
  4928: f05036;
  4929: f05134;
  4930: ef5233;
  4931: ed5233;
  4932: ef5233;
  4933: f05134;
  4934: f34f34;
  4935: f34f36;
  4936: f24e35;
  4937: f45239;
  4938: ee4f32;
  4939: f45537;
  4940: f05133;
  4941: ef4f2f;
  4942: f35333;
  4943: ed4f32;
  4944: e3523d;
  4945: c7594a;
  4946: fff1e6;
  4947: fff8f1;
  4948: fffffb;
  4949: fcfefd;
  4950: fffffd;
  4951: fffeff;
  4952: fffeff;
  4953: fffeff;
  4954: fffffd;
  4955: fffffb;
  4956: fffefb;
  4957: fffefd;
  4958: ffffff;
  4959: fffeff;
  4960: ffffff;
  4961: ffffff;
  4962: ffffff;
  4963: ffffff;
  4964: ffffff;
  4965: ffffff;
  4966: ffffff;
  4967: ffffff;
  4968: ffffff;
  4969: ffffff;
  4970: ffffff;
  4971: ffffff;
  4972: ffffff;
  4973: ffffff;
  4974: ffffff;
  4975: ffffff;
  4976: ffffff;
  4977: ffffff;
  4978: ffffff;
  4979: ffffff;
  4980: ffffff;
  4981: ffffff;
  4982: ffffff;
  4983: ffffff;
  4984: ffffff;
  4985: ffffff;
  4986: ffffff;
  4987: ffffff;
  4988: ffffff;
  4989: ffffff;
  4990: ffffff;
  4991: ffffff;
  4992: ffffff;
  4993: ffffff;
  4994: ffffff;
  4995: ffffff;
  4996: ffffff;
  4997: ffffff;
  4998: ffffff;
  4999: ffffff;
  5000: ffffff;
  5001: ffffff;
  5002: ffffff;
  5003: ffffff;
  5004: ffffff;
  5005: ffffff;
  5006: ffffff;
  5007: fffeff;
  5008: fffcff;
  5009: fffcff;
  5010: fffeff;
  5011: fefffd;
  5012: feffff;
  5013: fffeff;
  5014: fffbfa;
  5015: fff2e8;
  5016: c25141;
  5017: e6553a;
  5018: ea5431;
  5019: ed532f;
  5020: ef4e31;
  5021: f34f34;
  5022: f05038;
  5023: f14f38;
  5024: f44e38;
  5025: f44e36;
  5026: f05133;
  5027: ef5233;
  5028: f05134;
  5029: f15034;
  5030: f15131;
  5031: f15131;
  5032: f25135;
  5033: f05036;
  5034: f05237;
  5035: ef5136;
  5036: f05133;
  5037: e25539;
  5038: c15741;
  5039: ffecda;
  5040: fffbf1;
  5041: fafff9;
  5042: fffffa;
  5043: fefdfb;
  5044: fffdff;
  5045: fffdff;
  5046: fcfdff;
  5047: fbfffb;
  5048: f8fff9;
  5049: f8fff7;
  5050: fcfffa;
  5051: fff9f2;
  5052: ffece3;
  5053: c25848;
  5054: e0553e;
  5055: ef533a;
  5056: ef5136;
  5057: ef5136;
  5058: ef5134;
  5059: ed5233;
  5060: ed5233;
  5061: ef5233;
  5062: f05133;
  5063: f15034;
  5064: f44e34;
  5065: f34f34;
  5066: f25037;
  5067: ee4f32;
  5068: ed5031;
  5069: f25836;
  5070: ee512e;
  5071: ee5130;
  5072: f15137;
  5073: db5440;
  5074: d98271;
  5075: ffefe5;
  5076: fff7f6;
  5077: fffeff;
  5078: fffffd;
  5079: fffefc;
  5080: fffeff;
  5081: fffeff;
  5082: fffffd;
  5083: fffffd;
  5084: fffffd;
  5085: fffeff;
  5086: fffeff;
  5087: fffeff;
  5088: ffffff;
  5089: ffffff;
  5090: ffffff;
  5091: ffffff;
  5092: ffffff;
  5093: ffffff;
  5094: ffffff;
  5095: ffffff;
  5096: ffffff;
  5097: ffffff;
  5098: ffffff;
  5099: ffffff;
  5100: ffffff;
  5101: ffffff;
  5102: ffffff;
  5103: ffffff;
  5104: ffffff;
  5105: ffffff;
  5106: ffffff;
  5107: ffffff;
  5108: ffffff;
  5109: ffffff;
  5110: ffffff;
  5111: ffffff;
  5112: ffffff;
  5113: ffffff;
  5114: ffffff;
  5115: ffffff;
  5116: ffffff;
  5117: ffffff;
  5118: ffffff;
  5119: ffffff;
  5120: ffffff;
  5121: ffffff;
  5122: ffffff;
  5123: ffffff;
  5124: ffffff;
  5125: ffffff;
  5126: ffffff;
  5127: ffffff;
  5128: ffffff;
  5129: ffffff;
  5130: ffffff;
  5131: ffffff;
  5132: ffffff;
  5133: ffffff;
  5134: ffffff;
  5135: ffffff;
  5136: ffffff;
  5137: ffffff;
  5138: ffffff;
  5139: f9f9f9;
  5140: fcffff;
  5141: fffcfb;
  5142: fff2f0;
  5143: ffc3b7;
  5144: d85a43;
  5145: ea5433;
  5146: ef532d;
  5147: ef522f;
  5148: ef5134;
  5149: ef5136;
  5150: ef5136;
  5151: f05036;
  5152: f34f36;
  5153: f34f36;
  5154: f05133;
  5155: ef5233;
  5156: f15033;
  5157: f15033;
  5158: ef522f;
  5159: ef522f;
  5160: f05134;
  5161: f35339;
  5162: ec5037;
  5163: eb5137;
  5164: f05539;
  5165: de5438;
  5166: c05541;
  5167: ffeadd;
  5168: fff8f3;
  5169: fefffd;
  5170: fffffb;
  5171: fffdfe;
  5172: fffbff;
  5173: fffcff;
  5174: fffbff;
  5175: fffffd;
  5176: fcfdf8;
  5177: fffffa;
  5178: fffffd;
  5179: fff9f6;
  5180: ffebe6;
  5181: c3574b;
  5182: e0543d;
  5183: ef5438;
  5184: ef5138;
  5185: ef5136;
  5186: ef5134;
  5187: ef5233;
  5188: ed5233;
  5189: ed5331;
  5190: ef5231;
  5191: f05131;
  5192: f34f33;
  5193: f44e34;
  5194: f34f36;
  5195: f05036;
  5196: ed5236;
  5197: ea5334;
  5198: ea5433;
  5199: ec5333;
  5200: ec5133;
  5201: ea543b;
  5202: d64e38;
  5203: e47e70;
  5204: fff1ef;
  5205: fffafd;
  5206: fffdfe;
  5207: fbfffe;
  5208: fdfffc;
  5209: fefefc;
  5210: fffeff;
  5211: fffeff;
  5212: fffeff;
  5213: fefcfd;
  5214: fefcff;
  5215: fffeff;
  5216: ffffff;
  5217: ffffff;
  5218: ffffff;
  5219: ffffff;
  5220: ffffff;
  5221: ffffff;
  5222: ffffff;
  5223: ffffff;
  5224: ffffff;
  5225: ffffff;
  5226: ffffff;
  5227: ffffff;
  5228: ffffff;
  5229: ffffff;
  5230: ffffff;
  5231: ffffff;
  5232: ffffff;
  5233: ffffff;
  5234: ffffff;
  5235: ffffff;
  5236: ffffff;
  5237: ffffff;
  5238: ffffff;
  5239: ffffff;
  5240: ffffff;
  5241: ffffff;
  5242: ffffff;
  5243: ffffff;
  5244: ffffff;
  5245: ffffff;
  5246: ffffff;
  5247: ffffff;
  5248: ffffff;
  5249: ffffff;
  5250: ffffff;
  5251: ffffff;
  5252: ffffff;
  5253: ffffff;
  5254: ffffff;
  5255: ffffff;
  5256: ffffff;
  5257: ffffff;
  5258: ffffff;
  5259: ffffff;
  5260: ffffff;
  5261: ffffff;
  5262: ffffff;
  5263: ffffff;
  5264: fbfbf9;
  5265: fefffd;
  5266: fcfefd;
  5267: fffeff;
  5268: fffcfa;
  5269: fff5f0;
  5270: ffc5bd;
  5271: cc5d4c;
  5272: e2573a;
  5273: ed532f;
  5274: ef522f;
  5275: ef5231;
  5276: ef5134;
  5277: ef5136;
  5278: f05134;
  5279: f05134;
  5280: f14f36;
  5281: f05134;
  5282: ef5233;
  5283: ef5233;
  5284: f15033;
  5285: f15131;
  5286: ed532f;
  5287: ed5331;
  5288: ee5035;
  5289: f05239;
  5290: ed5339;
  5291: eb5135;
  5292: ec5236;
  5293: e3593f;
  5294: c75c4c;
  5295: ffece3;
  5296: fff8f6;
  5297: fcfcfc;
  5298: fefffb;
  5299: ffffff;
  5300: fffcff;
  5301: fffbff;
  5302: fffbff;
  5303: fffdfd;
  5304: fffefb;
  5305: fffdfc;
  5306: ffffff;
  5307: fff6f8;
  5308: ffebe2;
  5309: c55b4b;
  5310: dd5339;
  5311: ee5335;
  5312: ef5136;
  5313: ef5138;
  5314: f05036;
  5315: f05134;
  5316: ef5233;
  5317: ef5231;
  5318: ed532f;
  5319: ef522f;
  5320: f15131;
  5321: f34f34;
  5322: f34f36;
  5323: f14f38;
  5324: ef5138;
  5325: ec5236;
  5326: ea5334;
  5327: ea5334;
  5328: ed5233;
  5329: f35437;
  5330: f35138;
  5331: df5644;
  5332: ce7b73;
  5333: fff1ef;
  5334: fffcfb;
  5335: fbffff;
  5336: fcfffb;
  5337: fefffb;
  5338: fdfdfd;
  5339: fffdff;
  5340: fffeff;
  5341: fffeff;
  5342: ffffff;
  5343: ffffff;
  5344: ffffff;
  5345: ffffff;
  5346: ffffff;
  5347: ffffff;
  5348: ffffff;
  5349: ffffff;
  5350: ffffff;
  5351: ffffff;
  5352: ffffff;
  5353: ffffff;
  5354: ffffff;
  5355: ffffff;
  5356: ffffff;
  5357: ffffff;
  5358: ffffff;
  5359: ffffff;
  5360: ffffff;
  5361: ffffff;
  5362: ffffff;
  5363: ffffff;
  5364: ffffff;
  5365: ffffff;
  5366: ffffff;
  5367: ffffff;
  5368: ffffff;
  5369: ffffff;
  5370: ffffff;
  5371: ffffff;
  5372: ffffff;
  5373: ffffff;
  5374: ffffff;
  5375: ffffff;
  5376: ffffff;
  5377: ffffff;
  5378: ffffff;
  5379: ffffff;
  5380: ffffff;
  5381: ffffff;
  5382: ffffff;
  5383: ffffff;
  5384: ffffff;
  5385: ffffff;
  5386: ffffff;
  5387: ffffff;
  5388: ffffff;
  5389: ffffff;
  5390: ffffff;
  5391: fffeff;
  5392: fffefd;
  5393: fffffd;
  5394: f4fdf8;
  5395: fffefb;
  5396: fff5f4;
  5397: ffe7e0;
  5398: c84f3c;
  5399: e85237;
  5400: ef5134;
  5401: f05133;
  5402: ed5234;
  5403: ed5234;
  5404: f05134;
  5405: f34f34;
  5406: f44e36;
  5407: f34f36;
  5408: ef5134;
  5409: ed5233;
  5410: ef5134;
  5411: ef5134;
  5412: f05133;
  5413: f05133;
  5414: ed5331;
  5415: ec5333;
  5416: ec5037;
  5417: ec5238;
  5418: ec5334;
  5419: ed5434;
  5420: f25536;
  5421: e3533b;
  5422: bc4d42;
  5423: ffe9e7;
  5424: fff7f8;
  5425: fffdfe;
  5426: fcfffb;
  5427: fefffd;
  5428: fffaff;
  5429: fffaff;
  5430: fffefd;
  5431: fffffb;
  5432: fffdfd;
  5433: fffbff;
  5434: fcfbff;
  5435: fffafa;
  5436: ffefde;
  5437: bb5c40;
  5438: e05a37;
  5439: ed532f;
  5440: ef5134;
  5441: f05038;
  5442: f14f38;
  5443: f34f36;
  5444: f15033;
  5445: f05131;
  5446: ef522f;
  5447: ed532f;
  5448: f05131;
  5449: f05133;
  5450: f34f36;
  5451: f34e38;
  5452: f14f3a;
  5453: f0503a;
  5454: f05038;
  5455: ef5136;
  5456: ee5033;
  5457: ee4f31;
  5458: f34e32;
  5459: ec523a;
  5460: ce513f;
  5461: ffe8dc;
  5462: fff3ee;
  5463: fbfffc;
  5464: f9fff9;
  5465: fbfffd;
  5466: fbfdfc;
  5467: ffffff;
  5468: ffffff;
  5469: fefefe;
  5470: fbfdfc;
  5471: fdfffe;
  5472: ffffff;
  5473: ffffff;
  5474: ffffff;
  5475: ffffff;
  5476: ffffff;
  5477: ffffff;
  5478: ffffff;
  5479: ffffff;
  5480: ffffff;
  5481: ffffff;
  5482: ffffff;
  5483: ffffff;
  5484: ffffff;
  5485: ffffff;
  5486: ffffff;
  5487: ffffff;
  5488: ffffff;
  5489: ffffff;
  5490: ffffff;
  5491: ffffff;
  5492: ffffff;
  5493: ffffff;
  5494: ffffff;
  5495: ffffff;
  5496: ffffff;
  5497: ffffff;
  5498: ffffff;
  5499: ffffff;
  5500: ffffff;
  5501: ffffff;
  5502: ffffff;
  5503: ffffff;
  5504: ffffff;
  5505: ffffff;
  5506: ffffff;
  5507: ffffff;
  5508: ffffff;
  5509: ffffff;
  5510: ffffff;
  5511: ffffff;
  5512: ffffff;
  5513: ffffff;
  5514: ffffff;
  5515: ffffff;
  5516: ffffff;
  5517: ffffff;
  5518: ffffff;
  5519: fffeff;
  5520: fefaf9;
  5521: fffffd;
  5522: fbfffd;
  5523: fffbf4;
  5524: ffc3bd;
  5525: c45448;
  5526: e65236;
  5527: f5512e;
  5528: f44f31;
  5529: f15033;
  5530: ed5236;
  5531: ed5236;
  5532: f05134;
  5533: f34f34;
  5534: f44e36;
  5535: f34f36;
  5536: ef5233;
  5537: ed5233;
  5538: ef5134;
  5539: f05036;
  5540: ef5134;
  5541: ef5233;
  5542: ed5233;
  5543: ed5234;
  5544: f4553f;
  5545: eb4d34;
  5546: ec5230;
  5547: ef522f;
  5548: ee4d30;
  5549: e85840;
  5550: cc5d52;
  5551: ffeae5;
  5552: fff6f7;
  5553: fffffd;
  5554: fcfffb;
  5555: fcfffb;
  5556: fff9ff;
  5557: fffcff;
  5558: fffffb;
  5559: fefffa;
  5560: fffdff;
  5561: fff9ff;
  5562: fffdff;
  5563: fff9f9;
  5564: ffecd8;
  5565: c46547;
  5566: de5531;
  5567: f25431;
  5568: ef5134;
  5569: f05036;
  5570: f34e38;
  5571: f34e38;
  5572: f34f34;
  5573: f15033;
  5574: ef522f;
  5575: ed532f;
  5576: ef5231;
  5577: ef5233;
  5578: f14f36;
  5579: f34e38;
  5580: f34e3a;
  5581: f34e3a;
  5582: f34e38;
  5583: f14f36;
  5584: f25437;
  5585: ef5032;
  5586: f75236;
  5587: f04f33;
  5588: e9553b;
  5589: c5553f;
  5590: fff0e2;
  5591: fffbf3;
  5592: fffffa;
  5593: fbfffd;
  5594: fffffd;
  5595: fefcfd;
  5596: fdfdff;
  5597: feffff;
  5598: fcffff;
  5599: fbfffc;
  5600: feffff;
  5601: ffffff;
  5602: ffffff;
  5603: ffffff;
  5604: ffffff;
  5605: ffffff;
  5606: ffffff;
  5607: ffffff;
  5608: ffffff;
  5609: ffffff;
  5610: ffffff;
  5611: ffffff;
  5612: ffffff;
  5613: ffffff;
  5614: ffffff;
  5615: ffffff;
  5616: ffffff;
  5617: ffffff;
  5618: ffffff;
  5619: ffffff;
  5620: ffffff;
  5621: ffffff;
  5622: ffffff;
  5623: ffffff;
  5624: ffffff;
  5625: ffffff;
  5626: ffffff;
  5627: ffffff;
  5628: ffffff;
  5629: ffffff;
  5630: ffffff;
  5631: ffffff;
  5632: ffffff;
  5633: ffffff;
  5634: ffffff;
  5635: ffffff;
  5636: ffffff;
  5637: ffffff;
  5638: ffffff;
  5639: ffffff;
  5640: ffffff;
  5641: ffffff;
  5642: ffffff;
  5643: ffffff;
  5644: ffffff;
  5645: ffffff;
  5646: ffffff;
  5647: ffffff;
  5648: fffffd;
  5649: fffffb;
  5650: fffdfa;
  5651: fff2eb;
  5652: b9493b;
  5653: ea543c;
  5654: e74d2b;
  5655: f0522d;
  5656: f0522f;
  5657: f05131;
  5658: ef5134;
  5659: ef5136;
  5660: ef5136;
  5661: ef5136;
  5662: f05038;
  5663: f05036;
  5664: f05131;
  5665: f05131;
  5666: f14f36;
  5667: f05036;
  5668: ed5234;
  5669: ed5233;
  5670: f05134;
  5671: f14f36;
  5672: f24c36;
  5673: f54f37;
  5674: f45130;
  5675: f25230;
  5676: f35235;
  5677: de5136;
  5678: c45b46;
  5679: ffeddf;
  5680: fff6f1;
  5681: fdfffa;
  5682: fefffa;
  5683: fcfffa;
  5684: fcffff;
  5685: fbffff;
  5686: f9fffa;
  5687: fafff8;
  5688: fffcfd;
  5689: fffbff;
  5690: fef7fe;
  5691: fff7f7;
  5692: ffe8da;
  5693: c15d46;
  5694: e45239;
  5695: f24d31;
  5696: f15034;
  5697: f05134;
  5698: f14f38;
  5699: f34e38;
  5700: f34e38;
  5701: f15034;
  5702: f05131;
  5703: ef5231;
  5704: ed5331;
  5705: ed5233;
  5706: f05036;
  5707: f14f38;
  5708: f44d3a;
  5709: f44d3a;
  5710: f44e36;
  5711: f34f34;
  5712: ed4e31;
  5713: f05235;
  5714: ed4d33;
  5715: ee5033;
  5716: f25738;
  5717: dc5538;
  5718: dc7763;
  5719: ffe9de;
  5720: fffbf4;
  5721: f9fbf8;
  5722: fffffa;
  5723: fffefb;
  5724: fffeff;
  5725: fafbff;
  5726: fafefd;
  5727: fcfffd;
  5728: feffff;
  5729: ffffff;
  5730: ffffff;
  5731: ffffff;
  5732: ffffff;
  5733: ffffff;
  5734: ffffff;
  5735: ffffff;
  5736: ffffff;
  5737: ffffff;
  5738: ffffff;
  5739: ffffff;
  5740: ffffff;
  5741: ffffff;
  5742: ffffff;
  5743: ffffff;
  5744: ffffff;
  5745: ffffff;
  5746: ffffff;
  5747: ffffff;
  5748: ffffff;
  5749: ffffff;
  5750: ffffff;
  5751: ffffff;
  5752: ffffff;
  5753: ffffff;
  5754: ffffff;
  5755: ffffff;
  5756: ffffff;
  5757: ffffff;
  5758: ffffff;
  5759: ffffff;
  5760: ffffff;
  5761: ffffff;
  5762: ffffff;
  5763: ffffff;
  5764: ffffff;
  5765: ffffff;
  5766: ffffff;
  5767: ffffff;
  5768: ffffff;
  5769: ffffff;
  5770: ffffff;
  5771: ffffff;
  5772: ffffff;
  5773: ffffff;
  5774: ffffff;
  5775: fffffd;
  5776: fefefc;
  5777: fffbf6;
  5778: fff4ef;
  5779: ffc5ba;
  5780: e15442;
  5781: f54b31;
  5782: ef522f;
  5783: ed5530;
  5784: ef522f;
  5785: f05131;
  5786: f05134;
  5787: f05036;
  5788: ef5136;
  5789: ed5236;
  5790: ed5236;
  5791: ef5134;
  5792: f05131;
  5793: f15131;
  5794: f34f36;
  5795: f05036;
  5796: ed5234;
  5797: ec5334;
  5798: f05036;
  5799: f34f36;
  5800: f54c35;
  5801: fc5439;
  5802: f24d2d;
  5803: ed4d2b;
  5804: f65539;
  5805: e7553c;
  5806: d45e44;
  5807: ffc8b4;
  5808: fff8f1;
  5809: fffffd;
  5810: fcfdf7;
  5811: fdfff9;
  5812: fbfffd;
  5813: f8fffc;
  5814: f8fffc;
  5815: fcfffd;
  5816: fffcfb;
  5817: fffcff;
  5818: fffcff;
  5819: fffafa;
  5820: fff2ea;
  5821: c97769;
  5822: d35644;
  5823: ec563e;
  5824: ef5134;
  5825: f05133;
  5826: f05038;
  5827: f0503a;
  5828: f14f3a;
  5829: f14f38;
  5830: f15034;
  5831: ef5233;
  5832: ed5331;
  5833: ed5233;
  5834: ef5136;
  5835: f14f38;
  5836: f34e38;
  5837: f44e36;
  5838: f34f34;
  5839: f15034;
  5840: f55639;
  5841: e84d31;
  5842: ef5438;
  5843: ef5436;
  5844: ee4d30;
  5845: eb5135;
  5846: d6523b;
  5847: e1806f;
  5848: fff3ea;
  5849: fffcf6;
  5850: fffbf7;
  5851: fdfcfa;
  5852: fffeff;
  5853: fefdff;
  5854: fbfdfa;
  5855: fafffb;
  5856: feffff;
  5857: ffffff;
  5858: ffffff;
  5859: ffffff;
  5860: ffffff;
  5861: ffffff;
  5862: ffffff;
  5863: ffffff;
  5864: ffffff;
  5865: ffffff;
  5866: ffffff;
  5867: ffffff;
  5868: ffffff;
  5869: ffffff;
  5870: ffffff;
  5871: ffffff;
  5872: ffffff;
  5873: ffffff;
  5874: ffffff;
  5875: ffffff;
  5876: ffffff;
  5877: ffffff;
  5878: ffffff;
  5879: ffffff;
  5880: ffffff;
  5881: ffffff;
  5882: ffffff;
  5883: ffffff;
  5884: ffffff;
  5885: ffffff;
  5886: ffffff;
  5887: ffffff;
  5888: ffffff;
  5889: ffffff;
  5890: ffffff;
  5891: ffffff;
  5892: ffffff;
  5893: ffffff;
  5894: ffffff;
  5895: ffffff;
  5896: ffffff;
  5897: ffffff;
  5898: ffffff;
  5899: ffffff;
  5900: ffffff;
  5901: ffffff;
  5902: ffffff;
  5903: fffffd;
  5904: fdfffc;
  5905: fff8f1;
  5906: ffc7ba;
  5907: d15646;
  5908: ee533f;
  5909: f8523a;
  5910: ed4f32;
  5911: ed5434;
  5912: ed5233;
  5913: ef5233;
  5914: f15034;
  5915: f15034;
  5916: f05134;
  5917: ef5134;
  5918: ef5233;
  5919: ef5233;
  5920: f05131;
  5921: f15033;
  5922: f34f36;
  5923: f05036;
  5924: ed5234;
  5925: ec5334;
  5926: ef5136;
  5927: f15034;
  5928: f34f33;
  5929: f04d2e;
  5930: f25333;
  5931: f15234;
  5932: ed4b36;
  5933: f55641;
  5934: e45334;
  5935: bf553b;
  5936: ffece6;
  5937: fffcff;
  5938: fffdfa;
  5939: fcfdf8;
  5940: fefffd;
  5941: fafefd;
  5942: fefdff;
  5943: fffeff;
  5944: fefefe;
  5945: fdfffc;
  5946: fefffd;
  5947: fffefb;
  5948: fffbf8;
  5949: fff1ea;
  5950: ffe2d5;
  5951: cb5843;
  5952: e65536;
  5953: f15131;
  5954: ef5136;
  5955: ed513a;
  5956: ef503b;
  5957: f0503a;
  5958: f14f36;
  5959: f05134;
  5960: ef5233;
  5961: ed5233;
  5962: ef5134;
  5963: f05036;
  5964: f14f36;
  5965: f05134;
  5966: ef5233;
  5967: ef5233;
  5968: eb4d32;
  5969: f2563d;
  5970: eb5437;
  5971: eb5233;
  5972: f25037;
  5973: f35138;
  5974: e95139;
  5975: d45741;
  5976: ca7b6a;
  5977: ffece3;
  5978: fffbfb;
  5979: fdfeff;
  5980: fefcff;
  5981: fffeff;
  5982: fffffd;
  5983: fdfffc;
  5984: ffffff;
  5985: ffffff;
  5986: ffffff;
  5987: ffffff;
  5988: ffffff;
  5989: ffffff;
  5990: ffffff;
  5991: ffffff;
  5992: ffffff;
  5993: ffffff;
  5994: ffffff;
  5995: ffffff;
  5996: ffffff;
  5997: ffffff;
  5998: ffffff;
  5999: ffffff;
  6000: ffffff;
  6001: ffffff;
  6002: ffffff;
  6003: ffffff;
  6004: ffffff;
  6005: ffffff;
  6006: ffffff;
  6007: ffffff;
  6008: ffffff;
  6009: ffffff;
  6010: ffffff;
  6011: ffffff;
  6012: ffffff;
  6013: ffffff;
  6014: ffffff;
  6015: ffffff;
  6016: feffff;
  6017: feffff;
  6018: ffffff;
  6019: ffffff;
  6020: ffffff;
  6021: fffffd;
  6022: fffeff;
  6023: fffeff;
  6024: ffffff;
  6025: ffffff;
  6026: fffeff;
  6027: fffeff;
  6028: fffeff;
  6029: fffffd;
  6030: fffffd;
  6031: fffcfa;
  6032: fff7ef;
  6033: ffedde;
  6034: c34e3c;
  6035: eb5640;
  6036: ee4e38;
  6037: f24d37;
  6038: ef5136;
  6039: ec5236;
  6040: ed5234;
  6041: ef5134;
  6042: f15034;
  6043: f15034;
  6044: f15034;
  6045: f05134;
  6046: f05133;
  6047: f05131;
  6048: f05133;
  6049: f15033;
  6050: f14f36;
  6051: f05036;
  6052: ed5234;
  6053: ed5234;
  6054: ef5136;
  6055: f05134;
  6056: f04f32;
  6057: f25232;
  6058: ef5231;
  6059: f05235;
  6060: f24f3c;
  6061: f04e39;
  6062: f05133;
  6063: da593c;
  6064: ffc8bd;
  6065: fff1ee;
  6066: fffaf6;
  6067: fffdf7;
  6068: fffffa;
  6069: ffffff;
  6070: fffdff;
  6071: fffcff;
  6072: fcffff;
  6073: fafffe;
  6074: fbfffd;
  6075: fafffb;
  6076: fdfffe;
  6077: fffbfa;
  6078: fff3ea;
  6079: c97b67;
  6080: da5a3d;
  6081: ea5433;
  6082: ed5236;
  6083: ed5138;
  6084: ef5138;
  6085: f05038;
  6086: f05038;
  6087: f05036;
  6088: ef5134;
  6089: ed5233;
  6090: ef5233;
  6091: ef5233;
  6092: ef5233;
  6093: ef5233;
  6094: ef5233;
  6095: ef5233;
  6096: ed5236;
  6097: ee5337;
  6098: eb5233;
  6099: f05537;
  6100: f25039;
  6101: ee4832;
  6102: f55438;
  6103: e5553a;
  6104: c7573f;
  6105: ffe9da;
  6106: fff6f3;
  6107: fffdff;
  6108: fffdff;
  6109: fffafc;
  6110: fffffd;
  6111: fffffd;
  6112: fffffd;
  6113: fffffd;
  6114: feffff;
  6115: feffff;
  6116: ffffff;
  6117: fffeff;
  6118: fffeff;
  6119: ffffff;
  6120: ffffff;
  6121: ffffff;
  6122: fffeff;
  6123: fffeff;
  6124: fffeff;
  6125: fffeff;
  6126: fffeff;
  6127: fffeff;
  6128: ffffff;
  6129: ffffff;
  6130: ffffff;
  6131: ffffff;
  6132: ffffff;
  6133: ffffff;
  6134: ffffff;
  6135: ffffff;
  6136: ffffff;
  6137: ffffff;
  6138: ffffff;
  6139: ffffff;
  6140: ffffff;
  6141: ffffff;
  6142: ffffff;
  6143: ffffff;
  6144: f9fffd;
  6145: fbffff;
  6146: fffdff;
  6147: fffeff;
  6148: fefffd;
  6149: fffffb;
  6150: fffeff;
  6151: fffdff;
  6152: ffffff;
  6153: ffffff;
  6154: fffdff;
  6155: fffcfe;
  6156: fffefd;
  6157: fffefa;
  6158: fffffb;
  6159: fff6ee;
  6160: ffc1ae;
  6161: cb4f37;
  6162: e3563b;
  6163: eb5137;
  6164: f15338;
  6165: ef4f35;
  6166: f05235;
  6167: ed4f32;
  6168: f05134;
  6169: f05134;
  6170: f15034;
  6171: f15034;
  6172: f15034;
  6173: f15034;
  6174: f15034;
  6175: f05133;
  6176: f05134;
  6177: f05134;
  6178: f05134;
  6179: f05134;
  6180: ef5134;
  6181: ef5134;
  6182: f05134;
  6183: f05134;
  6184: f05134;
  6185: f05133;
  6186: f05133;
  6187: f05134;
  6188: f05036;
  6189: f05036;
  6190: f05134;
  6191: e65538;
  6192: d45a45;
  6193: fda494;
  6194: fff2e5;
  6195: fff9ef;
  6196: fffff6;
  6197: fefff9;
  6198: fffdfe;
  6199: fffcff;
  6200: fcffff;
  6201: f9ffff;
  6202: f7fffd;
  6203: f9fffd;
  6204: fafeff;
  6205: fffefd;
  6206: fffaf6;
  6207: fff0e2;
  6208: d36f55;
  6209: de5737;
  6210: eb5435;
  6211: f05133;
  6212: ef5030;
  6213: f35436;
  6214: f15137;
  6215: ed4d35;
  6216: f05036;
  6217: ef5134;
  6218: ed5331;
  6219: ec542f;
  6220: ec5331;
  6221: ed5331;
  6222: f15034;
  6223: f15034;
  6224: ed5233;
  6225: ed5233;
  6226: ef5233;
  6227: f05134;
  6228: f14f38;
  6229: f34f36;
  6230: f34f33;
  6231: ed5233;
  6232: e3563a;
  6233: c15741;
  6234: fff1e4;
  6235: fff9f6;
  6236: fff9fc;
  6237: fffcff;
  6238: fffefd;
  6239: fdfcf8;
  6240: fffffb;
  6241: fffffb;
  6242: fbfffd;
  6243: fcfffd;
  6244: ffffff;
  6245: fffdff;
  6246: fffdff;
  6247: fffeff;
  6248: ffffff;
  6249: ffffff;
  6250: fffeff;
  6251: fffeff;
  6252: fffefd;
  6253: fffefd;
  6254: fffefd;
  6255: fffefd;
  6256: fffeff;
  6257: ffffff;
  6258: ffffff;
  6259: ffffff;
  6260: ffffff;
  6261: ffffff;
  6262: ffffff;
  6263: ffffff;
  6264: ffffff;
  6265: ffffff;
  6266: ffffff;
  6267: ffffff;
  6268: ffffff;
  6269: ffffff;
  6270: ffffff;
  6271: ffffff;
  6272: f9fffd;
  6273: fcffff;
  6274: fffdff;
  6275: fffdff;
  6276: ffffff;
  6277: fefffb;
  6278: fffffd;
  6279: fffeff;
  6280: fcfcfe;
  6281: ffffff;
  6282: fffeff;
  6283: fffcfe;
  6284: fffefd;
  6285: fffdfa;
  6286: fff6f0;
  6287: ffefe3;
  6288: c1472f;
  6289: eb5032;
  6290: ec5133;
  6291: eb5032;
  6292: f35538;
  6293: ec4e31;
  6294: f35437;
  6295: f35437;
  6296: f15034;
  6297: f15034;
  6298: f15034;
  6299: f15034;
  6300: f15034;
  6301: f15034;
  6302: f15034;
  6303: f15034;
  6304: f05134;
  6305: f05134;
  6306: f05134;
  6307: f05134;
  6308: f05134;
  6309: f05134;
  6310: f05134;
  6311: f05134;
  6312: f05134;
  6313: f05134;
  6314: f05134;
  6315: f05134;
  6316: f05134;
  6317: f05134;
  6318: f05134;
  6319: ed5236;
  6320: e85239;
  6321: c74e39;
  6322: ba7361;
  6323: fff5e9;
  6324: fffcf6;
  6325: fffffd;
  6326: fffcfc;
  6327: fffcfd;
  6328: fff9f9;
  6329: fff5f4;
  6330: fffffd;
  6331: fefffd;
  6332: fbfdfc;
  6333: ffffff;
  6334: fdfcfa;
  6335: fff8f1;
  6336: ffe2d2;
  6337: ca614b;
  6338: de583b;
  6339: ea5433;
  6340: f15433;
  6341: eb4a2d;
  6342: f4523b;
  6343: f4523d;
  6344: f14f3a;
  6345: f14f36;
  6346: ef5233;
  6347: ec5331;
  6348: ea5431;
  6349: ed5233;
  6350: f34f36;
  6351: f34f34;
  6352: ed5233;
  6353: ed5331;
  6354: f15033;
  6355: f34f34;
  6356: f34e38;
  6357: f14f36;
  6358: f34f33;
  6359: f15033;
  6360: ee5335;
  6361: de5a41;
  6362: ce7263;
  6363: ffefe6;
  6364: fff5f5;
  6365: fffafb;
  6366: fffefb;
  6367: fdfef9;
  6368: fffffd;
  6369: fffffd;
  6370: fbfffd;
  6371: fcfffd;
  6372: fffeff;
  6373: fffdff;
  6374: fffdff;
  6375: fffeff;
  6376: feffff;
  6377: feffff;
  6378: fffffd;
  6379: fffefd;
  6380: fffefd;
  6381: fffeff;
  6382: fffeff;
  6383: fffeff;
  6384: ffffff;
  6385: ffffff;
  6386: ffffff;
  6387: ffffff;
  6388: ffffff;
  6389: ffffff;
  6390: ffffff;
  6391: ffffff;
  6392: ffffff;
  6393: ffffff;
  6394: ffffff;
  6395: ffffff;
  6396: ffffff;
  6397: ffffff;
  6398: ffffff;
  6399: ffffff;
  6400: fffffb;
  6401: fffffd;
  6402: fffdff;
  6403: fffdff;
  6404: ffffff;
  6405: fefffd;
  6406: fcfffb;
  6407: fcfffd;
  6408: feffff;
  6409: feffff;
  6410: fffffd;
  6411: fffffd;
  6412: f9fafe;
  6413: fffafb;
  6414: fff0e8;
  6415: b65b49;
  6416: e05a41;
  6417: f15638;
  6418: ec4e31;
  6419: f25437;
  6420: ed4e31;
  6421: f05134;
  6422: f45538;
  6423: ec4d30;
  6424: f15034;
  6425: f15034;
  6426: f15034;
  6427: f15034;
  6428: f15034;
  6429: f15034;
  6430: f15034;
  6431: f15034;
  6432: f05134;
  6433: f05134;
  6434: f05134;
  6435: f05134;
  6436: f05134;
  6437: f05134;
  6438: f05134;
  6439: f05134;
  6440: f05134;
  6441: f05134;
  6442: f05134;
  6443: f05134;
  6444: f05134;
  6445: f05134;
  6446: f05134;
  6447: ef5136;
  6448: ef533d;
  6449: df5844;
  6450: c06351;
  6451: ffefe4;
  6452: fff3f7;
  6453: fffaff;
  6454: fffdff;
  6455: fff8f6;
  6456: fff3ed;
  6457: efc4be;
  6458: fff4f2;
  6459: fffcfb;
  6460: fffffd;
  6461: feffff;
  6462: fcfcfc;
  6463: fffcfd;
  6464: fff7f8;
  6465: ffece5;
  6466: d26c55;
  6467: db5437;
  6468: ee543c;
  6469: f14c36;
  6470: f14c38;
  6471: f34e3a;
  6472: f64c3b;
  6473: f64d3a;
  6474: f14f38;
  6475: ef5136;
  6476: ec5334;
  6477: ed5234;
  6478: f15034;
  6479: f15034;
  6480: ef5233;
  6481: ef5233;
  6482: f34f36;
  6483: f44e36;
  6484: f34f36;
  6485: f34f36;
  6486: f34e38;
  6487: f14f38;
  6488: eb5034;
  6489: e9553b;
  6490: e45545;
  6491: c8584d;
  6492: ffebe3;
  6493: fffbf4;
  6494: fafcf7;
  6495: f9ffff;
  6496: feffff;
  6497: ffffff;
  6498: feffff;
  6499: fffffd;
  6500: fffeff;
  6501: fffeff;
  6502: fffeff;
  6503: feffff;
  6504: fbffff;
  6505: fcfffb;
  6506: fffffa;
  6507: fffffb;
  6508: fffeff;
  6509: fffeff;
  6510: fffeff;
  6511: feffff;
  6512: ffffff;
  6513: ffffff;
  6514: ffffff;
  6515: ffffff;
  6516: ffffff;
  6517: ffffff;
  6518: ffffff;
  6519: ffffff;
  6520: ffffff;
  6521: ffffff;
  6522: ffffff;
  6523: ffffff;
  6524: ffffff;
  6525: ffffff;
  6526: ffffff;
  6527: ffffff;
  6528: fffefa;
  6529: fffefd;
  6530: fffeff;
  6531: fffeff;
  6532: ffffff;
  6533: fefffd;
  6534: fcfffb;
  6535: fbfffb;
  6536: fcffff;
  6537: fdfffe;
  6538: fefffd;
  6539: fefefc;
  6540: fffdff;
  6541: fff2f1;
  6542: ffbfb1;
  6543: d75e49;
  6544: e35338;
  6545: e64b2d;
  6546: f35538;
  6547: f05235;
  6548: ef5033;
  6549: f15235;
  6550: ee4f32;
  6551: f25336;
  6552: f15034;
  6553: f15034;
  6554: f15034;
  6555: f15034;
  6556: f15034;
  6557: f15034;
  6558: f15034;
  6559: f15034;
  6560: f05134;
  6561: f05134;
  6562: f05134;
  6563: f05134;
  6564: f05134;
  6565: f05134;
  6566: f05134;
  6567: f05134;
  6568: f05134;
  6569: f05134;
  6570: f05134;
  6571: f05134;
  6572: f05134;
  6573: f05134;
  6574: f05134;
  6575: f05036;
  6576: ef503a;
  6577: e15440;
  6578: c35a47;
  6579: ffe6dd;
  6580: fff6fd;
  6581: fffbff;
  6582: fffbff;
  6583: fff8f4;
  6584: ffece1;
  6585: 965245;
  6586: f4bdb6;
  6587: fff1ec;
  6588: fffaf8;
  6589: feffff;
  6590: ffffff;
  6591: fffdff;
  6592: fefcff;
  6593: fff6f7;
  6594: ffe4d8;
  6595: cd5d49;
  6596: e85541;
  6597: f04e37;
  6598: f15137;
  6599: f04e37;
  6600: f64d3a;
  6601: f64d3a;
  6602: f44d3a;
  6603: f14f36;
  6604: ed5234;
  6605: ed5234;
  6606: f05134;
  6607: f05134;
  6608: f05134;
  6609: f05036;
  6610: f34f36;
  6611: f34f36;
  6612: f34f36;
  6613: f34f36;
  6614: f34e3a;
  6615: f0503a;
  6616: ec5236;
  6617: ee5337;
  6618: f54f39;
  6619: df5240;
  6620: cb7a69;
  6621: fff6ea;
  6622: fffff8;
  6623: f8ffff;
  6624: fffeff;
  6625: fffdff;
  6626: feffff;
  6627: feffff;
  6628: fffeff;
  6629: fffeff;
  6630: feffff;
  6631: fcffff;
  6632: fbfffd;
  6633: fcfffa;
  6634: fefff8;
  6635: fffffa;
  6636: ffffff;
  6637: fffeff;
  6638: feffff;
  6639: feffff;
  6640: ffffff;
  6641: ffffff;
  6642: ffffff;
  6643: ffffff;
  6644: ffffff;
  6645: ffffff;
  6646: ffffff;
  6647: ffffff;
  6648: ffffff;
  6649: ffffff;
  6650: ffffff;
  6651: ffffff;
  6652: ffffff;
  6653: ffffff;
  6654: ffffff;
  6655: ffffff;
  6656: fffefb;
  6657: fffffd;
  6658: fffeff;
  6659: ffffff;
  6660: feffff;
  6661: fefffd;
  6662: fffffd;
  6663: fffffd;
  6664: fbfdfa;
  6665: fefffd;
  6666: feffff;
  6667: fffcf9;
  6668: fff8f4;
  6669: ffeee4;
  6670: c24f3c;
  6671: e45239;
  6672: ef5539;
  6673: f35538;
  6674: ef5134;
  6675: ea4c2f;
  6676: f35437;
  6677: ef5033;
  6678: f05134;
  6679: f25336;
  6680: f05134;
  6681: f05134;
  6682: f05134;
  6683: f05134;
  6684: f05134;
  6685: f05134;
  6686: f05134;
  6687: f05134;
  6688: f05134;
  6689: f05134;
  6690: f05134;
  6691: f05134;
  6692: f05134;
  6693: f05134;
  6694: f05134;
  6695: f05134;
  6696: f05134;
  6697: f05134;
  6698: f05134;
  6699: f05134;
  6700: f05134;
  6701: f05134;
  6702: f05134;
  6703: f05134;
  6704: ee5037;
  6705: e65a43;
  6706: ca6352;
  6707: ffeee3;
  6708: fff5f7;
  6709: fffeff;
  6710: fffbff;
  6711: fff7f6;
  6712: ffeedf;
  6713: b5604c;
  6714: b45446;
  6715: ffeae1;
  6716: fff9f4;
  6717: fcfefd;
  6718: fffeff;
  6719: fefcfd;
  6720: fbfffe;
  6721: fffcfb;
  6722: ffeff2;
  6723: c8736e;
  6724: e05945;
  6725: ed5233;
  6726: ea5431;
  6727: ec5633;
  6728: f05036;
  6729: f34f36;
  6730: f44e36;
  6731: f34f34;
  6732: ef5233;
  6733: ed5233;
  6734: ef5134;
  6735: f05036;
  6736: f44d3a;
  6737: f34e38;
  6738: f05134;
  6739: ef5134;
  6740: f05036;
  6741: f14f38;
  6742: f14f38;
  6743: ef5138;
  6744: ed5435;
  6745: e95030;
  6746: f15033;
  6747: ea563c;
  6748: c9573f;
  6749: ffe9d8;
  6750: fff3e8;
  6751: fefffd;
  6752: fffdff;
  6753: fffeff;
  6754: f9ffff;
  6755: f8ffff;
  6756: fefffd;
  6757: fffffd;
  6758: ffffff;
  6759: feffff;
  6760: fefffd;
  6761: fcfffa;
  6762: fbfff8;
  6763: fbfffa;
  6764: fcffff;
  6765: feffff;
  6766: fffeff;
  6767: fffeff;
  6768: ffffff;
  6769: ffffff;
  6770: ffffff;
  6771: ffffff;
  6772: ffffff;
  6773: ffffff;
  6774: ffffff;
  6775: ffffff;
  6776: ffffff;
  6777: ffffff;
  6778: ffffff;
  6779: ffffff;
  6780: ffffff;
  6781: ffffff;
  6782: ffffff;
  6783: ffffff;
  6784: fffffd;
  6785: fffffd;
  6786: ffffff;
  6787: ffffff;
  6788: fefffd;
  6789: fefffd;
  6790: fffffd;
  6791: fffffd;
  6792: fffffd;
  6793: fcfcfa;
  6794: fffdfd;
  6795: fff6f4;
  6796: ffeee3;
  6797: b35a48;
  6798: df573f;
  6799: f05235;
  6800: ee5033;
  6801: ec4e31;
  6802: ed4f32;
  6803: f35538;
  6804: f05134;
  6805: ec4d30;
  6806: ef5033;
  6807: ef5033;
  6808: f05134;
  6809: f05134;
  6810: f05134;
  6811: f05134;
  6812: f05134;
  6813: f05134;
  6814: f05134;
  6815: f05134;
  6816: f05134;
  6817: f05134;
  6818: f05134;
  6819: f05134;
  6820: f05134;
  6821: f05134;
  6822: f05134;
  6823: f05134;
  6824: f05134;
  6825: f05134;
  6826: f05134;
  6827: f05134;
  6828: f05134;
  6829: f05134;
  6830: f05134;
  6831: f05134;
  6832: f14f36;
  6833: e1553e;
  6834: c05b49;
  6835: ffeee3;
  6836: fffaf6;
  6837: fcfdff;
  6838: fffeff;
  6839: fff6f4;
  6840: ffeedd;
  6841: ba5a42;
  6842: d75e49;
  6843: b95241;
  6844: fff2e9;
  6845: fffcf7;
  6846: fffefb;
  6847: fffeff;
  6848: feffff;
  6849: fffdfe;
  6850: fff4fd;
  6851: ffeeef;
  6852: ce6756;
  6853: db5a3b;
  6854: e35733;
  6855: e8542e;
  6856: ed5234;
  6857: f14f36;
  6858: f44e34;
  6859: f44e34;
  6860: f05134;
  6861: ef5134;
  6862: ef5134;
  6863: f05036;
  6864: f44d3a;
  6865: f34e3a;
  6866: ed5236;
  6867: ed5234;
  6868: f05036;
  6869: f05036;
  6870: f05036;
  6871: ef5134;
  6872: eb5232;
  6873: eb512f;
  6874: f25532;
  6875: ea5131;
  6876: e05439;
  6877: c35844;
  6878: fff0e3;
  6879: fff2ee;
  6880: fffaff;
  6881: fffeff;
  6882: f9ffff;
  6883: f8fffd;
  6884: fcfffd;
  6885: fefffd;
  6886: ffffff;
  6887: ffffff;
  6888: fffffd;
  6889: fefffb;
  6890: fcfffb;
  6891: fbfffd;
  6892: fbffff;
  6893: fcffff;
  6894: fffeff;
  6895: fffeff;
  6896: ffffff;
  6897: ffffff;
  6898: ffffff;
  6899: ffffff;
  6900: ffffff;
  6901: ffffff;
  6902: ffffff;
  6903: ffffff;
  6904: ffffff;
  6905: ffffff;
  6906: ffffff;
  6907: ffffff;
  6908: ffffff;
  6909: ffffff;
  6910: ffffff;
  6911: ffffff;
  6912: ffffff;
  6913: ffffff;
  6914: feffff;
  6915: feffff;
  6916: fefffb;
  6917: fffffb;
  6918: fffeff;
  6919: fffeff;
  6920: fdfdfd;
  6921: fffdfa;
  6922: fff6f5;
  6923: fff1ea;
  6924: ffc5b3;
  6925: ca5038;
  6926: ed593d;
  6927: f05133;
  6928: f25336;
  6929: f35437;
  6930: f15235;
  6931: ec4d30;
  6932: f05134;
  6933: f7583b;
  6934: ef5033;
  6935: f15235;
  6936: f05134;
  6937: f05134;
  6938: f05134;
  6939: f05134;
  6940: f05134;
  6941: f05134;
  6942: f05134;
  6943: f05134;
  6944: f05134;
  6945: f05134;
  6946: f05134;
  6947: f05134;
  6948: f05134;
  6949: f05134;
  6950: f05134;
  6951: f05134;
  6952: f05134;
  6953: f05134;
  6954: f05134;
  6955: f05134;
  6956: f05134;
  6957: f05134;
  6958: f05134;
  6959: f15034;
  6960: f04a32;
  6961: e85742;
  6962: c5624f;
  6963: ffecdd;
  6964: fffcf4;
  6965: f7fdf9;
  6966: feffff;
  6967: fffaf6;
  6968: ffeddb;
  6969: bf5d44;
  6970: dd5940;
  6971: d65a42;
  6972: ffb5a0;
  6973: fff6e8;
  6974: fff9f3;
  6975: ffffff;
  6976: fffdff;
  6977: fff9fe;
  6978: fffbfd;
  6979: fff2ee;
  6980: fff1e3;
  6981: b7614a;
  6982: db5a3b;
  6983: eb5534;
  6984: ed5234;
  6985: ef5136;
  6986: f14f38;
  6987: f14f3a;
  6988: f14f3a;
  6989: f14f38;
  6990: f05134;
  6991: f05134;
  6992: f05038;
  6993: f0503a;
  6994: ed513a;
  6995: ed5236;
  6996: f05133;
  6997: f05131;
  6998: ef5231;
  6999: ef5231;
  7000: f05133;
  7001: f15234;
  7002: ef5231;
  7003: ef5435;
  7004: ed4f36;
  7005: df5240;
  7006: e17366;
  7007: ffebe4;
  7008: fff6f9;
  7009: fefeff;
  7010: fffffd;
  7011: fefffb;
  7012: f9ffff;
  7013: f9fffd;
  7014: fffffb;
  7015: fffffa;
  7016: fffffd;
  7017: ffffff;
  7018: fffeff;
  7019: fffeff;
  7020: feffff;
  7021: fefffd;
  7022: fffeff;
  7023: fffeff;
  7024: ffffff;
  7025: ffffff;
  7026: ffffff;
  7027: ffffff;
  7028: ffffff;
  7029: ffffff;
  7030: ffffff;
  7031: ffffff;
  7032: ffffff;
  7033: ffffff;
  7034: ffffff;
  7035: ffffff;
  7036: ffffff;
  7037: ffffff;
  7038: ffffff;
  7039: ffffff;
  7040: fffeff;
  7041: ffffff;
  7042: feffff;
  7043: fefffd;
  7044: fefffb;
  7045: fefffb;
  7046: fffeff;
  7047: fffeff;
  7048: fdfdfd;
  7049: fffbf8;
  7050: fff1ed;
  7051: ad5b50;
  7052: d45d47;
  7053: e8593b;
  7054: eb5232;
  7055: ef5030;
  7056: f05133;
  7057: ed4e31;
  7058: f15235;
  7059: f25336;
  7060: f15235;
  7061: ed4e31;
  7062: f25336;
  7063: ef5033;
  7064: f05134;
  7065: f05134;
  7066: f05134;
  7067: f05134;
  7068: f05134;
  7069: f05134;
  7070: f05134;
  7071: f05134;
  7072: f05134;
  7073: f05134;
  7074: f05134;
  7075: f05134;
  7076: f05134;
  7077: f05134;
  7078: f05134;
  7079: f05134;
  7080: f05134;
  7081: f05134;
  7082: f05134;
  7083: f05134;
  7084: f05134;
  7085: f05134;
  7086: f05134;
  7087: f15034;
  7088: f94f38;
  7089: e4523b;
  7090: c3604b;
  7091: fff1e1;
  7092: fffcf3;
  7093: fbfffd;
  7094: fafefd;
  7095: fffaf3;
  7096: ffeedf;
  7097: bc5840;
  7098: e2583c;
  7099: e15639;
  7100: cc6046;
  7101: fdb4a1;
  7102: fff6ed;
  7103: fffcfa;
  7104: fffafe;
  7105: fffcff;
  7106: fefdf9;
  7107: fffff6;
  7108: fffaf1;
  7109: ffeddd;
  7110: da6d58;
  7111: de573a;
  7112: e2573a;
  7113: e3563a;
  7114: e5543f;
  7115: e9523f;
  7116: f04f3b;
  7117: f34e38;
  7118: f15033;
  7119: f05133;
  7120: ef5134;
  7121: ef5138;
  7122: f0503a;
  7123: f14f38;
  7124: f15131;
  7125: f0522d;
  7126: ef532d;
  7127: ef522f;
  7128: f35236;
  7129: ee4d31;
  7130: f15234;
  7131: ee4f31;
  7132: f45239;
  7133: ef533d;
  7134: df5241;
  7135: c0584b;
  7136: fff1eb;
  7137: fffaf7;
  7138: fffdfa;
  7139: fffffb;
  7140: f9ffff;
  7141: f8fffd;
  7142: fefffa;
  7143: fffffa;
  7144: fffeff;
  7145: fffeff;
  7146: fffbff;
  7147: fffdff;
  7148: fffffd;
  7149: fefffb;
  7150: fffffd;
  7151: fffffd;
  7152: ffffff;
  7153: ffffff;
  7154: ffffff;
  7155: ffffff;
  7156: ffffff;
  7157: ffffff;
  7158: ffffff;
  7159: ffffff;
  7160: ffffff;
  7161: ffffff;
  7162: ffffff;
  7163: ffffff;
  7164: ffffff;
  7165: ffffff;
  7166: ffffff;
  7167: ffffff;
  7168: fffeff;
  7169: fefcfd;
  7170: fffeff;
  7171: feffff;
  7172: fafffc;
  7173: f6fcf8;
  7174: ffffff;
  7175: fffdfe;
  7176: ffffff;
  7177: fff6f2;
  7178: ffbfb6;
  7179: d65b4c;
  7180: e0543d;
  7181: e75033;
  7182: f15433;
  7183: f35333;
  7184: f15033;
  7185: f15034;
  7186: f05134;
  7187: f05134;
  7188: f05134;
  7189: f05134;
  7190: f05134;
  7191: f05134;
  7192: f05134;
  7193: f05134;
  7194: f05134;
  7195: f05134;
  7196: f05134;
  7197: f05134;
  7198: f05134;
  7199: f05134;
  7200: f05134;
  7201: f05134;
  7202: f05134;
  7203: f05134;
  7204: f05134;
  7205: f05134;
  7206: f05134;
  7207: f05134;
  7208: f05134;
  7209: f05134;
  7210: f05134;
  7211: f05134;
  7212: f05134;
  7213: f05134;
  7214: f05134;
  7215: f15034;
  7216: f74d36;
  7217: e6543d;
  7218: c36049;
  7219: fff1df;
  7220: fffbf4;
  7221: feffff;
  7222: fbfffc;
  7223: fffaf3;
  7224: ffede1;
  7225: c25946;
  7226: e3593d;
  7227: e65133;
  7228: e7583a;
  7229: c7533c;
  7230: fbb7aa;
  7231: fff5ee;
  7232: fffafa;
  7233: fefdfb;
  7234: fcfffa;
  7235: fdfff7;
  7236: fffff6;
  7237: fff3ec;
  7238: ffe8db;
  7239: be5945;
  7240: c15437;
  7241: c45335;
  7242: c4513c;
  7243: cd4e3b;
  7244: e95139;
  7245: f45034;
  7246: f25232;
  7247: ef5030;
  7248: ef5233;
  7249: f35437;
  7250: f44b36;
  7251: f54b34;
  7252: f55032;
  7253: f1512d;
  7254: ed5129;
  7255: ef522f;
  7256: f14f36;
  7257: f34e38;
  7258: f44e36;
  7259: f14f36;
  7260: ed5236;
  7261: ea5336;
  7262: e95338;
  7263: da5944;
  7264: d17f71;
  7265: fff3ea;
  7266: fffbf8;
  7267: fafffb;
  7268: fbffff;
  7269: fbfffd;
  7270: fafdf6;
  7271: fffffb;
  7272: fffeff;
  7273: fffdff;
  7274: fffbff;
  7275: fffcff;
  7276: ffffff;
  7277: fefffb;
  7278: fffffb;
  7279: fffffb;
  7280: fffffd;
  7281: ffffff;
  7282: ffffff;
  7283: ffffff;
  7284: ffffff;
  7285: ffffff;
  7286: ffffff;
  7287: ffffff;
  7288: ffffff;
  7289: ffffff;
  7290: ffffff;
  7291: ffffff;
  7292: ffffff;
  7293: ffffff;
  7294: ffffff;
  7295: ffffff;
  7296: fffdfe;
  7297: fffeff;
  7298: fffeff;
  7299: fcfefd;
  7300: fbffff;
  7301: fbffff;
  7302: fdfdfb;
  7303: fffdfa;
  7304: fff8f4;
  7305: ffefe8;
  7306: c34d43;
  7307: e44e3d;
  7308: ea5038;
  7309: f6583b;
  7310: ec4d2d;
  7311: ef5030;
  7312: f15033;
  7313: f15034;
  7314: f05134;
  7315: f05134;
  7316: f05134;
  7317: f05134;
  7318: f05134;
  7319: f05134;
  7320: f05134;
  7321: f05134;
  7322: f05134;
  7323: f05134;
  7324: f05134;
  7325: f05134;
  7326: f05134;
  7327: f05134;
  7328: f05134;
  7329: f05134;
  7330: f05134;
  7331: f05134;
  7332: f05134;
  7333: f05134;
  7334: f05134;
  7335: f05134;
  7336: f05134;
  7337: f05134;
  7338: f05134;
  7339: f05134;
  7340: f05134;
  7341: f05134;
  7342: f05134;
  7343: f15034;
  7344: f44e36;
  7345: e5553d;
  7346: c1614b;
  7347: fff0df;
  7348: fffaf6;
  7349: ffffff;
  7350: fdfffc;
  7351: fffaf4;
  7352: ffebdf;
  7353: c25946;
  7354: dd5337;
  7355: f25536;
  7356: f14d31;
  7357: e04e35;
  7358: c25848;
  7359: ffede4;
  7360: fff8f6;
  7361: fffffd;
  7362: fcfffa;
  7363: f8fdf6;
  7364: fffffb;
  7365: fffbf8;
  7366: fff1ee;
  7367: d19388;
  7368: ffd3bd;
  7369: ffdcc5;
  7370: ffe3d2;
  7371: ffbcad;
  7372: c75844;
  7373: da5840;
  7374: e65739;
  7375: e85231;
  7376: e9502e;
  7377: ef5032;
  7378: f34d33;
  7379: f95137;
  7380: f45132;
  7381: ec4c2a;
  7382: f35731;
  7383: ef5231;
  7384: f05036;
  7385: f14f38;
  7386: f44e38;
  7387: f14f36;
  7388: ec5334;
  7389: ea5433;
  7390: ed5233;
  7391: e5553a;
  7392: ce5945;
  7393: ffe9dc;
  7394: fff7f0;
  7395: fffffb;
  7396: fafcf9;
  7397: fbfffc;
  7398: fefffb;
  7399: fbfbf9;
  7400: fffeff;
  7401: fffdff;
  7402: fffcff;
  7403: fffdff;
  7404: feffff;
  7405: fefffd;
  7406: fffffb;
  7407: fffffb;
  7408: fffffd;
  7409: ffffff;
  7410: ffffff;
  7411: ffffff;
  7412: ffffff;
  7413: ffffff;
  7414: ffffff;
  7415: ffffff;
  7416: ffffff;
  7417: ffffff;
  7418: ffffff;
  7419: ffffff;
  7420: ffffff;
  7421: ffffff;
  7422: ffffff;
  7423: ffffff;
  7424: fffeff;
  7425: ffffff;
  7426: fdfdfb;
  7427: ffffff;
  7428: fbfaff;
  7429: ffffff;
  7430: fffffa;
  7431: fffaf0;
  7432: fff0e4;
  7433: bb5b4f;
  7434: e05246;
  7435: f45140;
  7436: ef4f37;
  7437: ed5031;
  7438: f05634;
  7439: f05332;
  7440: f05133;
  7441: f15034;
  7442: f05134;
  7443: f05134;
  7444: f05134;
  7445: f05134;
  7446: f05134;
  7447: f05134;
  7448: f05134;
  7449: f05134;
  7450: f05134;
  7451: f05134;
  7452: f05134;
  7453: f05134;
  7454: f05134;
  7455: f05134;
  7456: f05134;
  7457: f05134;
  7458: f05134;
  7459: f05134;
  7460: f05134;
  7461: f05134;
  7462: f05134;
  7463: f05134;
  7464: f05134;
  7465: f05134;
  7466: f05134;
  7467: f05134;
  7468: f05134;
  7469: f05134;
  7470: f05134;
  7471: f05134;
  7472: f05134;
  7473: e1573d;
  7474: c0614f;
  7475: fff0e3;
  7476: fff9f6;
  7477: fffeff;
  7478: fefefe;
  7479: fff9f6;
  7480: ffede3;
  7481: c25946;
  7482: e5583d;
  7483: f04f32;
  7484: f85036;
  7485: f04e39;
  7486: e25440;
  7487: b65042;
  7488: fff2f0;
  7489: fef8f8;
  7490: fefffb;
  7491: fcfffd;
  7492: fcfcfc;
  7493: fffbfb;
  7494: fffbfb;
  7495: fffaf8;
  7496: fff7f2;
  7497: fff8f1;
  7498: fff7ef;
  7499: fff8f1;
  7500: fff5ef;
  7501: ffdfd3;
  7502: d5674e;
  7503: e55c3a;
  7504: ec5736;
  7505: ef5531;
  7506: ed5331;
  7507: eb512f;
  7508: f15336;
  7509: ef5134;
  7510: f35637;
  7511: ec4f30;
  7512: ef5136;
  7513: ef5138;
  7514: f05038;
  7515: f05036;
  7516: f05131;
  7517: ef522f;
  7518: ef5233;
  7519: ed5236;
  7520: e95139;
  7521: c85341;
  7522: fff1e6;
  7523: fffaf5;
  7524: fefbf6;
  7525: fefffd;
  7526: fdfffe;
  7527: ffffff;
  7528: fffcff;
  7529: fffcff;
  7530: fffeff;
  7531: fefffd;
  7532: fbfffd;
  7533: fbfffd;
  7534: fffffd;
  7535: fffffd;
  7536: ffffff;
  7537: ffffff;
  7538: ffffff;
  7539: ffffff;
  7540: ffffff;
  7541: ffffff;
  7542: ffffff;
  7543: ffffff;
  7544: ffffff;
  7545: ffffff;
  7546: ffffff;
  7547: ffffff;
  7548: ffffff;
  7549: ffffff;
  7550: ffffff;
  7551: ffffff;
  7552: feffff;
  7553: fbfdfc;
  7554: fffffd;
  7555: ffffff;
  7556: fffdff;
  7557: fffcff;
  7558: fff9f1;
  7559: fff4e6;
  7560: ffbfad;
  7561: d95845;
  7562: e94c3d;
  7563: f34c3a;
  7564: f25238;
  7565: ed5233;
  7566: eb5230;
  7567: ed5331;
  7568: f05134;
  7569: f15034;
  7570: f05134;
  7571: f05134;
  7572: f05134;
  7573: f05134;
  7574: f05134;
  7575: f05134;
  7576: f05134;
  7577: f05134;
  7578: f05134;
  7579: f05134;
  7580: f05134;
  7581: f05134;
  7582: f05134;
  7583: f05134;
  7584: f05134;
  7585: f05134;
  7586: f05134;
  7587: f05134;
  7588: f05134;
  7589: f05134;
  7590: f05134;
  7591: f05134;
  7592: f05134;
  7593: f05134;
  7594: f05134;
  7595: f05134;
  7596: f05134;
  7597: f05134;
  7598: f05134;
  7599: f05134;
  7600: ef5134;
  7601: df573d;
  7602: c1604f;
  7603: ffefe4;
  7604: fff9f6;
  7605: fffeff;
  7606: fefeff;
  7607: fff9f6;
  7608: ffede1;
  7609: be5744;
  7610: e1553a;
  7611: f45537;
  7612: f14b33;
  7613: f8523c;
  7614: f14f38;
  7615: dc5945;
  7616: ffb8ae;
  7617: fff0ea;
  7618: fffbf8;
  7619: fffeff;
  7620: fffeff;
  7621: fefdff;
  7622: fcffff;
  7623: f9fdff;
  7624: fffeff;
  7625: fffeff;
  7626: fcfcfa;
  7627: fdfffe;
  7628: ffffff;
  7629: fff5f1;
  7630: ffedda;
  7631: c1583b;
  7632: e15635;
  7633: ea502e;
  7634: ef5634;
  7635: ed5434;
  7636: ef5136;
  7637: f15137;
  7638: ef4d34;
  7639: f05134;
  7640: ed5236;
  7641: ec5236;
  7642: ef5136;
  7643: f05134;
  7644: f05131;
  7645: f05131;
  7646: f05133;
  7647: f15034;
  7648: f64e33;
  7649: e95843;
  7650: ce7668;
  7651: fff2ea;
  7652: fffbf4;
  7653: fffffb;
  7654: feffff;
  7655: fefeff;
  7656: fffcff;
  7657: fffdff;
  7658: fffffd;
  7659: fcfffb;
  7660: f9fffb;
  7661: fbfffb;
  7662: ffffff;
  7663: fffeff;
  7664: ffffff;
  7665: ffffff;
  7666: ffffff;
  7667: ffffff;
  7668: ffffff;
  7669: ffffff;
  7670: ffffff;
  7671: ffffff;
  7672: ffffff;
  7673: ffffff;
  7674: ffffff;
  7675: ffffff;
  7676: ffffff;
  7677: ffffff;
  7678: ffffff;
  7679: ffffff;
  7680: fbffff;
  7681: fbfffe;
  7682: fffefc;
  7683: fffeff;
  7684: fefcff;
  7685: fff9fc;
  7686: fff5ed;
  7687: b46b5a;
  7688: d55c41;
  7689: ea523a;
  7690: f45140;
  7691: f24d3a;
  7692: ed4f32;
  7693: e9502e;
  7694: eb5232;
  7695: ed5234;
  7696: f05134;
  7697: f15034;
  7698: f05134;
  7699: f05134;
  7700: f05134;
  7701: f05134;
  7702: ef5134;
  7703: ef5134;
  7704: ef5134;
  7705: ef5134;
  7706: f05134;
  7707: f05134;
  7708: f05134;
  7709: f05134;
  7710: f15034;
  7711: f15034;
  7712: f05134;
  7713: f05134;
  7714: f05134;
  7715: f05134;
  7716: f05134;
  7717: f05134;
  7718: f05134;
  7719: f05134;
  7720: f05134;
  7721: f05134;
  7722: f05134;
  7723: f05134;
  7724: f05134;
  7725: f05134;
  7726: f05134;
  7727: f05134;
  7728: f05036;
  7729: e2563d;
  7730: c45f4b;
  7731: ffeee3;
  7732: fff8f6;
  7733: fffeff;
  7734: fdfeff;
  7735: fffaf6;
  7736: ffece0;
  7737: c05c45;
  7738: dc563b;
  7739: e95233;
  7740: ef5438;
  7741: ed4d33;
  7742: f24e32;
  7743: eb5437;
  7744: d2543b;
  7745: ffb3a1;
  7746: fff2ee;
  7747: fffaff;
  7748: fffcff;
  7749: fefeff;
  7750: faffff;
  7751: fbffff;
  7752: fffbfd;
  7753: fffcff;
  7754: fffdff;
  7755: fffeff;
  7756: fdfdff;
  7757: fffefb;
  7758: fff9f1;
  7759: ffe6d5;
  7760: d95b42;
  7761: ef4e31;
  7762: f05036;
  7763: f35339;
  7764: f04c33;
  7765: f24c34;
  7766: f34d37;
  7767: f5503a;
  7768: ed5236;
  7769: ec5333;
  7770: ef5231;
  7771: ef5231;
  7772: ef5134;
  7773: ef5136;
  7774: f15034;
  7775: f44e34;
  7776: f04b2f;
  7777: ee5239;
  7778: de5744;
  7779: b7574b;
  7780: fff4ec;
  7781: fffffa;
  7782: fffffd;
  7783: fefefe;
  7784: fffeff;
  7785: fffeff;
  7786: ffffff;
  7787: feffff;
  7788: fbfffa;
  7789: fbfffa;
  7790: ffffff;
  7791: fffeff;
  7792: ffffff;
  7793: ffffff;
  7794: ffffff;
  7795: ffffff;
  7796: ffffff;
  7797: ffffff;
  7798: ffffff;
  7799: ffffff;
  7800: ffffff;
  7801: ffffff;
  7802: ffffff;
  7803: ffffff;
  7804: ffffff;
  7805: ffffff;
  7806: ffffff;
  7807: ffffff;
  7808: fbffff;
  7809: fbfdfc;
  7810: fffeff;
  7811: fefafb;
  7812: ffffff;
  7813: fffaf6;
  7814: ffeee3;
  7815: bd5942;
  7816: e15436;
  7817: ed4d2d;
  7818: f3513a;
  7819: f2523c;
  7820: ee5132;
  7821: f05634;
  7822: ef5136;
  7823: f05237;
  7824: f05134;
  7825: f15034;
  7826: f05134;
  7827: f05134;
  7828: f05134;
  7829: f05134;
  7830: ef5134;
  7831: ef5134;
  7832: ef5134;
  7833: ef5134;
  7834: f05134;
  7835: f05134;
  7836: f05134;
  7837: f05134;
  7838: f15034;
  7839: f15034;
  7840: f05134;
  7841: f05134;
  7842: f05134;
  7843: f05134;
  7844: f05134;
  7845: f05134;
  7846: f05134;
  7847: f05134;
  7848: f05134;
  7849: f05134;
  7850: f05134;
  7851: f05134;
  7852: f05134;
  7853: f05134;
  7854: f05134;
  7855: f05134;
  7856: f05036;
  7857: e3553d;
  7858: c55e4b;
  7859: ffeedf;
  7860: fff8f6;
  7861: fffeff;
  7862: fdfeff;
  7863: fff9f8;
  7864: ffeee1;
  7865: c25e47;
  7866: df573d;
  7867: eb5135;
  7868: ee5536;
  7869: f05536;
  7870: ef4e31;
  7871: f15131;
  7872: f25939;
  7873: c54b33;
  7874: ffbcb4;
  7875: fff2f4;
  7876: fff9ff;
  7877: fefeff;
  7878: fbffff;
  7879: ffffff;
  7880: fffdfd;
  7881: fff7f8;
  7882: fffcff;
  7883: fffdff;
  7884: ffffff;
  7885: fdfffe;
  7886: fbffff;
  7887: fff6ed;
  7888: c1513b;
  7889: f1563a;
  7890: ed4f36;
  7891: ed4b34;
  7892: f6503a;
  7893: f54f39;
  7894: f44d3a;
  7895: f04e37;
  7896: ef5134;
  7897: ed5331;
  7898: ef522f;
  7899: f05131;
  7900: ef5138;
  7901: ef5138;
  7902: f34f36;
  7903: f34f34;
  7904: f55438;
  7905: f15137;
  7906: ee4e38;
  7907: d65947;
  7908: ffc3b8;
  7909: fffaf3;
  7910: fffcf9;
  7911: ffffff;
  7912: ffffff;
  7913: ffffff;
  7914: feffff;
  7915: feffff;
  7916: fefffb;
  7917: fefffb;
  7918: ffffff;
  7919: fffeff;
  7920: ffffff;
  7921: ffffff;
  7922: ffffff;
  7923: ffffff;
  7924: ffffff;
  7925: ffffff;
  7926: ffffff;
  7927: ffffff;
  7928: ffffff;
  7929: ffffff;
  7930: ffffff;
  7931: ffffff;
  7932: ffffff;
  7933: ffffff;
  7934: ffffff;
  7935: ffffff;
  7936: fefefc;
  7937: fefcfd;
  7938: fffcff;
  7939: fffdff;
  7940: fefffd;
  7941: fffaef;
  7942: ffcebb;
  7943: d65c44;
  7944: e95436;
  7945: f35434;
  7946: ea502e;
  7947: eb5031;
  7948: ee5132;
  7949: f65538;
  7950: f04b35;
  7951: f24d37;
  7952: f14f36;
  7953: f05134;
  7954: f05134;
  7955: f05134;
  7956: f05134;
  7957: f05134;
  7958: ef5134;
  7959: ef5134;
  7960: ef5134;
  7961: ef5134;
  7962: f05134;
  7963: f05134;
  7964: f15034;
  7965: f15034;
  7966: f15034;
  7967: f15034;
  7968: f05134;
  7969: f05134;
  7970: f05134;
  7971: f05134;
  7972: f05134;
  7973: f05134;
  7974: f05134;
  7975: f05134;
  7976: f05134;
  7977: f05134;
  7978: f05134;
  7979: f05134;
  7980: f05134;
  7981: f05134;
  7982: f05134;
  7983: f05036;
  7984: f14f38;
  7985: e3553f;
  7986: c46049;
  7987: ffefdd;
  7988: fff9f4;
  7989: fffeff;
  7990: fefeff;
  7991: fff9f8;
  7992: ffeee3;
  7993: bc5542;
  7994: e5553d;
  7995: f04f33;
  7996: ee5132;
  7997: ec5230;
  7998: f25336;
  7999: f05134;
  8000: eb4d32;
  8001: de5741;
  8002: af5344;
  8003: fff1e8;
  8004: fffbf8;
  8005: fafefd;
  8006: fffefc;
  8007: fffefb;
  8008: fffefb;
  8009: fffffd;
  8010: feffff;
  8011: feffff;
  8012: fefcfd;
  8013: fffeff;
  8014: fefcfd;
  8015: fff4ee;
  8016: cf6c57;
  8017: df5539;
  8018: ec543c;
  8019: ec4d37;
  8020: f6543f;
  8021: f04e39;
  8022: ed4f36;
  8023: ef5134;
  8024: f0522f;
  8025: f0522d;
  8026: f05133;
  8027: f05036;
  8028: f14f3a;
  8029: f14f3a;
  8030: f14f36;
  8031: f05134;
  8032: ec5135;
  8033: ea4c31;
  8034: f45239;
  8035: e2583e;
  8036: c76f59;
  8037: fff3e3;
  8038: fff5f3;
  8039: fffeff;
  8040: fffeff;
  8041: feffff;
  8042: fbfffd;
  8043: fcffff;
  8044: fffdff;
  8045: fffcff;
  8046: ffffff;
  8047: feffff;
  8048: ffffff;
  8049: ffffff;
  8050: ffffff;
  8051: ffffff;
  8052: ffffff;
  8053: ffffff;
  8054: ffffff;
  8055: ffffff;
  8056: ffffff;
  8057: ffffff;
  8058: ffffff;
  8059: ffffff;
  8060: ffffff;
  8061: ffffff;
  8062: ffffff;
  8063: ffffff;
  8064: fffffa;
  8065: fffefd;
  8066: fffbff;
  8067: fffbff;
  8068: fefffd;
  8069: fff4e8;
  8070: d8765d;
  8071: e05536;
  8072: eb5233;
  8073: ee5130;
  8074: ef5732;
  8075: ed5530;
  8076: f15033;
  8077: f44e34;
  8078: f44b34;
  8079: f84f38;
  8080: f15034;
  8081: f05134;
  8082: f05134;
  8083: f05134;
  8084: f05134;
  8085: f05134;
  8086: ef5134;
  8087: ef5134;
  8088: ef5134;
  8089: ef5134;
  8090: f05134;
  8091: f05134;
  8092: f15034;
  8093: f15034;
  8094: f15034;
  8095: f15034;
  8096: f05134;
  8097: f05134;
  8098: f05134;
  8099: f05134;
  8100: f05134;
  8101: f05134;
  8102: f05134;
  8103: f05134;
  8104: f05134;
  8105: f05134;
  8106: f05134;
  8107: f05134;
  8108: f05134;
  8109: f05134;
  8110: f05134;
  8111: f05036;
  8112: f14f38;
  8113: e3553f;
  8114: c46049;
  8115: ffefdf;
  8116: fffaf3;
  8117: fffeff;
  8118: fefeff;
  8119: fff9f8;
  8120: ffeee3;
  8121: be5744;
  8122: e8563f;
  8123: f14d32;
  8124: f15232;
  8125: f05332;
  8126: ed4f32;
  8127: f05036;
  8128: f25336;
  8129: e1533b;
  8130: c15c4a;
  8131: ffede2;
  8132: fff7f3;
  8133: feffff;
  8134: fffdfc;
  8135: fffefb;
  8136: fffbf8;
  8137: fffffb;
  8138: fbfcfe;
  8139: feffff;
  8140: ffffff;
  8141: fffcfd;
  8142: fffdff;
  8143: fff5f3;
  8144: ffdac7;
  8145: d65d42;
  8146: e6563b;
  8147: ed5236;
  8148: ef4d36;
  8149: ef4d36;
  8150: ee5337;
  8151: ed5434;
  8152: f0522f;
  8153: f1512f;
  8154: f15034;
  8155: f14f38;
  8156: f14f3a;
  8157: f14f3a;
  8158: f14f36;
  8159: f05134;
  8160: eb5034;
  8161: f5573c;
  8162: ee4d31;
  8163: e5553b;
  8164: bf5b41;
  8165: ffeedc;
  8166: fff9f6;
  8167: fefcff;
  8168: fffdff;
  8169: ffffff;
  8170: fcfffb;
  8171: fefffd;
  8172: fffcff;
  8173: fffcff;
  8174: ffffff;
  8175: fefffb;
  8176: ffffff;
  8177: ffffff;
  8178: ffffff;
  8179: ffffff;
  8180: ffffff;
  8181: ffffff;
  8182: ffffff;
  8183: ffffff;
  8184: ffffff;
  8185: ffffff;
  8186: ffffff;
  8187: ffffff;
  8188: ffffff;
  8189: ffffff;
  8190: ffffff;
  8191: ffffff;
  8192: fffff8;
  8193: fefdf9;
  8194: fff8ff;
  8195: fffaff;
  8196: fefeff;
  8197: fff6ec;
  8198: bf4d32;
  8199: ed5331;
  8200: ee5033;
  8201: ee5033;
  8202: ef5533;
  8203: ee5130;
  8204: f44e36;
  8205: f95039;
  8206: f44a30;
  8207: f85035;
  8208: f15034;
  8209: f05134;
  8210: f05134;
  8211: f05134;
  8212: f05134;
  8213: f05134;
  8214: f05134;
  8215: f05134;
  8216: f05134;
  8217: f05134;
  8218: f05134;
  8219: f05134;
  8220: f05134;
  8221: f05134;
  8222: f05134;
  8223: f05134;
  8224: f05134;
  8225: f05134;
  8226: f05134;
  8227: f05134;
  8228: f05134;
  8229: f05134;
  8230: f05134;
  8231: f05134;
  8232: f05134;
  8233: f05134;
  8234: f05134;
  8235: f05134;
  8236: f05134;
  8237: f05134;
  8238: f05134;
  8239: f05134;
  8240: f05036;
  8241: e2563f;
  8242: c45f4b;
  8243: ffeee1;
  8244: fff9f4;
  8245: ffffff;
  8246: fdfffe;
  8247: fffaf6;
  8248: ffeee1;
  8249: c05946;
  8250: e3553d;
  8251: f05134;
  8252: f05334;
  8253: ef5233;
  8254: f05134;
  8255: f15033;
  8256: f35031;
  8257: e25539;
  8258: c05f4e;
  8259: ffefe6;
  8260: fff9fa;
  8261: fffeff;
  8262: fdfbff;
  8263: fffeff;
  8264: fffefd;
  8265: fefdfb;
  8266: fffeff;
  8267: fefefe;
  8268: fbffff;
  8269: feffff;
  8270: fffcff;
  8271: fff4f3;
  8272: ffeadd;
  8273: ca5d48;
  8274: dd5639;
  8275: f15838;
  8276: f45132;
  8277: f34e30;
  8278: ed5234;
  8279: ed5337;
  8280: ef5134;
  8281: f15034;
  8282: f34f36;
  8283: f34e38;
  8284: f0503a;
  8285: f0503a;
  8286: f14f36;
  8287: f15034;
  8288: ee4f31;
  8289: f25336;
  8290: f25037;
  8291: e1533b;
  8292: c36049;
  8293: ffefdf;
  8294: fff9f6;
  8295: fffeff;
  8296: fffeff;
  8297: fffeff;
  8298: fffffb;
  8299: fffffb;
  8300: fffeff;
  8301: fffeff;
  8302: fffffd;
  8303: fffffb;
  8304: ffffff;
  8305: ffffff;
  8306: ffffff;
  8307: ffffff;
  8308: ffffff;
  8309: ffffff;
  8310: ffffff;
  8311: ffffff;
  8312: ffffff;
  8313: ffffff;
  8314: ffffff;
  8315: ffffff;
  8316: ffffff;
  8317: ffffff;
  8318: ffffff;
  8319: ffffff;
  8320: fefffa;
  8321: fffffd;
  8322: fffcff;
  8323: fef6ff;
  8324: fffeff;
  8325: fff3ea;
  8326: c24a2f;
  8327: f1512f;
  8328: f35339;
  8329: ee5035;
  8330: ed5233;
  8331: f05334;
  8332: f44e36;
  8333: f44b34;
  8334: f75236;
  8335: f14e2f;
  8336: f15033;
  8337: f05134;
  8338: f05134;
  8339: f05134;
  8340: f05134;
  8341: f05134;
  8342: f05134;
  8343: f05134;
  8344: f05134;
  8345: f05134;
  8346: f05134;
  8347: f05134;
  8348: f05134;
  8349: f05134;
  8350: f05134;
  8351: f05134;
  8352: f05134;
  8353: f05134;
  8354: f05134;
  8355: f05134;
  8356: f05134;
  8357: f05134;
  8358: f05134;
  8359: f05134;
  8360: f05134;
  8361: f05134;
  8362: f05134;
  8363: f05134;
  8364: f05134;
  8365: f05134;
  8366: f05134;
  8367: f05134;
  8368: ef5136;
  8369: e1573d;
  8370: c45f4d;
  8371: ffeee1;
  8372: fff9f6;
  8373: ffffff;
  8374: fdfffe;
  8375: fffbf4;
  8376: ffede1;
  8377: c05946;
  8378: e2563d;
  8379: ef5134;
  8380: f05235;
  8381: ef5233;
  8382: f15034;
  8383: f15033;
  8384: f0502e;
  8385: df5437;
  8386: d57867;
  8387: fff0e8;
  8388: fff9f9;
  8389: fdfcff;
  8390: fffeff;
  8391: fcfafd;
  8392: fffeff;
  8393: fffcfd;
  8394: fffeff;
  8395: ffffff;
  8396: fbffff;
  8397: fcffff;
  8398: fffafa;
  8399: fff6f4;
  8400: ffebe2;
  8401: c15a47;
  8402: da5238;
  8403: ec5132;
  8404: f14e2b;
  8405: f4512e;
  8406: ef5435;
  8407: ec5236;
  8408: ef5136;
  8409: f14f36;
  8410: f34f36;
  8411: f34f36;
  8412: f14f38;
  8413: f05038;
  8414: f05036;
  8415: f05134;
  8416: f15235;
  8417: f45337;
  8418: f34f34;
  8419: e3553d;
  8420: c7634c;
  8421: ffefe1;
  8422: fff8f4;
  8423: fdfdff;
  8424: fffdff;
  8425: fffdff;
  8426: fffefb;
  8427: fffffb;
  8428: ffffff;
  8429: feffff;
  8430: fefffd;
  8431: fffffb;
  8432: ffffff;
  8433: ffffff;
  8434: ffffff;
  8435: ffffff;
  8436: ffffff;
  8437: ffffff;
  8438: ffffff;
  8439: ffffff;
  8440: ffffff;
  8441: ffffff;
  8442: ffffff;
  8443: ffffff;
  8444: ffffff;
  8445: ffffff;
  8446: ffffff;
  8447: ffffff;
  8448: fcffff;
  8449: fafefd;
  8450: feffff;
  8451: fcfdff;
  8452: fefcff;
  8453: fff3ef;
  8454: cd563e;
  8455: ed4e30;
  8456: f04c33;
  8457: f25037;
  8458: ed5435;
  8459: ea5132;
  8460: f45035;
  8461: f34d33;
  8462: f15336;
  8463: eb5031;
  8464: ef5134;
  8465: f05134;
  8466: f05134;
  8467: f05134;
  8468: f05134;
  8469: f05134;
  8470: f05134;
  8471: f05134;
  8472: f05134;
  8473: f05134;
  8474: f05134;
  8475: f05134;
  8476: f05134;
  8477: f05134;
  8478: f05134;
  8479: f05134;
  8480: f05134;
  8481: f05134;
  8482: f05134;
  8483: f05134;
  8484: f05134;
  8485: f05134;
  8486: f05134;
  8487: f05134;
  8488: f05134;
  8489: f05134;
  8490: f05134;
  8491: f05134;
  8492: f05134;
  8493: f05134;
  8494: f05134;
  8495: f05134;
  8496: ef5136;
  8497: e1573d;
  8498: c45f4d;
  8499: ffeee1;
  8500: fff9f6;
  8501: ffffff;
  8502: fdfffe;
  8503: fffbf4;
  8504: ffede1;
  8505: c05946;
  8506: e2563d;
  8507: ef5134;
  8508: f05235;
  8509: ef5233;
  8510: f15034;
  8511: f05133;
  8512: f35637;
  8513: dd573c;
  8514: c76e5e;
  8515: fff0e6;
  8516: fffbf6;
  8517: fefffd;
  8518: faf9f7;
  8519: fffeff;
  8520: fffeff;
  8521: fffeff;
  8522: fffdff;
  8523: fffdff;
  8524: fcfffd;
  8525: fbfffb;
  8526: fbfffa;
  8527: fffaf3;
  8528: ffede3;
  8529: c65c4c;
  8530: e85742;
  8531: f35138;
  8532: ef5030;
  8533: f05330;
  8534: eb5232;
  8535: eb5233;
  8536: f05134;
  8537: f15034;
  8538: f15034;
  8539: f34f34;
  8540: f64d36;
  8541: f44e36;
  8542: ef5233;
  8543: ec5333;
  8544: ed5236;
  8545: ef4f35;
  8546: f24d31;
  8547: ea563a;
  8548: c35943;
  8549: ffedde;
  8550: fffbf4;
  8551: feffff;
  8552: fffeff;
  8553: fffdff;
  8554: fffeff;
  8555: fffffd;
  8556: ffffff;
  8557: feffff;
  8558: fefffd;
  8559: fefffb;
  8560: ffffff;
  8561: ffffff;
  8562: ffffff;
  8563: ffffff;
  8564: ffffff;
  8565: ffffff;
  8566: ffffff;
  8567: ffffff;
  8568: ffffff;
  8569: ffffff;
  8570: ffffff;
  8571: ffffff;
  8572: ffffff;
  8573: ffffff;
  8574: ffffff;
  8575: ffffff;
  8576: fdfeff;
  8577: fcffff;
  8578: f6fdf6;
  8579: fcfffb;
  8580: fffeff;
  8581: fff0ed;
  8582: eb8471;
  8583: e5583d;
  8584: f05239;
  8585: f14f36;
  8586: ed5435;
  8587: ea5131;
  8588: f15034;
  8589: f25135;
  8590: eb5233;
  8591: eb5437;
  8592: ef5134;
  8593: f05134;
  8594: f05134;
  8595: f05134;
  8596: f05134;
  8597: f05134;
  8598: f05134;
  8599: f05134;
  8600: f05134;
  8601: f05134;
  8602: f05134;
  8603: f05134;
  8604: f05134;
  8605: f05134;
  8606: f05134;
  8607: f05134;
  8608: f05134;
  8609: f05134;
  8610: f05134;
  8611: f05134;
  8612: f05134;
  8613: f05134;
  8614: f05134;
  8615: f05134;
  8616: f05134;
  8617: f05134;
  8618: f05134;
  8619: f05134;
  8620: f05134;
  8621: f05134;
  8622: f05134;
  8623: f05134;
  8624: ef5136;
  8625: e1573d;
  8626: c45f4d;
  8627: ffeee1;
  8628: fff9f6;
  8629: ffffff;
  8630: fdfffe;
  8631: fffbf4;
  8632: ffede1;
  8633: c05946;
  8634: e2563d;
  8635: ef5134;
  8636: f05235;
  8637: ef5233;
  8638: f15034;
  8639: f05134;
  8640: ee5132;
  8641: db553a;
  8642: ca6d5e;
  8643: fff0e8;
  8644: fff9f1;
  8645: fdfff9;
  8646: fffefb;
  8647: fffefd;
  8648: ffffff;
  8649: ffffff;
  8650: ffffff;
  8651: fcfcfc;
  8652: fcfffd;
  8653: fbfffb;
  8654: fbfffd;
  8655: fff9f2;
  8656: ffe8dd;
  8657: c95a49;
  8658: e85241;
  8659: f44f39;
  8660: f05133;
  8661: ed5331;
  8662: e95030;
  8663: ef5436;
  8664: f15034;
  8665: f15033;
  8666: f05133;
  8667: f15034;
  8668: f44e36;
  8669: f34f34;
  8670: ef5233;
  8671: ec5333;
  8672: eb5137;
  8673: f05237;
  8674: f65133;
  8675: e35235;
  8676: c6624b;
  8677: ffefe1;
  8678: fffbf4;
  8679: fcffff;
  8680: fffeff;
  8681: fffeff;
  8682: fffdff;
  8683: fffeff;
  8684: feffff;
  8685: fcffff;
  8686: fefffd;
  8687: fefffd;
  8688: ffffff;
  8689: ffffff;
  8690: ffffff;
  8691: ffffff;
  8692: ffffff;
  8693: ffffff;
  8694: ffffff;
  8695: ffffff;
  8696: ffffff;
  8697: ffffff;
  8698: ffffff;
  8699: ffffff;
  8700: ffffff;
  8701: ffffff;
  8702: ffffff;
  8703: ffffff;
  8704: fbfaff;
  8705: feffff;
  8706: fdfff9;
  8707: fefffa;
  8708: fffeff;
  8709: fff7f4;
  8710: ffead9;
  8711: ce5e46;
  8712: e85840;
  8713: ee5035;
  8714: eb5032;
  8715: f05634;
  8716: f05133;
  8717: ef5233;
  8718: ea5336;
  8719: eb5439;
  8720: ef5136;
  8721: f05134;
  8722: f05134;
  8723: f05134;
  8724: f05134;
  8725: f05134;
  8726: f05134;
  8727: f05134;
  8728: f05134;
  8729: f05134;
  8730: f05134;
  8731: f05134;
  8732: f05134;
  8733: f05134;
  8734: f05134;
  8735: f05134;
  8736: f05134;
  8737: f05134;
  8738: f05134;
  8739: f05134;
  8740: f05134;
  8741: f05134;
  8742: f05134;
  8743: f05134;
  8744: f05134;
  8745: f05134;
  8746: f05134;
  8747: f05134;
  8748: f05134;
  8749: f05134;
  8750: f05134;
  8751: f05134;
  8752: ef5136;
  8753: e1573d;
  8754: c45f4d;
  8755: ffeee1;
  8756: fff9f6;
  8757: ffffff;
  8758: fdfffe;
  8759: fffbf4;
  8760: ffede1;
  8761: c05946;
  8762: e2563d;
  8763: ef5134;
  8764: f05235;
  8765: ef5233;
  8766: f15034;
  8767: f15034;
  8768: f15034;
  8769: e4563e;
  8770: bd5346;
  8771: ffeae3;
  8772: fffcf3;
  8773: fcfffa;
  8774: fffbf8;
  8775: fffdfa;
  8776: fdfef9;
  8777: fcfffd;
  8778: fcfffd;
  8779: fbffff;
  8780: fbffff;
  8781: fcffff;
  8782: fefdff;
  8783: fff3f3;
  8784: ffd0c5;
  8785: d55a4a;
  8786: e7503d;
  8787: f04b35;
  8788: f15034;
  8789: f25335;
  8790: eb5031;
  8791: ee5334;
  8792: f15033;
  8793: f15033;
  8794: f05133;
  8795: ef5134;
  8796: ef5136;
  8797: ef5134;
  8798: f05133;
  8799: ef5233;
  8800: f05237;
  8801: ef4f35;
  8802: f25135;
  8803: e1573d;
  8804: b9624f;
  8805: fff0e3;
  8806: fffbf5;
  8807: fcffff;
  8808: fcffff;
  8809: feffff;
  8810: fffdff;
  8811: fffdff;
  8812: feffff;
  8813: fcffff;
  8814: feffff;
  8815: ffffff;
  8816: ffffff;
  8817: ffffff;
  8818: ffffff;
  8819: ffffff;
  8820: ffffff;
  8821: ffffff;
  8822: ffffff;
  8823: ffffff;
  8824: ffffff;
  8825: ffffff;
  8826: ffffff;
  8827: ffffff;
  8828: ffffff;
  8829: ffffff;
  8830: ffffff;
  8831: ffffff;
  8832: fffeff;
  8833: fbfbfb;
  8834: fefffa;
  8835: fefffa;
  8836: fdfbfc;
  8837: fff9f7;
  8838: fff3e6;
  8839: a85a46;
  8840: cd533e;
  8841: ec573f;
  8842: ec5132;
  8843: ef512e;
  8844: f35434;
  8845: ef5233;
  8846: ec5238;
  8847: ec5238;
  8848: ef5136;
  8849: f05134;
  8850: f05134;
  8851: f05134;
  8852: f05134;
  8853: f05134;
  8854: f05134;
  8855: f05134;
  8856: f05134;
  8857: f05134;
  8858: f05134;
  8859: f05134;
  8860: f05134;
  8861: f05134;
  8862: f05134;
  8863: f05134;
  8864: f05134;
  8865: f05134;
  8866: f05134;
  8867: f05134;
  8868: f05134;
  8869: f05134;
  8870: f05134;
  8871: f05134;
  8872: f05134;
  8873: f05134;
  8874: f05134;
  8875: f05134;
  8876: f05134;
  8877: f05134;
  8878: f05134;
  8879: f05134;
  8880: ef5136;
  8881: e1573d;
  8882: c45f4d;
  8883: ffeee1;
  8884: fff9f6;
  8885: ffffff;
  8886: fdfffe;
  8887: fffbf4;
  8888: ffede1;
  8889: c05946;
  8890: e2563d;
  8891: ef5134;
  8892: f05235;
  8893: ef5233;
  8894: f15034;
  8895: f15034;
  8896: f15034;
  8897: e54f37;
  8898: d2564a;
  8899: ffe8df;
  8900: fffaef;
  8901: fcfffa;
  8902: fffdfd;
  8903: fffcfc;
  8904: fffffb;
  8905: fbfffa;
  8906: fafffc;
  8907: fbffff;
  8908: faffff;
  8909: fcfbff;
  8910: fffbff;
  8911: fff2f4;
  8912: fb9589;
  8913: e15643;
  8914: ed553e;
  8915: f15137;
  8916: ef5033;
  8917: f15234;
  8918: ee5132;
  8919: ee4f31;
  8920: f15033;
  8921: f15033;
  8922: ef5134;
  8923: ed5236;
  8924: ed5236;
  8925: ed5234;
  8926: f05133;
  8927: f05133;
  8928: ef4f35;
  8929: ec5037;
  8930: ed553e;
  8931: d85d4b;
  8932: f0aea0;
  8933: fff8ed;
  8934: fffef8;
  8935: fcfffd;
  8936: fcfffd;
  8937: feffff;
  8938: fffeff;
  8939: fffeff;
  8940: feffff;
  8941: fcffff;
  8942: ffffff;
  8943: fffeff;
  8944: ffffff;
  8945: ffffff;
  8946: ffffff;
  8947: ffffff;
  8948: ffffff;
  8949: ffffff;
  8950: ffffff;
  8951: ffffff;
  8952: ffffff;
  8953: ffffff;
  8954: ffffff;
  8955: ffffff;
  8956: ffffff;
  8957: ffffff;
  8958: ffffff;
  8959: ffffff;
  8960: fffbfa;
  8961: fefdfb;
  8962: fffffd;
  8963: fffeff;
  8964: fffeff;
  8965: fffcfa;
  8966: fffcf3;
  8967: fff4e4;
  8968: e88776;
  8969: e05943;
  8970: ed5435;
  8971: ef4c29;
  8972: f55231;
  8973: f05133;
  8974: eb5034;
  8975: ee5239;
  8976: ef5136;
  8977: f05134;
  8978: f05134;
  8979: f05134;
  8980: f05134;
  8981: f05134;
  8982: f05134;
  8983: f05134;
  8984: f05134;
  8985: f05134;
  8986: f05134;
  8987: f05134;
  8988: f05134;
  8989: f05134;
  8990: f05134;
  8991: f05134;
  8992: f05134;
  8993: f05134;
  8994: f05134;
  8995: f05134;
  8996: f05134;
  8997: f05134;
  8998: f05134;
  8999: f05134;
  9000: f05134;
  9001: f05134;
  9002: f05134;
  9003: f05134;
  9004: f05134;
  9005: f05134;
  9006: f05134;
  9007: f05134;
  9008: ef5136;
  9009: e1573d;
  9010: c45f4d;
  9011: ffeee1;
  9012: fff9f6;
  9013: ffffff;
  9014: fdfffe;
  9015: fffbf4;
  9016: ffede1;
  9017: c05946;
  9018: e2563d;
  9019: ef5134;
  9020: f05235;
  9021: ef5233;
  9022: f15034;
  9023: f15034;
  9024: f35436;
  9025: ed5138;
  9026: e65042;
  9027: ec8076;
  9028: fff4e6;
  9029: f8fef4;
  9030: fffeff;
  9031: fffbff;
  9032: fffffd;
  9033: fdfffc;
  9034: fcfefd;
  9035: feffff;
  9036: fcfbff;
  9037: fffbff;
  9038: fffafd;
  9039: ffe8e5;
  9040: d4594a;
  9041: e74b34;
  9042: ec5238;
  9043: eb5435;
  9044: e85231;
  9045: ed5233;
  9046: f25134;
  9047: f44f33;
  9048: f44f33;
  9049: f15034;
  9050: ed5236;
  9051: ec5238;
  9052: ef5138;
  9053: ef5136;
  9054: f05134;
  9055: f05133;
  9056: f05537;
  9057: ea543c;
  9058: d84e41;
  9059: d16c64;
  9060: fff5ec;
  9061: fffef5;
  9062: fbfcf6;
  9063: fefffa;
  9064: fffffa;
  9065: fffffb;
  9066: feffff;
  9067: feffff;
  9068: feffff;
  9069: ffffff;
  9070: fffdff;
  9071: fffdff;
  9072: fffeff;
  9073: ffffff;
  9074: ffffff;
  9075: ffffff;
  9076: ffffff;
  9077: ffffff;
  9078: ffffff;
  9079: ffffff;
  9080: ffffff;
  9081: ffffff;
  9082: ffffff;
  9083: ffffff;
  9084: ffffff;
  9085: ffffff;
  9086: ffffff;
  9087: ffffff;
  9088: fffffb;
  9089: fffffd;
  9090: fffdff;
  9091: fdf8fc;
  9092: fffeff;
  9093: fefefc;
  9094: fffffb;
  9095: fffaf1;
  9096: ffeadd;
  9097: c45743;
  9098: e55439;
  9099: f65334;
  9100: f14e2f;
  9101: f04f32;
  9102: ef5134;
  9103: ee5337;
  9104: f05134;
  9105: f05134;
  9106: f05134;
  9107: f05134;
  9108: f05134;
  9109: f05134;
  9110: f05134;
  9111: f05134;
  9112: f05134;
  9113: f05134;
  9114: f05134;
  9115: f05134;
  9116: f05134;
  9117: f05134;
  9118: f05134;
  9119: f05134;
  9120: f05134;
  9121: f05134;
  9122: f05134;
  9123: f05134;
  9124: f05134;
  9125: f05134;
  9126: f05134;
  9127: f05134;
  9128: f05134;
  9129: f05134;
  9130: f05134;
  9131: f05134;
  9132: f05134;
  9133: f05134;
  9134: f05134;
  9135: f05134;
  9136: ef5136;
  9137: e1573d;
  9138: c45f4d;
  9139: ffeee1;
  9140: fff9f6;
  9141: ffffff;
  9142: fdfffe;
  9143: fffbf4;
  9144: ffede1;
  9145: c05946;
  9146: e2563d;
  9147: ef5134;
  9148: f05235;
  9149: ef5233;
  9150: f15034;
  9151: f15033;
  9152: ee4f31;
  9153: f05134;
  9154: f24f3c;
  9155: c84d3d;
  9156: fff4e1;
  9157: fffff1;
  9158: fefaf9;
  9159: fffeff;
  9160: fffefc;
  9161: fffffd;
  9162: fffeff;
  9163: fffeff;
  9164: fffcff;
  9165: fffafb;
  9166: fff1ec;
  9167: ffc7ba;
  9168: dc513c;
  9169: f45336;
  9170: eb5032;
  9171: eb5435;
  9172: eb5435;
  9173: ee5334;
  9174: f45035;
  9175: f34d33;
  9176: f34f34;
  9177: f05036;
  9178: ed5236;
  9179: ed5138;
  9180: f05036;
  9181: f14f36;
  9182: f15034;
  9183: f05134;
  9184: e85134;
  9185: dd5642;
  9186: d2675f;
  9187: ffe5e2;
  9188: fff6f3;
  9189: fefffb;
  9190: fcfffb;
  9191: fcfff8;
  9192: fffffa;
  9193: fffffb;
  9194: fcffff;
  9195: fcffff;
  9196: ffffff;
  9197: fffeff;
  9198: fffdff;
  9199: fffdff;
  9200: fffeff;
  9201: ffffff;
  9202: ffffff;
  9203: ffffff;
  9204: ffffff;
  9205: ffffff;
  9206: ffffff;
  9207: ffffff;
  9208: ffffff;
  9209: ffffff;
  9210: ffffff;
  9211: ffffff;
  9212: ffffff;
  9213: ffffff;
  9214: ffffff;
  9215: ffffff;
  9216: fefffd;
  9217: ffffff;
  9218: fffeff;
  9219: fffeff;
  9220: fcffff;
  9221: fcfffd;
  9222: fffeff;
  9223: fffafb;
  9224: fff6ed;
  9225: cf8677;
  9226: d95845;
  9227: ef503a;
  9228: f34f34;
  9229: f24f30;
  9230: f05332;
  9231: ec5132;
  9232: f05134;
  9233: f05134;
  9234: f05134;
  9235: f05134;
  9236: f05134;
  9237: f05134;
  9238: f05134;
  9239: f05134;
  9240: f05134;
  9241: f05134;
  9242: f05134;
  9243: f05134;
  9244: f05134;
  9245: f05134;
  9246: f05134;
  9247: f05134;
  9248: f05134;
  9249: f05134;
  9250: f05134;
  9251: f05134;
  9252: f05134;
  9253: f05134;
  9254: f05134;
  9255: f05134;
  9256: f05134;
  9257: f05134;
  9258: f05134;
  9259: f05134;
  9260: f05134;
  9261: f05134;
  9262: f05134;
  9263: f05134;
  9264: ef5136;
  9265: e1573d;
  9266: c45f4d;
  9267: ffeee1;
  9268: fff9f6;
  9269: ffffff;
  9270: fdfffe;
  9271: fffbf4;
  9272: ffede1;
  9273: c05946;
  9274: e2563d;
  9275: ef5134;
  9276: f05235;
  9277: ef5233;
  9278: f15034;
  9279: f15033;
  9280: f24e32;
  9281: f24e32;
  9282: f25037;
  9283: d9573f;
  9284: ffcab0;
  9285: fff9e4;
  9286: fffcf3;
  9287: fefdf9;
  9288: fffefc;
  9289: fffefd;
  9290: fffbff;
  9291: fffcfc;
  9292: fffef8;
  9293: fff8ec;
  9294: ffe8d6;
  9295: ce5a43;
  9296: e65634;
  9297: f0522f;
  9298: f15131;
  9299: f15034;
  9300: f05134;
  9301: f05134;
  9302: f34f36;
  9303: f14f36;
  9304: f25238;
  9305: ee5035;
  9306: ec5135;
  9307: ef5136;
  9308: f55438;
  9309: f24c32;
  9310: f55034;
  9311: ef4f35;
  9312: e6543d;
  9313: c95a49;
  9314: ffe3da;
  9315: fff8f6;
  9316: fffafc;
  9317: fffeff;
  9318: fffffb;
  9319: fcfffb;
  9320: fcfffd;
  9321: fcffff;
  9322: fcffff;
  9323: feffff;
  9324: fffffd;
  9325: fffeff;
  9326: fffdff;
  9327: fffeff;
  9328: ffffff;
  9329: ffffff;
  9330: ffffff;
  9331: ffffff;
  9332: ffffff;
  9333: ffffff;
  9334: ffffff;
  9335: ffffff;
  9336: ffffff;
  9337: ffffff;
  9338: ffffff;
  9339: ffffff;
  9340: ffffff;
  9341: ffffff;
  9342: ffffff;
  9343: ffffff;
  9344: feffff;
  9345: feffff;
  9346: fffeff;
  9347: feffff;
  9348: fbfffd;
  9349: fbfffd;
  9350: fffeff;
  9351: fffcff;
  9352: fff8f5;
  9353: fff1e8;
  9354: e17c72;
  9355: de5545;
  9356: ed533b;
  9357: ef5032;
  9358: ed502f;
  9359: f15433;
  9360: f05133;
  9361: f05134;
  9362: f05134;
  9363: f05134;
  9364: f05134;
  9365: f05134;
  9366: f05134;
  9367: f05134;
  9368: f05134;
  9369: f05134;
  9370: f05134;
  9371: f05134;
  9372: f05134;
  9373: f05134;
  9374: f05134;
  9375: f05134;
  9376: f05134;
  9377: f05134;
  9378: f05134;
  9379: f05134;
  9380: f05134;
  9381: f05134;
  9382: f05134;
  9383: f05134;
  9384: f05134;
  9385: f05134;
  9386: f05134;
  9387: f05134;
  9388: f05134;
  9389: f05134;
  9390: f05134;
  9391: f05134;
  9392: ef5136;
  9393: e1573d;
  9394: c45f4d;
  9395: ffeee1;
  9396: fff9f6;
  9397: ffffff;
  9398: fdfffe;
  9399: fffbf4;
  9400: ffede1;
  9401: c05946;
  9402: e2563d;
  9403: ef5134;
  9404: f05235;
  9405: ef5233;
  9406: f15034;
  9407: f34f34;
  9408: f65135;
  9409: f55034;
  9410: ef4e31;
  9411: e25539;
  9412: c55f46;
  9413: e5a18c;
  9414: fff3e6;
  9415: fff7ef;
  9416: fff6f2;
  9417: fff8f4;
  9418: fff7f6;
  9419: fff3ee;
  9420: fff6e8;
  9421: e8aa95;
  9422: c4563b;
  9423: e35839;
  9424: e9552f;
  9425: ed532d;
  9426: f15033;
  9427: f34f34;
  9428: f14f36;
  9429: f14f36;
  9430: f14f36;
  9431: f14f36;
  9432: ee4e34;
  9433: ef5136;
  9434: f05539;
  9435: eb5032;
  9436: f25134;
  9437: f14d31;
  9438: f34f34;
  9439: e85039;
  9440: d0533f;
  9441: ffdcce;
  9442: fff8f3;
  9443: fdfdfd;
  9444: fffbfd;
  9445: fffdff;
  9446: fcfdf8;
  9447: fefffd;
  9448: feffff;
  9449: fcffff;
  9450: feffff;
  9451: fefffd;
  9452: fffffd;
  9453: fffffd;
  9454: fffeff;
  9455: fffeff;
  9456: ffffff;
  9457: ffffff;
  9458: ffffff;
  9459: ffffff;
  9460: ffffff;
  9461: ffffff;
  9462: ffffff;
  9463: ffffff;
  9464: ffffff;
  9465: ffffff;
  9466: ffffff;
  9467: ffffff;
  9468: ffffff;
  9469: ffffff;
  9470: ffffff;
  9471: ffffff;
  9472: fffeff;
  9473: fffeff;
  9474: fcffff;
  9475: fcffff;
  9476: fcfffd;
  9477: fcfffd;
  9478: ffffff;
  9479: fffeff;
  9480: fffeff;
  9481: fff5f3;
  9482: ffede8;
  9483: b9574c;
  9484: df5845;
  9485: ef533a;
  9486: f05332;
  9487: ee502d;
  9488: f05133;
  9489: f05134;
  9490: f05134;
  9491: f05134;
  9492: f05134;
  9493: f05134;
  9494: f05134;
  9495: f05134;
  9496: f05134;
  9497: f05134;
  9498: f05134;
  9499: f05134;
  9500: f05134;
  9501: f05134;
  9502: f05134;
  9503: f05134;
  9504: f05134;
  9505: f05134;
  9506: f05134;
  9507: f05134;
  9508: f05134;
  9509: f05134;
  9510: f05134;
  9511: f05134;
  9512: f05134;
  9513: f05134;
  9514: f05134;
  9515: f05134;
  9516: f05134;
  9517: f05134;
  9518: f05134;
  9519: f05134;
  9520: ef5136;
  9521: e1573d;
  9522: c45f4d;
  9523: ffeee1;
  9524: fff9f6;
  9525: ffffff;
  9526: fdfffe;
  9527: fffbf4;
  9528: ffede1;
  9529: c05946;
  9530: e2563d;
  9531: ef5134;
  9532: f05235;
  9533: ef5233;
  9534: f15034;
  9535: f15034;
  9536: f04c31;
  9537: ef4e32;
  9538: f25037;
  9539: ed533b;
  9540: e45642;
  9541: d35443;
  9542: c65c4e;
  9543: ffd9cd;
  9544: ffeae1;
  9545: ffebe2;
  9546: ffece2;
  9547: ffeadd;
  9548: ffa491;
  9549: d05840;
  9550: e05737;
  9551: e3512c;
  9552: e9552f;
  9553: ec542f;
  9554: ed5234;
  9555: ef5138;
  9556: ef5138;
  9557: f05038;
  9558: f34e38;
  9559: f34e38;
  9560: f25039;
  9561: ee4e34;
  9562: ea4f31;
  9563: f35a3a;
  9564: ec5230;
  9565: ef5436;
  9566: f2563d;
  9567: dd5642;
  9568: c36c5b;
  9569: fff2e8;
  9570: fffbfa;
  9571: feffff;
  9572: fffffd;
  9573: fdfcf8;
  9574: fffffb;
  9575: ffffff;
  9576: fffcff;
  9577: fffcff;
  9578: feffff;
  9579: fcfffd;
  9580: fcfffb;
  9581: fefffb;
  9582: ffffff;
  9583: fffeff;
  9584: ffffff;
  9585: ffffff;
  9586: ffffff;
  9587: ffffff;
  9588: ffffff;
  9589: ffffff;
  9590: ffffff;
  9591: ffffff;
  9592: ffffff;
  9593: ffffff;
  9594: ffffff;
  9595: ffffff;
  9596: ffffff;
  9597: ffffff;
  9598: ffffff;
  9599: ffffff;
  9600: fffdff;
  9601: fffeff;
  9602: fcffff;
  9603: fbfffd;
  9604: fefffd;
  9605: fefffd;
  9606: feffff;
  9607: feffff;
  9608: feffff;
  9609: fff7f8;
  9610: fff2f0;
  9611: ffeee6;
  9612: e97d70;
  9613: df543f;
  9614: ed5639;
  9615: f05131;
  9616: f05133;
  9617: f05134;
  9618: f05134;
  9619: f05134;
  9620: f05134;
  9621: f05134;
  9622: f05134;
  9623: f05134;
  9624: f05134;
  9625: f05134;
  9626: f05134;
  9627: f05134;
  9628: f05134;
  9629: f05134;
  9630: f05134;
  9631: f05134;
  9632: f05134;
  9633: f05134;
  9634: f05134;
  9635: f05134;
  9636: f05134;
  9637: f05134;
  9638: f05134;
  9639: f05134;
  9640: f05134;
  9641: f05134;
  9642: f05134;
  9643: f05134;
  9644: f05134;
  9645: f05134;
  9646: f05134;
  9647: f05134;
  9648: ef5136;
  9649: e1573d;
  9650: c45f4d;
  9651: ffeee1;
  9652: fff9f6;
  9653: ffffff;
  9654: fdfffe;
  9655: fffbf4;
  9656: ffede1;
  9657: c05946;
  9658: e2563d;
  9659: ef5134;
  9660: f05235;
  9661: ef5233;
  9662: f15034;
  9663: f15034;
  9664: f35236;
  9665: f05036;
  9666: f15139;
  9667: f1513b;
  9668: ed4a37;
  9669: f05340;
  9670: e25541;
  9671: d85946;
  9672: c85445;
  9673: c05646;
  9674: ba5744;
  9675: cb5e47;
  9676: de563e;
  9677: e85136;
  9678: ed5434;
  9679: ee5533;
  9680: ea5431;
  9681: ec5333;
  9682: ed5236;
  9683: ed5138;
  9684: ec5238;
  9685: ed5138;
  9686: f14f38;
  9687: f34e38;
  9688: f3513a;
  9689: f05036;
  9690: ed5031;
  9691: eb5031;
  9692: f05235;
  9693: e75337;
  9694: d14f37;
  9695: d5725f;
  9696: fff0e4;
  9697: fff8f3;
  9698: fffdfe;
  9699: fbffff;
  9700: fffffd;
  9701: fffef9;
  9702: fffffb;
  9703: f7f5f6;
  9704: fffbff;
  9705: fffbff;
  9706: fffeff;
  9707: fcfffd;
  9708: fbfffb;
  9709: fbfffb;
  9710: fffffd;
  9711: fffeff;
  9712: ffffff;
  9713: ffffff;
  9714: ffffff;
  9715: ffffff;
  9716: ffffff;
  9717: ffffff;
  9718: ffffff;
  9719: ffffff;
  9720: ffffff;
  9721: ffffff;
  9722: ffffff;
  9723: ffffff;
  9724: ffffff;
  9725: ffffff;
  9726: ffffff;
  9727: ffffff;
  9728: fffcff;
  9729: fffdff;
  9730: fffffd;
  9731: fefffd;
  9732: fefffd;
  9733: fefffd;
  9734: fcffff;
  9735: fcffff;
  9736: fcfdff;
  9737: fffeff;
  9738: fffdfb;
  9739: fff5ef;
  9740: ffebe1;
  9741: c25747;
  9742: df533c;
  9743: ee5337;
  9744: f05134;
  9745: f05134;
  9746: f05134;
  9747: f05134;
  9748: f05134;
  9749: f05134;
  9750: f05134;
  9751: f05134;
  9752: f05134;
  9753: f05134;
  9754: f05134;
  9755: f05134;
  9756: f05134;
  9757: f05134;
  9758: f05134;
  9759: f05134;
  9760: f05134;
  9761: f05134;
  9762: f05134;
  9763: f05134;
  9764: f05134;
  9765: f05134;
  9766: f05134;
  9767: f05134;
  9768: f05134;
  9769: f05134;
  9770: f05134;
  9771: f05134;
  9772: f05134;
  9773: f05134;
  9774: f05134;
  9775: f05134;
  9776: ef5136;
  9777: e1573d;
  9778: c45f4d;
  9779: ffeee1;
  9780: fff9f6;
  9781: ffffff;
  9782: fdfffe;
  9783: fffbf4;
  9784: ffede1;
  9785: c05946;
  9786: e2563d;
  9787: ef5134;
  9788: f05235;
  9789: ef5233;
  9790: f15034;
  9791: f15034;
  9792: f15137;
  9793: ef4f37;
  9794: eb4f38;
  9795: ed513a;
  9796: f2523a;
  9797: e94e32;
  9798: ea5638;
  9799: e25335;
  9800: e95740;
  9801: e65840;
  9802: dc593d;
  9803: df583a;
  9804: ee5738;
  9805: ef5233;
  9806: eb5034;
  9807: ed5236;
  9808: ed5234;
  9809: ed5236;
  9810: ef5138;
  9811: ed5138;
  9812: ea5336;
  9813: ea5336;
  9814: ef5136;
  9815: f05036;
  9816: ea5034;
  9817: ed5236;
  9818: f45336;
  9819: f14b31;
  9820: f14a37;
  9821: e55846;
  9822: c56f58;
  9823: ffe7d5;
  9824: fffaf1;
  9825: fffbf8;
  9826: ffffff;
  9827: feffff;
  9828: fffffd;
  9829: fffefa;
  9830: fffefd;
  9831: fffeff;
  9832: fffdff;
  9833: fffdff;
  9834: fffdff;
  9835: ffffff;
  9836: f9fffd;
  9837: f9fffb;
  9838: fffffd;
  9839: fffeff;
  9840: ffffff;
  9841: ffffff;
  9842: ffffff;
  9843: ffffff;
  9844: ffffff;
  9845: ffffff;
  9846: ffffff;
  9847: ffffff;
  9848: ffffff;
  9849: ffffff;
  9850: ffffff;
  9851: ffffff;
  9852: ffffff;
  9853: ffffff;
  9854: ffffff;
  9855: ffffff;
  9856: fffdff;
  9857: fffeff;
  9858: fffffd;
  9859: fffffd;
  9860: fffffd;
  9861: feffff;
  9862: feffff;
  9863: feffff;
  9864: fffeff;
  9865: feffff;
  9866: fafcf7;
  9867: fffdf6;
  9868: fff0eb;
  9869: d3867e;
  9870: d75c4c;
  9871: e9533b;
  9872: ed5236;
  9873: f05134;
  9874: f05134;
  9875: f05134;
  9876: f05134;
  9877: f05134;
  9878: f05134;
  9879: f05134;
  9880: f05134;
  9881: f05134;
  9882: f05134;
  9883: f05134;
  9884: f05134;
  9885: f05134;
  9886: f05134;
  9887: f05134;
  9888: f05134;
  9889: f05134;
  9890: f05134;
  9891: f05134;
  9892: f05134;
  9893: f05134;
  9894: f05134;
  9895: f05134;
  9896: f05134;
  9897: f05134;
  9898: f05134;
  9899: f05134;
  9900: f05134;
  9901: f05134;
  9902: f05134;
  9903: f05134;
  9904: ef5136;
  9905: e1573d;
  9906: c45f4d;
  9907: ffeee1;
  9908: fff9f6;
  9909: ffffff;
  9910: fdfffe;
  9911: fffbf4;
  9912: ffede1;
  9913: c05946;
  9914: e2563d;
  9915: ef5134;
  9916: f05235;
  9917: ef5233;
  9918: f15034;
  9919: f15034;
  9920: ec4d30;
  9921: f15338;
  9922: ed4f36;
  9923: ef5138;
  9924: f15235;
  9925: ee4f31;
  9926: f05634;
  9927: ee5334;
  9928: f15235;
  9929: e94b30;
  9930: ef5839;
  9931: e95332;
  9932: ec4d2d;
  9933: f35333;
  9934: f4543a;
  9935: ee5037;
  9936: f05036;
  9937: f05036;
  9938: f05038;
  9939: ef5136;
  9940: ec5334;
  9941: ec5333;
  9942: ef5233;
  9943: ef5134;
  9944: ef5539;
  9945: ec5236;
  9946: f04f33;
  9947: ef4d36;
  9948: f15546;
  9949: cb5345;
  9950: ffe6d7;
  9951: fffbef;
  9952: fffdf8;
  9953: feffff;
  9954: feffff;
  9955: fbfcfe;
  9956: ffffff;
  9957: fffdfe;
  9958: fdf9f8;
  9959: fffeff;
  9960: ffffff;
  9961: ffffff;
  9962: fffdff;
  9963: fffeff;
  9964: fbffff;
  9965: fbfffd;
  9966: ffffff;
  9967: fffeff;
  9968: ffffff;
  9969: ffffff;
  9970: ffffff;
  9971: ffffff;
  9972: ffffff;
  9973: ffffff;
  9974: ffffff;
  9975: ffffff;
  9976: ffffff;
  9977: ffffff;
  9978: ffffff;
  9979: ffffff;
  9980: ffffff;
  9981: ffffff;
  9982: ffffff;
  9983: ffffff;
  9984: fffffb;
  9985: fffffb;
  9986: fffffd;
  9987: ffffff;
  9988: ffffff;
  9989: fffeff;
  9990: fffdff;
  9991: fffdff;
  9992: fffcff;
  9993: fffffd;
  9994: fdfff7;
  9995: fefef6;
  9996: fffcfa;
  9997: fff2ef;
  9998: e47e72;
  9999: da513e;
  10000: ea523a;
  10001: f05134;
  10002: f05134;
  10003: f05134;
  10004: f05134;
  10005: f05134;
  10006: f05134;
  10007: f05134;
  10008: f05134;
  10009: f05134;
  10010: f05134;
  10011: f05134;
  10012: f05134;
  10013: f05134;
  10014: f05134;
  10015: f05134;
  10016: f05134;
  10017: f05134;
  10018: f05134;
  10019: f05134;
  10020: f05134;
  10021: f05134;
  10022: f05134;
  10023: f05134;
  10024: f05134;
  10025: f05134;
  10026: f05134;
  10027: f05134;
  10028: f05134;
  10029: f05134;
  10030: f05134;
  10031: f05134;
  10032: ef5136;
  10033: e1573d;
  10034: c45f4d;
  10035: ffeee1;
  10036: fff9f6;
  10037: ffffff;
  10038: fdfffe;
  10039: fffbf4;
  10040: ffede1;
  10041: c05946;
  10042: e2563d;
  10043: ef5134;
  10044: f05235;
  10045: ef5233;
  10046: f15034;
  10047: f05133;
  10048: f15435;
  10049: f05332;
  10050: ef4e31;
  10051: f45034;
  10052: f24e32;
  10053: f34f33;
  10054: eb4a2d;
  10055: f05134;
  10056: ec5135;
  10057: ed5236;
  10058: f05539;
  10059: f05235;
  10060: f55135;
  10061: f24e33;
  10062: f04e35;
  10063: f14f36;
  10064: f34f36;
  10065: f15034;
  10066: f05036;
  10067: f05134;
  10068: f0522f;
  10069: f1512f;
  10070: f1512f;
  10071: f15033;
  10072: ec4d30;
  10073: f25439;
  10074: ee5035;
  10075: e7573d;
  10076: cc5340;
  10077: ffe1d3;
  10078: fff2ef;
  10079: fffbfc;
  10080: fffeff;
  10081: fbfbfb;
  10082: fbfffc;
  10083: fbfffe;
  10084: feffff;
  10085: fffeff;
  10086: fffeff;
  10087: fffffb;
  10088: fcfffa;
  10089: fcfffb;
  10090: fffeff;
  10091: fffeff;
  10092: feffff;
  10093: feffff;
  10094: fffeff;
  10095: fffeff;
  10096: ffffff;
  10097: ffffff;
  10098: ffffff;
  10099: ffffff;
  10100: ffffff;
  10101: ffffff;
  10102: ffffff;
  10103: ffffff;
  10104: ffffff;
  10105: ffffff;
  10106: ffffff;
  10107: ffffff;
  10108: ffffff;
  10109: ffffff;
  10110: ffffff;
  10111: ffffff;
  10112: fffffa;
  10113: fffffb;
  10114: fefffd;
  10115: ffffff;
  10116: ffffff;
  10117: fffeff;
  10118: fffdff;
  10119: fffcff;
  10120: fffeff;
  10121: fffefa;
  10122: fefff8;
  10123: fefffa;
  10124: fcfdff;
  10125: fff9f8;
  10126: ffe8e1;
  10127: c65b4b;
  10128: e2563d;
  10129: ef5134;
  10130: ef5136;
  10131: ef5134;
  10132: f05134;
  10133: f05134;
  10134: f05134;
  10135: f05036;
  10136: f05036;
  10137: f05036;
  10138: f05036;
  10139: f05134;
  10140: f05133;
  10141: f05133;
  10142: f05134;
  10143: f05134;
  10144: f05133;
  10145: ef5233;
  10146: f05134;
  10147: f05134;
  10148: f05134;
  10149: f05134;
  10150: f05134;
  10151: f05134;
  10152: f05134;
  10153: f05134;
  10154: f15034;
  10155: f05134;
  10156: f05134;
  10157: f05134;
  10158: f05134;
  10159: f05134;
  10160: f05134;
  10161: e2563d;
  10162: c55e4d;
  10163: ffede4;
  10164: fff9f8;
  10165: ffffff;
  10166: fdfeff;
  10167: fffaf6;
  10168: ffeee1;
  10169: c05946;
  10170: e2563f;
  10171: f05036;
  10172: f15234;
  10173: f05133;
  10174: f34f34;
  10175: f15033;
  10176: ef5231;
  10177: ed502f;
  10178: f25232;
  10179: f65334;
  10180: ed492d;
  10181: f55135;
  10182: f75338;
  10183: ee4f32;
  10184: ed5236;
  10185: ef5438;
  10186: ee5035;
  10187: f14f36;
  10188: f14d32;
  10189: f24e33;
  10190: f45239;
  10191: f04f33;
  10192: f34f34;
  10193: f15034;
  10194: f05134;
  10195: f05133;
  10196: f1512f;
  10197: f1512f;
  10198: f15131;
  10199: f05133;
  10200: f25135;
  10201: ee5037;
  10202: ea543c;
  10203: d55842;
  10204: c47161;
  10205: fff0e9;
  10206: fff9fa;
  10207: fffeff;
  10208: fffdff;
  10209: ffffff;
  10210: fefffd;
  10211: fafefd;
  10212: fdfeff;
  10213: fffeff;
  10214: fffeff;
  10215: fefffa;
  10216: fcfff8;
  10217: fcfffa;
  10218: ffffff;
  10219: fffeff;
  10220: fffeff;
  10221: ffffff;
  10222: fffeff;
  10223: fffeff;
  10224: ffffff;
  10225: ffffff;
  10226: ffffff;
  10227: ffffff;
  10228: ffffff;
  10229: ffffff;
  10230: ffffff;
  10231: ffffff;
  10232: ffffff;
  10233: ffffff;
  10234: ffffff;
  10235: ffffff;
  10236: ffffff;
  10237: ffffff;
  10238: ffffff;
  10239: ffffff;
  10240: fffffd;
  10241: fffffd;
  10242: ffffff;
  10243: ffffff;
  10244: ffffff;
  10245: ffffff;
  10246: fffeff;
  10247: fffeff;
  10248: fffeff;
  10249: fffffd;
  10250: fffffd;
  10251: fffffd;
  10252: ffffff;
  10253: fffcfd;
  10254: fff8f6;
  10255: ffeee4;
  10256: cc523d;
  10257: ed5639;
  10258: e84e34;
  10259: ea4f33;
  10260: f15234;
  10261: ef4e31;
  10262: ef4f35;
  10263: f2543b;
  10264: ef503a;
  10265: ef503a;
  10266: f05038;
  10267: f05036;
  10268: ef5231;
  10269: ef5231;
  10270: f05133;
  10271: f05133;
  10272: ef5231;
  10273: ed5331;
  10274: ef5134;
  10275: f05036;
  10276: f14f36;
  10277: f15034;
  10278: f05134;
  10279: f05134;
  10280: f25238;
  10281: ee4c33;
  10282: f45037;
  10283: ef4e32;
  10284: f15234;
  10285: f15435;
  10286: ed4e30;
  10287: f15234;
  10288: f04f32;
  10289: e2523a;
  10290: cb5f53;
  10291: ffebe9;
  10292: fff8fa;
  10293: feffff;
  10294: fdfcff;
  10295: fff9f8;
  10296: ffede0;
  10297: c25b48;
  10298: e0523e;
  10299: f3513a;
  10300: f05030;
  10301: f35031;
  10302: f74f34;
  10303: f34d33;
  10304: f15033;
  10305: f05133;
  10306: f05133;
  10307: f15033;
  10308: f15034;
  10309: f15034;
  10310: f15034;
  10311: f05134;
  10312: ef5134;
  10313: ef5134;
  10314: f05134;
  10315: f05134;
  10316: f15034;
  10317: f15034;
  10318: f05134;
  10319: f05134;
  10320: f15033;
  10321: f05133;
  10322: f05134;
  10323: ee5033;
  10324: ef5134;
  10325: ed5234;
  10326: e94f33;
  10327: f05539;
  10328: ef4d34;
  10329: f1553e;
  10330: db4e3c;
  10331: d56d60;
  10332: fff1ed;
  10333: fffbfa;
  10334: fffefd;
  10335: feffff;
  10336: ffffff;
  10337: ffffff;
  10338: ffffff;
  10339: feffff;
  10340: ffffff;
  10341: ffffff;
  10342: ffffff;
  10343: fffffd;
  10344: fefffd;
  10345: fefffd;
  10346: ffffff;
  10347: ffffff;
  10348: ffffff;
  10349: ffffff;
  10350: ffffff;
  10351: ffffff;
  10352: ffffff;
  10353: ffffff;
  10354: ffffff;
  10355: ffffff;
  10356: ffffff;
  10357: ffffff;
  10358: ffffff;
  10359: ffffff;
  10360: ffffff;
  10361: ffffff;
  10362: ffffff;
  10363: ffffff;
  10364: ffffff;
  10365: ffffff;
  10366: ffffff;
  10367: ffffff;
  10368: ffffff;
  10369: ffffff;
  10370: ffffff;
  10371: ffffff;
  10372: ffffff;
  10373: ffffff;
  10374: ffffff;
  10375: ffffff;
  10376: ffffff;
  10377: ffffff;
  10378: ffffff;
  10379: ffffff;
  10380: ffffff;
  10381: ffffff;
  10382: ffffff;
  10383: fff7f1;
  10384: d78172;
  10385: cf523c;
  10386: e9593f;
  10387: f15338;
  10388: f45034;
  10389: f55135;
  10390: f15137;
  10391: ed4f36;
  10392: ef503a;
  10393: f05038;
  10394: f05036;
  10395: ef5134;
  10396: ef5231;
  10397: ef5231;
  10398: f05134;
  10399: f05133;
  10400: ed5331;
  10401: ed5331;
  10402: f05036;
  10403: f14f38;
  10404: f14f36;
  10405: f15034;
  10406: f05134;
  10407: ef5134;
  10408: ee4e34;
  10409: f3513a;
  10410: f45037;
  10411: f15034;
  10412: ec4d2f;
  10413: ef5231;
  10414: f25335;
  10415: ee4f32;
  10416: f05237;
  10417: e25b47;
  10418: bc5f57;
  10419: fff0ef;
  10420: fffafd;
  10421: f9fafe;
  10422: fffdff;
  10423: fff9fa;
  10424: fff1e4;
  10425: b45c48;
  10426: e15a47;
  10427: ee4f3a;
  10428: f15033;
  10429: f14e2f;
  10430: f65135;
  10431: f55135;
  10432: f15034;
  10433: f05134;
  10434: f05134;
  10435: f05134;
  10436: f05134;
  10437: f05134;
  10438: f05134;
  10439: f05134;
  10440: f05134;
  10441: f05134;
  10442: f05134;
  10443: f05134;
  10444: f05134;
  10445: f05134;
  10446: f05134;
  10447: f05134;
  10448: f05133;
  10449: ef5032;
  10450: ef5033;
  10451: ef5136;
  10452: ed4f34;
  10453: f4593d;
  10454: e85134;
  10455: e65035;
  10456: eb5439;
  10457: e05540;
  10458: da6a5e;
  10459: ffdfd7;
  10460: fff9f6;
  10461: fcffff;
  10462: fbfffe;
  10463: feffff;
  10464: ffffff;
  10465: ffffff;
  10466: ffffff;
  10467: ffffff;
  10468: ffffff;
  10469: ffffff;
  10470: ffffff;
  10471: ffffff;
  10472: ffffff;
  10473: ffffff;
  10474: ffffff;
  10475: ffffff;
  10476: ffffff;
  10477: ffffff;
  10478: ffffff;
  10479: ffffff;
  10480: ffffff;
  10481: ffffff;
  10482: ffffff;
  10483: ffffff;
  10484: ffffff;
  10485: ffffff;
  10486: ffffff;
  10487: ffffff;
  10488: ffffff;
  10489: ffffff;
  10490: ffffff;
  10491: ffffff;
  10492: ffffff;
  10493: ffffff;
  10494: ffffff;
  10495: ffffff;
  10496: ffffff;
  10497: ffffff;
  10498: ffffff;
  10499: ffffff;
  10500: ffffff;
  10501: ffffff;
  10502: ffffff;
  10503: ffffff;
  10504: ffffff;
  10505: ffffff;
  10506: ffffff;
  10507: ffffff;
  10508: ffffff;
  10509: ffffff;
  10510: ffffff;
  10511: fffcfa;
  10512: fff7ef;
  10513: ffe9db;
  10514: d04e38;
  10515: f04c33;
  10516: f94e34;
  10517: f84e35;
  10518: ed4d33;
  10519: f2543b;
  10520: f14f36;
  10521: f34f33;
  10522: f1512d;
  10523: ef532d;
  10524: ef5233;
  10525: ef5136;
  10526: f05036;
  10527: f05134;
  10528: ef5233;
  10529: ef5233;
  10530: f14f38;
  10531: f14f38;
  10532: f14f36;
  10533: f05134;
  10534: ef5134;
  10535: ef5134;
  10536: ee4e34;
  10537: f4523b;
  10538: f04e35;
  10539: f15234;
  10540: ee5130;
  10541: f15433;
  10542: f15033;
  10543: ed4f36;
  10544: e4523b;
  10545: c95a49;
  10546: e6ada4;
  10547: fff6f4;
  10548: fffdfb;
  10549: ffffff;
  10550: ffffff;
  10551: fffaf8;
  10552: fff7ec;
  10553: cb8a78;
  10554: c65042;
  10555: e4513f;
  10556: ed5138;
  10557: ef5032;
  10558: ec5230;
  10559: ee5432;
  10560: ef5233;
  10561: f05134;
  10562: f05134;
  10563: f05134;
  10564: f05134;
  10565: f05134;
  10566: f05134;
  10567: f05134;
  10568: f05134;
  10569: f05134;
  10570: f05134;
  10571: f05134;
  10572: f05134;
  10573: f05134;
  10574: f05134;
  10575: f05134;
  10576: f05334;
  10577: ee5132;
  10578: f05237;
  10579: ef4f37;
  10580: f44f39;
  10581: ed4d33;
  10582: e75130;
  10583: ea5b39;
  10584: e45a3e;
  10585: d76a56;
  10586: ffede6;
  10587: fff7f3;
  10588: fff9f2;
  10589: fffffa;
  10590: feffff;
  10591: feffff;
  10592: ffffff;
  10593: ffffff;
  10594: ffffff;
  10595: ffffff;
  10596: ffffff;
  10597: ffffff;
  10598: ffffff;
  10599: ffffff;
  10600: ffffff;
  10601: ffffff;
  10602: ffffff;
  10603: ffffff;
  10604: ffffff;
  10605: ffffff;
  10606: ffffff;
  10607: ffffff;
  10608: ffffff;
  10609: ffffff;
  10610: ffffff;
  10611: ffffff;
  10612: ffffff;
  10613: ffffff;
  10614: ffffff;
  10615: ffffff;
  10616: ffffff;
  10617: ffffff;
  10618: ffffff;
  10619: ffffff;
  10620: ffffff;
  10621: ffffff;
  10622: ffffff;
  10623: ffffff;
  10624: ffffff;
  10625: ffffff;
  10626: ffffff;
  10627: ffffff;
  10628: ffffff;
  10629: ffffff;
  10630: ffffff;
  10631: ffffff;
  10632: ffffff;
  10633: ffffff;
  10634: ffffff;
  10635: ffffff;
  10636: ffffff;
  10637: ffffff;
  10638: ffffff;
  10639: fffffd;
  10640: fffffb;
  10641: fff6ed;
  10642: e78173;
  10643: e75945;
  10644: f14f38;
  10645: f34d33;
  10646: f35437;
  10647: ed4f32;
  10648: f15033;
  10649: f35031;
  10650: f3512b;
  10651: f1512d;
  10652: f05133;
  10653: ef5136;
  10654: f05036;
  10655: f05134;
  10656: ef5134;
  10657: ef5134;
  10658: f14f38;
  10659: f34e3a;
  10660: f14f38;
  10661: f05134;
  10662: ef5134;
  10663: ef5134;
  10664: f15137;
  10665: f05036;
  10666: ef5033;
  10667: ef5233;
  10668: f05634;
  10669: f05332;
  10670: ee4d31;
  10671: ed573f;
  10672: d05543;
  10673: ffd8cd;
  10674: fff6ef;
  10675: fffcf8;
  10676: fffffb;
  10677: fdfdfb;
  10678: ffffff;
  10679: fffefa;
  10680: fffbf1;
  10681: fff3e6;
  10682: ffb3a8;
  10683: d4594a;
  10684: eb5640;
  10685: ef5436;
  10686: eb5532;
  10687: e7512e;
  10688: ef5233;
  10689: f05134;
  10690: f05134;
  10691: f05134;
  10692: f05134;
  10693: f05134;
  10694: f05134;
  10695: f05134;
  10696: f05134;
  10697: f05134;
  10698: f05134;
  10699: f05134;
  10700: f05134;
  10701: f05134;
  10702: f05134;
  10703: f05134;
  10704: ef5033;
  10705: f45538;
  10706: eb4b31;
  10707: f6543d;
  10708: f14c36;
  10709: f25135;
  10710: f35635;
  10711: e15534;
  10712: c9573d;
  10713: ffdbcd;
  10714: fff7f3;
  10715: fffbfa;
  10716: fffff8;
  10717: fffff8;
  10718: fcfefd;
  10719: feffff;
  10720: ffffff;
  10721: ffffff;
  10722: ffffff;
  10723: ffffff;
  10724: ffffff;
  10725: ffffff;
  10726: ffffff;
  10727: ffffff;
  10728: ffffff;
  10729: ffffff;
  10730: ffffff;
  10731: ffffff;
  10732: ffffff;
  10733: ffffff;
  10734: ffffff;
  10735: ffffff;
  10736: ffffff;
  10737: ffffff;
  10738: ffffff;
  10739: ffffff;
  10740: ffffff;
  10741: ffffff;
  10742: ffffff;
  10743: ffffff;
  10744: ffffff;
  10745: ffffff;
  10746: ffffff;
  10747: ffffff;
  10748: ffffff;
  10749: ffffff;
  10750: ffffff;
  10751: ffffff;
  10752: ffffff;
  10753: ffffff;
  10754: ffffff;
  10755: ffffff;
  10756: ffffff;
  10757: ffffff;
  10758: ffffff;
  10759: ffffff;
  10760: ffffff;
  10761: ffffff;
  10762: ffffff;
  10763: ffffff;
  10764: ffffff;
  10765: ffffff;
  10766: ffffff;
  10767: ffffff;
  10768: fcfefb;
  10769: fffaf6;
  10770: ffefe9;
  10771: b4564a;
  10772: e15943;
  10773: ec5133;
  10774: ef5233;
  10775: ee5130;
  10776: ef5233;
  10777: f15033;
  10778: f44f33;
  10779: f44f33;
  10780: f35031;
  10781: f15033;
  10782: f05133;
  10783: ef5134;
  10784: ef5134;
  10785: f05036;
  10786: f34e3a;
  10787: f34e3a;
  10788: f14f38;
  10789: f05134;
  10790: ef5134;
  10791: ef5134;
  10792: f25238;
  10793: ef4f35;
  10794: f15235;
  10795: ef5233;
  10796: ec5230;
  10797: eb5031;
  10798: ee5239;
  10799: db5440;
  10800: d0786a;
  10801: fff1e7;
  10802: fffaf6;
  10803: fefefc;
  10804: f8fcfb;
  10805: fcfffd;
  10806: fffffb;
  10807: fffff8;
  10808: fffdf6;
  10809: fff5ee;
  10810: fff0ea;
  10811: b55b50;
  10812: dc553f;
  10813: ea4f31;
  10814: e75231;
  10815: ed5837;
  10816: ed5234;
  10817: f05134;
  10818: f05134;
  10819: f05134;
  10820: f05134;
  10821: f05134;
  10822: f05134;
  10823: f05134;
  10824: f05134;
  10825: f05134;
  10826: f05134;
  10827: f05134;
  10828: f05134;
  10829: f05134;
  10830: f05134;
  10831: f05134;
  10832: f35236;
  10833: f04e35;
  10834: f5503a;
  10835: ef4d36;
  10836: ee4e34;
  10837: ef4e32;
  10838: f14c2e;
  10839: e2563b;
  10840: c2715e;
  10841: fff5ec;
  10842: fff6f6;
  10843: fefeff;
  10844: fffefd;
  10845: fffffd;
  10846: fcfefd;
  10847: fdfffe;
  10848: ffffff;
  10849: ffffff;
  10850: ffffff;
  10851: ffffff;
  10852: ffffff;
  10853: ffffff;
  10854: ffffff;
  10855: ffffff;
  10856: ffffff;
  10857: ffffff;
  10858: ffffff;
  10859: ffffff;
  10860: ffffff;
  10861: ffffff;
  10862: ffffff;
  10863: ffffff;
  10864: ffffff;
  10865: ffffff;
  10866: ffffff;
  10867: ffffff;
  10868: ffffff;
  10869: ffffff;
  10870: ffffff;
  10871: ffffff;
  10872: ffffff;
  10873: ffffff;
  10874: ffffff;
  10875: ffffff;
  10876: ffffff;
  10877: ffffff;
  10878: ffffff;
  10879: ffffff;
  10880: ffffff;
  10881: ffffff;
  10882: ffffff;
  10883: ffffff;
  10884: ffffff;
  10885: ffffff;
  10886: ffffff;
  10887: ffffff;
  10888: ffffff;
  10889: ffffff;
  10890: ffffff;
  10891: ffffff;
  10892: ffffff;
  10893: ffffff;
  10894: ffffff;
  10895: ffffff;
  10896: fcfcfa;
  10897: fffefb;
  10898: fff6f3;
  10899: ffefe8;
  10900: bd5741;
  10901: e0593c;
  10902: ed5637;
  10903: ec4f2e;
  10904: ed5233;
  10905: ef5134;
  10906: f15034;
  10907: f44e34;
  10908: f35031;
  10909: f35031;
  10910: f15033;
  10911: f05134;
  10912: ef5136;
  10913: f05038;
  10914: f34e3a;
  10915: f34e3a;
  10916: f14f36;
  10917: f05134;
  10918: ef5233;
  10919: ed5233;
  10920: ef5134;
  10921: ee5033;
  10922: ee5033;
  10923: f15435;
  10924: eb5031;
  10925: e95233;
  10926: ec573f;
  10927: c75240;
  10928: ffece0;
  10929: fff9f3;
  10930: fffafb;
  10931: fbfcfe;
  10932: f9ffff;
  10933: f7fdf9;
  10934: fdfef9;
  10935: fffffa;
  10936: fffaf6;
  10937: fffcf8;
  10938: fff8f4;
  10939: ffebe1;
  10940: d05945;
  10941: eb553a;
  10942: e95434;
  10943: ec5333;
  10944: ef5134;
  10945: f05134;
  10946: f05134;
  10947: f05134;
  10948: f05134;
  10949: f05134;
  10950: f05134;
  10951: f05134;
  10952: f05134;
  10953: f05134;
  10954: f05134;
  10955: f05134;
  10956: f05134;
  10957: f05134;
  10958: f05134;
  10959: f15034;
  10960: ef4b32;
  10961: f24e35;
  10962: f5503a;
  10963: f04e35;
  10964: f35538;
  10965: ec5538;
  10966: e35338;
  10967: db6d56;
  10968: ffeee1;
  10969: fff8f3;
  10970: ffffff;
  10971: fcffff;
  10972: fefdff;
  10973: fffdff;
  10974: ffffff;
  10975: ffffff;
  10976: ffffff;
  10977: ffffff;
  10978: ffffff;
  10979: ffffff;
  10980: ffffff;
  10981: ffffff;
  10982: ffffff;
  10983: ffffff;
  10984: ffffff;
  10985: ffffff;
  10986: ffffff;
  10987: ffffff;
  10988: ffffff;
  10989: ffffff;
  10990: ffffff;
  10991: ffffff;
  10992: ffffff;
  10993: ffffff;
  10994: ffffff;
  10995: ffffff;
  10996: ffffff;
  10997: ffffff;
  10998: ffffff;
  10999: ffffff;
  11000: ffffff;
  11001: ffffff;
  11002: ffffff;
  11003: ffffff;
  11004: ffffff;
  11005: ffffff;
  11006: ffffff;
  11007: ffffff;
  11008: ffffff;
  11009: ffffff;
  11010: ffffff;
  11011: ffffff;
  11012: ffffff;
  11013: ffffff;
  11014: ffffff;
  11015: ffffff;
  11016: ffffff;
  11017: ffffff;
  11018: ffffff;
  11019: ffffff;
  11020: ffffff;
  11021: ffffff;
  11022: ffffff;
  11023: fffeff;
  11024: fffeff;
  11025: fef8f8;
  11026: fffefa;
  11027: fff9ef;
  11028: c88775;
  11029: c25a41;
  11030: e2553a;
  11031: f05235;
  11032: ec5236;
  11033: ec5236;
  11034: ed5234;
  11035: ef5233;
  11036: f34f33;
  11037: f44f33;
  11038: f34f36;
  11039: f14f38;
  11040: f05036;
  11041: f05038;
  11042: f34e3a;
  11043: f34e38;
  11044: f15034;
  11045: f05133;
  11046: ef5233;
  11047: ed5233;
  11048: ed5234;
  11049: ec5133;
  11050: ee4f32;
  11051: f25335;
  11052: f05235;
  11053: ea5439;
  11054: de583f;
  11055: ef8e7d;
  11056: fff6ec;
  11057: fffbf8;
  11058: fffcff;
  11059: fdfbff;
  11060: fafffc;
  11061: fbfffb;
  11062: fefdf9;
  11063: fffdfd;
  11064: fffcff;
  11065: fffafb;
  11066: fffcfa;
  11067: fff5ec;
  11068: c96555;
  11069: dd523b;
  11070: ee5438;
  11071: ee4f31;
  11072: f05134;
  11073: f05134;
  11074: f05134;
  11075: f05134;
  11076: f05134;
  11077: f05134;
  11078: f05134;
  11079: f05134;
  11080: f05134;
  11081: f05134;
  11082: f05134;
  11083: f05134;
  11084: f05134;
  11085: f05134;
  11086: f05134;
  11087: f15034;
  11088: f45035;
  11089: f65239;
  11090: f3513a;
  11091: ec4e33;
  11092: ea5131;
  11093: de5c3c;
  11094: c46a50;
  11095: ffead8;
  11096: fff9f1;
  11097: fffefb;
  11098: fcffff;
  11099: f6feff;
  11100: fcffff;
  11101: fffeff;
  11102: fffdff;
  11103: fffbfb;
  11104: fffeff;
  11105: ffffff;
  11106: ffffff;
  11107: ffffff;
  11108: ffffff;
  11109: ffffff;
  11110: ffffff;
  11111: ffffff;
  11112: ffffff;
  11113: ffffff;
  11114: ffffff;
  11115: ffffff;
  11116: ffffff;
  11117: ffffff;
  11118: ffffff;
  11119: ffffff;
  11120: ffffff;
  11121: ffffff;
  11122: ffffff;
  11123: ffffff;
  11124: ffffff;
  11125: ffffff;
  11126: ffffff;
  11127: ffffff;
  11128: ffffff;
  11129: ffffff;
  11130: ffffff;
  11131: ffffff;
  11132: ffffff;
  11133: ffffff;
  11134: ffffff;
  11135: ffffff;
  11136: ffffff;
  11137: ffffff;
  11138: ffffff;
  11139: ffffff;
  11140: ffffff;
  11141: ffffff;
  11142: ffffff;
  11143: ffffff;
  11144: ffffff;
  11145: ffffff;
  11146: ffffff;
  11147: ffffff;
  11148: ffffff;
  11149: ffffff;
  11150: ffffff;
  11151: fffeff;
  11152: fffbff;
  11153: fffeff;
  11154: fdfffa;
  11155: fffcf2;
  11156: fff6e8;
  11157: ffeada;
  11158: cd503a;
  11159: e9533a;
  11160: ec5238;
  11161: ec5236;
  11162: ec5333;
  11163: ec5333;
  11164: f05131;
  11165: f34f34;
  11166: f44d3a;
  11167: f34e3b;
  11168: f14f38;
  11169: f14f36;
  11170: f14f38;
  11171: f14f36;
  11172: f05134;
  11173: f05133;
  11174: ef5231;
  11175: ef5233;
  11176: ec5334;
  11177: ed5234;
  11178: f35236;
  11179: f04f33;
  11180: f05036;
  11181: e5533a;
  11182: d15941;
  11183: ffe9d8;
  11184: fff6ee;
  11185: fcffff;
  11186: fefbff;
  11187: fffeff;
  11188: f9fffb;
  11189: fbfffb;
  11190: fffffd;
  11191: fffcfe;
  11192: fffcff;
  11193: fffdff;
  11194: fffffd;
  11195: fff6ef;
  11196: ffdbcb;
  11197: d55842;
  11198: e74f37;
  11199: f55136;
  11200: f15034;
  11201: f05134;
  11202: f05134;
  11203: f05134;
  11204: f05134;
  11205: f05134;
  11206: f05134;
  11207: f05134;
  11208: f05134;
  11209: f05134;
  11210: f05134;
  11211: f05134;
  11212: f05134;
  11213: f05134;
  11214: f05134;
  11215: f05134;
  11216: f25135;
  11217: ee4f32;
  11218: ee4e34;
  11219: ec553a;
  11220: e1573a;
  11221: d56b51;
  11222: fff1df;
  11223: fff9ee;
  11224: fffef8;
  11225: fdfffc;
  11226: fbffff;
  11227: f9ffff;
  11228: fcffff;
  11229: fffeff;
  11230: fffdff;
  11231: fffdfd;
  11232: fffeff;
  11233: ffffff;
  11234: ffffff;
  11235: ffffff;
  11236: ffffff;
  11237: ffffff;
  11238: ffffff;
  11239: ffffff;
  11240: ffffff;
  11241: ffffff;
  11242: ffffff;
  11243: ffffff;
  11244: ffffff;
  11245: ffffff;
  11246: ffffff;
  11247: ffffff;
  11248: ffffff;
  11249: ffffff;
  11250: ffffff;
  11251: ffffff;
  11252: ffffff;
  11253: ffffff;
  11254: ffffff;
  11255: ffffff;
  11256: ffffff;
  11257: ffffff;
  11258: ffffff;
  11259: ffffff;
  11260: ffffff;
  11261: ffffff;
  11262: ffffff;
  11263: ffffff;
  11264: ffffff;
  11265: ffffff;
  11266: ffffff;
  11267: ffffff;
  11268: ffffff;
  11269: ffffff;
  11270: ffffff;
  11271: ffffff;
  11272: ffffff;
  11273: ffffff;
  11274: ffffff;
  11275: ffffff;
  11276: ffffff;
  11277: ffffff;
  11278: ffffff;
  11279: fffeff;
  11280: fffcff;
  11281: fffeff;
  11282: fafffb;
  11283: fffffa;
  11284: fffcf6;
  11285: ffefe7;
  11286: e88273;
  11287: e05842;
  11288: ee543a;
  11289: ef5032;
  11290: ef5435;
  11291: ea512f;
  11292: ea502c;
  11293: f25536;
  11294: f44e3e;
  11295: f44e40;
  11296: f14f38;
  11297: f15034;
  11298: f14f36;
  11299: f05134;
  11300: f05133;
  11301: f05131;
  11302: f05133;
  11303: ef5233;
  11304: ea5132;
  11305: ef5436;
  11306: f14d32;
  11307: f75137;
  11308: f25039;
  11309: e1533b;
  11310: c65c46;
  11311: ffecda;
  11312: fff9f4;
  11313: feffff;
  11314: feffff;
  11315: feffff;
  11316: fbfffd;
  11317: fcfffb;
  11318: fffeff;
  11319: fffdff;
  11320: fffdff;
  11321: fffcfe;
  11322: fffeff;
  11323: fff7f3;
  11324: ffecdc;
  11325: c55841;
  11326: e8533b;
  11327: f24e33;
  11328: f15034;
  11329: f05134;
  11330: f05134;
  11331: f05134;
  11332: f05134;
  11333: f05134;
  11334: f05134;
  11335: f05134;
  11336: f05134;
  11337: f05134;
  11338: ef5033;
  11339: f05134;
  11340: f05134;
  11341: f15235;
  11342: f05134;
  11343: ee5033;
  11344: ec5333;
  11345: e95030;
  11346: f05134;
  11347: e25238;
  11348: ca5c45;
  11349: ffdfce;
  11350: fff5ef;
  11351: fffcfa;
  11352: fffefb;
  11353: fefffd;
  11354: fcffff;
  11355: fcffff;
  11356: fffeff;
  11357: ffffff;
  11358: fffeff;
  11359: fffffd;
  11360: ffffff;
  11361: ffffff;
  11362: ffffff;
  11363: ffffff;
  11364: ffffff;
  11365: ffffff;
  11366: ffffff;
  11367: ffffff;
  11368: ffffff;
  11369: ffffff;
  11370: ffffff;
  11371: ffffff;
  11372: ffffff;
  11373: ffffff;
  11374: ffffff;
  11375: ffffff;
  11376: ffffff;
  11377: ffffff;
  11378: ffffff;
  11379: ffffff;
  11380: ffffff;
  11381: ffffff;
  11382: ffffff;
  11383: ffffff;
  11384: ffffff;
  11385: ffffff;
  11386: ffffff;
  11387: ffffff;
  11388: ffffff;
  11389: ffffff;
  11390: ffffff;
  11391: ffffff;
  11392: ffffff;
  11393: ffffff;
  11394: ffffff;
  11395: ffffff;
  11396: ffffff;
  11397: ffffff;
  11398: ffffff;
  11399: ffffff;
  11400: ffffff;
  11401: ffffff;
  11402: ffffff;
  11403: ffffff;
  11404: ffffff;
  11405: ffffff;
  11406: ffffff;
  11407: ffffff;
  11408: fffdff;
  11409: fffeff;
  11410: fefffd;
  11411: fafcf9;
  11412: ffffff;
  11413: fff8f6;
  11414: ffeae1;
  11415: c25747;
  11416: e5553d;
  11417: f04f33;
  11418: ee5130;
  11419: f25937;
  11420: ea512f;
  11421: ec5133;
  11422: f14e3b;
  11423: ee4b38;
  11424: f14f36;
  11425: f15034;
  11426: f05134;
  11427: f05133;
  11428: f05131;
  11429: f05131;
  11430: f05133;
  11431: ef5134;
  11432: ec5236;
  11433: ec5135;
  11434: f55034;
  11435: f64e34;
  11436: f5503a;
  11437: df533c;
  11438: b7573f;
  11439: fff0df;
  11440: fffaf6;
  11441: ffffff;
  11442: feffff;
  11443: fcfffd;
  11444: fbfffd;
  11445: fcffff;
  11446: fffeff;
  11447: fffdff;
  11448: fffdff;
  11449: fffdfe;
  11450: fffdff;
  11451: fff9f6;
  11452: ffe9d7;
  11453: c46048;
  11454: e7573f;
  11455: f14d34;
  11456: f15034;
  11457: f05134;
  11458: f05134;
  11459: f05134;
  11460: f05134;
  11461: f05134;
  11462: f05134;
  11463: f05134;
  11464: f15235;
  11465: f15235;
  11466: f15235;
  11467: f05134;
  11468: f05134;
  11469: f05134;
  11470: f05134;
  11471: ef5134;
  11472: eb5232;
  11473: ee5738;
  11474: e85136;
  11475: e05f4a;
  11476: bc6d5e;
  11477: fff3ec;
  11478: fffafa;
  11479: fdf9fa;
  11480: fffeff;
  11481: feffff;
  11482: feffff;
  11483: feffff;
  11484: fffeff;
  11485: fffeff;
  11486: fffffd;
  11487: fffffd;
  11488: ffffff;
  11489: ffffff;
  11490: ffffff;
  11491: ffffff;
  11492: ffffff;
  11493: ffffff;
  11494: ffffff;
  11495: ffffff;
  11496: ffffff;
  11497: ffffff;
  11498: ffffff;
  11499: ffffff;
  11500: ffffff;
  11501: ffffff;
  11502: ffffff;
  11503: ffffff;
  11504: ffffff;
  11505: ffffff;
  11506: ffffff;
  11507: ffffff;
  11508: ffffff;
  11509: ffffff;
  11510: ffffff;
  11511: ffffff;
  11512: ffffff;
  11513: ffffff;
  11514: ffffff;
  11515: ffffff;
  11516: ffffff;
  11517: ffffff;
  11518: ffffff;
  11519: ffffff;
  11520: ffffff;
  11521: ffffff;
  11522: ffffff;
  11523: ffffff;
  11524: ffffff;
  11525: ffffff;
  11526: ffffff;
  11527: ffffff;
  11528: ffffff;
  11529: ffffff;
  11530: ffffff;
  11531: ffffff;
  11532: ffffff;
  11533: ffffff;
  11534: ffffff;
  11535: ffffff;
  11536: fffeff;
  11537: fefcff;
  11538: fffeff;
  11539: fefefe;
  11540: fbffff;
  11541: fffeff;
  11542: fff6f9;
  11543: ffece8;
  11544: d35141;
  11545: f35339;
  11546: ed5031;
  11547: ee5130;
  11548: ef5134;
  11549: ef5438;
  11550: ec4e31;
  11551: f35637;
  11552: f05133;
  11553: f05133;
  11554: f05133;
  11555: f05133;
  11556: ef5231;
  11557: f05131;
  11558: f15033;
  11559: f05134;
  11560: ee5438;
  11561: ea4f33;
  11562: f75236;
  11563: f44c31;
  11564: f04a34;
  11565: e55844;
  11566: c2664f;
  11567: fff2e1;
  11568: fffaf8;
  11569: ffffff;
  11570: fffffa;
  11571: fefffa;
  11572: fbffff;
  11573: fcffff;
  11574: fffeff;
  11575: fffeff;
  11576: fffefb;
  11577: fefdfb;
  11578: fffeff;
  11579: fffaf8;
  11580: fff2dc;
  11581: bd5e42;
  11582: e1533d;
  11583: f44f39;
  11584: f14f36;
  11585: f05134;
  11586: f05134;
  11587: f05134;
  11588: f05134;
  11589: f05134;
  11590: f05134;
  11591: f05134;
  11592: f05134;
  11593: f05134;
  11594: f05134;
  11595: f05134;
  11596: f05134;
  11597: f05134;
  11598: f05134;
  11599: f05134;
  11600: ee4f32;
  11601: ed563b;
  11602: da4f3c;
  11603: d16b5d;
  11604: fff1ed;
  11605: fffaf9;
  11606: fff9f9;
  11607: fffeff;
  11608: fffeff;
  11609: fffeff;
  11610: feffff;
  11611: ffffff;
  11612: fffeff;
  11613: fffdfd;
  11614: fffefd;
  11615: fffffd;
  11616: ffffff;
  11617: ffffff;
  11618: ffffff;
  11619: ffffff;
  11620: ffffff;
  11621: ffffff;
  11622: ffffff;
  11623: ffffff;
  11624: ffffff;
  11625: ffffff;
  11626: ffffff;
  11627: ffffff;
  11628: ffffff;
  11629: ffffff;
  11630: ffffff;
  11631: ffffff;
  11632: ffffff;
  11633: ffffff;
  11634: ffffff;
  11635: ffffff;
  11636: ffffff;
  11637: ffffff;
  11638: ffffff;
  11639: ffffff;
  11640: ffffff;
  11641: ffffff;
  11642: ffffff;
  11643: ffffff;
  11644: ffffff;
  11645: ffffff;
  11646: ffffff;
  11647: ffffff;
  11648: ffffff;
  11649: ffffff;
  11650: ffffff;
  11651: ffffff;
  11652: ffffff;
  11653: ffffff;
  11654: ffffff;
  11655: ffffff;
  11656: ffffff;
  11657: ffffff;
  11658: ffffff;
  11659: ffffff;
  11660: ffffff;
  11661: ffffff;
  11662: ffffff;
  11663: ffffff;
  11664: fdfdff;
  11665: fffdff;
  11666: fffdfe;
  11667: ffffff;
  11668: fbffff;
  11669: fafeff;
  11670: fffcff;
  11671: fff2f5;
  11672: de847c;
  11673: ce4d3a;
  11674: ed573c;
  11675: ef5032;
  11676: ed4f34;
  11677: f25437;
  11678: f15433;
  11679: ec4f2c;
  11680: ef5233;
  11681: f05133;
  11682: f05133;
  11683: f05133;
  11684: ef5231;
  11685: f05131;
  11686: f15034;
  11687: f14f36;
  11688: ea4e35;
  11689: f25439;
  11690: f34f33;
  11691: f65135;
  11692: f65239;
  11693: de523b;
  11694: b85842;
  11695: ffeede;
  11696: fffaf6;
  11697: feffff;
  11698: fffffa;
  11699: fffffa;
  11700: feffff;
  11701: feffff;
  11702: ffffff;
  11703: fffffd;
  11704: fffffb;
  11705: fffefc;
  11706: feffff;
  11707: fffbf6;
  11708: fff1dc;
  11709: b95a3c;
  11710: e2543e;
  11711: f44f39;
  11712: f14f36;
  11713: f05134;
  11714: f05134;
  11715: f05134;
  11716: f05134;
  11717: f05134;
  11718: f05134;
  11719: f05134;
  11720: f05134;
  11721: ef5033;
  11722: ef5033;
  11723: f05134;
  11724: f15235;
  11725: f05134;
  11726: f05134;
  11727: ef5136;
  11728: ec5037;
  11729: e05842;
  11730: d77061;
  11731: ffe4db;
  11732: fff3f3;
  11733: ffffff;
  11734: ffffff;
  11735: fefefe;
  11736: fffeff;
  11737: fffeff;
  11738: ffffff;
  11739: fffeff;
  11740: fffefd;
  11741: fffefd;
  11742: fffffb;
  11743: fefffb;
  11744: ffffff;
  11745: ffffff;
  11746: ffffff;
  11747: ffffff;
  11748: ffffff;
  11749: ffffff;
  11750: ffffff;
  11751: ffffff;
  11752: ffffff;
  11753: ffffff;
  11754: ffffff;
  11755: ffffff;
  11756: ffffff;
  11757: ffffff;
  11758: ffffff;
  11759: ffffff;
  11760: ffffff;
  11761: ffffff;
  11762: ffffff;
  11763: ffffff;
  11764: ffffff;
  11765: ffffff;
  11766: ffffff;
  11767: ffffff;
  11768: ffffff;
  11769: ffffff;
  11770: ffffff;
  11771: ffffff;
  11772: ffffff;
  11773: ffffff;
  11774: ffffff;
  11775: ffffff;
  11776: ffffff;
  11777: ffffff;
  11778: ffffff;
  11779: ffffff;
  11780: ffffff;
  11781: ffffff;
  11782: ffffff;
  11783: ffffff;
  11784: ffffff;
  11785: ffffff;
  11786: ffffff;
  11787: ffffff;
  11788: ffffff;
  11789: ffffff;
  11790: ffffff;
  11791: ffffff;
  11792: ffffff;
  11793: f9fbfa;
  11794: feffff;
  11795: fdfffe;
  11796: fffeff;
  11797: fffeff;
  11798: fffdff;
  11799: fffaff;
  11800: fff5f7;
  11801: ffece3;
  11802: d3513b;
  11803: f25336;
  11804: ed5233;
  11805: ea4f30;
  11806: f25431;
  11807: f15330;
  11808: ef5233;
  11809: ef5134;
  11810: f15034;
  11811: f15033;
  11812: ef5233;
  11813: ef5233;
  11814: f14f36;
  11815: f14f38;
  11816: f3533b;
  11817: f15137;
  11818: ed4d2d;
  11819: f24f30;
  11820: f15034;
  11821: e75941;
  11822: c45b46;
  11823: ffeedf;
  11824: fffaf4;
  11825: fcfffd;
  11826: fefffd;
  11827: fffffd;
  11828: fffefd;
  11829: fffffd;
  11830: feffff;
  11831: fcffff;
  11832: fffffd;
  11833: ffffff;
  11834: fdfeff;
  11835: fffbf4;
  11836: ffead4;
  11837: c45f43;
  11838: eb5940;
  11839: f14b33;
  11840: f15034;
  11841: f05134;
  11842: f05134;
  11843: f05134;
  11844: f05134;
  11845: f05134;
  11846: f05134;
  11847: f05134;
  11848: f15235;
  11849: f05134;
  11850: f05134;
  11851: f15235;
  11852: f25336;
  11853: f15235;
  11854: ef5033;
  11855: eb5137;
  11856: e45743;
  11857: d46a5a;
  11858: ffefe2;
  11859: fffaf3;
  11860: fffbfc;
  11861: fffeff;
  11862: feffff;
  11863: feffff;
  11864: fefffb;
  11865: fffffb;
  11866: fffeff;
  11867: fffeff;
  11868: ffffff;
  11869: fcfffd;
  11870: f8fffb;
  11871: f8fffb;
  11872: fcffff;
  11873: ffffff;
  11874: ffffff;
  11875: ffffff;
  11876: ffffff;
  11877: ffffff;
  11878: ffffff;
  11879: ffffff;
  11880: ffffff;
  11881: ffffff;
  11882: ffffff;
  11883: ffffff;
  11884: ffffff;
  11885: ffffff;
  11886: ffffff;
  11887: ffffff;
  11888: ffffff;
  11889: ffffff;
  11890: ffffff;
  11891: ffffff;
  11892: ffffff;
  11893: ffffff;
  11894: ffffff;
  11895: ffffff;
  11896: ffffff;
  11897: ffffff;
  11898: ffffff;
  11899: ffffff;
  11900: ffffff;
  11901: ffffff;
  11902: ffffff;
  11903: ffffff;
  11904: ffffff;
  11905: ffffff;
  11906: ffffff;
  11907: ffffff;
  11908: ffffff;
  11909: ffffff;
  11910: ffffff;
  11911: ffffff;
  11912: ffffff;
  11913: ffffff;
  11914: ffffff;
  11915: ffffff;
  11916: ffffff;
  11917: ffffff;
  11918: ffffff;
  11919: ffffff;
  11920: feffff;
  11921: feffff;
  11922: fbfffe;
  11923: feffff;
  11924: fffbfa;
  11925: fffeff;
  11926: fefbff;
  11927: fefdff;
  11928: feffff;
  11929: fff5f0;
  11930: e38272;
  11931: de533c;
  11932: e95338;
  11933: f05334;
  11934: ef4e31;
  11935: f05133;
  11936: ef5134;
  11937: ef5134;
  11938: f34f34;
  11939: f34f34;
  11940: ef5134;
  11941: ef5134;
  11942: f14f38;
  11943: f34e38;
  11944: f2503b;
  11945: ee4c33;
  11946: f15330;
  11947: f1532e;
  11948: ee4f2f;
  11949: e6563b;
  11950: c95440;
  11951: ffeadd;
  11952: fff9f3;
  11953: fcffff;
  11954: ffffff;
  11955: fffeff;
  11956: fffdfd;
  11957: fffefd;
  11958: fcfffd;
  11959: fbfffd;
  11960: fefefe;
  11961: ffffff;
  11962: feffff;
  11963: fff9f2;
  11964: ffe2ce;
  11965: d15f44;
  11966: e85239;
  11967: f34d33;
  11968: f15034;
  11969: f05134;
  11970: f05134;
  11971: f05134;
  11972: f05134;
  11973: f05134;
  11974: f05134;
  11975: f05134;
  11976: f15235;
  11977: f05134;
  11978: f05134;
  11979: f15235;
  11980: f15235;
  11981: ef5033;
  11982: ee4f32;
  11983: e4543a;
  11984: c85543;
  11985: ffe1d6;
  11986: fff7ef;
  11987: fefffb;
  11988: ffffff;
  11989: fafafc;
  11990: feffff;
  11991: fdfffe;
  11992: fefffb;
  11993: fffffb;
  11994: fffdff;
  11995: fffeff;
  11996: ffffff;
  11997: fbfffd;
  11998: f8fffb;
  11999: f8fffb;
  12000: fcffff;
  12001: ffffff;
  12002: ffffff;
  12003: ffffff;
  12004: ffffff;
  12005: ffffff;
  12006: ffffff;
  12007: ffffff;
  12008: ffffff;
  12009: ffffff;
  12010: ffffff;
  12011: ffffff;
  12012: ffffff;
  12013: ffffff;
  12014: ffffff;
  12015: ffffff;
  12016: ffffff;
  12017: ffffff;
  12018: ffffff;
  12019: ffffff;
  12020: ffffff;
  12021: ffffff;
  12022: ffffff;
  12023: ffffff;
  12024: ffffff;
  12025: ffffff;
  12026: ffffff;
  12027: ffffff;
  12028: ffffff;
  12029: ffffff;
  12030: ffffff;
  12031: ffffff;
  12032: ffffff;
  12033: ffffff;
  12034: ffffff;
  12035: ffffff;
  12036: ffffff;
  12037: ffffff;
  12038: ffffff;
  12039: ffffff;
  12040: ffffff;
  12041: ffffff;
  12042: ffffff;
  12043: ffffff;
  12044: ffffff;
  12045: ffffff;
  12046: ffffff;
  12047: ffffff;
  12048: fbfdfc;
  12049: fcffff;
  12050: fefffd;
  12051: fdfef9;
  12052: fffefd;
  12053: fffeff;
  12054: feffff;
  12055: fbfffe;
  12056: fcfffd;
  12057: fff9f2;
  12058: fff1e6;
  12059: ba5d4c;
  12060: e15440;
  12061: f24e35;
  12062: f34f36;
  12063: f25037;
  12064: ed5236;
  12065: ef5136;
  12066: f44e36;
  12067: f44e34;
  12068: ef5134;
  12069: ed5234;
  12070: f14f38;
  12071: f34e3a;
  12072: f24b38;
  12073: f7533a;
  12074: ee512e;
  12075: ea5128;
  12076: f25834;
  12077: e55135;
  12078: d85744;
  12079: ffdcd3;
  12080: fff6f4;
  12081: ffffff;
  12082: ffffff;
  12083: fffeff;
  12084: fffeff;
  12085: fffffd;
  12086: fbfffa;
  12087: fbfffb;
  12088: fffdfe;
  12089: fffdff;
  12090: fffdff;
  12091: fff3f1;
  12092: ffaf9b;
  12093: da593a;
  12094: e34e30;
  12095: f25335;
  12096: f05134;
  12097: f05134;
  12098: f05134;
  12099: f05134;
  12100: f05134;
  12101: f05134;
  12102: f05134;
  12103: f05134;
  12104: f05134;
  12105: ef5033;
  12106: ef5033;
  12107: f05134;
  12108: ef5033;
  12109: ee4f32;
  12110: f05134;
  12111: e05c45;
  12112: bf7061;
  12113: fff4ec;
  12114: fffaf6;
  12115: fffffd;
  12116: fdfeff;
  12117: feffff;
  12118: fbfbfb;
  12119: fffffd;
  12120: fefffd;
  12121: fefffd;
  12122: fffeff;
  12123: fffeff;
  12124: ffffff;
  12125: ffffff;
  12126: fffffd;
  12127: fffffb;
  12128: ffffff;
  12129: ffffff;
  12130: ffffff;
  12131: ffffff;
  12132: ffffff;
  12133: ffffff;
  12134: ffffff;
  12135: ffffff;
  12136: ffffff;
  12137: ffffff;
  12138: ffffff;
  12139: ffffff;
  12140: ffffff;
  12141: ffffff;
  12142: ffffff;
  12143: ffffff;
  12144: ffffff;
  12145: ffffff;
  12146: ffffff;
  12147: ffffff;
  12148: ffffff;
  12149: ffffff;
  12150: ffffff;
  12151: ffffff;
  12152: ffffff;
  12153: ffffff;
  12154: ffffff;
  12155: ffffff;
  12156: ffffff;
  12157: ffffff;
  12158: ffffff;
  12159: ffffff;
  12160: ffffff;
  12161: ffffff;
  12162: ffffff;
  12163: ffffff;
  12164: ffffff;
  12165: ffffff;
  12166: ffffff;
  12167: ffffff;
  12168: ffffff;
  12169: ffffff;
  12170: ffffff;
  12171: ffffff;
  12172: ffffff;
  12173: ffffff;
  12174: ffffff;
  12175: feffff;
  12176: fcffff;
  12177: fbfffc;
  12178: fcfcfa;
  12179: fffffd;
  12180: fffbfc;
  12181: fefcfd;
  12182: fefffb;
  12183: fcfffb;
  12184: fbfffa;
  12185: fffffa;
  12186: fff6f1;
  12187: ffede5;
  12188: ca5448;
  12189: e95241;
  12190: ef4f39;
  12191: f14f36;
  12192: ed5138;
  12193: ef5136;
  12194: f44e34;
  12195: f44e34;
  12196: ef5233;
  12197: ec5334;
  12198: ef5136;
  12199: f05038;
  12200: f34e38;
  12201: f14d34;
  12202: f05131;
  12203: f25532;
  12204: ea502c;
  12205: ec5737;
  12206: e1533f;
  12207: be5246;
  12208: fff1ef;
  12209: fffbfb;
  12210: fffefd;
  12211: ffffff;
  12212: fffeff;
  12213: ffffff;
  12214: fcfffd;
  12215: fcfffb;
  12216: ffffff;
  12217: fffcfe;
  12218: fffafd;
  12219: fff1ed;
  12220: c55a46;
  12221: e5553a;
  12222: ed5337;
  12223: f05133;
  12224: f15033;
  12225: f15034;
  12226: f05036;
  12227: f05036;
  12228: ef5134;
  12229: ef5134;
  12230: f05133;
  12231: f05133;
  12232: f05134;
  12233: f05134;
  12234: ef5134;
  12235: f05237;
  12236: ef4f35;
  12237: eb5137;
  12238: e55a43;
  12239: d46b58;
  12240: fff1e8;
  12241: fffaf6;
  12242: fff9f8;
  12243: fffcfd;
  12244: feffff;
  12245: feffff;
  12246: fffffd;
  12247: fffffd;
  12248: feffff;
  12249: feffff;
  12250: ffffff;
  12251: fffeff;
  12252: ffffff;
  12253: fffeff;
  12254: fffefd;
  12255: fffefd;
  12256: fffeff;
  12257: ffffff;
  12258: ffffff;
  12259: ffffff;
  12260: ffffff;
  12261: ffffff;
  12262: ffffff;
  12263: ffffff;
  12264: ffffff;
  12265: ffffff;
  12266: ffffff;
  12267: ffffff;
  12268: ffffff;
  12269: ffffff;
  12270: ffffff;
  12271: ffffff;
  12272: ffffff;
  12273: ffffff;
  12274: ffffff;
  12275: ffffff;
  12276: ffffff;
  12277: ffffff;
  12278: ffffff;
  12279: ffffff;
  12280: ffffff;
  12281: ffffff;
  12282: ffffff;
  12283: ffffff;
  12284: ffffff;
  12285: ffffff;
  12286: ffffff;
  12287: ffffff;
  12288: ffffff;
  12289: ffffff;
  12290: ffffff;
  12291: ffffff;
  12292: ffffff;
  12293: ffffff;
  12294: ffffff;
  12295: ffffff;
  12296: ffffff;
  12297: ffffff;
  12298: ffffff;
  12299: ffffff;
  12300: ffffff;
  12301: ffffff;
  12302: ffffff;
  12303: fefffd;
  12304: fcfffb;
  12305: fefffb;
  12306: fffeff;
  12307: fffdff;
  12308: fffcff;
  12309: fffeff;
  12310: fffffb;
  12311: fefffa;
  12312: fbfffd;
  12313: feffff;
  12314: fffcfe;
  12315: fff4f6;
  12316: d78683;
  12317: cb5247;
  12318: ea543c;
  12319: f15033;
  12320: eb5034;
  12321: f15336;
  12322: f24e32;
  12323: f24f30;
  12324: ef5231;
  12325: ea512f;
  12326: e85430;
  12327: eb5534;
  12328: ef5134;
  12329: f34f36;
  12330: f64d38;
  12331: f34f36;
  12332: ec5333;
  12333: ea5433;
  12334: ec5133;
  12335: da5743;
  12336: ffe7e0;
  12337: fff4f2;
  12338: fffdf8;
  12339: fffffd;
  12340: fdfcff;
  12341: fffdff;
  12342: fffdff;
  12343: fdfcff;
  12344: fbfffa;
  12345: fffff4;
  12346: fff7ea;
  12347: ffc7b8;
  12348: da5b4a;
  12349: ed503d;
  12350: f04e35;
  12351: f44f33;
  12352: f34f33;
  12353: f34f34;
  12354: f14f38;
  12355: ef5138;
  12356: ec5236;
  12357: ec5333;
  12358: ef5231;
  12359: ef5231;
  12360: ef5033;
  12361: ef5136;
  12362: ec5236;
  12363: ed5339;
  12364: f15139;
  12365: e15440;
  12366: bf5d50;
  12367: ffe2da;
  12368: fff8f4;
  12369: fffefb;
  12370: fffefd;
  12371: fffeff;
  12372: ffffff;
  12373: ffffff;
  12374: ffffff;
  12375: ffffff;
  12376: ffffff;
  12377: ffffff;
  12378: ffffff;
  12379: ffffff;
  12380: ffffff;
  12381: ffffff;
  12382: fffeff;
  12383: fffeff;
  12384: ffffff;
  12385: ffffff;
  12386: ffffff;
  12387: ffffff;
  12388: ffffff;
  12389: ffffff;
  12390: ffffff;
  12391: ffffff;
  12392: ffffff;
  12393: ffffff;
  12394: ffffff;
  12395: ffffff;
  12396: ffffff;
  12397: ffffff;
  12398: ffffff;
  12399: ffffff;
  12400: ffffff;
  12401: ffffff;
  12402: ffffff;
  12403: ffffff;
  12404: ffffff;
  12405: ffffff;
  12406: ffffff;
  12407: ffffff;
  12408: ffffff;
  12409: ffffff;
  12410: ffffff;
  12411: ffffff;
  12412: ffffff;
  12413: ffffff;
  12414: ffffff;
  12415: ffffff;
  12416: ffffff;
  12417: ffffff;
  12418: ffffff;
  12419: ffffff;
  12420: ffffff;
  12421: ffffff;
  12422: ffffff;
  12423: ffffff;
  12424: ffffff;
  12425: ffffff;
  12426: ffffff;
  12427: ffffff;
  12428: ffffff;
  12429: ffffff;
  12430: ffffff;
  12431: fefffd;
  12432: fcfffb;
  12433: fefffb;
  12434: fffdff;
  12435: fffcff;
  12436: fffdff;
  12437: ffffff;
  12438: fffffa;
  12439: fefffa;
  12440: feffff;
  12441: feffff;
  12442: fffeff;
  12443: fff9ff;
  12444: fff0ed;
  12445: ffe5da;
  12446: d85741;
  12447: e44f31;
  12448: ed5435;
  12449: eb5031;
  12450: f55135;
  12451: f35031;
  12452: f15232;
  12453: ed532f;
  12454: ec5331;
  12455: ec5333;
  12456: ef5134;
  12457: f14f36;
  12458: f64d38;
  12459: f34e38;
  12460: ed5234;
  12461: ed5233;
  12462: f24f30;
  12463: e5533a;
  12464: bd5846;
  12465: ffe9dd;
  12466: fff3e9;
  12467: fffcf6;
  12468: fffcff;
  12469: fdfaff;
  12470: fffaff;
  12471: fffcff;
  12472: fffcf3;
  12473: fff4e5;
  12474: ffcbb5;
  12475: c65d47;
  12476: df513d;
  12477: f14f3a;
  12478: f45037;
  12479: f54f35;
  12480: f34f33;
  12481: f34f34;
  12482: f0503a;
  12483: ef503a;
  12484: ed5236;
  12485: ed5233;
  12486: ef522f;
  12487: f05131;
  12488: f05134;
  12489: f25439;
  12490: ee5239;
  12491: e85239;
  12492: e2513c;
  12493: d66351;
  12494: ffe9e0;
  12495: fff5f2;
  12496: fffcfb;
  12497: ffffff;
  12498: ffffff;
  12499: ffffff;
  12500: ffffff;
  12501: ffffff;
  12502: ffffff;
  12503: ffffff;
  12504: ffffff;
  12505: ffffff;
  12506: ffffff;
  12507: ffffff;
  12508: ffffff;
  12509: ffffff;
  12510: ffffff;
  12511: ffffff;
  12512: ffffff;
  12513: ffffff;
  12514: ffffff;
  12515: ffffff;
  12516: ffffff;
  12517: ffffff;
  12518: ffffff;
  12519: ffffff;
  12520: ffffff;
  12521: ffffff;
  12522: ffffff;
  12523: ffffff;
  12524: ffffff;
  12525: ffffff;
  12526: ffffff;
  12527: ffffff;
  12528: ffffff;
  12529: ffffff;
  12530: ffffff;
  12531: ffffff;
  12532: ffffff;
  12533: ffffff;
  12534: ffffff;
  12535: ffffff;
  12536: ffffff;
  12537: ffffff;
  12538: ffffff;
  12539: ffffff;
  12540: ffffff;
  12541: ffffff;
  12542: ffffff;
  12543: ffffff;
  12544: ffffff;
  12545: ffffff;
  12546: ffffff;
  12547: ffffff;
  12548: ffffff;
  12549: ffffff;
  12550: ffffff;
  12551: ffffff;
  12552: ffffff;
  12553: ffffff;
  12554: ffffff;
  12555: ffffff;
  12556: ffffff;
  12557: ffffff;
  12558: ffffff;
  12559: ffffff;
  12560: fefffd;
  12561: fffffd;
  12562: fffdff;
  12563: fffdff;
  12564: feffff;
  12565: fcfffd;
  12566: fcfffa;
  12567: fffffa;
  12568: fffbfc;
  12569: fff9fe;
  12570: fcfdff;
  12571: ffffff;
  12572: fffcf4;
  12573: fff4e4;
  12574: db7f6a;
  12575: dd6044;
  12576: e45432;
  12577: f05634;
  12578: f24e35;
  12579: f55138;
  12580: f04c30;
  12581: f45132;
  12582: f74f34;
  12583: f64e34;
  12584: f34f36;
  12585: f15034;
  12586: f05133;
  12587: f05133;
  12588: f05134;
  12589: f05134;
  12590: f15034;
  12591: eb5135;
  12592: e05b3a;
  12593: c3573a;
  12594: ffbaa7;
  12595: fff3ea;
  12596: fffbfa;
  12597: fffeff;
  12598: fffeff;
  12599: fff7f8;
  12600: fff1ea;
  12601: ec9989;
  12602: be4a31;
  12603: e2573a;
  12604: f15839;
  12605: ed4e2e;
  12606: f35437;
  12607: ec4d30;
  12608: f15034;
  12609: f05036;
  12610: ef503a;
  12611: ef503a;
  12612: f05134;
  12613: f15131;
  12614: f1512f;
  12615: f15131;
  12616: f5553b;
  12617: ea4a32;
  12618: ee4c33;
  12619: e9573e;
  12620: cd5a45;
  12621: ffe0d0;
  12622: fff4ea;
  12623: fffdf8;
  12624: fffefd;
  12625: ffffff;
  12626: ffffff;
  12627: ffffff;
  12628: ffffff;
  12629: ffffff;
  12630: ffffff;
  12631: ffffff;
  12632: ffffff;
  12633: ffffff;
  12634: ffffff;
  12635: ffffff;
  12636: ffffff;
  12637: ffffff;
  12638: ffffff;
  12639: ffffff;
  12640: ffffff;
  12641: ffffff;
  12642: ffffff;
  12643: ffffff;
  12644: ffffff;
  12645: ffffff;
  12646: ffffff;
  12647: ffffff;
  12648: ffffff;
  12649: ffffff;
  12650: ffffff;
  12651: ffffff;
  12652: ffffff;
  12653: ffffff;
  12654: ffffff;
  12655: ffffff;
  12656: ffffff;
  12657: ffffff;
  12658: ffffff;
  12659: ffffff;
  12660: ffffff;
  12661: ffffff;
  12662: ffffff;
  12663: ffffff;
  12664: ffffff;
  12665: ffffff;
  12666: ffffff;
  12667: ffffff;
  12668: ffffff;
  12669: ffffff;
  12670: ffffff;
  12671: ffffff;
  12672: ffffff;
  12673: ffffff;
  12674: ffffff;
  12675: ffffff;
  12676: ffffff;
  12677: ffffff;
  12678: ffffff;
  12679: ffffff;
  12680: ffffff;
  12681: ffffff;
  12682: ffffff;
  12683: ffffff;
  12684: ffffff;
  12685: ffffff;
  12686: ffffff;
  12687: ffffff;
  12688: ffffff;
  12689: ffffff;
  12690: fffeff;
  12691: fffeff;
  12692: feffff;
  12693: fcfffd;
  12694: fbfffa;
  12695: fefffa;
  12696: fffcfd;
  12697: fffcff;
  12698: feffff;
  12699: f9ffff;
  12700: fdfff7;
  12701: fffaeb;
  12702: fff0dd;
  12703: ba5a42;
  12704: df583a;
  12705: f05537;
  12706: ef4f37;
  12707: f3513a;
  12708: ef4e32;
  12709: f65036;
  12710: f94f38;
  12711: f34932;
  12712: f44e36;
  12713: f15034;
  12714: f05131;
  12715: ef5231;
  12716: ef5134;
  12717: f05036;
  12718: f05038;
  12719: ef5136;
  12720: ea512f;
  12721: e35837;
  12722: c24f3a;
  12723: ffad9e;
  12724: ffe7dd;
  12725: fff4ed;
  12726: fff3ed;
  12727: ffe4d9;
  12728: f29586;
  12729: cf5240;
  12730: e9553b;
  12731: f05131;
  12732: ef512e;
  12733: ef522f;
  12734: ea4f31;
  12735: f15638;
  12736: f05036;
  12737: f05036;
  12738: ef5138;
  12739: f05038;
  12740: f34f34;
  12741: f44f31;
  12742: f35031;
  12743: f15033;
  12744: ee5035;
  12745: ea4e35;
  12746: f0543d;
  12747: dd5b45;
  12748: c57262;
  12749: fff3e8;
  12750: fffcf3;
  12751: fdfef9;
  12752: fffffd;
  12753: ffffff;
  12754: ffffff;
  12755: ffffff;
  12756: ffffff;
  12757: ffffff;
  12758: ffffff;
  12759: ffffff;
  12760: ffffff;
  12761: ffffff;
  12762: ffffff;
  12763: ffffff;
  12764: ffffff;
  12765: ffffff;
  12766: ffffff;
  12767: ffffff;
  12768: ffffff;
  12769: ffffff;
  12770: ffffff;
  12771: ffffff;
  12772: ffffff;
  12773: ffffff;
  12774: ffffff;
  12775: ffffff;
  12776: ffffff;
  12777: ffffff;
  12778: ffffff;
  12779: ffffff;
  12780: ffffff;
  12781: ffffff;
  12782: ffffff;
  12783: ffffff;
  12784: ffffff;
  12785: ffffff;
  12786: ffffff;
  12787: ffffff;
  12788: ffffff;
  12789: ffffff;
  12790: ffffff;
  12791: ffffff;
  12792: ffffff;
  12793: ffffff;
  12794: ffffff;
  12795: ffffff;
  12796: ffffff;
  12797: ffffff;
  12798: ffffff;
  12799: ffffff;
  12800: ffffff;
  12801: ffffff;
  12802: ffffff;
  12803: ffffff;
  12804: ffffff;
  12805: ffffff;
  12806: ffffff;
  12807: ffffff;
  12808: ffffff;
  12809: ffffff;
  12810: ffffff;
  12811: ffffff;
  12812: ffffff;
  12813: ffffff;
  12814: ffffff;
  12815: ffffff;
  12816: feffff;
  12817: ffffff;
  12818: fffeff;
  12819: fffeff;
  12820: ffffff;
  12821: fefffb;
  12822: fcfffa;
  12823: fcfffa;
  12824: fefffb;
  12825: fcfefd;
  12826: f9fdff;
  12827: fcffff;
  12828: fefffd;
  12829: fffef5;
  12830: fffbed;
  12831: ffefdd;
  12832: d15442;
  12833: ea4e38;
  12834: ea4e35;
  12835: f2573b;
  12836: ec4e33;
  12837: ef4f37;
  12838: f04e35;
  12839: f65239;
  12840: f34e38;
  12841: f34f36;
  12842: f1512f;
  12843: f0522f;
  12844: ed5233;
  12845: ec5236;
  12846: ed513a;
  12847: ef503a;
  12848: f3513c;
  12849: ef4e3a;
  12850: e8513e;
  12851: dd523f;
  12852: d85b47;
  12853: cf5842;
  12854: cb543c;
  12855: d85a41;
  12856: e3553d;
  12857: ec553a;
  12858: f05134;
  12859: ee4d30;
  12860: f15435;
  12861: f15638;
  12862: e94f33;
  12863: ed5337;
  12864: ef5138;
  12865: f05036;
  12866: f14f36;
  12867: f14f36;
  12868: f44e34;
  12869: f44e34;
  12870: f34f33;
  12871: f05133;
  12872: ea5132;
  12873: ee5d42;
  12874: e05540;
  12875: d36959;
  12876: fff2e8;
  12877: fffaf4;
  12878: fffcf7;
  12879: fffffd;
  12880: ffffff;
  12881: ffffff;
  12882: ffffff;
  12883: ffffff;
  12884: ffffff;
  12885: ffffff;
  12886: ffffff;
  12887: ffffff;
  12888: ffffff;
  12889: ffffff;
  12890: ffffff;
  12891: ffffff;
  12892: ffffff;
  12893: ffffff;
  12894: ffffff;
  12895: ffffff;
  12896: ffffff;
  12897: ffffff;
  12898: ffffff;
  12899: ffffff;
  12900: ffffff;
  12901: ffffff;
  12902: ffffff;
  12903: ffffff;
  12904: ffffff;
  12905: ffffff;
  12906: ffffff;
  12907: ffffff;
  12908: ffffff;
  12909: ffffff;
  12910: ffffff;
  12911: ffffff;
  12912: ffffff;
  12913: ffffff;
  12914: ffffff;
  12915: ffffff;
  12916: ffffff;
  12917: ffffff;
  12918: ffffff;
  12919: ffffff;
  12920: ffffff;
  12921: ffffff;
  12922: ffffff;
  12923: ffffff;
  12924: ffffff;
  12925: ffffff;
  12926: ffffff;
  12927: ffffff;
  12928: ffffff;
  12929: ffffff;
  12930: ffffff;
  12931: ffffff;
  12932: ffffff;
  12933: ffffff;
  12934: ffffff;
  12935: ffffff;
  12936: ffffff;
  12937: ffffff;
  12938: ffffff;
  12939: ffffff;
  12940: ffffff;
  12941: ffffff;
  12942: ffffff;
  12943: ffffff;
  12944: fffeff;
  12945: fffeff;
  12946: fffdff;
  12947: fffdff;
  12948: ffffff;
  12949: fefffb;
  12950: fcfffa;
  12951: fcfffa;
  12952: fbfffa;
  12953: fbfffe;
  12954: feffff;
  12955: fdfeff;
  12956: ffffff;
  12957: fffffb;
  12958: fcfdf5;
  12959: fff8ed;
  12960: db8176;
  12961: d55343;
  12962: e7553c;
  12963: e95031;
  12964: ee5337;
  12965: ee5239;
  12966: f15338;
  12967: ed4d35;
  12968: f14f38;
  12969: f14f36;
  12970: f15131;
  12971: f0522f;
  12972: ec5333;
  12973: ec5334;
  12974: ed5138;
  12975: f0503a;
  12976: f14c38;
  12977: f44f3b;
  12978: f44f39;
  12979: f04e35;
  12980: f05134;
  12981: f05334;
  12982: ee5130;
  12983: f15232;
  12984: f45132;
  12985: f55032;
  12986: f14c30;
  12987: f34f34;
  12988: f25336;
  12989: eb5034;
  12990: f0563a;
  12991: ea5034;
  12992: ef5136;
  12993: f05036;
  12994: f14f36;
  12995: f34f36;
  12996: f34f36;
  12997: f34f34;
  12998: f15034;
  12999: ef5134;
  13000: e75433;
  13001: d8573a;
  13002: c55a48;
  13003: ffe2d8;
  13004: fff8f3;
  13005: fcfffd;
  13006: fffffd;
  13007: ffffff;
  13008: ffffff;
  13009: ffffff;
  13010: ffffff;
  13011: ffffff;
  13012: ffffff;
  13013: ffffff;
  13014: ffffff;
  13015: ffffff;
  13016: ffffff;
  13017: ffffff;
  13018: ffffff;
  13019: ffffff;
  13020: ffffff;
  13021: ffffff;
  13022: ffffff;
  13023: ffffff;
  13024: ffffff;
  13025: ffffff;
  13026: ffffff;
  13027: ffffff;
  13028: ffffff;
  13029: ffffff;
  13030: ffffff;
  13031: ffffff;
  13032: ffffff;
  13033: ffffff;
  13034: ffffff;
  13035: ffffff;
  13036: ffffff;
  13037: ffffff;
  13038: ffffff;
  13039: ffffff;
  13040: ffffff;
  13041: ffffff;
  13042: ffffff;
  13043: ffffff;
  13044: ffffff;
  13045: ffffff;
  13046: ffffff;
  13047: ffffff;
  13048: ffffff;
  13049: ffffff;
  13050: ffffff;
  13051: ffffff;
  13052: ffffff;
  13053: ffffff;
  13054: ffffff;
  13055: ffffff;
  13056: ffffff;
  13057: ffffff;
  13058: ffffff;
  13059: ffffff;
  13060: ffffff;
  13061: ffffff;
  13062: ffffff;
  13063: ffffff;
  13064: ffffff;
  13065: ffffff;
  13066: ffffff;
  13067: ffffff;
  13068: ffffff;
  13069: ffffff;
  13070: ffffff;
  13071: ffffff;
  13072: fffeff;
  13073: fffeff;
  13074: fffdff;
  13075: fffdff;
  13076: feffff;
  13077: fbfffd;
  13078: fbfffb;
  13079: fcfffb;
  13080: fffffd;
  13081: fffffd;
  13082: fefefe;
  13083: ffffff;
  13084: fbf9fc;
  13085: ffffff;
  13086: fcffff;
  13087: fffefa;
  13088: fff8ed;
  13089: ffecdc;
  13090: d5533d;
  13091: eb4d32;
  13092: ee5335;
  13093: ee5536;
  13094: ea4c31;
  13095: f2523a;
  13096: f05038;
  13097: f05036;
  13098: ef5233;
  13099: ef5233;
  13100: ed5233;
  13101: ef5233;
  13102: f34f36;
  13103: f34f36;
  13104: ed5031;
  13105: ed5432;
  13106: e94f2d;
  13107: f45736;
  13108: f05332;
  13109: ed502f;
  13110: f45535;
  13111: ec4d2d;
  13112: f04f32;
  13113: f24e32;
  13114: f14d32;
  13115: f55438;
  13116: f15034;
  13117: ee4f32;
  13118: f05134;
  13119: f35437;
  13120: ef5233;
  13121: ef5134;
  13122: f14f36;
  13123: f34e38;
  13124: f34f34;
  13125: f15034;
  13126: f14f36;
  13127: ec5238;
  13128: e55a3b;
  13129: d4684c;
  13130: ffe2d7;
  13131: fff7f4;
  13132: fffefb;
  13133: fcfefd;
  13134: fffeff;
  13135: fdfbfc;
  13136: fffeff;
  13137: ffffff;
  13138: ffffff;
  13139: ffffff;
  13140: ffffff;
  13141: ffffff;
  13142: ffffff;
  13143: ffffff;
  13144: ffffff;
  13145: ffffff;
  13146: ffffff;
  13147: ffffff;
  13148: ffffff;
  13149: ffffff;
  13150: ffffff;
  13151: ffffff;
  13152: ffffff;
  13153: ffffff;
  13154: ffffff;
  13155: ffffff;
  13156: ffffff;
  13157: ffffff;
  13158: ffffff;
  13159: ffffff;
  13160: ffffff;
  13161: ffffff;
  13162: ffffff;
  13163: ffffff;
  13164: ffffff;
  13165: ffffff;
  13166: ffffff;
  13167: ffffff;
  13168: ffffff;
  13169: ffffff;
  13170: ffffff;
  13171: ffffff;
  13172: ffffff;
  13173: ffffff;
  13174: ffffff;
  13175: ffffff;
  13176: ffffff;
  13177: ffffff;
  13178: ffffff;
  13179: ffffff;
  13180: ffffff;
  13181: ffffff;
  13182: ffffff;
  13183: ffffff;
  13184: ffffff;
  13185: ffffff;
  13186: ffffff;
  13187: ffffff;
  13188: ffffff;
  13189: ffffff;
  13190: ffffff;
  13191: ffffff;
  13192: ffffff;
  13193: ffffff;
  13194: ffffff;
  13195: ffffff;
  13196: ffffff;
  13197: ffffff;
  13198: ffffff;
  13199: ffffff;
  13200: fffeff;
  13201: fffdff;
  13202: fffdff;
  13203: fffeff;
  13204: fcffff;
  13205: fbffff;
  13206: fbffff;
  13207: fcffff;
  13208: fffefd;
  13209: fffdfd;
  13210: fffefd;
  13211: fffeff;
  13212: ffffff;
  13213: fcfdff;
  13214: fcffff;
  13215: fdfeff;
  13216: fffffa;
  13217: fff4e8;
  13218: e5826f;
  13219: e15941;
  13220: e75433;
  13221: ed5233;
  13222: f15137;
  13223: f15139;
  13224: f05036;
  13225: ef5134;
  13226: ef5136;
  13227: ed5234;
  13228: ef5233;
  13229: f05133;
  13230: f44e34;
  13231: f15034;
  13232: ee5533;
  13233: ea542f;
  13234: ef5531;
  13235: ed502d;
  13236: f0522f;
  13237: ef512e;
  13238: ef5030;
  13239: f15232;
  13240: f15033;
  13241: f25135;
  13242: f14f36;
  13243: ef4f35;
  13244: ed4e31;
  13245: f25336;
  13246: f15034;
  13247: ee4d30;
  13248: ef5231;
  13249: ef5233;
  13250: f05036;
  13251: f14f38;
  13252: f34f36;
  13253: f14f36;
  13254: f14f38;
  13255: e6543b;
  13256: ce583e;
  13257: ffdfcc;
  13258: fff6f1;
  13259: fffdfe;
  13260: feffff;
  13261: feffff;
  13262: fffdff;
  13263: fffdff;
  13264: fffeff;
  13265: ffffff;
  13266: ffffff;
  13267: ffffff;
  13268: ffffff;
  13269: ffffff;
  13270: ffffff;
  13271: ffffff;
  13272: ffffff;
  13273: ffffff;
  13274: ffffff;
  13275: ffffff;
  13276: ffffff;
  13277: ffffff;
  13278: ffffff;
  13279: ffffff;
  13280: ffffff;
  13281: ffffff;
  13282: ffffff;
  13283: ffffff;
  13284: ffffff;
  13285: ffffff;
  13286: ffffff;
  13287: ffffff;
  13288: ffffff;
  13289: ffffff;
  13290: ffffff;
  13291: ffffff;
  13292: ffffff;
  13293: ffffff;
  13294: ffffff;
  13295: ffffff;
  13296: ffffff;
  13297: ffffff;
  13298: ffffff;
  13299: ffffff;
  13300: ffffff;
  13301: ffffff;
  13302: ffffff;
  13303: ffffff;
  13304: ffffff;
  13305: ffffff;
  13306: ffffff;
  13307: ffffff;
  13308: ffffff;
  13309: ffffff;
  13310: ffffff;
  13311: ffffff;
  13312: ffffff;
  13313: ffffff;
  13314: ffffff;
  13315: ffffff;
  13316: ffffff;
  13317: ffffff;
  13318: ffffff;
  13319: ffffff;
  13320: ffffff;
  13321: ffffff;
  13322: ffffff;
  13323: ffffff;
  13324: ffffff;
  13325: ffffff;
  13326: ffffff;
  13327: ffffff;
  13328: fffeff;
  13329: fffeff;
  13330: fffeff;
  13331: ffffff;
  13332: fcffff;
  13333: fbffff;
  13334: fbffff;
  13335: feffff;
  13336: fffdff;
  13337: fffcfd;
  13338: fffcfd;
  13339: fffefd;
  13340: fcffff;
  13341: fcffff;
  13342: fffdff;
  13343: fffbff;
  13344: fffdff;
  13345: fff8f5;
  13346: fff1e4;
  13347: b15943;
  13348: dd5b3b;
  13349: f15435;
  13350: f14f38;
  13351: f24d37;
  13352: ed4e30;
  13353: f25536;
  13354: ee5035;
  13355: ee5035;
  13356: ee5335;
  13357: ec5132;
  13358: f05334;
  13359: ec5132;
  13360: ec5334;
  13361: ed5234;
  13362: f15033;
  13363: f44f31;
  13364: f3502f;
  13365: f1512f;
  13366: f15131;
  13367: f05133;
  13368: f15034;
  13369: f14f36;
  13370: f05038;
  13371: ed5138;
  13372: ec5236;
  13373: ed5234;
  13374: f15033;
  13375: f15131;
  13376: ef522f;
  13377: f15735;
  13378: ec5133;
  13379: ed4f36;
  13380: f5503d;
  13381: f44f3c;
  13382: f05036;
  13383: dd5940;
  13384: cb7568;
  13385: fff1ec;
  13386: fffbfa;
  13387: fcffff;
  13388: f8fefc;
  13389: fcffff;
  13390: fffeff;
  13391: fffeff;
  13392: fffeff;
  13393: ffffff;
  13394: ffffff;
  13395: ffffff;
  13396: ffffff;
  13397: ffffff;
  13398: ffffff;
  13399: ffffff;
  13400: ffffff;
  13401: fcfcfc;
  13402: ffffff;
  13403: fefefe;
  13404: fefefe;
  13405: ffffff;
  13406: ffffff;
  13407: ffffff;
  13408: ffffff;
  13409: ffffff;
  13410: fefefe;
  13411: fefefe;
  13412: ffffff;
  13413: fefefe;
  13414: fdfdfd;
  13415: ffffff;
  13416: ffffff;
  13417: ffffff;
  13418: ffffff;
  13419: fefefe;
  13420: ffffff;
  13421: ffffff;
  13422: fefefe;
  13423: ffffff;
  13424: ffffff;
  13425: ffffff;
  13426: ffffff;
  13427: ffffff;
  13428: ffffff;
  13429: ffffff;
  13430: ffffff;
  13431: ffffff;
  13432: ffffff;
  13433: ffffff;
  13434: ffffff;
  13435: ffffff;
  13436: ffffff;
  13437: ffffff;
  13438: ffffff;
  13439: ffffff;
  13440: ffffff;
  13441: ffffff;
  13442: ffffff;
  13443: ffffff;
  13444: ffffff;
  13445: ffffff;
  13446: ffffff;
  13447: ffffff;
  13448: ffffff;
  13449: ffffff;
  13450: ffffff;
  13451: ffffff;
  13452: ffffff;
  13453: ffffff;
  13454: ffffff;
  13455: ffffff;
  13456: ffffff;
  13457: ffffff;
  13458: ffffff;
  13459: feffff;
  13460: feffff;
  13461: feffff;
  13462: fcffff;
  13463: feffff;
  13464: fffdff;
  13465: fffbff;
  13466: fffcfd;
  13467: fffefb;
  13468: fcfffd;
  13469: fcffff;
  13470: fffdff;
  13471: fffbff;
  13472: fffcff;
  13473: fffbfc;
  13474: fff9f4;
  13475: fff1e3;
  13476: c3563f;
  13477: e4573b;
  13478: ee4f39;
  13479: f04e35;
  13480: f15435;
  13481: ef5233;
  13482: ee4c33;
  13483: f25037;
  13484: f05235;
  13485: ee5132;
  13486: f15433;
  13487: ef5233;
  13488: ed5236;
  13489: f05036;
  13490: f44e34;
  13491: f64e33;
  13492: f44f33;
  13493: f34f33;
  13494: f15033;
  13495: f05134;
  13496: f14f36;
  13497: f05038;
  13498: ef5138;
  13499: ec5238;
  13500: ec5236;
  13501: ed5234;
  13502: f15033;
  13503: f15131;
  13504: f25230;
  13505: ec4f2e;
  13506: ec5333;
  13507: ed5236;
  13508: f44f3c;
  13509: ee4e3e;
  13510: e25740;
  13511: cf6855;
  13512: ffede7;
  13513: fff9fa;
  13514: fdf9fa;
  13515: fbffff;
  13516: f9fffd;
  13517: fcffff;
  13518: fefefe;
  13519: fefcfd;
  13520: ffffff;
  13521: ffffff;
  13522: ffffff;
  13523: ffffff;
  13524: ffffff;
  13525: ffffff;
  13526: ffffff;
  13527: ffffff;
  13528: ffffff;
  13529: fbfbfb;
  13530: ffffff;
  13531: f8f8f8;
  13532: b4b4b4;
  13533: b0b0b0;
  13534: dbdbdb;
  13535: fefefe;
  13536: ffffff;
  13537: fdfdfd;
  13538: ffffff;
  13539: fefefe;
  13540: fefefe;
  13541: ffffff;
  13542: ffffff;
  13543: fefefe;
  13544: fefefe;
  13545: fcfcfc;
  13546: ffffff;
  13547: fdfdfd;
  13548: ffffff;
  13549: fcfcfc;
  13550: ffffff;
  13551: ffffff;
  13552: ffffff;
  13553: ffffff;
  13554: ffffff;
  13555: ffffff;
  13556: ffffff;
  13557: ffffff;
  13558: ffffff;
  13559: ffffff;
  13560: ffffff;
  13561: ffffff;
  13562: ffffff;
  13563: ffffff;
  13564: ffffff;
  13565: ffffff;
  13566: ffffff;
  13567: ffffff;
  13568: ffffff;
  13569: ffffff;
  13570: ffffff;
  13571: ffffff;
  13572: ffffff;
  13573: ffffff;
  13574: ffffff;
  13575: ffffff;
  13576: ffffff;
  13577: ffffff;
  13578: ffffff;
  13579: ffffff;
  13580: ffffff;
  13581: ffffff;
  13582: ffffff;
  13583: feffff;
  13584: fcfffd;
  13585: fcfffd;
  13586: fcfffd;
  13587: feffff;
  13588: fffeff;
  13589: fffeff;
  13590: fffeff;
  13591: fffeff;
  13592: ffffff;
  13593: fffeff;
  13594: fffdfd;
  13595: fffefb;
  13596: fffffb;
  13597: fffffd;
  13598: ffffff;
  13599: ffffff;
  13600: ffffff;
  13601: fffeff;
  13602: fffafd;
  13603: fff2f0;
  13604: d48a7f;
  13605: c25340;
  13606: eb5a3f;
  13607: ed5031;
  13608: e65131;
  13609: eb5233;
  13610: f54f37;
  13611: f94f36;
  13612: ef4e31;
  13613: ef5032;
  13614: f65236;
  13615: f24e32;
  13616: f15034;
  13617: f15034;
  13618: f34f36;
  13619: f44e36;
  13620: f34f36;
  13621: f14f36;
  13622: f05036;
  13623: ef5136;
  13624: ef5136;
  13625: ed5234;
  13626: ed5234;
  13627: ed5234;
  13628: ed5233;
  13629: f05133;
  13630: f15131;
  13631: f35031;
  13632: f54d32;
  13633: f95539;
  13634: ec5133;
  13635: ef5438;
  13636: f34e38;
  13637: e45342;
  13638: c05f4f;
  13639: ffe6db;
  13640: fff8f4;
  13641: fffafa;
  13642: fffeff;
  13643: feffff;
  13644: fcfefd;
  13645: fcffff;
  13646: fefffd;
  13647: fefffd;
  13648: ffffff;
  13649: ffffff;
  13650: ffffff;
  13651: ffffff;
  13652: ffffff;
  13653: ffffff;
  13654: ffffff;
  13655: ffffff;
  13656: ffffff;
  13657: ffffff;
  13658: c2c2c2;
  13659: 10101;
  13660: 0;
  13661: 0;
  13662: 0;
  13663: 5d5d5d;
  13664: fefefe;
  13665: ffffff;
  13666: fcfcfc;
  13667: ffffff;
  13668: ffffff;
  13669: ffffff;
  13670: fdfdfd;
  13671: ffffff;
  13672: ffffff;
  13673: ffffff;
  13674: fefefe;
  13675: ffffff;
  13676: fefefe;
  13677: ffffff;
  13678: fefefe;
  13679: fdfdfd;
  13680: ffffff;
  13681: ffffff;
  13682: ffffff;
  13683: ffffff;
  13684: ffffff;
  13685: ffffff;
  13686: ffffff;
  13687: ffffff;
  13688: ffffff;
  13689: ffffff;
  13690: ffffff;
  13691: ffffff;
  13692: ffffff;
  13693: ffffff;
  13694: ffffff;
  13695: ffffff;
  13696: ffffff;
  13697: ffffff;
  13698: ffffff;
  13699: ffffff;
  13700: ffffff;
  13701: ffffff;
  13702: ffffff;
  13703: ffffff;
  13704: ffffff;
  13705: ffffff;
  13706: ffffff;
  13707: ffffff;
  13708: ffffff;
  13709: ffffff;
  13710: ffffff;
  13711: feffff;
  13712: fbfffd;
  13713: fbfffd;
  13714: fcfffd;
  13715: feffff;
  13716: fffeff;
  13717: fffdff;
  13718: fffdff;
  13719: fffeff;
  13720: feffff;
  13721: feffff;
  13722: fffffd;
  13723: fffffb;
  13724: fffefd;
  13725: fffffd;
  13726: fcfffd;
  13727: fcfffd;
  13728: fefffd;
  13729: ffffff;
  13730: fffeff;
  13731: fff9ff;
  13732: fff0f2;
  13733: ffe8dd;
  13734: ce5037;
  13735: eb5837;
  13736: e75335;
  13737: ed5337;
  13738: f54f35;
  13739: f64e33;
  13740: f04f32;
  13741: ef5032;
  13742: f45034;
  13743: f34f34;
  13744: f15034;
  13745: f15034;
  13746: f34f36;
  13747: f34f36;
  13748: f14f38;
  13749: f14f38;
  13750: ef5138;
  13751: ef5136;
  13752: ef5134;
  13753: ed5233;
  13754: ed5233;
  13755: ef5233;
  13756: ef5231;
  13757: f05131;
  13758: f15131;
  13759: f34f33;
  13760: f34b31;
  13761: ef4931;
  13762: f25437;
  13763: e75035;
  13764: e8563f;
  13765: d96453;
  13766: ffe6dc;
  13767: fff8f4;
  13768: fefbf6;
  13769: fefffd;
  13770: ffffff;
  13771: fffdff;
  13772: ffffff;
  13773: fdfdfd;
  13774: f8fdf7;
  13775: fbfffa;
  13776: fefffd;
  13777: ffffff;
  13778: ffffff;
  13779: ffffff;
  13780: ffffff;
  13781: ffffff;
  13782: ffffff;
  13783: ffffff;
  13784: fbfbfb;
  13785: fbfbfb;
  13786: 0;
  13787: 0;
  13788: 10101;
  13789: 20202;
  13790: 0;
  13791: 0;
  13792: 9e9e9e;
  13793: fefefe;
  13794: ffffff;
  13795: ffffff;
  13796: fdfdfd;
  13797: ffffff;
  13798: fefefe;
  13799: fefefe;
  13800: fefefe;
  13801: fdfdfd;
  13802: ffffff;
  13803: ffffff;
  13804: fefefe;
  13805: fdfdfd;
  13806: ffffff;
  13807: ffffff;
  13808: ffffff;
  13809: ffffff;
  13810: ffffff;
  13811: ffffff;
  13812: ffffff;
  13813: ffffff;
  13814: ffffff;
  13815: ffffff;
  13816: ffffff;
  13817: ffffff;
  13818: ffffff;
  13819: ffffff;
  13820: ffffff;
  13821: ffffff;
  13822: ffffff;
  13823: ffffff;
  13824: ffffff;
  13825: ffffff;
  13826: ffffff;
  13827: ffffff;
  13828: ffffff;
  13829: ffffff;
  13830: ffffff;
  13831: ffffff;
  13832: ffffff;
  13833: ffffff;
  13834: ffffff;
  13835: ffffff;
  13836: ffffff;
  13837: ffffff;
  13838: ffffff;
  13839: feffff;
  13840: fcfffd;
  13841: fcfffd;
  13842: ffffff;
  13843: ffffff;
  13844: ffffff;
  13845: ffffff;
  13846: fffdff;
  13847: fffeff;
  13848: ffffff;
  13849: fefffd;
  13850: fcffff;
  13851: fcfffd;
  13852: ffffff;
  13853: fffffd;
  13854: fcfffd;
  13855: fcfffd;
  13856: fffffb;
  13857: fffffd;
  13858: fffeff;
  13859: fff9ff;
  13860: fff6ff;
  13861: ffeeef;
  13862: e37e6a;
  13863: de5b3f;
  13864: ed5840;
  13865: f0513b;
  13866: ec4e31;
  13867: ed5031;
  13868: ef5435;
  13869: ed5233;
  13870: ea4f31;
  13871: f15338;
  13872: ef5136;
  13873: f05036;
  13874: f15034;
  13875: f15034;
  13876: f05036;
  13877: ef5134;
  13878: ef5134;
  13879: ef5233;
  13880: f15033;
  13881: f15131;
  13882: f15131;
  13883: f05131;
  13884: ef5233;
  13885: ef5233;
  13886: f05133;
  13887: f15034;
  13888: f7523c;
  13889: f5503a;
  13890: ed4b32;
  13891: e6563c;
  13892: cc5c46;
  13893: ffe0d1;
  13894: fff3ef;
  13895: ffffff;
  13896: fcfffd;
  13897: fcfffb;
  13898: fafbf6;
  13899: fffeff;
  13900: fffdff;
  13901: fffeff;
  13902: fefffb;
  13903: fcfffa;
  13904: fefffd;
  13905: ffffff;
  13906: ffffff;
  13907: ffffff;
  13908: ffffff;
  13909: ffffff;
  13910: ffffff;
  13911: ffffff;
  13912: ffffff;
  13913: cecece;
  13914: 0;
  13915: 10101;
  13916: 0;
  13917: 0;
  13918: 20202;
  13919: 0;
  13920: 333333;
  13921: ffffff;
  13922: ffffff;
  13923: ffffff;
  13924: ffffff;
  13925: ffffff;
  13926: fdfdfd;
  13927: ffffff;
  13928: ffffff;
  13929: ffffff;
  13930: ffffff;
  13931: fdfdfd;
  13932: ffffff;
  13933: ffffff;
  13934: ffffff;
  13935: ffffff;
  13936: ffffff;
  13937: ffffff;
  13938: ffffff;
  13939: ffffff;
  13940: ffffff;
  13941: ffffff;
  13942: ffffff;
  13943: ffffff;
  13944: ffffff;
  13945: ffffff;
  13946: ffffff;
  13947: ffffff;
  13948: ffffff;
  13949: ffffff;
  13950: ffffff;
  13951: ffffff;
  13952: ffffff;
  13953: ffffff;
  13954: ffffff;
  13955: ffffff;
  13956: ffffff;
  13957: ffffff;
  13958: ffffff;
  13959: ffffff;
  13960: ffffff;
  13961: ffffff;
  13962: ffffff;
  13963: ffffff;
  13964: ffffff;
  13965: ffffff;
  13966: ffffff;
  13967: ffffff;
  13968: ffffff;
  13969: ffffff;
  13970: ffffff;
  13971: ffffff;
  13972: feffff;
  13973: feffff;
  13974: fffeff;
  13975: fffffd;
  13976: fffffd;
  13977: fefffd;
  13978: fbffff;
  13979: fbffff;
  13980: feffff;
  13981: ffffff;
  13982: feffff;
  13983: fefffd;
  13984: fffffa;
  13985: fffffb;
  13986: feffff;
  13987: fffdff;
  13988: fffaff;
  13989: fff2f7;
  13990: ffeddf;
  13991: be5841;
  13992: dd4f3b;
  13993: ee5037;
  13994: ef5435;
  13995: eb5230;
  13996: ed5233;
  13997: ee5335;
  13998: ea5034;
  13999: ec5236;
  14000: ef5134;
  14001: f05134;
  14002: f15034;
  14003: f15034;
  14004: f05134;
  14005: ef5134;
  14006: ed5233;
  14007: ef5233;
  14008: f15033;
  14009: f34f33;
  14010: f34f33;
  14011: f15033;
  14012: ef5233;
  14013: ef5134;
  14014: f05134;
  14015: f05036;
  14016: ec4a31;
  14017: f15139;
  14018: ef533c;
  14019: dd5c46;
  14020: c57461;
  14021: fff4e8;
  14022: fffdfd;
  14023: f8ffff;
  14024: fbffff;
  14025: fefffb;
  14026: fffffb;
  14027: fffefd;
  14028: fdf6fd;
  14029: fffdff;
  14030: fdfffc;
  14031: fafff9;
  14032: fefffd;
  14033: ffffff;
  14034: ffffff;
  14035: ffffff;
  14036: ffffff;
  14037: ffffff;
  14038: ffffff;
  14039: ffffff;
  14040: fefefe;
  14041: b1b1b1;
  14042: 10101;
  14043: 0;
  14044: 10101;
  14045: 0;
  14046: 10101;
  14047: 0;
  14048: 40404;
  14049: ffffff;
  14050: fbfbfb;
  14051: fefefe;
  14052: ffffff;
  14053: fdfdfd;
  14054: fcfcfc;
  14055: ffffff;
  14056: fbfbfb;
  14057: ffffff;
  14058: fdfdfd;
  14059: fdfdfd;
  14060: ffffff;
  14061: ffffff;
  14062: fbfbfb;
  14063: ffffff;
  14064: ffffff;
  14065: ffffff;
  14066: ffffff;
  14067: ffffff;
  14068: ffffff;
  14069: ffffff;
  14070: ffffff;
  14071: ffffff;
  14072: ffffff;
  14073: ffffff;
  14074: ffffff;
  14075: ffffff;
  14076: ffffff;
  14077: ffffff;
  14078: ffffff;
  14079: ffffff;
  14080: ffffff;
  14081: ffffff;
  14082: ffffff;
  14083: ffffff;
  14084: ffffff;
  14085: ffffff;
  14086: ffffff;
  14087: ffffff;
  14088: ffffff;
  14089: ffffff;
  14090: ffffff;
  14091: ffffff;
  14092: ffffff;
  14093: ffffff;
  14094: ffffff;
  14095: fffeff;
  14096: fffeff;
  14097: fffdff;
  14098: ffffff;
  14099: feffff;
  14100: feffff;
  14101: ffffff;
  14102: fffffb;
  14103: fffffb;
  14104: fefffb;
  14105: fcfffd;
  14106: fcffff;
  14107: fcffff;
  14108: feffff;
  14109: fffeff;
  14110: fffeff;
  14111: fffffd;
  14112: fefffa;
  14113: fcfffb;
  14114: fcfdff;
  14115: fefcff;
  14116: fffdff;
  14117: fffbfb;
  14118: fffbf1;
  14119: ffefde;
  14120: d55842;
  14121: ec4e33;
  14122: f15735;
  14123: ef5533;
  14124: ec4e31;
  14125: f25238;
  14126: f15338;
  14127: ec4e31;
  14128: ef5233;
  14129: f05133;
  14130: f15033;
  14131: f15033;
  14132: f05133;
  14133: ef5233;
  14134: ef5134;
  14135: ef5134;
  14136: f15034;
  14137: f15034;
  14138: f15034;
  14139: f05134;
  14140: ef5134;
  14141: ef5136;
  14142: f05036;
  14143: f05134;
  14144: f55639;
  14145: eb5439;
  14146: e1563f;
  14147: cb6453;
  14148: fff0e5;
  14149: fffbf4;
  14150: fffeff;
  14151: fcffff;
  14152: ffffff;
  14153: fffbfa;
  14154: fffcfc;
  14155: fffcfe;
  14156: fffdff;
  14157: fffeff;
  14158: fafcfb;
  14159: feffff;
  14160: ffffff;
  14161: ffffff;
  14162: ffffff;
  14163: ffffff;
  14164: ffffff;
  14165: ffffff;
  14166: ffffff;
  14167: ffffff;
  14168: ffffff;
  14169: aeaeae;
  14170: 20202;
  14171: 10101;
  14172: 0;
  14173: 0;
  14174: 0;
  14175: 40404;
  14176: 0;
  14177: fdfdfd;
  14178: ffffff;
  14179: ffffff;
  14180: fdfdfd;
  14181: ffffff;
  14182: ffffff;
  14183: fefefe;
  14184: 20202;
  14185: 0;
  14186: 20202;
  14187: 20202;
  14188: fefefe;
  14189: fdfdfd;
  14190: ffffff;
  14191: fdfdfd;
  14192: ffffff;
  14193: ffffff;
  14194: ffffff;
  14195: ffffff;
  14196: ffffff;
  14197: ffffff;
  14198: ffffff;
  14199: ffffff;
  14200: ffffff;
  14201: ffffff;
  14202: ffffff;
  14203: ffffff;
  14204: ffffff;
  14205: ffffff;
  14206: ffffff;
  14207: ffffff;
  14208: ffffff;
  14209: ffffff;
  14210: ffffff;
  14211: ffffff;
  14212: ffffff;
  14213: ffffff;
  14214: ffffff;
  14215: ffffff;
  14216: ffffff;
  14217: ffffff;
  14218: ffffff;
  14219: ffffff;
  14220: ffffff;
  14221: ffffff;
  14222: ffffff;
  14223: fffeff;
  14224: fffdff;
  14225: fffdff;
  14226: ffffff;
  14227: feffff;
  14228: ffffff;
  14229: fffffd;
  14230: fefffb;
  14231: fefffb;
  14232: fefffb;
  14233: fefffd;
  14234: feffff;
  14235: feffff;
  14236: feffff;
  14237: fffeff;
  14238: fffdff;
  14239: fffefd;
  14240: f8fff8;
  14241: f9fffb;
  14242: feffff;
  14243: fdfdff;
  14244: fffeff;
  14245: fffffd;
  14246: fafff9;
  14247: fff9ed;
  14248: d9826f;
  14249: d5553c;
  14250: df5030;
  14251: f15637;
  14252: ef4f37;
  14253: f14f38;
  14254: f25238;
  14255: ef5134;
  14256: ef5233;
  14257: ef5233;
  14258: f05133;
  14259: f05133;
  14260: f05131;
  14261: ef5231;
  14262: ed5233;
  14263: ed5233;
  14264: f05134;
  14265: f14f36;
  14266: f14f38;
  14267: f14f38;
  14268: f05038;
  14269: ef5136;
  14270: ef5134;
  14271: ed5234;
  14272: ed5339;
  14273: d95139;
  14274: c9604a;
  14275: ffe4d4;
  14276: fff8f1;
  14277: fffffd;
  14278: fffeff;
  14279: fffdff;
  14280: fffeff;
  14281: fffffd;
  14282: fffeff;
  14283: fffbfd;
  14284: fffdff;
  14285: fffeff;
  14286: feffff;
  14287: fbfcfe;
  14288: ffffff;
  14289: ffffff;
  14290: ffffff;
  14291: ffffff;
  14292: ffffff;
  14293: ffffff;
  14294: ffffff;
  14295: ffffff;
  14296: ffffff;
  14297: d0d0d0;
  14298: 0;
  14299: 10101;
  14300: 20202;
  14301: 0;
  14302: 20202;
  14303: 0;
  14304: 313131;
  14305: fcfcfc;
  14306: fefefe;
  14307: ffffff;
  14308: fefefe;
  14309: ffffff;
  14310: ffffff;
  14311: ffffff;
  14312: 0;
  14313: 0;
  14314: 0;
  14315: 0;
  14316: fefefe;
  14317: ffffff;
  14318: fefefe;
  14319: ffffff;
  14320: ffffff;
  14321: ffffff;
  14322: ffffff;
  14323: ffffff;
  14324: ffffff;
  14325: ffffff;
  14326: ffffff;
  14327: ffffff;
  14328: ffffff;
  14329: ffffff;
  14330: ffffff;
  14331: ffffff;
  14332: ffffff;
  14333: ffffff;
  14334: ffffff;
  14335: ffffff;
  14336: ffffff;
  14337: ffffff;
  14338: ffffff;
  14339: ffffff;
  14340: ffffff;
  14341: ffffff;
  14342: ffffff;
  14343: ffffff;
  14344: ffffff;
  14345: ffffff;
  14346: ffffff;
  14347: ffffff;
  14348: ffffff;
  14349: ffffff;
  14350: ffffff;
  14351: ffffff;
  14352: fffeff;
  14353: fffeff;
  14354: ffffff;
  14355: ffffff;
  14356: ffffff;
  14357: ffffff;
  14358: fffffd;
  14359: fffffd;
  14360: fffffd;
  14361: ffffff;
  14362: ffffff;
  14363: ffffff;
  14364: ffffff;
  14365: ffffff;
  14366: fffeff;
  14367: ffffff;
  14368: fbffff;
  14369: f9ffff;
  14370: feffff;
  14371: fffeff;
  14372: fffeff;
  14373: ffffff;
  14374: fcfffd;
  14375: fffef8;
  14376: fff6ee;
  14377: ffecdd;
  14378: cc523a;
  14379: eb5439;
  14380: f1513b;
  14381: ef4d38;
  14382: f25439;
  14383: ec5133;
  14384: ed5234;
  14385: ed5234;
  14386: ef5134;
  14387: f05133;
  14388: f1512f;
  14389: f0522d;
  14390: ea552d;
  14391: ea542f;
  14392: f25335;
  14393: f45037;
  14394: f44b38;
  14395: f7503e;
  14396: f04e39;
  14397: ec4e35;
  14398: f05536;
  14399: e95436;
  14400: e45340;
  14401: d96556;
  14402: ffe3d0;
  14403: fffbea;
  14404: fffffa;
  14405: feffff;
  14406: fffaff;
  14407: fffbff;
  14408: fefefe;
  14409: fcffff;
  14410: fdfeff;
  14411: ffffff;
  14412: fffeff;
  14413: fffeff;
  14414: feffff;
  14415: fcfdff;
  14416: ffffff;
  14417: fefefe;
  14418: ffffff;
  14419: ffffff;
  14420: fcfcfc;
  14421: ffffff;
  14422: fdfdfd;
  14423: ffffff;
  14424: ffffff;
  14425: fdfdfd;
  14426: 0;
  14427: 0;
  14428: 0;
  14429: 10101;
  14430: 0;
  14431: 30303;
  14432: efefef;
  14433: fdfdfd;
  14434: ffffff;
  14435: fefefe;
  14436: ffffff;
  14437: fdfdfd;
  14438: ffffff;
  14439: fefefe;
  14440: 0;
  14441: 0;
  14442: 0;
  14443: 10101;
  14444: fefefe;
  14445: fefefe;
  14446: ffffff;
  14447: ffffff;
  14448: fefefe;
  14449: ffffff;
  14450: ffffff;
  14451: fdfdfd;
  14452: ffffff;
  14453: ffffff;
  14454: ffffff;
  14455: fefefe;
  14456: ffffff;
  14457: ffffff;
  14458: ffffff;
  14459: ffffff;
  14460: ffffff;
  14461: ffffff;
  14462: ffffff;
  14463: ffffff;
  14464: ffffff;
  14465: ffffff;
  14466: ffffff;
  14467: ffffff;
  14468: ffffff;
  14469: ffffff;
  14470: ffffff;
  14471: ffffff;
  14472: ffffff;
  14473: ffffff;
  14474: ffffff;
  14475: ffffff;
  14476: ffffff;
  14477: ffffff;
  14478: ffffff;
  14479: ffffff;
  14480: ffffff;
  14481: ffffff;
  14482: ffffff;
  14483: ffffff;
  14484: ffffff;
  14485: ffffff;
  14486: ffffff;
  14487: ffffff;
  14488: ffffff;
  14489: ffffff;
  14490: ffffff;
  14491: ffffff;
  14492: ffffff;
  14493: ffffff;
  14494: ffffff;
  14495: feffff;
  14496: fcffff;
  14497: fcffff;
  14498: feffff;
  14499: ffffff;
  14500: ffffff;
  14501: ffffff;
  14502: fcffff;
  14503: feffff;
  14504: fffefb;
  14505: fff4eb;
  14506: dd8474;
  14507: d6533f;
  14508: ea4f3b;
  14509: f6513b;
  14510: f05235;
  14511: ea4f31;
  14512: ef5136;
  14513: ef5138;
  14514: ef5138;
  14515: f05036;
  14516: f35031;
  14517: f1512f;
  14518: ea542f;
  14519: ea542f;
  14520: eb4d30;
  14521: f14f36;
  14522: f44d3a;
  14523: f34c39;
  14524: f2503b;
  14525: f25439;
  14526: ea512f;
  14527: e4593a;
  14528: d05d4b;
  14529: ffdccf;
  14530: fffbea;
  14531: fbfff3;
  14532: f6fcfa;
  14533: fbffff;
  14534: fffbff;
  14535: fff9ff;
  14536: feffff;
  14537: fbffff;
  14538: fafefd;
  14539: fdfffe;
  14540: fdfbfe;
  14541: fefcff;
  14542: ffffff;
  14543: feffff;
  14544: ffffff;
  14545: fafafa;
  14546: ffffff;
  14547: ffffff;
  14548: ffffff;
  14549: fefefe;
  14550: ffffff;
  14551: fcfcfc;
  14552: fdfdfd;
  14553: ffffff;
  14554: a6a6a6;
  14555: 0;
  14556: 50505;
  14557: 0;
  14558: 40404;
  14559: 2e2e2e;
  14560: fefefe;
  14561: ffffff;
  14562: fbfbfb;
  14563: ffffff;
  14564: fefefe;
  14565: fefefe;
  14566: ffffff;
  14567: efefef;
  14568: 0;
  14569: 10101;
  14570: 0;
  14571: 20202;
  14572: fdfdfd;
  14573: ffffff;
  14574: fefefe;
  14575: ffffff;
  14576: ffffff;
  14577: fdfdfd;
  14578: fdfdfd;
  14579: fefefe;
  14580: ffffff;
  14581: fdfdfd;
  14582: ffffff;
  14583: ffffff;
  14584: ffffff;
  14585: ffffff;
  14586: ffffff;
  14587: ffffff;
  14588: ffffff;
  14589: ffffff;
  14590: ffffff;
  14591: ffffff;
  14592: ffffff;
  14593: ffffff;
  14594: ffffff;
  14595: ffffff;
  14596: ffffff;
  14597: ffffff;
  14598: ffffff;
  14599: ffffff;
  14600: ffffff;
  14601: ffffff;
  14602: ffffff;
  14603: ffffff;
  14604: ffffff;
  14605: ffffff;
  14606: ffffff;
  14607: ffffff;
  14608: ffffff;
  14609: ffffff;
  14610: ffffff;
  14611: ffffff;
  14612: ffffff;
  14613: ffffff;
  14614: ffffff;
  14615: ffffff;
  14616: ffffff;
  14617: ffffff;
  14618: ffffff;
  14619: ffffff;
  14620: ffffff;
  14621: ffffff;
  14622: ffffff;
  14623: ffffff;
  14624: fffeff;
  14625: fffeff;
  14626: ffffff;
  14627: feffff;
  14628: feffff;
  14629: feffff;
  14630: feffff;
  14631: fffeff;
  14632: fffefb;
  14633: fff9f6;
  14634: fff0ec;
  14635: dc837b;
  14636: e45841;
  14637: f55135;
  14638: ed4c2f;
  14639: f05133;
  14640: f14f38;
  14641: f14f3a;
  14642: f34e3b;
  14643: f44d3b;
  14644: f44e36;
  14645: f15034;
  14646: ed5234;
  14647: ec5334;
  14648: ee5438;
  14649: ee5337;
  14650: ef5134;
  14651: ed5031;
  14652: f05334;
  14653: eb4e2f;
  14654: ec5333;
  14655: d2563a;
  14656: ffe3cc;
  14657: fffbea;
  14658: fffff4;
  14659: f9fffb;
  14660: fcffff;
  14661: fffeff;
  14662: fffaff;
  14663: fffeff;
  14664: f8fdf9;
  14665: fbfffd;
  14666: fffffd;
  14667: fffffd;
  14668: fffeff;
  14669: fffefd;
  14670: fffffd;
  14671: fefdfb;
  14672: ffffff;
  14673: ffffff;
  14674: ffffff;
  14675: ffffff;
  14676: fbfbfb;
  14677: fefefe;
  14678: fefefe;
  14679: ffffff;
  14680: ffffff;
  14681: ffffff;
  14682: ffffff;
  14683: ffffff;
  14684: f9f9f9;
  14685: ffffff;
  14686: fdfdfd;
  14687: ffffff;
  14688: fdfdfd;
  14689: fbfbfb;
  14690: ffffff;
  14691: fcfcfc;
  14692: ffffff;
  14693: ffffff;
  14694: f3f3f3;
  14695: 2b2b2b;
  14696: 0;
  14697: 20202;
  14698: 0;
  14699: 0;
  14700: ffffff;
  14701: fefefe;
  14702: fcfcfc;
  14703: ffffff;
  14704: ffffff;
  14705: ffffff;
  14706: fefefe;
  14707: ffffff;
  14708: ffffff;
  14709: ffffff;
  14710: ffffff;
  14711: fafafa;
  14712: ffffff;
  14713: ffffff;
  14714: ffffff;
  14715: ffffff;
  14716: ffffff;
  14717: ffffff;
  14718: ffffff;
  14719: ffffff;
  14720: ffffff;
  14721: ffffff;
  14722: ffffff;
  14723: ffffff;
  14724: ffffff;
  14725: ffffff;
  14726: ffffff;
  14727: ffffff;
  14728: ffffff;
  14729: ffffff;
  14730: ffffff;
  14731: ffffff;
  14732: ffffff;
  14733: ffffff;
  14734: ffffff;
  14735: ffffff;
  14736: ffffff;
  14737: ffffff;
  14738: ffffff;
  14739: ffffff;
  14740: ffffff;
  14741: ffffff;
  14742: ffffff;
  14743: ffffff;
  14744: ffffff;
  14745: ffffff;
  14746: ffffff;
  14747: ffffff;
  14748: ffffff;
  14749: ffffff;
  14750: ffffff;
  14751: fffeff;
  14752: fffdfd;
  14753: fffefd;
  14754: fffffd;
  14755: fefffd;
  14756: fffffd;
  14757: ffffff;
  14758: feffff;
  14759: ffffff;
  14760: fffefd;
  14761: fffbfb;
  14762: fff5fa;
  14763: ffefed;
  14764: c55541;
  14765: e65236;
  14766: f25536;
  14767: ef4e31;
  14768: f15034;
  14769: f14f38;
  14770: f44e38;
  14771: f44d3a;
  14772: f34e38;
  14773: f14f38;
  14774: ef5136;
  14775: ed5234;
  14776: e84e32;
  14777: ec5236;
  14778: ec5133;
  14779: f05334;
  14780: ee4f31;
  14781: ef5839;
  14782: df593c;
  14783: c56950;
  14784: fff8e6;
  14785: fcfff4;
  14786: f5fff7;
  14787: fbffff;
  14788: fffeff;
  14789: fbf8ff;
  14790: ffffff;
  14791: feffff;
  14792: fbfffb;
  14793: fbfffa;
  14794: fffffb;
  14795: fefdf9;
  14796: fffffd;
  14797: fcfbf9;
  14798: fffffd;
  14799: fffffd;
  14800: fcfcfc;
  14801: ffffff;
  14802: fafafa;
  14803: ffffff;
  14804: ffffff;
  14805: ffffff;
  14806: ffffff;
  14807: fdfdfd;
  14808: fefefe;
  14809: ffffff;
  14810: fcfcfc;
  14811: fdfdfd;
  14812: ffffff;
  14813: ffffff;
  14814: fefefe;
  14815: ffffff;
  14816: ffffff;
  14817: fcfcfc;
  14818: ffffff;
  14819: ffffff;
  14820: ffffff;
  14821: ffffff;
  14822: 878787;
  14823: 0;
  14824: 10101;
  14825: 0;
  14826: 0;
  14827: 40404;
  14828: fdfdfd;
  14829: ffffff;
  14830: ffffff;
  14831: ffffff;
  14832: fefefe;
  14833: fefefe;
  14834: ffffff;
  14835: ffffff;
  14836: fcfcfc;
  14837: fcfcfc;
  14838: ffffff;
  14839: ffffff;
  14840: ffffff;
  14841: ffffff;
  14842: ffffff;
  14843: ffffff;
  14844: ffffff;
  14845: ffffff;
  14846: ffffff;
  14847: ffffff;
  14848: ffffff;
  14849: ffffff;
  14850: ffffff;
  14851: ffffff;
  14852: ffffff;
  14853: ffffff;
  14854: ffffff;
  14855: ffffff;
  14856: ffffff;
  14857: ffffff;
  14858: ffffff;
  14859: ffffff;
  14860: ffffff;
  14861: ffffff;
  14862: ffffff;
  14863: ffffff;
  14864: ffffff;
  14865: ffffff;
  14866: ffffff;
  14867: ffffff;
  14868: ffffff;
  14869: ffffff;
  14870: ffffff;
  14871: ffffff;
  14872: ffffff;
  14873: ffffff;
  14874: ffffff;
  14875: ffffff;
  14876: ffffff;
  14877: ffffff;
  14878: ffffff;
  14879: fffeff;
  14880: fffcff;
  14881: fffdfd;
  14882: fefffd;
  14883: fefffd;
  14884: fffefd;
  14885: fffeff;
  14886: feffff;
  14887: fcffff;
  14888: fefefe;
  14889: fbf9fc;
  14890: fffeff;
  14891: fff7f8;
  14892: d58b80;
  14893: c4543e;
  14894: e65538;
  14895: f25333;
  14896: f05131;
  14897: ef522f;
  14898: f1512f;
  14899: f15131;
  14900: f05036;
  14901: f05038;
  14902: ef5134;
  14903: ef5233;
  14904: ef5233;
  14905: ef5134;
  14906: ed4d33;
  14907: f5533a;
  14908: f24c34;
  14909: e15139;
  14910: be5f4b;
  14911: ffeadb;
  14912: fff9f0;
  14913: fafffe;
  14914: fcffff;
  14915: fefdff;
  14916: fffbff;
  14917: fffcff;
  14918: fdfdff;
  14919: fcfffd;
  14920: fcfffb;
  14921: fdfffa;
  14922: fefdf9;
  14923: fffffd;
  14924: fcffff;
  14925: fcfffd;
  14926: fdfdfb;
  14927: fefefc;
  14928: ffffff;
  14929: ffffff;
  14930: ffffff;
  14931: ffffff;
  14932: ffffff;
  14933: f9f9f9;
  14934: ffffff;
  14935: fdfdfd;
  14936: ffffff;
  14937: fcfcfc;
  14938: ffffff;
  14939: ffffff;
  14940: fdfdfd;
  14941: ffffff;
  14942: fefefe;
  14943: ffffff;
  14944: fbfbfb;
  14945: ffffff;
  14946: fefefe;
  14947: fdfdfd;
  14948: fafafa;
  14949: ffffff;
  14950: 10101;
  14951: 0;
  14952: 0;
  14953: 0;
  14954: 0;
  14955: 0;
  14956: ffffff;
  14957: fdfdfd;
  14958: fefefe;
  14959: fefefe;
  14960: ffffff;
  14961: fdfdfd;
  14962: ffffff;
  14963: fefefe;
  14964: ffffff;
  14965: ffffff;
  14966: ffffff;
  14967: ffffff;
  14968: ffffff;
  14969: ffffff;
  14970: ffffff;
  14971: ffffff;
  14972: ffffff;
  14973: ffffff;
  14974: ffffff;
  14975: ffffff;
  14976: ffffff;
  14977: ffffff;
  14978: ffffff;
  14979: ffffff;
  14980: ffffff;
  14981: ffffff;
  14982: ffffff;
  14983: ffffff;
  14984: ffffff;
  14985: ffffff;
  14986: ffffff;
  14987: ffffff;
  14988: ffffff;
  14989: ffffff;
  14990: ffffff;
  14991: ffffff;
  14992: ffffff;
  14993: ffffff;
  14994: ffffff;
  14995: ffffff;
  14996: ffffff;
  14997: ffffff;
  14998: ffffff;
  14999: ffffff;
  15000: ffffff;
  15001: ffffff;
  15002: ffffff;
  15003: ffffff;
  15004: ffffff;
  15005: ffffff;
  15006: ffffff;
  15007: fffeff;
  15008: fffdff;
  15009: fffdff;
  15010: fffffd;
  15011: fffffd;
  15012: fffdfd;
  15013: fffeff;
  15014: fcffff;
  15015: fbffff;
  15016: fcffff;
  15017: feffff;
  15018: fcffff;
  15019: fff9f8;
  15020: fff0ec;
  15021: ffe9dd;
  15022: cd533c;
  15023: e55133;
  15024: ec5331;
  15025: ef532d;
  15026: f0522d;
  15027: f0522f;
  15028: ef5134;
  15029: ef5136;
  15030: f05134;
  15031: f05133;
  15032: f15232;
  15033: f15234;
  15034: ed4d35;
  15035: ea4e38;
  15036: e85545;
  15037: da6657;
  15038: ffe4d9;
  15039: fff6ef;
  15040: fffdfd;
  15041: fcffff;
  15042: fffeff;
  15043: fefbff;
  15044: fffcff;
  15045: fffdff;
  15046: fefefe;
  15047: fbfdf8;
  15048: fcfdf8;
  15049: fffffb;
  15050: f4f3f1;
  15051: f1f1f1;
  15052: e7ebec;
  15053: fcffff;
  15054: ffffff;
  15055: fffeff;
  15056: ffffff;
  15057: fdfdfd;
  15058: ffffff;
  15059: fdfdfd;
  15060: ffffff;
  15061: ffffff;
  15062: fcfcfc;
  15063: ffffff;
  15064: fbfbfb;
  15065: efefef;
  15066: f4f4f4;
  15067: f0f0f0;
  15068: f0f0f0;
  15069: eeeeee;
  15070: f2f2f2;
  15071: f0f0f0;
  15072: f1f1f1;
  15073: ffffff;
  15074: f9f9f9;
  15075: dedede;
  15076: 757575;
  15077: 0;
  15078: 0;
  15079: 0;
  15080: 0;
  15081: 30303;
  15082: 0;
  15083: 0;
  15084: 4f4f4f;
  15085: 4f4f4f;
  15086: 4c4c4c;
  15087: 515151;
  15088: 4f4f4f;
  15089: a0a0a0;
  15090: f9f9f9;
  15091: ffffff;
  15092: ffffff;
  15093: fdfdfd;
  15094: ffffff;
  15095: ffffff;
  15096: ffffff;
  15097: ffffff;
  15098: ffffff;
  15099: ffffff;
  15100: ffffff;
  15101: ffffff;
  15102: ffffff;
  15103: ffffff;
  15104: ffffff;
  15105: ffffff;
  15106: ffffff;
  15107: ffffff;
  15108: ffffff;
  15109: ffffff;
  15110: ffffff;
  15111: ffffff;
  15112: ffffff;
  15113: ffffff;
  15114: ffffff;
  15115: ffffff;
  15116: ffffff;
  15117: ffffff;
  15118: ffffff;
  15119: ffffff;
  15120: ffffff;
  15121: ffffff;
  15122: ffffff;
  15123: ffffff;
  15124: ffffff;
  15125: ffffff;
  15126: ffffff;
  15127: ffffff;
  15128: ffffff;
  15129: ffffff;
  15130: ffffff;
  15131: ffffff;
  15132: ffffff;
  15133: ffffff;
  15134: ffffff;
  15135: ffffff;
  15136: feffff;
  15137: ffffff;
  15138: fffefd;
  15139: fffdfd;
  15140: fffeff;
  15141: ffffff;
  15142: fcfffd;
  15143: fbfffd;
  15144: fbfffe;
  15145: fcfefd;
  15146: fffffb;
  15147: fffdf9;
  15148: fff9fc;
  15149: fff1f1;
  15150: da8171;
  15151: d95d45;
  15152: e65536;
  15153: ef5233;
  15154: f34f33;
  15155: f34f34;
  15156: ef5233;
  15157: ef5134;
  15158: f14f36;
  15159: f15034;
  15160: f15234;
  15161: ef5134;
  15162: ee5037;
  15163: e75c49;
  15164: bc574b;
  15165: ffe1db;
  15166: fff5f3;
  15167: fff9fa;
  15168: fff7fe;
  15169: fff9ff;
  15170: fffdff;
  15171: ffffff;
  15172: fefeff;
  15173: ffffff;
  15174: fffffd;
  15175: ddded9;
  15176: 747371;
  15177: 343233;
  15178: 10002;
  15179: 10002;
  15180: 7060b;
  15181: 333237;
  15182: 757074;
  15183: c5c1c2;
  15184: c4c2c3;
  15185: c1c1c1;
  15186: c3c3c3;
  15187: c2c2c2;
  15188: c5c5c5;
  15189: c3c3c3;
  15190: ffffff;
  15191: fdfdfd;
  15192: a5a5a5;
  15193: 0;
  15194: 0;
  15195: 20202;
  15196: 0;
  15197: 0;
  15198: 0;
  15199: 0;
  15200: 0;
  15201: ffffff;
  15202: c3c3c3;
  15203: 40404;
  15204: 0;
  15205: 20202;
  15206: 50505;
  15207: 0;
  15208: 10101;
  15209: 10101;
  15210: 0;
  15211: 0;
  15212: 0;
  15213: 20202;
  15214: 0;
  15215: 0;
  15216: 0;
  15217: 7c7c7c;
  15218: ffffff;
  15219: fefefe;
  15220: fdfdfd;
  15221: fefefe;
  15222: ffffff;
  15223: fdfdfd;
  15224: ffffff;
  15225: ffffff;
  15226: ffffff;
  15227: ffffff;
  15228: ffffff;
  15229: ffffff;
  15230: ffffff;
  15231: ffffff;
  15232: ffffff;
  15233: ffffff;
  15234: ffffff;
  15235: ffffff;
  15236: ffffff;
  15237: ffffff;
  15238: ffffff;
  15239: ffffff;
  15240: ffffff;
  15241: ffffff;
  15242: ffffff;
  15243: ffffff;
  15244: ffffff;
  15245: ffffff;
  15246: ffffff;
  15247: ffffff;
  15248: ffffff;
  15249: ffffff;
  15250: ffffff;
  15251: ffffff;
  15252: ffffff;
  15253: ffffff;
  15254: ffffff;
  15255: ffffff;
  15256: ffffff;
  15257: ffffff;
  15258: ffffff;
  15259: ffffff;
  15260: ffffff;
  15261: ffffff;
  15262: ffffff;
  15263: feffff;
  15264: fbffff;
  15265: fcffff;
  15266: fffeff;
  15267: fffdff;
  15268: fffeff;
  15269: feffff;
  15270: fefffd;
  15271: fefffb;
  15272: feffff;
  15273: fdfdfb;
  15274: fffffa;
  15275: fefdf9;
  15276: fffdff;
  15277: fff8fb;
  15278: ffede5;
  15279: e38472;
  15280: df583b;
  15281: ef5233;
  15282: f14f36;
  15283: f14f36;
  15284: ef5233;
  15285: ef5134;
  15286: f34e38;
  15287: f34e38;
  15288: f15235;
  15289: e94e32;
  15290: ec543d;
  15291: cd5443;
  15292: ffe6db;
  15293: fff6f3;
  15294: fff7f9;
  15295: fffaff;
  15296: fffaff;
  15297: fffbff;
  15298: fffeff;
  15299: fbfdfc;
  15300: fcfffd;
  15301: 464843;
  15302: 10000;
  15303: 10000;
  15304: 10000;
  15305: 10002;
  15306: 20106;
  15307: 10004;
  15308: 10004;
  15309: 70208;
  15310: 30002;
  15311: 30002;
  15312: 10000;
  15313: 30303;
  15314: 0;
  15315: 20202;
  15316: 0;
  15317: 0;
  15318: fcfcfc;
  15319: ffffff;
  15320: 646464;
  15321: 30303;
  15322: 0;
  15323: 0;
  15324: 30303;
  15325: 0;
  15326: 10101;
  15327: 0;
  15328: 20202;
  15329: ffffff;
  15330: c0c0c0;
  15331: 10101;
  15332: 0;
  15333: 0;
  15334: 0;
  15335: 0;
  15336: 0;
  15337: 0;
  15338: 0;
  15339: 10101;
  15340: 0;
  15341: 0;
  15342: 20202;
  15343: 0;
  15344: 20202;
  15345: 7b7b7b;
  15346: ffffff;
  15347: fbfbfb;
  15348: ffffff;
  15349: ffffff;
  15350: fefefe;
  15351: ffffff;
  15352: ffffff;
  15353: ffffff;
  15354: ffffff;
  15355: ffffff;
  15356: ffffff;
  15357: ffffff;
  15358: ffffff;
  15359: ffffff;
  15360: ffffff;
  15361: ffffff;
  15362: ffffff;
  15363: ffffff;
  15364: ffffff;
  15365: ffffff;
  15366: ffffff;
  15367: ffffff;
  15368: ffffff;
  15369: ffffff;
  15370: ffffff;
  15371: ffffff;
  15372: ffffff;
  15373: ffffff;
  15374: ffffff;
  15375: ffffff;
  15376: ffffff;
  15377: ffffff;
  15378: ffffff;
  15379: ffffff;
  15380: ffffff;
  15381: ffffff;
  15382: ffffff;
  15383: ffffff;
  15384: ffffff;
  15385: ffffff;
  15386: ffffff;
  15387: ffffff;
  15388: ffffff;
  15389: ffffff;
  15390: ffffff;
  15391: feffff;
  15392: fbffff;
  15393: fbffff;
  15394: fffeff;
  15395: fffdff;
  15396: ffffff;
  15397: feffff;
  15398: fffffd;
  15399: fffffb;
  15400: fffffb;
  15401: fffffb;
  15402: fffffb;
  15403: fffffd;
  15404: fffeff;
  15405: fffbfd;
  15406: fff7f6;
  15407: ffede3;
  15408: cf5339;
  15409: f05536;
  15410: ed4f32;
  15411: f05235;
  15412: ec4e31;
  15413: f25238;
  15414: f2503b;
  15415: f14c38;
  15416: f05036;
  15417: ec5238;
  15418: e25440;
  15419: cd6758;
  15420: fff6ec;
  15421: fffef9;
  15422: fffbfd;
  15423: fffbff;
  15424: fffeff;
  15425: fcfefd;
  15426: fcfffd;
  15427: fbfffb;
  15428: abb0aa;
  15429: 200;
  15430: 20100;
  15431: 10000;
  15432: 10206;
  15433: 104;
  15434: 5;
  15435: 30207;
  15436: 30004;
  15437: 40003;
  15438: 50306;
  15439: 0;
  15440: 10101;
  15441: 0;
  15442: 0;
  15443: 10101;
  15444: 0;
  15445: 10101;
  15446: fafafa;
  15447: fefefe;
  15448: 3f3f3f;
  15449: 0;
  15450: 0;
  15451: 30303;
  15452: 0;
  15453: 0;
  15454: 0;
  15455: 0;
  15456: 10101;
  15457: ffffff;
  15458: c1c1c1;
  15459: 20202;
  15460: 0;
  15461: 0;
  15462: 0;
  15463: 0;
  15464: 0;
  15465: 0;
  15466: 0;
  15467: 20202;
  15468: 0;
  15469: 0;
  15470: 0;
  15471: 0;
  15472: 0;
  15473: 808080;
  15474: fefefe;
  15475: ffffff;
  15476: fefefe;
  15477: ffffff;
  15478: ffffff;
  15479: ffffff;
  15480: ffffff;
  15481: ffffff;
  15482: ffffff;
  15483: ffffff;
  15484: ffffff;
  15485: ffffff;
  15486: ffffff;
  15487: ffffff;
  15488: ffffff;
  15489: ffffff;
  15490: ffffff;
  15491: ffffff;
  15492: ffffff;
  15493: ffffff;
  15494: ffffff;
  15495: ffffff;
  15496: ffffff;
  15497: ffffff;
  15498: ffffff;
  15499: ffffff;
  15500: ffffff;
  15501: ffffff;
  15502: ffffff;
  15503: ffffff;
  15504: ffffff;
  15505: ffffff;
  15506: ffffff;
  15507: ffffff;
  15508: ffffff;
  15509: ffffff;
  15510: ffffff;
  15511: ffffff;
  15512: ffffff;
  15513: ffffff;
  15514: ffffff;
  15515: ffffff;
  15516: ffffff;
  15517: ffffff;
  15518: ffffff;
  15519: feffff;
  15520: fbffff;
  15521: fbffff;
  15522: feffff;
  15523: ffffff;
  15524: feffff;
  15525: fefffd;
  15526: fffffd;
  15527: fffefd;
  15528: fffffb;
  15529: fffffb;
  15530: feffff;
  15531: ffffff;
  15532: fffeff;
  15533: fffefd;
  15534: fffdff;
  15535: fff4f1;
  15536: e08371;
  15537: db593f;
  15538: e75339;
  15539: ef5136;
  15540: f4543a;
  15541: ef4f35;
  15542: ee4c35;
  15543: f2523a;
  15544: ef533a;
  15545: e35740;
  15546: c75847;
  15547: ffe0d6;
  15548: fffbf4;
  15549: f8fffc;
  15550: fffefd;
  15551: fffdfd;
  15552: fdfffe;
  15553: f9fffd;
  15554: f7fdf9;
  15555: fcfffb;
  15556: 10300;
  15557: 100;
  15558: 20001;
  15559: 10002;
  15560: 104;
  15561: 307;
  15562: 104;
  15563: 104;
  15564: 20204;
  15565: 10000;
  15566: 100;
  15567: 501;
  15568: 0;
  15569: 0;
  15570: 0;
  15571: 50505;
  15572: 0;
  15573: 0;
  15574: f9f9f9;
  15575: ffffff;
  15576: 141414;
  15577: 30303;
  15578: 0;
  15579: 0;
  15580: 10101;
  15581: 0;
  15582: 0;
  15583: 30303;
  15584: 0;
  15585: ffffff;
  15586: c4c4c4;
  15587: 0;
  15588: 10101;
  15589: 10101;
  15590: 0;
  15591: 40404;
  15592: 0;
  15593: 20202;
  15594: 0;
  15595: 0;
  15596: 30303;
  15597: 30303;
  15598: 0;
  15599: 20202;
  15600: 0;
  15601: 7f7f7f;
  15602: fbfbfb;
  15603: ffffff;
  15604: fdfdfd;
  15605: ffffff;
  15606: ffffff;
  15607: ffffff;
  15608: ffffff;
  15609: ffffff;
  15610: ffffff;
  15611: ffffff;
  15612: ffffff;
  15613: ffffff;
  15614: ffffff;
  15615: ffffff;
  15616: ffffff;
  15617: ffffff;
  15618: ffffff;
  15619: ffffff;
  15620: ffffff;
  15621: ffffff;
  15622: ffffff;
  15623: ffffff;
  15624: ffffff;
  15625: ffffff;
  15626: ffffff;
  15627: ffffff;
  15628: ffffff;
  15629: ffffff;
  15630: ffffff;
  15631: ffffff;
  15632: ffffff;
  15633: ffffff;
  15634: ffffff;
  15635: ffffff;
  15636: ffffff;
  15637: ffffff;
  15638: ffffff;
  15639: ffffff;
  15640: ffffff;
  15641: ffffff;
  15642: ffffff;
  15643: ffffff;
  15644: ffffff;
  15645: ffffff;
  15646: ffffff;
  15647: ffffff;
  15648: feffff;
  15649: fcffff;
  15650: fcffff;
  15651: fcfffd;
  15652: fefffd;
  15653: fffffd;
  15654: fffdff;
  15655: fffdff;
  15656: fffffd;
  15657: fefffd;
  15658: feffff;
  15659: feffff;
  15660: fffffd;
  15661: fffffd;
  15662: feffff;
  15663: fffbfb;
  15664: fff1e9;
  15665: db897b;
  15666: d14939;
  15667: f2503b;
  15668: f24e35;
  15669: ee4d30;
  15670: f45633;
  15671: ea502e;
  15672: e25136;
  15673: da6754;
  15674: ffe1d8;
  15675: fff7f6;
  15676: fffdfc;
  15677: fbffff;
  15678: fbfffc;
  15679: fbfffa;
  15680: fbffff;
  15681: fcffff;
  15682: fffffd;
  15683: 555651;
  15684: 10000;
  15685: 10000;
  15686: 10002;
  15687: 4;
  15688: 5;
  15689: 104;
  15690: 807;
  15691: 29322f;
  15692: 300;
  15693: 400;
  15694: 300;
  15695: 400;
  15696: 100;
  15697: 20202;
  15698: 40404;
  15699: 121212;
  15700: 343434;
  15701: 6c6c6c;
  15702: fcfcfc;
  15703: ffffff;
  15704: ffffff;
  15705: 838383;
  15706: 30303;
  15707: 0;
  15708: 20202;
  15709: 0;
  15710: 0;
  15711: 0;
  15712: 20202;
  15713: ffffff;
  15714: f5f5f5;
  15715: dcdcdc;
  15716: dbdbdb;
  15717: c5c5c5;
  15718: 20202;
  15719: 0;
  15720: 0;
  15721: 10101;
  15722: 10101;
  15723: 0;
  15724: dddddd;
  15725: dcdcdc;
  15726: dbdbdb;
  15727: dfdfdf;
  15728: dfdfdf;
  15729: efefef;
  15730: ffffff;
  15731: fefefe;
  15732: ffffff;
  15733: ffffff;
  15734: fefefe;
  15735: ffffff;
  15736: ffffff;
  15737: ffffff;
  15738: ffffff;
  15739: ffffff;
  15740: ffffff;
  15741: ffffff;
  15742: ffffff;
  15743: ffffff;
  15744: ffffff;
  15745: ffffff;
  15746: ffffff;
  15747: ffffff;
  15748: ffffff;
  15749: ffffff;
  15750: ffffff;
  15751: ffffff;
  15752: ffffff;
  15753: ffffff;
  15754: ffffff;
  15755: ffffff;
  15756: ffffff;
  15757: ffffff;
  15758: ffffff;
  15759: ffffff;
  15760: ffffff;
  15761: ffffff;
  15762: ffffff;
  15763: ffffff;
  15764: ffffff;
  15765: ffffff;
  15766: ffffff;
  15767: ffffff;
  15768: ffffff;
  15769: ffffff;
  15770: ffffff;
  15771: ffffff;
  15772: ffffff;
  15773: ffffff;
  15774: ffffff;
  15775: ffffff;
  15776: fffeff;
  15777: fffeff;
  15778: fefffd;
  15779: fcfffb;
  15780: fefffb;
  15781: fffffd;
  15782: fffeff;
  15783: fffeff;
  15784: ffffff;
  15785: feffff;
  15786: feffff;
  15787: feffff;
  15788: feffff;
  15789: fefffd;
  15790: fbffff;
  15791: feffff;
  15792: fffcfa;
  15793: ffefe9;
  15794: fea096;
  15795: ce5445;
  15796: d75a48;
  15797: d75b43;
  15798: d96242;
  15799: cf5e40;
  15800: b9503a;
  15801: ffe8db;
  15802: fff4f1;
  15803: fffeff;
  15804: feffff;
  15805: f8fefe;
  15806: f9fffb;
  15807: f6fff8;
  15808: fafefd;
  15809: fcfefd;
  15810: fffefc;
  15811: 40300;
  15812: 0;
  15813: 40404;
  15814: 10004;
  15815: 30106;
  15816: 20106;
  15817: 797d80;
  15818: c8d1ce;
  15819: f2fbf6;
  15820: ebf2ea;
  15821: 4d524b;
  15822: 200;
  15823: 200;
  15824: 10300;
  15825: 0;
  15826: 0;
  15827: c2c2c2;
  15828: f5f5f5;
  15829: fefefe;
  15830: fcfcfc;
  15831: ffffff;
  15832: fefefe;
  15833: ffffff;
  15834: 626262;
  15835: 20202;
  15836: 0;
  15837: 0;
  15838: 30303;
  15839: 0;
  15840: 0;
  15841: fcfcfc;
  15842: ffffff;
  15843: fefefe;
  15844: fefefe;
  15845: f2f2f2;
  15846: 0;
  15847: 30303;
  15848: 20202;
  15849: 0;
  15850: 0;
  15851: 30303;
  15852: fdfdfd;
  15853: ffffff;
  15854: ffffff;
  15855: fdfdfd;
  15856: ffffff;
  15857: fdfdfd;
  15858: fdfdfd;
  15859: ffffff;
  15860: ffffff;
  15861: fdfdfd;
  15862: fefefe;
  15863: ffffff;
  15864: ffffff;
  15865: ffffff;
  15866: ffffff;
  15867: ffffff;
  15868: ffffff;
  15869: ffffff;
  15870: ffffff;
  15871: ffffff;
  15872: ffffff;
  15873: ffffff;
  15874: ffffff;
  15875: ffffff;
  15876: ffffff;
  15877: ffffff;
  15878: ffffff;
  15879: ffffff;
  15880: ffffff;
  15881: ffffff;
  15882: ffffff;
  15883: ffffff;
  15884: ffffff;
  15885: ffffff;
  15886: ffffff;
  15887: ffffff;
  15888: ffffff;
  15889: ffffff;
  15890: ffffff;
  15891: ffffff;
  15892: ffffff;
  15893: ffffff;
  15894: ffffff;
  15895: ffffff;
  15896: ffffff;
  15897: ffffff;
  15898: ffffff;
  15899: ffffff;
  15900: ffffff;
  15901: ffffff;
  15902: ffffff;
  15903: ffffff;
  15904: fffeff;
  15905: fffeff;
  15906: fffefd;
  15907: fffffb;
  15908: fcfffb;
  15909: fbffff;
  15910: fffeff;
  15911: fffdff;
  15912: fffeff;
  15913: fffeff;
  15914: ffffff;
  15915: feffff;
  15916: feffff;
  15917: fcffff;
  15918: fcffff;
  15919: fefffd;
  15920: fcfdf8;
  15921: fffdf8;
  15922: fff8f3;
  15923: fff3eb;
  15924: ffd7cf;
  15925: ffd1c5;
  15926: facfbf;
  15927: ffefdf;
  15928: fff6eb;
  15929: fff9f2;
  15930: fffdfb;
  15931: fefefe;
  15932: fbfffe;
  15933: fbfffd;
  15934: f6fff8;
  15935: fbfffb;
  15936: fefeff;
  15937: fffeff;
  15938: fdf9fa;
  15939: 10000;
  15940: 100;
  15941: 302;
  15942: 4;
  15943: 10004;
  15944: a6a1a7;
  15945: ffffff;
  15946: fcfffd;
  15947: fafff9;
  15948: fefff9;
  15949: fffffa;
  15950: fffefd;
  15951: 30200;
  15952: 10101;
  15953: 30303;
  15954: 0;
  15955: 20202;
  15956: ffffff;
  15957: ffffff;
  15958: ffffff;
  15959: fbfbfb;
  15960: ffffff;
  15961: fcfcfc;
  15962: 989898;
  15963: 0;
  15964: 0;
  15965: 10101;
  15966: 0;
  15967: 20202;
  15968: 0;
  15969: ffffff;
  15970: fafafa;
  15971: ffffff;
  15972: fefefe;
  15973: f3f3f3;
  15974: 0;
  15975: 0;
  15976: 0;
  15977: 0;
  15978: 10101;
  15979: 0;
  15980: ffffff;
  15981: fefefe;
  15982: ffffff;
  15983: ffffff;
  15984: ffffff;
  15985: ffffff;
  15986: fcfcfc;
  15987: fdfdfd;
  15988: fcfcfc;
  15989: ffffff;
  15990: ffffff;
  15991: fefefe;
  15992: ffffff;
  15993: ffffff;
  15994: ffffff;
  15995: ffffff;
  15996: ffffff;
  15997: ffffff;
  15998: ffffff;
  15999: ffffff;
  16000: ffffff;
  16001: ffffff;
  16002: ffffff;
  16003: ffffff;
  16004: ffffff;
  16005: ffffff;
  16006: ffffff;
  16007: ffffff;
  16008: ffffff;
  16009: ffffff;
  16010: ffffff;
  16011: ffffff;
  16012: ffffff;
  16013: ffffff;
  16014: ffffff;
  16015: ffffff;
  16016: ffffff;
  16017: ffffff;
  16018: ffffff;
  16019: ffffff;
  16020: ffffff;
  16021: ffffff;
  16022: ffffff;
  16023: ffffff;
  16024: ffffff;
  16025: ffffff;
  16026: ffffff;
  16027: ffffff;
  16028: ffffff;
  16029: ffffff;
  16030: ffffff;
  16031: ffffff;
  16032: fffeff;
  16033: fffeff;
  16034: fffdfd;
  16035: fffffd;
  16036: fcfffd;
  16037: fbffff;
  16038: fcffff;
  16039: feffff;
  16040: fffdff;
  16041: fffdff;
  16042: fffeff;
  16043: fffffd;
  16044: feffff;
  16045: feffff;
  16046: feffff;
  16047: fefffd;
  16048: fefffd;
  16049: fbfffc;
  16050: fbffff;
  16051: fdfffe;
  16052: fffdfb;
  16053: fffdf8;
  16054: fffffa;
  16055: fffffb;
  16056: feffff;
  16057: feffff;
  16058: ffffff;
  16059: fefefc;
  16060: fefffb;
  16061: fcfffb;
  16062: f9fefa;
  16063: feffff;
  16064: ffffff;
  16065: fffeff;
  16066: f1edee;
  16067: 30200;
  16068: 403;
  16069: 100;
  16070: 20106;
  16071: 40005;
  16072: fffdff;
  16073: fffdfe;
  16074: f5faf4;
  16075: fcfffa;
  16076: fffffa;
  16077: fffdfa;
  16078: fffcff;
  16079: 30002;
  16080: 10000;
  16081: 0;
  16082: 20202;
  16083: 0;
  16084: fdfdfd;
  16085: ffffff;
  16086: ffffff;
  16087: ffffff;
  16088: fefefe;
  16089: fafafa;
  16090: 979797;
  16091: 0;
  16092: 10101;
  16093: 10101;
  16094: 50505;
  16095: 0;
  16096: 0;
  16097: fefefe;
  16098: ffffff;
  16099: fdfdfd;
  16100: ffffff;
  16101: efefef;
  16102: 0;
  16103: 0;
  16104: 10101;
  16105: 10101;
  16106: 20202;
  16107: 0;
  16108: fdfdfd;
  16109: fcfcfc;
  16110: fdfdfd;
  16111: fdfdfd;
  16112: ffffff;
  16113: fdfdfd;
  16114: fdfdfd;
  16115: ffffff;
  16116: ffffff;
  16117: fdfdfd;
  16118: fdfdfd;
  16119: fefefe;
  16120: ffffff;
  16121: ffffff;
  16122: ffffff;
  16123: ffffff;
  16124: ffffff;
  16125: ffffff;
  16126: ffffff;
  16127: ffffff;
  16128: ffffff;
  16129: ffffff;
  16130: ffffff;
  16131: ffffff;
  16132: ffffff;
  16133: ffffff;
  16134: ffffff;
  16135: ffffff;
  16136: ffffff;
  16137: ffffff;
  16138: ffffff;
  16139: ffffff;
  16140: ffffff;
  16141: ffffff;
  16142: ffffff;
  16143: ffffff;
  16144: ffffff;
  16145: ffffff;
  16146: ffffff;
  16147: ffffff;
  16148: ffffff;
  16149: ffffff;
  16150: ffffff;
  16151: ffffff;
  16152: ffffff;
  16153: ffffff;
  16154: ffffff;
  16155: ffffff;
  16156: ffffff;
  16157: ffffff;
  16158: ffffff;
  16159: fffffd;
  16160: fffefb;
  16161: fffdfd;
  16162: fffdff;
  16163: fffeff;
  16164: ffffff;
  16165: fcffff;
  16166: f9fffd;
  16167: fbffff;
  16168: fffdff;
  16169: fffbff;
  16170: fffcfd;
  16171: fffffa;
  16172: fffffa;
  16173: fefffb;
  16174: fffeff;
  16175: fffeff;
  16176: fffbfa;
  16177: fffeff;
  16178: f9f8fd;
  16179: fffdff;
  16180: fffdfd;
  16181: fffcf8;
  16182: fbfcf7;
  16183: fdfdfd;
  16184: fffdff;
  16185: fbf5ff;
  16186: fffeff;
  16187: fffffb;
  16188: fffffa;
  16189: fffefa;
  16190: fffcff;
  16191: fef8ff;
  16192: fffeff;
  16193: fcfcfe;
  16194: d0cfcd;
  16195: 10000;
  16196: 0;
  16197: 40404;
  16198: 60105;
  16199: 30002;
  16200: fcfafd;
  16201: fefffd;
  16202: fbfffb;
  16203: f8fff7;
  16204: fffefd;
  16205: fffdff;
  16206: fffcff;
  16207: 20109;
  16208: 2;
  16209: 0;
  16210: 0;
  16211: 0;
  16212: fafafa;
  16213: ffffff;
  16214: fdfdfd;
  16215: ffffff;
  16216: ffffff;
  16217: fefefe;
  16218: 939393;
  16219: 40404;
  16220: 0;
  16221: 0;
  16222: 0;
  16223: 0;
  16224: 70707;
  16225: fafafa;
  16226: ffffff;
  16227: ffffff;
  16228: fefefe;
  16229: eeeeee;
  16230: 0;
  16231: 60606;
  16232: 0;
  16233: 0;
  16234: 0;
  16235: 0;
  16236: ffffff;
  16237: ffffff;
  16238: ffffff;
  16239: ffffff;
  16240: fefefe;
  16241: ffffff;
  16242: ffffff;
  16243: fdfdfd;
  16244: fdfdfd;
  16245: fefefe;
  16246: ffffff;
  16247: ffffff;
  16248: ffffff;
  16249: ffffff;
  16250: ffffff;
  16251: ffffff;
  16252: ffffff;
  16253: ffffff;
  16254: ffffff;
  16255: ffffff;
  16256: ffffff;
  16257: ffffff;
  16258: ffffff;
  16259: ffffff;
  16260: ffffff;
  16261: ffffff;
  16262: ffffff;
  16263: ffffff;
  16264: ffffff;
  16265: ffffff;
  16266: ffffff;
  16267: ffffff;
  16268: ffffff;
  16269: ffffff;
  16270: ffffff;
  16271: ffffff;
  16272: ffffff;
  16273: ffffff;
  16274: ffffff;
  16275: ffffff;
  16276: ffffff;
  16277: ffffff;
  16278: ffffff;
  16279: ffffff;
  16280: ffffff;
  16281: ffffff;
  16282: ffffff;
  16283: ffffff;
  16284: ffffff;
  16285: ffffff;
  16286: ffffff;
  16287: fffffd;
  16288: fffefb;
  16289: fffefd;
  16290: fffeff;
  16291: fffdff;
  16292: fffeff;
  16293: feffff;
  16294: f9fffd;
  16295: fbfffd;
  16296: fffdff;
  16297: fffcff;
  16298: fffdfd;
  16299: fffffa;
  16300: fffffa;
  16301: fffffb;
  16302: fffeff;
  16303: fffdff;
  16304: fffdfd;
  16305: fcf8f9;
  16306: fffeff;
  16307: fffeff;
  16308: fffefd;
  16309: fffffb;
  16310: fefffd;
  16311: ffffff;
  16312: fffbff;
  16313: fffcff;
  16314: fefcff;
  16315: fffffb;
  16316: fdfcf7;
  16317: fffcf9;
  16318: fffbff;
  16319: fffbff;
  16320: fefdff;
  16321: feffff;
  16322: d0cfcd;
  16323: 10000;
  16324: 0;
  16325: 10000;
  16326: 30000;
  16327: 50004;
  16328: ffffff;
  16329: fcfffd;
  16330: f7fef7;
  16331: fcfffb;
  16332: fffffd;
  16333: fffbff;
  16334: fefdff;
  16335: 7;
  16336: 2;
  16337: 20202;
  16338: 0;
  16339: 30303;
  16340: cecece;
  16341: ffffff;
  16342: fdfdfd;
  16343: ffffff;
  16344: ffffff;
  16345: fefefe;
  16346: 959595;
  16347: 0;
  16348: 0;
  16349: 10101;
  16350: 30303;
  16351: 0;
  16352: 0;
  16353: fdfdfd;
  16354: ffffff;
  16355: ffffff;
  16356: fdfdfd;
  16357: f0f0f0;
  16358: 40404;
  16359: 0;
  16360: 0;
  16361: 0;
  16362: 0;
  16363: 20202;
  16364: fdfdfd;
  16365: ffffff;
  16366: ffffff;
  16367: ffffff;
  16368: ffffff;
  16369: ffffff;
  16370: ffffff;
  16371: fdfdfd;
  16372: ffffff;
  16373: ffffff;
  16374: fefefe;
  16375: ffffff;
  16376: ffffff;
  16377: ffffff;
  16378: ffffff;
  16379: ffffff;
  16380: ffffff;
  16381: ffffff;
  16382: ffffff;
  16383: ffffff;
  16384: ffffff;
  16385: ffffff;
  16386: ffffff;
  16387: ffffff;
  16388: ffffff;
  16389: ffffff;
  16390: ffffff;
  16391: ffffff;
  16392: ffffff;
  16393: ffffff;
  16394: ffffff;
  16395: ffffff;
  16396: ffffff;
  16397: ffffff;
  16398: ffffff;
  16399: ffffff;
  16400: ffffff;
  16401: ffffff;
  16402: ffffff;
  16403: ffffff;
  16404: ffffff;
  16405: ffffff;
  16406: ffffff;
  16407: ffffff;
  16408: ffffff;
  16409: ffffff;
  16410: ffffff;
  16411: ffffff;
  16412: ffffff;
  16413: ffffff;
  16414: ffffff;
  16415: ffffff;
  16416: fffffd;
  16417: fffeff;
  16418: ffffff;
  16419: ffffff;
  16420: ffffff;
  16421: ffffff;
  16422: feffff;
  16423: feffff;
  16424: fffeff;
  16425: fffeff;
  16426: fffeff;
  16427: fffffd;
  16428: fffffd;
  16429: fffffd;
  16430: ffffff;
  16431: fffeff;
  16432: fffeff;
  16433: fffeff;
  16434: ffffff;
  16435: ffffff;
  16436: fffeff;
  16437: fffffd;
  16438: ffffff;
  16439: ffffff;
  16440: fffeff;
  16441: fffeff;
  16442: ffffff;
  16443: fffffd;
  16444: fffffd;
  16445: fffffd;
  16446: fffeff;
  16447: fffeff;
  16448: ffffff;
  16449: ffffff;
  16450: d1d1d1;
  16451: 0;
  16452: 0;
  16453: 20202;
  16454: 10000;
  16455: 10000;
  16456: ffffff;
  16457: feffff;
  16458: fefffd;
  16459: fcfefb;
  16460: ffffff;
  16461: fffdfe;
  16462: fefeff;
  16463: 10103;
  16464: 10101;
  16465: 0;
  16466: 10101;
  16467: 0;
  16468: cecece;
  16469: ffffff;
  16470: fdfdfd;
  16471: ffffff;
  16472: ffffff;
  16473: ffffff;
  16474: 949494;
  16475: 0;
  16476: 0;
  16477: 10101;
  16478: 0;
  16479: 10101;
  16480: 0;
  16481: ffffff;
  16482: ffffff;
  16483: ffffff;
  16484: ffffff;
  16485: efefef;
  16486: 0;
  16487: 0;
  16488: 0;
  16489: 0;
  16490: 0;
  16491: 10101;
  16492: fefefe;
  16493: ffffff;
  16494: ffffff;
  16495: ffffff;
  16496: ffffff;
  16497: ffffff;
  16498: ffffff;
  16499: ffffff;
  16500: ffffff;
  16501: ffffff;
  16502: ffffff;
  16503: ffffff;
  16504: ffffff;
  16505: ffffff;
  16506: ffffff;
  16507: ffffff;
  16508: ffffff;
  16509: ffffff;
  16510: ffffff;
  16511: ffffff;
  16512: ffffff;
  16513: ffffff;
  16514: ffffff;
  16515: ffffff;
  16516: ffffff;
  16517: ffffff;
  16518: ffffff;
  16519: ffffff;
  16520: ffffff;
  16521: ffffff;
  16522: ffffff;
  16523: ffffff;
  16524: ffffff;
  16525: ffffff;
  16526: ffffff;
  16527: ffffff;
  16528: ffffff;
  16529: ffffff;
  16530: ffffff;
  16531: ffffff;
  16532: ffffff;
  16533: ffffff;
  16534: ffffff;
  16535: ffffff;
  16536: ffffff;
  16537: ffffff;
  16538: ffffff;
  16539: ffffff;
  16540: ffffff;
  16541: ffffff;
  16542: ffffff;
  16543: ffffff;
  16544: ffffff;
  16545: ffffff;
  16546: ffffff;
  16547: ffffff;
  16548: ffffff;
  16549: ffffff;
  16550: ffffff;
  16551: ffffff;
  16552: ffffff;
  16553: ffffff;
  16554: ffffff;
  16555: ffffff;
  16556: ffffff;
  16557: ffffff;
  16558: ffffff;
  16559: ffffff;
  16560: ffffff;
  16561: ffffff;
  16562: ffffff;
  16563: ffffff;
  16564: ffffff;
  16565: ffffff;
  16566: ffffff;
  16567: ffffff;
  16568: ffffff;
  16569: ffffff;
  16570: ffffff;
  16571: ffffff;
  16572: ffffff;
  16573: ffffff;
  16574: ffffff;
  16575: ffffff;
  16576: fcfcfc;
  16577: ffffff;
  16578: f5f5f5;
  16579: 0;
  16580: 30303;
  16581: 0;
  16582: 20202;
  16583: 10101;
  16584: 7e7e7e;
  16585: f9f9f9;
  16586: ffffff;
  16587: fdfdfd;
  16588: ffffff;
  16589: ffffff;
  16590: c2c2c2;
  16591: 20202;
  16592: 0;
  16593: 20202;
  16594: 0;
  16595: 30303;
  16596: fbfbfb;
  16597: fdfdfd;
  16598: ffffff;
  16599: fefefe;
  16600: ffffff;
  16601: ffffff;
  16602: 949494;
  16603: 0;
  16604: 0;
  16605: 10101;
  16606: 0;
  16607: 10101;
  16608: 0;
  16609: ffffff;
  16610: ffffff;
  16611: ffffff;
  16612: ffffff;
  16613: efefef;
  16614: 0;
  16615: 0;
  16616: 0;
  16617: 0;
  16618: 0;
  16619: 10101;
  16620: fefefe;
  16621: ffffff;
  16622: ffffff;
  16623: ffffff;
  16624: ffffff;
  16625: ffffff;
  16626: ffffff;
  16627: ffffff;
  16628: ffffff;
  16629: ffffff;
  16630: ffffff;
  16631: ffffff;
  16632: ffffff;
  16633: ffffff;
  16634: ffffff;
  16635: ffffff;
  16636: ffffff;
  16637: ffffff;
  16638: ffffff;
  16639: ffffff;
  16640: ffffff;
  16641: ffffff;
  16642: ffffff;
  16643: ffffff;
  16644: ffffff;
  16645: ffffff;
  16646: ffffff;
  16647: ffffff;
  16648: ffffff;
  16649: ffffff;
  16650: ffffff;
  16651: ffffff;
  16652: ffffff;
  16653: ffffff;
  16654: ffffff;
  16655: ffffff;
  16656: ffffff;
  16657: ffffff;
  16658: ffffff;
  16659: ffffff;
  16660: ffffff;
  16661: ffffff;
  16662: ffffff;
  16663: ffffff;
  16664: ffffff;
  16665: ffffff;
  16666: ffffff;
  16667: ffffff;
  16668: ffffff;
  16669: ffffff;
  16670: ffffff;
  16671: ffffff;
  16672: ffffff;
  16673: ffffff;
  16674: ffffff;
  16675: ffffff;
  16676: ffffff;
  16677: ffffff;
  16678: ffffff;
  16679: ffffff;
  16680: ffffff;
  16681: ffffff;
  16682: ffffff;
  16683: ffffff;
  16684: ffffff;
  16685: ffffff;
  16686: ffffff;
  16687: ffffff;
  16688: ffffff;
  16689: ffffff;
  16690: ffffff;
  16691: ffffff;
  16692: ffffff;
  16693: ffffff;
  16694: ffffff;
  16695: ffffff;
  16696: ffffff;
  16697: ffffff;
  16698: ffffff;
  16699: ffffff;
  16700: ffffff;
  16701: ffffff;
  16702: ffffff;
  16703: ffffff;
  16704: ffffff;
  16705: ffffff;
  16706: fdfdfd;
  16707: 20202;
  16708: 0;
  16709: 40404;
  16710: 0;
  16711: 0;
  16712: 0;
  16713: f6f6f6;
  16714: fefefe;
  16715: ffffff;
  16716: ffffff;
  16717: 999999;
  16718: 0;
  16719: 0;
  16720: 40404;
  16721: 0;
  16722: 0;
  16723: 0;
  16724: fefefe;
  16725: fbfbfb;
  16726: ffffff;
  16727: fdfdfd;
  16728: ffffff;
  16729: ffffff;
  16730: 949494;
  16731: 0;
  16732: 0;
  16733: 10101;
  16734: 0;
  16735: 10101;
  16736: 0;
  16737: ffffff;
  16738: ffffff;
  16739: ffffff;
  16740: ffffff;
  16741: efefef;
  16742: 0;
  16743: 0;
  16744: 0;
  16745: 0;
  16746: 0;
  16747: 10101;
  16748: fefefe;
  16749: ffffff;
  16750: ffffff;
  16751: ffffff;
  16752: ffffff;
  16753: ffffff;
  16754: ffffff;
  16755: ffffff;
  16756: ffffff;
  16757: ffffff;
  16758: ffffff;
  16759: ffffff;
  16760: ffffff;
  16761: ffffff;
  16762: ffffff;
  16763: ffffff;
  16764: ffffff;
  16765: ffffff;
  16766: ffffff;
  16767: ffffff;
  16768: ffffff;
  16769: ffffff;
  16770: ffffff;
  16771: ffffff;
  16772: ffffff;
  16773: ffffff;
  16774: ffffff;
  16775: ffffff;
  16776: ffffff;
  16777: ffffff;
  16778: ffffff;
  16779: ffffff;
  16780: ffffff;
  16781: ffffff;
  16782: ffffff;
  16783: ffffff;
  16784: ffffff;
  16785: ffffff;
  16786: ffffff;
  16787: ffffff;
  16788: ffffff;
  16789: ffffff;
  16790: ffffff;
  16791: ffffff;
  16792: ffffff;
  16793: ffffff;
  16794: ffffff;
  16795: ffffff;
  16796: ffffff;
  16797: ffffff;
  16798: ffffff;
  16799: ffffff;
  16800: ffffff;
  16801: ffffff;
  16802: ffffff;
  16803: ffffff;
  16804: ffffff;
  16805: ffffff;
  16806: ffffff;
  16807: ffffff;
  16808: ffffff;
  16809: ffffff;
  16810: ffffff;
  16811: ffffff;
  16812: ffffff;
  16813: ffffff;
  16814: ffffff;
  16815: ffffff;
  16816: ffffff;
  16817: ffffff;
  16818: ffffff;
  16819: ffffff;
  16820: ffffff;
  16821: ffffff;
  16822: ffffff;
  16823: ffffff;
  16824: ffffff;
  16825: ffffff;
  16826: ffffff;
  16827: ffffff;
  16828: ffffff;
  16829: ffffff;
  16830: ffffff;
  16831: ffffff;
  16832: fefefe;
  16833: fafafa;
  16834: ffffff;
  16835: 10101;
  16836: 10101;
  16837: 0;
  16838: 30303;
  16839: 10101;
  16840: 0;
  16841: 30303;
  16842: 565656;
  16843: 919191;
  16844: 717171;
  16845: 40404;
  16846: 0;
  16847: 20202;
  16848: 0;
  16849: 50505;
  16850: 50505;
  16851: 20202;
  16852: ffffff;
  16853: ffffff;
  16854: fafafa;
  16855: ffffff;
  16856: ffffff;
  16857: ffffff;
  16858: 949494;
  16859: 0;
  16860: 0;
  16861: 10101;
  16862: 0;
  16863: 10101;
  16864: 0;
  16865: ffffff;
  16866: ffffff;
  16867: ffffff;
  16868: ffffff;
  16869: efefef;
  16870: 0;
  16871: 0;
  16872: 0;
  16873: 0;
  16874: 0;
  16875: 10101;
  16876: fefefe;
  16877: ffffff;
  16878: ffffff;
  16879: ffffff;
  16880: ffffff;
  16881: ffffff;
  16882: ffffff;
  16883: ffffff;
  16884: ffffff;
  16885: ffffff;
  16886: ffffff;
  16887: ffffff;
  16888: ffffff;
  16889: ffffff;
  16890: ffffff;
  16891: ffffff;
  16892: ffffff;
  16893: ffffff;
  16894: ffffff;
  16895: ffffff;
  16896: ffffff;
  16897: ffffff;
  16898: ffffff;
  16899: ffffff;
  16900: ffffff;
  16901: ffffff;
  16902: ffffff;
  16903: ffffff;
  16904: ffffff;
  16905: ffffff;
  16906: ffffff;
  16907: ffffff;
  16908: ffffff;
  16909: ffffff;
  16910: ffffff;
  16911: ffffff;
  16912: ffffff;
  16913: ffffff;
  16914: ffffff;
  16915: ffffff;
  16916: ffffff;
  16917: ffffff;
  16918: ffffff;
  16919: ffffff;
  16920: ffffff;
  16921: ffffff;
  16922: ffffff;
  16923: ffffff;
  16924: ffffff;
  16925: ffffff;
  16926: ffffff;
  16927: ffffff;
  16928: ffffff;
  16929: ffffff;
  16930: ffffff;
  16931: ffffff;
  16932: ffffff;
  16933: ffffff;
  16934: ffffff;
  16935: ffffff;
  16936: ffffff;
  16937: ffffff;
  16938: ffffff;
  16939: ffffff;
  16940: ffffff;
  16941: ffffff;
  16942: ffffff;
  16943: ffffff;
  16944: ffffff;
  16945: ffffff;
  16946: ffffff;
  16947: ffffff;
  16948: ffffff;
  16949: ffffff;
  16950: ffffff;
  16951: ffffff;
  16952: ffffff;
  16953: ffffff;
  16954: ffffff;
  16955: ffffff;
  16956: ffffff;
  16957: ffffff;
  16958: ffffff;
  16959: ffffff;
  16960: ffffff;
  16961: ffffff;
  16962: fefefe;
  16963: dadada;
  16964: 10101;
  16965: 0;
  16966: 10101;
  16967: 0;
  16968: 30303;
  16969: 0;
  16970: 50505;
  16971: 0;
  16972: 10101;
  16973: 0;
  16974: 20202;
  16975: 0;
  16976: 0;
  16977: 0;
  16978: 0;
  16979: cdcdcd;
  16980: ffffff;
  16981: fefefe;
  16982: ffffff;
  16983: fefefe;
  16984: ffffff;
  16985: ffffff;
  16986: 949494;
  16987: 0;
  16988: 0;
  16989: 10101;
  16990: 0;
  16991: 10101;
  16992: 0;
  16993: ffffff;
  16994: ffffff;
  16995: ffffff;
  16996: ffffff;
  16997: efefef;
  16998: 0;
  16999: 0;
  17000: 0;
  17001: 0;
  17002: 0;
  17003: 10101;
  17004: fefefe;
  17005: ffffff;
  17006: ffffff;
  17007: ffffff;
  17008: ffffff;
  17009: ffffff;
  17010: ffffff;
  17011: ffffff;
  17012: ffffff;
  17013: ffffff;
  17014: ffffff;
  17015: ffffff;
  17016: ffffff;
  17017: ffffff;
  17018: ffffff;
  17019: ffffff;
  17020: ffffff;
  17021: ffffff;
  17022: ffffff;
  17023: ffffff;
  17024: ffffff;
  17025: ffffff;
  17026: ffffff;
  17027: ffffff;
  17028: ffffff;
  17029: ffffff;
  17030: ffffff;
  17031: ffffff;
  17032: ffffff;
  17033: ffffff;
  17034: ffffff;
  17035: ffffff;
  17036: ffffff;
  17037: ffffff;
  17038: ffffff;
  17039: ffffff;
  17040: ffffff;
  17041: ffffff;
  17042: ffffff;
  17043: ffffff;
  17044: ffffff;
  17045: ffffff;
  17046: ffffff;
  17047: ffffff;
  17048: ffffff;
  17049: ffffff;
  17050: ffffff;
  17051: ffffff;
  17052: ffffff;
  17053: ffffff;
  17054: ffffff;
  17055: ffffff;
  17056: ffffff;
  17057: ffffff;
  17058: ffffff;
  17059: ffffff;
  17060: ffffff;
  17061: ffffff;
  17062: ffffff;
  17063: ffffff;
  17064: ffffff;
  17065: ffffff;
  17066: ffffff;
  17067: ffffff;
  17068: ffffff;
  17069: ffffff;
  17070: ffffff;
  17071: ffffff;
  17072: ffffff;
  17073: ffffff;
  17074: ffffff;
  17075: ffffff;
  17076: ffffff;
  17077: ffffff;
  17078: ffffff;
  17079: ffffff;
  17080: ffffff;
  17081: ffffff;
  17082: ffffff;
  17083: ffffff;
  17084: ffffff;
  17085: ffffff;
  17086: ffffff;
  17087: ffffff;
  17088: fefefe;
  17089: ffffff;
  17090: ffffff;
  17091: fefefe;
  17092: 20202;
  17093: 0;
  17094: 0;
  17095: 20202;
  17096: 0;
  17097: 0;
  17098: 0;
  17099: 0;
  17100: 0;
  17101: 50505;
  17102: 0;
  17103: 0;
  17104: 40404;
  17105: 0;
  17106: 939393;
  17107: ffffff;
  17108: ffffff;
  17109: ffffff;
  17110: fdfdfd;
  17111: fefefe;
  17112: ffffff;
  17113: ffffff;
  17114: 949494;
  17115: 0;
  17116: 0;
  17117: 10101;
  17118: 0;
  17119: 10101;
  17120: 0;
  17121: ffffff;
  17122: ffffff;
  17123: ffffff;
  17124: ffffff;
  17125: efefef;
  17126: 0;
  17127: 0;
  17128: 0;
  17129: 0;
  17130: 0;
  17131: 10101;
  17132: fefefe;
  17133: ffffff;
  17134: ffffff;
  17135: ffffff;
  17136: ffffff;
  17137: ffffff;
  17138: ffffff;
  17139: ffffff;
  17140: ffffff;
  17141: ffffff;
  17142: ffffff;
  17143: ffffff;
  17144: ffffff;
  17145: ffffff;
  17146: ffffff;
  17147: ffffff;
  17148: ffffff;
  17149: ffffff;
  17150: ffffff;
  17151: ffffff;
  17152: ffffff;
  17153: ffffff;
  17154: ffffff;
  17155: ffffff;
  17156: ffffff;
  17157: ffffff;
  17158: ffffff;
  17159: ffffff;
  17160: ffffff;
  17161: ffffff;
  17162: ffffff;
  17163: ffffff;
  17164: ffffff;
  17165: ffffff;
  17166: ffffff;
  17167: ffffff;
  17168: ffffff;
  17169: ffffff;
  17170: ffffff;
  17171: ffffff;
  17172: ffffff;
  17173: ffffff;
  17174: ffffff;
  17175: ffffff;
  17176: ffffff;
  17177: ffffff;
  17178: ffffff;
  17179: ffffff;
  17180: ffffff;
  17181: ffffff;
  17182: ffffff;
  17183: ffffff;
  17184: ffffff;
  17185: ffffff;
  17186: ffffff;
  17187: ffffff;
  17188: ffffff;
  17189: ffffff;
  17190: ffffff;
  17191: ffffff;
  17192: ffffff;
  17193: ffffff;
  17194: ffffff;
  17195: ffffff;
  17196: ffffff;
  17197: ffffff;
  17198: ffffff;
  17199: ffffff;
  17200: ffffff;
  17201: ffffff;
  17202: ffffff;
  17203: ffffff;
  17204: ffffff;
  17205: ffffff;
  17206: ffffff;
  17207: ffffff;
  17208: ffffff;
  17209: ffffff;
  17210: ffffff;
  17211: ffffff;
  17212: ffffff;
  17213: ffffff;
  17214: ffffff;
  17215: ffffff;
  17216: ffffff;
  17217: fcfcfc;
  17218: ffffff;
  17219: fefefe;
  17220: fcfcfc;
  17221: 333333;
  17222: 10101;
  17223: 0;
  17224: 10101;
  17225: 0;
  17226: 30303;
  17227: 10101;
  17228: 0;
  17229: 0;
  17230: 20202;
  17231: 40404;
  17232: 0;
  17233: d2d2d2;
  17234: ffffff;
  17235: fefefe;
  17236: fbfbfb;
  17237: ffffff;
  17238: fefefe;
  17239: ffffff;
  17240: ffffff;
  17241: ffffff;
  17242: 949494;
  17243: 0;
  17244: 0;
  17245: 10101;
  17246: 0;
  17247: 10101;
  17248: 0;
  17249: ffffff;
  17250: ffffff;
  17251: ffffff;
  17252: ffffff;
  17253: efefef;
  17254: 0;
  17255: 0;
  17256: 0;
  17257: 0;
  17258: 0;
  17259: 10101;
  17260: fefefe;
  17261: ffffff;
  17262: ffffff;
  17263: ffffff;
  17264: ffffff;
  17265: ffffff;
  17266: ffffff;
  17267: ffffff;
  17268: ffffff;
  17269: ffffff;
  17270: ffffff;
  17271: ffffff;
  17272: ffffff;
  17273: ffffff;
  17274: ffffff;
  17275: ffffff;
  17276: ffffff;
  17277: ffffff;
  17278: ffffff;
  17279: ffffff;
  17280: ffffff;
  17281: ffffff;
  17282: ffffff;
  17283: ffffff;
  17284: ffffff;
  17285: ffffff;
  17286: ffffff;
  17287: ffffff;
  17288: ffffff;
  17289: ffffff;
  17290: ffffff;
  17291: ffffff;
  17292: ffffff;
  17293: ffffff;
  17294: ffffff;
  17295: ffffff;
  17296: ffffff;
  17297: ffffff;
  17298: ffffff;
  17299: ffffff;
  17300: ffffff;
  17301: ffffff;
  17302: ffffff;
  17303: ffffff;
  17304: ffffff;
  17305: ffffff;
  17306: ffffff;
  17307: ffffff;
  17308: ffffff;
  17309: ffffff;
  17310: ffffff;
  17311: ffffff;
  17312: ffffff;
  17313: ffffff;
  17314: ffffff;
  17315: ffffff;
  17316: ffffff;
  17317: ffffff;
  17318: ffffff;
  17319: ffffff;
  17320: ffffff;
  17321: ffffff;
  17322: ffffff;
  17323: ffffff;
  17324: ffffff;
  17325: ffffff;
  17326: ffffff;
  17327: ffffff;
  17328: ffffff;
  17329: ffffff;
  17330: ffffff;
  17331: ffffff;
  17332: ffffff;
  17333: ffffff;
  17334: ffffff;
  17335: ffffff;
  17336: ffffff;
  17337: ffffff;
  17338: ffffff;
  17339: ffffff;
  17340: ffffff;
  17341: ffffff;
  17342: ffffff;
  17343: ffffff;
  17344: ffffff;
  17345: fdfdfd;
  17346: fdfdfd;
  17347: ffffff;
  17348: f9f9f9;
  17349: 0;
  17350: 10101;
  17351: 10101;
  17352: 0;
  17353: 20202;
  17354: 0;
  17355: 0;
  17356: 20202;
  17357: 0;
  17358: 0;
  17359: 0;
  17360: b2b2b2;
  17361: fdfdfd;
  17362: fefefe;
  17363: ffffff;
  17364: ffffff;
  17365: fbfbfb;
  17366: ffffff;
  17367: fefefe;
  17368: ffffff;
  17369: ffffff;
  17370: 949494;
  17371: 0;
  17372: 0;
  17373: 10101;
  17374: 0;
  17375: 10101;
  17376: 0;
  17377: ffffff;
  17378: ffffff;
  17379: ffffff;
  17380: ffffff;
  17381: efefef;
  17382: 0;
  17383: 0;
  17384: 0;
  17385: 0;
  17386: 0;
  17387: 10101;
  17388: fefefe;
  17389: ffffff;
  17390: ffffff;
  17391: ffffff;
  17392: ffffff;
  17393: ffffff;
  17394: ffffff;
  17395: ffffff;
  17396: ffffff;
  17397: ffffff;
  17398: ffffff;
  17399: ffffff;
  17400: ffffff;
  17401: ffffff;
  17402: ffffff;
  17403: ffffff;
  17404: ffffff;
  17405: ffffff;
  17406: ffffff;
  17407: ffffff;
  17408: ffffff;
  17409: ffffff;
  17410: ffffff;
  17411: ffffff;
  17412: ffffff;
  17413: ffffff;
  17414: ffffff;
  17415: ffffff;
  17416: ffffff;
  17417: ffffff;
  17418: ffffff;
  17419: ffffff;
  17420: ffffff;
  17421: ffffff;
  17422: ffffff;
  17423: ffffff;
  17424: ffffff;
  17425: ffffff;
  17426: ffffff;
  17427: ffffff;
  17428: ffffff;
  17429: ffffff;
  17430: ffffff;
  17431: ffffff;
  17432: ffffff;
  17433: ffffff;
  17434: ffffff;
  17435: ffffff;
  17436: ffffff;
  17437: ffffff;
  17438: ffffff;
  17439: ffffff;
  17440: ffffff;
  17441: ffffff;
  17442: ffffff;
  17443: ffffff;
  17444: ffffff;
  17445: ffffff;
  17446: ffffff;
  17447: ffffff;
  17448: ffffff;
  17449: ffffff;
  17450: ffffff;
  17451: ffffff;
  17452: ffffff;
  17453: ffffff;
  17454: ffffff;
  17455: ffffff;
  17456: ffffff;
  17457: ffffff;
  17458: ffffff;
  17459: ffffff;
  17460: ffffff;
  17461: ffffff;
  17462: ffffff;
  17463: ffffff;
  17464: ffffff;
  17465: ffffff;
  17466: ffffff;
  17467: ffffff;
  17468: ffffff;
  17469: ffffff;
  17470: ffffff;
  17471: ffffff;
  17472: ffffff;
  17473: fdfdfd;
  17474: fefefe;
  17475: ffffff;
  17476: 494949;
  17477: 0;
  17478: 0;
  17479: 30303;
  17480: 10101;
  17481: 848484;
  17482: 676767;
  17483: 353535;
  17484: 373737;
  17485: 575757;
  17486: 808080;
  17487: dbdbdb;
  17488: fdfdfd;
  17489: fefefe;
  17490: ffffff;
  17491: ffffff;
  17492: ffffff;
  17493: ffffff;
  17494: ffffff;
  17495: fdfdfd;
  17496: fefefe;
  17497: ffffff;
  17498: 979797;
  17499: 0;
  17500: 0;
  17501: 10101;
  17502: 20202;
  17503: 0;
  17504: 10101;
  17505: fcfcfc;
  17506: ffffff;
  17507: ffffff;
  17508: fefefe;
  17509: f0f0f0;
  17510: 40404;
  17511: 0;
  17512: 0;
  17513: 20202;
  17514: 0;
  17515: 10101;
  17516: ffffff;
  17517: fdfdfd;
  17518: ffffff;
  17519: ffffff;
  17520: fdfdfd;
  17521: ffffff;
  17522: fdfdfd;
  17523: ffffff;
  17524: fcfcfc;
  17525: ffffff;
  17526: ffffff;
  17527: fefefe;
  17528: ffffff;
  17529: ffffff;
  17530: ffffff;
  17531: ffffff;
  17532: ffffff;
  17533: ffffff;
  17534: ffffff;
  17535: ffffff;
  17536: ffffff;
  17537: ffffff;
  17538: ffffff;
  17539: ffffff;
  17540: ffffff;
  17541: ffffff;
  17542: ffffff;
  17543: ffffff;
  17544: ffffff;
  17545: ffffff;
  17546: ffffff;
  17547: ffffff;
  17548: ffffff;
  17549: ffffff;
  17550: ffffff;
  17551: ffffff;
  17552: ffffff;
  17553: ffffff;
  17554: ffffff;
  17555: ffffff;
  17556: ffffff;
  17557: ffffff;
  17558: ffffff;
  17559: ffffff;
  17560: ffffff;
  17561: ffffff;
  17562: ffffff;
  17563: ffffff;
  17564: ffffff;
  17565: ffffff;
  17566: ffffff;
  17567: ffffff;
  17568: ffffff;
  17569: ffffff;
  17570: ffffff;
  17571: ffffff;
  17572: ffffff;
  17573: ffffff;
  17574: ffffff;
  17575: ffffff;
  17576: ffffff;
  17577: ffffff;
  17578: ffffff;
  17579: ffffff;
  17580: ffffff;
  17581: ffffff;
  17582: ffffff;
  17583: ffffff;
  17584: ffffff;
  17585: ffffff;
  17586: ffffff;
  17587: ffffff;
  17588: ffffff;
  17589: ffffff;
  17590: ffffff;
  17591: ffffff;
  17592: ffffff;
  17593: ffffff;
  17594: ffffff;
  17595: ffffff;
  17596: ffffff;
  17597: ffffff;
  17598: ffffff;
  17599: ffffff;
  17600: fbfbfb;
  17601: ffffff;
  17602: ffffff;
  17603: 4c4c4c;
  17604: 0;
  17605: 20202;
  17606: 20202;
  17607: 0;
  17608: f9f9f9;
  17609: fefefe;
  17610: fcfcfc;
  17611: ffffff;
  17612: ffffff;
  17613: ffffff;
  17614: ffffff;
  17615: ffffff;
  17616: ffffff;
  17617: ffffff;
  17618: ffffff;
  17619: fbfbfb;
  17620: ffffff;
  17621: ffffff;
  17622: fdfdfd;
  17623: fcfcfc;
  17624: ffffff;
  17625: fbfbfb;
  17626: 939393;
  17627: 0;
  17628: 40404;
  17629: 0;
  17630: 0;
  17631: 0;
  17632: 20202;
  17633: fefefe;
  17634: ffffff;
  17635: ffffff;
  17636: ffffff;
  17637: f7f7f7;
  17638: 0;
  17639: 30303;
  17640: 0;
  17641: 0;
  17642: 0;
  17643: 0;
  17644: 0;
  17645: c5c5c5;
  17646: dedede;
  17647: c2c2c2;
  17648: 676767;
  17649: 3f3f3f;
  17650: fefefe;
  17651: ffffff;
  17652: ffffff;
  17653: f7f7f7;
  17654: ffffff;
  17655: fcfcfc;
  17656: ffffff;
  17657: ffffff;
  17658: ffffff;
  17659: ffffff;
  17660: ffffff;
  17661: ffffff;
  17662: ffffff;
  17663: ffffff;
  17664: ffffff;
  17665: ffffff;
  17666: ffffff;
  17667: ffffff;
  17668: ffffff;
  17669: ffffff;
  17670: ffffff;
  17671: ffffff;
  17672: ffffff;
  17673: ffffff;
  17674: ffffff;
  17675: ffffff;
  17676: ffffff;
  17677: ffffff;
  17678: ffffff;
  17679: ffffff;
  17680: ffffff;
  17681: ffffff;
  17682: ffffff;
  17683: ffffff;
  17684: ffffff;
  17685: ffffff;
  17686: ffffff;
  17687: ffffff;
  17688: ffffff;
  17689: ffffff;
  17690: ffffff;
  17691: ffffff;
  17692: ffffff;
  17693: ffffff;
  17694: ffffff;
  17695: ffffff;
  17696: ffffff;
  17697: ffffff;
  17698: ffffff;
  17699: ffffff;
  17700: ffffff;
  17701: ffffff;
  17702: ffffff;
  17703: ffffff;
  17704: ffffff;
  17705: ffffff;
  17706: ffffff;
  17707: ffffff;
  17708: ffffff;
  17709: ffffff;
  17710: ffffff;
  17711: ffffff;
  17712: ffffff;
  17713: ffffff;
  17714: ffffff;
  17715: ffffff;
  17716: ffffff;
  17717: ffffff;
  17718: ffffff;
  17719: ffffff;
  17720: ffffff;
  17721: ffffff;
  17722: ffffff;
  17723: ffffff;
  17724: ffffff;
  17725: ffffff;
  17726: ffffff;
  17727: ffffff;
  17728: fdfdfd;
  17729: ffffff;
  17730: fefefe;
  17731: 10101;
  17732: 10101;
  17733: 0;
  17734: 0;
  17735: 30303;
  17736: dddddd;
  17737: dcdcdc;
  17738: f3f3f3;
  17739: f9f9f9;
  17740: fcfcfc;
  17741: ffffff;
  17742: ffffff;
  17743: fdfdfd;
  17744: ffffff;
  17745: fbfbfb;
  17746: ffffff;
  17747: ffffff;
  17748: fdfdfd;
  17749: ffffff;
  17750: ffffff;
  17751: ffffff;
  17752: fdfdfd;
  17753: ffffff;
  17754: 979797;
  17755: 30303;
  17756: 0;
  17757: 0;
  17758: 0;
  17759: 0;
  17760: 0;
  17761: ffffff;
  17762: fefefe;
  17763: ffffff;
  17764: ffffff;
  17765: ffffff;
  17766: 10101;
  17767: 0;
  17768: 20202;
  17769: 10101;
  17770: 30303;
  17771: 20202;
  17772: 30303;
  17773: 0;
  17774: 0;
  17775: 30303;
  17776: 10101;
  17777: 0;
  17778: ffffff;
  17779: ffffff;
  17780: fdfdfd;
  17781: ffffff;
  17782: fcfcfc;
  17783: ffffff;
  17784: ffffff;
  17785: ffffff;
  17786: ffffff;
  17787: ffffff;
  17788: ffffff;
  17789: ffffff;
  17790: ffffff;
  17791: ffffff;
  17792: ffffff;
  17793: ffffff;
  17794: ffffff;
  17795: ffffff;
  17796: ffffff;
  17797: ffffff;
  17798: ffffff;
  17799: ffffff;
  17800: ffffff;
  17801: ffffff;
  17802: ffffff;
  17803: ffffff;
  17804: ffffff;
  17805: ffffff;
  17806: ffffff;
  17807: ffffff;
  17808: ffffff;
  17809: ffffff;
  17810: ffffff;
  17811: ffffff;
  17812: ffffff;
  17813: ffffff;
  17814: ffffff;
  17815: ffffff;
  17816: ffffff;
  17817: ffffff;
  17818: ffffff;
  17819: ffffff;
  17820: ffffff;
  17821: ffffff;
  17822: ffffff;
  17823: ffffff;
  17824: ffffff;
  17825: ffffff;
  17826: ffffff;
  17827: ffffff;
  17828: ffffff;
  17829: ffffff;
  17830: ffffff;
  17831: ffffff;
  17832: ffffff;
  17833: ffffff;
  17834: ffffff;
  17835: ffffff;
  17836: ffffff;
  17837: ffffff;
  17838: ffffff;
  17839: ffffff;
  17840: ffffff;
  17841: ffffff;
  17842: ffffff;
  17843: ffffff;
  17844: ffffff;
  17845: ffffff;
  17846: ffffff;
  17847: ffffff;
  17848: ffffff;
  17849: ffffff;
  17850: ffffff;
  17851: ffffff;
  17852: ffffff;
  17853: ffffff;
  17854: ffffff;
  17855: ffffff;
  17856: ffffff;
  17857: fdfdfd;
  17858: 878787;
  17859: 0;
  17860: 0;
  17861: 10101;
  17862: 10101;
  17863: 0;
  17864: 0;
  17865: 0;
  17866: 10101;
  17867: 0;
  17868: 0;
  17869: 50505;
  17870: 0;
  17871: 10101;
  17872: 0;
  17873: 232323;
  17874: b4b4b4;
  17875: f7f7f7;
  17876: ffffff;
  17877: ffffff;
  17878: fefefe;
  17879: fdfdfd;
  17880: 10101;
  17881: 0;
  17882: 0;
  17883: 0;
  17884: 30303;
  17885: 0;
  17886: 10101;
  17887: 0;
  17888: 10101;
  17889: 0;
  17890: 0;
  17891: 969696;
  17892: fefefe;
  17893: ffffff;
  17894: 0;
  17895: 0;
  17896: 10101;
  17897: 0;
  17898: 0;
  17899: 0;
  17900: 0;
  17901: 0;
  17902: 0;
  17903: 10101;
  17904: 0;
  17905: 0;
  17906: ffffff;
  17907: ffffff;
  17908: ffffff;
  17909: ffffff;
  17910: ffffff;
  17911: fcfcfc;
  17912: ffffff;
  17913: ffffff;
  17914: ffffff;
  17915: ffffff;
  17916: ffffff;
  17917: ffffff;
  17918: ffffff;
  17919: ffffff;
  17920: ffffff;
  17921: ffffff;
  17922: ffffff;
  17923: ffffff;
  17924: ffffff;
  17925: ffffff;
  17926: ffffff;
  17927: ffffff;
  17928: ffffff;
  17929: ffffff;
  17930: ffffff;
  17931: ffffff;
  17932: ffffff;
  17933: ffffff;
  17934: ffffff;
  17935: ffffff;
  17936: ffffff;
  17937: ffffff;
  17938: ffffff;
  17939: ffffff;
  17940: ffffff;
  17941: ffffff;
  17942: ffffff;
  17943: ffffff;
  17944: ffffff;
  17945: ffffff;
  17946: ffffff;
  17947: ffffff;
  17948: ffffff;
  17949: ffffff;
  17950: ffffff;
  17951: ffffff;
  17952: ffffff;
  17953: ffffff;
  17954: ffffff;
  17955: ffffff;
  17956: ffffff;
  17957: ffffff;
  17958: ffffff;
  17959: ffffff;
  17960: ffffff;
  17961: ffffff;
  17962: ffffff;
  17963: ffffff;
  17964: ffffff;
  17965: ffffff;
  17966: ffffff;
  17967: ffffff;
  17968: ffffff;
  17969: ffffff;
  17970: ffffff;
  17971: ffffff;
  17972: ffffff;
  17973: ffffff;
  17974: ffffff;
  17975: ffffff;
  17976: ffffff;
  17977: ffffff;
  17978: ffffff;
  17979: ffffff;
  17980: ffffff;
  17981: ffffff;
  17982: ffffff;
  17983: ffffff;
  17984: fefefe;
  17985: fcfcfc;
  17986: 7e7e7e;
  17987: 20202;
  17988: 0;
  17989: 20202;
  17990: 0;
  17991: 10101;
  17992: 20202;
  17993: 30303;
  17994: 10101;
  17995: 30303;
  17996: 0;
  17997: 10101;
  17998: 0;
  17999: 40404;
  18000: 10101;
  18001: 10101;
  18002: 10101;
  18003: 131313;
  18004: fafafa;
  18005: ffffff;
  18006: ffffff;
  18007: fefefe;
  18008: 141414;
  18009: 40404;
  18010: 0;
  18011: 0;
  18012: 10101;
  18013: 10101;
  18014: 0;
  18015: 0;
  18016: 20202;
  18017: 0;
  18018: 30303;
  18019: 9f9f9f;
  18020: fefefe;
  18021: fefefe;
  18022: 686868;
  18023: 0;
  18024: 0;
  18025: 50505;
  18026: 10101;
  18027: 30303;
  18028: 30303;
  18029: 0;
  18030: 40404;
  18031: 0;
  18032: 20202;
  18033: 10101;
  18034: efefef;
  18035: fbfbfb;
  18036: ffffff;
  18037: fefefe;
  18038: fdfdfd;
  18039: ffffff;
  18040: ffffff;
  18041: ffffff;
  18042: ffffff;
  18043: ffffff;
  18044: ffffff;
  18045: ffffff;
  18046: ffffff;
  18047: ffffff;
  18048: ffffff;
  18049: ffffff;
  18050: ffffff;
  18051: ffffff;
  18052: ffffff;
  18053: ffffff;
  18054: ffffff;
  18055: ffffff;
  18056: ffffff;
  18057: ffffff;
  18058: ffffff;
  18059: ffffff;
  18060: ffffff;
  18061: ffffff;
  18062: ffffff;
  18063: ffffff;
  18064: ffffff;
  18065: ffffff;
  18066: ffffff;
  18067: ffffff;
  18068: ffffff;
  18069: ffffff;
  18070: ffffff;
  18071: ffffff;
  18072: ffffff;
  18073: ffffff;
  18074: ffffff;
  18075: ffffff;
  18076: ffffff;
  18077: ffffff;
  18078: ffffff;
  18079: ffffff;
  18080: ffffff;
  18081: ffffff;
  18082: ffffff;
  18083: ffffff;
  18084: ffffff;
  18085: ffffff;
  18086: ffffff;
  18087: ffffff;
  18088: ffffff;
  18089: ffffff;
  18090: ffffff;
  18091: ffffff;
  18092: ffffff;
  18093: ffffff;
  18094: ffffff;
  18095: ffffff;
  18096: ffffff;
  18097: ffffff;
  18098: ffffff;
  18099: ffffff;
  18100: ffffff;
  18101: ffffff;
  18102: ffffff;
  18103: ffffff;
  18104: ffffff;
  18105: ffffff;
  18106: ffffff;
  18107: ffffff;
  18108: ffffff;
  18109: ffffff;
  18110: ffffff;
  18111: ffffff;
  18112: ffffff;
  18113: ffffff;
  18114: 747474;
  18115: 10101;
  18116: 0;
  18117: 10101;
  18118: 0;
  18119: 0;
  18120: 0;
  18121: 40404;
  18122: 0;
  18123: 0;
  18124: 0;
  18125: 0;
  18126: 0;
  18127: 0;
  18128: 20202;
  18129: 0;
  18130: 30303;
  18131: 0;
  18132: 424242;
  18133: fdfdfd;
  18134: fefefe;
  18135: ffffff;
  18136: 141414;
  18137: 0;
  18138: 0;
  18139: 10101;
  18140: 0;
  18141: 0;
  18142: 40404;
  18143: 0;
  18144: 0;
  18145: 20202;
  18146: 0;
  18147: 999999;
  18148: fdfdfd;
  18149: ffffff;
  18150: f1f1f1;
  18151: 20202;
  18152: 50505;
  18153: 0;
  18154: 0;
  18155: 10101;
  18156: 0;
  18157: 50505;
  18158: 0;
  18159: 0;
  18160: 0;
  18161: 0;
  18162: dcdcdc;
  18163: ffffff;
  18164: ffffff;
  18165: fdfdfd;
  18166: ffffff;
  18167: ffffff;
  18168: ffffff;
  18169: ffffff;
  18170: ffffff;
  18171: ffffff;
  18172: ffffff;
  18173: ffffff;
  18174: ffffff;
  18175: ffffff;
  18176: ffffff;
  18177: ffffff;
  18178: ffffff;
  18179: ffffff;
  18180: ffffff;
  18181: ffffff;
  18182: ffffff;
  18183: ffffff;
  18184: ffffff;
  18185: ffffff;
  18186: ffffff;
  18187: ffffff;
  18188: ffffff;
  18189: ffffff;
  18190: ffffff;
  18191: ffffff;
  18192: ffffff;
  18193: ffffff;
  18194: ffffff;
  18195: ffffff;
  18196: ffffff;
  18197: ffffff;
  18198: ffffff;
  18199: ffffff;
  18200: ffffff;
  18201: ffffff;
  18202: ffffff;
  18203: ffffff;
  18204: ffffff;
  18205: ffffff;
  18206: ffffff;
  18207: ffffff;
  18208: ffffff;
  18209: ffffff;
  18210: ffffff;
  18211: ffffff;
  18212: ffffff;
  18213: ffffff;
  18214: ffffff;
  18215: ffffff;
  18216: ffffff;
  18217: ffffff;
  18218: ffffff;
  18219: ffffff;
  18220: ffffff;
  18221: ffffff;
  18222: ffffff;
  18223: ffffff;
  18224: ffffff;
  18225: ffffff;
  18226: ffffff;
  18227: ffffff;
  18228: ffffff;
  18229: ffffff;
  18230: ffffff;
  18231: ffffff;
  18232: ffffff;
  18233: ffffff;
  18234: ffffff;
  18235: ffffff;
  18236: ffffff;
  18237: ffffff;
  18238: ffffff;
  18239: ffffff;
  18240: ffffff;
  18241: fdfdfd;
  18242: f4f4f4;
  18243: 30303;
  18244: 0;
  18245: 10101;
  18246: 20202;
  18247: 0;
  18248: 20202;
  18249: 0;
  18250: 0;
  18251: 50505;
  18252: 30303;
  18253: 0;
  18254: 30303;
  18255: 0;
  18256: 0;
  18257: 20202;
  18258: 0;
  18259: 50505;
  18260: 0;
  18261: 848484;
  18262: ffffff;
  18263: fefefe;
  18264: 0;
  18265: 10101;
  18266: 0;
  18267: 0;
  18268: 20202;
  18269: 0;
  18270: 0;
  18271: 20202;
  18272: 20202;
  18273: 0;
  18274: 0;
  18275: a2a2a2;
  18276: ffffff;
  18277: ffffff;
  18278: fdfdfd;
  18279: fefefe;
  18280: 9a9a9a;
  18281: 0;
  18282: 10101;
  18283: 0;
  18284: 30303;
  18285: 0;
  18286: 0;
  18287: 191919;
  18288: a6a6a6;
  18289: fdfdfd;
  18290: ffffff;
  18291: fdfdfd;
  18292: ffffff;
  18293: fefefe;
  18294: ffffff;
  18295: fefefe;
  18296: ffffff;
  18297: ffffff;
  18298: ffffff;
  18299: ffffff;
  18300: ffffff;
  18301: ffffff;
  18302: ffffff;
  18303: ffffff;
  18304: ffffff;
  18305: ffffff;
  18306: ffffff;
  18307: ffffff;
  18308: ffffff;
  18309: ffffff;
  18310: ffffff;
  18311: ffffff;
  18312: ffffff;
  18313: ffffff;
  18314: ffffff;
  18315: ffffff;
  18316: ffffff;
  18317: ffffff;
  18318: ffffff;
  18319: ffffff;
  18320: ffffff;
  18321: ffffff;
  18322: ffffff;
  18323: ffffff;
  18324: ffffff;
  18325: ffffff;
  18326: ffffff;
  18327: ffffff;
  18328: ffffff;
  18329: ffffff;
  18330: ffffff;
  18331: ffffff;
  18332: ffffff;
  18333: ffffff;
  18334: ffffff;
  18335: ffffff;
  18336: ffffff;
  18337: ffffff;
  18338: ffffff;
  18339: ffffff;
  18340: ffffff;
  18341: ffffff;
  18342: ffffff;
  18343: ffffff;
  18344: ffffff;
  18345: ffffff;
  18346: ffffff;
  18347: ffffff;
  18348: ffffff;
  18349: ffffff;
  18350: ffffff;
  18351: ffffff;
  18352: ffffff;
  18353: ffffff;
  18354: ffffff;
  18355: ffffff;
  18356: ffffff;
  18357: ffffff;
  18358: ffffff;
  18359: ffffff;
  18360: ffffff;
  18361: ffffff;
  18362: ffffff;
  18363: ffffff;
  18364: ffffff;
  18365: ffffff;
  18366: ffffff;
  18367: ffffff;
  18368: fdfdfd;
  18369: ffffff;
  18370: ffffff;
  18371: 555555;
  18372: 30303;
  18373: 0;
  18374: 0;
  18375: 0;
  18376: 0;
  18377: 20202;
  18378: 20202;
  18379: 0;
  18380: 0;
  18381: 20202;
  18382: 0;
  18383: 20202;
  18384: 10101;
  18385: 0;
  18386: 0;
  18387: 0;
  18388: 0;
  18389: 272727;
  18390: fdfdfd;
  18391: ffffff;
  18392: 868686;
  18393: 868686;
  18394: 858585;
  18395: 888888;
  18396: 838383;
  18397: 868686;
  18398: 858585;
  18399: 848484;
  18400: 848484;
  18401: 878787;
  18402: 7f7f7f;
  18403: bfbfbf;
  18404: fefefe;
  18405: ffffff;
  18406: ffffff;
  18407: ffffff;
  18408: ffffff;
  18409: dbdbdb;
  18410: 959595;
  18411: 858585;
  18412: 848484;
  18413: 878787;
  18414: d7d7d7;
  18415: efefef;
  18416: ffffff;
  18417: ffffff;
  18418: ffffff;
  18419: fefefe;
  18420: ffffff;
  18421: fefefe;
  18422: ffffff;
  18423: ffffff;
  18424: ffffff;
  18425: ffffff;
  18426: ffffff;
  18427: ffffff;
  18428: ffffff;
  18429: ffffff;
  18430: ffffff;
  18431: ffffff;
  18432: ffffff;
  18433: ffffff;
  18434: ffffff;
  18435: ffffff;
  18436: ffffff;
  18437: ffffff;
  18438: ffffff;
  18439: ffffff;
  18440: ffffff;
  18441: ffffff;
  18442: ffffff;
  18443: ffffff;
  18444: ffffff;
  18445: ffffff;
  18446: ffffff;
  18447: ffffff;
  18448: ffffff;
  18449: ffffff;
  18450: ffffff;
  18451: ffffff;
  18452: ffffff;
  18453: ffffff;
  18454: ffffff;
  18455: ffffff;
  18456: ffffff;
  18457: ffffff;
  18458: ffffff;
  18459: ffffff;
  18460: ffffff;
  18461: ffffff;
  18462: ffffff;
  18463: ffffff;
  18464: ffffff;
  18465: ffffff;
  18466: ffffff;
  18467: ffffff;
  18468: ffffff;
  18469: ffffff;
  18470: ffffff;
  18471: ffffff;
  18472: ffffff;
  18473: ffffff;
  18474: ffffff;
  18475: ffffff;
  18476: ffffff;
  18477: ffffff;
  18478: ffffff;
  18479: ffffff;
  18480: ffffff;
  18481: ffffff;
  18482: ffffff;
  18483: ffffff;
  18484: ffffff;
  18485: ffffff;
  18486: ffffff;
  18487: ffffff;
  18488: ffffff;
  18489: ffffff;
  18490: ffffff;
  18491: ffffff;
  18492: ffffff;
  18493: ffffff;
  18494: ffffff;
  18495: ffffff;
  18496: fdfdfd;
  18497: ffffff;
  18498: fcfcfc;
  18499: 141414;
  18500: 40404;
  18501: 0;
  18502: 0;
  18503: 0;
  18504: 10101;
  18505: 0;
  18506: 0;
  18507: 0;
  18508: 10101;
  18509: 0;
  18510: 0;
  18511: 30303;
  18512: 0;
  18513: 20202;
  18514: 0;
  18515: 0;
  18516: 0;
  18517: 0;
  18518: ffffff;
  18519: ffffff;
  18520: ffffff;
  18521: ffffff;
  18522: ffffff;
  18523: ffffff;
  18524: ffffff;
  18525: ffffff;
  18526: ffffff;
  18527: ffffff;
  18528: ffffff;
  18529: ffffff;
  18530: ffffff;
  18531: ffffff;
  18532: ffffff;
  18533: ffffff;
  18534: ffffff;
  18535: ffffff;
  18536: ffffff;
  18537: ffffff;
  18538: ffffff;
  18539: ffffff;
  18540: ffffff;
  18541: ffffff;
  18542: ffffff;
  18543: ffffff;
  18544: ffffff;
  18545: ffffff;
  18546: ffffff;
  18547: ffffff;
  18548: ffffff;
  18549: ffffff;
  18550: ffffff;
  18551: ffffff;
  18552: ffffff;
  18553: ffffff;
  18554: ffffff;
  18555: ffffff;
  18556: ffffff;
  18557: ffffff;
  18558: ffffff;
  18559: ffffff;
  18560: ffffff;
  18561: ffffff;
  18562: ffffff;
  18563: ffffff;
  18564: ffffff;
  18565: ffffff;
  18566: ffffff;
  18567: ffffff;
  18568: ffffff;
  18569: ffffff;
  18570: ffffff;
  18571: ffffff;
  18572: ffffff;
  18573: ffffff;
  18574: ffffff;
  18575: ffffff;
  18576: ffffff;
  18577: ffffff;
  18578: ffffff;
  18579: ffffff;
  18580: ffffff;
  18581: ffffff;
  18582: ffffff;
  18583: ffffff;
  18584: ffffff;
  18585: ffffff;
  18586: ffffff;
  18587: ffffff;
  18588: ffffff;
  18589: ffffff;
  18590: ffffff;
  18591: ffffff;
  18592: ffffff;
  18593: ffffff;
  18594: ffffff;
  18595: ffffff;
  18596: ffffff;
  18597: ffffff;
  18598: ffffff;
  18599: ffffff;
  18600: ffffff;
  18601: ffffff;
  18602: ffffff;
  18603: ffffff;
  18604: ffffff;
  18605: ffffff;
  18606: ffffff;
  18607: ffffff;
  18608: ffffff;
  18609: ffffff;
  18610: ffffff;
  18611: ffffff;
  18612: ffffff;
  18613: ffffff;
  18614: ffffff;
  18615: ffffff;
  18616: ffffff;
  18617: ffffff;
  18618: ffffff;
  18619: ffffff;
  18620: ffffff;
  18621: ffffff;
  18622: ffffff;
  18623: ffffff;
  18624: ffffff;
  18625: fefefe;
  18626: f0f0f0;
  18627: 30303;
  18628: 0;
  18629: 0;
  18630: 70707;
  18631: c4c4c4;
  18632: d9d9d9;
  18633: b8b8b8;
  18634: b9b9b9;
  18635: 848484;
  18636: 5d5d5d;
  18637: 4d4d4d;
  18638: 2e2e2e;
  18639: 0;
  18640: 20202;
  18641: 0;
  18642: 0;
  18643: 10101;
  18644: 20202;
  18645: 10101;
  18646: ffffff;
  18647: fafafa;
  18648: ffffff;
  18649: ffffff;
  18650: ffffff;
  18651: ffffff;
  18652: ffffff;
  18653: ffffff;
  18654: ffffff;
  18655: ffffff;
  18656: ffffff;
  18657: ffffff;
  18658: ffffff;
  18659: ffffff;
  18660: ffffff;
  18661: ffffff;
  18662: ffffff;
  18663: ffffff;
  18664: ffffff;
  18665: ffffff;
  18666: ffffff;
  18667: ffffff;
  18668: ffffff;
  18669: ffffff;
  18670: ffffff;
  18671: ffffff;
  18672: ffffff;
  18673: ffffff;
  18674: ffffff;
  18675: ffffff;
  18676: ffffff;
  18677: ffffff;
  18678: ffffff;
  18679: ffffff;
  18680: ffffff;
  18681: ffffff;
  18682: ffffff;
  18683: ffffff;
  18684: ffffff;
  18685: ffffff;
  18686: ffffff;
  18687: ffffff;
  18688: ffffff;
  18689: ffffff;
  18690: ffffff;
  18691: ffffff;
  18692: ffffff;
  18693: ffffff;
  18694: ffffff;
  18695: ffffff;
  18696: ffffff;
  18697: ffffff;
  18698: ffffff;
  18699: ffffff;
  18700: ffffff;
  18701: ffffff;
  18702: ffffff;
  18703: ffffff;
  18704: ffffff;
  18705: ffffff;
  18706: ffffff;
  18707: ffffff;
  18708: ffffff;
  18709: ffffff;
  18710: ffffff;
  18711: ffffff;
  18712: ffffff;
  18713: ffffff;
  18714: ffffff;
  18715: ffffff;
  18716: ffffff;
  18717: ffffff;
  18718: ffffff;
  18719: ffffff;
  18720: ffffff;
  18721: ffffff;
  18722: ffffff;
  18723: ffffff;
  18724: ffffff;
  18725: ffffff;
  18726: ffffff;
  18727: ffffff;
  18728: ffffff;
  18729: ffffff;
  18730: ffffff;
  18731: ffffff;
  18732: ffffff;
  18733: ffffff;
  18734: ffffff;
  18735: ffffff;
  18736: ffffff;
  18737: ffffff;
  18738: ffffff;
  18739: ffffff;
  18740: ffffff;
  18741: ffffff;
  18742: ffffff;
  18743: ffffff;
  18744: ffffff;
  18745: ffffff;
  18746: ffffff;
  18747: ffffff;
  18748: ffffff;
  18749: ffffff;
  18750: ffffff;
  18751: ffffff;
  18752: ffffff;
  18753: f1f1f1;
  18754: 0;
  18755: 0;
  18756: 40404;
  18757: 10101;
  18758: 20202;
  18759: fafafa;
  18760: fdfdfd;
  18761: ffffff;
  18762: ffffff;
  18763: ffffff;
  18764: fafafa;
  18765: ffffff;
  18766: ffffff;
  18767: ffffff;
  18768: 0;
  18769: 20202;
  18770: 20202;
  18771: 0;
  18772: 20202;
  18773: 0;
  18774: ffffff;
  18775: ffffff;
  18776: ffffff;
  18777: ffffff;
  18778: ffffff;
  18779: ffffff;
  18780: ffffff;
  18781: ffffff;
  18782: ffffff;
  18783: ffffff;
  18784: ffffff;
  18785: ffffff;
  18786: ffffff;
  18787: ffffff;
  18788: ffffff;
  18789: ffffff;
  18790: ffffff;
  18791: ffffff;
  18792: ffffff;
  18793: ffffff;
  18794: ffffff;
  18795: ffffff;
  18796: ffffff;
  18797: ffffff;
  18798: ffffff;
  18799: ffffff;
  18800: ffffff;
  18801: ffffff;
  18802: ffffff;
  18803: ffffff;
  18804: ffffff;
  18805: ffffff;
  18806: ffffff;
  18807: ffffff;
  18808: ffffff;
  18809: ffffff;
  18810: ffffff;
  18811: ffffff;
  18812: ffffff;
  18813: ffffff;
  18814: ffffff;
  18815: ffffff;
  18816: ffffff;
  18817: ffffff;
  18818: ffffff;
  18819: ffffff;
  18820: ffffff;
  18821: ffffff;
  18822: ffffff;
  18823: ffffff;
  18824: ffffff;
  18825: ffffff;
  18826: ffffff;
  18827: ffffff;
  18828: ffffff;
  18829: ffffff;
  18830: ffffff;
  18831: ffffff;
  18832: ffffff;
  18833: ffffff;
  18834: ffffff;
  18835: ffffff;
  18836: ffffff;
  18837: ffffff;
  18838: ffffff;
  18839: ffffff;
  18840: ffffff;
  18841: ffffff;
  18842: ffffff;
  18843: ffffff;
  18844: ffffff;
  18845: ffffff;
  18846: ffffff;
  18847: ffffff;
  18848: ffffff;
  18849: ffffff;
  18850: ffffff;
  18851: ffffff;
  18852: ffffff;
  18853: ffffff;
  18854: ffffff;
  18855: ffffff;
  18856: ffffff;
  18857: ffffff;
  18858: ffffff;
  18859: ffffff;
  18860: ffffff;
  18861: ffffff;
  18862: ffffff;
  18863: ffffff;
  18864: ffffff;
  18865: ffffff;
  18866: ffffff;
  18867: ffffff;
  18868: ffffff;
  18869: ffffff;
  18870: ffffff;
  18871: ffffff;
  18872: ffffff;
  18873: ffffff;
  18874: ffffff;
  18875: ffffff;
  18876: ffffff;
  18877: ffffff;
  18878: ffffff;
  18879: ffffff;
  18880: ffffff;
  18881: c3c3c3;
  18882: 10101;
  18883: 40404;
  18884: 0;
  18885: 20202;
  18886: 191919;
  18887: ffffff;
  18888: ffffff;
  18889: f8f8f8;
  18890: fefefe;
  18891: fefefe;
  18892: ffffff;
  18893: fefefe;
  18894: fcfcfc;
  18895: ffffff;
  18896: 252525;
  18897: 30303;
  18898: 0;
  18899: 0;
  18900: 50505;
  18901: 0;
  18902: fdfdfd;
  18903: fefefe;
  18904: ffffff;
  18905: ffffff;
  18906: ffffff;
  18907: ffffff;
  18908: ffffff;
  18909: ffffff;
  18910: ffffff;
  18911: ffffff;
  18912: ffffff;
  18913: ffffff;
  18914: ffffff;
  18915: ffffff;
  18916: ffffff;
  18917: ffffff;
  18918: ffffff;
  18919: ffffff;
  18920: ffffff;
  18921: ffffff;
  18922: ffffff;
  18923: ffffff;
  18924: ffffff;
  18925: ffffff;
  18926: ffffff;
  18927: ffffff;
  18928: ffffff;
  18929: ffffff;
  18930: ffffff;
  18931: ffffff;
  18932: ffffff;
  18933: ffffff;
  18934: ffffff;
  18935: ffffff;
  18936: ffffff;
  18937: ffffff;
  18938: ffffff;
  18939: ffffff;
  18940: ffffff;
  18941: ffffff;
  18942: ffffff;
  18943: ffffff;
  18944: ffffff;
  18945: ffffff;
  18946: ffffff;
  18947: ffffff;
  18948: ffffff;
  18949: ffffff;
  18950: ffffff;
  18951: ffffff;
  18952: ffffff;
  18953: ffffff;
  18954: ffffff;
  18955: ffffff;
  18956: ffffff;
  18957: ffffff;
  18958: ffffff;
  18959: ffffff;
  18960: ffffff;
  18961: ffffff;
  18962: ffffff;
  18963: ffffff;
  18964: ffffff;
  18965: ffffff;
  18966: ffffff;
  18967: ffffff;
  18968: ffffff;
  18969: ffffff;
  18970: ffffff;
  18971: ffffff;
  18972: ffffff;
  18973: ffffff;
  18974: ffffff;
  18975: ffffff;
  18976: ffffff;
  18977: ffffff;
  18978: ffffff;
  18979: ffffff;
  18980: ffffff;
  18981: ffffff;
  18982: ffffff;
  18983: ffffff;
  18984: ffffff;
  18985: ffffff;
  18986: ffffff;
  18987: ffffff;
  18988: ffffff;
  18989: ffffff;
  18990: ffffff;
  18991: ffffff;
  18992: ffffff;
  18993: ffffff;
  18994: ffffff;
  18995: ffffff;
  18996: ffffff;
  18997: ffffff;
  18998: ffffff;
  18999: ffffff;
  19000: ffffff;
  19001: ffffff;
  19002: ffffff;
  19003: ffffff;
  19004: ffffff;
  19005: ffffff;
  19006: ffffff;
  19007: ffffff;
  19008: fdfdfd;
  19009: bababa;
  19010: 0;
  19011: 0;
  19012: 0;
  19013: 0;
  19014: 10101;
  19015: fefefe;
  19016: fefefe;
  19017: ffffff;
  19018: ffffff;
  19019: ffffff;
  19020: fcfcfc;
  19021: ffffff;
  19022: fbfbfb;
  19023: ffffff;
  19024: 20202;
  19025: 0;
  19026: 20202;
  19027: 40404;
  19028: 0;
  19029: 50505;
  19030: fdfdfd;
  19031: ffffff;
  19032: ffffff;
  19033: ffffff;
  19034: ffffff;
  19035: ffffff;
  19036: ffffff;
  19037: ffffff;
  19038: ffffff;
  19039: ffffff;
  19040: ffffff;
  19041: ffffff;
  19042: ffffff;
  19043: ffffff;
  19044: ffffff;
  19045: ffffff;
  19046: ffffff;
  19047: ffffff;
  19048: ffffff;
  19049: ffffff;
  19050: ffffff;
  19051: ffffff;
  19052: ffffff;
  19053: ffffff;
  19054: ffffff;
  19055: ffffff;
  19056: ffffff;
  19057: ffffff;
  19058: ffffff;
  19059: ffffff;
  19060: ffffff;
  19061: ffffff;
  19062: ffffff;
  19063: ffffff;
  19064: ffffff;
  19065: ffffff;
  19066: ffffff;
  19067: ffffff;
  19068: ffffff;
  19069: ffffff;
  19070: ffffff;
  19071: ffffff;
  19072: ffffff;
  19073: ffffff;
  19074: ffffff;
  19075: ffffff;
  19076: ffffff;
  19077: ffffff;
  19078: ffffff;
  19079: ffffff;
  19080: ffffff;
  19081: ffffff;
  19082: ffffff;
  19083: ffffff;
  19084: ffffff;
  19085: ffffff;
  19086: ffffff;
  19087: ffffff;
  19088: ffffff;
  19089: ffffff;
  19090: ffffff;
  19091: ffffff;
  19092: ffffff;
  19093: ffffff;
  19094: ffffff;
  19095: ffffff;
  19096: ffffff;
  19097: ffffff;
  19098: ffffff;
  19099: ffffff;
  19100: ffffff;
  19101: ffffff;
  19102: ffffff;
  19103: ffffff;
  19104: ffffff;
  19105: ffffff;
  19106: ffffff;
  19107: ffffff;
  19108: ffffff;
  19109: ffffff;
  19110: ffffff;
  19111: ffffff;
  19112: ffffff;
  19113: ffffff;
  19114: ffffff;
  19115: ffffff;
  19116: ffffff;
  19117: ffffff;
  19118: ffffff;
  19119: ffffff;
  19120: ffffff;
  19121: ffffff;
  19122: ffffff;
  19123: ffffff;
  19124: ffffff;
  19125: ffffff;
  19126: ffffff;
  19127: ffffff;
  19128: ffffff;
  19129: ffffff;
  19130: ffffff;
  19131: ffffff;
  19132: ffffff;
  19133: ffffff;
  19134: ffffff;
  19135: ffffff;
  19136: ffffff;
  19137: bfbfbf;
  19138: 20202;
  19139: 10101;
  19140: 0;
  19141: 30303;
  19142: 0;
  19143: 0;
  19144: b0b0b0;
  19145: f0f0f0;
  19146: f2f2f2;
  19147: efefef;
  19148: f1f1f1;
  19149: c4c4c4;
  19150: 9d9d9d;
  19151: 0;
  19152: 0;
  19153: 30303;
  19154: 20202;
  19155: 0;
  19156: 0;
  19157: cfcfcf;
  19158: fefefe;
  19159: fefefe;
  19160: ffffff;
  19161: ffffff;
  19162: ffffff;
  19163: ffffff;
  19164: ffffff;
  19165: ffffff;
  19166: ffffff;
  19167: ffffff;
  19168: ffffff;
  19169: ffffff;
  19170: ffffff;
  19171: ffffff;
  19172: ffffff;
  19173: ffffff;
  19174: ffffff;
  19175: ffffff;
  19176: ffffff;
  19177: ffffff;
  19178: ffffff;
  19179: ffffff;
  19180: ffffff;
  19181: ffffff;
  19182: ffffff;
  19183: ffffff;
  19184: ffffff;
  19185: ffffff;
  19186: ffffff;
  19187: ffffff;
  19188: ffffff;
  19189: ffffff;
  19190: ffffff;
  19191: ffffff;
  19192: ffffff;
  19193: ffffff;
  19194: ffffff;
  19195: ffffff;
  19196: ffffff;
  19197: ffffff;
  19198: ffffff;
  19199: ffffff;
  19200: ffffff;
  19201: ffffff;
  19202: ffffff;
  19203: ffffff;
  19204: ffffff;
  19205: ffffff;
  19206: ffffff;
  19207: ffffff;
  19208: ffffff;
  19209: ffffff;
  19210: ffffff;
  19211: ffffff;
  19212: ffffff;
  19213: ffffff;
  19214: ffffff;
  19215: ffffff;
  19216: ffffff;
  19217: ffffff;
  19218: ffffff;
  19219: ffffff;
  19220: ffffff;
  19221: ffffff;
  19222: ffffff;
  19223: ffffff;
  19224: ffffff;
  19225: ffffff;
  19226: ffffff;
  19227: ffffff;
  19228: ffffff;
  19229: ffffff;
  19230: ffffff;
  19231: ffffff;
  19232: ffffff;
  19233: ffffff;
  19234: ffffff;
  19235: ffffff;
  19236: ffffff;
  19237: ffffff;
  19238: ffffff;
  19239: ffffff;
  19240: ffffff;
  19241: ffffff;
  19242: ffffff;
  19243: ffffff;
  19244: ffffff;
  19245: ffffff;
  19246: ffffff;
  19247: ffffff;
  19248: ffffff;
  19249: ffffff;
  19250: ffffff;
  19251: ffffff;
  19252: ffffff;
  19253: ffffff;
  19254: ffffff;
  19255: ffffff;
  19256: ffffff;
  19257: ffffff;
  19258: ffffff;
  19259: ffffff;
  19260: ffffff;
  19261: ffffff;
  19262: ffffff;
  19263: ffffff;
  19264: fdfdfd;
  19265: f3f3f3;
  19266: 0;
  19267: 0;
  19268: 0;
  19269: 20202;
  19270: 10101;
  19271: 0;
  19272: 30303;
  19273: 0;
  19274: 0;
  19275: 0;
  19276: 30303;
  19277: 10101;
  19278: 0;
  19279: 10101;
  19280: 10101;
  19281: 0;
  19282: 10101;
  19283: 20202;
  19284: 0;
  19285: ffffff;
  19286: ffffff;
  19287: ffffff;
  19288: ffffff;
  19289: ffffff;
  19290: ffffff;
  19291: ffffff;
  19292: ffffff;
  19293: ffffff;
  19294: ffffff;
  19295: ffffff;
  19296: ffffff;
  19297: ffffff;
  19298: ffffff;
  19299: ffffff;
  19300: ffffff;
  19301: ffffff;
  19302: ffffff;
  19303: ffffff;
  19304: ffffff;
  19305: ffffff;
  19306: ffffff;
  19307: ffffff;
  19308: ffffff;
  19309: ffffff;
  19310: ffffff;
  19311: ffffff;
  19312: ffffff;
  19313: ffffff;
  19314: ffffff;
  19315: ffffff;
  19316: ffffff;
  19317: ffffff;
  19318: ffffff;
  19319: ffffff;
  19320: ffffff;
  19321: ffffff;
  19322: ffffff;
  19323: ffffff;
  19324: ffffff;
  19325: ffffff;
  19326: ffffff;
  19327: ffffff;
  19328: ffffff;
  19329: ffffff;
  19330: ffffff;
  19331: ffffff;
  19332: ffffff;
  19333: ffffff;
  19334: ffffff;
  19335: ffffff;
  19336: ffffff;
  19337: ffffff;
  19338: ffffff;
  19339: ffffff;
  19340: ffffff;
  19341: ffffff;
  19342: ffffff;
  19343: ffffff;
  19344: ffffff;
  19345: ffffff;
  19346: ffffff;
  19347: ffffff;
  19348: ffffff;
  19349: ffffff;
  19350: ffffff;
  19351: ffffff;
  19352: ffffff;
  19353: ffffff;
  19354: ffffff;
  19355: ffffff;
  19356: ffffff;
  19357: ffffff;
  19358: ffffff;
  19359: ffffff;
  19360: ffffff;
  19361: ffffff;
  19362: ffffff;
  19363: ffffff;
  19364: ffffff;
  19365: ffffff;
  19366: ffffff;
  19367: ffffff;
  19368: ffffff;
  19369: ffffff;
  19370: ffffff;
  19371: ffffff;
  19372: ffffff;
  19373: ffffff;
  19374: ffffff;
  19375: ffffff;
  19376: ffffff;
  19377: ffffff;
  19378: ffffff;
  19379: ffffff;
  19380: ffffff;
  19381: ffffff;
  19382: ffffff;
  19383: ffffff;
  19384: ffffff;
  19385: ffffff;
  19386: ffffff;
  19387: ffffff;
  19388: ffffff;
  19389: ffffff;
  19390: ffffff;
  19391: ffffff;
  19392: ffffff;
  19393: ffffff;
  19394: f1f1f1;
  19395: 10101;
  19396: 20202;
  19397: 0;
  19398: 0;
  19399: 30303;
  19400: 0;
  19401: 0;
  19402: 0;
  19403: 20202;
  19404: 0;
  19405: 0;
  19406: 0;
  19407: 20202;
  19408: 10101;
  19409: 0;
  19410: 0;
  19411: 10101;
  19412: f7f7f7;
  19413: ffffff;
  19414: ffffff;
  19415: ffffff;
  19416: ffffff;
  19417: ffffff;
  19418: ffffff;
  19419: ffffff;
  19420: ffffff;
  19421: ffffff;
  19422: ffffff;
  19423: ffffff;
  19424: ffffff;
  19425: ffffff;
  19426: ffffff;
  19427: ffffff;
  19428: ffffff;
  19429: ffffff;
  19430: ffffff;
  19431: ffffff;
  19432: ffffff;
  19433: ffffff;
  19434: ffffff;
  19435: ffffff;
  19436: ffffff;
  19437: ffffff;
  19438: ffffff;
  19439: ffffff;
  19440: ffffff;
  19441: ffffff;
  19442: ffffff;
  19443: ffffff;
  19444: ffffff;
  19445: ffffff;
  19446: ffffff;
  19447: ffffff;
  19448: ffffff;
  19449: ffffff;
  19450: ffffff;
  19451: ffffff;
  19452: ffffff;
  19453: ffffff;
  19454: ffffff;
  19455: ffffff;
  19456: ffffff;
  19457: ffffff;
  19458: ffffff;
  19459: ffffff;
  19460: ffffff;
  19461: ffffff;
  19462: ffffff;
  19463: ffffff;
  19464: ffffff;
  19465: ffffff;
  19466: ffffff;
  19467: ffffff;
  19468: ffffff;
  19469: ffffff;
  19470: ffffff;
  19471: ffffff;
  19472: ffffff;
  19473: ffffff;
  19474: ffffff;
  19475: ffffff;
  19476: ffffff;
  19477: ffffff;
  19478: ffffff;
  19479: ffffff;
  19480: ffffff;
  19481: ffffff;
  19482: ffffff;
  19483: ffffff;
  19484: ffffff;
  19485: ffffff;
  19486: ffffff;
  19487: ffffff;
  19488: ffffff;
  19489: ffffff;
  19490: ffffff;
  19491: ffffff;
  19492: ffffff;
  19493: ffffff;
  19494: ffffff;
  19495: ffffff;
  19496: ffffff;
  19497: ffffff;
  19498: ffffff;
  19499: ffffff;
  19500: ffffff;
  19501: ffffff;
  19502: ffffff;
  19503: ffffff;
  19504: ffffff;
  19505: ffffff;
  19506: ffffff;
  19507: ffffff;
  19508: ffffff;
  19509: ffffff;
  19510: ffffff;
  19511: ffffff;
  19512: ffffff;
  19513: ffffff;
  19514: ffffff;
  19515: ffffff;
  19516: ffffff;
  19517: ffffff;
  19518: ffffff;
  19519: ffffff;
  19520: ffffff;
  19521: fcfcfc;
  19522: ffffff;
  19523: 4b4b4b;
  19524: 0;
  19525: 30303;
  19526: 0;
  19527: 20202;
  19528: 0;
  19529: 0;
  19530: 0;
  19531: 0;
  19532: 10101;
  19533: 10101;
  19534: 0;
  19535: 0;
  19536: 0;
  19537: 0;
  19538: 10101;
  19539: 9a9a9a;
  19540: ffffff;
  19541: fefefe;
  19542: ffffff;
  19543: fcfcfc;
  19544: ffffff;
  19545: ffffff;
  19546: ffffff;
  19547: ffffff;
  19548: ffffff;
  19549: ffffff;
  19550: ffffff;
  19551: ffffff;
  19552: ffffff;
  19553: ffffff;
  19554: ffffff;
  19555: ffffff;
  19556: ffffff;
  19557: ffffff;
  19558: ffffff;
  19559: ffffff;
  19560: ffffff;
  19561: ffffff;
  19562: ffffff;
  19563: ffffff;
  19564: ffffff;
  19565: ffffff;
  19566: ffffff;
  19567: ffffff;
  19568: ffffff;
  19569: ffffff;
  19570: ffffff;
  19571: ffffff;
  19572: ffffff;
  19573: ffffff;
  19574: ffffff;
  19575: ffffff;
  19576: ffffff;
  19577: ffffff;
  19578: ffffff;
  19579: ffffff;
  19580: ffffff;
  19581: ffffff;
  19582: ffffff;
  19583: ffffff;
  19584: ffffff;
  19585: ffffff;
  19586: ffffff;
  19587: ffffff;
  19588: ffffff;
  19589: ffffff;
  19590: ffffff;
  19591: ffffff;
  19592: ffffff;
  19593: ffffff;
  19594: ffffff;
  19595: ffffff;
  19596: ffffff;
  19597: ffffff;
  19598: ffffff;
  19599: ffffff;
  19600: ffffff;
  19601: ffffff;
  19602: ffffff;
  19603: ffffff;
  19604: ffffff;
  19605: ffffff;
  19606: ffffff;
  19607: ffffff;
  19608: ffffff;
  19609: ffffff;
  19610: ffffff;
  19611: ffffff;
  19612: ffffff;
  19613: ffffff;
  19614: ffffff;
  19615: ffffff;
  19616: ffffff;
  19617: ffffff;
  19618: ffffff;
  19619: ffffff;
  19620: ffffff;
  19621: ffffff;
  19622: ffffff;
  19623: ffffff;
  19624: ffffff;
  19625: ffffff;
  19626: ffffff;
  19627: ffffff;
  19628: ffffff;
  19629: ffffff;
  19630: ffffff;
  19631: ffffff;
  19632: ffffff;
  19633: ffffff;
  19634: ffffff;
  19635: ffffff;
  19636: ffffff;
  19637: ffffff;
  19638: ffffff;
  19639: ffffff;
  19640: ffffff;
  19641: ffffff;
  19642: ffffff;
  19643: ffffff;
  19644: ffffff;
  19645: ffffff;
  19646: ffffff;
  19647: ffffff;
  19648: ffffff;
  19649: ffffff;
  19650: ffffff;
  19651: fcfcfc;
  19652: 383838;
  19653: 0;
  19654: 30303;
  19655: 0;
  19656: 20202;
  19657: 0;
  19658: 20202;
  19659: 0;
  19660: 0;
  19661: 10101;
  19662: 0;
  19663: 30303;
  19664: 0;
  19665: 1e1e1e;
  19666: dddddd;
  19667: ffffff;
  19668: ffffff;
  19669: fdfdfd;
  19670: fcfcfc;
  19671: ffffff;
  19672: ffffff;
  19673: ffffff;
  19674: ffffff;
  19675: ffffff;
  19676: ffffff;
  19677: ffffff;
  19678: ffffff;
  19679: ffffff;
  19680: ffffff;
  19681: ffffff;
  19682: ffffff;
  19683: ffffff;
  19684: ffffff;
  19685: ffffff;
  19686: ffffff;
  19687: ffffff;
  19688: ffffff;
  19689: ffffff;
  19690: ffffff;
  19691: ffffff;
  19692: ffffff;
  19693: ffffff;
  19694: ffffff;
  19695: ffffff;
  19696: ffffff;
  19697: ffffff;
  19698: ffffff;
  19699: ffffff;
  19700: ffffff;
  19701: ffffff;
  19702: ffffff;
  19703: ffffff;
  19704: ffffff;
  19705: ffffff;
  19706: ffffff;
  19707: ffffff;
  19708: ffffff;
  19709: ffffff;
  19710: ffffff;
  19711: ffffff;
  19712: ffffff;
  19713: ffffff;
  19714: ffffff;
  19715: ffffff;
  19716: ffffff;
  19717: ffffff;
  19718: ffffff;
  19719: ffffff;
  19720: ffffff;
  19721: ffffff;
  19722: ffffff;
  19723: ffffff;
  19724: ffffff;
  19725: ffffff;
  19726: ffffff;
  19727: ffffff;
  19728: ffffff;
  19729: ffffff;
  19730: ffffff;
  19731: ffffff;
  19732: ffffff;
  19733: ffffff;
  19734: ffffff;
  19735: ffffff;
  19736: ffffff;
  19737: ffffff;
  19738: ffffff;
  19739: ffffff;
  19740: ffffff;
  19741: ffffff;
  19742: ffffff;
  19743: ffffff;
  19744: ffffff;
  19745: ffffff;
  19746: ffffff;
  19747: ffffff;
  19748: ffffff;
  19749: ffffff;
  19750: ffffff;
  19751: ffffff;
  19752: ffffff;
  19753: ffffff;
  19754: ffffff;
  19755: ffffff;
  19756: ffffff;
  19757: ffffff;
  19758: ffffff;
  19759: ffffff;
  19760: ffffff;
  19761: ffffff;
  19762: ffffff;
  19763: ffffff;
  19764: ffffff;
  19765: ffffff;
  19766: ffffff;
  19767: ffffff;
  19768: ffffff;
  19769: ffffff;
  19770: ffffff;
  19771: ffffff;
  19772: ffffff;
  19773: ffffff;
  19774: ffffff;
  19775: ffffff;
  19776: ffffff;
  19777: fcfcfc;
  19778: fefefe;
  19779: ffffff;
  19780: fbfbfb;
  19781: fdfdfd;
  19782: ffffff;
  19783: dbdbdb;
  19784: 9c9c9c;
  19785: 888888;
  19786: 646464;
  19787: 676767;
  19788: 606060;
  19789: 9f9f9f;
  19790: b7b7b7;
  19791: ebebeb;
  19792: ffffff;
  19793: fefefe;
  19794: ffffff;
  19795: ffffff;
  19796: ffffff;
  19797: ffffff;
  19798: fdfdfd;
  19799: fcfcfc;
  19800: ffffff;
  19801: ffffff;
  19802: ffffff;
  19803: ffffff;
  19804: ffffff;
  19805: ffffff;
  19806: ffffff;
  19807: ffffff;
  19808: ffffff;
  19809: ffffff;
  19810: ffffff;
  19811: ffffff;
  19812: ffffff;
  19813: ffffff;
  19814: ffffff;
  19815: ffffff;
  19816: ffffff;
  19817: ffffff;
  19818: ffffff;
  19819: ffffff;
  19820: ffffff;
  19821: ffffff;
  19822: ffffff;
  19823: ffffff;
  19824: ffffff;
  19825: ffffff;
  19826: ffffff;
  19827: ffffff;
  19828: ffffff;
  19829: ffffff;
  19830: ffffff;
  19831: ffffff;
  19832: ffffff;
  19833: ffffff;
  19834: ffffff;
  19835: ffffff;
  19836: ffffff;
  19837: ffffff;
  19838: ffffff;
  19839: ffffff;
  19840: ffffff;
  19841: ffffff;
  19842: ffffff;
  19843: ffffff;
  19844: ffffff;
  19845: ffffff;
  19846: ffffff;
  19847: ffffff;
  19848: ffffff;
  19849: ffffff;
  19850: ffffff;
  19851: ffffff;
  19852: ffffff;
  19853: ffffff;
  19854: ffffff;
  19855: ffffff;
  19856: ffffff;
  19857: ffffff;
  19858: ffffff;
  19859: ffffff;
  19860: ffffff;
  19861: ffffff;
  19862: ffffff;
  19863: ffffff;
  19864: ffffff;
  19865: ffffff;
  19866: ffffff;
  19867: ffffff;
  19868: ffffff;
  19869: ffffff;
  19870: ffffff;
  19871: ffffff;
  19872: ffffff;
  19873: ffffff;
  19874: ffffff;
  19875: ffffff;
  19876: ffffff;
  19877: ffffff;
  19878: ffffff;
  19879: ffffff;
  19880: ffffff;
  19881: ffffff;
  19882: ffffff;
  19883: ffffff;
  19884: ffffff;
  19885: ffffff;
  19886: ffffff;
  19887: ffffff;
  19888: ffffff;
  19889: ffffff;
  19890: ffffff;
  19891: ffffff;
  19892: ffffff;
  19893: ffffff;
  19894: ffffff;
  19895: ffffff;
  19896: ffffff;
  19897: ffffff;
  19898: ffffff;
  19899: ffffff;
  19900: ffffff;
  19901: ffffff;
  19902: ffffff;
  19903: ffffff;
  19904: ffffff;
  19905: ffffff;
  19906: ffffff;
  19907: fefefe;
  19908: fdfdfd;
  19909: ffffff;
  19910: ffffff;
  19911: fdfdfd;
  19912: ffffff;
  19913: fbfbfb;
  19914: ffffff;
  19915: fefefe;
  19916: ffffff;
  19917: ffffff;
  19918: fafafa;
  19919: ffffff;
  19920: ffffff;
  19921: fdfdfd;
  19922: ffffff;
  19923: fbfbfb;
  19924: ffffff;
  19925: ffffff;
  19926: ffffff;
  19927: ffffff;
  19928: ffffff;
  19929: ffffff;
  19930: ffffff;
  19931: ffffff;
  19932: ffffff;
  19933: ffffff;
  19934: ffffff;
  19935: ffffff;
  19936: ffffff;
  19937: ffffff;
  19938: ffffff;
  19939: ffffff;
  19940: ffffff;
  19941: ffffff;
  19942: ffffff;
  19943: ffffff;
  19944: ffffff;
  19945: ffffff;
  19946: ffffff;
  19947: ffffff;
  19948: ffffff;
  19949: ffffff;
  19950: ffffff;
  19951: ffffff;
  19952: ffffff;
  19953: ffffff;
  19954: ffffff;
  19955: ffffff;
  19956: ffffff;
  19957: ffffff;
  19958: ffffff;
  19959: ffffff;
  19960: ffffff;
  19961: ffffff;
  19962: ffffff;
  19963: ffffff;
  19964: ffffff;
  19965: ffffff;
  19966: ffffff;
  19967: ffffff;
  19968: ffffff;
  19969: ffffff;
  19970: ffffff;
  19971: ffffff;
  19972: ffffff;
  19973: ffffff;
  19974: ffffff;
  19975: ffffff;
  19976: ffffff;
  19977: ffffff;
  19978: ffffff;
  19979: ffffff;
  19980: ffffff;
  19981: ffffff;
  19982: ffffff;
  19983: ffffff;
  19984: ffffff;
  19985: ffffff;
  19986: ffffff;
  19987: ffffff;
  19988: ffffff;
  19989: ffffff;
  19990: ffffff;
  19991: ffffff;
  19992: ffffff;
  19993: ffffff;
  19994: ffffff;
  19995: ffffff;
  19996: ffffff;
  19997: ffffff;
  19998: ffffff;
  19999: ffffff;
  20000: ffffff;
  20001: ffffff;
  20002: ffffff;
  20003: ffffff;
  20004: ffffff;
  20005: ffffff;
  20006: ffffff;
  20007: ffffff;
  20008: ffffff;
  20009: ffffff;
  20010: ffffff;
  20011: ffffff;
  20012: ffffff;
  20013: ffffff;
  20014: ffffff;
  20015: ffffff;
  20016: ffffff;
  20017: ffffff;
  20018: ffffff;
  20019: ffffff;
  20020: ffffff;
  20021: ffffff;
  20022: ffffff;
  20023: ffffff;
  20024: ffffff;
  20025: ffffff;
  20026: ffffff;
  20027: ffffff;
  20028: ffffff;
  20029: ffffff;
  20030: ffffff;
  20031: ffffff;
  20032: ffffff;
  20033: ffffff;
  20034: fdfdfd;
  20035: ffffff;
  20036: ffffff;
  20037: fcfcfc;
  20038: fdfdfd;
  20039: ffffff;
  20040: fefefe;
  20041: ffffff;
  20042: fbfbfb;
  20043: fefefe;
  20044: fcfcfc;
  20045: ffffff;
  20046: fefefe;
  20047: ffffff;
  20048: fdfdfd;
  20049: fdfdfd;
  20050: ffffff;
  20051: ffffff;
  20052: fbfbfb;
  20053: ffffff;
  20054: fefefe;
  20055: ffffff;
  20056: ffffff;
  20057: ffffff;
  20058: ffffff;
  20059: ffffff;
  20060: ffffff;
  20061: ffffff;
  20062: ffffff;
  20063: ffffff;
  20064: ffffff;
  20065: ffffff;
  20066: ffffff;
  20067: ffffff;
  20068: ffffff;
  20069: ffffff;
  20070: ffffff;
  20071: ffffff;
  20072: ffffff;
  20073: ffffff;
  20074: ffffff;
  20075: ffffff;
  20076: ffffff;
  20077: ffffff;
  20078: ffffff;
  20079: ffffff;
  20080: ffffff;
  20081: ffffff;
  20082: ffffff;
  20083: ffffff;
  20084: ffffff;
  20085: ffffff;
  20086: ffffff;
  20087: ffffff;
  20088: ffffff;
  20089: ffffff;
  20090: ffffff;
  20091: ffffff;
  20092: ffffff;
  20093: ffffff;
  20094: ffffff;
  20095: ffffff;
  20096: ffffff;
  20097: ffffff;
  20098: ffffff;
  20099: ffffff;
  20100: ffffff;
  20101: ffffff;
  20102: ffffff;
  20103: ffffff;
  20104: ffffff;
  20105: ffffff;
  20106: ffffff;
  20107: ffffff;
  20108: ffffff;
  20109: ffffff;
  20110: ffffff;
  20111: ffffff;
  20112: ffffff;
  20113: ffffff;
  20114: ffffff;
  20115: ffffff;
  20116: ffffff;
  20117: ffffff;
  20118: ffffff;
  20119: ffffff;
  20120: ffffff;
  20121: ffffff;
  20122: ffffff;
  20123: ffffff;
  20124: ffffff;
  20125: ffffff;
  20126: ffffff;
  20127: ffffff;
  20128: ffffff;
  20129: ffffff;
  20130: ffffff;
  20131: ffffff;
  20132: ffffff;
  20133: ffffff;
  20134: ffffff;
  20135: ffffff;
  20136: ffffff;
  20137: ffffff;
  20138: ffffff;
  20139: ffffff;
  20140: ffffff;
  20141: ffffff;
  20142: ffffff;
  20143: ffffff;
  20144: ffffff;
  20145: ffffff;
  20146: ffffff;
  20147: ffffff;
  20148: ffffff;
  20149: ffffff;
  20150: ffffff;
  20151: ffffff;
  20152: ffffff;
  20153: ffffff;
  20154: ffffff;
  20155: ffffff;
  20156: ffffff;
  20157: ffffff;
  20158: ffffff;
  20159: ffffff;
  20160: ffffff;
  20161: fcfcfc;
  20162: ffffff;
  20163: ffffff;
  20164: ffffff;
  20165: ffffff;
  20166: ffffff;
  20167: fdfdfd;
  20168: fefefe;
  20169: ffffff;
  20170: fdfdfd;
  20171: ffffff;
  20172: ffffff;
  20173: ffffff;
  20174: ffffff;
  20175: fdfdfd;
  20176: ffffff;
  20177: fefefe;
  20178: fcfcfc;
  20179: ffffff;
  20180: ffffff;
  20181: fcfcfc;
  20182: ffffff;
  20183: ffffff;
  20184: ffffff;
  20185: ffffff;
  20186: ffffff;
  20187: ffffff;
  20188: ffffff;
  20189: ffffff;
  20190: ffffff;
  20191: ffffff;
  20192: ffffff;
  20193: ffffff;
  20194: ffffff;
  20195: ffffff;
  20196: ffffff;
  20197: ffffff;
  20198: ffffff;
  20199: ffffff;
  20200: ffffff;
  20201: ffffff;
  20202: ffffff;
  20203: ffffff;
  20204: ffffff;
  20205: ffffff;
  20206: ffffff;
  20207: ffffff;
  20208: ffffff;
  20209: ffffff;
  20210: ffffff;
  20211: ffffff;
  20212: ffffff;
  20213: ffffff;
  20214: ffffff;
  20215: ffffff;
  20216: ffffff;
  20217: ffffff;
  20218: ffffff;
  20219: ffffff;
  20220: ffffff;
  20221: ffffff;
  20222: ffffff;
  20223: ffffff;
  20224: ffffff;
  20225: ffffff;
  20226: ffffff;
  20227: ffffff;
  20228: ffffff;
  20229: ffffff;
  20230: ffffff;
  20231: ffffff;
  20232: ffffff;
  20233: ffffff;
  20234: ffffff;
  20235: ffffff;
  20236: ffffff;
  20237: ffffff;
  20238: ffffff;
  20239: ffffff;
  20240: ffffff;
  20241: ffffff;
  20242: ffffff;
  20243: ffffff;
  20244: ffffff;
  20245: ffffff;
  20246: ffffff;
  20247: ffffff;
  20248: ffffff;
  20249: ffffff;
  20250: ffffff;
  20251: ffffff;
  20252: ffffff;
  20253: ffffff;
  20254: ffffff;
  20255: ffffff;
  20256: ffffff;
  20257: ffffff;
  20258: ffffff;
  20259: ffffff;
  20260: ffffff;
  20261: ffffff;
  20262: ffffff;
  20263: ffffff;
  20264: ffffff;
  20265: ffffff;
  20266: ffffff;
  20267: ffffff;
  20268: ffffff;
  20269: ffffff;
  20270: ffffff;
  20271: ffffff;
  20272: ffffff;
  20273: ffffff;
  20274: ffffff;
  20275: ffffff;
  20276: ffffff;
  20277: ffffff;
  20278: ffffff;
  20279: ffffff;
  20280: ffffff;
  20281: ffffff;
  20282: ffffff;
  20283: ffffff;
  20284: ffffff;
  20285: ffffff;
  20286: ffffff;
  20287: ffffff;
  20288: fbfbfb;
  20289: ffffff;
  20290: f9f9f9;
  20291: ffffff;
  20292: fdfdfd;
  20293: fefefe;
  20294: ffffff;
  20295: ffffff;
  20296: fdfdfd;
  20297: ffffff;
  20298: fefefe;
  20299: fdfdfd;
  20300: ffffff;
  20301: fefefe;
  20302: ffffff;
  20303: ffffff;
  20304: fdfdfd;
  20305: ffffff;
  20306: ffffff;
  20307: fdfdfd;
  20308: fefefe;
  20309: ffffff;
  20310: fefefe;
  20311: ffffff;
  20312: ffffff;
  20313: ffffff;
  20314: ffffff;
  20315: ffffff;
  20316: ffffff;
  20317: ffffff;
  20318: ffffff;
  20319: ffffff;
  20320: ffffff;
  20321: ffffff;
  20322: ffffff;
  20323: ffffff;
  20324: ffffff;
  20325: ffffff;
  20326: ffffff;
  20327: ffffff;
  20328: ffffff;
  20329: ffffff;
  20330: ffffff;
  20331: ffffff;
  20332: ffffff;
  20333: ffffff;
  20334: ffffff;
  20335: ffffff;
  20336: ffffff;
  20337: ffffff;
  20338: ffffff;
  20339: ffffff;
  20340: ffffff;
  20341: ffffff;
  20342: ffffff;
  20343: ffffff;
  20344: ffffff;
  20345: ffffff;
  20346: ffffff;
  20347: ffffff;
  20348: ffffff;
  20349: ffffff;
  20350: ffffff;
  20351: ffffff;
  20352: ffffff;
  20353: ffffff;
  20354: ffffff;
  20355: ffffff;
  20356: ffffff;
  20357: ffffff;
  20358: ffffff;
  20359: ffffff;
  20360: ffffff;
  20361: ffffff;
  20362: ffffff;
  20363: ffffff;
  20364: ffffff;
  20365: ffffff;
  20366: ffffff;
  20367: ffffff;
  20368: ffffff;
  20369: ffffff;
  20370: ffffff;
  20371: ffffff;
  20372: ffffff;
  20373: ffffff;
  20374: ffffff;
  20375: ffffff;
  20376: ffffff;
  20377: ffffff;
  20378: ffffff;
  20379: ffffff;
  20380: ffffff;
  20381: ffffff;
  20382: ffffff;
  20383: ffffff;
  20384: ffffff;
  20385: ffffff;
  20386: ffffff;
  20387: ffffff;
  20388: ffffff;
  20389: ffffff;
  20390: ffffff;
  20391: ffffff;
  20392: ffffff;
  20393: ffffff;
  20394: ffffff;
  20395: ffffff;
  20396: ffffff;
  20397: ffffff;
  20398: ffffff;
  20399: ffffff;
  20400: ffffff;
  20401: ffffff;
  20402: ffffff;
  20403: ffffff;
  20404: ffffff;
  20405: ffffff;
  20406: ffffff;
  20407: ffffff;
  20408: ffffff;
  20409: ffffff;
  20410: ffffff;
  20411: ffffff;
  20412: ffffff;
  20413: ffffff;
  20414: ffffff;
  20415: ffffff;
  20416: fefefe;
  20417: ffffff;
  20418: ffffff;
  20419: ffffff;
  20420: fdfdfd;
  20421: ffffff;
  20422: fcfcfc;
  20423: fefefe;
  20424: ffffff;
  20425: fdfdfd;
  20426: ffffff;
  20427: fefefe;
  20428: ffffff;
  20429: fefefe;
  20430: fcfcfc;
  20431: ffffff;
  20432: ffffff;
  20433: fbfbfb;
  20434: ffffff;
  20435: ffffff;
  20436: fefefe;
  20437: fefefe;
  20438: ffffff;
  20439: fdfdfd;
  20440: ffffff;
  20441: ffffff;
  20442: ffffff;
  20443: ffffff;
  20444: ffffff;
  20445: ffffff;
  20446: ffffff;
  20447: ffffff;
  20448: ffffff;
  20449: ffffff;
  20450: ffffff;
  20451: ffffff;
  20452: ffffff;
  20453: ffffff;
  20454: ffffff;
  20455: ffffff;
  20456: ffffff;
  20457: ffffff;
  20458: ffffff;
  20459: ffffff;
  20460: ffffff;
  20461: ffffff;
  20462: ffffff;
  20463: ffffff;
  20464: ffffff;
  20465: ffffff;
  20466: ffffff;
  20467: ffffff;
  20468: ffffff;
  20469: ffffff;
  20470: ffffff;
  20471: ffffff;
  20472: ffffff;
  20473: ffffff;
  20474: ffffff;
  20475: ffffff;
  20476: ffffff;
  20477: ffffff;
  20478: ffffff;
  20479: ffffff;
END;
