WIDTH=24;
DEPTH=20480;

ADDRESS_RADIX=UNS;
DATA_RADIX=HEX;

CONTENT BEGIN
  0: ffffff;
  1: ffffff;
  2: ffffff;
  3: ffffff;
  4: ffffff;
  5: ffffff;
  6: ffffff;
  7: ffffff;
  8: ffffff;
  9: ffffff;
  10: ffffff;
  11: ffffff;
  12: ffffff;
  13: ffffff;
  14: ffffff;
  15: ffffff;
  16: ffffff;
  17: ffffff;
  18: ffffff;
  19: ffffff;
  20: ffffff;
  21: ffffff;
  22: ffffff;
  23: ffffff;
  24: ffffff;
  25: ffffff;
  26: ffffff;
  27: ffffff;
  28: ffffff;
  29: ffffff;
  30: ffffff;
  31: ffffff;
  32: ffffff;
  33: ffffff;
  34: ffffff;
  35: ffffff;
  36: ffffff;
  37: ffffff;
  38: ffffff;
  39: ffffff;
  40: ffffff;
  41: ffffff;
  42: ffffff;
  43: ffffff;
  44: ffffff;
  45: ffffff;
  46: ffffff;
  47: ffffff;
  48: ffffff;
  49: ffffff;
  50: ffffff;
  51: ffffff;
  52: ffffff;
  53: ffffff;
  54: ffffff;
  55: ffffff;
  56: ffffff;
  57: ffffff;
  58: ffffff;
  59: ffffff;
  60: ffffff;
  61: ffffff;
  62: ffffff;
  63: ffffff;
  64: ffffff;
  65: ffffff;
  66: ffffff;
  67: ffffff;
  68: ffffff;
  69: ffffff;
  70: ffffff;
  71: ffffff;
  72: ffffff;
  73: ffffff;
  74: ffffff;
  75: ffffff;
  76: ffffff;
  77: ffffff;
  78: ffffff;
  79: ffffff;
  80: ffffff;
  81: ffffff;
  82: ffffff;
  83: ffffff;
  84: ffffff;
  85: ffffff;
  86: ffffff;
  87: ffffff;
  88: ffffff;
  89: ffffff;
  90: ffffff;
  91: ffffff;
  92: ffffff;
  93: ffffff;
  94: ffffff;
  95: ffffff;
  96: ffffff;
  97: ffffff;
  98: ffffff;
  99: ffffff;
  100: ffffff;
  101: ffffff;
  102: ffffff;
  103: ffffff;
  104: ffffff;
  105: ffffff;
  106: ffffff;
  107: ffffff;
  108: ffffff;
  109: ffffff;
  110: ffffff;
  111: ffffff;
  112: ffffff;
  113: ffffff;
  114: ffffff;
  115: ffffff;
  116: ffffff;
  117: ffffff;
  118: ffffff;
  119: ffffff;
  120: ffffff;
  121: ffffff;
  122: ffffff;
  123: ffffff;
  124: ffffff;
  125: ffffff;
  126: ffffff;
  127: ffffff;
  128: ffffff;
  129: ffffff;
  130: ffffff;
  131: ffffff;
  132: ffffff;
  133: ffffff;
  134: ffffff;
  135: ffffff;
  136: ffffff;
  137: ffffff;
  138: ffffff;
  139: ffffff;
  140: ffffff;
  141: ffffff;
  142: ffffff;
  143: ffffff;
  144: ffffff;
  145: ffffff;
  146: ffffff;
  147: ffffff;
  148: ffffff;
  149: ffffff;
  150: ffffff;
  151: ffffff;
  152: ffffff;
  153: ffffff;
  154: ffffff;
  155: ffffff;
  156: ffffff;
  157: ffffff;
  158: ffffff;
  159: ffffff;
  160: ffffff;
  161: ffffff;
  162: ffffff;
  163: ffffff;
  164: ffffff;
  165: ffffff;
  166: ffffff;
  167: ffffff;
  168: ffffff;
  169: ffffff;
  170: ffffff;
  171: ffffff;
  172: ffffff;
  173: ffffff;
  174: ffffff;
  175: ffffff;
  176: ffffff;
  177: ffffff;
  178: ffffff;
  179: ffffff;
  180: ffffff;
  181: ffffff;
  182: ffffff;
  183: ffffff;
  184: ffffff;
  185: ffffff;
  186: ffffff;
  187: ffffff;
  188: ffffff;
  189: ffffff;
  190: ffffff;
  191: ffffff;
  192: ffffff;
  193: ffffff;
  194: ffffff;
  195: ffffff;
  196: ffffff;
  197: ffffff;
  198: ffffff;
  199: ffffff;
  200: ffffff;
  201: ffffff;
  202: ffffff;
  203: ffffff;
  204: ffffff;
  205: ffffff;
  206: ffffff;
  207: ffffff;
  208: ffffff;
  209: ffffff;
  210: ffffff;
  211: ffffff;
  212: ffffff;
  213: ffffff;
  214: ffffff;
  215: ffffff;
  216: ffffff;
  217: ffffff;
  218: ffffff;
  219: ffffff;
  220: ffffff;
  221: ffffff;
  222: ffffff;
  223: ffffff;
  224: ffffff;
  225: ffffff;
  226: ffffff;
  227: ffffff;
  228: ffffff;
  229: ffffff;
  230: ffffff;
  231: ffffff;
  232: ffffff;
  233: ffffff;
  234: ffffff;
  235: ffffff;
  236: ffffff;
  237: ffffff;
  238: ffffff;
  239: ffffff;
  240: ffffff;
  241: ffffff;
  242: ffffff;
  243: ffffff;
  244: ffffff;
  245: ffffff;
  246: ffffff;
  247: ffffff;
  248: ffffff;
  249: ffffff;
  250: ffffff;
  251: ffffff;
  252: ffffff;
  253: ffffff;
  254: ffffff;
  255: ffffff;
  256: ffffff;
  257: ffffff;
  258: ffffff;
  259: ffffff;
  260: ffffff;
  261: ffffff;
  262: ffffff;
  263: ffffff;
  264: ffffff;
  265: ffffff;
  266: ffffff;
  267: ffffff;
  268: ffffff;
  269: ffffff;
  270: ffffff;
  271: ffffff;
  272: ffffff;
  273: ffffff;
  274: ffffff;
  275: ffffff;
  276: ffffff;
  277: ffffff;
  278: ffffff;
  279: ffffff;
  280: ffffff;
  281: ffffff;
  282: ffffff;
  283: ffffff;
  284: ffffff;
  285: ffffff;
  286: ffffff;
  287: ffffff;
  288: ffffff;
  289: ffffff;
  290: ffffff;
  291: ffffff;
  292: ffffff;
  293: ffffff;
  294: ffffff;
  295: ffffff;
  296: ffffff;
  297: ffffff;
  298: ffffff;
  299: ffffff;
  300: ffffff;
  301: ffffff;
  302: ffffff;
  303: ffffff;
  304: ffffff;
  305: ffffff;
  306: ffffff;
  307: ffffff;
  308: ffffff;
  309: ffffff;
  310: ffffff;
  311: ffffff;
  312: ffffff;
  313: ffffff;
  314: ffffff;
  315: ffffff;
  316: ffffff;
  317: ffffff;
  318: ffffff;
  319: ffffff;
  320: ffffff;
  321: ffffff;
  322: ffffff;
  323: ffffff;
  324: ffffff;
  325: ffffff;
  326: ffffff;
  327: ffffff;
  328: ffffff;
  329: ffffff;
  330: ffffff;
  331: ffffff;
  332: ffffff;
  333: ffffff;
  334: ffffff;
  335: ffffff;
  336: ffffff;
  337: ffffff;
  338: ffffff;
  339: ffffff;
  340: ffffff;
  341: ffffff;
  342: ffffff;
  343: ffffff;
  344: ffffff;
  345: ffffff;
  346: ffffff;
  347: ffffff;
  348: ffffff;
  349: ffffff;
  350: ffffff;
  351: ffffff;
  352: ffffff;
  353: ffffff;
  354: ffffff;
  355: ffffff;
  356: ffffff;
  357: ffffff;
  358: ffffff;
  359: ffffff;
  360: ffffff;
  361: ffffff;
  362: ffffff;
  363: ffffff;
  364: ffffff;
  365: ffffff;
  366: ffffff;
  367: ffffff;
  368: ffffff;
  369: ffffff;
  370: ffffff;
  371: ffffff;
  372: ffffff;
  373: ffffff;
  374: ffffff;
  375: ffffff;
  376: ffffff;
  377: ffffff;
  378: ffffff;
  379: ffffff;
  380: ffffff;
  381: ffffff;
  382: ffffff;
  383: ffffff;
  384: ffffff;
  385: ffffff;
  386: ffffff;
  387: ffffff;
  388: ffffff;
  389: ffffff;
  390: ffffff;
  391: ffffff;
  392: ffffff;
  393: ffffff;
  394: ffffff;
  395: ffffff;
  396: ffffff;
  397: ffffff;
  398: ffffff;
  399: ffffff;
  400: ffffff;
  401: ffffff;
  402: ffffff;
  403: ffffff;
  404: ffffff;
  405: ffffff;
  406: ffffff;
  407: ffffff;
  408: ffffff;
  409: ffffff;
  410: ffffff;
  411: ffffff;
  412: ffffff;
  413: ffffff;
  414: ffffff;
  415: ffffff;
  416: ffffff;
  417: ffffff;
  418: ffffff;
  419: ffffff;
  420: ffffff;
  421: ffffff;
  422: ffffff;
  423: ffffff;
  424: ffffff;
  425: ffffff;
  426: ffffff;
  427: ffffff;
  428: ffffff;
  429: ffffff;
  430: ffffff;
  431: ffffff;
  432: ffffff;
  433: ffffff;
  434: ffffff;
  435: ffffff;
  436: ffffff;
  437: ffffff;
  438: ffffff;
  439: ffffff;
  440: ffffff;
  441: ffffff;
  442: ffffff;
  443: ffffff;
  444: ffffff;
  445: ffffff;
  446: ffffff;
  447: ffffff;
  448: ffffff;
  449: ffffff;
  450: ffffff;
  451: ffffff;
  452: ffffff;
  453: ffffff;
  454: ffffff;
  455: ffffff;
  456: ffffff;
  457: ffffff;
  458: ffffff;
  459: ffffff;
  460: ffffff;
  461: ffffff;
  462: ffffff;
  463: ffffff;
  464: ffffff;
  465: ffffff;
  466: ffffff;
  467: ffffff;
  468: ffffff;
  469: ffffff;
  470: ffffff;
  471: ffffff;
  472: ffffff;
  473: ffffff;
  474: ffffff;
  475: ffffff;
  476: ffffff;
  477: ffffff;
  478: ffffff;
  479: ffffff;
  480: ffffff;
  481: ffffff;
  482: ffffff;
  483: ffffff;
  484: ffffff;
  485: ffffff;
  486: ffffff;
  487: ffffff;
  488: ffffff;
  489: ffffff;
  490: ffffff;
  491: ffffff;
  492: ffffff;
  493: ffffff;
  494: ffffff;
  495: ffffff;
  496: ffffff;
  497: ffffff;
  498: ffffff;
  499: ffffff;
  500: ffffff;
  501: ffffff;
  502: ffffff;
  503: ffffff;
  504: ffffff;
  505: ffffff;
  506: ffffff;
  507: ffffff;
  508: ffffff;
  509: ffffff;
  510: ffffff;
  511: ffffff;
  512: ffffff;
  513: ffffff;
  514: ffffff;
  515: ffffff;
  516: ffffff;
  517: ffffff;
  518: ffffff;
  519: ffffff;
  520: ffffff;
  521: ffffff;
  522: ffffff;
  523: ffffff;
  524: ffffff;
  525: ffffff;
  526: ffffff;
  527: ffffff;
  528: ffffff;
  529: ffffff;
  530: ffffff;
  531: ffffff;
  532: ffffff;
  533: ffffff;
  534: ffffff;
  535: ffffff;
  536: ffffff;
  537: ffffff;
  538: ffffff;
  539: ffffff;
  540: ffffff;
  541: ffffff;
  542: ffffff;
  543: ffffff;
  544: ffffff;
  545: ffffff;
  546: ffffff;
  547: ffffff;
  548: ffffff;
  549: ffffff;
  550: ffffff;
  551: ffffff;
  552: ffffff;
  553: ffffff;
  554: ffffff;
  555: ffffff;
  556: ffffff;
  557: ffffff;
  558: ffffff;
  559: ffffff;
  560: ffffff;
  561: ffffff;
  562: ffffff;
  563: ffffff;
  564: ffffff;
  565: ffffff;
  566: ffffff;
  567: ffffff;
  568: ffffff;
  569: ffffff;
  570: ffffff;
  571: ffffff;
  572: ffffff;
  573: ffffff;
  574: ffffff;
  575: ffffff;
  576: ffffff;
  577: ffffff;
  578: ffffff;
  579: ffffff;
  580: ffffff;
  581: ffffff;
  582: ffffff;
  583: ffffff;
  584: ffffff;
  585: ffffff;
  586: ffffff;
  587: ffffff;
  588: ffffff;
  589: ffffff;
  590: ffffff;
  591: ffffff;
  592: ffffff;
  593: ffffff;
  594: ffffff;
  595: ffffff;
  596: ffffff;
  597: ffffff;
  598: ffffff;
  599: ffffff;
  600: ffffff;
  601: ffffff;
  602: ffffff;
  603: ffffff;
  604: ffffff;
  605: ffffff;
  606: ffffff;
  607: ffffff;
  608: ffffff;
  609: ffffff;
  610: ffffff;
  611: ffffff;
  612: ffffff;
  613: ffffff;
  614: ffffff;
  615: ffffff;
  616: ffffff;
  617: ffffff;
  618: ffffff;
  619: ffffff;
  620: ffffff;
  621: ffffff;
  622: ffffff;
  623: ffffff;
  624: ffffff;
  625: ffffff;
  626: ffffff;
  627: ffffff;
  628: ffffff;
  629: ffffff;
  630: ffffff;
  631: ffffff;
  632: ffffff;
  633: ffffff;
  634: ffffff;
  635: ffffff;
  636: ffffff;
  637: ffffff;
  638: ffffff;
  639: ffffff;
  640: ffffff;
  641: ffffff;
  642: ffffff;
  643: ffffff;
  644: ffffff;
  645: ffffff;
  646: ffffff;
  647: ffffff;
  648: ffffff;
  649: ffffff;
  650: ffffff;
  651: ffffff;
  652: ffffff;
  653: ffffff;
  654: ffffff;
  655: ffffff;
  656: ffffff;
  657: ffffff;
  658: ffffff;
  659: ffffff;
  660: ffffff;
  661: ffffff;
  662: ffffff;
  663: ffffff;
  664: ffffff;
  665: ffffff;
  666: ffffff;
  667: ffffff;
  668: ffffff;
  669: ffffff;
  670: ffffff;
  671: ffffff;
  672: ffffff;
  673: ffffff;
  674: ffffff;
  675: ffffff;
  676: ffffff;
  677: ffffff;
  678: ffffff;
  679: ffffff;
  680: ffffff;
  681: ffffff;
  682: ffffff;
  683: ffffff;
  684: ffffff;
  685: ffffff;
  686: ffffff;
  687: ffffff;
  688: ffffff;
  689: ffffff;
  690: ffffff;
  691: ffffff;
  692: ffffff;
  693: ffffff;
  694: ffffff;
  695: ffffff;
  696: ffffff;
  697: ffffff;
  698: ffffff;
  699: ffffff;
  700: ffffff;
  701: ffffff;
  702: ffffff;
  703: ffffff;
  704: ffffff;
  705: ffffff;
  706: ffffff;
  707: ffffff;
  708: ffffff;
  709: ffffff;
  710: ffffff;
  711: ffffff;
  712: ffffff;
  713: ffffff;
  714: ffffff;
  715: ffffff;
  716: ffffff;
  717: ffffff;
  718: ffffff;
  719: ffffff;
  720: ffffff;
  721: ffffff;
  722: ffffff;
  723: ffffff;
  724: ffffff;
  725: ffffff;
  726: ffffff;
  727: ffffff;
  728: ffffff;
  729: ffffff;
  730: ffffff;
  731: ffffff;
  732: ffffff;
  733: ffffff;
  734: ffffff;
  735: ffffff;
  736: ffffff;
  737: ffffff;
  738: ffffff;
  739: ffffff;
  740: ffffff;
  741: ffffff;
  742: ffffff;
  743: ffffff;
  744: ffffff;
  745: ffffff;
  746: ffffff;
  747: ffffff;
  748: ffffff;
  749: ffffff;
  750: ffffff;
  751: ffffff;
  752: ffffff;
  753: ffffff;
  754: ffffff;
  755: ffffff;
  756: ffffff;
  757: ffffff;
  758: ffffff;
  759: ffffff;
  760: ffffff;
  761: ffffff;
  762: ffffff;
  763: ffffff;
  764: ffffff;
  765: ffffff;
  766: ffffff;
  767: ffffff;
  768: ffffff;
  769: ffffff;
  770: ffffff;
  771: ffffff;
  772: ffffff;
  773: ffffff;
  774: ffffff;
  775: ffffff;
  776: ffffff;
  777: ffffff;
  778: ffffff;
  779: ffffff;
  780: ffffff;
  781: ffffff;
  782: ffffff;
  783: ffffff;
  784: ffffff;
  785: ffffff;
  786: ffffff;
  787: ffffff;
  788: ffffff;
  789: ffffff;
  790: ffffff;
  791: ffffff;
  792: ffffff;
  793: ffffff;
  794: ffffff;
  795: ffffff;
  796: ffffff;
  797: ffffff;
  798: ffffff;
  799: ffffff;
  800: ffffff;
  801: ffffff;
  802: ffffff;
  803: ffffff;
  804: ffffff;
  805: ffffff;
  806: ffffff;
  807: ffffff;
  808: ffffff;
  809: ffffff;
  810: ffffff;
  811: ffffff;
  812: ffffff;
  813: ffffff;
  814: ffffff;
  815: ffffff;
  816: ffffff;
  817: ffffff;
  818: ffffff;
  819: ffffff;
  820: ffffff;
  821: ffffff;
  822: ffffff;
  823: ffffff;
  824: ffffff;
  825: ffffff;
  826: ffffff;
  827: ffffff;
  828: ffffff;
  829: ffffff;
  830: ffffff;
  831: ffffff;
  832: ffffff;
  833: ffffff;
  834: ffffff;
  835: ffffff;
  836: ffffff;
  837: ffffff;
  838: ffffff;
  839: ffffff;
  840: ffffff;
  841: ffffff;
  842: ffffff;
  843: ffffff;
  844: ffffff;
  845: ffffff;
  846: ffffff;
  847: ffffff;
  848: ffffff;
  849: ffffff;
  850: ffffff;
  851: ffffff;
  852: ffffff;
  853: ffffff;
  854: ffffff;
  855: ffffff;
  856: ffffff;
  857: ffffff;
  858: ffffff;
  859: ffffff;
  860: ffffff;
  861: ffffff;
  862: ffffff;
  863: ffffff;
  864: ffffff;
  865: ffffff;
  866: ffffff;
  867: ffffff;
  868: ffffff;
  869: ffffff;
  870: ffffff;
  871: ffffff;
  872: ffffff;
  873: ffffff;
  874: ffffff;
  875: ffffff;
  876: ffffff;
  877: ffffff;
  878: ffffff;
  879: ffffff;
  880: ffffff;
  881: ffffff;
  882: ffffff;
  883: ffffff;
  884: ffffff;
  885: ffffff;
  886: ffffff;
  887: ffffff;
  888: ffffff;
  889: ffffff;
  890: ffffff;
  891: ffffff;
  892: ffffff;
  893: ffffff;
  894: ffffff;
  895: ffffff;
  896: ffffff;
  897: ffffff;
  898: ffffff;
  899: ffffff;
  900: ffffff;
  901: ffffff;
  902: ffffff;
  903: ffffff;
  904: ffffff;
  905: ffffff;
  906: ffffff;
  907: ffffff;
  908: ffffff;
  909: ffffff;
  910: ffffff;
  911: ffffff;
  912: ffffff;
  913: ffffff;
  914: ffffff;
  915: ffffff;
  916: ffffff;
  917: ffffff;
  918: ffffff;
  919: ffffff;
  920: ffffff;
  921: ffffff;
  922: ffffff;
  923: ffffff;
  924: ffffff;
  925: ffffff;
  926: ffffff;
  927: ffffff;
  928: ffffff;
  929: ffffff;
  930: ffffff;
  931: ffffff;
  932: ffffff;
  933: ffffff;
  934: ffffff;
  935: ffffff;
  936: ffffff;
  937: ffffff;
  938: ffffff;
  939: ffffff;
  940: ffffff;
  941: ffffff;
  942: ffffff;
  943: ffffff;
  944: ffffff;
  945: ffffff;
  946: ffffff;
  947: ffffff;
  948: ffffff;
  949: ffffff;
  950: ffffff;
  951: ffffff;
  952: ffffff;
  953: ffffff;
  954: ffffff;
  955: ffffff;
  956: ffffff;
  957: ffffff;
  958: ffffff;
  959: ffffff;
  960: ffffff;
  961: ffffff;
  962: ffffff;
  963: ffffff;
  964: ffffff;
  965: ffffff;
  966: ffffff;
  967: ffffff;
  968: ffffff;
  969: ffffff;
  970: ffffff;
  971: ffffff;
  972: ffffff;
  973: ffffff;
  974: ffffff;
  975: ffffff;
  976: ffffff;
  977: ffffff;
  978: ffffff;
  979: ffffff;
  980: ffffff;
  981: ffffff;
  982: ffffff;
  983: ffffff;
  984: ffffff;
  985: ffffff;
  986: ffffff;
  987: ffffff;
  988: ffffff;
  989: ffffff;
  990: ffffff;
  991: ffffff;
  992: ffffff;
  993: ffffff;
  994: ffffff;
  995: ffffff;
  996: ffffff;
  997: ffffff;
  998: ffffff;
  999: ffffff;
  1000: ffffff;
  1001: ffffff;
  1002: ffffff;
  1003: ffffff;
  1004: ffffff;
  1005: ffffff;
  1006: ffffff;
  1007: ffffff;
  1008: ffffff;
  1009: ffffff;
  1010: ffffff;
  1011: ffffff;
  1012: ffffff;
  1013: ffffff;
  1014: ffffff;
  1015: ffffff;
  1016: ffffff;
  1017: ffffff;
  1018: ffffff;
  1019: ffffff;
  1020: ffffff;
  1021: ffffff;
  1022: ffffff;
  1023: ffffff;
  1024: ffffff;
  1025: ffffff;
  1026: ffffff;
  1027: ffffff;
  1028: ffffff;
  1029: ffffff;
  1030: ffffff;
  1031: ffffff;
  1032: ffffff;
  1033: ffffff;
  1034: ffffff;
  1035: ffffff;
  1036: ffffff;
  1037: ffffff;
  1038: ffffff;
  1039: ffffff;
  1040: ffffff;
  1041: ffffff;
  1042: ffffff;
  1043: ffffff;
  1044: ffffff;
  1045: ffffff;
  1046: ffffff;
  1047: ffffff;
  1048: ffffff;
  1049: ffffff;
  1050: ffffff;
  1051: ffffff;
  1052: ffffff;
  1053: ffffff;
  1054: ffffff;
  1055: ffffff;
  1056: ffffff;
  1057: ffffff;
  1058: ffffff;
  1059: ffffff;
  1060: ffffff;
  1061: ffffff;
  1062: ffffff;
  1063: ffffff;
  1064: ffffff;
  1065: ffffff;
  1066: ffffff;
  1067: ffffff;
  1068: ffffff;
  1069: ffffff;
  1070: ffffff;
  1071: ffffff;
  1072: fdfdfd;
  1073: ffffff;
  1074: ffffff;
  1075: ffffff;
  1076: fefefe;
  1077: ffffff;
  1078: ffffff;
  1079: fefefe;
  1080: fefefe;
  1081: ffffff;
  1082: fdfdfd;
  1083: ffffff;
  1084: fefefe;
  1085: fefefe;
  1086: ffffff;
  1087: ffffff;
  1088: fefefe;
  1089: ffffff;
  1090: ffffff;
  1091: fefefe;
  1092: fefefe;
  1093: ffffff;
  1094: ffffff;
  1095: ffffff;
  1096: ffffff;
  1097: fdfdfd;
  1098: ffffff;
  1099: ffffff;
  1100: fdfdfd;
  1101: ffffff;
  1102: ffffff;
  1103: ffffff;
  1104: ffffff;
  1105: ffffff;
  1106: ffffff;
  1107: ffffff;
  1108: ffffff;
  1109: ffffff;
  1110: ffffff;
  1111: ffffff;
  1112: ffffff;
  1113: ffffff;
  1114: ffffff;
  1115: ffffff;
  1116: ffffff;
  1117: ffffff;
  1118: ffffff;
  1119: ffffff;
  1120: ffffff;
  1121: ffffff;
  1122: ffffff;
  1123: ffffff;
  1124: ffffff;
  1125: ffffff;
  1126: ffffff;
  1127: ffffff;
  1128: ffffff;
  1129: ffffff;
  1130: ffffff;
  1131: ffffff;
  1132: ffffff;
  1133: ffffff;
  1134: ffffff;
  1135: ffffff;
  1136: ffffff;
  1137: ffffff;
  1138: ffffff;
  1139: ffffff;
  1140: ffffff;
  1141: ffffff;
  1142: ffffff;
  1143: ffffff;
  1144: ffffff;
  1145: ffffff;
  1146: ffffff;
  1147: ffffff;
  1148: ffffff;
  1149: ffffff;
  1150: ffffff;
  1151: ffffff;
  1152: ffffff;
  1153: ffffff;
  1154: ffffff;
  1155: ffffff;
  1156: ffffff;
  1157: ffffff;
  1158: ffffff;
  1159: ffffff;
  1160: ffffff;
  1161: ffffff;
  1162: ffffff;
  1163: ffffff;
  1164: ffffff;
  1165: ffffff;
  1166: ffffff;
  1167: ffffff;
  1168: ffffff;
  1169: ffffff;
  1170: ffffff;
  1171: ffffff;
  1172: ffffff;
  1173: ffffff;
  1174: ffffff;
  1175: ffffff;
  1176: ffffff;
  1177: ffffff;
  1178: ffffff;
  1179: ffffff;
  1180: ffffff;
  1181: ffffff;
  1182: ffffff;
  1183: ffffff;
  1184: ffffff;
  1185: ffffff;
  1186: ffffff;
  1187: ffffff;
  1188: ffffff;
  1189: ffffff;
  1190: ffffff;
  1191: ffffff;
  1192: ffffff;
  1193: ffffff;
  1194: ffffff;
  1195: ffffff;
  1196: ffffff;
  1197: ffffff;
  1198: ffffff;
  1199: ffffff;
  1200: fefefe;
  1201: ffffff;
  1202: ffffff;
  1203: fefefe;
  1204: fefefe;
  1205: ffffff;
  1206: ffffff;
  1207: ffffff;
  1208: fefefe;
  1209: ffffff;
  1210: fdfdfd;
  1211: ffffff;
  1212: ffffff;
  1213: ffffff;
  1214: ffffff;
  1215: ffffff;
  1216: fdfdfd;
  1217: fdfdfd;
  1218: fdfdfd;
  1219: ffffff;
  1220: ffffff;
  1221: ffffff;
  1222: fefefe;
  1223: ffffff;
  1224: ffffff;
  1225: fdfdfd;
  1226: ffffff;
  1227: ffffff;
  1228: ffffff;
  1229: ffffff;
  1230: fdfdfd;
  1231: ffffff;
  1232: ffffff;
  1233: ffffff;
  1234: ffffff;
  1235: ffffff;
  1236: ffffff;
  1237: ffffff;
  1238: ffffff;
  1239: ffffff;
  1240: ffffff;
  1241: ffffff;
  1242: ffffff;
  1243: ffffff;
  1244: ffffff;
  1245: ffffff;
  1246: ffffff;
  1247: ffffff;
  1248: ffffff;
  1249: ffffff;
  1250: ffffff;
  1251: ffffff;
  1252: ffffff;
  1253: ffffff;
  1254: ffffff;
  1255: ffffff;
  1256: ffffff;
  1257: ffffff;
  1258: ffffff;
  1259: ffffff;
  1260: ffffff;
  1261: ffffff;
  1262: ffffff;
  1263: ffffff;
  1264: ffffff;
  1265: ffffff;
  1266: ffffff;
  1267: ffffff;
  1268: ffffff;
  1269: ffffff;
  1270: ffffff;
  1271: ffffff;
  1272: ffffff;
  1273: ffffff;
  1274: ffffff;
  1275: ffffff;
  1276: ffffff;
  1277: ffffff;
  1278: ffffff;
  1279: ffffff;
  1280: ffffff;
  1281: ffffff;
  1282: ffffff;
  1283: ffffff;
  1284: ffffff;
  1285: ffffff;
  1286: ffffff;
  1287: ffffff;
  1288: ffffff;
  1289: ffffff;
  1290: ffffff;
  1291: ffffff;
  1292: ffffff;
  1293: ffffff;
  1294: ffffff;
  1295: ffffff;
  1296: ffffff;
  1297: ffffff;
  1298: ffffff;
  1299: ffffff;
  1300: ffffff;
  1301: ffffff;
  1302: ffffff;
  1303: ffffff;
  1304: ffffff;
  1305: ffffff;
  1306: ffffff;
  1307: ffffff;
  1308: ffffff;
  1309: ffffff;
  1310: ffffff;
  1311: ffffff;
  1312: ffffff;
  1313: ffffff;
  1314: ffffff;
  1315: ffffff;
  1316: ffffff;
  1317: ffffff;
  1318: ffffff;
  1319: ffffff;
  1320: ffffff;
  1321: ffffff;
  1322: ffffff;
  1323: ffffff;
  1324: ffffff;
  1325: ffffff;
  1326: ffffff;
  1327: ffffff;
  1328: ffffff;
  1329: ffffff;
  1330: ffffff;
  1331: ffffff;
  1332: ffffff;
  1333: ffffff;
  1334: ffffff;
  1335: ffffff;
  1336: ffffff;
  1337: ffffff;
  1338: fdfdfd;
  1339: ffffff;
  1340: ffffff;
  1341: fdfdfd;
  1342: fdfdfd;
  1343: fcfcfc;
  1344: ffffff;
  1345: ffffff;
  1346: ffffff;
  1347: fefefe;
  1348: ffffff;
  1349: fefefe;
  1350: fdfdfd;
  1351: ffffff;
  1352: ffffff;
  1353: ffffff;
  1354: ffffff;
  1355: fcfcfc;
  1356: ffffff;
  1357: ffffff;
  1358: fdfdfd;
  1359: ffffff;
  1360: ffffff;
  1361: ffffff;
  1362: ffffff;
  1363: ffffff;
  1364: ffffff;
  1365: ffffff;
  1366: ffffff;
  1367: ffffff;
  1368: ffffff;
  1369: ffffff;
  1370: ffffff;
  1371: ffffff;
  1372: ffffff;
  1373: ffffff;
  1374: ffffff;
  1375: ffffff;
  1376: ffffff;
  1377: ffffff;
  1378: ffffff;
  1379: ffffff;
  1380: ffffff;
  1381: ffffff;
  1382: ffffff;
  1383: ffffff;
  1384: ffffff;
  1385: ffffff;
  1386: ffffff;
  1387: ffffff;
  1388: ffffff;
  1389: ffffff;
  1390: ffffff;
  1391: ffffff;
  1392: ffffff;
  1393: ffffff;
  1394: ffffff;
  1395: ffffff;
  1396: ffffff;
  1397: ffffff;
  1398: ffffff;
  1399: ffffff;
  1400: ffffff;
  1401: ffffff;
  1402: ffffff;
  1403: ffffff;
  1404: ffffff;
  1405: ffffff;
  1406: ffffff;
  1407: ffffff;
  1408: ffffff;
  1409: ffffff;
  1410: ffffff;
  1411: ffffff;
  1412: ffffff;
  1413: ffffff;
  1414: ffffff;
  1415: ffffff;
  1416: ffffff;
  1417: ffffff;
  1418: ffffff;
  1419: ffffff;
  1420: ffffff;
  1421: ffffff;
  1422: ffffff;
  1423: ffffff;
  1424: ffffff;
  1425: ffffff;
  1426: ffffff;
  1427: ffffff;
  1428: ffffff;
  1429: ffffff;
  1430: ffffff;
  1431: ffffff;
  1432: ffffff;
  1433: ffffff;
  1434: ffffff;
  1435: ffffff;
  1436: ffffff;
  1437: ffffff;
  1438: ffffff;
  1439: ffffff;
  1440: ffffff;
  1441: ffffff;
  1442: ffffff;
  1443: ffffff;
  1444: ffffff;
  1445: ffffff;
  1446: ffffff;
  1447: ffffff;
  1448: ffffff;
  1449: ffffff;
  1450: ffffff;
  1451: ffffff;
  1452: ffffff;
  1453: ffffff;
  1454: ffffff;
  1455: ffffff;
  1456: ffffff;
  1457: ffffff;
  1458: ffffff;
  1459: ffffff;
  1460: ffffff;
  1461: ffffff;
  1462: fefefe;
  1463: ffffff;
  1464: ffffff;
  1465: fefefe;
  1466: fdfdfd;
  1467: ffffff;
  1468: fefefe;
  1469: fdfdfd;
  1470: ffffff;
  1471: ffffff;
  1472: fcfcfc;
  1473: ffffff;
  1474: ffffff;
  1475: fdfdfd;
  1476: ffffff;
  1477: ffffff;
  1478: ffffff;
  1479: fcfcfc;
  1480: fdfdfd;
  1481: ffffff;
  1482: ffffff;
  1483: fefefe;
  1484: fdfdfd;
  1485: ffffff;
  1486: ffffff;
  1487: ffffff;
  1488: ffffff;
  1489: ffffff;
  1490: ffffff;
  1491: ffffff;
  1492: ffffff;
  1493: ffffff;
  1494: ffffff;
  1495: ffffff;
  1496: ffffff;
  1497: ffffff;
  1498: ffffff;
  1499: ffffff;
  1500: ffffff;
  1501: ffffff;
  1502: ffffff;
  1503: ffffff;
  1504: ffffff;
  1505: ffffff;
  1506: ffffff;
  1507: ffffff;
  1508: ffffff;
  1509: ffffff;
  1510: ffffff;
  1511: ffffff;
  1512: ffffff;
  1513: ffffff;
  1514: ffffff;
  1515: ffffff;
  1516: ffffff;
  1517: ffffff;
  1518: ffffff;
  1519: ffffff;
  1520: ffffff;
  1521: ffffff;
  1522: ffffff;
  1523: ffffff;
  1524: ffffff;
  1525: ffffff;
  1526: ffffff;
  1527: ffffff;
  1528: ffffff;
  1529: ffffff;
  1530: ffffff;
  1531: ffffff;
  1532: ffffff;
  1533: ffffff;
  1534: ffffff;
  1535: ffffff;
  1536: ffffff;
  1537: ffffff;
  1538: ffffff;
  1539: ffffff;
  1540: ffffff;
  1541: ffffff;
  1542: ffffff;
  1543: ffffff;
  1544: ffffff;
  1545: ffffff;
  1546: ffffff;
  1547: ffffff;
  1548: ffffff;
  1549: ffffff;
  1550: ffffff;
  1551: ffffff;
  1552: ffffff;
  1553: ffffff;
  1554: ffffff;
  1555: ffffff;
  1556: ffffff;
  1557: ffffff;
  1558: ffffff;
  1559: ffffff;
  1560: ffffff;
  1561: ffffff;
  1562: ffffff;
  1563: ffffff;
  1564: ffffff;
  1565: ffffff;
  1566: ffffff;
  1567: ffffff;
  1568: ffffff;
  1569: ffffff;
  1570: ffffff;
  1571: ffffff;
  1572: ffffff;
  1573: ffffff;
  1574: ffffff;
  1575: ffffff;
  1576: ffffff;
  1577: ffffff;
  1578: ffffff;
  1579: ffffff;
  1580: ffffff;
  1581: ffffff;
  1582: ffffff;
  1583: ffffff;
  1584: fefefe;
  1585: fefefe;
  1586: ffffff;
  1587: ffffff;
  1588: ffffff;
  1589: fefefe;
  1590: ffffff;
  1591: ffffff;
  1592: ffffff;
  1593: fefefe;
  1594: ffffff;
  1595: fefefe;
  1596: ffffff;
  1597: ffffff;
  1598: ffffff;
  1599: fafafa;
  1600: ffffff;
  1601: ffffff;
  1602: fefefe;
  1603: ffffff;
  1604: ffffff;
  1605: fcfcfc;
  1606: fdfdfd;
  1607: ffffff;
  1608: fdfdfd;
  1609: fdfdfd;
  1610: ffffff;
  1611: ffffff;
  1612: fefefe;
  1613: ffffff;
  1614: ffffff;
  1615: fdfdfd;
  1616: ffffff;
  1617: ffffff;
  1618: ffffff;
  1619: ffffff;
  1620: ffffff;
  1621: ffffff;
  1622: ffffff;
  1623: ffffff;
  1624: ffffff;
  1625: ffffff;
  1626: ffffff;
  1627: ffffff;
  1628: ffffff;
  1629: ffffff;
  1630: ffffff;
  1631: ffffff;
  1632: ffffff;
  1633: ffffff;
  1634: ffffff;
  1635: ffffff;
  1636: ffffff;
  1637: ffffff;
  1638: ffffff;
  1639: ffffff;
  1640: ffffff;
  1641: ffffff;
  1642: ffffff;
  1643: ffffff;
  1644: ffffff;
  1645: ffffff;
  1646: ffffff;
  1647: ffffff;
  1648: ffffff;
  1649: ffffff;
  1650: ffffff;
  1651: ffffff;
  1652: ffffff;
  1653: ffffff;
  1654: ffffff;
  1655: ffffff;
  1656: ffffff;
  1657: ffffff;
  1658: ffffff;
  1659: ffffff;
  1660: ffffff;
  1661: ffffff;
  1662: ffffff;
  1663: ffffff;
  1664: ffffff;
  1665: ffffff;
  1666: ffffff;
  1667: ffffff;
  1668: ffffff;
  1669: ffffff;
  1670: ffffff;
  1671: ffffff;
  1672: ffffff;
  1673: ffffff;
  1674: ffffff;
  1675: ffffff;
  1676: ffffff;
  1677: ffffff;
  1678: ffffff;
  1679: ffffff;
  1680: ffffff;
  1681: ffffff;
  1682: ffffff;
  1683: ffffff;
  1684: ffffff;
  1685: ffffff;
  1686: ffffff;
  1687: ffffff;
  1688: ffffff;
  1689: ffffff;
  1690: ffffff;
  1691: ffffff;
  1692: ffffff;
  1693: ffffff;
  1694: ffffff;
  1695: ffffff;
  1696: ffffff;
  1697: ffffff;
  1698: ffffff;
  1699: ffffff;
  1700: ffffff;
  1701: ffffff;
  1702: ffffff;
  1703: ffffff;
  1704: ffffff;
  1705: ffffff;
  1706: ffffff;
  1707: ffffff;
  1708: ffffff;
  1709: ffffff;
  1710: ffffff;
  1711: ffffff;
  1712: ffffff;
  1713: ffffff;
  1714: ffffff;
  1715: fefefe;
  1716: fefefe;
  1717: ffffff;
  1718: ffffff;
  1719: ffffff;
  1720: fcfcfc;
  1721: fcfcfc;
  1722: ffffff;
  1723: fefefe;
  1724: ffffff;
  1725: fefefe;
  1726: eaeaea;
  1727: cfcfcf;
  1728: c1c1c1;
  1729: e6e6e6;
  1730: ffffff;
  1731: ffffff;
  1732: fefefe;
  1733: ffffff;
  1734: ffffff;
  1735: fcfcfc;
  1736: ffffff;
  1737: ffffff;
  1738: fdfdfd;
  1739: ffffff;
  1740: ffffff;
  1741: fefefe;
  1742: ffffff;
  1743: ffffff;
  1744: ffffff;
  1745: ffffff;
  1746: ffffff;
  1747: ffffff;
  1748: ffffff;
  1749: ffffff;
  1750: ffffff;
  1751: ffffff;
  1752: ffffff;
  1753: ffffff;
  1754: ffffff;
  1755: ffffff;
  1756: ffffff;
  1757: ffffff;
  1758: ffffff;
  1759: ffffff;
  1760: ffffff;
  1761: ffffff;
  1762: ffffff;
  1763: ffffff;
  1764: ffffff;
  1765: ffffff;
  1766: ffffff;
  1767: ffffff;
  1768: ffffff;
  1769: ffffff;
  1770: ffffff;
  1771: ffffff;
  1772: ffffff;
  1773: ffffff;
  1774: ffffff;
  1775: ffffff;
  1776: ffffff;
  1777: ffffff;
  1778: ffffff;
  1779: ffffff;
  1780: ffffff;
  1781: ffffff;
  1782: ffffff;
  1783: ffffff;
  1784: ffffff;
  1785: ffffff;
  1786: ffffff;
  1787: ffffff;
  1788: ffffff;
  1789: ffffff;
  1790: ffffff;
  1791: ffffff;
  1792: ffffff;
  1793: ffffff;
  1794: ffffff;
  1795: ffffff;
  1796: ffffff;
  1797: ffffff;
  1798: ffffff;
  1799: ffffff;
  1800: ffffff;
  1801: ffffff;
  1802: ffffff;
  1803: ffffff;
  1804: ffffff;
  1805: ffffff;
  1806: ffffff;
  1807: ffffff;
  1808: ffffff;
  1809: ffffff;
  1810: ffffff;
  1811: ffffff;
  1812: ffffff;
  1813: ffffff;
  1814: ffffff;
  1815: ffffff;
  1816: ffffff;
  1817: ffffff;
  1818: ffffff;
  1819: ffffff;
  1820: ffffff;
  1821: ffffff;
  1822: ffffff;
  1823: ffffff;
  1824: ffffff;
  1825: ffffff;
  1826: ffffff;
  1827: ffffff;
  1828: ffffff;
  1829: ffffff;
  1830: ffffff;
  1831: ffffff;
  1832: ffffff;
  1833: ffffff;
  1834: ffffff;
  1835: ffffff;
  1836: ffffff;
  1837: ffffff;
  1838: ffffff;
  1839: ffffff;
  1840: ffffff;
  1841: ffffff;
  1842: ffffff;
  1843: fefefe;
  1844: ffffff;
  1845: ffffff;
  1846: ffffff;
  1847: fbfbfb;
  1848: ffffff;
  1849: e3e3e3;
  1850: c7c7c7;
  1851: a9a9a9;
  1852: a2a2a2;
  1853: a9a9a9;
  1854: aeaeae;
  1855: a8a8a8;
  1856: a9a9a9;
  1857: a8a8a8;
  1858: a6a6a6;
  1859: a5a5a5;
  1860: a7a7a7;
  1861: b6b6b6;
  1862: dadada;
  1863: ffffff;
  1864: f9f9f9;
  1865: ffffff;
  1866: fefefe;
  1867: fdfdfd;
  1868: ffffff;
  1869: fdfdfd;
  1870: ffffff;
  1871: ffffff;
  1872: ffffff;
  1873: ffffff;
  1874: ffffff;
  1875: ffffff;
  1876: ffffff;
  1877: ffffff;
  1878: ffffff;
  1879: ffffff;
  1880: ffffff;
  1881: ffffff;
  1882: ffffff;
  1883: ffffff;
  1884: ffffff;
  1885: ffffff;
  1886: ffffff;
  1887: ffffff;
  1888: ffffff;
  1889: ffffff;
  1890: ffffff;
  1891: ffffff;
  1892: ffffff;
  1893: ffffff;
  1894: ffffff;
  1895: ffffff;
  1896: ffffff;
  1897: ffffff;
  1898: ffffff;
  1899: ffffff;
  1900: ffffff;
  1901: ffffff;
  1902: ffffff;
  1903: ffffff;
  1904: ffffff;
  1905: ffffff;
  1906: ffffff;
  1907: ffffff;
  1908: ffffff;
  1909: ffffff;
  1910: ffffff;
  1911: ffffff;
  1912: ffffff;
  1913: ffffff;
  1914: ffffff;
  1915: ffffff;
  1916: ffffff;
  1917: ffffff;
  1918: ffffff;
  1919: ffffff;
  1920: ffffff;
  1921: ffffff;
  1922: ffffff;
  1923: ffffff;
  1924: ffffff;
  1925: ffffff;
  1926: ffffff;
  1927: ffffff;
  1928: ffffff;
  1929: ffffff;
  1930: ffffff;
  1931: ffffff;
  1932: ffffff;
  1933: ffffff;
  1934: ffffff;
  1935: ffffff;
  1936: ffffff;
  1937: ffffff;
  1938: ffffff;
  1939: ffffff;
  1940: ffffff;
  1941: ffffff;
  1942: ffffff;
  1943: ffffff;
  1944: ffffff;
  1945: ffffff;
  1946: ffffff;
  1947: ffffff;
  1948: ffffff;
  1949: ffffff;
  1950: ffffff;
  1951: ffffff;
  1952: fffeff;
  1953: fffeff;
  1954: ffffff;
  1955: feffff;
  1956: feffff;
  1957: ffffff;
  1958: fffeff;
  1959: fffeff;
  1960: fffeff;
  1961: fffeff;
  1962: fffeff;
  1963: ffffff;
  1964: ffffff;
  1965: feffff;
  1966: ffffff;
  1967: ffffff;
  1968: fdfdfd;
  1969: ffffff;
  1970: fffeff;
  1971: fffdfe;
  1972: ffffff;
  1973: ffffff;
  1974: fafafc;
  1975: f2f2f4;
  1976: b9babc;
  1977: a5a5a5;
  1978: a7a6a4;
  1979: afa5a4;
  1980: bca4a4;
  1981: c09e9f;
  1982: c59b9d;
  1983: c89a9c;
  1984: cc9b9e;
  1985: ca9da0;
  1986: c49da0;
  1987: baa0a3;
  1988: b0a6a5;
  1989: a8a8a6;
  1990: a7a7a7;
  1991: a7a9a8;
  1992: dddbdc;
  1993: fefefe;
  1994: ffffff;
  1995: fcfcfc;
  1996: fffeff;
  1997: fffeff;
  1998: fdfdfd;
  1999: ffffff;
  2000: fffeff;
  2001: ffffff;
  2002: feffff;
  2003: feffff;
  2004: ffffff;
  2005: ffffff;
  2006: ffffff;
  2007: ffffff;
  2008: fffeff;
  2009: fffffd;
  2010: ffffff;
  2011: ffffff;
  2012: ffffff;
  2013: ffffff;
  2014: ffffff;
  2015: ffffff;
  2016: ffffff;
  2017: ffffff;
  2018: ffffff;
  2019: ffffff;
  2020: ffffff;
  2021: ffffff;
  2022: ffffff;
  2023: fffeff;
  2024: fffeff;
  2025: fffeff;
  2026: fffeff;
  2027: ffffff;
  2028: ffffff;
  2029: ffffff;
  2030: ffffff;
  2031: fffeff;
  2032: ffffff;
  2033: ffffff;
  2034: ffffff;
  2035: ffffff;
  2036: ffffff;
  2037: ffffff;
  2038: ffffff;
  2039: ffffff;
  2040: ffffff;
  2041: ffffff;
  2042: ffffff;
  2043: ffffff;
  2044: ffffff;
  2045: ffffff;
  2046: ffffff;
  2047: ffffff;
  2048: ffffff;
  2049: ffffff;
  2050: ffffff;
  2051: ffffff;
  2052: ffffff;
  2053: ffffff;
  2054: ffffff;
  2055: ffffff;
  2056: ffffff;
  2057: ffffff;
  2058: ffffff;
  2059: ffffff;
  2060: ffffff;
  2061: ffffff;
  2062: ffffff;
  2063: ffffff;
  2064: ffffff;
  2065: ffffff;
  2066: feffff;
  2067: feffff;
  2068: feffff;
  2069: feffff;
  2070: feffff;
  2071: feffff;
  2072: ffffff;
  2073: ffffff;
  2074: fffeff;
  2075: fffeff;
  2076: fffeff;
  2077: fffeff;
  2078: ffffff;
  2079: fffeff;
  2080: fffdff;
  2081: fffcfe;
  2082: feffff;
  2083: fbffff;
  2084: fcffff;
  2085: ffffff;
  2086: fffbfd;
  2087: fffcff;
  2088: fffdfd;
  2089: fffdfc;
  2090: fffeff;
  2091: fdfbfc;
  2092: feffff;
  2093: fcffff;
  2094: feffff;
  2095: feffff;
  2096: fdfdff;
  2097: fffeff;
  2098: fffdff;
  2099: fef9fd;
  2100: c0bec1;
  2101: a4a4a6;
  2102: a7a6ab;
  2103: a9aaae;
  2104: a6aaad;
  2105: a7a7a7;
  2106: aba6a2;
  2107: c5a6a3;
  2108: db9396;
  2109: e37a7f;
  2110: db5c63;
  2111: bd3038;
  2112: af1e25;
  2113: d75057;
  2114: e6747c;
  2115: de9197;
  2116: bfa1a1;
  2117: b0afab;
  2118: a4a6a5;
  2119: a8acad;
  2120: aea9ad;
  2121: a9a7a8;
  2122: a7a9a8;
  2123: a9aba8;
  2124: e7e1e1;
  2125: fffdff;
  2126: fefcff;
  2127: ffffff;
  2128: fffeff;
  2129: fffdfe;
  2130: fbffff;
  2131: fbffff;
  2132: fdfeff;
  2133: ffffff;
  2134: fefefe;
  2135: fffeff;
  2136: fffefd;
  2137: fffefb;
  2138: fffffd;
  2139: fefefc;
  2140: ffffff;
  2141: feffff;
  2142: fbfbfd;
  2143: ffffff;
  2144: feffff;
  2145: ffffff;
  2146: fffeff;
  2147: fffeff;
  2148: ffffff;
  2149: ffffff;
  2150: fffeff;
  2151: fffeff;
  2152: fffcff;
  2153: fffcff;
  2154: fffeff;
  2155: fffeff;
  2156: feffff;
  2157: feffff;
  2158: fffeff;
  2159: fffeff;
  2160: fffeff;
  2161: ffffff;
  2162: ffffff;
  2163: ffffff;
  2164: ffffff;
  2165: ffffff;
  2166: ffffff;
  2167: ffffff;
  2168: ffffff;
  2169: ffffff;
  2170: ffffff;
  2171: ffffff;
  2172: ffffff;
  2173: ffffff;
  2174: ffffff;
  2175: ffffff;
  2176: ffffff;
  2177: ffffff;
  2178: ffffff;
  2179: ffffff;
  2180: ffffff;
  2181: ffffff;
  2182: ffffff;
  2183: ffffff;
  2184: ffffff;
  2185: ffffff;
  2186: ffffff;
  2187: ffffff;
  2188: ffffff;
  2189: ffffff;
  2190: ffffff;
  2191: ffffff;
  2192: ffffff;
  2193: ffffff;
  2194: ffffff;
  2195: ffffff;
  2196: ffffff;
  2197: ffffff;
  2198: ffffff;
  2199: ffffff;
  2200: ffffff;
  2201: ffffff;
  2202: fffeff;
  2203: fffeff;
  2204: fffeff;
  2205: ffffff;
  2206: ffffff;
  2207: ffffff;
  2208: fffdff;
  2209: fffeff;
  2210: fafcfb;
  2211: fcffff;
  2212: fcfefd;
  2213: ffffff;
  2214: fffeff;
  2215: fffbfd;
  2216: fffdfe;
  2217: fffeff;
  2218: fdf9fa;
  2219: fffdff;
  2220: fefeff;
  2221: fdfeff;
  2222: fdfeff;
  2223: feffff;
  2224: fffeff;
  2225: f9f9fb;
  2226: dddbde;
  2227: a9a5a6;
  2228: a9a3a3;
  2229: b1a5a7;
  2230: b9a0a4;
  2231: c09da3;
  2232: c99aa2;
  2233: d9a2a7;
  2234: d89c9c;
  2235: cd7979;
  2236: b93c42;
  2237: b71a23;
  2238: d21e27;
  2239: df1d26;
  2240: e8202b;
  2241: d91b25;
  2242: be1822;
  2243: ae2d32;
  2244: c06c6c;
  2245: cf9594;
  2246: d39fa3;
  2247: c99aa0;
  2248: c79aa1;
  2249: bf9ca2;
  2250: b1a3a3;
  2251: afabaa;
  2252: a6a2a3;
  2253: c2c0c3;
  2254: e3e2e7;
  2255: fffeff;
  2256: fffeff;
  2257: fffdfe;
  2258: fbffff;
  2259: fafeff;
  2260: fffeff;
  2261: ffffff;
  2262: feffff;
  2263: fefefe;
  2264: fffefd;
  2265: fffcf9;
  2266: fffffb;
  2267: fffffb;
  2268: f9fbf8;
  2269: feffff;
  2270: feffff;
  2271: fdfeff;
  2272: ffffff;
  2273: ffffff;
  2274: fffeff;
  2275: fffeff;
  2276: ffffff;
  2277: ffffff;
  2278: ffffff;
  2279: fffeff;
  2280: fffdff;
  2281: fffcff;
  2282: fffeff;
  2283: fffeff;
  2284: feffff;
  2285: feffff;
  2286: fffeff;
  2287: fffeff;
  2288: ffffff;
  2289: ffffff;
  2290: ffffff;
  2291: ffffff;
  2292: ffffff;
  2293: ffffff;
  2294: ffffff;
  2295: ffffff;
  2296: ffffff;
  2297: ffffff;
  2298: ffffff;
  2299: ffffff;
  2300: ffffff;
  2301: ffffff;
  2302: ffffff;
  2303: ffffff;
  2304: ffffff;
  2305: ffffff;
  2306: ffffff;
  2307: ffffff;
  2308: ffffff;
  2309: ffffff;
  2310: ffffff;
  2311: ffffff;
  2312: ffffff;
  2313: ffffff;
  2314: ffffff;
  2315: ffffff;
  2316: ffffff;
  2317: ffffff;
  2318: ffffff;
  2319: ffffff;
  2320: feffff;
  2321: ffffff;
  2322: fffeff;
  2323: fffeff;
  2324: fffdff;
  2325: fffeff;
  2326: fffeff;
  2327: fffeff;
  2328: ffffff;
  2329: ffffff;
  2330: ffffff;
  2331: ffffff;
  2332: ffffff;
  2333: feffff;
  2334: fcffff;
  2335: fcffff;
  2336: feffff;
  2337: feffff;
  2338: fbfffc;
  2339: fefffd;
  2340: fefffa;
  2341: fffffb;
  2342: feffff;
  2343: fcffff;
  2344: fcffff;
  2345: feffff;
  2346: fffeff;
  2347: fffdff;
  2348: ffffff;
  2349: f9f9fb;
  2350: fffeff;
  2351: bfbdc2;
  2352: 9f9ea4;
  2353: a8a9ad;
  2354: a2a6a7;
  2355: abadaa;
  2356: b0a9a3;
  2357: bd9e9b;
  2358: e0989c;
  2359: d96a73;
  2360: b11a2b;
  2361: c41c2d;
  2362: c7212b;
  2363: d22930;
  2364: d9242d;
  2365: df1f2a;
  2366: e8232d;
  2367: e81c27;
  2368: e81825;
  2369: ea1c28;
  2370: e8252d;
  2371: d81f24;
  2372: da2c2e;
  2373: cd272b;
  2374: c92530;
  2375: b61f2e;
  2376: d45463;
  2377: e58591;
  2378: d19ea5;
  2379: b7a3a5;
  2380: a8a9ab;
  2381: a5adaf;
  2382: a7a8ad;
  2383: a7a6ac;
  2384: a6a7ab;
  2385: eff0f4;
  2386: fffdff;
  2387: fffcff;
  2388: fffdff;
  2389: fdfdff;
  2390: f6fafb;
  2391: fcffff;
  2392: feffff;
  2393: fdfdfb;
  2394: fefdf9;
  2395: fffffb;
  2396: fcfffb;
  2397: fcfffd;
  2398: fbfffe;
  2399: feffff;
  2400: ffffff;
  2401: fffeff;
  2402: fffeff;
  2403: ffffff;
  2404: feffff;
  2405: fcffff;
  2406: fcffff;
  2407: fcffff;
  2408: ffffff;
  2409: fffeff;
  2410: fffeff;
  2411: ffffff;
  2412: feffff;
  2413: feffff;
  2414: feffff;
  2415: feffff;
  2416: ffffff;
  2417: ffffff;
  2418: ffffff;
  2419: ffffff;
  2420: ffffff;
  2421: ffffff;
  2422: ffffff;
  2423: ffffff;
  2424: ffffff;
  2425: ffffff;
  2426: ffffff;
  2427: ffffff;
  2428: ffffff;
  2429: ffffff;
  2430: ffffff;
  2431: ffffff;
  2432: ffffff;
  2433: ffffff;
  2434: ffffff;
  2435: ffffff;
  2436: ffffff;
  2437: ffffff;
  2438: ffffff;
  2439: ffffff;
  2440: ffffff;
  2441: ffffff;
  2442: ffffff;
  2443: ffffff;
  2444: ffffff;
  2445: ffffff;
  2446: ffffff;
  2447: ffffff;
  2448: feffff;
  2449: ffffff;
  2450: fffeff;
  2451: fffdff;
  2452: fffcff;
  2453: fffcff;
  2454: fffeff;
  2455: fffeff;
  2456: ffffff;
  2457: ffffff;
  2458: ffffff;
  2459: ffffff;
  2460: ffffff;
  2461: feffff;
  2462: fcffff;
  2463: fcffff;
  2464: fcffff;
  2465: feffff;
  2466: fcfffd;
  2467: fafcf7;
  2468: fefffa;
  2469: fefffb;
  2470: f6fcf8;
  2471: f9ffff;
  2472: f9ffff;
  2473: fcffff;
  2474: fefdff;
  2475: fcfafd;
  2476: fffeff;
  2477: f2f0f3;
  2478: acaaad;
  2479: a9a3a7;
  2480: b5a6ad;
  2481: b9a4a9;
  2482: b8a2a4;
  2483: c4a19f;
  2484: d39997;
  2485: c06867;
  2486: ba3c40;
  2487: c11d28;
  2488: e91e31;
  2489: f51b2c;
  2490: f11928;
  2491: ef1b27;
  2492: ee1c27;
  2493: e91a22;
  2494: ec1d27;
  2495: ee1c25;
  2496: ed1a23;
  2497: ee1b24;
  2498: ed1c22;
  2499: ef1c22;
  2500: f31820;
  2501: f61823;
  2502: f01624;
  2503: e21826;
  2504: d31e2d;
  2505: ad1927;
  2506: b54b55;
  2507: d79297;
  2508: bf9d9e;
  2509: b5a1a3;
  2510: bea5ab;
  2511: b2a1a7;
  2512: abacb0;
  2513: 9da2a5;
  2514: dcd5dc;
  2515: fffcff;
  2516: fdfbfe;
  2517: feffff;
  2518: fcffff;
  2519: fcffff;
  2520: f9fbfa;
  2521: fffffd;
  2522: fffffd;
  2523: fcfcfa;
  2524: fcfffd;
  2525: fcfffd;
  2526: f9fdfe;
  2527: fdfeff;
  2528: ffffff;
  2529: ffffff;
  2530: ffffff;
  2531: feffff;
  2532: fcffff;
  2533: fbffff;
  2534: fbffff;
  2535: fbffff;
  2536: feffff;
  2537: feffff;
  2538: ffffff;
  2539: ffffff;
  2540: feffff;
  2541: feffff;
  2542: fcffff;
  2543: fcffff;
  2544: ffffff;
  2545: ffffff;
  2546: ffffff;
  2547: ffffff;
  2548: ffffff;
  2549: ffffff;
  2550: ffffff;
  2551: ffffff;
  2552: ffffff;
  2553: ffffff;
  2554: ffffff;
  2555: ffffff;
  2556: ffffff;
  2557: ffffff;
  2558: ffffff;
  2559: ffffff;
  2560: ffffff;
  2561: ffffff;
  2562: ffffff;
  2563: ffffff;
  2564: ffffff;
  2565: ffffff;
  2566: ffffff;
  2567: ffffff;
  2568: ffffff;
  2569: ffffff;
  2570: ffffff;
  2571: ffffff;
  2572: ffffff;
  2573: ffffff;
  2574: ffffff;
  2575: ffffff;
  2576: feffff;
  2577: ffffff;
  2578: fffeff;
  2579: fffcff;
  2580: fffbff;
  2581: fffcff;
  2582: fffeff;
  2583: ffffff;
  2584: feffff;
  2585: feffff;
  2586: ffffff;
  2587: fffeff;
  2588: fffeff;
  2589: fffeff;
  2590: feffff;
  2591: feffff;
  2592: fefeff;
  2593: fefefe;
  2594: fefffd;
  2595: fbfffa;
  2596: fbfffb;
  2597: fbfffb;
  2598: fcfffd;
  2599: fafefd;
  2600: fcffff;
  2601: fafeff;
  2602: fcffff;
  2603: feffff;
  2604: bebabb;
  2605: 9e9d9b;
  2606: a7ada9;
  2607: ada5a2;
  2608: c59ca0;
  2609: d6959b;
  2610: e59397;
  2611: e9787e;
  2612: c22631;
  2613: ce1a26;
  2614: d81f27;
  2615: e6242c;
  2616: e71b24;
  2617: ed1b26;
  2618: ec1922;
  2619: ed1b24;
  2620: ec1f26;
  2621: e91c21;
  2622: ec191f;
  2623: ed1a20;
  2624: ee1d22;
  2625: eb1e23;
  2626: e81921;
  2627: f01d26;
  2628: f01420;
  2629: f71a29;
  2630: ef1b27;
  2631: ec1e28;
  2632: e41d24;
  2633: e5262e;
  2634: cf1e28;
  2635: ae1720;
  2636: db6a6e;
  2637: ec9397;
  2638: e3949a;
  2639: cb989d;
  2640: a8a2a4;
  2641: a8b2b3;
  2642: a7a8aa;
  2643: a4a4a4;
  2644: e0e5e1;
  2645: f8fefa;
  2646: fffffd;
  2647: fafaf8;
  2648: fffffd;
  2649: fefdfb;
  2650: fffdfe;
  2651: fffeff;
  2652: fdfeff;
  2653: feffff;
  2654: fffeff;
  2655: ffffff;
  2656: feffff;
  2657: fcffff;
  2658: fcffff;
  2659: fcffff;
  2660: fcffff;
  2661: feffff;
  2662: feffff;
  2663: feffff;
  2664: feffff;
  2665: feffff;
  2666: feffff;
  2667: feffff;
  2668: fffffd;
  2669: fffffd;
  2670: fffffd;
  2671: fffffd;
  2672: ffffff;
  2673: ffffff;
  2674: ffffff;
  2675: ffffff;
  2676: ffffff;
  2677: ffffff;
  2678: ffffff;
  2679: ffffff;
  2680: ffffff;
  2681: ffffff;
  2682: ffffff;
  2683: ffffff;
  2684: ffffff;
  2685: ffffff;
  2686: ffffff;
  2687: ffffff;
  2688: ffffff;
  2689: ffffff;
  2690: ffffff;
  2691: ffffff;
  2692: ffffff;
  2693: ffffff;
  2694: ffffff;
  2695: ffffff;
  2696: ffffff;
  2697: ffffff;
  2698: ffffff;
  2699: ffffff;
  2700: ffffff;
  2701: ffffff;
  2702: ffffff;
  2703: feffff;
  2704: feffff;
  2705: feffff;
  2706: fffeff;
  2707: fffdff;
  2708: fffdff;
  2709: fffeff;
  2710: ffffff;
  2711: fcffff;
  2712: fcffff;
  2713: fcffff;
  2714: fffeff;
  2715: fffeff;
  2716: fffdff;
  2717: fffeff;
  2718: fffeff;
  2719: ffffff;
  2720: ffffff;
  2721: ffffff;
  2722: fdfdfd;
  2723: fffffd;
  2724: f9fef8;
  2725: f6fbf5;
  2726: fefffd;
  2727: fdfffe;
  2728: fbffff;
  2729: e5e9ea;
  2730: a0a4a5;
  2731: aba5a7;
  2732: baa1a5;
  2733: c2a2a3;
  2734: bea29e;
  2735: cda09b;
  2736: c06769;
  2737: a0292f;
  2738: b52e34;
  2739: cf2933;
  2740: e91a2a;
  2741: f61729;
  2742: f01823;
  2743: eb1922;
  2744: ea1d24;
  2745: eb1e25;
  2746: ee1b24;
  2747: ee1b24;
  2748: ed1e26;
  2749: eb1c22;
  2750: ef1a20;
  2751: f11c22;
  2752: ee1d22;
  2753: eb1c22;
  2754: eb1e25;
  2755: ed1e28;
  2756: f11928;
  2757: f11928;
  2758: ea1b25;
  2759: e71a21;
  2760: ed1c22;
  2761: ef1a20;
  2762: f01a24;
  2763: e9242d;
  2764: d12e33;
  2765: bb2c30;
  2766: a7242a;
  2767: b54d54;
  2768: ce9699;
  2769: c2a2a3;
  2770: bd9fa1;
  2771: b59fa1;
  2772: b2aeab;
  2773: a4a9a5;
  2774: bdbdbd;
  2775: f1f1f1;
  2776: fffeff;
  2777: fffeff;
  2778: fffeff;
  2779: ffffff;
  2780: fcfdff;
  2781: fbfbfd;
  2782: fffcff;
  2783: fffdfe;
  2784: feffff;
  2785: fbffff;
  2786: fcffff;
  2787: fcffff;
  2788: feffff;
  2789: feffff;
  2790: ffffff;
  2791: ffffff;
  2792: ffffff;
  2793: ffffff;
  2794: feffff;
  2795: feffff;
  2796: fefffd;
  2797: fffffd;
  2798: fffefd;
  2799: fffefd;
  2800: fffeff;
  2801: ffffff;
  2802: ffffff;
  2803: ffffff;
  2804: ffffff;
  2805: ffffff;
  2806: ffffff;
  2807: ffffff;
  2808: ffffff;
  2809: ffffff;
  2810: ffffff;
  2811: ffffff;
  2812: ffffff;
  2813: ffffff;
  2814: ffffff;
  2815: ffffff;
  2816: ffffff;
  2817: ffffff;
  2818: ffffff;
  2819: ffffff;
  2820: ffffff;
  2821: ffffff;
  2822: ffffff;
  2823: ffffff;
  2824: ffffff;
  2825: ffffff;
  2826: ffffff;
  2827: ffffff;
  2828: ffffff;
  2829: ffffff;
  2830: ffffff;
  2831: feffff;
  2832: feffff;
  2833: feffff;
  2834: fffeff;
  2835: fffeff;
  2836: fffeff;
  2837: feffff;
  2838: fbffff;
  2839: f9ffff;
  2840: f9ffff;
  2841: fcffff;
  2842: fffeff;
  2843: fffdff;
  2844: fffcff;
  2845: fffcff;
  2846: fffeff;
  2847: fffeff;
  2848: fefeff;
  2849: fefeff;
  2850: fffafe;
  2851: fffdff;
  2852: fffcfc;
  2853: fffffb;
  2854: fafcf9;
  2855: fcffff;
  2856: a5a9ac;
  2857: 9e9fa3;
  2858: acaaad;
  2859: b89fa5;
  2860: d5939d;
  2861: ea9099;
  2862: ea8686;
  2863: c74d4c;
  2864: c52429;
  2865: d8252b;
  2866: d52226;
  2867: e2232b;
  2868: ed1927;
  2869: f21524;
  2870: f41e2a;
  2871: ea1823;
  2872: ee1c27;
  2873: ee1a26;
  2874: f11926;
  2875: f01825;
  2876: f01825;
  2877: f11b25;
  2878: f11b27;
  2879: f21a25;
  2880: f11a22;
  2881: ef1921;
  2882: ec1d25;
  2883: e71b24;
  2884: ea1c28;
  2885: e91b28;
  2886: e9202a;
  2887: eb1f28;
  2888: ef1d26;
  2889: ee1b22;
  2890: f01a22;
  2891: e4171e;
  2892: dc1f23;
  2893: dd282d;
  2894: db232b;
  2895: cd222b;
  2896: af1e23;
  2897: ed7277;
  2898: f48c97;
  2899: d9919c;
  2900: bda0a5;
  2901: aca7ab;
  2902: a2a5aa;
  2903: 9fa4aa;
  2904: dbdce1;
  2905: f7f8fc;
  2906: fcffff;
  2907: fbffff;
  2908: feffff;
  2909: fffeff;
  2910: fffffd;
  2911: fffffd;
  2912: ffffff;
  2913: ffffff;
  2914: ffffff;
  2915: ffffff;
  2916: feffff;
  2917: feffff;
  2918: ffffff;
  2919: fffeff;
  2920: fffeff;
  2921: fffeff;
  2922: ffffff;
  2923: feffff;
  2924: fefffd;
  2925: fffffd;
  2926: fffdfd;
  2927: fffcfd;
  2928: fffeff;
  2929: ffffff;
  2930: ffffff;
  2931: ffffff;
  2932: ffffff;
  2933: ffffff;
  2934: ffffff;
  2935: ffffff;
  2936: ffffff;
  2937: ffffff;
  2938: ffffff;
  2939: ffffff;
  2940: ffffff;
  2941: ffffff;
  2942: ffffff;
  2943: ffffff;
  2944: ffffff;
  2945: ffffff;
  2946: ffffff;
  2947: ffffff;
  2948: ffffff;
  2949: ffffff;
  2950: ffffff;
  2951: ffffff;
  2952: ffffff;
  2953: ffffff;
  2954: ffffff;
  2955: ffffff;
  2956: ffffff;
  2957: ffffff;
  2958: ffffff;
  2959: ffffff;
  2960: feffff;
  2961: feffff;
  2962: ffffff;
  2963: ffffff;
  2964: feffff;
  2965: fbffff;
  2966: f8ffff;
  2967: f8ffff;
  2968: f9ffff;
  2969: fcffff;
  2970: fffeff;
  2971: fffcff;
  2972: fffbff;
  2973: fffcff;
  2974: fffeff;
  2975: ffffff;
  2976: feffff;
  2977: fffeff;
  2978: fffdff;
  2979: fffdff;
  2980: fff9fa;
  2981: f4eeee;
  2982: a5a5a5;
  2983: a6a8a7;
  2984: aaa8ab;
  2985: b4a3a9;
  2986: c69da5;
  2987: da8e98;
  2988: b23e4b;
  2989: ad1d27;
  2990: c82d31;
  2991: d42729;
  2992: e31c21;
  2993: ed1c22;
  2994: ed2027;
  2995: e81923;
  2996: f21a27;
  2997: f31b28;
  2998: ea1825;
  2999: ec1e28;
  3000: ed1b26;
  3001: ee1b24;
  3002: f41c27;
  3003: f21a25;
  3004: ef1724;
  3005: f01a26;
  3006: ee1a28;
  3007: ef1827;
  3008: f11926;
  3009: f31b26;
  3010: eb1c24;
  3011: e81c25;
  3012: e71e26;
  3013: e81f27;
  3014: e61d25;
  3015: ea1c26;
  3016: ed1925;
  3017: f11b25;
  3018: f01a26;
  3019: f01e27;
  3020: e91e24;
  3021: e81d23;
  3022: ef1c25;
  3023: ec1d27;
  3024: e32028;
  3025: d7232c;
  3026: bf222d;
  3027: a42431;
  3028: cf7986;
  3029: cf9da8;
  3030: b6a2ab;
  3031: aaa7ae;
  3032: a7a6ac;
  3033: a7aaaf;
  3034: bcc4c6;
  3035: e8eeee;
  3036: ffffff;
  3037: fefdfb;
  3038: fffffd;
  3039: fffdfc;
  3040: fffeff;
  3041: fffdff;
  3042: fffdff;
  3043: fffdff;
  3044: ffffff;
  3045: feffff;
  3046: feffff;
  3047: ffffff;
  3048: fffeff;
  3049: fffeff;
  3050: ffffff;
  3051: feffff;
  3052: fcfffd;
  3053: fefffd;
  3054: fffdfd;
  3055: fffcfd;
  3056: fffeff;
  3057: ffffff;
  3058: ffffff;
  3059: ffffff;
  3060: ffffff;
  3061: ffffff;
  3062: ffffff;
  3063: ffffff;
  3064: ffffff;
  3065: ffffff;
  3066: ffffff;
  3067: ffffff;
  3068: ffffff;
  3069: ffffff;
  3070: ffffff;
  3071: ffffff;
  3072: ffffff;
  3073: ffffff;
  3074: ffffff;
  3075: ffffff;
  3076: ffffff;
  3077: ffffff;
  3078: ffffff;
  3079: ffffff;
  3080: ffffff;
  3081: ffffff;
  3082: ffffff;
  3083: ffffff;
  3084: ffffff;
  3085: ffffff;
  3086: ffffff;
  3087: ffffff;
  3088: feffff;
  3089: feffff;
  3090: feffff;
  3091: feffff;
  3092: fcffff;
  3093: fbffff;
  3094: f8ffff;
  3095: f9ffff;
  3096: fbffff;
  3097: ffffff;
  3098: fffcfd;
  3099: fffcff;
  3100: fffdff;
  3101: fffdfe;
  3102: fcfefd;
  3103: fcffff;
  3104: fcffff;
  3105: fcfdff;
  3106: feffff;
  3107: fcfcfc;
  3108: beb8bc;
  3109: a9a3a7;
  3110: aba9ae;
  3111: aca7ab;
  3112: b1a5a5;
  3113: cb9a9e;
  3114: ec7c88;
  3115: b61a28;
  3116: d5212d;
  3117: e2222d;
  3118: df1d26;
  3119: e41f28;
  3120: ea1c26;
  3121: ee1a26;
  3122: ee1a26;
  3123: f01928;
  3124: f11928;
  3125: ee1a28;
  3126: e71e26;
  3127: e61f26;
  3128: ea1d24;
  3129: ea191f;
  3130: ed1c22;
  3131: ed1c22;
  3132: ec1a23;
  3133: eb1924;
  3134: eb1b28;
  3135: ee1c29;
  3136: ee1727;
  3137: f21b2a;
  3138: ec1a23;
  3139: eb1e23;
  3140: e81d20;
  3141: e81d20;
  3142: ed1f23;
  3143: ef1921;
  3144: f21826;
  3145: f21828;
  3146: ee1a29;
  3147: eb1b29;
  3148: ea1c28;
  3149: eb1c26;
  3150: f01a24;
  3151: f01a24;
  3152: ea1d24;
  3153: e31c23;
  3154: e9242e;
  3155: da1e2c;
  3156: c91e31;
  3157: dd5a6c;
  3158: e09aa5;
  3159: bca1a6;
  3160: aba6aa;
  3161: a9afaf;
  3162: a0a6a4;
  3163: 9ea39f;
  3164: e9e8e6;
  3165: fffbfa;
  3166: fffdff;
  3167: fffdff;
  3168: fffbff;
  3169: fff9fd;
  3170: fffafe;
  3171: fffafd;
  3172: ffffff;
  3173: fcffff;
  3174: f5fefd;
  3175: fbffff;
  3176: ffffff;
  3177: fffeff;
  3178: ffffff;
  3179: fcffff;
  3180: fbfffd;
  3181: fbfffd;
  3182: fffffd;
  3183: fffefd;
  3184: fffeff;
  3185: ffffff;
  3186: ffffff;
  3187: ffffff;
  3188: ffffff;
  3189: ffffff;
  3190: ffffff;
  3191: ffffff;
  3192: ffffff;
  3193: ffffff;
  3194: ffffff;
  3195: ffffff;
  3196: ffffff;
  3197: ffffff;
  3198: ffffff;
  3199: ffffff;
  3200: ffffff;
  3201: ffffff;
  3202: ffffff;
  3203: ffffff;
  3204: ffffff;
  3205: ffffff;
  3206: ffffff;
  3207: ffffff;
  3208: ffffff;
  3209: ffffff;
  3210: ffffff;
  3211: ffffff;
  3212: ffffff;
  3213: ffffff;
  3214: ffffff;
  3215: ffffff;
  3216: ffffff;
  3217: feffff;
  3218: feffff;
  3219: feffff;
  3220: fcffff;
  3221: fbffff;
  3222: fbffff;
  3223: fcffff;
  3224: feffff;
  3225: fffdfe;
  3226: fffdff;
  3227: fffcfe;
  3228: fdfbfc;
  3229: feffff;
  3230: fafffe;
  3231: f9ffff;
  3232: fcffff;
  3233: fcfdff;
  3234: fdfeff;
  3235: a9a9ab;
  3236: aaaaac;
  3237: ada1a5;
  3238: c09da4;
  3239: cc979f;
  3240: d89899;
  3241: da7678;
  3242: b6141f;
  3243: e21c2b;
  3244: ed1d2a;
  3245: ea1622;
  3246: ec1a25;
  3247: ed1e28;
  3248: ed1b26;
  3249: ee1a26;
  3250: f11928;
  3251: f11926;
  3252: f11926;
  3253: ed1b26;
  3254: e61f24;
  3255: e42024;
  3256: ea1d22;
  3257: eb1c22;
  3258: ec1e22;
  3259: ea1b21;
  3260: ed1e24;
  3261: f02129;
  3262: e61920;
  3263: ed1e28;
  3264: ef1b2a;
  3265: f11a29;
  3266: ee1c25;
  3267: ed1e24;
  3268: ed2225;
  3269: e51b1b;
  3270: ef1e21;
  3271: f21b22;
  3272: f41824;
  3273: f41726;
  3274: ee1a28;
  3275: eb1b29;
  3276: ea1c28;
  3277: eb1c26;
  3278: f01a24;
  3279: f01a22;
  3280: eb1e23;
  3281: e91c21;
  3282: ef1923;
  3283: f41c2b;
  3284: ec192c;
  3285: d01e2e;
  3286: c24950;
  3287: d08083;
  3288: d0989b;
  3289: c09e9d;
  3290: b6a8a5;
  3291: aba8a3;
  3292: a4a09f;
  3293: ede9ea;
  3294: fffeff;
  3295: fbfaff;
  3296: fffcff;
  3297: fffdff;
  3298: fffbff;
  3299: fffcff;
  3300: fffeff;
  3301: f8fcfd;
  3302: f9ffff;
  3303: f9ffff;
  3304: feffff;
  3305: ffffff;
  3306: feffff;
  3307: fcffff;
  3308: f9fffd;
  3309: fbfffd;
  3310: fefffd;
  3311: fffffd;
  3312: ffffff;
  3313: ffffff;
  3314: ffffff;
  3315: ffffff;
  3316: ffffff;
  3317: ffffff;
  3318: ffffff;
  3319: ffffff;
  3320: ffffff;
  3321: ffffff;
  3322: ffffff;
  3323: ffffff;
  3324: ffffff;
  3325: ffffff;
  3326: ffffff;
  3327: ffffff;
  3328: ffffff;
  3329: ffffff;
  3330: ffffff;
  3331: ffffff;
  3332: ffffff;
  3333: ffffff;
  3334: ffffff;
  3335: ffffff;
  3336: ffffff;
  3337: ffffff;
  3338: ffffff;
  3339: ffffff;
  3340: ffffff;
  3341: ffffff;
  3342: ffffff;
  3343: ffffff;
  3344: ffffff;
  3345: ffffff;
  3346: feffff;
  3347: feffff;
  3348: feffff;
  3349: feffff;
  3350: ffffff;
  3351: fffeff;
  3352: fffeff;
  3353: fffbfc;
  3354: fffeff;
  3355: fffdfe;
  3356: feffff;
  3357: f5fbf9;
  3358: f8ffff;
  3359: f7fffd;
  3360: d8dad9;
  3361: a9a7aa;
  3362: aba6ad;
  3363: acaaaf;
  3364: a2a8a6;
  3365: bea4a3;
  3366: e8848e;
  3367: ac1f28;
  3368: c4292d;
  3369: d02627;
  3370: e7282d;
  3371: e31c23;
  3372: ea212b;
  3373: eb1f2a;
  3374: ea1e29;
  3375: ea1c28;
  3376: ed1b28;
  3377: f01928;
  3378: f01a26;
  3379: f11924;
  3380: f21922;
  3381: f01a22;
  3382: e91e21;
  3383: e71f21;
  3384: ed1f23;
  3385: eb181e;
  3386: f01d24;
  3387: f01d24;
  3388: ea171e;
  3389: ee1d22;
  3390: ed2124;
  3391: e6171d;
  3392: ed1723;
  3393: f21c28;
  3394: ef1d28;
  3395: e5181f;
  3396: e71e24;
  3397: ec2427;
  3398: e6171d;
  3399: f21f25;
  3400: f21921;
  3401: f21921;
  3402: ee1b22;
  3403: eb1c22;
  3404: e71f22;
  3405: e91e22;
  3406: ed1b24;
  3407: eb1c24;
  3408: e51e23;
  3409: e92227;
  3410: ea1b25;
  3411: ea1825;
  3412: ec1e2a;
  3413: e42127;
  3414: d62424;
  3415: d02c2b;
  3416: bd2429;
  3417: d35e64;
  3418: d49c9b;
  3419: b7a3a2;
  3420: b0a7aa;
  3421: a7a6ab;
  3422: 99a1a3;
  3423: a4b0ae;
  3424: f7ffff;
  3425: f9fffd;
  3426: fdfdfd;
  3427: fffeff;
  3428: fffcfd;
  3429: fffeff;
  3430: f8fcfd;
  3431: f8fcfd;
  3432: feffff;
  3433: feffff;
  3434: feffff;
  3435: fcffff;
  3436: fbffff;
  3437: fbffff;
  3438: fefffd;
  3439: fffffd;
  3440: ffffff;
  3441: ffffff;
  3442: ffffff;
  3443: ffffff;
  3444: ffffff;
  3445: ffffff;
  3446: ffffff;
  3447: ffffff;
  3448: ffffff;
  3449: ffffff;
  3450: ffffff;
  3451: ffffff;
  3452: ffffff;
  3453: ffffff;
  3454: ffffff;
  3455: ffffff;
  3456: ffffff;
  3457: ffffff;
  3458: ffffff;
  3459: ffffff;
  3460: ffffff;
  3461: ffffff;
  3462: ffffff;
  3463: ffffff;
  3464: ffffff;
  3465: ffffff;
  3466: ffffff;
  3467: ffffff;
  3468: ffffff;
  3469: ffffff;
  3470: ffffff;
  3471: ffffff;
  3472: fffeff;
  3473: ffffff;
  3474: ffffff;
  3475: feffff;
  3476: ffffff;
  3477: fffeff;
  3478: fffeff;
  3479: fffdff;
  3480: fffcfe;
  3481: fffeff;
  3482: fffdfe;
  3483: feffff;
  3484: fafefd;
  3485: fbffff;
  3486: fbffff;
  3487: d5dbd9;
  3488: a5a7a6;
  3489: aea3a7;
  3490: bd99a5;
  3491: c798a2;
  3492: d0a4a5;
  3493: d28482;
  3494: af1922;
  3495: e1222a;
  3496: eb1e23;
  3497: ef1e21;
  3498: e7191d;
  3499: eb2024;
  3500: e41b23;
  3501: e9202a;
  3502: e81c27;
  3503: e81a26;
  3504: ed1b26;
  3505: ee1b24;
  3506: ee1b24;
  3507: ee1b22;
  3508: f01a22;
  3509: ee1b22;
  3510: ea1d22;
  3511: e91e21;
  3512: eb1a1f;
  3513: f11e24;
  3514: ee1d22;
  3515: ec191f;
  3516: f01d23;
  3517: e9181d;
  3518: e72023;
  3519: e72023;
  3520: ef1d26;
  3521: f31d27;
  3522: eb1821;
  3523: ec1d25;
  3524: ec1f26;
  3525: e61b21;
  3526: ea1b21;
  3527: ef1e24;
  3528: f11a21;
  3529: f11a21;
  3530: f01b21;
  3531: eb1d21;
  3532: e91e21;
  3533: e91e22;
  3534: eb1c22;
  3535: eb1c24;
  3536: e92124;
  3537: e31c21;
  3538: ec1e28;
  3539: f1222c;
  3540: e81b22;
  3541: e51a1d;
  3542: ec1e20;
  3543: eb1f20;
  3544: ea1c26;
  3545: cc1e27;
  3546: c25455;
  3547: d2878b;
  3548: d599a1;
  3549: c49fa7;
  3550: aea8aa;
  3551: a2aeaa;
  3552: a0afa8;
  3553: f7fffd;
  3554: fcffff;
  3555: fcfcfc;
  3556: fffcfd;
  3557: fffeff;
  3558: fffeff;
  3559: ffffff;
  3560: ffffff;
  3561: feffff;
  3562: feffff;
  3563: fcffff;
  3564: fcffff;
  3565: feffff;
  3566: fffffd;
  3567: fffffd;
  3568: ffffff;
  3569: ffffff;
  3570: ffffff;
  3571: ffffff;
  3572: ffffff;
  3573: ffffff;
  3574: ffffff;
  3575: ffffff;
  3576: ffffff;
  3577: ffffff;
  3578: ffffff;
  3579: ffffff;
  3580: ffffff;
  3581: ffffff;
  3582: ffffff;
  3583: ffffff;
  3584: ffffff;
  3585: ffffff;
  3586: ffffff;
  3587: ffffff;
  3588: ffffff;
  3589: ffffff;
  3590: ffffff;
  3591: ffffff;
  3592: ffffff;
  3593: ffffff;
  3594: ffffff;
  3595: ffffff;
  3596: ffffff;
  3597: ffffff;
  3598: ffffff;
  3599: ffffff;
  3600: fffeff;
  3601: ffffff;
  3602: ffffff;
  3603: feffff;
  3604: ffffff;
  3605: fffeff;
  3606: fffdff;
  3607: fffcff;
  3608: fffeff;
  3609: fefcfd;
  3610: fafefd;
  3611: fbffff;
  3612: fbfffe;
  3613: d6d6d6;
  3614: a59fa1;
  3615: a9a4a8;
  3616: a2aaac;
  3617: baa3a9;
  3618: ef94a5;
  3619: c23d4e;
  3620: bd282e;
  3621: cb2527;
  3622: e02327;
  3623: ea1f23;
  3624: f01a22;
  3625: f11a21;
  3626: f12025;
  3627: ea1c20;
  3628: eb1c24;
  3629: f01e29;
  3630: ee1a29;
  3631: f11f2a;
  3632: ea1e21;
  3633: ea1e1d;
  3634: eb1d21;
  3635: eb1c22;
  3636: ea1c26;
  3637: ea1c26;
  3638: ea1c26;
  3639: ea1d24;
  3640: ee1d23;
  3641: ec1e22;
  3642: ea1e1f;
  3643: e91d1e;
  3644: f01b21;
  3645: ed1e26;
  3646: de2125;
  3647: e82f34;
  3648: e21b20;
  3649: eb1a20;
  3650: f21f26;
  3651: ed171f;
  3652: f01d24;
  3653: eb1a20;
  3654: ee1d23;
  3655: ea191f;
  3656: f01a24;
  3657: f11926;
  3658: f01a26;
  3659: ee1b24;
  3660: eb1c24;
  3661: eb1c22;
  3662: ee1b22;
  3663: ee1b22;
  3664: eb1d21;
  3665: ed1f23;
  3666: ed1c21;
  3667: ea171e;
  3668: ec1b21;
  3669: ef2229;
  3670: ef212b;
  3671: e81a24;
  3672: ec1a25;
  3673: e61d27;
  3674: d82328;
  3675: cc272e;
  3676: b71a2b;
  3677: e47180;
  3678: c69fa0;
  3679: a5a6a1;
  3680: a6a8a3;
  3681: a6aba5;
  3682: a2a8a4;
  3683: e6ebe7;
  3684: ffffff;
  3685: fffcfd;
  3686: fffcff;
  3687: fffafe;
  3688: fffeff;
  3689: feffff;
  3690: fcffff;
  3691: fcffff;
  3692: ffffff;
  3693: fffeff;
  3694: fffeff;
  3695: fffeff;
  3696: fffeff;
  3697: ffffff;
  3698: ffffff;
  3699: ffffff;
  3700: ffffff;
  3701: ffffff;
  3702: ffffff;
  3703: ffffff;
  3704: ffffff;
  3705: ffffff;
  3706: ffffff;
  3707: ffffff;
  3708: ffffff;
  3709: ffffff;
  3710: ffffff;
  3711: ffffff;
  3712: ffffff;
  3713: ffffff;
  3714: ffffff;
  3715: ffffff;
  3716: ffffff;
  3717: ffffff;
  3718: ffffff;
  3719: ffffff;
  3720: ffffff;
  3721: ffffff;
  3722: ffffff;
  3723: ffffff;
  3724: ffffff;
  3725: ffffff;
  3726: ffffff;
  3727: ffffff;
  3728: fffeff;
  3729: ffffff;
  3730: feffff;
  3731: feffff;
  3732: ffffff;
  3733: fffeff;
  3734: fffdff;
  3735: fffdff;
  3736: fefcfd;
  3737: fcffff;
  3738: f8fffe;
  3739: f7fdfb;
  3740: ababab;
  3741: aca3a6;
  3742: b8a1a9;
  3743: c1a3ab;
  3744: bda0a2;
  3745: d7969c;
  3746: c13445;
  3747: d61d2f;
  3748: ee222d;
  3749: f01d24;
  3750: ed1c21;
  3751: ec191f;
  3752: f01a22;
  3753: f11b23;
  3754: eb1a20;
  3755: ef1e24;
  3756: ed1c22;
  3757: ed1a23;
  3758: ea1420;
  3759: ef1c25;
  3760: eb1d1f;
  3761: ea1e1d;
  3762: eb1d21;
  3763: ea1d24;
  3764: ea1c26;
  3765: ea1c28;
  3766: ea1c28;
  3767: eb1c26;
  3768: ee1b22;
  3769: ef1e23;
  3770: e71b1c;
  3771: ed2124;
  3772: ef1e24;
  3773: e51922;
  3774: dd2229;
  3775: ff8f94;
  3776: e02128;
  3777: e41b23;
  3778: eb1922;
  3779: f11b23;
  3780: ee1820;
  3781: f11e25;
  3782: ee1d23;
  3783: ec1a23;
  3784: ee1a26;
  3785: ee1a28;
  3786: ee1a28;
  3787: ee1a28;
  3788: ed1b26;
  3789: ed1b24;
  3790: ee1b24;
  3791: ee1b22;
  3792: ec191f;
  3793: ee1b21;
  3794: ee1b21;
  3795: ef1c22;
  3796: f01d26;
  3797: ec1a25;
  3798: e71925;
  3799: eb1d29;
  3800: ee1a26;
  3801: ee1822;
  3802: f11e25;
  3803: ed1b26;
  3804: eb1a2f;
  3805: c01527;
  3806: d6777b;
  3807: d09e9d;
  3808: c09ca0;
  3809: bba7a9;
  3810: a8a7a5;
  3811: a1a7a3;
  3812: e0e4e3;
  3813: ffffff;
  3814: fffbff;
  3815: fffaff;
  3816: fffdff;
  3817: feffff;
  3818: fcffff;
  3819: fcffff;
  3820: fffeff;
  3821: fffeff;
  3822: fffeff;
  3823: fffeff;
  3824: fffeff;
  3825: ffffff;
  3826: ffffff;
  3827: ffffff;
  3828: ffffff;
  3829: ffffff;
  3830: ffffff;
  3831: ffffff;
  3832: ffffff;
  3833: ffffff;
  3834: ffffff;
  3835: ffffff;
  3836: ffffff;
  3837: ffffff;
  3838: ffffff;
  3839: ffffff;
  3840: ffffff;
  3841: ffffff;
  3842: ffffff;
  3843: ffffff;
  3844: ffffff;
  3845: ffffff;
  3846: ffffff;
  3847: ffffff;
  3848: ffffff;
  3849: ffffff;
  3850: ffffff;
  3851: ffffff;
  3852: ffffff;
  3853: ffffff;
  3854: ffffff;
  3855: ffffff;
  3856: fffeff;
  3857: ffffff;
  3858: fcffff;
  3859: fcffff;
  3860: feffff;
  3861: ffffff;
  3862: fffeff;
  3863: fffeff;
  3864: fcffff;
  3865: f7fffd;
  3866: f7ffff;
  3867: b4bdba;
  3868: ada7a9;
  3869: b69fa7;
  3870: c399a7;
  3871: d8929d;
  3872: de7778;
  3873: c43839;
  3874: d6202d;
  3875: e91c2d;
  3876: e61624;
  3877: ed1b26;
  3878: f21a25;
  3879: f01a24;
  3880: e91c23;
  3881: ea1e27;
  3882: eb1c26;
  3883: eb1924;
  3884: ed1b24;
  3885: f12026;
  3886: f01f24;
  3887: ec1b20;
  3888: ee1b22;
  3889: ee1b22;
  3890: ee1b24;
  3891: ed1b24;
  3892: ed1b26;
  3893: ed1b26;
  3894: eb1c26;
  3895: ed1b24;
  3896: ef1820;
  3897: f11a22;
  3898: ed1c22;
  3899: e91c23;
  3900: e41620;
  3901: ec232d;
  3902: e5212b;
  3903: ff555f;
  3904: c70d18;
  3905: e2222d;
  3906: e91d29;
  3907: ed1925;
  3908: ef1c25;
  3909: eb1a20;
  3910: e9181e;
  3911: f11f28;
  3912: ed1b26;
  3913: ed1b28;
  3914: ea1c28;
  3915: ea1c28;
  3916: eb1c26;
  3917: eb1c24;
  3918: ed1b24;
  3919: ed1b24;
  3920: f21f28;
  3921: ed1a23;
  3922: ec1a23;
  3923: ec1a23;
  3924: ec1922;
  3925: ed1a23;
  3926: ee1c25;
  3927: ec1d25;
  3928: ec1a23;
  3929: ee1c25;
  3930: e91d26;
  3931: ea1c28;
  3932: ec1525;
  3933: e71d2b;
  3934: c4171d;
  3935: bd3239;
  3936: f18a9d;
  3937: d294a3;
  3938: b8a4a6;
  3939: a7aca8;
  3940: 9aa6a2;
  3941: e7f0ed;
  3942: fffdff;
  3943: fff9ff;
  3944: fffdff;
  3945: ffffff;
  3946: fbffff;
  3947: fcffff;
  3948: fffeff;
  3949: fffdff;
  3950: fffeff;
  3951: fffeff;
  3952: ffffff;
  3953: ffffff;
  3954: ffffff;
  3955: ffffff;
  3956: ffffff;
  3957: ffffff;
  3958: ffffff;
  3959: ffffff;
  3960: ffffff;
  3961: ffffff;
  3962: ffffff;
  3963: ffffff;
  3964: ffffff;
  3965: ffffff;
  3966: ffffff;
  3967: ffffff;
  3968: ffffff;
  3969: ffffff;
  3970: ffffff;
  3971: ffffff;
  3972: ffffff;
  3973: ffffff;
  3974: ffffff;
  3975: ffffff;
  3976: ffffff;
  3977: ffffff;
  3978: ffffff;
  3979: ffffff;
  3980: ffffff;
  3981: ffffff;
  3982: ffffff;
  3983: ffffff;
  3984: fffffd;
  3985: ffffff;
  3986: fcffff;
  3987: fcffff;
  3988: fcffff;
  3989: feffff;
  3990: fffeff;
  3991: ffffff;
  3992: fbffff;
  3993: c6cfce;
  3994: 9da7a6;
  3995: a8a7a5;
  3996: bda0a2;
  3997: d299a0;
  3998: d8808e;
  3999: a02631;
  4000: c72b2c;
  4001: dc2426;
  4002: eb1d29;
  4003: ee1a28;
  4004: ec1c29;
  4005: ec1a27;
  4006: f01825;
  4007: f11b27;
  4008: eb1f28;
  4009: e61d25;
  4010: e91926;
  4011: f11d29;
  4012: ec1922;
  4013: ec1920;
  4014: ef1e23;
  4015: ec1b20;
  4016: f11a22;
  4017: f11924;
  4018: ee1b24;
  4019: ed1b24;
  4020: ed1b24;
  4021: ed1c22;
  4022: eb1c22;
  4023: ed1c22;
  4024: f51c25;
  4025: f01720;
  4026: ec1922;
  4027: ec1d25;
  4028: ea1c26;
  4029: e81c27;
  4030: e51b27;
  4031: d91b27;
  4032: ffccd6;
  4033: b9121c;
  4034: de202c;
  4035: eb212d;
  4036: e81923;
  4037: ee1c25;
  4038: ee1d23;
  4039: ed1c21;
  4040: ed1c22;
  4041: eb1c24;
  4042: e91d26;
  4043: e91d28;
  4044: eb1c26;
  4045: ed1b26;
  4046: eb1c24;
  4047: ed1b24;
  4048: ec1920;
  4049: ed1a23;
  4050: ee1a26;
  4051: ee1c27;
  4052: ed1e28;
  4053: ec1d25;
  4054: ec1b21;
  4055: ec1b21;
  4056: ee1b24;
  4057: eb1c24;
  4058: ea1e27;
  4059: e91b27;
  4060: f21b2a;
  4061: f11725;
  4062: f01d24;
  4063: df1f2a;
  4064: c3273c;
  4065: af3e50;
  4066: db9aa0;
  4067: bd9f9d;
  4068: b1a9a6;
  4069: aaaaa8;
  4070: a69ca4;
  4071: e1d7df;
  4072: fffeff;
  4073: ffffff;
  4074: feffff;
  4075: feffff;
  4076: feffff;
  4077: ffffff;
  4078: fffeff;
  4079: fffeff;
  4080: ffffff;
  4081: ffffff;
  4082: ffffff;
  4083: ffffff;
  4084: ffffff;
  4085: ffffff;
  4086: ffffff;
  4087: ffffff;
  4088: ffffff;
  4089: ffffff;
  4090: ffffff;
  4091: ffffff;
  4092: ffffff;
  4093: ffffff;
  4094: ffffff;
  4095: ffffff;
  4096: ffffff;
  4097: ffffff;
  4098: ffffff;
  4099: ffffff;
  4100: ffffff;
  4101: ffffff;
  4102: ffffff;
  4103: ffffff;
  4104: ffffff;
  4105: ffffff;
  4106: ffffff;
  4107: ffffff;
  4108: ffffff;
  4109: ffffff;
  4110: ffffff;
  4111: fffffd;
  4112: fffffb;
  4113: fefefc;
  4114: fcffff;
  4115: fcffff;
  4116: fcfffd;
  4117: fdfffc;
  4118: fbf9fc;
  4119: fffeff;
  4120: a2a2aa;
  4121: a9a9b1;
  4122: aaa9ae;
  4123: bba2a5;
  4124: dd9799;
  4125: f17e81;
  4126: b91a1e;
  4127: dd262a;
  4128: e02126;
  4129: e61f24;
  4130: ed1b26;
  4131: ee1a26;
  4132: eb1c26;
  4133: eb1c26;
  4134: f01a26;
  4135: f01a26;
  4136: ee1a26;
  4137: ed1b26;
  4138: ed1b26;
  4139: ee1a26;
  4140: f11924;
  4141: f11924;
  4142: ee1b22;
  4143: ee1b21;
  4144: f21921;
  4145: f11a21;
  4146: ed1c22;
  4147: e91e22;
  4148: e91e22;
  4149: e91e21;
  4150: ea1e1f;
  4151: ed1c1f;
  4152: f11a1f;
  4153: f11a21;
  4154: ed1a21;
  4155: ec1a23;
  4156: f01c28;
  4157: eb1924;
  4158: ef202a;
  4159: d92129;
  4160: ffa8b2;
  4161: ff9ea6;
  4162: ba161d;
  4163: dc2128;
  4164: ea1e29;
  4165: ef1c25;
  4166: ed1c21;
  4167: ee1e1e;
  4168: ed1b1c;
  4169: ee1d20;
  4170: e91e21;
  4171: e71c22;
  4172: f11f2a;
  4173: ed1925;
  4174: eb1922;
  4175: ee1d23;
  4176: eb1d1f;
  4177: ee1d20;
  4178: f11b27;
  4179: ee1a28;
  4180: e61e28;
  4181: e52027;
  4182: ea1c26;
  4183: ec1922;
  4184: f01a24;
  4185: ee1b22;
  4186: eb1c22;
  4187: eb1c24;
  4188: ee1a26;
  4189: f01a26;
  4190: ee1b22;
  4191: ea1d24;
  4192: e0202b;
  4193: cd232c;
  4194: c83d42;
  4195: e27e80;
  4196: d59a9e;
  4197: bd9ea4;
  4198: b4a4af;
  4199: a9a3ad;
  4200: e3e4e8;
  4201: feffff;
  4202: fffcf9;
  4203: fffffa;
  4204: fafffa;
  4205: fbfffb;
  4206: fffdfe;
  4207: fffeff;
  4208: fffeff;
  4209: ffffff;
  4210: ffffff;
  4211: ffffff;
  4212: ffffff;
  4213: ffffff;
  4214: ffffff;
  4215: ffffff;
  4216: ffffff;
  4217: ffffff;
  4218: ffffff;
  4219: ffffff;
  4220: ffffff;
  4221: ffffff;
  4222: ffffff;
  4223: ffffff;
  4224: ffffff;
  4225: ffffff;
  4226: ffffff;
  4227: ffffff;
  4228: ffffff;
  4229: ffffff;
  4230: ffffff;
  4231: ffffff;
  4232: ffffff;
  4233: ffffff;
  4234: ffffff;
  4235: ffffff;
  4236: ffffff;
  4237: ffffff;
  4238: ffffff;
  4239: fffffd;
  4240: fffefa;
  4241: fffffd;
  4242: fcfdff;
  4243: feffff;
  4244: f6fbf7;
  4245: fefffd;
  4246: d4cfd3;
  4247: aba6ac;
  4248: abaab2;
  4249: aea1aa;
  4250: c69ca6;
  4251: bd7078;
  4252: ab3237;
  4253: c8282a;
  4254: e72327;
  4255: eb181e;
  4256: eb1c22;
  4257: eb1c24;
  4258: f01a24;
  4259: ee1b24;
  4260: eb1c26;
  4261: ea1c26;
  4262: ed1b26;
  4263: f01a26;
  4264: f01a26;
  4265: f01a26;
  4266: ed1b26;
  4267: ed1b26;
  4268: f01a24;
  4269: f11924;
  4270: ee1b22;
  4271: ee1b22;
  4272: f11a22;
  4273: f01a22;
  4274: eb1c24;
  4275: e91d26;
  4276: e91e24;
  4277: e91e22;
  4278: eb1d21;
  4279: ed1c1f;
  4280: f11c22;
  4281: ee1820;
  4282: f11f28;
  4283: eb1c26;
  4284: df111b;
  4285: ec1e28;
  4286: eb1c22;
  4287: de252b;
  4288: a91d26;
  4289: ffdbe1;
  4290: ffd8db;
  4291: b21d1f;
  4292: dc1e28;
  4293: ed1b26;
  4294: ec1b20;
  4295: eb1a1d;
  4296: f11f20;
  4297: eb1a1d;
  4298: ec1f24;
  4299: ec1f26;
  4300: ec1a25;
  4301: ee1a26;
  4302: f11e27;
  4303: ec1b21;
  4304: ec1b20;
  4305: ee1b21;
  4306: f11924;
  4307: ed1927;
  4308: e51d27;
  4309: e41f28;
  4310: eb1d27;
  4311: ef1b27;
  4312: f01a24;
  4313: f01a22;
  4314: ee1b22;
  4315: ed1c22;
  4316: ed1b24;
  4317: ed1b24;
  4318: ee1b24;
  4319: ee1b24;
  4320: f21f28;
  4321: e21921;
  4322: de272b;
  4323: c62d30;
  4324: 99242c;
  4325: df8f9a;
  4326: bf97a2;
  4327: b6a6b0;
  4328: aaa8ab;
  4329: a4a6a5;
  4330: fefdf9;
  4331: fffffa;
  4332: f9fffb;
  4333: f2fbf6;
  4334: fffeff;
  4335: fffdff;
  4336: fffeff;
  4337: ffffff;
  4338: ffffff;
  4339: ffffff;
  4340: ffffff;
  4341: ffffff;
  4342: ffffff;
  4343: ffffff;
  4344: ffffff;
  4345: ffffff;
  4346: ffffff;
  4347: ffffff;
  4348: ffffff;
  4349: ffffff;
  4350: ffffff;
  4351: ffffff;
  4352: ffffff;
  4353: ffffff;
  4354: ffffff;
  4355: ffffff;
  4356: ffffff;
  4357: ffffff;
  4358: ffffff;
  4359: ffffff;
  4360: ffffff;
  4361: ffffff;
  4362: ffffff;
  4363: ffffff;
  4364: ffffff;
  4365: ffffff;
  4366: ffffff;
  4367: fffeff;
  4368: fefaf9;
  4369: fffeff;
  4370: fffeff;
  4371: fafafc;
  4372: fffffd;
  4373: e4e3e1;
  4374: a8a3a7;
  4375: a7a5a8;
  4376: a8aaa7;
  4377: c09e9f;
  4378: e47482;
  4379: bf1e2e;
  4380: da2430;
  4381: e4202a;
  4382: e21824;
  4383: ed1f2b;
  4384: eb1c26;
  4385: ed1b24;
  4386: f11924;
  4387: f11924;
  4388: eb1c24;
  4389: ea1d24;
  4390: ed1b26;
  4391: ee1a26;
  4392: f01a26;
  4393: ee1a26;
  4394: eb1c24;
  4395: ea1d24;
  4396: ed1b24;
  4397: ee1b24;
  4398: ed1b24;
  4399: ed1b24;
  4400: ee1a26;
  4401: ed1b28;
  4402: ea1b2b;
  4403: ea1b2d;
  4404: ed1a2b;
  4405: ee1a29;
  4406: ee1b24;
  4407: ee1b21;
  4408: ef1c23;
  4409: ea1720;
  4410: ee1a29;
  4411: e91d29;
  4412: ff737b;
  4413: d91c20;
  4414: e91e21;
  4415: e52125;
  4416: d4262f;
  4417: ff9fa5;
  4418: ffe7e5;
  4419: ffcdcb;
  4420: bf1e23;
  4421: ea2129;
  4422: f11f28;
  4423: ee1b22;
  4424: ec1a23;
  4425: eb1c26;
  4426: ee1b2a;
  4427: eb1827;
  4428: e91926;
  4429: ed1b26;
  4430: eb181f;
  4431: f31d27;
  4432: f11928;
  4433: f11928;
  4434: f11924;
  4435: f01a22;
  4436: eb1c26;
  4437: ea1a27;
  4438: ee1a26;
  4439: ef1b27;
  4440: ee1a26;
  4441: ee1b24;
  4442: ee1b24;
  4443: ed1c22;
  4444: ea1e21;
  4445: ea1d22;
  4446: ed1b26;
  4447: ee1a29;
  4448: e91426;
  4449: ef1f2c;
  4450: e31f21;
  4451: dd2122;
  4452: d9242d;
  4453: b72530;
  4454: e4939a;
  4455: c29fa3;
  4456: b1a5a7;
  4457: a4a6a5;
  4458: aab0ae;
  4459: e6f0ef;
  4460: f7ffff;
  4461: fbffff;
  4462: fffeff;
  4463: fff9fb;
  4464: fffeff;
  4465: ffffff;
  4466: ffffff;
  4467: ffffff;
  4468: ffffff;
  4469: ffffff;
  4470: ffffff;
  4471: ffffff;
  4472: ffffff;
  4473: ffffff;
  4474: ffffff;
  4475: ffffff;
  4476: ffffff;
  4477: ffffff;
  4478: ffffff;
  4479: ffffff;
  4480: ffffff;
  4481: ffffff;
  4482: ffffff;
  4483: ffffff;
  4484: ffffff;
  4485: ffffff;
  4486: ffffff;
  4487: ffffff;
  4488: ffffff;
  4489: ffffff;
  4490: ffffff;
  4491: ffffff;
  4492: ffffff;
  4493: ffffff;
  4494: ffffff;
  4495: ffffff;
  4496: fffeff;
  4497: fffdfe;
  4498: fdfbff;
  4499: fffdff;
  4500: bcbabd;
  4501: aaa4a4;
  4502: b4a1a3;
  4503: c0a2a4;
  4504: cca3a1;
  4505: e08a8d;
  4506: bc1a29;
  4507: e81b2c;
  4508: ea1624;
  4509: f01c28;
  4510: ec1c2c;
  4511: ea1b2b;
  4512: eb1c26;
  4513: ee1b24;
  4514: f21924;
  4515: f11924;
  4516: ed1b24;
  4517: ea1d24;
  4518: eb1c26;
  4519: ed1b26;
  4520: ee1a26;
  4521: ee1a26;
  4522: ea1d24;
  4523: ea1d24;
  4524: eb1c24;
  4525: eb1c24;
  4526: ed1b24;
  4527: eb1c24;
  4528: eb1b28;
  4529: eb1b29;
  4530: ea1b2b;
  4531: ea1b2b;
  4532: ee192d;
  4533: f01929;
  4534: ee1a26;
  4535: ee1b22;
  4536: ed1c22;
  4537: f01e27;
  4538: eb1924;
  4539: e91d28;
  4540: ea2f36;
  4541: f44145;
  4542: be0e11;
  4543: d72428;
  4544: e0252e;
  4545: af141a;
  4546: ffccc9;
  4547: ffebe6;
  4548: d75c5f;
  4549: ca2931;
  4550: dd1f2b;
  4551: e61a26;
  4552: e71925;
  4553: ec1c29;
  4554: ed1928;
  4555: f01e2b;
  4556: ed1e28;
  4557: eb1c24;
  4558: ef1c23;
  4559: f11b25;
  4560: f2192c;
  4561: f11829;
  4562: f01a22;
  4563: f01d23;
  4564: ef1c25;
  4565: ee1a26;
  4566: ef1925;
  4567: f01a24;
  4568: ed1b24;
  4569: eb1c24;
  4570: ed1b24;
  4571: eb1c24;
  4572: e91e21;
  4573: e91e22;
  4574: ed1b28;
  4575: ee1a29;
  4576: f11a2c;
  4577: ee1a28;
  4578: e91d20;
  4579: e91d1e;
  4580: f01a24;
  4581: dc212c;
  4582: bb3c43;
  4583: d48286;
  4584: d39ca1;
  4585: b99fa2;
  4586: a9a9a9;
  4587: 9ba7a7;
  4588: f8ffff;
  4589: f7faff;
  4590: fef9fd;
  4591: fffdff;
  4592: fffeff;
  4593: ffffff;
  4594: ffffff;
  4595: ffffff;
  4596: ffffff;
  4597: ffffff;
  4598: ffffff;
  4599: ffffff;
  4600: ffffff;
  4601: ffffff;
  4602: ffffff;
  4603: ffffff;
  4604: ffffff;
  4605: ffffff;
  4606: ffffff;
  4607: ffffff;
  4608: ffffff;
  4609: ffffff;
  4610: ffffff;
  4611: ffffff;
  4612: ffffff;
  4613: ffffff;
  4614: ffffff;
  4615: ffffff;
  4616: ffffff;
  4617: ffffff;
  4618: ffffff;
  4619: ffffff;
  4620: ffffff;
  4621: ffffff;
  4622: ffffff;
  4623: ffffff;
  4624: fdfdfb;
  4625: ffffff;
  4626: fffdff;
  4627: a1a0a8;
  4628: a3a6ab;
  4629: b3a7a9;
  4630: c8979a;
  4631: d47e81;
  4632: a92530;
  4633: d02a36;
  4634: de1c27;
  4635: ee1c27;
  4636: ee1b24;
  4637: f01a26;
  4638: f32031;
  4639: eb1829;
  4640: eb1c26;
  4641: ee1b22;
  4642: f21922;
  4643: f11a22;
  4644: ed1b24;
  4645: ea1d24;
  4646: ea1d24;
  4647: eb1c24;
  4648: ee1b24;
  4649: ee1b24;
  4650: eb1c24;
  4651: ea1d24;
  4652: ea1d24;
  4653: eb1c24;
  4654: ed1b24;
  4655: ed1b24;
  4656: ea1d24;
  4657: ea1d24;
  4658: eb1c24;
  4659: eb1c24;
  4660: ed1b26;
  4661: ed1b26;
  4662: ed1b26;
  4663: ed1b24;
  4664: ec1e22;
  4665: e41618;
  4666: ee2020;
  4667: ec2023;
  4668: e11c26;
  4669: fe4f5c;
  4670: ffd7e1;
  4671: da575f;
  4672: d31d2a;
  4673: df2731;
  4674: b32b2b;
  4675: ffdbd8;
  4676: ffe9eb;
  4677: ffc1c9;
  4678: c02938;
  4679: e42836;
  4680: eb1f28;
  4681: f12026;
  4682: ee1d23;
  4683: e8191f;
  4684: e91c21;
  4685: eb1e23;
  4686: ee1b24;
  4687: f11b27;
  4688: ed1b26;
  4689: ea1b23;
  4690: ec1b20;
  4691: ed1c1f;
  4692: ee1d23;
  4693: ee1b22;
  4694: f11a22;
  4695: f21b23;
  4696: eb1d21;
  4697: ea1e21;
  4698: ea1d22;
  4699: ea1d24;
  4700: e91d26;
  4701: ea1c26;
  4702: f01a26;
  4703: f11924;
  4704: f21a27;
  4705: ed1721;
  4706: e91b1f;
  4707: ed1f23;
  4708: ea171e;
  4709: eb222a;
  4710: d9252e;
  4711: c42931;
  4712: a92530;
  4713: e79299;
  4714: b9a3a5;
  4715: a4aeaf;
  4716: a3aab2;
  4717: eef1fa;
  4718: fffeff;
  4719: fffeff;
  4720: fffeff;
  4721: ffffff;
  4722: ffffff;
  4723: ffffff;
  4724: ffffff;
  4725: ffffff;
  4726: ffffff;
  4727: ffffff;
  4728: ffffff;
  4729: ffffff;
  4730: ffffff;
  4731: ffffff;
  4732: ffffff;
  4733: ffffff;
  4734: ffffff;
  4735: ffffff;
  4736: ffffff;
  4737: ffffff;
  4738: ffffff;
  4739: ffffff;
  4740: ffffff;
  4741: ffffff;
  4742: ffffff;
  4743: ffffff;
  4744: ffffff;
  4745: ffffff;
  4746: ffffff;
  4747: ffffff;
  4748: ffffff;
  4749: ffffff;
  4750: ffffff;
  4751: fefffd;
  4752: fcfffb;
  4753: fdfffe;
  4754: faf7ff;
  4755: b1adbb;
  4756: a8a8b0;
  4757: bca1a6;
  4758: e28d90;
  4759: a71f23;
  4760: e12933;
  4761: e71724;
  4762: f11f2a;
  4763: ee1b24;
  4764: f11b25;
  4765: ee1a26;
  4766: ed1a29;
  4767: ea1a28;
  4768: eb1c24;
  4769: ed1c22;
  4770: f11a22;
  4771: f11a22;
  4772: eb1c24;
  4773: e91e24;
  4774: e91e24;
  4775: ea1d24;
  4776: ee1b24;
  4777: ee1b24;
  4778: ed1b24;
  4779: eb1c24;
  4780: eb1c24;
  4781: eb1c24;
  4782: ee1b24;
  4783: ee1b24;
  4784: eb1c22;
  4785: ea1e21;
  4786: ed1c1f;
  4787: ed1c21;
  4788: eb1c22;
  4789: eb1c26;
  4790: ed1b28;
  4791: eb1c26;
  4792: e91e22;
  4793: ec2222;
  4794: eb1f1e;
  4795: e91d1e;
  4796: e61a25;
  4797: c2101e;
  4798: e7656f;
  4799: ffd6e0;
  4800: b92531;
  4801: c52a32;
  4802: c03133;
  4803: ab3b39;
  4804: ffebec;
  4805: ffebef;
  4806: ffdae4;
  4807: a81a26;
  4808: cd282f;
  4809: dc2227;
  4810: e51d20;
  4811: ea1c20;
  4812: ef2326;
  4813: e8191f;
  4814: ee1822;
  4815: f11924;
  4816: ee1d23;
  4817: ed1f23;
  4818: ee1d23;
  4819: ed1c22;
  4820: ec1b21;
  4821: ee1b21;
  4822: f11b23;
  4823: f11c22;
  4824: ed1c21;
  4825: ea1e21;
  4826: e91e22;
  4827: e91e24;
  4828: e91d26;
  4829: ea1c26;
  4830: ee1b24;
  4831: f01a22;
  4832: f21c24;
  4833: ee1b22;
  4834: f12026;
  4835: e91a20;
  4836: eb1c24;
  4837: eb1c24;
  4838: e91a24;
  4839: e41f29;
  4840: d92531;
  4841: c8424b;
  4842: d99d9f;
  4843: b19ea0;
  4844: afa9b3;
  4845: c9c9d3;
  4846: fefdff;
  4847: fffdff;
  4848: ffffff;
  4849: ffffff;
  4850: ffffff;
  4851: ffffff;
  4852: ffffff;
  4853: ffffff;
  4854: ffffff;
  4855: ffffff;
  4856: ffffff;
  4857: ffffff;
  4858: ffffff;
  4859: ffffff;
  4860: ffffff;
  4861: ffffff;
  4862: ffffff;
  4863: ffffff;
  4864: ffffff;
  4865: ffffff;
  4866: ffffff;
  4867: ffffff;
  4868: ffffff;
  4869: ffffff;
  4870: ffffff;
  4871: ffffff;
  4872: ffffff;
  4873: ffffff;
  4874: ffffff;
  4875: ffffff;
  4876: ffffff;
  4877: ffffff;
  4878: ffffff;
  4879: fefffd;
  4880: f9fffa;
  4881: f9fffb;
  4882: fffdff;
  4883: ada4b5;
  4884: aaa2ad;
  4885: c899a1;
  4886: b33539;
  4887: d72427;
  4888: e61b1f;
  4889: f11c22;
  4890: ef1b27;
  4891: eb1725;
  4892: ee1726;
  4893: f01c28;
  4894: e81b22;
  4895: e92124;
  4896: e91e22;
  4897: eb1c22;
  4898: f01a22;
  4899: f01a22;
  4900: eb1c22;
  4901: e91e22;
  4902: e91e24;
  4903: ea1d24;
  4904: ee1b24;
  4905: f01a24;
  4906: ee1b24;
  4907: ed1b24;
  4908: ed1b24;
  4909: ee1b24;
  4910: f11924;
  4911: f11a22;
  4912: ed1c21;
  4913: eb1d1f;
  4914: ee1c1f;
  4915: ee1b21;
  4916: eb1c24;
  4917: eb1b28;
  4918: ee192b;
  4919: eb1b2b;
  4920: e6212b;
  4921: dd181f;
  4922: eb1e23;
  4923: ed1e24;
  4924: eb2228;
  4925: e12229;
  4926: d3222a;
  4927: e95c64;
  4928: ffe3e8;
  4929: ffe4e8;
  4930: fb989b;
  4931: 9f2c2f;
  4932: 962424;
  4933: ffe0df;
  4934: ffedec;
  4935: ffecef;
  4936: ffb9c0;
  4937: a81f27;
  4938: d31a22;
  4939: ef1e24;
  4940: e5161c;
  4941: f42127;
  4942: f2171f;
  4943: f51a20;
  4944: ed1719;
  4945: ef1c22;
  4946: f01d2c;
  4947: ed1a2b;
  4948: ea1b25;
  4949: eb1c22;
  4950: ee1d22;
  4951: ec1b20;
  4952: f01a24;
  4953: ee1b24;
  4954: ea1d22;
  4955: e71f22;
  4956: e71e24;
  4957: e71e24;
  4958: e71f22;
  4959: e91e21;
  4960: e8191f;
  4961: eb1a20;
  4962: eb1922;
  4963: f01e29;
  4964: e71925;
  4965: ea1c28;
  4966: ea1b25;
  4967: ec1e28;
  4968: e8202a;
  4969: ce232c;
  4970: 9a252d;
  4971: d89398;
  4972: b69da3;
  4973: cccacf;
  4974: fffeff;
  4975: feffff;
  4976: ffffff;
  4977: ffffff;
  4978: ffffff;
  4979: ffffff;
  4980: ffffff;
  4981: ffffff;
  4982: ffffff;
  4983: ffffff;
  4984: ffffff;
  4985: ffffff;
  4986: ffffff;
  4987: ffffff;
  4988: ffffff;
  4989: ffffff;
  4990: ffffff;
  4991: ffffff;
  4992: ffffff;
  4993: ffffff;
  4994: ffffff;
  4995: ffffff;
  4996: ffffff;
  4997: ffffff;
  4998: ffffff;
  4999: ffffff;
  5000: ffffff;
  5001: ffffff;
  5002: ffffff;
  5003: ffffff;
  5004: ffffff;
  5005: ffffff;
  5006: ffffff;
  5007: fefffd;
  5008: f8fffa;
  5009: f9fffd;
  5010: fefcff;
  5011: afa7b6;
  5012: b0a4ae;
  5013: ca8f95;
  5014: c32c31;
  5015: ea1f22;
  5016: f01e1f;
  5017: ef1a1e;
  5018: ed1b26;
  5019: ee1b2a;
  5020: f21b2a;
  5021: ee1a26;
  5022: eb1e23;
  5023: e51d1f;
  5024: e91e22;
  5025: eb1c22;
  5026: f01a22;
  5027: ee1b22;
  5028: eb1c22;
  5029: e91e22;
  5030: e91e24;
  5031: ea1d24;
  5032: ee1b24;
  5033: f01a24;
  5034: ee1b24;
  5035: ee1b24;
  5036: ed1b24;
  5037: ee1b24;
  5038: f21924;
  5039: f21922;
  5040: f01b21;
  5041: ee1b21;
  5042: ee1b21;
  5043: ed1c21;
  5044: eb1c22;
  5045: eb1c26;
  5046: f01929;
  5047: ee192b;
  5048: e61c2a;
  5049: ea222d;
  5050: ec1d27;
  5051: eb1821;
  5052: ec1b21;
  5053: eb1e23;
  5054: e91e24;
  5055: b51a20;
  5056: ffe3e4;
  5057: fff5f6;
  5058: ffeced;
  5059: ffb2b2;
  5060: 962424;
  5061: f18f8e;
  5062: fff3ef;
  5063: fff7f6;
  5064: ffeff4;
  5065: ffc1cb;
  5066: ef6670;
  5067: ba141e;
  5068: d12229;
  5069: d21f25;
  5070: c31218;
  5071: c11114;
  5072: c91717;
  5073: d71d22;
  5074: ea1d2e;
  5075: ed1a2d;
  5076: e91927;
  5077: eb1c24;
  5078: ec1d23;
  5079: ec1b21;
  5080: ee1a26;
  5081: ee1a26;
  5082: eb1c24;
  5083: ea1d22;
  5084: e91e22;
  5085: e91e21;
  5086: e91e22;
  5087: e91e22;
  5088: ea1d22;
  5089: ef2028;
  5090: ed1925;
  5091: ed1927;
  5092: ec1e2b;
  5093: ea1c28;
  5094: eb1e25;
  5095: ea1b21;
  5096: ee1b24;
  5097: e02129;
  5098: b11f29;
  5099: e3868e;
  5100: c5a2a6;
  5101: c9c7c8;
  5102: fdfdff;
  5103: fefeff;
  5104: ffffff;
  5105: ffffff;
  5106: ffffff;
  5107: ffffff;
  5108: ffffff;
  5109: ffffff;
  5110: ffffff;
  5111: ffffff;
  5112: ffffff;
  5113: ffffff;
  5114: ffffff;
  5115: ffffff;
  5116: ffffff;
  5117: ffffff;
  5118: ffffff;
  5119: ffffff;
  5120: ffffff;
  5121: ffffff;
  5122: ffffff;
  5123: ffffff;
  5124: ffffff;
  5125: ffffff;
  5126: ffffff;
  5127: ffffff;
  5128: ffffff;
  5129: ffffff;
  5130: ffffff;
  5131: ffffff;
  5132: ffffff;
  5133: ffffff;
  5134: ffffff;
  5135: feffff;
  5136: fcfffd;
  5137: fbffff;
  5138: fcfdff;
  5139: aca9b0;
  5140: b1a6aa;
  5141: cc9092;
  5142: c82c2f;
  5143: eb1d21;
  5144: ed1c1f;
  5145: ed1c21;
  5146: eb1c26;
  5147: eb1b28;
  5148: ee1a26;
  5149: ee1b24;
  5150: ed1c22;
  5151: eb1d21;
  5152: ec1d23;
  5153: ec1a23;
  5154: f01a24;
  5155: ef1c25;
  5156: ef1d26;
  5157: e71820;
  5158: e81b22;
  5159: ed1e26;
  5160: ee1b24;
  5161: f01a24;
  5162: f01a24;
  5163: ee1b24;
  5164: ed1b24;
  5165: ed1b24;
  5166: f11924;
  5167: f21924;
  5168: f11725;
  5169: f21c28;
  5170: eb1c22;
  5171: ea1f22;
  5172: ed2124;
  5173: ed1c22;
  5174: f11725;
  5175: f6192a;
  5176: ed1927;
  5177: ed1b28;
  5178: ef1925;
  5179: f41b26;
  5180: f71722;
  5181: f41822;
  5182: eb1e25;
  5183: cb2c30;
  5184: 8e3c3e;
  5185: fff2f3;
  5186: fff4f2;
  5187: fff0ed;
  5188: ffd6d7;
  5189: 783435;
  5190: 8f6362;
  5191: fff6f4;
  5192: fff5f7;
  5193: fff3f8;
  5194: ffedf6;
  5195: fcacb7;
  5196: b84d57;
  5197: c4555c;
  5198: ef999c;
  5199: ffdbdb;
  5200: ffaba9;
  5201: a51e22;
  5202: df2332;
  5203: eb1628;
  5204: ea1a2a;
  5205: ec1c29;
  5206: ed1b26;
  5207: ee1c27;
  5208: ea1b25;
  5209: eb1c24;
  5210: ef1b27;
  5211: ed1a23;
  5212: f31e24;
  5213: ec191f;
  5214: ed1a21;
  5215: ed1b24;
  5216: eb1c24;
  5217: eb1c26;
  5218: f11926;
  5219: f11928;
  5220: ee1a29;
  5221: eb1b28;
  5222: e91e24;
  5223: e91e21;
  5224: ed1a21;
  5225: e11f28;
  5226: b21f29;
  5227: e78a92;
  5228: bc9e9e;
  5229: cacac8;
  5230: fffefd;
  5231: fffdfc;
  5232: fffeff;
  5233: ffffff;
  5234: ffffff;
  5235: ffffff;
  5236: ffffff;
  5237: ffffff;
  5238: ffffff;
  5239: ffffff;
  5240: ffffff;
  5241: ffffff;
  5242: ffffff;
  5243: ffffff;
  5244: ffffff;
  5245: ffffff;
  5246: ffffff;
  5247: ffffff;
  5248: ffffff;
  5249: ffffff;
  5250: ffffff;
  5251: ffffff;
  5252: ffffff;
  5253: ffffff;
  5254: ffffff;
  5255: ffffff;
  5256: ffffff;
  5257: ffffff;
  5258: ffffff;
  5259: ffffff;
  5260: ffffff;
  5261: ffffff;
  5262: ffffff;
  5263: ffffff;
  5264: fefffd;
  5265: fefffd;
  5266: fcfefd;
  5267: aaaaaa;
  5268: b0a7a8;
  5269: ce9093;
  5270: cb2a30;
  5271: ee1b22;
  5272: eb1c22;
  5273: ea1d22;
  5274: ea1c26;
  5275: eb1c26;
  5276: ee1b24;
  5277: f01a22;
  5278: ee1b22;
  5279: ee1b22;
  5280: ee1b24;
  5281: ed1a23;
  5282: ee1b24;
  5283: ee1b24;
  5284: ef1c25;
  5285: ef1d26;
  5286: ee1f27;
  5287: e81921;
  5288: ee1b24;
  5289: ee1b24;
  5290: f01a24;
  5291: ee1b24;
  5292: eb1c24;
  5293: eb1c24;
  5294: f01a24;
  5295: f11926;
  5296: f01827;
  5297: f01928;
  5298: e91c23;
  5299: e71c1f;
  5300: ec2023;
  5301: eb1a1f;
  5302: f11b27;
  5303: e91926;
  5304: e4222b;
  5305: df242d;
  5306: dc1d25;
  5307: e2232b;
  5308: d3151f;
  5309: c00f17;
  5310: b8191e;
  5311: f07578;
  5312: ffe0e4;
  5313: fff5f6;
  5314: fffbf8;
  5315: fffaf7;
  5316: fff5f8;
  5317: fff2f5;
  5318: fff4f2;
  5319: fff9f6;
  5320: fffaf9;
  5321: fffcfd;
  5322: fffafe;
  5323: fff6fd;
  5324: ffedf6;
  5325: ffeaf0;
  5326: fff4f5;
  5327: fff5f3;
  5328: ffedea;
  5329: ffdfe0;
  5330: d0202b;
  5331: ea1726;
  5332: ee1e2b;
  5333: eb1b28;
  5334: ea1622;
  5335: ee1b24;
  5336: ed1e24;
  5337: ec1b21;
  5338: ed1723;
  5339: f51d2a;
  5340: ed1a23;
  5341: f01a22;
  5342: f21a25;
  5343: f01a24;
  5344: ed1b24;
  5345: eb1c24;
  5346: f01a26;
  5347: f11928;
  5348: f11829;
  5349: ee1a28;
  5350: ea1d22;
  5351: ea1e1f;
  5352: ef1c22;
  5353: e2232b;
  5354: b3232d;
  5355: e68f97;
  5356: bba2a5;
  5357: c9cdcc;
  5358: fffefb;
  5359: fffefb;
  5360: fffffd;
  5361: ffffff;
  5362: ffffff;
  5363: ffffff;
  5364: ffffff;
  5365: ffffff;
  5366: ffffff;
  5367: ffffff;
  5368: ffffff;
  5369: ffffff;
  5370: ffffff;
  5371: ffffff;
  5372: ffffff;
  5373: ffffff;
  5374: ffffff;
  5375: ffffff;
  5376: ffffff;
  5377: ffffff;
  5378: ffffff;
  5379: ffffff;
  5380: ffffff;
  5381: ffffff;
  5382: ffffff;
  5383: ffffff;
  5384: ffffff;
  5385: ffffff;
  5386: ffffff;
  5387: ffffff;
  5388: ffffff;
  5389: ffffff;
  5390: ffffff;
  5391: ffffff;
  5392: fffffd;
  5393: fffffb;
  5394: fefefc;
  5395: aaaaa8;
  5396: ada9aa;
  5397: cd9296;
  5398: ce2832;
  5399: f01a24;
  5400: ed1b24;
  5401: ea1d24;
  5402: ea1d24;
  5403: eb1c24;
  5404: f01a22;
  5405: f01a22;
  5406: ee1b24;
  5407: ed1b26;
  5408: f41e2a;
  5409: ee1824;
  5410: f01c28;
  5411: eb1723;
  5412: ee1822;
  5413: f41e28;
  5414: ea1720;
  5415: f01e27;
  5416: ed1b24;
  5417: ed1b24;
  5418: ee1b24;
  5419: ed1b24;
  5420: ea1d24;
  5421: ea1d24;
  5422: eb1c24;
  5423: ed1b26;
  5424: ee1b2a;
  5425: f11f2c;
  5426: e91720;
  5427: ef1e23;
  5428: f01d23;
  5429: e71820;
  5430: e8232d;
  5431: d8272f;
  5432: be2e2e;
  5433: af2b29;
  5434: ab2023;
  5435: 9d1c20;
  5436: d56e6f;
  5437: ffbabb;
  5438: ffdddf;
  5439: fff2f6;
  5440: fff6ff;
  5441: fffaff;
  5442: fcf8f7;
  5443: fefdf9;
  5444: fffcff;
  5445: fffcff;
  5446: fffcf9;
  5447: fffffb;
  5448: fdfdfb;
  5449: fffffd;
  5450: fffffb;
  5451: fffbf8;
  5452: fff9fb;
  5453: fff8fb;
  5454: fffafa;
  5455: fff7f6;
  5456: fff0ef;
  5457: ffdfe2;
  5458: bf141d;
  5459: ec1c29;
  5460: ee1f25;
  5461: e6151a;
  5462: f21d21;
  5463: f21d1f;
  5464: ee191b;
  5465: f11c20;
  5466: f21a25;
  5467: ee1a28;
  5468: e61a26;
  5469: ec202b;
  5470: ee1621;
  5471: f41b24;
  5472: ed1c21;
  5473: ea1e21;
  5474: eb1c26;
  5475: ee1a28;
  5476: f21829;
  5477: f21826;
  5478: ee1b21;
  5479: ed1d1d;
  5480: ed1b1e;
  5481: dc2329;
  5482: ad2732;
  5483: df929c;
  5484: b5a5a8;
  5485: c5cfce;
  5486: fefffd;
  5487: fefdf9;
  5488: fffffd;
  5489: ffffff;
  5490: ffffff;
  5491: ffffff;
  5492: ffffff;
  5493: ffffff;
  5494: ffffff;
  5495: ffffff;
  5496: ffffff;
  5497: ffffff;
  5498: ffffff;
  5499: ffffff;
  5500: ffffff;
  5501: ffffff;
  5502: ffffff;
  5503: ffffff;
  5504: ffffff;
  5505: ffffff;
  5506: ffffff;
  5507: ffffff;
  5508: ffffff;
  5509: ffffff;
  5510: ffffff;
  5511: ffffff;
  5512: ffffff;
  5513: ffffff;
  5514: ffffff;
  5515: ffffff;
  5516: ffffff;
  5517: ffffff;
  5518: ffffff;
  5519: fffeff;
  5520: fffdfd;
  5521: fffefb;
  5522: fffefa;
  5523: a9a9a7;
  5524: ada8ac;
  5525: cd949b;
  5526: cd2934;
  5527: f01a26;
  5528: eb1c26;
  5529: ea1c26;
  5530: ea1d24;
  5531: eb1c24;
  5532: ee1b22;
  5533: f01a22;
  5534: ed1b26;
  5535: ed1b28;
  5536: eb1725;
  5537: ec1a25;
  5538: eb1c26;
  5539: f0212b;
  5540: ed1925;
  5541: ee1822;
  5542: f21c26;
  5543: eb1821;
  5544: eb1c24;
  5545: eb1c24;
  5546: ee1b24;
  5547: ed1b24;
  5548: eb1c24;
  5549: ea1d24;
  5550: ea1d24;
  5551: ea1c26;
  5552: e81a27;
  5553: e61623;
  5554: f01e27;
  5555: f01d24;
  5556: ed171f;
  5557: ec1a23;
  5558: e71f29;
  5559: ff6469;
  5560: ffc5c2;
  5561: ffdcd9;
  5562: ffdddf;
  5563: ffe3e4;
  5564: ffedeb;
  5565: fff7f3;
  5566: fffbfb;
  5567: fffcff;
  5568: fffdff;
  5569: fefbff;
  5570: fefeff;
  5571: feffff;
  5572: fbffff;
  5573: fbffff;
  5574: f7fdfb;
  5575: fbfffd;
  5576: fcfffd;
  5577: fdfffa;
  5578: fbfff9;
  5579: fcfffb;
  5580: fcfefd;
  5581: fffeff;
  5582: fffcfa;
  5583: ccb4b2;
  5584: 683532;
  5585: ffdddd;
  5586: fb7077;
  5587: be1117;
  5588: e52228;
  5589: ef2123;
  5590: ee191b;
  5591: f01a1c;
  5592: f11b1d;
  5593: ee191f;
  5594: f31d29;
  5595: ea1825;
  5596: e41c29;
  5597: ea202c;
  5598: ea1622;
  5599: f41d25;
  5600: ed1c1f;
  5601: eb1d21;
  5602: ea1d24;
  5603: ed1b26;
  5604: f11928;
  5605: f21826;
  5606: f01b21;
  5607: ee1c1f;
  5608: eb1c22;
  5609: d9262c;
  5610: ab2c37;
  5611: dd949d;
  5612: b6a6a9;
  5613: cad4d5;
  5614: fcffff;
  5615: fefffd;
  5616: ffffff;
  5617: ffffff;
  5618: ffffff;
  5619: ffffff;
  5620: ffffff;
  5621: ffffff;
  5622: ffffff;
  5623: ffffff;
  5624: ffffff;
  5625: ffffff;
  5626: ffffff;
  5627: ffffff;
  5628: ffffff;
  5629: ffffff;
  5630: ffffff;
  5631: ffffff;
  5632: ffffff;
  5633: ffffff;
  5634: ffffff;
  5635: ffffff;
  5636: ffffff;
  5637: ffffff;
  5638: ffffff;
  5639: ffffff;
  5640: ffffff;
  5641: ffffff;
  5642: ffffff;
  5643: ffffff;
  5644: ffffff;
  5645: ffffff;
  5646: ffffff;
  5647: fffeff;
  5648: fffdfd;
  5649: fffcfd;
  5650: fffefd;
  5651: aba6aa;
  5652: aca7ae;
  5653: cf969f;
  5654: c92c33;
  5655: eb1c24;
  5656: ea1d24;
  5657: ea1d24;
  5658: eb1c24;
  5659: eb1c24;
  5660: eb1c22;
  5661: ed1c22;
  5662: ed1b26;
  5663: ed1b28;
  5664: ec1c29;
  5665: e91d28;
  5666: e31e27;
  5667: e41d24;
  5668: e81923;
  5669: f01a26;
  5670: f21c26;
  5671: ee1b24;
  5672: eb1c24;
  5673: eb1c24;
  5674: ee1b24;
  5675: ee1b24;
  5676: ed1b24;
  5677: eb1c24;
  5678: e91e24;
  5679: e91d26;
  5680: ec1e2a;
  5681: eb1d29;
  5682: eb1f2a;
  5683: ea1c26;
  5684: ef1921;
  5685: f61d25;
  5686: f0181d;
  5687: de1619;
  5688: be1616;
  5689: cf4545;
  5690: d9666d;
  5691: ffafb5;
  5692: ffeaeb;
  5693: fff7f7;
  5694: fffcfb;
  5695: fffdfd;
  5696: fffdfe;
  5697: fffeff;
  5698: fffeff;
  5699: fbfaff;
  5700: fcfafb;
  5701: fffffd;
  5702: fefefe;
  5703: fffffd;
  5704: fffffa;
  5705: fefef6;
  5706: fcfffb;
  5707: f7fffb;
  5708: fbfffd;
  5709: fefffd;
  5710: fffaf7;
  5711: fff7f4;
  5712: 73322e;
  5713: f6a5a1;
  5714: ffe6e5;
  5715: cf6265;
  5716: bd141b;
  5717: e91e24;
  5718: ee1d20;
  5719: f01b1f;
  5720: f11b25;
  5721: ea1825;
  5722: e71925;
  5723: ea1e29;
  5724: e71925;
  5725: e91b27;
  5726: eb1d27;
  5727: eb1c24;
  5728: ed1c22;
  5729: ed1c21;
  5730: eb1d21;
  5731: eb1c22;
  5732: ed1b24;
  5733: ed1b24;
  5734: ed1b24;
  5735: eb1c24;
  5736: ea1e27;
  5737: d5252f;
  5738: ae3137;
  5739: dd9297;
  5740: baa4a6;
  5741: d3d7d8;
  5742: fbffff;
  5743: fcffff;
  5744: feffff;
  5745: ffffff;
  5746: ffffff;
  5747: ffffff;
  5748: ffffff;
  5749: ffffff;
  5750: ffffff;
  5751: ffffff;
  5752: ffffff;
  5753: ffffff;
  5754: ffffff;
  5755: ffffff;
  5756: ffffff;
  5757: ffffff;
  5758: ffffff;
  5759: ffffff;
  5760: ffffff;
  5761: ffffff;
  5762: ffffff;
  5763: ffffff;
  5764: ffffff;
  5765: ffffff;
  5766: ffffff;
  5767: ffffff;
  5768: ffffff;
  5769: ffffff;
  5770: ffffff;
  5771: ffffff;
  5772: ffffff;
  5773: ffffff;
  5774: ffffff;
  5775: fffeff;
  5776: fffeff;
  5777: fffeff;
  5778: fffeff;
  5779: a8a6a9;
  5780: a9a8ae;
  5781: ce99a1;
  5782: c82d33;
  5783: ea1b21;
  5784: eb1c24;
  5785: eb1c24;
  5786: ee1b24;
  5787: ed1b24;
  5788: eb1c22;
  5789: eb1c22;
  5790: ed1b24;
  5791: eb1c26;
  5792: e61c28;
  5793: e5212b;
  5794: dc2128;
  5795: db1e24;
  5796: ec202b;
  5797: ea1823;
  5798: ec1824;
  5799: f01e27;
  5800: ea1d24;
  5801: ea1d24;
  5802: ee1b24;
  5803: f01a24;
  5804: f01a24;
  5805: ed1b24;
  5806: ea1d24;
  5807: ea1d24;
  5808: ed1e28;
  5809: e71e28;
  5810: e0252e;
  5811: d02128;
  5812: d32d31;
  5813: c51f23;
  5814: c21519;
  5815: ba171a;
  5816: d04548;
  5817: f9868b;
  5818: f8a1a9;
  5819: fdc4cb;
  5820: f8dfe2;
  5821: fffdfd;
  5822: fffcfc;
  5823: fffefb;
  5824: fffefa;
  5825: fffffd;
  5826: fdfbff;
  5827: fffeff;
  5828: fffeff;
  5829: fcfafb;
  5830: ffffff;
  5831: fefdfb;
  5832: fffefa;
  5833: fffffa;
  5834: fafffb;
  5835: f8fffe;
  5836: f7fdfb;
  5837: fefffd;
  5838: fffefb;
  5839: fff7f5;
  5840: ffeae6;
  5841: ffc4c0;
  5842: fff4f1;
  5843: ffeeed;
  5844: ffacb5;
  5845: af1723;
  5846: cc2d32;
  5847: ce252a;
  5848: dc222d;
  5849: e82430;
  5850: e41c26;
  5851: ec1e28;
  5852: ec1a23;
  5853: ec1a23;
  5854: eb1e25;
  5855: e81b22;
  5856: ed1b24;
  5857: ee1b24;
  5858: eb1c22;
  5859: eb1d21;
  5860: eb1c22;
  5861: eb1c22;
  5862: ed1b24;
  5863: eb1c24;
  5864: ea1c28;
  5865: d4242e;
  5866: b3383d;
  5867: da9295;
  5868: baa0a3;
  5869: dbdbdd;
  5870: fbfeff;
  5871: fafdff;
  5872: feffff;
  5873: ffffff;
  5874: ffffff;
  5875: ffffff;
  5876: ffffff;
  5877: ffffff;
  5878: ffffff;
  5879: ffffff;
  5880: ffffff;
  5881: ffffff;
  5882: ffffff;
  5883: ffffff;
  5884: ffffff;
  5885: ffffff;
  5886: ffffff;
  5887: ffffff;
  5888: ffffff;
  5889: ffffff;
  5890: ffffff;
  5891: ffffff;
  5892: ffffff;
  5893: ffffff;
  5894: ffffff;
  5895: ffffff;
  5896: ffffff;
  5897: ffffff;
  5898: ffffff;
  5899: ffffff;
  5900: ffffff;
  5901: ffffff;
  5902: ffffff;
  5903: ffffff;
  5904: feffff;
  5905: fbffff;
  5906: feffff;
  5907: a3a7a6;
  5908: a2acad;
  5909: ca9da0;
  5910: c92d31;
  5911: ef1a20;
  5912: ee1b24;
  5913: ee1a26;
  5914: f11924;
  5915: f01a24;
  5916: eb1c22;
  5917: ea1d22;
  5918: eb1c24;
  5919: e91d26;
  5920: e7252e;
  5921: ff6d73;
  5922: ff5e61;
  5923: d21e21;
  5924: e42129;
  5925: ec1e28;
  5926: ee1c27;
  5927: ea1823;
  5928: ea1d24;
  5929: ea1d24;
  5930: f01a24;
  5931: f21924;
  5932: f21924;
  5933: f11924;
  5934: ed1b24;
  5935: eb1c24;
  5936: ea191f;
  5937: e11f27;
  5938: b6151b;
  5939: cb5355;
  5940: ffc9c8;
  5941: ffeeed;
  5942: ffecf1;
  5943: ffebf2;
  5944: ffeff4;
  5945: ffeff5;
  5946: fff4fb;
  5947: fff6fb;
  5948: fffcff;
  5949: fafafa;
  5950: fcfcfc;
  5951: fffffd;
  5952: fefffa;
  5953: fffffd;
  5954: fefcff;
  5955: fffbff;
  5956: fffeff;
  5957: fffeff;
  5958: fcffff;
  5959: fefffd;
  5960: fffdfc;
  5961: fffcfd;
  5962: feffff;
  5963: fcffff;
  5964: feffff;
  5965: ffffff;
  5966: fbf9fa;
  5967: fffdfb;
  5968: fff8fa;
  5969: fff5f4;
  5970: fffcf8;
  5971: fffafa;
  5972: ffeef8;
  5973: ffedfa;
  5974: ffc9cf;
  5975: ffe2e6;
  5976: f26f75;
  5977: d1282f;
  5978: e42129;
  5979: ee1b22;
  5980: f21b22;
  5981: f11a21;
  5982: ed1c22;
  5983: ec1a23;
  5984: f01928;
  5985: f01928;
  5986: eb1c26;
  5987: ea1d24;
  5988: ed1c22;
  5989: ee1b21;
  5990: ee1b21;
  5991: ee1b21;
  5992: ef1d26;
  5993: d92530;
  5994: bb444a;
  5995: db969b;
  5996: bba2a5;
  5997: e4e2e5;
  5998: ffffff;
  5999: ffffff;
  6000: ffffff;
  6001: ffffff;
  6002: ffffff;
  6003: ffffff;
  6004: ffffff;
  6005: ffffff;
  6006: ffffff;
  6007: ffffff;
  6008: ffffff;
  6009: ffffff;
  6010: ffffff;
  6011: ffffff;
  6012: ffffff;
  6013: ffffff;
  6014: ffffff;
  6015: ffffff;
  6016: ffffff;
  6017: ffffff;
  6018: ffffff;
  6019: ffffff;
  6020: ffffff;
  6021: ffffff;
  6022: ffffff;
  6023: ffffff;
  6024: ffffff;
  6025: ffffff;
  6026: ffffff;
  6027: ffffff;
  6028: ffffff;
  6029: ffffff;
  6030: ffffff;
  6031: feffff;
  6032: fbffff;
  6033: faffff;
  6034: fcffff;
  6035: a0a9a4;
  6036: 9eaead;
  6037: c8a0a1;
  6038: cc2b30;
  6039: f11820;
  6040: f11926;
  6041: f01a26;
  6042: f01a24;
  6043: ee1b22;
  6044: eb1c22;
  6045: eb1c24;
  6046: eb1c26;
  6047: e91d28;
  6048: e5202a;
  6049: d31e25;
  6050: ff8687;
  6051: ff6566;
  6052: db232b;
  6053: e31f29;
  6054: dc1721;
  6055: e8202a;
  6056: ea1d24;
  6057: ed1b24;
  6058: f01a24;
  6059: f11926;
  6060: f21826;
  6061: ee1a26;
  6062: e31f29;
  6063: d8252b;
  6064: c52225;
  6065: d04447;
  6066: ff989b;
  6067: ffeaec;
  6068: fff8f4;
  6069: fffffb;
  6070: fffcfd;
  6071: fffcff;
  6072: fffcff;
  6073: fffeff;
  6074: fffbff;
  6075: fffdff;
  6076: fffdff;
  6077: ffffff;
  6078: feffff;
  6079: fdfffc;
  6080: fefffd;
  6081: fffffd;
  6082: fffdfe;
  6083: fffeff;
  6084: fbfaff;
  6085: feffff;
  6086: fbffff;
  6087: fcfcfc;
  6088: fffbfb;
  6089: fffafa;
  6090: fffdfa;
  6091: ffffff;
  6092: fefeff;
  6093: ffffff;
  6094: fffeff;
  6095: fffbfc;
  6096: fffcff;
  6097: fffeff;
  6098: fcfcfa;
  6099: fefefe;
  6100: fffdff;
  6101: fffaff;
  6102: fffdff;
  6103: fff5f6;
  6104: ffdfe0;
  6105: a51e22;
  6106: d7232c;
  6107: ea1e27;
  6108: f01a22;
  6109: ee171e;
  6110: f01d23;
  6111: ee1c25;
  6112: f01928;
  6113: f01928;
  6114: eb1b28;
  6115: ea1c26;
  6116: ed1c22;
  6117: ee1b21;
  6118: ee1c1f;
  6119: ee1b21;
  6120: ec1920;
  6121: d7232c;
  6122: bd4a51;
  6123: d7999e;
  6124: bba2a6;
  6125: e7e5e6;
  6126: fefefc;
  6127: fffffd;
  6128: ffffff;
  6129: ffffff;
  6130: ffffff;
  6131: ffffff;
  6132: ffffff;
  6133: ffffff;
  6134: ffffff;
  6135: ffffff;
  6136: ffffff;
  6137: ffffff;
  6138: ffffff;
  6139: ffffff;
  6140: ffffff;
  6141: ffffff;
  6142: ffffff;
  6143: ffffff;
  6144: ffffff;
  6145: ffffff;
  6146: ffffff;
  6147: ffffff;
  6148: ffffff;
  6149: ffffff;
  6150: ffffff;
  6151: ffffff;
  6152: ffffff;
  6153: ffffff;
  6154: ffffff;
  6155: ffffff;
  6156: ffffff;
  6157: ffffff;
  6158: ffffff;
  6159: feffff;
  6160: fcffff;
  6161: fafffe;
  6162: fdfffa;
  6163: a5aca5;
  6164: 9baeac;
  6165: caa3a4;
  6166: c8252a;
  6167: f51722;
  6168: f01827;
  6169: ec1a27;
  6170: eb1e25;
  6171: ea1d22;
  6172: ec1f26;
  6173: ec1a27;
  6174: f21b2d;
  6175: ee192b;
  6176: ec192a;
  6177: d7222b;
  6178: a42224;
  6179: ffdadc;
  6180: d22e37;
  6181: d5212c;
  6182: c31820;
  6183: ff7b82;
  6184: eb1c24;
  6185: f11a22;
  6186: eb1c26;
  6187: eb1b28;
  6188: f01928;
  6189: e51f2c;
  6190: bd1922;
  6191: fb8287;
  6192: ffe8e9;
  6193: fff2f1;
  6194: fff3f6;
  6195: fff4f7;
  6196: fffefb;
  6197: fcfef9;
  6198: fffef8;
  6199: fffefa;
  6200: fffeff;
  6201: fffeff;
  6202: fffbfb;
  6203: fffbfb;
  6204: fffcff;
  6205: fffdfe;
  6206: fefdfb;
  6207: fffffd;
  6208: fffeff;
  6209: fdfbfc;
  6210: fefefe;
  6211: fdfffe;
  6212: fcffff;
  6213: fbffff;
  6214: f9ffff;
  6215: fffdff;
  6216: fff3f1;
  6217: fff3ed;
  6218: fffaf3;
  6219: fffdf8;
  6220: fcffff;
  6221: fcffff;
  6222: fef8fa;
  6223: fffcff;
  6224: fffbff;
  6225: fffdff;
  6226: fffeff;
  6227: fffffd;
  6228: fffdff;
  6229: fffefd;
  6230: fcfbf9;
  6231: fffaf8;
  6232: ffefee;
  6233: ffc7c9;
  6234: e34d56;
  6235: d01623;
  6236: e81c27;
  6237: f01d26;
  6238: ec1d23;
  6239: eb1c22;
  6240: ed1c22;
  6241: ee1b24;
  6242: ed1b26;
  6243: eb1c26;
  6244: eb1c26;
  6245: ed1b24;
  6246: ed1c22;
  6247: ed1c21;
  6248: ed1c1f;
  6249: d6282a;
  6250: bc5159;
  6251: d69da6;
  6252: b7a1a4;
  6253: ecebe9;
  6254: fcfffd;
  6255: fcfffd;
  6256: feffff;
  6257: ffffff;
  6258: ffffff;
  6259: ffffff;
  6260: ffffff;
  6261: ffffff;
  6262: ffffff;
  6263: ffffff;
  6264: ffffff;
  6265: ffffff;
  6266: ffffff;
  6267: ffffff;
  6268: ffffff;
  6269: ffffff;
  6270: ffffff;
  6271: ffffff;
  6272: ffffff;
  6273: ffffff;
  6274: ffffff;
  6275: ffffff;
  6276: ffffff;
  6277: ffffff;
  6278: ffffff;
  6279: ffffff;
  6280: ffffff;
  6281: ffffff;
  6282: ffffff;
  6283: ffffff;
  6284: ffffff;
  6285: ffffff;
  6286: ffffff;
  6287: feffff;
  6288: feffff;
  6289: fbfffc;
  6290: fdfffa;
  6291: a3a9a5;
  6292: 9eacac;
  6293: cba1a3;
  6294: c9252c;
  6295: f41822;
  6296: f01928;
  6297: f01d2c;
  6298: e81d23;
  6299: e42022;
  6300: df2025;
  6301: df2229;
  6302: e21f2d;
  6303: e51c2c;
  6304: ed1d2b;
  6305: d5242e;
  6306: ef8383;
  6307: ffdfe0;
  6308: ff8e95;
  6309: c0121b;
  6310: b83137;
  6311: ffb7bb;
  6312: c9141b;
  6313: e31a20;
  6314: e71e26;
  6315: e6272f;
  6316: d12531;
  6317: b6242f;
  6318: ef8087;
  6319: ffeaed;
  6320: fff9fa;
  6321: feffff;
  6322: fefcff;
  6323: fffdfe;
  6324: fcfefd;
  6325: fefffd;
  6326: fdfcf8;
  6327: fffffd;
  6328: fcfdff;
  6329: fdfffe;
  6330: fffefb;
  6331: fffdfb;
  6332: fffcff;
  6333: fffeff;
  6334: ffffff;
  6335: fcfefd;
  6336: fffeff;
  6337: fffeff;
  6338: fefffd;
  6339: fcfffd;
  6340: f8fcfb;
  6341: fffeff;
  6342: fff6fd;
  6343: fff5fa;
  6344: ab7f7c;
  6345: c19892;
  6346: fae7e1;
  6347: fffffb;
  6348: f9ffff;
  6349: fbffff;
  6350: fffbfd;
  6351: fff5f8;
  6352: fff5fa;
  6353: fff1f5;
  6354: fff0f1;
  6355: fff1f1;
  6356: ffeeed;
  6357: ffefed;
  6358: fff9f8;
  6359: fff8f7;
  6360: fff1f2;
  6361: c77579;
  6362: ffafba;
  6363: f73f4b;
  6364: eb212d;
  6365: e71820;
  6366: e91a22;
  6367: eb1c22;
  6368: ed1c21;
  6369: ed1c22;
  6370: ed1b26;
  6371: ed1b28;
  6372: eb1c26;
  6373: eb1c26;
  6374: ed1b24;
  6375: ed1c22;
  6376: eb1d1d;
  6377: d22829;
  6378: c15b66;
  6379: cf9da6;
  6380: b5a2a4;
  6381: f4f4f2;
  6382: fbfffc;
  6383: fbfffd;
  6384: feffff;
  6385: ffffff;
  6386: ffffff;
  6387: ffffff;
  6388: ffffff;
  6389: ffffff;
  6390: ffffff;
  6391: ffffff;
  6392: ffffff;
  6393: ffffff;
  6394: ffffff;
  6395: ffffff;
  6396: ffffff;
  6397: ffffff;
  6398: ffffff;
  6399: ffffff;
  6400: ffffff;
  6401: ffffff;
  6402: ffffff;
  6403: ffffff;
  6404: ffffff;
  6405: ffffff;
  6406: ffffff;
  6407: ffffff;
  6408: ffffff;
  6409: ffffff;
  6410: ffffff;
  6411: ffffff;
  6412: ffffff;
  6413: ffffff;
  6414: ffffff;
  6415: ffffff;
  6416: ffffff;
  6417: feffff;
  6418: fcfffd;
  6419: a1a5a4;
  6420: a4a9ad;
  6421: ce9da1;
  6422: c4282c;
  6423: ed1a21;
  6424: ed1928;
  6425: ef1c2b;
  6426: ea1f25;
  6427: da2021;
  6428: e0413b;
  6429: ff6f68;
  6430: f05c5c;
  6431: b71419;
  6432: e22028;
  6433: ce232b;
  6434: ffaeaf;
  6435: ffe1e2;
  6436: c00c0f;
  6437: c21215;
  6438: ffe5e8;
  6439: ffe2e4;
  6440: ffafb2;
  6441: c0171c;
  6442: dc1f25;
  6443: c72228;
  6444: ffa3a9;
  6445: ffeff3;
  6446: fff3f3;
  6447: fff9f8;
  6448: fffcff;
  6449: ffffff;
  6450: ffffff;
  6451: ffffff;
  6452: ffffff;
  6453: ffffff;
  6454: fefeff;
  6455: fbffff;
  6456: f7ffff;
  6457: f7fffd;
  6458: fffffb;
  6459: fffefb;
  6460: fcf8f7;
  6461: fcfcfc;
  6462: fcffff;
  6463: f8fdff;
  6464: fdfdfd;
  6465: fffffb;
  6466: fafffa;
  6467: f6fcf8;
  6468: ffffff;
  6469: fff8fa;
  6470: ffedf3;
  6471: 71383e;
  6472: fff4f4;
  6473: fffbfb;
  6474: fffbff;
  6475: fdfcff;
  6476: f8ffff;
  6477: fbfffa;
  6478: fff8f6;
  6479: ffe9e9;
  6480: 7a2f33;
  6481: ffdee0;
  6482: ffd3d8;
  6483: ff8084;
  6484: b41519;
  6485: a72122;
  6486: ffebef;
  6487: fff3f5;
  6488: ffeff3;
  6489: db7c82;
  6490: ce2633;
  6491: e01420;
  6492: e3161d;
  6493: ec1d23;
  6494: ee1a26;
  6495: ef1c25;
  6496: ed1c22;
  6497: ed1c22;
  6498: ed1b26;
  6499: ed1b28;
  6500: eb1c26;
  6501: eb1c26;
  6502: ed1b24;
  6503: ed1c22;
  6504: ed1c1f;
  6505: d02627;
  6506: c76a72;
  6507: c89da6;
  6508: b3a3a6;
  6509: fefefe;
  6510: fbfffe;
  6511: fcffff;
  6512: feffff;
  6513: ffffff;
  6514: ffffff;
  6515: ffffff;
  6516: ffffff;
  6517: ffffff;
  6518: ffffff;
  6519: ffffff;
  6520: ffffff;
  6521: ffffff;
  6522: ffffff;
  6523: ffffff;
  6524: ffffff;
  6525: ffffff;
  6526: ffffff;
  6527: ffffff;
  6528: ffffff;
  6529: ffffff;
  6530: ffffff;
  6531: ffffff;
  6532: ffffff;
  6533: ffffff;
  6534: ffffff;
  6535: ffffff;
  6536: ffffff;
  6537: ffffff;
  6538: ffffff;
  6539: ffffff;
  6540: ffffff;
  6541: ffffff;
  6542: ffffff;
  6543: ffffff;
  6544: ffffff;
  6545: ffffff;
  6546: feffff;
  6547: a1a2a4;
  6548: a7a8ad;
  6549: ce999f;
  6550: c5262a;
  6551: ed1a21;
  6552: f31f2e;
  6553: e71425;
  6554: e81a24;
  6555: e22627;
  6556: ff6a65;
  6557: ff7e76;
  6558: ffc9c3;
  6559: ff9b99;
  6560: d02128;
  6561: ca2a32;
  6562: f69a9b;
  6563: ffe1df;
  6564: cc1615;
  6565: bd1313;
  6566: ffeaeb;
  6567: ffeff2;
  6568: ffbcbf;
  6569: b6151a;
  6570: dd262b;
  6571: e04b4f;
  6572: ffedef;
  6573: fffbfa;
  6574: fffefd;
  6575: fffdfe;
  6576: fefcff;
  6577: fffdff;
  6578: ffffff;
  6579: fdfbfc;
  6580: fffafa;
  6581: fffbff;
  6582: fff7ff;
  6583: fff7ff;
  6584: fff9fb;
  6585: fff8f4;
  6586: fff0f0;
  6587: fff0ee;
  6588: ffefed;
  6589: ffecec;
  6590: ffe9f0;
  6591: fff0f6;
  6592: fff1f1;
  6593: fff2f0;
  6594: fff3f0;
  6595: fff7f4;
  6596: fff2f2;
  6597: fff0f3;
  6598: faaaad;
  6599: f4acaf;
  6600: fff8f8;
  6601: ffffff;
  6602: fffdff;
  6603: fcfdff;
  6604: f8ffff;
  6605: fffffa;
  6606: fff4f2;
  6607: 8f5152;
  6608: 9e3f43;
  6609: ff9fa3;
  6610: ae171c;
  6611: c51518;
  6612: e91e22;
  6613: bf0a0f;
  6614: ffdce3;
  6615: b6646a;
  6616: ffcdd4;
  6617: d75f68;
  6618: da2430;
  6619: ee1a26;
  6620: ec1d23;
  6621: ed1e24;
  6622: f41e2a;
  6623: ed1723;
  6624: ee1b22;
  6625: ed1c22;
  6626: ed1b26;
  6627: ed1b28;
  6628: eb1c26;
  6629: eb1c26;
  6630: ed1b24;
  6631: ed1c22;
  6632: ed1c1f;
  6633: cf2629;
  6634: c9747b;
  6635: c0a0a5;
  6636: b1a5a7;
  6637: ffffff;
  6638: fbfffe;
  6639: fbfffe;
  6640: feffff;
  6641: ffffff;
  6642: ffffff;
  6643: ffffff;
  6644: ffffff;
  6645: ffffff;
  6646: ffffff;
  6647: ffffff;
  6648: ffffff;
  6649: ffffff;
  6650: ffffff;
  6651: ffffff;
  6652: ffffff;
  6653: ffffff;
  6654: ffffff;
  6655: ffffff;
  6656: ffffff;
  6657: ffffff;
  6658: ffffff;
  6659: ffffff;
  6660: ffffff;
  6661: ffffff;
  6662: ffffff;
  6663: ffffff;
  6664: ffffff;
  6665: ffffff;
  6666: ffffff;
  6667: ffffff;
  6668: ffffff;
  6669: ffffff;
  6670: ffffff;
  6671: ffffff;
  6672: ffffff;
  6673: ffffff;
  6674: fffdff;
  6675: a3a1a6;
  6676: a8a9ae;
  6677: cd989e;
  6678: c82128;
  6679: f31820;
  6680: eb1424;
  6681: f11e2f;
  6682: e81a24;
  6683: ee2329;
  6684: dc151a;
  6685: ce1e21;
  6686: a7201d;
  6687: ffd9da;
  6688: ce3841;
  6689: ba2d36;
  6690: be5758;
  6691: ffdbd6;
  6692: b91611;
  6693: d43a38;
  6694: ffe7e8;
  6695: ffe7ec;
  6696: ff6e74;
  6697: d01b22;
  6698: c50f1b;
  6699: ffd2da;
  6700: d89896;
  6701: dec9c4;
  6702: fffbfd;
  6703: fffafe;
  6704: fffeff;
  6705: fffeff;
  6706: fdfbfe;
  6707: fffcff;
  6708: fffafa;
  6709: fff5f4;
  6710: ffeaf0;
  6711: ffe4ec;
  6712: ffe1e5;
  6713: ffb1b3;
  6714: fc8587;
  6715: e3585b;
  6716: c22126;
  6717: ba1013;
  6718: bf191d;
  6719: b5161a;
  6720: ca393c;
  6721: f37075;
  6722: fa8890;
  6723: ffc7cc;
  6724: ffe1e0;
  6725: ffe4e3;
  6726: d37375;
  6727: ffdcdf;
  6728: fff7f3;
  6729: fcfbf6;
  6730: ffffff;
  6731: feffff;
  6732: fcfdff;
  6733: fffcfd;
  6734: fff3f4;
  6735: a16162;
  6736: 93383f;
  6737: a93037;
  6738: c12a2f;
  6739: d82b2f;
  6740: df252a;
  6741: ff8e95;
  6742: da2a34;
  6743: c2222c;
  6744: ff97a0;
  6745: c1282d;
  6746: e3242b;
  6747: ef1e23;
  6748: e5191c;
  6749: ed2124;
  6750: eb1821;
  6751: f11b25;
  6752: ee1b22;
  6753: ee1b22;
  6754: ed1b26;
  6755: ed1b28;
  6756: eb1c26;
  6757: eb1c26;
  6758: ed1b26;
  6759: ed1b24;
  6760: ee1b21;
  6761: ce292d;
  6762: c67b80;
  6763: b9a3a6;
  6764: afa6a9;
  6765: ffffff;
  6766: feffff;
  6767: feffff;
  6768: ffffff;
  6769: ffffff;
  6770: ffffff;
  6771: ffffff;
  6772: ffffff;
  6773: ffffff;
  6774: ffffff;
  6775: ffffff;
  6776: ffffff;
  6777: ffffff;
  6778: ffffff;
  6779: ffffff;
  6780: ffffff;
  6781: ffffff;
  6782: ffffff;
  6783: ffffff;
  6784: ffffff;
  6785: ffffff;
  6786: ffffff;
  6787: ffffff;
  6788: ffffff;
  6789: ffffff;
  6790: ffffff;
  6791: ffffff;
  6792: ffffff;
  6793: ffffff;
  6794: ffffff;
  6795: ffffff;
  6796: ffffff;
  6797: ffffff;
  6798: ffffff;
  6799: ffffff;
  6800: ffffff;
  6801: ffffff;
  6802: fffdff;
  6803: a5a2a9;
  6804: a6a9ae;
  6805: cc999e;
  6806: c71e25;
  6807: f71721;
  6808: f31b2a;
  6809: ec1928;
  6810: e81923;
  6811: eb1922;
  6812: f11924;
  6813: e31e27;
  6814: c52c2f;
  6815: ffb5ba;
  6816: ffd9e3;
  6817: c55059;
  6818: a02f31;
  6819: ffdcda;
  6820: ff8383;
  6821: cd4f50;
  6822: ffe3e7;
  6823: 8e262d;
  6824: d02930;
  6825: dc212a;
  6826: db3742;
  6827: 9c252b;
  6828: ffefec;
  6829: fffaf4;
  6830: fffafc;
  6831: fffdff;
  6832: ffffff;
  6833: fffcfc;
  6834: fff8f9;
  6835: fff4f4;
  6836: ffeceb;
  6837: e99fa0;
  6838: ac3e41;
  6839: a72227;
  6840: bc2d2f;
  6841: c72b2e;
  6842: d2272d;
  6843: e0232a;
  6844: f01d26;
  6845: f61922;
  6846: f4191f;
  6847: ef1a1e;
  6848: e82126;
  6849: d92227;
  6850: d12a32;
  6851: c62c34;
  6852: b82e2e;
  6853: a0201f;
  6854: ab2f2f;
  6855: ffdede;
  6856: fff5f3;
  6857: fffefb;
  6858: fffefc;
  6859: fffeff;
  6860: fffbfc;
  6861: fffafd;
  6862: fff4f5;
  6863: ffeff1;
  6864: ffeaef;
  6865: ffe3ea;
  6866: ff8e92;
  6867: f05f62;
  6868: bc161a;
  6869: d31a20;
  6870: e4202c;
  6871: df1d28;
  6872: ff6b73;
  6873: d42127;
  6874: e31c21;
  6875: e91b1f;
  6876: ea1e21;
  6877: eb1f22;
  6878: ea191f;
  6879: ef1e24;
  6880: ee1b22;
  6881: ee1b22;
  6882: ed1b26;
  6883: ed1b26;
  6884: eb1c26;
  6885: eb1c26;
  6886: ed1b26;
  6887: ed1b24;
  6888: ee1b21;
  6889: ce2b2e;
  6890: c58586;
  6891: b2a6a8;
  6892: ada7ab;
  6893: fdfdff;
  6894: ffffff;
  6895: feffff;
  6896: ffffff;
  6897: ffffff;
  6898: ffffff;
  6899: ffffff;
  6900: ffffff;
  6901: ffffff;
  6902: ffffff;
  6903: ffffff;
  6904: ffffff;
  6905: ffffff;
  6906: ffffff;
  6907: ffffff;
  6908: ffffff;
  6909: ffffff;
  6910: ffffff;
  6911: ffffff;
  6912: ffffff;
  6913: ffffff;
  6914: ffffff;
  6915: ffffff;
  6916: ffffff;
  6917: ffffff;
  6918: ffffff;
  6919: ffffff;
  6920: ffffff;
  6921: ffffff;
  6922: ffffff;
  6923: ffffff;
  6924: ffffff;
  6925: ffffff;
  6926: ffffff;
  6927: ffffff;
  6928: ffffff;
  6929: fffeff;
  6930: fffdff;
  6931: a7a6ac;
  6932: a6abaf;
  6933: cb9a9d;
  6934: c11e21;
  6935: f41921;
  6936: f11727;
  6937: f31c2c;
  6938: ee1a26;
  6939: ec1922;
  6940: f21f26;
  6941: e92028;
  6942: d8222f;
  6943: ff9ba9;
  6944: ffdfea;
  6945: ffaeb6;
  6946: b53e44;
  6947: ff9ba3;
  6948: ffd4e1;
  6949: a74b58;
  6950: ffe2e9;
  6951: ab3438;
  6952: d4252c;
  6953: dc292f;
  6954: ac2b2f;
  6955: ffbebf;
  6956: fff6f4;
  6957: fffcf9;
  6958: fffeff;
  6959: fffeff;
  6960: f9fdfc;
  6961: fffbf8;
  6962: fff0ec;
  6963: ffe4e3;
  6964: de7071;
  6965: a82127;
  6966: bc2127;
  6967: d2272d;
  6968: d92322;
  6969: e22426;
  6970: e5202a;
  6971: e51b29;
  6972: eb1b2b;
  6973: ef1c2b;
  6974: ee1a26;
  6975: ed1b24;
  6976: e91a20;
  6977: e81d21;
  6978: e52324;
  6979: dc2021;
  6980: d92526;
  6981: d72b2b;
  6982: c92524;
  6983: ffa2a3;
  6984: fff1f6;
  6985: fcf7fb;
  6986: fffdff;
  6987: fff8fb;
  6988: fffcfb;
  6989: fffbfa;
  6990: fffafa;
  6991: fff6f5;
  6992: fff7fa;
  6993: fff1f5;
  6994: ffeff3;
  6995: ffb0b4;
  6996: e7585c;
  6997: d6292f;
  6998: d82731;
  6999: da2430;
  7000: d71d22;
  7001: e42326;
  7002: ee2128;
  7003: e7161c;
  7004: ef2026;
  7005: ea1c20;
  7006: e61b1e;
  7007: eb1f22;
  7008: ed1c21;
  7009: ee1b22;
  7010: ee1b24;
  7011: ed1b26;
  7012: eb1c26;
  7013: eb1c24;
  7014: ed1b26;
  7015: ed1b24;
  7016: ee1b22;
  7017: cd2c31;
  7018: c78f90;
  7019: ada9aa;
  7020: a8a6a9;
  7021: fefdff;
  7022: fefeff;
  7023: ffffff;
  7024: ffffff;
  7025: ffffff;
  7026: ffffff;
  7027: ffffff;
  7028: ffffff;
  7029: ffffff;
  7030: ffffff;
  7031: ffffff;
  7032: ffffff;
  7033: ffffff;
  7034: ffffff;
  7035: ffffff;
  7036: ffffff;
  7037: ffffff;
  7038: ffffff;
  7039: ffffff;
  7040: ffffff;
  7041: ffffff;
  7042: ffffff;
  7043: ffffff;
  7044: ffffff;
  7045: ffffff;
  7046: ffffff;
  7047: ffffff;
  7048: ffffff;
  7049: ffffff;
  7050: ffffff;
  7051: ffffff;
  7052: ffffff;
  7053: ffffff;
  7054: ffffff;
  7055: ffffff;
  7056: fffdff;
  7057: ffffff;
  7058: fcfdff;
  7059: a6aaad;
  7060: a5adaf;
  7061: c99b9d;
  7062: bf1c21;
  7063: f31a22;
  7064: f31b28;
  7065: ed1625;
  7066: ee1c25;
  7067: f12026;
  7068: e7161b;
  7069: ea1d24;
  7070: e62031;
  7071: bb1425;
  7072: ff949a;
  7073: ffe4e7;
  7074: ffd7dc;
  7075: 882931;
  7076: ffebfa;
  7077: ffe8f4;
  7078: ffe5ea;
  7079: a92e30;
  7080: d6292f;
  7081: c9262b;
  7082: ffbec0;
  7083: fff1f1;
  7084: fff9f8;
  7085: feffff;
  7086: fcfefd;
  7087: fffefb;
  7088: fffaf6;
  7089: ffefeb;
  7090: e68481;
  7091: ad2f30;
  7092: a41c20;
  7093: ffbdc5;
  7094: ff727b;
  7095: e41f26;
  7096: ea1e1f;
  7097: ec1b20;
  7098: ed1b26;
  7099: ee1b2a;
  7100: ec1c2c;
  7101: eb1b29;
  7102: ed1b26;
  7103: ee1b24;
  7104: ef1c25;
  7105: ed1a21;
  7106: eb1a1f;
  7107: ec1e22;
  7108: e91e21;
  7109: e42022;
  7110: e12325;
  7111: bf292b;
  7112: ffc7cf;
  7113: fff1f8;
  7114: fff3f6;
  7115: fff2f3;
  7116: ffedec;
  7117: f5b4b2;
  7118: fdbdbe;
  7119: ffedef;
  7120: ffd8d9;
  7121: fff0f3;
  7122: fff4f8;
  7123: ffedf0;
  7124: ffdddb;
  7125: a82223;
  7126: cb454c;
  7127: ffaab0;
  7128: de2427;
  7129: eb1d21;
  7130: e9161f;
  7131: f11e27;
  7132: ed1b24;
  7133: eb1c22;
  7134: e91e22;
  7135: e91e21;
  7136: ed1c21;
  7137: ee1b22;
  7138: ee1b24;
  7139: ed1b26;
  7140: ed1b24;
  7141: eb1c24;
  7142: ed1b26;
  7143: ee1b24;
  7144: ef1921;
  7145: cd2e32;
  7146: ca9899;
  7147: a6aaab;
  7148: a5a6aa;
  7149: fffeff;
  7150: fdfdff;
  7151: ffffff;
  7152: ffffff;
  7153: ffffff;
  7154: ffffff;
  7155: ffffff;
  7156: ffffff;
  7157: ffffff;
  7158: ffffff;
  7159: ffffff;
  7160: ffffff;
  7161: ffffff;
  7162: ffffff;
  7163: ffffff;
  7164: ffffff;
  7165: ffffff;
  7166: ffffff;
  7167: ffffff;
  7168: ffffff;
  7169: ffffff;
  7170: ffffff;
  7171: ffffff;
  7172: ffffff;
  7173: ffffff;
  7174: ffffff;
  7175: ffffff;
  7176: ffffff;
  7177: ffffff;
  7178: ffffff;
  7179: ffffff;
  7180: ffffff;
  7181: ffffff;
  7182: ffffff;
  7183: ffffff;
  7184: ffffff;
  7185: feffff;
  7186: fbffff;
  7187: b1bbba;
  7188: a5afae;
  7189: ca999c;
  7190: bc171d;
  7191: f31820;
  7192: ee1a26;
  7193: eb1c26;
  7194: ea1d24;
  7195: ea1d22;
  7196: ed1c1f;
  7197: ed1c22;
  7198: e71d2b;
  7199: dc222f;
  7200: b51613;
  7201: ff928c;
  7202: ffecea;
  7203: ffe8eb;
  7204: fffafd;
  7205: fff7f8;
  7206: ffe9e7;
  7207: 952825;
  7208: c42627;
  7209: aa1b1f;
  7210: ffeaef;
  7211: fffafd;
  7212: fffeff;
  7213: fafffe;
  7214: f9ffff;
  7215: fffbf8;
  7216: ffebe8;
  7217: a13130;
  7218: b81d21;
  7219: b4151a;
  7220: ffb4ba;
  7221: f06a71;
  7222: c60d15;
  7223: ee1d23;
  7224: eb1c22;
  7225: eb1c24;
  7226: eb1c26;
  7227: ed1b26;
  7228: f01a26;
  7229: f11924;
  7230: f11a1f;
  7231: f01b21;
  7232: ed1928;
  7233: ec192c;
  7234: ed1a29;
  7235: eb1c26;
  7236: ea1e1f;
  7237: ea2020;
  7238: e81c25;
  7239: dc222d;
  7240: af1a20;
  7241: ffbec0;
  7242: ffdddb;
  7243: ffd6d4;
  7244: c02827;
  7245: be1415;
  7246: bc131a;
  7247: e33e45;
  7248: b5161a;
  7249: ec6e71;
  7250: ffebed;
  7251: ffeeee;
  7252: ffede6;
  7253: b6716a;
  7254: ffd5d2;
  7255: ffb6b7;
  7256: c31014;
  7257: f31a22;
  7258: f21924;
  7259: ef1722;
  7260: f01d26;
  7261: ec1a23;
  7262: ec1d27;
  7263: eb1c26;
  7264: ed1c22;
  7265: ee1b22;
  7266: ee1b24;
  7267: ed1b26;
  7268: ed1b24;
  7269: eb1c24;
  7270: ed1b26;
  7271: ee1b24;
  7272: ef1921;
  7273: ca2b30;
  7274: cb9d9f;
  7275: a2abaa;
  7276: a4a5a9;
  7277: fffeff;
  7278: fefeff;
  7279: ffffff;
  7280: ffffff;
  7281: ffffff;
  7282: ffffff;
  7283: ffffff;
  7284: ffffff;
  7285: ffffff;
  7286: ffffff;
  7287: ffffff;
  7288: ffffff;
  7289: ffffff;
  7290: ffffff;
  7291: ffffff;
  7292: ffffff;
  7293: ffffff;
  7294: ffffff;
  7295: ffffff;
  7296: ffffff;
  7297: ffffff;
  7298: ffffff;
  7299: ffffff;
  7300: ffffff;
  7301: ffffff;
  7302: ffffff;
  7303: ffffff;
  7304: ffffff;
  7305: ffffff;
  7306: ffffff;
  7307: ffffff;
  7308: ffffff;
  7309: ffffff;
  7310: ffffff;
  7311: ffffff;
  7312: ffffff;
  7313: fcfefd;
  7314: fafffe;
  7315: bcc5c4;
  7316: a2abaa;
  7317: ca999c;
  7318: c4252a;
  7319: ef1923;
  7320: ed1b24;
  7321: ea1d24;
  7322: ea1d24;
  7323: eb1d21;
  7324: f01b1f;
  7325: ee1b21;
  7326: ea1c29;
  7327: e61e29;
  7328: e02222;
  7329: b41b16;
  7330: ffe5e4;
  7331: ffeeef;
  7332: fffaf8;
  7333: fffaf6;
  7334: ffefeb;
  7335: fbada9;
  7336: b94947;
  7337: ffc3c4;
  7338: fff5f8;
  7339: fffeff;
  7340: fbffff;
  7341: fffeff;
  7342: fff9f9;
  7343: ffefef;
  7344: ff9b99;
  7345: b72f31;
  7346: be2833;
  7347: ff8b97;
  7348: ffd7df;
  7349: a8151b;
  7350: e52228;
  7351: f21b22;
  7352: ee1b24;
  7353: eb1c24;
  7354: eb1c24;
  7355: ed1b24;
  7356: f01a26;
  7357: f11a22;
  7358: f11a1f;
  7359: f01b21;
  7360: ed1a29;
  7361: ef1c2f;
  7362: ee1b2e;
  7363: ec1a27;
  7364: e91b1f;
  7365: ee2024;
  7366: ee1b2a;
  7367: e71a29;
  7368: df2228;
  7369: c01414;
  7370: b51b19;
  7371: b61714;
  7372: db1d1d;
  7373: ea191e;
  7374: f01a22;
  7375: ec1620;
  7376: f21f25;
  7377: c41e22;
  7378: aa5558;
  7379: ffe2e3;
  7380: fff0ee;
  7381: ffebe6;
  7382: fff7f3;
  7383: ffebec;
  7384: be1319;
  7385: f81823;
  7386: f31a25;
  7387: f01a24;
  7388: f01d24;
  7389: ec1a23;
  7390: ee1a28;
  7391: ed1927;
  7392: ee1b24;
  7393: ee1b22;
  7394: ee1a26;
  7395: ee1a26;
  7396: ed1b24;
  7397: eb1c24;
  7398: ed1b26;
  7399: ee1a26;
  7400: f21c26;
  7401: c4252a;
  7402: cfa3a4;
  7403: a5adaf;
  7404: 9ea1a6;
  7405: fffeff;
  7406: ffffff;
  7407: fefeff;
  7408: ffffff;
  7409: ffffff;
  7410: ffffff;
  7411: ffffff;
  7412: ffffff;
  7413: ffffff;
  7414: ffffff;
  7415: ffffff;
  7416: ffffff;
  7417: ffffff;
  7418: ffffff;
  7419: ffffff;
  7420: ffffff;
  7421: ffffff;
  7422: ffffff;
  7423: ffffff;
  7424: ffffff;
  7425: ffffff;
  7426: ffffff;
  7427: ffffff;
  7428: ffffff;
  7429: ffffff;
  7430: ffffff;
  7431: ffffff;
  7432: ffffff;
  7433: ffffff;
  7434: ffffff;
  7435: ffffff;
  7436: ffffff;
  7437: ffffff;
  7438: ffffff;
  7439: ffffff;
  7440: feffff;
  7441: fcfefd;
  7442: fffeff;
  7443: d8d6d7;
  7444: a6a7a9;
  7445: cb9d9f;
  7446: d13e44;
  7447: e72027;
  7448: ea1d24;
  7449: ed1b24;
  7450: f01a24;
  7451: f11a22;
  7452: f21921;
  7453: f01b21;
  7454: ed1b26;
  7455: e91d29;
  7456: e51d27;
  7457: df242d;
  7458: b7131a;
  7459: fb7e82;
  7460: ffebea;
  7461: fff3f1;
  7462: fff7f6;
  7463: fff7f6;
  7464: fff5f3;
  7465: fff4f2;
  7466: fff9f9;
  7467: fcfcfe;
  7468: fefdff;
  7469: fff5fe;
  7470: ffebf3;
  7471: c56267;
  7472: ac3032;
  7473: dc656b;
  7474: ffe6f3;
  7475: ffdeed;
  7476: b3181e;
  7477: e42125;
  7478: f01d23;
  7479: ef171c;
  7480: f01b21;
  7481: ed1c22;
  7482: eb1c24;
  7483: eb1c26;
  7484: eb1b29;
  7485: ed1a29;
  7486: ee1b22;
  7487: ed1c22;
  7488: eb1c26;
  7489: e91926;
  7490: e91724;
  7491: ef1d28;
  7492: ee1a26;
  7493: ed1b28;
  7494: e9182b;
  7495: eb1c2e;
  7496: e81c25;
  7497: e41d20;
  7498: e42223;
  7499: da1d21;
  7500: ff9399;
  7501: d71f27;
  7502: e9212b;
  7503: ed1b24;
  7504: e8161f;
  7505: d0272e;
  7506: d78086;
  7507: fff1f8;
  7508: ffeefc;
  7509: fff4ff;
  7510: fffcff;
  7511: ffeef1;
  7512: bb1320;
  7513: f21526;
  7514: f01a26;
  7515: ec1a23;
  7516: ec1e20;
  7517: eb1a1f;
  7518: f11924;
  7519: f11926;
  7520: ee1b24;
  7521: ed1c22;
  7522: ee1a26;
  7523: ee1a26;
  7524: ed1b24;
  7525: ed1b24;
  7526: ee1a26;
  7527: ee1a26;
  7528: f01a24;
  7529: bf2229;
  7530: cfa1a4;
  7531: a4acae;
  7532: 9da0a5;
  7533: feffff;
  7534: feffff;
  7535: fdfffe;
  7536: ffffff;
  7537: ffffff;
  7538: ffffff;
  7539: ffffff;
  7540: ffffff;
  7541: ffffff;
  7542: ffffff;
  7543: ffffff;
  7544: ffffff;
  7545: ffffff;
  7546: ffffff;
  7547: ffffff;
  7548: ffffff;
  7549: ffffff;
  7550: ffffff;
  7551: ffffff;
  7552: ffffff;
  7553: ffffff;
  7554: ffffff;
  7555: ffffff;
  7556: ffffff;
  7557: ffffff;
  7558: ffffff;
  7559: ffffff;
  7560: ffffff;
  7561: ffffff;
  7562: ffffff;
  7563: ffffff;
  7564: ffffff;
  7565: ffffff;
  7566: ffffff;
  7567: ffffff;
  7568: feffff;
  7569: fdfdfd;
  7570: fffcfc;
  7571: eae4e4;
  7572: a5a6a8;
  7573: c69e9f;
  7574: d65359;
  7575: db2228;
  7576: e71e24;
  7577: ee1b22;
  7578: f01a24;
  7579: f11924;
  7580: f01b21;
  7581: ee1b22;
  7582: ed1b26;
  7583: eb1b28;
  7584: ec1e2b;
  7585: ea1e29;
  7586: e61a25;
  7587: c31218;
  7588: cf5456;
  7589: ffcacb;
  7590: fff5f6;
  7591: ffffff;
  7592: fefffd;
  7593: fefffd;
  7594: fffffd;
  7595: ffffff;
  7596: fffdff;
  7597: fff1fa;
  7598: ffdfe6;
  7599: a12025;
  7600: 9c2b2d;
  7601: ffe2e6;
  7602: ffe8f6;
  7603: ffc4d1;
  7604: d0252d;
  7605: f21b20;
  7606: f41c21;
  7607: f11a1f;
  7608: f01b21;
  7609: ee1b22;
  7610: ed1b24;
  7611: eb1c26;
  7612: eb1b29;
  7613: eb1b28;
  7614: eb1c24;
  7615: ed1c22;
  7616: ec1d23;
  7617: f01f25;
  7618: ec1b21;
  7619: f01d26;
  7620: ec1922;
  7621: ef1b29;
  7622: ed1a2d;
  7623: ec1c2c;
  7624: eb1c24;
  7625: eb2024;
  7626: e21f23;
  7627: d0161b;
  7628: e83940;
  7629: dd2932;
  7630: e31e27;
  7631: e61721;
  7632: f01e27;
  7633: e6353d;
  7634: ffd5dd;
  7635: ffc1ca;
  7636: e793a2;
  7637: ffbfcd;
  7638: fff1f8;
  7639: ffe6ec;
  7640: c21626;
  7641: ef1627;
  7642: ec1a25;
  7643: ea1b21;
  7644: ec1e20;
  7645: ec1b1e;
  7646: f11a22;
  7647: f21a25;
  7648: ee1b24;
  7649: ed1b24;
  7650: ee1a26;
  7651: ee1b24;
  7652: ed1c22;
  7653: ed1c22;
  7654: ee1b24;
  7655: ee1a26;
  7656: f01a24;
  7657: c1242b;
  7658: cc9b9f;
  7659: a4a9ac;
  7660: a2a5aa;
  7661: fdfeff;
  7662: fdfffe;
  7663: feffff;
  7664: ffffff;
  7665: ffffff;
  7666: ffffff;
  7667: ffffff;
  7668: ffffff;
  7669: ffffff;
  7670: ffffff;
  7671: ffffff;
  7672: ffffff;
  7673: ffffff;
  7674: ffffff;
  7675: ffffff;
  7676: ffffff;
  7677: ffffff;
  7678: ffffff;
  7679: ffffff;
  7680: ffffff;
  7681: ffffff;
  7682: ffffff;
  7683: ffffff;
  7684: ffffff;
  7685: ffffff;
  7686: ffffff;
  7687: ffffff;
  7688: ffffff;
  7689: ffffff;
  7690: ffffff;
  7691: ffffff;
  7692: ffffff;
  7693: ffffff;
  7694: ffffff;
  7695: ffffff;
  7696: fefcff;
  7697: fffeff;
  7698: fffbf9;
  7699: f5f1f0;
  7700: a5a9aa;
  7701: bf9fa2;
  7702: d66569;
  7703: cf262b;
  7704: e61f26;
  7705: ee1b22;
  7706: eb1c26;
  7707: e91d26;
  7708: e91e24;
  7709: e91e24;
  7710: ed1b24;
  7711: ed1b24;
  7712: e71a1f;
  7713: e91c21;
  7714: f0212b;
  7715: e61e28;
  7716: d92026;
  7717: a52023;
  7718: fff3f1;
  7719: fefffb;
  7720: fefffa;
  7721: fffffb;
  7722: fbfdfa;
  7723: fffffd;
  7724: fffaf7;
  7725: ffefed;
  7726: aa2020;
  7727: a91b1a;
  7728: ffe9e8;
  7729: fff1f3;
  7730: ffe7ed;
  7731: a82c34;
  7732: d7222b;
  7733: ed1a21;
  7734: ee1820;
  7735: ef1c22;
  7736: ed1c22;
  7737: ed1c22;
  7738: ee1b24;
  7739: ee1b24;
  7740: ed1c22;
  7741: eb1d21;
  7742: eb1c22;
  7743: ed1c22;
  7744: ee1b21;
  7745: f11c20;
  7746: ed181c;
  7747: f01e21;
  7748: ed1c1f;
  7749: ed1c22;
  7750: ee1a26;
  7751: ed1b28;
  7752: ea1e29;
  7753: c50c12;
  7754: eb5153;
  7755: ff9799;
  7756: d82125;
  7757: e61d25;
  7758: e81923;
  7759: f4212a;
  7760: ed1c22;
  7761: dd181f;
  7762: d92933;
  7763: ca232a;
  7764: d8282b;
  7765: b81518;
  7766: ffd7de;
  7767: e65e68;
  7768: d61d2b;
  7769: ef1d2a;
  7770: ee1d23;
  7771: ed1c1f;
  7772: ee1d20;
  7773: ed1c1f;
  7774: ee1b22;
  7775: ee1b24;
  7776: ed1b24;
  7777: eb1c24;
  7778: ed1b26;
  7779: ed1b24;
  7780: ed1c22;
  7781: ed1c22;
  7782: ee1b24;
  7783: ee1b24;
  7784: f01d26;
  7785: bc1c24;
  7786: ce999f;
  7787: a9aaae;
  7788: abacb0;
  7789: fbffff;
  7790: fafffb;
  7791: fefffd;
  7792: ffffff;
  7793: ffffff;
  7794: ffffff;
  7795: ffffff;
  7796: ffffff;
  7797: ffffff;
  7798: ffffff;
  7799: ffffff;
  7800: ffffff;
  7801: ffffff;
  7802: ffffff;
  7803: ffffff;
  7804: ffffff;
  7805: ffffff;
  7806: ffffff;
  7807: ffffff;
  7808: ffffff;
  7809: ffffff;
  7810: ffffff;
  7811: ffffff;
  7812: ffffff;
  7813: ffffff;
  7814: ffffff;
  7815: ffffff;
  7816: ffffff;
  7817: ffffff;
  7818: ffffff;
  7819: ffffff;
  7820: ffffff;
  7821: ffffff;
  7822: ffffff;
  7823: ffffff;
  7824: fefcff;
  7825: fffeff;
  7826: fffdfa;
  7827: fcfbf7;
  7828: a7abae;
  7829: bea1a5;
  7830: d87377;
  7831: c82c30;
  7832: e41f26;
  7833: f01a22;
  7834: ea1c26;
  7835: e71e28;
  7836: e61f26;
  7837: e71e24;
  7838: ed1b24;
  7839: ee1b22;
  7840: ed1f23;
  7841: ec1d23;
  7842: ea1823;
  7843: ee1a26;
  7844: f61d26;
  7845: c72429;
  7846: fff0ef;
  7847: fafffb;
  7848: fffffb;
  7849: fffefa;
  7850: feffff;
  7851: fffaf8;
  7852: fff1ed;
  7853: ffb3ad;
  7854: b92f2d;
  7855: ff8484;
  7856: fff2f1;
  7857: fff3f4;
  7858: ffb3b8;
  7859: c82830;
  7860: de232c;
  7861: eb1f2a;
  7862: ee1f29;
  7863: e91a22;
  7864: eb1c22;
  7865: eb1c22;
  7866: ee1b24;
  7867: f01a22;
  7868: ee1c1f;
  7869: ed1c1f;
  7870: ed1b24;
  7871: ed1b24;
  7872: e9161d;
  7873: f11c22;
  7874: ee1c1d;
  7875: ef1d1e;
  7876: ec1b1e;
  7877: e6191e;
  7878: e71f29;
  7879: de202a;
  7880: d01c27;
  7881: ff8a91;
  7882: ffd4d6;
  7883: af1b1b;
  7884: df262b;
  7885: ea1d24;
  7886: f11e27;
  7887: ea1720;
  7888: ec1a23;
  7889: ee1f27;
  7890: ea1b25;
  7891: ef1c23;
  7892: f71d1e;
  7893: e61818;
  7894: e33036;
  7895: c5151f;
  7896: e41e2b;
  7897: ed1e28;
  7898: ee1d20;
  7899: ed1d1d;
  7900: ee1d22;
  7901: ee1d23;
  7902: ed1b24;
  7903: eb1c24;
  7904: eb1c24;
  7905: eb1c24;
  7906: ed1b26;
  7907: ed1b24;
  7908: ed1c22;
  7909: ed1c21;
  7910: ee1b24;
  7911: ee1b24;
  7912: ef1c25;
  7913: b2121a;
  7914: d299a0;
  7915: adabb0;
  7916: b4b5b9;
  7917: fcffff;
  7918: fbfffc;
  7919: fcfffb;
  7920: feffff;
  7921: ffffff;
  7922: ffffff;
  7923: ffffff;
  7924: ffffff;
  7925: ffffff;
  7926: ffffff;
  7927: ffffff;
  7928: ffffff;
  7929: ffffff;
  7930: ffffff;
  7931: ffffff;
  7932: ffffff;
  7933: ffffff;
  7934: ffffff;
  7935: ffffff;
  7936: ffffff;
  7937: ffffff;
  7938: ffffff;
  7939: ffffff;
  7940: ffffff;
  7941: ffffff;
  7942: ffffff;
  7943: ffffff;
  7944: ffffff;
  7945: ffffff;
  7946: ffffff;
  7947: ffffff;
  7948: ffffff;
  7949: ffffff;
  7950: ffffff;
  7951: feffff;
  7952: fafeff;
  7953: fcffff;
  7954: fbfdf8;
  7955: fefffa;
  7956: a9a7ac;
  7957: be9da6;
  7958: db7f84;
  7959: c02d33;
  7960: e32028;
  7961: f11924;
  7962: ed1b28;
  7963: e91d28;
  7964: e71e28;
  7965: e91d26;
  7966: f01a24;
  7967: f11a22;
  7968: ec1922;
  7969: f4222d;
  7970: e91724;
  7971: f21c28;
  7972: f21620;
  7973: c9242b;
  7974: ffeff4;
  7975: fcffff;
  7976: fdfcfa;
  7977: fffefb;
  7978: fffdfe;
  7979: fff4f3;
  7980: ffd6d5;
  7981: 9f2220;
  7982: 902829;
  7983: ffe8ea;
  7984: fff2f2;
  7985: ffebec;
  7986: d7414c;
  7987: df212d;
  7988: d91f2a;
  7989: e0222c;
  7990: e51d28;
  7991: e91b25;
  7992: ea1d24;
  7993: eb1c22;
  7994: ed1c22;
  7995: ee1b22;
  7996: ed1c22;
  7997: ed1b24;
  7998: ee1a29;
  7999: ee1a29;
  8000: ef1c2b;
  8001: f01e29;
  8002: eb1a1d;
  8003: ea191c;
  8004: f21f28;
  8005: e51d2a;
  8006: d22831;
  8007: b8222b;
  8008: ea6169;
  8009: ffd5dc;
  8010: ff8283;
  8011: d22828;
  8012: da2629;
  8013: e01f24;
  8014: eb1c26;
  8015: f31d29;
  8016: eb1c26;
  8017: eb1c26;
  8018: f31d27;
  8019: ec161e;
  8020: ed1c22;
  8021: e4171c;
  8022: e51e23;
  8023: e71e26;
  8024: ee1a28;
  8025: ef1925;
  8026: ea1c1e;
  8027: e91d1c;
  8028: eb1c24;
  8029: ed1b28;
  8030: eb1b29;
  8031: ec1c29;
  8032: eb1c26;
  8033: eb1c24;
  8034: ed1b26;
  8035: ed1b24;
  8036: ee1b22;
  8037: ee1b21;
  8038: ee1b24;
  8039: ee1b24;
  8040: ec1922;
  8041: c12028;
  8042: d3969e;
  8043: aea7ae;
  8044: c8c7cc;
  8045: fcffff;
  8046: fbfffd;
  8047: fbfffa;
  8048: feffff;
  8049: ffffff;
  8050: ffffff;
  8051: ffffff;
  8052: ffffff;
  8053: ffffff;
  8054: ffffff;
  8055: ffffff;
  8056: ffffff;
  8057: ffffff;
  8058: ffffff;
  8059: ffffff;
  8060: ffffff;
  8061: ffffff;
  8062: ffffff;
  8063: ffffff;
  8064: ffffff;
  8065: ffffff;
  8066: ffffff;
  8067: ffffff;
  8068: ffffff;
  8069: ffffff;
  8070: ffffff;
  8071: ffffff;
  8072: ffffff;
  8073: ffffff;
  8074: ffffff;
  8075: ffffff;
  8076: ffffff;
  8077: ffffff;
  8078: ffffff;
  8079: feffff;
  8080: fcffff;
  8081: fbffff;
  8082: fbfffa;
  8083: fffffd;
  8084: a9a6ad;
  8085: bf9ea7;
  8086: e08991;
  8087: bd3237;
  8088: e02129;
  8089: f11924;
  8090: ed1b26;
  8091: ea1c28;
  8092: e91d26;
  8093: ea1c26;
  8094: f01a24;
  8095: f11924;
  8096: ee1b24;
  8097: ea1823;
  8098: ef1d28;
  8099: ee1a26;
  8100: ed1a23;
  8101: b6161e;
  8102: ffedf6;
  8103: fffeff;
  8104: fffeff;
  8105: fffaf8;
  8106: fffaf9;
  8107: ffeeef;
  8108: a81d20;
  8109: c02f34;
  8110: ffcdd2;
  8111: fff0f1;
  8112: fff4f4;
  8113: d18d8e;
  8114: b5252e;
  8115: d12732;
  8116: ff96a0;
  8117: c62b33;
  8118: d8222e;
  8119: e5202a;
  8120: eb1c24;
  8121: ee1b21;
  8122: f01a22;
  8123: f01a24;
  8124: f01a26;
  8125: f01928;
  8126: f01928;
  8127: eb1b29;
  8128: e2202b;
  8129: d81d26;
  8130: dd2527;
  8131: de272b;
  8132: cd1723;
  8133: bb1320;
  8134: ff7680;
  8135: ffd6df;
  8136: ffa8b0;
  8137: ae1b21;
  8138: cf2929;
  8139: d72727;
  8140: c41013;
  8141: ff9198;
  8142: df1018;
  8143: f01a24;
  8144: ed1b26;
  8145: ed1b28;
  8146: f01823;
  8147: ef1923;
  8148: ed1f29;
  8149: ed212a;
  8150: e8171c;
  8151: f21d23;
  8152: f31927;
  8153: f01823;
  8154: ec1e20;
  8155: ea1e1f;
  8156: eb1c26;
  8157: eb1b29;
  8158: ea1a28;
  8159: eb1d29;
  8160: eb1c26;
  8161: ed1b24;
  8162: ed1b24;
  8163: ed1b24;
  8164: ed1b24;
  8165: ed1c22;
  8166: ed1b24;
  8167: eb1c24;
  8168: ea1e27;
  8169: d93f49;
  8170: d1959f;
  8171: ada6ad;
  8172: dbdadf;
  8173: fafeff;
  8174: fcfffd;
  8175: fafffb;
  8176: feffff;
  8177: ffffff;
  8178: ffffff;
  8179: ffffff;
  8180: ffffff;
  8181: ffffff;
  8182: ffffff;
  8183: ffffff;
  8184: ffffff;
  8185: ffffff;
  8186: ffffff;
  8187: ffffff;
  8188: ffffff;
  8189: ffffff;
  8190: ffffff;
  8191: ffffff;
  8192: ffffff;
  8193: ffffff;
  8194: ffffff;
  8195: ffffff;
  8196: ffffff;
  8197: ffffff;
  8198: ffffff;
  8199: ffffff;
  8200: ffffff;
  8201: ffffff;
  8202: ffffff;
  8203: ffffff;
  8204: ffffff;
  8205: ffffff;
  8206: ffffff;
  8207: ffffff;
  8208: feffff;
  8209: feffff;
  8210: fefefc;
  8211: ffffff;
  8212: a4a1a8;
  8213: bd9fa7;
  8214: e4959a;
  8215: b53237;
  8216: d9242b;
  8217: eb1c24;
  8218: eb1c24;
  8219: eb1c24;
  8220: eb1c22;
  8221: eb1c22;
  8222: ed1b24;
  8223: ed1b24;
  8224: ed1c22;
  8225: ef1e24;
  8226: ed1a21;
  8227: ea1d24;
  8228: e01e26;
  8229: ac1a24;
  8230: ffebf3;
  8231: fff9fc;
  8232: fffcfc;
  8233: fffcf8;
  8234: fff3ec;
  8235: ffe7e5;
  8236: be2b35;
  8237: ab1f2a;
  8238: ffeeef;
  8239: fff9f5;
  8240: fff7f3;
  8241: b78481;
  8242: 852f30;
  8243: ffcccf;
  8244: ffe5e8;
  8245: 8f272e;
  8246: bf2934;
  8247: db232d;
  8248: ed1a21;
  8249: f81820;
  8250: f71926;
  8251: f11423;
  8252: f31627;
  8253: ef1523;
  8254: f11b23;
  8255: e32024;
  8256: cb2829;
  8257: c03030;
  8258: b8292b;
  8259: a62126;
  8260: e46f75;
  8261: ffdce4;
  8262: ffd9e4;
  8263: ffc1cb;
  8264: c20e17;
  8265: e22529;
  8266: d32725;
  8267: cd2323;
  8268: ff676b;
  8269: dd181f;
  8270: e7141a;
  8271: f21921;
  8272: f01a24;
  8273: ee1a26;
  8274: f01a26;
  8275: ee1a26;
  8276: ea1c26;
  8277: e91d26;
  8278: ea1d24;
  8279: eb1c22;
  8280: ee1b24;
  8281: ee1b22;
  8282: eb1d21;
  8283: eb1d21;
  8284: ed1c22;
  8285: eb1c24;
  8286: eb1c26;
  8287: eb1c26;
  8288: ed1b26;
  8289: ed1b24;
  8290: ed1c22;
  8291: ed1c22;
  8292: ed1b26;
  8293: eb1c26;
  8294: eb1c24;
  8295: e61f24;
  8296: df242d;
  8297: d24953;
  8298: cc99a2;
  8299: afaab1;
  8300: efeff1;
  8301: fdfffe;
  8302: feffff;
  8303: fcfefd;
  8304: ffffff;
  8305: ffffff;
  8306: ffffff;
  8307: ffffff;
  8308: ffffff;
  8309: ffffff;
  8310: ffffff;
  8311: ffffff;
  8312: ffffff;
  8313: ffffff;
  8314: ffffff;
  8315: ffffff;
  8316: ffffff;
  8317: ffffff;
  8318: ffffff;
  8319: ffffff;
  8320: ffffff;
  8321: ffffff;
  8322: ffffff;
  8323: ffffff;
  8324: ffffff;
  8325: ffffff;
  8326: ffffff;
  8327: ffffff;
  8328: ffffff;
  8329: ffffff;
  8330: ffffff;
  8331: ffffff;
  8332: ffffff;
  8333: ffffff;
  8334: ffffff;
  8335: ffffff;
  8336: ffffff;
  8337: ffffff;
  8338: fdfdfb;
  8339: ffffff;
  8340: a8a5ac;
  8341: bea3aa;
  8342: e29398;
  8343: af2c32;
  8344: d9242b;
  8345: ea1d24;
  8346: eb1c22;
  8347: eb1c22;
  8348: ed1c21;
  8349: ed1c22;
  8350: ed1b24;
  8351: ed1b26;
  8352: eb1922;
  8353: ea191f;
  8354: ef1c22;
  8355: e42024;
  8356: bc1117;
  8357: ffacb1;
  8358: ffe7ee;
  8359: d2aeb2;
  8360: fffbfb;
  8361: fffaf6;
  8362: ffefea;
  8363: 8a2f2e;
  8364: a11f29;
  8365: ffb1bd;
  8366: fff1f2;
  8367: fffefa;
  8368: fff5f1;
  8369: fff6f3;
  8370: ffefe9;
  8371: fff2ed;
  8372: ffeded;
  8373: ffedf1;
  8374: ffdde5;
  8375: c03a43;
  8376: bb161c;
  8377: c71219;
  8378: c6101c;
  8379: c7131f;
  8380: c31320;
  8381: bd131c;
  8382: b91418;
  8383: d74545;
  8384: ff9c9b;
  8385: ffdad8;
  8386: ffdee1;
  8387: ffdae0;
  8388: ffdddf;
  8389: d8656a;
  8390: a71d2a;
  8391: ca2835;
  8392: e3242c;
  8393: d7181d;
  8394: ba1a1a;
  8395: ffcccd;
  8396: c91018;
  8397: e51c24;
  8398: ee1b22;
  8399: f21d23;
  8400: ee1b22;
  8401: ed1b24;
  8402: ee1a26;
  8403: ed1b26;
  8404: eb1c26;
  8405: ea1c26;
  8406: ea1d24;
  8407: eb1c24;
  8408: ed1c22;
  8409: ed1c22;
  8410: ed1c22;
  8411: ed1c21;
  8412: ed1c22;
  8413: ed1c22;
  8414: eb1c24;
  8415: eb1c24;
  8416: ed1b26;
  8417: ed1b24;
  8418: ed1c21;
  8419: ed1c22;
  8420: eb1b28;
  8421: eb1b28;
  8422: ea1d24;
  8423: e22126;
  8424: d0272e;
  8425: e16972;
  8426: c79ca5;
  8427: aaa7ae;
  8428: fdfdff;
  8429: feffff;
  8430: fafcfb;
  8431: feffff;
  8432: ffffff;
  8433: ffffff;
  8434: ffffff;
  8435: ffffff;
  8436: ffffff;
  8437: ffffff;
  8438: ffffff;
  8439: ffffff;
  8440: ffffff;
  8441: ffffff;
  8442: ffffff;
  8443: ffffff;
  8444: ffffff;
  8445: ffffff;
  8446: ffffff;
  8447: ffffff;
  8448: ffffff;
  8449: ffffff;
  8450: ffffff;
  8451: ffffff;
  8452: ffffff;
  8453: ffffff;
  8454: ffffff;
  8455: ffffff;
  8456: ffffff;
  8457: ffffff;
  8458: ffffff;
  8459: ffffff;
  8460: ffffff;
  8461: ffffff;
  8462: ffffff;
  8463: ffffff;
  8464: fefcfd;
  8465: ffffff;
  8466: fefefc;
  8467: fdfdfd;
  8468: a3a0a7;
  8469: bd9ea6;
  8470: e68f98;
  8471: b42831;
  8472: dd222b;
  8473: ed1b24;
  8474: ed1c22;
  8475: ed1c22;
  8476: eb1c22;
  8477: ed1c22;
  8478: ee1b24;
  8479: ee1a26;
  8480: f51e2d;
  8481: ec1826;
  8482: ed1b26;
  8483: dc2227;
  8484: b32524;
  8485: ffcecc;
  8486: ffe4e7;
  8487: b3787c;
  8488: fff6fb;
  8489: fff2f5;
  8490: ffe7e8;
  8491: 8d2a2d;
  8492: b86169;
  8493: ffebf3;
  8494: fff4f6;
  8495: fefdfb;
  8496: fffefb;
  8497: fffdfa;
  8498: fffcf4;
  8499: fffbf4;
  8500: fffbfa;
  8501: fff9fb;
  8502: fff4f9;
  8503: fff0f6;
  8504: ffbabd;
  8505: e59395;
  8506: dc8081;
  8507: e88e8e;
  8508: f0a4a6;
  8509: ffcbcc;
  8510: ffdcdd;
  8511: ffedef;
  8512: ffeff2;
  8513: ffe8ed;
  8514: ffe4ec;
  8515: ffc2c8;
  8516: c22a29;
  8517: ce2021;
  8518: d91e27;
  8519: df2532;
  8520: cd212d;
  8521: e44a54;
  8522: ffbec5;
  8523: fd6d76;
  8524: d7212e;
  8525: e81c28;
  8526: ee202c;
  8527: e81a24;
  8528: e91e24;
  8529: ea1d22;
  8530: ed1b24;
  8531: ee1b24;
  8532: ee1a26;
  8533: ee1a26;
  8534: ed1b24;
  8535: ee1b24;
  8536: f01a24;
  8537: f01a22;
  8538: ed1c22;
  8539: ed1c22;
  8540: ee1b22;
  8541: ee1b22;
  8542: ed1b24;
  8543: eb1c24;
  8544: eb1c26;
  8545: eb1c24;
  8546: ed1c21;
  8547: ed1c22;
  8548: ed1b28;
  8549: eb1b28;
  8550: ea1d24;
  8551: dd2326;
  8552: c32d2f;
  8553: e27f82;
  8554: c19ea5;
  8555: aaa9af;
  8556: fffeff;
  8557: ffffff;
  8558: fdfffe;
  8559: feffff;
  8560: ffffff;
  8561: ffffff;
  8562: ffffff;
  8563: ffffff;
  8564: ffffff;
  8565: ffffff;
  8566: ffffff;
  8567: ffffff;
  8568: ffffff;
  8569: ffffff;
  8570: ffffff;
  8571: ffffff;
  8572: ffffff;
  8573: ffffff;
  8574: ffffff;
  8575: ffffff;
  8576: ffffff;
  8577: ffffff;
  8578: ffffff;
  8579: ffffff;
  8580: ffffff;
  8581: ffffff;
  8582: ffffff;
  8583: ffffff;
  8584: ffffff;
  8585: ffffff;
  8586: ffffff;
  8587: ffffff;
  8588: ffffff;
  8589: ffffff;
  8590: ffffff;
  8591: ffffff;
  8592: fffeff;
  8593: ffffff;
  8594: fffffd;
  8595: ffffff;
  8596: a8a6ab;
  8597: be9fa7;
  8598: e8909c;
  8599: b22631;
  8600: df212b;
  8601: ee1b24;
  8602: ee1b22;
  8603: ed1c22;
  8604: eb1c22;
  8605: ed1c22;
  8606: ee1b24;
  8607: f01a26;
  8608: ee1526;
  8609: f01928;
  8610: ed1925;
  8611: de2127;
  8612: bf2d2e;
  8613: ffdcdc;
  8614: c86164;
  8615: ffcbcf;
  8616: fff5fa;
  8617: ffeff3;
  8618: ffdce3;
  8619: a8333b;
  8620: ffc8cd;
  8621: fff5f8;
  8622: fffcfb;
  8623: ffffff;
  8624: feffff;
  8625: fafefd;
  8626: fdfef8;
  8627: fcfbf6;
  8628: fdfdfb;
  8629: ffffff;
  8630: fcfcfe;
  8631: fffafd;
  8632: fff2f4;
  8633: ffeced;
  8634: ffe9e8;
  8635: ffe7e5;
  8636: ffeae8;
  8637: ffe6e7;
  8638: ffebef;
  8639: ffeaf1;
  8640: ffeaef;
  8641: ffb2b9;
  8642: e97781;
  8643: ab1e27;
  8644: c62022;
  8645: d82528;
  8646: d8272f;
  8647: c71b27;
  8648: e4424f;
  8649: ffd0dc;
  8650: ffadb6;
  8651: b51b25;
  8652: de232e;
  8653: ea1c28;
  8654: ea1c28;
  8655: e91b25;
  8656: eb1c24;
  8657: eb1c22;
  8658: ed1b24;
  8659: ee1b24;
  8660: ee1a26;
  8661: f01a26;
  8662: f01a24;
  8663: f01a24;
  8664: f01a24;
  8665: f01a24;
  8666: ee1b24;
  8667: ee1b22;
  8668: ee1b22;
  8669: ee1b22;
  8670: ee1b24;
  8671: ed1b24;
  8672: eb1c26;
  8673: eb1c24;
  8674: ed1c21;
  8675: ed1c22;
  8676: ed1b28;
  8677: ed1b28;
  8678: ea1d24;
  8679: db2426;
  8680: bb3131;
  8681: dd8788;
  8682: ba9fa4;
  8683: a6a7ac;
  8684: fef9fd;
  8685: fefcfd;
  8686: feffff;
  8687: fafcfb;
  8688: ffffff;
  8689: ffffff;
  8690: ffffff;
  8691: ffffff;
  8692: ffffff;
  8693: ffffff;
  8694: ffffff;
  8695: ffffff;
  8696: ffffff;
  8697: ffffff;
  8698: ffffff;
  8699: ffffff;
  8700: ffffff;
  8701: ffffff;
  8702: ffffff;
  8703: ffffff;
  8704: ffffff;
  8705: ffffff;
  8706: ffffff;
  8707: ffffff;
  8708: ffffff;
  8709: ffffff;
  8710: ffffff;
  8711: ffffff;
  8712: ffffff;
  8713: ffffff;
  8714: ffffff;
  8715: ffffff;
  8716: ffffff;
  8717: ffffff;
  8718: ffffff;
  8719: ffffff;
  8720: fffeff;
  8721: fdfdfd;
  8722: fffffd;
  8723: ffffff;
  8724: b9b7bc;
  8725: bea0a8;
  8726: e18f9b;
  8727: a4202b;
  8728: dc222d;
  8729: ee1b24;
  8730: ee1b22;
  8731: ed1c22;
  8732: eb1c22;
  8733: ed1c22;
  8734: f01a24;
  8735: f11926;
  8736: f21c28;
  8737: ee1623;
  8738: f61f27;
  8739: eb1e25;
  8740: fc4349;
  8741: f5595d;
  8742: 9c2124;
  8743: ffe7ea;
  8744: fff5f7;
  8745: ffeff4;
  8746: e04c5a;
  8747: ae1a26;
  8748: ffebf1;
  8749: fffdfb;
  8750: fffcf7;
  8751: fffffd;
  8752: fefdff;
  8753: fefdff;
  8754: fffefd;
  8755: fffefb;
  8756: fffeff;
  8757: fffcfd;
  8758: fffdfb;
  8759: ffeded;
  8760: ffc5ce;
  8761: ffb0b9;
  8762: ffa6ac;
  8763: ff8a8e;
  8764: f75c60;
  8765: be1b20;
  8766: bb111c;
  8767: bd111d;
  8768: ca2029;
  8769: d82832;
  8770: da1c28;
  8771: db2532;
  8772: b61c28;
  8773: b83944;
  8774: f78e95;
  8775: ffdbe2;
  8776: ff777d;
  8777: cf181d;
  8778: dd242a;
  8779: dd1e25;
  8780: e71c20;
  8781: f01f24;
  8782: ee1820;
  8783: f11a22;
  8784: f41822;
  8785: f41822;
  8786: ee1b22;
  8787: ed1c22;
  8788: ee1b24;
  8789: f01a24;
  8790: f21924;
  8791: f21924;
  8792: ee1a26;
  8793: ed1b24;
  8794: f11924;
  8795: f11924;
  8796: ed1b24;
  8797: ed1b24;
  8798: ee1b22;
  8799: ee1b24;
  8800: eb1c26;
  8801: eb1c24;
  8802: ed1c21;
  8803: ed1c22;
  8804: ee1a28;
  8805: ed1b28;
  8806: ea1d24;
  8807: d82528;
  8808: b33131;
  8809: e29494;
  8810: b8a2a5;
  8811: 9e9fa3;
  8812: fffdff;
  8813: fffeff;
  8814: fefefe;
  8815: feffff;
  8816: ffffff;
  8817: ffffff;
  8818: ffffff;
  8819: ffffff;
  8820: ffffff;
  8821: ffffff;
  8822: ffffff;
  8823: ffffff;
  8824: ffffff;
  8825: ffffff;
  8826: ffffff;
  8827: ffffff;
  8828: ffffff;
  8829: ffffff;
  8830: ffffff;
  8831: ffffff;
  8832: ffffff;
  8833: ffffff;
  8834: ffffff;
  8835: ffffff;
  8836: ffffff;
  8837: ffffff;
  8838: ffffff;
  8839: ffffff;
  8840: ffffff;
  8841: ffffff;
  8842: ffffff;
  8843: ffffff;
  8844: ffffff;
  8845: ffffff;
  8846: ffffff;
  8847: ffffff;
  8848: ffffff;
  8849: fbfbfb;
  8850: fffffd;
  8851: fefefe;
  8852: ceced0;
  8853: b49da3;
  8854: d5949c;
  8855: ac3740;
  8856: d8242f;
  8857: ed1b24;
  8858: ee1b22;
  8859: ed1c22;
  8860: ed1c22;
  8861: ed1c22;
  8862: f01a24;
  8863: f01a24;
  8864: ee1824;
  8865: f41e28;
  8866: ec151c;
  8867: ec191f;
  8868: e91c23;
  8869: cb2026;
  8870: 942327;
  8871: ffeced;
  8872: fff7f6;
  8873: fff1f3;
  8874: aa1a24;
  8875: b4242e;
  8876: fff0f3;
  8877: fefefc;
  8878: fffef9;
  8879: fffffd;
  8880: feffff;
  8881: fffeff;
  8882: fffdfe;
  8883: fffbfa;
  8884: fffdfe;
  8885: fffcfd;
  8886: fff7f5;
  8887: fcd0d1;
  8888: 822b33;
  8889: 972831;
  8890: 9b232c;
  8891: a21c23;
  8892: bc252a;
  8893: cc282f;
  8894: cc2632;
  8895: d12936;
  8896: cb252f;
  8897: bf141c;
  8898: c8131c;
  8899: bf0f1a;
  8900: ff8793;
  8901: ffd8e3;
  8902: ffdfe6;
  8903: fd8c92;
  8904: ba1f23;
  8905: d72024;
  8906: d30a10;
  8907: f01f24;
  8908: ee1c1f;
  8909: ed1b1e;
  8910: f11c22;
  8911: ef181f;
  8912: f41822;
  8913: f21922;
  8914: ee1b22;
  8915: ed1c22;
  8916: ed1b24;
  8917: f01a24;
  8918: f21924;
  8919: f11924;
  8920: ed1b26;
  8921: ed1b26;
  8922: f01a24;
  8923: f01a24;
  8924: eb1c24;
  8925: ea1d24;
  8926: ed1c22;
  8927: ee1b22;
  8928: ed1b26;
  8929: ed1b24;
  8930: ed1c21;
  8931: ed1c22;
  8932: f01a26;
  8933: ee1a28;
  8934: ea1d24;
  8935: d82529;
  8936: af2c31;
  8937: e6979c;
  8938: b8a2a5;
  8939: a0a1a5;
  8940: fffdff;
  8941: fffeff;
  8942: fafafa;
  8943: feffff;
  8944: ffffff;
  8945: ffffff;
  8946: ffffff;
  8947: ffffff;
  8948: ffffff;
  8949: ffffff;
  8950: ffffff;
  8951: ffffff;
  8952: ffffff;
  8953: ffffff;
  8954: ffffff;
  8955: ffffff;
  8956: ffffff;
  8957: ffffff;
  8958: ffffff;
  8959: ffffff;
  8960: ffffff;
  8961: ffffff;
  8962: ffffff;
  8963: ffffff;
  8964: ffffff;
  8965: ffffff;
  8966: ffffff;
  8967: ffffff;
  8968: ffffff;
  8969: ffffff;
  8970: ffffff;
  8971: ffffff;
  8972: ffffff;
  8973: ffffff;
  8974: ffffff;
  8975: ffffff;
  8976: ffffff;
  8977: ffffff;
  8978: fffffd;
  8979: ffffff;
  8980: e9eaec;
  8981: aca0a2;
  8982: c89ea2;
  8983: c3646a;
  8984: cf2830;
  8985: ea1d24;
  8986: ed1c22;
  8987: ed1c22;
  8988: ed1b24;
  8989: ee1b24;
  8990: ee1b24;
  8991: ee1b24;
  8992: f11b27;
  8993: f31d29;
  8994: e8191f;
  8995: ed2124;
  8996: e91b1f;
  8997: cc292c;
  8998: ffcfd0;
  8999: fff7f6;
  9000: fffdfd;
  9001: fff3f1;
  9002: 9f3b3b;
  9003: ffbbbc;
  9004: fff0f1;
  9005: fffdfd;
  9006: fffffd;
  9007: fefffd;
  9008: fafffb;
  9009: fbfffc;
  9010: fefffb;
  9011: fffffb;
  9012: fffffd;
  9013: fffafa;
  9014: fff4f8;
  9015: ffeff1;
  9016: fff2f6;
  9017: fff0f3;
  9018: fff2f8;
  9019: fff0f6;
  9020: ffdcde;
  9021: ffd9dc;
  9022: ffdde4;
  9023: ffe3ec;
  9024: ffecf4;
  9025: ffe8ee;
  9026: ffe1e2;
  9027: ffdbda;
  9028: ff7f7f;
  9029: c31013;
  9030: cf1e28;
  9031: c6202a;
  9032: c53638;
  9033: ffa6a7;
  9034: ce0f16;
  9035: ec1922;
  9036: eb181e;
  9037: ed1c21;
  9038: eb1d21;
  9039: ed1e24;
  9040: ea1d22;
  9041: ea1d22;
  9042: eb1c22;
  9043: ed1c22;
  9044: ed1c22;
  9045: ed1c22;
  9046: ed1b24;
  9047: ed1b24;
  9048: eb1c26;
  9049: eb1c26;
  9050: ee1a26;
  9051: ed1b26;
  9052: ea1d24;
  9053: e91e24;
  9054: ea1d22;
  9055: eb1c22;
  9056: ee1a26;
  9057: ee1b24;
  9058: ed1c22;
  9059: ed1c22;
  9060: f01a26;
  9061: ee1a26;
  9062: ea1d24;
  9063: d9242b;
  9064: ae2630;
  9065: e6909b;
  9066: b89da2;
  9067: adaeb2;
  9068: fffbff;
  9069: fffcff;
  9070: fefefe;
  9071: fdfffe;
  9072: ffffff;
  9073: ffffff;
  9074: ffffff;
  9075: ffffff;
  9076: ffffff;
  9077: ffffff;
  9078: ffffff;
  9079: ffffff;
  9080: ffffff;
  9081: ffffff;
  9082: ffffff;
  9083: ffffff;
  9084: ffffff;
  9085: ffffff;
  9086: ffffff;
  9087: ffffff;
  9088: ffffff;
  9089: ffffff;
  9090: ffffff;
  9091: ffffff;
  9092: ffffff;
  9093: ffffff;
  9094: ffffff;
  9095: ffffff;
  9096: ffffff;
  9097: ffffff;
  9098: ffffff;
  9099: ffffff;
  9100: ffffff;
  9101: ffffff;
  9102: ffffff;
  9103: ffffff;
  9104: ffffff;
  9105: ffffff;
  9106: fffffd;
  9107: fefefc;
  9108: fcffff;
  9109: a7a3a2;
  9110: b9a0a3;
  9111: c77b7f;
  9112: cb2a32;
  9113: ea1c26;
  9114: ed1c22;
  9115: ed1c22;
  9116: ee1b24;
  9117: ed1b24;
  9118: ed1b24;
  9119: ed1b24;
  9120: ee1a26;
  9121: ec1a25;
  9122: ea1d24;
  9123: ea1d22;
  9124: ef1d20;
  9125: c52728;
  9126: ffeef1;
  9127: fffdfe;
  9128: fffbfa;
  9129: ffe7e6;
  9130: 923c3b;
  9131: ffe5e3;
  9132: fff5f6;
  9133: fffafc;
  9134: fffffd;
  9135: fdfffc;
  9136: fcfffb;
  9137: fcfffb;
  9138: fffffb;
  9139: fffcf9;
  9140: fffefb;
  9141: fffafa;
  9142: f3c9cb;
  9143: b18083;
  9144: ffdbda;
  9145: fff4f4;
  9146: fff1f2;
  9147: fff2f4;
  9148: fff1f1;
  9149: ffeff2;
  9150: fff0f7;
  9151: fff0f7;
  9152: ffebf4;
  9153: ffdadf;
  9154: ffb1b0;
  9155: b8423e;
  9156: ba1d18;
  9157: dd2726;
  9158: d81823;
  9159: e12d39;
  9160: ffd3d8;
  9161: aa1b1f;
  9162: d32830;
  9163: e0222c;
  9164: e42129;
  9165: e61f26;
  9166: eb1e25;
  9167: ea1d22;
  9168: e91e24;
  9169: e91e24;
  9170: eb1c24;
  9171: ed1c22;
  9172: ee1b22;
  9173: ed1c22;
  9174: ea1d24;
  9175: e91e24;
  9176: eb1c26;
  9177: ed1b26;
  9178: ed1b26;
  9179: eb1c26;
  9180: ea1d24;
  9181: ea1d24;
  9182: e91e22;
  9183: ea1d22;
  9184: f01a26;
  9185: f01a24;
  9186: ed1c22;
  9187: ed1c22;
  9188: f01a26;
  9189: ee1a26;
  9190: eb1c24;
  9191: d9242b;
  9192: a8212f;
  9193: e4929e;
  9194: b79ca3;
  9195: bab9be;
  9196: fffdff;
  9197: fffeff;
  9198: ffffff;
  9199: feffff;
  9200: ffffff;
  9201: ffffff;
  9202: ffffff;
  9203: ffffff;
  9204: ffffff;
  9205: ffffff;
  9206: ffffff;
  9207: ffffff;
  9208: ffffff;
  9209: ffffff;
  9210: ffffff;
  9211: ffffff;
  9212: ffffff;
  9213: ffffff;
  9214: ffffff;
  9215: ffffff;
  9216: ffffff;
  9217: ffffff;
  9218: ffffff;
  9219: ffffff;
  9220: ffffff;
  9221: ffffff;
  9222: ffffff;
  9223: ffffff;
  9224: ffffff;
  9225: ffffff;
  9226: ffffff;
  9227: ffffff;
  9228: ffffff;
  9229: ffffff;
  9230: ffffff;
  9231: ffffff;
  9232: ffffff;
  9233: fffeff;
  9234: fefdfb;
  9235: fffffd;
  9236: fbfffd;
  9237: a8ada9;
  9238: aca4a2;
  9239: cc8e91;
  9240: ca2833;
  9241: ef1b27;
  9242: ef1c23;
  9243: ee1b22;
  9244: ee1c25;
  9245: eb1922;
  9246: ed1e26;
  9247: e71a21;
  9248: ea1b25;
  9249: eb1c26;
  9250: ec1d27;
  9251: ec1a23;
  9252: ec171d;
  9253: bf1e23;
  9254: ffedf1;
  9255: fffcff;
  9256: fff3f7;
  9257: fbb6bb;
  9258: 9e373b;
  9259: ffe2e7;
  9260: fff6f8;
  9261: fdfdfd;
  9262: fefefe;
  9263: ffffff;
  9264: fefefe;
  9265: fffeff;
  9266: fffcfe;
  9267: fffafc;
  9268: fff9fa;
  9269: fff5f5;
  9270: fff1ef;
  9271: 804541;
  9272: 81302c;
  9273: bd5a55;
  9274: e97c77;
  9275: ffa29f;
  9276: ffadad;
  9277: ffacb0;
  9278: ffa6af;
  9279: ff8a94;
  9280: de4652;
  9281: bb1a20;
  9282: b81413;
  9283: c22320;
  9284: c32f2f;
  9285: ac1b20;
  9286: df4954;
  9287: ffcfdc;
  9288: c6242f;
  9289: c82b34;
  9290: be2e37;
  9291: be2e37;
  9292: cc2a35;
  9293: da2430;
  9294: e91d26;
  9295: f21a25;
  9296: f01a26;
  9297: ee1a26;
  9298: ef202a;
  9299: e91720;
  9300: ee1820;
  9301: f01d24;
  9302: e51c22;
  9303: e81f25;
  9304: ed1b26;
  9305: f01a26;
  9306: ed1b28;
  9307: eb1c26;
  9308: eb1c24;
  9309: eb1c24;
  9310: ea1d22;
  9311: ea1d22;
  9312: ef1925;
  9313: f11b25;
  9314: ef1e24;
  9315: ed1c22;
  9316: ec1922;
  9317: ec1824;
  9318: eb1c24;
  9319: d6252d;
  9320: aa303d;
  9321: d58f9a;
  9322: b7a0a6;
  9323: cccbd0;
  9324: fefcff;
  9325: fefcff;
  9326: ffffff;
  9327: fcfefd;
  9328: ffffff;
  9329: ffffff;
  9330: ffffff;
  9331: ffffff;
  9332: ffffff;
  9333: ffffff;
  9334: ffffff;
  9335: ffffff;
  9336: ffffff;
  9337: ffffff;
  9338: ffffff;
  9339: ffffff;
  9340: ffffff;
  9341: ffffff;
  9342: ffffff;
  9343: ffffff;
  9344: ffffff;
  9345: ffffff;
  9346: ffffff;
  9347: ffffff;
  9348: ffffff;
  9349: ffffff;
  9350: ffffff;
  9351: ffffff;
  9352: ffffff;
  9353: ffffff;
  9354: ffffff;
  9355: ffffff;
  9356: ffffff;
  9357: ffffff;
  9358: ffffff;
  9359: ffffff;
  9360: fffdff;
  9361: fffeff;
  9362: fffdfe;
  9363: fffffd;
  9364: fbfffd;
  9365: c5cbc7;
  9366: aaaaaa;
  9367: d1989e;
  9368: cb2634;
  9369: f01825;
  9370: f11b23;
  9371: ee1b22;
  9372: ec1a23;
  9373: ea1b25;
  9374: ed1e26;
  9375: eb1c22;
  9376: eb1c24;
  9377: ea1b25;
  9378: e81923;
  9379: ee1f29;
  9380: e81b22;
  9381: bf282d;
  9382: fff0f3;
  9383: fffafb;
  9384: ffebef;
  9385: af4f53;
  9386: 8f2027;
  9387: ffe4ea;
  9388: fff4f7;
  9389: feffff;
  9390: fffdfe;
  9391: efebec;
  9392: fffeff;
  9393: fef5f8;
  9394: fff9fd;
  9395: fff4f9;
  9396: c89fa3;
  9397: fbc7c9;
  9398: ffebe9;
  9399: ffe6e3;
  9400: ffdedb;
  9401: fe8b88;
  9402: c24b47;
  9403: 9a1f1a;
  9404: a42423;
  9405: b42f32;
  9406: b02930;
  9407: b92731;
  9408: bc1725;
  9409: bc0e17;
  9410: c31315;
  9411: ff807e;
  9412: ffd0d1;
  9413: ffc6cc;
  9414: ff737c;
  9415: c31f2a;
  9416: d31a28;
  9417: ff8f99;
  9418: ffc0c6;
  9419: ffcfd5;
  9420: ffabb4;
  9421: ed5561;
  9422: bb111a;
  9423: d71d28;
  9424: e41e2b;
  9425: e91d29;
  9426: e41622;
  9427: f01e29;
  9428: f01a24;
  9429: ee1b22;
  9430: e81f25;
  9431: e61d23;
  9432: ee1a26;
  9433: f11926;
  9434: ee1a28;
  9435: ed1b28;
  9436: ed1b26;
  9437: eb1c24;
  9438: ea1d22;
  9439: eb1c22;
  9440: ee1a26;
  9441: ed1a23;
  9442: ec1b21;
  9443: ed1c22;
  9444: ef1c25;
  9445: ef1c25;
  9446: ed1c22;
  9447: d4262f;
  9448: c55d68;
  9449: cf9da6;
  9450: aa9ba0;
  9451: eff0f4;
  9452: fffeff;
  9453: fffeff;
  9454: fbfbfb;
  9455: feffff;
  9456: ffffff;
  9457: ffffff;
  9458: ffffff;
  9459: ffffff;
  9460: ffffff;
  9461: ffffff;
  9462: ffffff;
  9463: ffffff;
  9464: ffffff;
  9465: ffffff;
  9466: ffffff;
  9467: ffffff;
  9468: ffffff;
  9469: ffffff;
  9470: ffffff;
  9471: ffffff;
  9472: ffffff;
  9473: ffffff;
  9474: ffffff;
  9475: ffffff;
  9476: ffffff;
  9477: ffffff;
  9478: ffffff;
  9479: ffffff;
  9480: ffffff;
  9481: ffffff;
  9482: ffffff;
  9483: ffffff;
  9484: ffffff;
  9485: ffffff;
  9486: ffffff;
  9487: fffeff;
  9488: fffcff;
  9489: fffeff;
  9490: fffeff;
  9491: fffffd;
  9492: fafffa;
  9493: e6ece8;
  9494: a9a8ad;
  9495: d69aa4;
  9496: ca1f31;
  9497: f41527;
  9498: f31c24;
  9499: ef1c23;
  9500: e91a24;
  9501: eb1d27;
  9502: ee1c25;
  9503: ef1c23;
  9504: f11e25;
  9505: ea1720;
  9506: ed1e26;
  9507: e51d27;
  9508: d11923;
  9509: f77479;
  9510: fff3ef;
  9511: fff7f1;
  9512: ffdbdc;
  9513: a12629;
  9514: 932528;
  9515: ffe8ec;
  9516: fff8fb;
  9517: fbfcfe;
  9518: fffcfd;
  9519: ded4d3;
  9520: fffefd;
  9521: fffafa;
  9522: fff3f7;
  9523: ffedf3;
  9524: ffd7de;
  9525: 853035;
  9526: bd4f52;
  9527: ffdbde;
  9528: ffdfe3;
  9529: ffe5e6;
  9530: ffebec;
  9531: ffcbcb;
  9532: de8e8d;
  9533: c26868;
  9534: be6265;
  9535: cb6f74;
  9536: e98d98;
  9537: ffc1c9;
  9538: ffd3d4;
  9539: ffd6d4;
  9540: ffbbba;
  9541: bc1215;
  9542: d1121a;
  9543: e91d28;
  9544: ed1b26;
  9545: d4090f;
  9546: c70f11;
  9547: ff7274;
  9548: ffd6dd;
  9549: ffdce4;
  9550: ffd9e0;
  9551: bf4a50;
  9552: c62c34;
  9553: d7222b;
  9554: ec222e;
  9555: ee1a28;
  9556: f21c26;
  9557: eb1922;
  9558: e91c21;
  9559: ea1d24;
  9560: f01a26;
  9561: f11926;
  9562: f11928;
  9563: f01928;
  9564: ed1b26;
  9565: eb1c24;
  9566: ed1c22;
  9567: ed1c22;
  9568: ef1d28;
  9569: ec1a23;
  9570: eb1a20;
  9571: ed1c22;
  9572: ee1c25;
  9573: ed1b24;
  9574: ed1a21;
  9575: ce292f;
  9576: c67b80;
  9577: b7a3a5;
  9578: aaa6a7;
  9579: fcfdff;
  9580: fefcff;
  9581: fffcff;
  9582: fdfdfd;
  9583: feffff;
  9584: ffffff;
  9585: ffffff;
  9586: ffffff;
  9587: ffffff;
  9588: ffffff;
  9589: ffffff;
  9590: ffffff;
  9591: ffffff;
  9592: ffffff;
  9593: ffffff;
  9594: ffffff;
  9595: ffffff;
  9596: ffffff;
  9597: ffffff;
  9598: ffffff;
  9599: ffffff;
  9600: ffffff;
  9601: ffffff;
  9602: ffffff;
  9603: ffffff;
  9604: ffffff;
  9605: ffffff;
  9606: ffffff;
  9607: ffffff;
  9608: ffffff;
  9609: ffffff;
  9610: ffffff;
  9611: ffffff;
  9612: ffffff;
  9613: ffffff;
  9614: ffffff;
  9615: fffeff;
  9616: fffcff;
  9617: fffeff;
  9618: fffeff;
  9619: fefefc;
  9620: f9fff9;
  9621: fafffb;
  9622: a5a4aa;
  9623: d598a7;
  9624: bf1728;
  9625: f31627;
  9626: f21b23;
  9627: ee1d23;
  9628: eb1d27;
  9629: ea1c26;
  9630: ed1b24;
  9631: ee1b22;
  9632: f01a24;
  9633: f01d26;
  9634: e91a22;
  9635: e1262f;
  9636: b21621;
  9637: ffd2d9;
  9638: fff3ef;
  9639: fff5ed;
  9640: ffadac;
  9641: a21c1d;
  9642: cf6869;
  9643: ffebec;
  9644: fff8fc;
  9645: fffeff;
  9646: fff9fa;
  9647: fffafa;
  9648: f6dede;
  9649: fff3f4;
  9650: d9989c;
  9651: c77a80;
  9652: ffe8ed;
  9653: ffa7ab;
  9654: 9b2227;
  9655: b32e33;
  9656: 9d2024;
  9657: f78a8f;
  9658: ffb9bf;
  9659: ffe7ed;
  9660: ffe5e6;
  9661: ffe3e3;
  9662: ffddde;
  9663: ffe1e4;
  9664: ffd8e0;
  9665: ff959f;
  9666: d25559;
  9667: ab191a;
  9668: d5282c;
  9669: e52429;
  9670: e7161c;
  9671: ea111a;
  9672: e00a12;
  9673: ee1d23;
  9674: e5191a;
  9675: db2426;
  9676: bc272d;
  9677: b8454c;
  9678: ffd5da;
  9679: ffe6e8;
  9680: ffd6d4;
  9681: ae1c1d;
  9682: db1d29;
  9683: ed1928;
  9684: ec1a25;
  9685: ea1b23;
  9686: ed1e24;
  9687: ec1d23;
  9688: f01a24;
  9689: f11926;
  9690: f11928;
  9691: f01928;
  9692: ed1b26;
  9693: eb1c24;
  9694: ed1b24;
  9695: ed1c22;
  9696: ec1d25;
  9697: eb1c24;
  9698: ee1b22;
  9699: ed1c22;
  9700: ea1b23;
  9701: ea1b23;
  9702: f01a22;
  9703: cc2b31;
  9704: ce9697;
  9705: aeaeac;
  9706: c4c8c9;
  9707: feffff;
  9708: fffeff;
  9709: fffcff;
  9710: ffffff;
  9711: fdfffe;
  9712: ffffff;
  9713: ffffff;
  9714: ffffff;
  9715: ffffff;
  9716: ffffff;
  9717: ffffff;
  9718: ffffff;
  9719: ffffff;
  9720: ffffff;
  9721: ffffff;
  9722: ffffff;
  9723: ffffff;
  9724: ffffff;
  9725: ffffff;
  9726: ffffff;
  9727: ffffff;
  9728: ffffff;
  9729: ffffff;
  9730: ffffff;
  9731: ffffff;
  9732: ffffff;
  9733: ffffff;
  9734: ffffff;
  9735: ffffff;
  9736: ffffff;
  9737: ffffff;
  9738: ffffff;
  9739: ffffff;
  9740: ffffff;
  9741: ffffff;
  9742: ffffff;
  9743: fffeff;
  9744: fffbff;
  9745: fffeff;
  9746: fffeff;
  9747: fdfffc;
  9748: fcfffb;
  9749: fcfffd;
  9750: a6a3ac;
  9751: d298a7;
  9752: b81a29;
  9753: eb1926;
  9754: eb1a20;
  9755: ec1b21;
  9756: ec1e28;
  9757: ea1b25;
  9758: ee1b22;
  9759: ee1b22;
  9760: ed1925;
  9761: ec1a25;
  9762: ec1e28;
  9763: d4242f;
  9764: c24958;
  9765: ffe7f2;
  9766: fff7f6;
  9767: fff2ec;
  9768: ffa3a3;
  9769: a82626;
  9770: d47e7f;
  9771: fff0f2;
  9772: fffaff;
  9773: fefdff;
  9774: fffdff;
  9775: fff7fa;
  9776: af7478;
  9777: ffe5ea;
  9778: ffdde0;
  9779: 862829;
  9780: ffedec;
  9781: ffebea;
  9782: ffb9bb;
  9783: b12c2f;
  9784: d02a2c;
  9785: c61116;
  9786: c1161f;
  9787: c92734;
  9788: f15b66;
  9789: f8656b;
  9790: ff6969;
  9791: e44142;
  9792: c11219;
  9793: c50d17;
  9794: d71e26;
  9795: e4222b;
  9796: ea1e2a;
  9797: e71724;
  9798: ed1e24;
  9799: d90e12;
  9800: e11e26;
  9801: e01d25;
  9802: ef242a;
  9803: e71e24;
  9804: e1242a;
  9805: c01f25;
  9806: b74447;
  9807: ffe6e3;
  9808: ffebdc;
  9809: d7756a;
  9810: d2272f;
  9811: e91a2a;
  9812: e71b24;
  9813: ec2127;
  9814: e6171d;
  9815: ee1d23;
  9816: ee1b24;
  9817: ee1b24;
  9818: ee1a26;
  9819: ed1b26;
  9820: ea1c26;
  9821: ea1d24;
  9822: ed1b24;
  9823: ed1c22;
  9824: ea1b23;
  9825: ec1d25;
  9826: ef1c23;
  9827: ec1b21;
  9828: ea1d22;
  9829: ed1e24;
  9830: f11b25;
  9831: c8272f;
  9832: cea0a2;
  9833: a1abaa;
  9834: d3d9d9;
  9835: feffff;
  9836: fefcff;
  9837: fffeff;
  9838: fcfcfc;
  9839: fdfffc;
  9840: ffffff;
  9841: ffffff;
  9842: ffffff;
  9843: ffffff;
  9844: ffffff;
  9845: ffffff;
  9846: ffffff;
  9847: ffffff;
  9848: ffffff;
  9849: ffffff;
  9850: ffffff;
  9851: ffffff;
  9852: ffffff;
  9853: ffffff;
  9854: ffffff;
  9855: ffffff;
  9856: ffffff;
  9857: ffffff;
  9858: ffffff;
  9859: ffffff;
  9860: ffffff;
  9861: ffffff;
  9862: ffffff;
  9863: ffffff;
  9864: ffffff;
  9865: ffffff;
  9866: ffffff;
  9867: ffffff;
  9868: ffffff;
  9869: ffffff;
  9870: ffffff;
  9871: ffffff;
  9872: fffdff;
  9873: fffeff;
  9874: ffffff;
  9875: fdfffa;
  9876: fcfffa;
  9877: fbfffc;
  9878: a7a4af;
  9879: cc97a7;
  9880: cb3944;
  9881: e21f27;
  9882: e81d21;
  9883: ea1b21;
  9884: ed1e28;
  9885: ea1b25;
  9886: ee1b22;
  9887: f11b23;
  9888: ef1c25;
  9889: ed1b26;
  9890: e81b22;
  9891: d22b33;
  9892: e28492;
  9893: fff1fb;
  9894: fff6f8;
  9895: fff2f1;
  9896: ff8d8f;
  9897: a52021;
  9898: dd9191;
  9899: fff4f4;
  9900: fffbff;
  9901: fefdff;
  9902: fffeff;
  9903: fff5f5;
  9904: 802e30;
  9905: ffdadc;
  9906: ffdce0;
  9907: 8e2c2d;
  9908: ba6463;
  9909: ffe6e3;
  9910: ffe0e0;
  9911: e16668;
  9912: c5292c;
  9913: d82126;
  9914: e71b26;
  9915: e91d29;
  9916: d61726;
  9917: d81e29;
  9918: d4171b;
  9919: df181b;
  9920: ed181e;
  9921: f91e26;
  9922: ee1820;
  9923: ed1925;
  9924: f11928;
  9925: f41d2c;
  9926: ea1b21;
  9927: cd0c11;
  9928: ff7880;
  9929: d4262f;
  9930: e11a21;
  9931: ef1e24;
  9932: e6191e;
  9933: d4272b;
  9934: 962326;
  9935: ffe5e1;
  9936: ffeddf;
  9937: ffe4dc;
  9938: bd2027;
  9939: e4212f;
  9940: ea222c;
  9941: e91c23;
  9942: eb1d21;
  9943: ec1b20;
  9944: ee1b22;
  9945: ee1b24;
  9946: ed1b26;
  9947: eb1c26;
  9948: e91d26;
  9949: ea1c26;
  9950: ed1b24;
  9951: ee1b22;
  9952: ed1b24;
  9953: ed1b24;
  9954: ed1a21;
  9955: ea191f;
  9956: e91e22;
  9957: ed2025;
  9958: ee1621;
  9959: c11d26;
  9960: ca9c9f;
  9961: a0aaab;
  9962: ecf0f1;
  9963: fdfeff;
  9964: fefeff;
  9965: ffffff;
  9966: fdfffe;
  9967: fefffd;
  9968: ffffff;
  9969: ffffff;
  9970: ffffff;
  9971: ffffff;
  9972: ffffff;
  9973: ffffff;
  9974: ffffff;
  9975: ffffff;
  9976: ffffff;
  9977: ffffff;
  9978: ffffff;
  9979: ffffff;
  9980: ffffff;
  9981: ffffff;
  9982: ffffff;
  9983: ffffff;
  9984: ffffff;
  9985: ffffff;
  9986: ffffff;
  9987: ffffff;
  9988: ffffff;
  9989: ffffff;
  9990: ffffff;
  9991: ffffff;
  9992: ffffff;
  9993: ffffff;
  9994: ffffff;
  9995: ffffff;
  9996: ffffff;
  9997: ffffff;
  9998: ffffff;
  9999: ffffff;
  10000: feffff;
  10001: feffff;
  10002: ffffff;
  10003: fefffa;
  10004: fcfffa;
  10005: fafffb;
  10006: a5a5af;
  10007: c599a6;
  10008: e4666a;
  10009: d01d20;
  10010: e52324;
  10011: ea1d22;
  10012: eb1b28;
  10013: ee1c29;
  10014: ed1a21;
  10015: f11c22;
  10016: f21d23;
  10017: ec191f;
  10018: ef1e21;
  10019: ca272a;
  10020: ffc1c8;
  10021: fff6ff;
  10022: fffafe;
  10023: fff1f4;
  10024: fe797e;
  10025: af2326;
  10026: eea7a5;
  10027: fff6f2;
  10028: fffaf7;
  10029: fffefb;
  10030: fdfff9;
  10031: fff8f1;
  10032: d07270;
  10033: e37576;
  10034: ffe8ef;
  10035: ffd4dd;
  10036: bf2a2e;
  10037: ba1718;
  10038: e76565;
  10039: ffdde0;
  10040: ffdfe5;
  10041: c6535a;
  10042: c01118;
  10043: ea1d24;
  10044: ea1825;
  10045: ea1825;
  10046: eb1d27;
  10047: ed2027;
  10048: f01d23;
  10049: ea171d;
  10050: ee1f25;
  10051: ea1d24;
  10052: e81921;
  10053: ec1a23;
  10054: eb1922;
  10055: da1f28;
  10056: ffd2db;
  10057: a91721;
  10058: e5262d;
  10059: ee1d23;
  10060: df181d;
  10061: b61c1e;
  10062: ffbfc2;
  10063: ffeaed;
  10064: ffc6cc;
  10065: ffbcc1;
  10066: ff9fa5;
  10067: b80f16;
  10068: e41c26;
  10069: ec1922;
  10070: f01f24;
  10071: ec1b20;
  10072: ee1b22;
  10073: ed1b24;
  10074: eb1c26;
  10075: ea1c26;
  10076: e71e26;
  10077: e91d26;
  10078: ee1b24;
  10079: f01a24;
  10080: ee1b24;
  10081: ee1b24;
  10082: ef1921;
  10083: eb1a20;
  10084: e71f21;
  10085: ea1f23;
  10086: ee1520;
  10087: c41c29;
  10088: cf97a0;
  10089: a9a8ae;
  10090: fffeff;
  10091: fdfdfd;
  10092: fdfeff;
  10093: f9fdfc;
  10094: fcfefd;
  10095: fdfffc;
  10096: ffffff;
  10097: ffffff;
  10098: ffffff;
  10099: ffffff;
  10100: ffffff;
  10101: ffffff;
  10102: ffffff;
  10103: ffffff;
  10104: ffffff;
  10105: ffffff;
  10106: ffffff;
  10107: ffffff;
  10108: ffffff;
  10109: ffffff;
  10110: ffffff;
  10111: ffffff;
  10112: ffffff;
  10113: ffffff;
  10114: ffffff;
  10115: ffffff;
  10116: ffffff;
  10117: ffffff;
  10118: ffffff;
  10119: ffffff;
  10120: ffffff;
  10121: ffffff;
  10122: ffffff;
  10123: ffffff;
  10124: ffffff;
  10125: ffffff;
  10126: ffffff;
  10127: ffffff;
  10128: ffffff;
  10129: fefefe;
  10130: fffeff;
  10131: fffffd;
  10132: fcfffb;
  10133: fbfffd;
  10134: a8a8b0;
  10135: c09faa;
  10136: e88389;
  10137: b2191c;
  10138: dd2326;
  10139: eb1c22;
  10140: ea1823;
  10141: f21e2a;
  10142: ed1a21;
  10143: ee1b21;
  10144: ec191f;
  10145: ef1c22;
  10146: ec1a1b;
  10147: ca2a2a;
  10148: ffe1e5;
  10149: fffafe;
  10150: fffcff;
  10151: fff0f6;
  10152: fb7279;
  10153: b42328;
  10154: f3a7a9;
  10155: fff3f1;
  10156: fffaf8;
  10157: fffef8;
  10158: fefff8;
  10159: fff7ed;
  10160: ffc2bf;
  10161: 952726;
  10162: f09ba0;
  10163: ffe0e8;
  10164: b7171f;
  10165: d32429;
  10166: bd2226;
  10167: f67579;
  10168: ffe0e8;
  10169: ffdce4;
  10170: ffa8aa;
  10171: cf0d0e;
  10172: d61118;
  10173: e01c26;
  10174: dd1f29;
  10175: dd222b;
  10176: df2025;
  10177: e52226;
  10178: e41d24;
  10179: e61f26;
  10180: e72027;
  10181: ea1e27;
  10182: ef1b27;
  10183: e0202b;
  10184: ffa6ae;
  10185: ff9197;
  10186: b3181c;
  10187: c8272c;
  10188: c83335;
  10189: ff8e8f;
  10190: ffeced;
  10191: ffd9dc;
  10192: 99232f;
  10193: a51924;
  10194: ff969a;
  10195: cf4346;
  10196: d52a32;
  10197: e1212c;
  10198: e11c23;
  10199: e91e24;
  10200: ed1c22;
  10201: ee1b22;
  10202: ee1b24;
  10203: eb1c24;
  10204: e61f24;
  10205: e71e26;
  10206: f01a26;
  10207: f11926;
  10208: ed1925;
  10209: ed1b24;
  10210: ef1c23;
  10211: ee1d22;
  10212: e71f22;
  10213: e61f24;
  10214: e71d29;
  10215: c52d3a;
  10216: ce99a3;
  10217: a7a4ab;
  10218: fefcff;
  10219: ffffff;
  10220: fcffff;
  10221: fcffff;
  10222: feffff;
  10223: fefffd;
  10224: ffffff;
  10225: ffffff;
  10226: ffffff;
  10227: ffffff;
  10228: ffffff;
  10229: ffffff;
  10230: ffffff;
  10231: ffffff;
  10232: ffffff;
  10233: ffffff;
  10234: ffffff;
  10235: ffffff;
  10236: ffffff;
  10237: ffffff;
  10238: ffffff;
  10239: ffffff;
  10240: ffffff;
  10241: ffffff;
  10242: ffffff;
  10243: ffffff;
  10244: ffffff;
  10245: ffffff;
  10246: ffffff;
  10247: ffffff;
  10248: ffffff;
  10249: ffffff;
  10250: ffffff;
  10251: ffffff;
  10252: ffffff;
  10253: ffffff;
  10254: ffffff;
  10255: fffeff;
  10256: fffeff;
  10257: fffeff;
  10258: fffdfe;
  10259: ffffff;
  10260: fbfffc;
  10261: f8fefc;
  10262: dcdddf;
  10263: b5a0a7;
  10264: d997a3;
  10265: c14b57;
  10266: d9252e;
  10267: ed1a23;
  10268: f11b25;
  10269: ee1b24;
  10270: ea191f;
  10271: eb1c22;
  10272: ed1b24;
  10273: f01e27;
  10274: eb181e;
  10275: ca2c2d;
  10276: ffedef;
  10277: fffdff;
  10278: fffcff;
  10279: fff0f6;
  10280: ff7e85;
  10281: b12027;
  10282: e48e97;
  10283: ffedf4;
  10284: fff9fb;
  10285: fffefd;
  10286: fffffa;
  10287: fff9f3;
  10288: ffe6e5;
  10289: 97292a;
  10290: bb3333;
  10291: ff9c9f;
  10292: ffd8e1;
  10293: a3242f;
  10294: c21b25;
  10295: dd252f;
  10296: cc1b25;
  10297: c3141b;
  10298: ec3a3a;
  10299: ff9391;
  10300: ffc6c6;
  10301: ffd2d5;
  10302: ffcdd3;
  10303: ffbcc3;
  10304: ffa3aa;
  10305: ff7f87;
  10306: ff5a61;
  10307: e21e28;
  10308: df1f2a;
  10309: ea2630;
  10310: e91523;
  10311: e71d29;
  10312: c82128;
  10313: ffced3;
  10314: ffe4e4;
  10315: ffcfd0;
  10316: ffdcdb;
  10317: ffebea;
  10318: ffedec;
  10319: 7e3030;
  10320: 992528;
  10321: 9e2125;
  10322: bb5153;
  10323: cb6266;
  10324: da6168;
  10325: b82831;
  10326: be121e;
  10327: da1a25;
  10328: ec1e28;
  10329: f11a22;
  10330: f2171f;
  10331: ef1a20;
  10332: d30b0e;
  10333: e21921;
  10334: f2192c;
  10335: f4192d;
  10336: ed1b28;
  10337: ea1d24;
  10338: eb1a20;
  10339: ee1d22;
  10340: e81d21;
  10341: df2229;
  10342: c81d2d;
  10343: e36a79;
  10344: c49aa4;
  10345: a4a5a9;
  10346: fbffff;
  10347: fcffff;
  10348: fefffd;
  10349: fcfefb;
  10350: fefefe;
  10351: ffffff;
  10352: ffffff;
  10353: ffffff;
  10354: ffffff;
  10355: ffffff;
  10356: ffffff;
  10357: ffffff;
  10358: ffffff;
  10359: ffffff;
  10360: ffffff;
  10361: ffffff;
  10362: ffffff;
  10363: ffffff;
  10364: ffffff;
  10365: ffffff;
  10366: ffffff;
  10367: ffffff;
  10368: ffffff;
  10369: ffffff;
  10370: ffffff;
  10371: ffffff;
  10372: ffffff;
  10373: ffffff;
  10374: ffffff;
  10375: ffffff;
  10376: ffffff;
  10377: ffffff;
  10378: ffffff;
  10379: ffffff;
  10380: ffffff;
  10381: ffffff;
  10382: ffffff;
  10383: ffffff;
  10384: fffeff;
  10385: fffeff;
  10386: fffdff;
  10387: ffffff;
  10388: fcffff;
  10389: fcffff;
  10390: ebedec;
  10391: b1a6aa;
  10392: c09fa8;
  10393: c6707d;
  10394: d02430;
  10395: f01a24;
  10396: ef1921;
  10397: f01d24;
  10398: ea1b21;
  10399: ea1d24;
  10400: ea1c26;
  10401: e81a24;
  10402: f01d23;
  10403: ca2a2c;
  10404: ffeded;
  10405: fffafb;
  10406: fffdff;
  10407: fff1f5;
  10408: ff9093;
  10409: ab1e24;
  10410: df7e87;
  10411: ffedf6;
  10412: fff3f9;
  10413: fffeff;
  10414: fefffa;
  10415: fff9f6;
  10416: fff1f1;
  10417: e88e90;
  10418: a81a18;
  10419: ad1718;
  10420: ffdbe4;
  10421: ffc9d5;
  10422: e44a54;
  10423: d5212a;
  10424: ea222c;
  10425: e91d26;
  10426: da1c1e;
  10427: c01211;
  10428: b21715;
  10429: b22222;
  10430: b4272d;
  10431: b6252c;
  10432: af1219;
  10433: c61821;
  10434: da1b23;
  10435: e51d28;
  10436: e2202b;
  10437: ff6f7a;
  10438: d90d19;
  10439: e41c26;
  10440: db2228;
  10441: c42e30;
  10442: ffb4b6;
  10443: ffecee;
  10444: fff5f6;
  10445: fff4f3;
  10446: ffe8e8;
  10447: ffa1a2;
  10448: ffb1b3;
  10449: ffcccf;
  10450: ffd9dd;
  10451: ffdcdf;
  10452: ffdcdf;
  10453: ffdce1;
  10454: ff9ca7;
  10455: e4505c;
  10456: cc1c27;
  10457: d92129;
  10458: d8292e;
  10459: cc2225;
  10460: ff6c6d;
  10461: c90f14;
  10462: ec1c2c;
  10463: ef1629;
  10464: ec1c29;
  10465: ea1b25;
  10466: ed1c21;
  10467: f22126;
  10468: e71a1f;
  10469: d9242b;
  10470: aa1e2b;
  10471: dd8591;
  10472: bb9da5;
  10473: abacb0;
  10474: fbffff;
  10475: feffff;
  10476: fdfdfb;
  10477: fffffd;
  10478: fefefe;
  10479: fdfffe;
  10480: ffffff;
  10481: ffffff;
  10482: ffffff;
  10483: ffffff;
  10484: ffffff;
  10485: ffffff;
  10486: ffffff;
  10487: ffffff;
  10488: ffffff;
  10489: ffffff;
  10490: ffffff;
  10491: ffffff;
  10492: ffffff;
  10493: ffffff;
  10494: ffffff;
  10495: ffffff;
  10496: ffffff;
  10497: ffffff;
  10498: ffffff;
  10499: ffffff;
  10500: ffffff;
  10501: ffffff;
  10502: ffffff;
  10503: ffffff;
  10504: ffffff;
  10505: ffffff;
  10506: ffffff;
  10507: ffffff;
  10508: ffffff;
  10509: ffffff;
  10510: ffffff;
  10511: feffff;
  10512: feffff;
  10513: feffff;
  10514: fffeff;
  10515: fffdff;
  10516: fcffff;
  10517: fcffff;
  10518: fbfbfb;
  10519: a9a7a8;
  10520: ada9a8;
  10521: cc9497;
  10522: ce2834;
  10523: f21826;
  10524: f01a24;
  10525: ef1e24;
  10526: e91c21;
  10527: ea1f25;
  10528: e8202a;
  10529: e71e26;
  10530: ef1c22;
  10531: cd292a;
  10532: ffdedb;
  10533: fffcf8;
  10534: ffffff;
  10535: fff4f4;
  10536: ffb6b5;
  10537: 9f1d1d;
  10538: a7383e;
  10539: ffe8ed;
  10540: fff6f7;
  10541: fefefe;
  10542: fcffff;
  10543: ffffff;
  10544: fff7fa;
  10545: fff0f3;
  10546: ffc9cd;
  10547: bc3033;
  10548: bf242a;
  10549: ff8d91;
  10550: ffdedd;
  10551: ffc2c2;
  10552: ba151b;
  10553: e11f28;
  10554: e9202a;
  10555: e81f27;
  10556: e61f24;
  10557: e4222a;
  10558: db212c;
  10559: dd232e;
  10560: e4252c;
  10561: e41d22;
  10562: ec1a25;
  10563: ea1622;
  10564: eb1d27;
  10565: d10c15;
  10566: ff8a91;
  10567: cc1118;
  10568: e21f23;
  10569: df2027;
  10570: da2834;
  10571: a91d2a;
  10572: ffc9d0;
  10573: ffe3e7;
  10574: fc8589;
  10575: ff868a;
  10576: ff5e66;
  10577: cf141d;
  10578: c90b15;
  10579: c01319;
  10580: ff7e7d;
  10581: ffd5d3;
  10582: ffe9ee;
  10583: ffe8f3;
  10584: ffdbe6;
  10585: a9313b;
  10586: ffc5ca;
  10587: ffe7e7;
  10588: ffdadc;
  10589: c82a2b;
  10590: da1b20;
  10591: f12026;
  10592: ed1925;
  10593: ef1c25;
  10594: ee1b22;
  10595: eb181e;
  10596: ec191f;
  10597: da2b30;
  10598: c15459;
  10599: d19a9f;
  10600: b6a6a9;
  10601: e2e1e6;
  10602: fffeff;
  10603: fffbfc;
  10604: fffcfc;
  10605: fffdfc;
  10606: feffff;
  10607: fbffff;
  10608: feffff;
  10609: ffffff;
  10610: ffffff;
  10611: ffffff;
  10612: ffffff;
  10613: ffffff;
  10614: ffffff;
  10615: ffffff;
  10616: ffffff;
  10617: ffffff;
  10618: ffffff;
  10619: ffffff;
  10620: ffffff;
  10621: ffffff;
  10622: ffffff;
  10623: ffffff;
  10624: ffffff;
  10625: ffffff;
  10626: ffffff;
  10627: ffffff;
  10628: ffffff;
  10629: ffffff;
  10630: ffffff;
  10631: ffffff;
  10632: ffffff;
  10633: ffffff;
  10634: ffffff;
  10635: ffffff;
  10636: ffffff;
  10637: ffffff;
  10638: ffffff;
  10639: feffff;
  10640: feffff;
  10641: fdfffe;
  10642: ffffff;
  10643: fdfdff;
  10644: feffff;
  10645: feffff;
  10646: fffeff;
  10647: a3a1a2;
  10648: a4ada8;
  10649: cda1a0;
  10650: cc2735;
  10651: f31627;
  10652: f11b25;
  10653: ee1d23;
  10654: e81b20;
  10655: e92026;
  10656: e61d27;
  10657: ea1e29;
  10658: e9161d;
  10659: d62629;
  10660: ffbbbc;
  10661: fccece;
  10662: fff8f7;
  10663: fff4f4;
  10664: ffd4d5;
  10665: 9a2627;
  10666: 942423;
  10667: ffe6e5;
  10668: fff7f6;
  10669: fdfffc;
  10670: fbffff;
  10671: f7fdfd;
  10672: feffff;
  10673: fff8fa;
  10674: ffeaec;
  10675: 9d2527;
  10676: d2292c;
  10677: be1616;
  10678: ae3834;
  10679: ffdcd9;
  10680: ff9da0;
  10681: c3121c;
  10682: e11725;
  10683: ed1524;
  10684: f21924;
  10685: f31b26;
  10686: ed1b28;
  10687: ea1a27;
  10688: e9161d;
  10689: ee191f;
  10690: f01823;
  10691: f7212b;
  10692: eb1821;
  10693: e51e25;
  10694: c51019;
  10695: fa4b52;
  10696: de2429;
  10697: e6252a;
  10698: e21a27;
  10699: d12c3c;
  10700: ffaeb7;
  10701: fcaab0;
  10702: b01b21;
  10703: c90c13;
  10704: df1721;
  10705: e71520;
  10706: f01825;
  10707: ed1f29;
  10708: c11314;
  10709: a62220;
  10710: ffe3e7;
  10711: ffeaf1;
  10712: ffe6f0;
  10713: 772e37;
  10714: fff1f2;
  10715: ffedeb;
  10716: ff9a9a;
  10717: c82526;
  10718: e22627;
  10719: e71b1e;
  10720: f01d26;
  10721: ef1923;
  10722: f01a22;
  10723: ef1a20;
  10724: f11c22;
  10725: cd2326;
  10726: ce7d7c;
  10727: c1a5a4;
  10728: aca3a6;
  10729: fffeff;
  10730: fffeff;
  10731: fffbfd;
  10732: fffcfd;
  10733: fffafa;
  10734: feffff;
  10735: fbffff;
  10736: feffff;
  10737: ffffff;
  10738: ffffff;
  10739: ffffff;
  10740: ffffff;
  10741: ffffff;
  10742: ffffff;
  10743: ffffff;
  10744: ffffff;
  10745: ffffff;
  10746: ffffff;
  10747: ffffff;
  10748: ffffff;
  10749: ffffff;
  10750: ffffff;
  10751: ffffff;
  10752: ffffff;
  10753: ffffff;
  10754: ffffff;
  10755: ffffff;
  10756: ffffff;
  10757: ffffff;
  10758: ffffff;
  10759: ffffff;
  10760: ffffff;
  10761: ffffff;
  10762: ffffff;
  10763: ffffff;
  10764: ffffff;
  10765: ffffff;
  10766: ffffff;
  10767: ffffff;
  10768: fffeff;
  10769: fffeff;
  10770: fcffff;
  10771: fbffff;
  10772: ffffff;
  10773: fffdfe;
  10774: fffcff;
  10775: a9a3a5;
  10776: a7aca8;
  10777: cd9c9f;
  10778: c21d2e;
  10779: f2172b;
  10780: ee1a26;
  10781: ea1b23;
  10782: e91e22;
  10783: e91e24;
  10784: e81826;
  10785: f11d2b;
  10786: f31c24;
  10787: e52429;
  10788: ff6e74;
  10789: ffabb1;
  10790: f2abaf;
  10791: ffecef;
  10792: ffe5ed;
  10793: 8a2a2e;
  10794: 8f2726;
  10795: ffe8e3;
  10796: fff7f3;
  10797: fbfffd;
  10798: f7fdfb;
  10799: fbffff;
  10800: fdfffe;
  10801: fffcfa;
  10802: fff2ec;
  10803: d27d76;
  10804: cd2b29;
  10805: e52425;
  10806: d02020;
  10807: c52726;
  10808: ffb8be;
  10809: ffa5b2;
  10810: ff4858;
  10811: dc0517;
  10812: f11d2c;
  10813: eb1725;
  10814: eb1725;
  10815: f11d29;
  10816: f41f25;
  10817: ed1a20;
  10818: ed1b24;
  10819: ec1a25;
  10820: ef1d26;
  10821: e71f29;
  10822: d11b2a;
  10823: ffc8d5;
  10824: b4151a;
  10825: c72b2e;
  10826: c7282d;
  10827: b63339;
  10828: feb3ba;
  10829: e89197;
  10830: be151c;
  10831: ee1f27;
  10832: e91b25;
  10833: ef212b;
  10834: f01e29;
  10835: ed1b24;
  10836: ed212a;
  10837: da222a;
  10838: ba272d;
  10839: ffced3;
  10840: ffebf3;
  10841: ffe7ed;
  10842: ffebea;
  10843: ffdfdc;
  10844: b61213;
  10845: e72428;
  10846: e71e24;
  10847: ec1f26;
  10848: ee1c27;
  10849: ee1b24;
  10850: f01a22;
  10851: f11a22;
  10852: f51c24;
  10853: d12c30;
  10854: ca8d8a;
  10855: aea9a5;
  10856: aba9aa;
  10857: fdfeff;
  10858: fdfdfd;
  10859: fffffd;
  10860: fffdfb;
  10861: fffcfc;
  10862: fefeff;
  10863: feffff;
  10864: ffffff;
  10865: ffffff;
  10866: ffffff;
  10867: ffffff;
  10868: ffffff;
  10869: ffffff;
  10870: ffffff;
  10871: ffffff;
  10872: ffffff;
  10873: ffffff;
  10874: ffffff;
  10875: ffffff;
  10876: ffffff;
  10877: ffffff;
  10878: ffffff;
  10879: ffffff;
  10880: ffffff;
  10881: ffffff;
  10882: ffffff;
  10883: ffffff;
  10884: ffffff;
  10885: ffffff;
  10886: ffffff;
  10887: ffffff;
  10888: ffffff;
  10889: ffffff;
  10890: ffffff;
  10891: ffffff;
  10892: ffffff;
  10893: ffffff;
  10894: ffffff;
  10895: fffeff;
  10896: fffdff;
  10897: fffeff;
  10898: fbffff;
  10899: f9ffff;
  10900: ffffff;
  10901: fffcfd;
  10902: fffbfd;
  10903: bdb9ba;
  10904: a8aaa7;
  10905: c99b9e;
  10906: bb2435;
  10907: ea1c30;
  10908: e91926;
  10909: ea1b23;
  10910: ed2025;
  10911: e91a22;
  10912: f01928;
  10913: f11928;
  10914: f11a22;
  10915: e51a20;
  10916: da262f;
  10917: bd262d;
  10918: 96232a;
  10919: ffe4ec;
  10920: ffe8f3;
  10921: e99ea5;
  10922: 912d2d;
  10923: ffe7e1;
  10924: fff7f3;
  10925: fefffb;
  10926: fcfffd;
  10927: fafefd;
  10928: fdfffe;
  10929: fffefb;
  10930: fffbf4;
  10931: ffefe8;
  10932: dd5555;
  10933: db2428;
  10934: e82022;
  10935: df1e21;
  10936: ca2833;
  10937: c2202d;
  10938: c90616;
  10939: eb1827;
  10940: ff4c5b;
  10941: ed1b28;
  10942: ee1c27;
  10943: ed1a23;
  10944: ed1a21;
  10945: eb1a20;
  10946: ee1f29;
  10947: e61721;
  10948: eb1c22;
  10949: e81f27;
  10950: dd212f;
  10951: cd212d;
  10952: ffb7bc;
  10953: ffb8bb;
  10954: ff9597;
  10955: fd9498;
  10956: ffecef;
  10957: ffe4e8;
  10958: cb363c;
  10959: d81921;
  10960: e11822;
  10961: e51721;
  10962: e71822;
  10963: ea1823;
  10964: f01a26;
  10965: ed1e28;
  10966: dc1f25;
  10967: a82022;
  10968: ffeff3;
  10969: fff0f5;
  10970: 8c2c2e;
  10971: ba282b;
  10972: e12227;
  10973: f21c24;
  10974: e8161f;
  10975: ea1b25;
  10976: ea1b25;
  10977: ec1a23;
  10978: f11b25;
  10979: f01921;
  10980: ef1921;
  10981: c3272a;
  10982: d09e9d;
  10983: a7a9a6;
  10984: a2a2a4;
  10985: feffff;
  10986: fefffd;
  10987: fefffb;
  10988: fffdfa;
  10989: fffcfb;
  10990: fffeff;
  10991: fffeff;
  10992: ffffff;
  10993: ffffff;
  10994: ffffff;
  10995: ffffff;
  10996: ffffff;
  10997: ffffff;
  10998: ffffff;
  10999: ffffff;
  11000: ffffff;
  11001: ffffff;
  11002: ffffff;
  11003: ffffff;
  11004: ffffff;
  11005: ffffff;
  11006: ffffff;
  11007: ffffff;
  11008: ffffff;
  11009: ffffff;
  11010: ffffff;
  11011: ffffff;
  11012: ffffff;
  11013: ffffff;
  11014: ffffff;
  11015: ffffff;
  11016: ffffff;
  11017: ffffff;
  11018: ffffff;
  11019: ffffff;
  11020: ffffff;
  11021: ffffff;
  11022: ffffff;
  11023: fffeff;
  11024: fffdfe;
  11025: fffeff;
  11026: f9ffff;
  11027: fbffff;
  11028: fdfffe;
  11029: fdfdfd;
  11030: fefeff;
  11031: dedede;
  11032: a7a9a6;
  11033: c49d9e;
  11034: cc545e;
  11035: d52635;
  11036: e21d27;
  11037: ef1c25;
  11038: f21c24;
  11039: ef1820;
  11040: f41b26;
  11041: f01823;
  11042: f01a24;
  11043: ec1f26;
  11044: e22124;
  11045: d82a2c;
  11046: be2730;
  11047: ffdbe7;
  11048: ffecf5;
  11049: ffcfd6;
  11050: 9c373b;
  11051: ffe3e3;
  11052: ffece9;
  11053: fffefa;
  11054: fffffd;
  11055: feffff;
  11056: fcffff;
  11057: fdfdff;
  11058: fffcff;
  11059: fff1f6;
  11060: ffe1e7;
  11061: ac1f27;
  11062: de1f26;
  11063: ee1b22;
  11064: e9212e;
  11065: e11d29;
  11066: ea212b;
  11067: ea1e27;
  11068: e7181e;
  11069: e8191f;
  11070: ef2229;
  11071: e81a24;
  11072: ee1f29;
  11073: ec1d27;
  11074: ed1b28;
  11075: ee1f29;
  11076: e71a1f;
  11077: ec2427;
  11078: e31c23;
  11079: de232a;
  11080: b91219;
  11081: ffd3d7;
  11082: ffdce1;
  11083: ffe2e5;
  11084: ffedf0;
  11085: ffeced;
  11086: ffe3e6;
  11087: f56d71;
  11088: e62832;
  11089: f41e2a;
  11090: f3212c;
  11091: ed1e28;
  11092: e71923;
  11093: eb2024;
  11094: ea1f22;
  11095: c12727;
  11096: ffecef;
  11097: ffeef6;
  11098: ae2e3d;
  11099: d32232;
  11100: e51d28;
  11101: ef1923;
  11102: f51c27;
  11103: f21a25;
  11104: ea1d24;
  11105: e81b22;
  11106: f21c26;
  11107: f21f28;
  11108: e31a20;
  11109: ad1b1e;
  11110: cc9b9e;
  11111: aaa9ae;
  11112: a5a3a8;
  11113: ffffff;
  11114: fcfffd;
  11115: fbfffb;
  11116: fefffb;
  11117: fefefe;
  11118: fffeff;
  11119: fbfaff;
  11120: ffffff;
  11121: ffffff;
  11122: ffffff;
  11123: ffffff;
  11124: ffffff;
  11125: ffffff;
  11126: ffffff;
  11127: ffffff;
  11128: ffffff;
  11129: ffffff;
  11130: ffffff;
  11131: ffffff;
  11132: ffffff;
  11133: ffffff;
  11134: ffffff;
  11135: ffffff;
  11136: ffffff;
  11137: ffffff;
  11138: ffffff;
  11139: ffffff;
  11140: ffffff;
  11141: ffffff;
  11142: ffffff;
  11143: ffffff;
  11144: ffffff;
  11145: ffffff;
  11146: ffffff;
  11147: ffffff;
  11148: ffffff;
  11149: ffffff;
  11150: ffffff;
  11151: fffeff;
  11152: fffdfe;
  11153: fffeff;
  11154: fbffff;
  11155: fcffff;
  11156: fefefe;
  11157: ffffff;
  11158: fcffff;
  11159: f9fdfc;
  11160: a6aaa9;
  11161: bea0a0;
  11162: e8878e;
  11163: c32b37;
  11164: e0202d;
  11165: f31d29;
  11166: ee1621;
  11167: f21b23;
  11168: f11a22;
  11169: ef1921;
  11170: ef1c25;
  11171: ea1d24;
  11172: e81f25;
  11173: db1c21;
  11174: de2932;
  11175: c33d46;
  11176: ffeff6;
  11177: fff1f8;
  11178: 9d2c32;
  11179: ffa8ad;
  11180: fff2f3;
  11181: fffcfd;
  11182: fffdfe;
  11183: ffffff;
  11184: fffeff;
  11185: fff8fb;
  11186: fff3f9;
  11187: ffedf3;
  11188: ffe3ec;
  11189: ff8e96;
  11190: cc111a;
  11191: f11924;
  11192: f01825;
  11193: f11a29;
  11194: ea1d24;
  11195: e81d21;
  11196: eb1d21;
  11197: eb1d21;
  11198: ea1d24;
  11199: eb1d27;
  11200: e91a24;
  11201: eb1c26;
  11202: eb1926;
  11203: ee1c27;
  11204: ea1d24;
  11205: e6191e;
  11206: ef2227;
  11207: e41d22;
  11208: de272c;
  11209: c7262c;
  11210: a32025;
  11211: bc4f52;
  11212: ffa8a9;
  11213: ffc3c3;
  11214: ffb4b8;
  11215: ff8b8f;
  11216: e1212c;
  11217: df0712;
  11218: eb1924;
  11219: eb1c24;
  11220: ea1d22;
  11221: e6191e;
  11222: f22126;
  11223: c9292b;
  11224: ffd2d3;
  11225: ffedf3;
  11226: ffaaba;
  11227: ca1123;
  11228: e51d28;
  11229: ee1b24;
  11230: f51923;
  11231: f21b23;
  11232: e91c23;
  11233: eb2026;
  11234: ed1a23;
  11235: e71923;
  11236: e2282d;
  11237: cf4a4f;
  11238: c699a0;
  11239: aba8af;
  11240: ded7de;
  11241: fffafe;
  11242: fcfffb;
  11243: f9fff8;
  11244: f9fefa;
  11245: feffff;
  11246: fffeff;
  11247: fffeff;
  11248: ffffff;
  11249: ffffff;
  11250: ffffff;
  11251: ffffff;
  11252: ffffff;
  11253: ffffff;
  11254: ffffff;
  11255: ffffff;
  11256: ffffff;
  11257: ffffff;
  11258: ffffff;
  11259: ffffff;
  11260: ffffff;
  11261: ffffff;
  11262: ffffff;
  11263: ffffff;
  11264: ffffff;
  11265: ffffff;
  11266: ffffff;
  11267: ffffff;
  11268: ffffff;
  11269: ffffff;
  11270: ffffff;
  11271: ffffff;
  11272: ffffff;
  11273: ffffff;
  11274: ffffff;
  11275: ffffff;
  11276: ffffff;
  11277: ffffff;
  11278: ffffff;
  11279: ffffff;
  11280: fffeff;
  11281: ffffff;
  11282: feffff;
  11283: ffffff;
  11284: fffeff;
  11285: fffeff;
  11286: fcffff;
  11287: f9ffff;
  11288: 9ea9a5;
  11289: bda9a8;
  11290: e08d95;
  11291: b82c39;
  11292: e12231;
  11293: ef1925;
  11294: ef1923;
  11295: f11b23;
  11296: ec1b21;
  11297: ec1e22;
  11298: eb1d21;
  11299: e91a20;
  11300: e91d29;
  11301: ea1e2a;
  11302: e3181e;
  11303: b71e21;
  11304: ffeef3;
  11305: ffecf1;
  11306: ab1e24;
  11307: f76a70;
  11308: ffedf4;
  11309: fefbff;
  11310: fcffff;
  11311: fffdfe;
  11312: fffafa;
  11313: fff1f1;
  11314: ffdcdb;
  11315: ff9394;
  11316: bd363a;
  11317: b3161d;
  11318: d1161d;
  11319: e91b25;
  11320: ee1a28;
  11321: eb1725;
  11322: ee1f27;
  11323: e81c1f;
  11324: ea1c1e;
  11325: ed1c1f;
  11326: ec1b21;
  11327: ef1c25;
  11328: ef1c22;
  11329: ee1b21;
  11330: ea191f;
  11331: ef202a;
  11332: ef1b29;
  11333: ed1925;
  11334: ef1d26;
  11335: e91c21;
  11336: e71f22;
  11337: e32227;
  11338: db2429;
  11339: d21f23;
  11340: cb161b;
  11341: c71014;
  11342: c60f14;
  11343: cc0d14;
  11344: e61824;
  11345: ed1a23;
  11346: ec1b21;
  11347: f12023;
  11348: e9171a;
  11349: f01f25;
  11350: eb1d29;
  11351: c92e36;
  11352: ffd5d5;
  11353: fff1ef;
  11354: ff9fa7;
  11355: be131c;
  11356: e32227;
  11357: ea1c20;
  11358: eb181f;
  11359: f01d26;
  11360: ea1d24;
  11361: e91c23;
  11362: ed1b24;
  11363: e6212a;
  11364: d12b2f;
  11365: df6c71;
  11366: c49ba3;
  11367: aaa4ae;
  11368: f7edf6;
  11369: fef8fc;
  11370: fffffb;
  11371: fcfffa;
  11372: fafffb;
  11373: fcffff;
  11374: feffff;
  11375: fdfcff;
  11376: ffffff;
  11377: ffffff;
  11378: ffffff;
  11379: ffffff;
  11380: ffffff;
  11381: ffffff;
  11382: ffffff;
  11383: ffffff;
  11384: ffffff;
  11385: ffffff;
  11386: ffffff;
  11387: ffffff;
  11388: ffffff;
  11389: ffffff;
  11390: ffffff;
  11391: ffffff;
  11392: ffffff;
  11393: ffffff;
  11394: ffffff;
  11395: ffffff;
  11396: ffffff;
  11397: ffffff;
  11398: ffffff;
  11399: ffffff;
  11400: ffffff;
  11401: ffffff;
  11402: ffffff;
  11403: ffffff;
  11404: ffffff;
  11405: ffffff;
  11406: ffffff;
  11407: ffffff;
  11408: fffeff;
  11409: ffffff;
  11410: feffff;
  11411: fffeff;
  11412: fffcff;
  11413: fffcff;
  11414: ffffff;
  11415: fbffff;
  11416: 9aa5a1;
  11417: b4a4a4;
  11418: e299a2;
  11419: ad2a38;
  11420: dc202f;
  11421: ef1827;
  11422: f21e2a;
  11423: ea1b23;
  11424: ea1d24;
  11425: eb1e23;
  11426: ed1c1f;
  11427: ec1b21;
  11428: eb1b29;
  11429: f01d2c;
  11430: f11c22;
  11431: d12325;
  11432: ffd5d7;
  11433: ffe6ea;
  11434: ce383a;
  11435: af2429;
  11436: ffeff8;
  11437: fffeff;
  11438: f7fbfe;
  11439: fffcfd;
  11440: fff3f1;
  11441: ba7371;
  11442: 8f2d2a;
  11443: 972524;
  11444: e97576;
  11445: ff9395;
  11446: ff797c;
  11447: b8141b;
  11448: e01c26;
  11449: f11d2b;
  11450: ed1b26;
  11451: eb1c24;
  11452: f01f24;
  11453: ee1d22;
  11454: ed1a21;
  11455: ef1921;
  11456: f01b21;
  11457: ef1d20;
  11458: ee1f25;
  11459: e6171f;
  11460: f01c2a;
  11461: ed1625;
  11462: ed1925;
  11463: f01e27;
  11464: eb1a1f;
  11465: ed1c21;
  11466: ee1d23;
  11467: f11b23;
  11468: f71521;
  11469: f71520;
  11470: f41921;
  11471: f21c24;
  11472: ef1b29;
  11473: ee1c27;
  11474: e9181e;
  11475: ee1c1f;
  11476: f51e23;
  11477: f01a22;
  11478: e81825;
  11479: c32732;
  11480: ffdbda;
  11481: fff1ef;
  11482: e26068;
  11483: d31f28;
  11484: e31f23;
  11485: ea191e;
  11486: f21e2a;
  11487: ec1824;
  11488: eb1c24;
  11489: e81921;
  11490: ee1f27;
  11491: dc1f25;
  11492: c22b30;
  11493: e78489;
  11494: c6a2ac;
  11495: aba8b1;
  11496: fff8ff;
  11497: fffeff;
  11498: fffffb;
  11499: fefffa;
  11500: fbfffc;
  11501: fcffff;
  11502: ffffff;
  11503: ffffff;
  11504: ffffff;
  11505: ffffff;
  11506: ffffff;
  11507: ffffff;
  11508: ffffff;
  11509: ffffff;
  11510: ffffff;
  11511: ffffff;
  11512: ffffff;
  11513: ffffff;
  11514: ffffff;
  11515: ffffff;
  11516: ffffff;
  11517: ffffff;
  11518: ffffff;
  11519: ffffff;
  11520: ffffff;
  11521: ffffff;
  11522: ffffff;
  11523: ffffff;
  11524: ffffff;
  11525: ffffff;
  11526: ffffff;
  11527: ffffff;
  11528: ffffff;
  11529: ffffff;
  11530: ffffff;
  11531: ffffff;
  11532: ffffff;
  11533: ffffff;
  11534: ffffff;
  11535: fffeff;
  11536: fffeff;
  11537: fffeff;
  11538: ffffff;
  11539: fffeff;
  11540: fffbff;
  11541: fffbff;
  11542: fffdff;
  11543: ffffff;
  11544: bfc3c2;
  11545: ae9c9c;
  11546: d1929b;
  11547: af3645;
  11548: dd2132;
  11549: f21a29;
  11550: eb1d27;
  11551: e81c25;
  11552: eb1d29;
  11553: ee1c27;
  11554: f01a22;
  11555: ef1a20;
  11556: ee1b22;
  11557: ef1c23;
  11558: f21c24;
  11559: e52027;
  11560: bc181f;
  11561: ff979b;
  11562: ffcccd;
  11563: 9a3032;
  11564: fff2f6;
  11565: fffafe;
  11566: ffffff;
  11567: fff8f8;
  11568: 7d2d2e;
  11569: ffcdcd;
  11570: ffeaed;
  11571: fff2f5;
  11572: fff4f4;
  11573: ffefee;
  11574: fff2ef;
  11575: ffe5e4;
  11576: c0151b;
  11577: f11b27;
  11578: ee1729;
  11579: f21e2d;
  11580: ea1823;
  11581: eb1c22;
  11582: e81921;
  11583: f01e27;
  11584: ed1a21;
  11585: ee1d23;
  11586: e91c21;
  11587: ea1d24;
  11588: ef1d28;
  11589: f01928;
  11590: f31c2c;
  11591: ed1927;
  11592: ec1d25;
  11593: ec1d25;
  11594: ee1c25;
  11595: f01928;
  11596: f5162b;
  11597: f5162b;
  11598: ee1a28;
  11599: eb1b28;
  11600: ee1e2c;
  11601: eb1b29;
  11602: f01c28;
  11603: f01a24;
  11604: ee1820;
  11605: ee1820;
  11606: f21f26;
  11607: cc2d32;
  11608: ffeeef;
  11609: ffe8ed;
  11610: c02835;
  11611: ec1e2b;
  11612: f01921;
  11613: f81d25;
  11614: f51b2c;
  11615: ef1629;
  11616: f31f2b;
  11617: e81921;
  11618: eb1c22;
  11619: df262c;
  11620: b0272f;
  11621: e69099;
  11622: b89da6;
  11623: a2a3a8;
  11624: feffff;
  11625: ffffff;
  11626: fffffb;
  11627: fefffb;
  11628: fbfffe;
  11629: feffff;
  11630: fffdff;
  11631: fffdff;
  11632: fffeff;
  11633: ffffff;
  11634: ffffff;
  11635: ffffff;
  11636: ffffff;
  11637: ffffff;
  11638: ffffff;
  11639: ffffff;
  11640: ffffff;
  11641: ffffff;
  11642: ffffff;
  11643: ffffff;
  11644: ffffff;
  11645: ffffff;
  11646: ffffff;
  11647: ffffff;
  11648: ffffff;
  11649: ffffff;
  11650: ffffff;
  11651: ffffff;
  11652: ffffff;
  11653: ffffff;
  11654: ffffff;
  11655: ffffff;
  11656: ffffff;
  11657: ffffff;
  11658: ffffff;
  11659: ffffff;
  11660: ffffff;
  11661: ffffff;
  11662: ffffff;
  11663: ffffff;
  11664: fffeff;
  11665: fffeff;
  11666: ffffff;
  11667: fffeff;
  11668: fffcff;
  11669: fffcff;
  11670: fffdff;
  11671: ffffff;
  11672: e3e5e4;
  11673: afa3a3;
  11674: c99ea5;
  11675: c2616c;
  11676: d92234;
  11677: f11928;
  11678: ea1c26;
  11679: e71e26;
  11680: ec1c2a;
  11681: ee1a29;
  11682: ee1b24;
  11683: ef1c22;
  11684: ee1c1d;
  11685: ed1b1e;
  11686: ec1b21;
  11687: eb1c24;
  11688: e51e23;
  11689: c21215;
  11690: ffd2d5;
  11691: 912f30;
  11692: ffe7ea;
  11693: fff6f8;
  11694: fffafa;
  11695: fff3f1;
  11696: 7e2e2d;
  11697: ffe7e6;
  11698: fff0f8;
  11699: fffaff;
  11700: fff9fd;
  11701: fffdfd;
  11702: fffffb;
  11703: fff2ef;
  11704: e95e61;
  11705: e32028;
  11706: ed1d2b;
  11707: ec1827;
  11708: ee1c27;
  11709: ea1d24;
  11710: ee1f29;
  11711: e81923;
  11712: f11e27;
  11713: ec1922;
  11714: f01f25;
  11715: ec1b21;
  11716: eb1a20;
  11717: f11d29;
  11718: ee1526;
  11719: ef1828;
  11720: ed1b26;
  11721: ed1b24;
  11722: ec1a23;
  11723: ed1927;
  11724: f0172c;
  11725: ef172c;
  11726: e91b27;
  11727: e81c25;
  11728: eb1d29;
  11729: e91926;
  11730: ee1c29;
  11731: ef1b27;
  11732: ec1824;
  11733: f21c24;
  11734: f0191e;
  11735: c41f23;
  11736: ffecf1;
  11737: fbccd2;
  11738: b1333f;
  11739: cf232f;
  11740: da2328;
  11741: da171f;
  11742: ee1b2c;
  11743: f2192c;
  11744: ed1925;
  11745: e7151e;
  11746: ef1e24;
  11747: d7232c;
  11748: 9f2530;
  11749: d7939e;
  11750: b8a5ab;
  11751: a1a6aa;
  11752: fcffff;
  11753: fcffff;
  11754: fdfffa;
  11755: fefffb;
  11756: fcffff;
  11757: ffffff;
  11758: fffdff;
  11759: fffdff;
  11760: fffeff;
  11761: ffffff;
  11762: ffffff;
  11763: ffffff;
  11764: ffffff;
  11765: ffffff;
  11766: ffffff;
  11767: ffffff;
  11768: ffffff;
  11769: ffffff;
  11770: ffffff;
  11771: ffffff;
  11772: ffffff;
  11773: ffffff;
  11774: ffffff;
  11775: ffffff;
  11776: ffffff;
  11777: ffffff;
  11778: ffffff;
  11779: ffffff;
  11780: ffffff;
  11781: ffffff;
  11782: ffffff;
  11783: ffffff;
  11784: ffffff;
  11785: ffffff;
  11786: ffffff;
  11787: ffffff;
  11788: ffffff;
  11789: ffffff;
  11790: ffffff;
  11791: ffffff;
  11792: feffff;
  11793: ffffff;
  11794: fffeff;
  11795: fffeff;
  11796: fffeff;
  11797: ffffff;
  11798: feffff;
  11799: feffff;
  11800: f8fcfb;
  11801: b9bab5;
  11802: b0a8a6;
  11803: d99b9e;
  11804: cd2534;
  11805: f61d2e;
  11806: e81923;
  11807: eb1d27;
  11808: ee192b;
  11809: ed182a;
  11810: e91e24;
  11811: e82020;
  11812: ec211d;
  11813: ea1e1d;
  11814: e91e21;
  11815: ea1f23;
  11816: e91e21;
  11817: da2327;
  11818: e4555b;
  11819: ff949b;
  11820: b25256;
  11821: ffe8ea;
  11822: fff4f3;
  11823: ffe5e1;
  11824: d4aca4;
  11825: fff1ed;
  11826: fff1f6;
  11827: fff0fa;
  11828: fff0fa;
  11829: fff4fb;
  11830: fffcfc;
  11831: fff6f5;
  11832: ffc8cb;
  11833: ca2e32;
  11834: e02224;
  11835: e91b1f;
  11836: ec1a23;
  11837: e91a24;
  11838: ea1c28;
  11839: e71822;
  11840: ee1822;
  11841: f21922;
  11842: f21922;
  11843: f01920;
  11844: f11f22;
  11845: eb181e;
  11846: f21a29;
  11847: f11829;
  11848: f01827;
  11849: f01a26;
  11850: ee1b22;
  11851: ed1c22;
  11852: ed1b28;
  11853: eb1d27;
  11854: e8221f;
  11855: e8231d;
  11856: e71b1e;
  11857: ed1e26;
  11858: e91926;
  11859: eb1b29;
  11860: f11f2a;
  11861: ef1923;
  11862: f2171f;
  11863: bf141a;
  11864: ffe8ec;
  11865: caafb4;
  11866: ffd1d8;
  11867: ffe8ed;
  11868: ffe2e1;
  11869: ffa4a6;
  11870: dc212c;
  11871: ee1a28;
  11872: ee1c27;
  11873: f11f28;
  11874: ef1c23;
  11875: d1212b;
  11876: cd6775;
  11877: c89aa5;
  11878: a79ca2;
  11879: e3eceb;
  11880: fbffff;
  11881: fbfffe;
  11882: fefffb;
  11883: fefffd;
  11884: fcffff;
  11885: ffffff;
  11886: fffcff;
  11887: fffcff;
  11888: fffeff;
  11889: ffffff;
  11890: ffffff;
  11891: ffffff;
  11892: ffffff;
  11893: ffffff;
  11894: ffffff;
  11895: ffffff;
  11896: ffffff;
  11897: ffffff;
  11898: ffffff;
  11899: ffffff;
  11900: ffffff;
  11901: ffffff;
  11902: ffffff;
  11903: ffffff;
  11904: ffffff;
  11905: ffffff;
  11906: ffffff;
  11907: ffffff;
  11908: ffffff;
  11909: ffffff;
  11910: ffffff;
  11911: ffffff;
  11912: ffffff;
  11913: ffffff;
  11914: ffffff;
  11915: ffffff;
  11916: ffffff;
  11917: ffffff;
  11918: ffffff;
  11919: ffffff;
  11920: feffff;
  11921: feffff;
  11922: ffffff;
  11923: fffeff;
  11924: ffffff;
  11925: feffff;
  11926: fcffff;
  11927: fcffff;
  11928: feffff;
  11929: d7d9d6;
  11930: a5aba7;
  11931: cd9f9f;
  11932: bd212c;
  11933: e91927;
  11934: ee1f29;
  11935: e91a24;
  11936: ef1b29;
  11937: ec1a27;
  11938: e81d21;
  11939: e61e20;
  11940: e91f1f;
  11941: e91f1f;
  11942: e91e21;
  11943: e91e22;
  11944: ec2023;
  11945: df2027;
  11946: b5151f;
  11947: ffd4dd;
  11948: a32324;
  11949: ffbbb8;
  11950: ffebea;
  11951: d8aba8;
  11952: ffd8d6;
  11953: ffeceb;
  11954: ffd2d8;
  11955: 913741;
  11956: 903942;
  11957: ffecf3;
  11958: fff9fc;
  11959: fff5f7;
  11960: ffced0;
  11961: c42e2f;
  11962: dc201e;
  11963: ea2222;
  11964: df2229;
  11965: c70d18;
  11966: d1111c;
  11967: ff4f59;
  11968: e91b27;
  11969: e91d28;
  11970: e31e28;
  11971: e8252d;
  11972: e21b1e;
  11973: e71c20;
  11974: f21e2a;
  11975: ef1827;
  11976: f01928;
  11977: ef1c25;
  11978: f11c22;
  11979: ee1b21;
  11980: ea1b23;
  11981: e71c22;
  11982: e51d1d;
  11983: e81e1c;
  11984: e91b1f;
  11985: f01e27;
  11986: ea1c28;
  11987: e81a26;
  11988: ee1c27;
  11989: ec1922;
  11990: f12026;
  11991: b61117;
  11992: ffe8ec;
  11993: fff1f5;
  11994: fff3f7;
  11995: ffeef1;
  11996: ffe2e1;
  11997: a52524;
  11998: db262d;
  11999: ec1d27;
  12000: e91a22;
  12001: ed1a21;
  12002: f21b22;
  12003: d2272f;
  12004: d58592;
  12005: b8a1ab;
  12006: a3a1a4;
  12007: f9fffd;
  12008: fcffff;
  12009: feffff;
  12010: fffffd;
  12011: fffffd;
  12012: fcffff;
  12013: fdfeff;
  12014: fffefd;
  12015: fffdfd;
  12016: fffeff;
  12017: ffffff;
  12018: ffffff;
  12019: ffffff;
  12020: ffffff;
  12021: ffffff;
  12022: ffffff;
  12023: ffffff;
  12024: ffffff;
  12025: ffffff;
  12026: ffffff;
  12027: ffffff;
  12028: ffffff;
  12029: ffffff;
  12030: ffffff;
  12031: ffffff;
  12032: ffffff;
  12033: ffffff;
  12034: ffffff;
  12035: ffffff;
  12036: ffffff;
  12037: ffffff;
  12038: ffffff;
  12039: ffffff;
  12040: ffffff;
  12041: ffffff;
  12042: ffffff;
  12043: ffffff;
  12044: ffffff;
  12045: ffffff;
  12046: ffffff;
  12047: ffffff;
  12048: ffffff;
  12049: feffff;
  12050: feffff;
  12051: ffffff;
  12052: fffeff;
  12053: fffeff;
  12054: fcffff;
  12055: fcffff;
  12056: fdf9fa;
  12057: fffdfd;
  12058: a5a4a2;
  12059: cf9ea1;
  12060: af1d27;
  12061: e5212b;
  12062: e91d26;
  12063: eb1c22;
  12064: eb1d21;
  12065: eb1d21;
  12066: ed1c21;
  12067: ec1b21;
  12068: e91b27;
  12069: eb1b28;
  12070: ed1c22;
  12071: ed1a21;
  12072: ef1d2a;
  12073: e51d2a;
  12074: dc2331;
  12075: ff777f;
  12076: b11812;
  12077: e35e57;
  12078: ffdbdc;
  12079: b35e65;
  12080: ffe8f0;
  12081: ffb5bd;
  12082: aa2329;
  12083: c22b30;
  12084: b32c30;
  12085: f7989c;
  12086: fff6f8;
  12087: fff3f4;
  12088: ffa1a2;
  12089: d62829;
  12090: ec2426;
  12091: dd1c21;
  12092: ad1720;
  12093: ffb0b9;
  12094: ffb2bc;
  12095: e32f3a;
  12096: d8202c;
  12097: d32733;
  12098: c4333a;
  12099: b8272c;
  12100: d1282b;
  12101: e3262c;
  12102: e71b26;
  12103: eb1c26;
  12104: e81c25;
  12105: ea1d24;
  12106: ee1c1f;
  12107: f01b1f;
  12108: ee1b22;
  12109: ed1b26;
  12110: ee1c29;
  12111: ee1c29;
  12112: f31d29;
  12113: ec1922;
  12114: eb1d27;
  12115: e91b25;
  12116: ee1b24;
  12117: eb2026;
  12118: d31b1d;
  12119: d94748;
  12120: ffe2e7;
  12121: ffc3c8;
  12122: ffcdcf;
  12123: ffdbdd;
  12124: ff7173;
  12125: d02629;
  12126: e22126;
  12127: e91c23;
  12128: f01e27;
  12129: f01a22;
  12130: f1161e;
  12131: cf2a31;
  12132: d199a4;
  12133: a6a6ae;
  12134: bcc0bf;
  12135: fefffd;
  12136: fffeff;
  12137: fffeff;
  12138: fffdfd;
  12139: fffefc;
  12140: fdfeff;
  12141: fbffff;
  12142: fefffd;
  12143: fefffa;
  12144: fffffd;
  12145: ffffff;
  12146: ffffff;
  12147: ffffff;
  12148: ffffff;
  12149: ffffff;
  12150: ffffff;
  12151: ffffff;
  12152: ffffff;
  12153: ffffff;
  12154: ffffff;
  12155: ffffff;
  12156: ffffff;
  12157: ffffff;
  12158: ffffff;
  12159: ffffff;
  12160: ffffff;
  12161: ffffff;
  12162: ffffff;
  12163: ffffff;
  12164: ffffff;
  12165: ffffff;
  12166: ffffff;
  12167: ffffff;
  12168: ffffff;
  12169: ffffff;
  12170: ffffff;
  12171: ffffff;
  12172: ffffff;
  12173: ffffff;
  12174: ffffff;
  12175: feffff;
  12176: feffff;
  12177: fcffff;
  12178: feffff;
  12179: ffffff;
  12180: fffeff;
  12181: fffeff;
  12182: feffff;
  12183: feffff;
  12184: fffeff;
  12185: fffcfc;
  12186: a8a4a5;
  12187: c69ca0;
  12188: da626b;
  12189: c71d26;
  12190: e32028;
  12191: ed1f23;
  12192: e81c1d;
  12193: eb1d1d;
  12194: ef1c22;
  12195: ee1b24;
  12196: ed1a29;
  12197: ee1b2a;
  12198: f11b27;
  12199: f01a26;
  12200: ed1a29;
  12201: e91c2d;
  12202: e51f30;
  12203: dd2027;
  12204: ff605c;
  12205: d2332d;
  12206: ffd7dc;
  12207: 94262f;
  12208: ffe1ed;
  12209: 982932;
  12210: b7161c;
  12211: ff868a;
  12212: aa191c;
  12213: ffc9ca;
  12214: ffedf0;
  12215: ffecee;
  12216: a62122;
  12217: d92526;
  12218: e5181d;
  12219: cc141c;
  12220: ffdbe3;
  12221: fb969e;
  12222: aa1e29;
  12223: c52833;
  12224: b81c29;
  12225: ffa6af;
  12226: ffd9dd;
  12227: ffbabc;
  12228: ffa3a9;
  12229: d61b22;
  12230: e61d25;
  12231: ed1e28;
  12232: e81f27;
  12233: ea1f25;
  12234: ed1c21;
  12235: f01b21;
  12236: ee1b21;
  12237: ee1b24;
  12238: ee192b;
  12239: ee192b;
  12240: f01928;
  12241: ed1a23;
  12242: ed2027;
  12243: eb1e25;
  12244: ee1b22;
  12245: e22028;
  12246: b11b1c;
  12247: ffc8ca;
  12248: ffe0e5;
  12249: 8e2b30;
  12250: b03436;
  12251: c63032;
  12252: d82328;
  12253: e31e25;
  12254: e61d23;
  12255: ea1f25;
  12256: ea1b23;
  12257: ed1b24;
  12258: f01d26;
  12259: b41921;
  12260: c79ea6;
  12261: a0abb1;
  12262: faffff;
  12263: fdfdfb;
  12264: fffcfc;
  12265: fffcfd;
  12266: fffdff;
  12267: fffeff;
  12268: feffff;
  12269: fcffff;
  12270: fcfffd;
  12271: fbfffa;
  12272: fefffd;
  12273: ffffff;
  12274: ffffff;
  12275: ffffff;
  12276: ffffff;
  12277: ffffff;
  12278: ffffff;
  12279: ffffff;
  12280: ffffff;
  12281: ffffff;
  12282: ffffff;
  12283: ffffff;
  12284: ffffff;
  12285: ffffff;
  12286: ffffff;
  12287: ffffff;
  12288: ffffff;
  12289: ffffff;
  12290: ffffff;
  12291: ffffff;
  12292: ffffff;
  12293: ffffff;
  12294: ffffff;
  12295: ffffff;
  12296: ffffff;
  12297: ffffff;
  12298: ffffff;
  12299: ffffff;
  12300: ffffff;
  12301: ffffff;
  12302: ffffff;
  12303: fcffff;
  12304: f9ffff;
  12305: f9ffff;
  12306: ffffff;
  12307: fffeff;
  12308: feffff;
  12309: feffff;
  12310: fffeff;
  12311: fffeff;
  12312: ffffff;
  12313: fffffd;
  12314: a1a1a1;
  12315: bca1a6;
  12316: da8a97;
  12317: a4202d;
  12318: dd252d;
  12319: eb1d21;
  12320: eb1d21;
  12321: eb1d21;
  12322: ed1c21;
  12323: ee1b22;
  12324: f01a26;
  12325: f01928;
  12326: f01928;
  12327: ee1a28;
  12328: e81828;
  12329: eb1e2d;
  12330: e91c2b;
  12331: ec202b;
  12332: de121b;
  12333: dd242a;
  12334: ffa9af;
  12335: 9d2026;
  12336: ffd9df;
  12337: a82f36;
  12338: c1242b;
  12339: ffd1d6;
  12340: ffb8bc;
  12341: ffe5e8;
  12342: ffe6e7;
  12343: ffd3d5;
  12344: e35e63;
  12345: d0272c;
  12346: e51e23;
  12347: bd1316;
  12348: ffe4e7;
  12349: ffe9f1;
  12350: ffcedb;
  12351: a11d2a;
  12352: e76f78;
  12353: ffdbe0;
  12354: ffdddc;
  12355: a62122;
  12356: ca1c25;
  12357: e01b25;
  12358: ed1e26;
  12359: ef1c25;
  12360: ed1b28;
  12361: eb1b28;
  12362: ea1c28;
  12363: ea1d24;
  12364: ee1b21;
  12365: ee1b21;
  12366: ed1b28;
  12367: ed1b28;
  12368: f01c28;
  12369: ea1821;
  12370: e81d23;
  12371: ea1f23;
  12372: f11b25;
  12373: d8242d;
  12374: c95c61;
  12375: ffe6ec;
  12376: ffe0ea;
  12377: 9f2029;
  12378: cf2a30;
  12379: e1242a;
  12380: e41c26;
  12381: ea1c28;
  12382: ea1e27;
  12383: e61d23;
  12384: ea1f25;
  12385: e61f26;
  12386: d91a22;
  12387: d04751;
  12388: c49ca5;
  12389: 9ea5ad;
  12390: feffff;
  12391: fefcff;
  12392: fffefb;
  12393: fffefb;
  12394: fffdff;
  12395: fffeff;
  12396: ffffff;
  12397: fefffd;
  12398: fbfffd;
  12399: fbfffd;
  12400: feffff;
  12401: ffffff;
  12402: ffffff;
  12403: ffffff;
  12404: ffffff;
  12405: ffffff;
  12406: ffffff;
  12407: ffffff;
  12408: ffffff;
  12409: ffffff;
  12410: ffffff;
  12411: ffffff;
  12412: ffffff;
  12413: ffffff;
  12414: ffffff;
  12415: ffffff;
  12416: ffffff;
  12417: ffffff;
  12418: ffffff;
  12419: ffffff;
  12420: ffffff;
  12421: ffffff;
  12422: ffffff;
  12423: ffffff;
  12424: ffffff;
  12425: ffffff;
  12426: ffffff;
  12427: ffffff;
  12428: ffffff;
  12429: ffffff;
  12430: ffffff;
  12431: feffff;
  12432: f9ffff;
  12433: fbffff;
  12434: fffefd;
  12435: fffdfd;
  12436: feffff;
  12437: feffff;
  12438: fffeff;
  12439: fffdff;
  12440: fdfffe;
  12441: fcfefb;
  12442: e5e5e5;
  12443: b8a9ac;
  12444: ca9ca6;
  12445: d1707b;
  12446: d5282e;
  12447: eb1a20;
  12448: ed1b24;
  12449: ed1b24;
  12450: ed1c21;
  12451: ee1b21;
  12452: f01a24;
  12453: f01a26;
  12454: ee1a28;
  12455: ed1b28;
  12456: f0222e;
  12457: e71925;
  12458: e91a24;
  12459: ec1824;
  12460: f31b28;
  12461: e01c26;
  12462: c63032;
  12463: ffafaf;
  12464: ffe2e1;
  12465: 8f2527;
  12466: bf2c32;
  12467: ae1b23;
  12468: ef8184;
  12469: c97072;
  12470: 7e2c2e;
  12471: ffa6a7;
  12472: ffb6bc;
  12473: cd2d35;
  12474: e01f24;
  12475: d62c2f;
  12476: d2777c;
  12477: ffe7ec;
  12478: ffdee8;
  12479: 9a2832;
  12480: 882f35;
  12481: ffe1e3;
  12482: ffdedd;
  12483: b12224;
  12484: dc2632;
  12485: ed212d;
  12486: ec1a23;
  12487: e9161f;
  12488: ee1a26;
  12489: ed1b28;
  12490: eb1b28;
  12491: eb1c26;
  12492: ed1c21;
  12493: ed1c21;
  12494: eb1c26;
  12495: eb1b28;
  12496: ec1a23;
  12497: ef1d26;
  12498: eb2026;
  12499: e91c21;
  12500: ea171e;
  12501: cd242b;
  12502: ffe8ec;
  12503: ffeef3;
  12504: ffdce3;
  12505: be2b33;
  12506: e1242a;
  12507: ec1b21;
  12508: ed1b26;
  12509: eb1c26;
  12510: ea1e27;
  12511: e81f25;
  12512: e71c22;
  12513: de2429;
  12514: bc1f26;
  12515: e98087;
  12516: c0a1a9;
  12517: a4a7b0;
  12518: fffeff;
  12519: fcfcfe;
  12520: fffffb;
  12521: fffffb;
  12522: fffeff;
  12523: fffeff;
  12524: fffeff;
  12525: fffffd;
  12526: fcfffd;
  12527: fcffff;
  12528: feffff;
  12529: ffffff;
  12530: ffffff;
  12531: ffffff;
  12532: ffffff;
  12533: ffffff;
  12534: ffffff;
  12535: ffffff;
  12536: ffffff;
  12537: ffffff;
  12538: ffffff;
  12539: ffffff;
  12540: ffffff;
  12541: ffffff;
  12542: ffffff;
  12543: ffffff;
  12544: ffffff;
  12545: ffffff;
  12546: ffffff;
  12547: ffffff;
  12548: ffffff;
  12549: ffffff;
  12550: ffffff;
  12551: ffffff;
  12552: ffffff;
  12553: ffffff;
  12554: ffffff;
  12555: ffffff;
  12556: ffffff;
  12557: ffffff;
  12558: ffffff;
  12559: ffffff;
  12560: feffff;
  12561: ffffff;
  12562: fffdfd;
  12563: fffcfd;
  12564: fffeff;
  12565: ffffff;
  12566: feffff;
  12567: fcffff;
  12568: feffff;
  12569: fcfcfa;
  12570: fffeff;
  12571: afa6a9;
  12572: b0a2a2;
  12573: d69496;
  12574: d22d34;
  12575: ee1824;
  12576: ee1a29;
  12577: ee1a28;
  12578: ee1b21;
  12579: ee1b21;
  12580: f01a24;
  12581: f01a26;
  12582: ee1b24;
  12583: ed1b24;
  12584: e81b20;
  12585: ec1d23;
  12586: ea171d;
  12587: f21d23;
  12588: ee171e;
  12589: df2226;
  12590: af2825;
  12591: ffe4df;
  12592: ffefe5;
  12593: f4b1a9;
  12594: a42126;
  12595: c3282e;
  12596: a71d1d;
  12597: 922423;
  12598: d38b8e;
  12599: ffe8ec;
  12600: ffb6bc;
  12601: c53238;
  12602: db1e22;
  12603: da2327;
  12604: 9e2129;
  12605: ffdce6;
  12606: ffd8de;
  12607: 982f33;
  12608: e4a6a9;
  12609: ffeaeb;
  12610: ffdedf;
  12611: c0272c;
  12612: da1f2a;
  12613: e81a27;
  12614: ec1c29;
  12615: ef202a;
  12616: eb1c24;
  12617: ee1b24;
  12618: f11924;
  12619: f11a22;
  12620: ed1c22;
  12621: eb1c24;
  12622: ed1b28;
  12623: ed1b28;
  12624: f01d26;
  12625: ef1d26;
  12626: e91a24;
  12627: ea1b23;
  12628: f42326;
  12629: b71918;
  12630: ffedef;
  12631: fff2f3;
  12632: ffa9ac;
  12633: cf2e33;
  12634: e6212a;
  12635: ed171f;
  12636: ed1c22;
  12637: ea1d24;
  12638: ea1c26;
  12639: ea1e27;
  12640: ed2027;
  12641: d12428;
  12642: bf5351;
  12643: d79d9c;
  12644: b7a0a6;
  12645: cac7ce;
  12646: fffeff;
  12647: fcffff;
  12648: fbfffd;
  12649: fbfffd;
  12650: feffff;
  12651: fffeff;
  12652: fffeff;
  12653: fffffd;
  12654: fffffd;
  12655: fefffd;
  12656: ffffff;
  12657: ffffff;
  12658: ffffff;
  12659: ffffff;
  12660: ffffff;
  12661: ffffff;
  12662: ffffff;
  12663: ffffff;
  12664: ffffff;
  12665: ffffff;
  12666: ffffff;
  12667: ffffff;
  12668: ffffff;
  12669: ffffff;
  12670: ffffff;
  12671: ffffff;
  12672: ffffff;
  12673: ffffff;
  12674: ffffff;
  12675: ffffff;
  12676: ffffff;
  12677: ffffff;
  12678: ffffff;
  12679: ffffff;
  12680: ffffff;
  12681: ffffff;
  12682: ffffff;
  12683: ffffff;
  12684: ffffff;
  12685: ffffff;
  12686: ffffff;
  12687: ffffff;
  12688: fffeff;
  12689: fffeff;
  12690: fffdfd;
  12691: fffdfd;
  12692: fffeff;
  12693: fffeff;
  12694: fcffff;
  12695: fbffff;
  12696: feffff;
  12697: fefefc;
  12698: fffdff;
  12699: a6a2a3;
  12700: acaeab;
  12701: cd9d9d;
  12702: bd232d;
  12703: ef1f2d;
  12704: ed1a2b;
  12705: ed1b28;
  12706: ee1b21;
  12707: ee1c1f;
  12708: ee1b24;
  12709: ee1a26;
  12710: eb1c24;
  12711: ea1d22;
  12712: ea1e21;
  12713: eb1d21;
  12714: f01e21;
  12715: f11c20;
  12716: ef1a1e;
  12717: dc2426;
  12718: af2b29;
  12719: ffdeda;
  12720: fff6ed;
  12721: fff5ed;
  12722: ffd5d7;
  12723: e36f72;
  12724: f17f7f;
  12725: ffdbdc;
  12726: ffedf1;
  12727: fff0f6;
  12728: ffc9cc;
  12729: b23233;
  12730: da2a2c;
  12731: d6292b;
  12732: a82b33;
  12733: ffe0e8;
  12734: ffd0d2;
  12735: 872d2c;
  12736: ffebec;
  12737: ffe7e8;
  12738: ff8b8f;
  12739: d3282e;
  12740: e41f28;
  12741: ee1f29;
  12742: e6171f;
  12743: eb1c24;
  12744: eb1d21;
  12745: ee1b21;
  12746: f41921;
  12747: f41822;
  12748: eb1c26;
  12749: e91d28;
  12750: eb1b28;
  12751: ed1b28;
  12752: ee1b24;
  12753: ec1922;
  12754: ec1a25;
  12755: ed212a;
  12756: db1d1d;
  12757: ad1d1c;
  12758: ffeded;
  12759: ffeded;
  12760: d75557;
  12761: d62126;
  12762: ed1e28;
  12763: ef1621;
  12764: ee1b24;
  12765: eb1c24;
  12766: eb1c26;
  12767: eb1c26;
  12768: ef1d26;
  12769: cd282e;
  12770: d18585;
  12771: bda5a3;
  12772: b1a5a9;
  12773: f0ebef;
  12774: ffffff;
  12775: fafffb;
  12776: f9ffff;
  12777: f9ffff;
  12778: fcffff;
  12779: ffffff;
  12780: fffeff;
  12781: fffeff;
  12782: fffeff;
  12783: fffffd;
  12784: ffffff;
  12785: ffffff;
  12786: ffffff;
  12787: ffffff;
  12788: ffffff;
  12789: ffffff;
  12790: ffffff;
  12791: ffffff;
  12792: ffffff;
  12793: ffffff;
  12794: ffffff;
  12795: ffffff;
  12796: ffffff;
  12797: ffffff;
  12798: ffffff;
  12799: ffffff;
  12800: ffffff;
  12801: ffffff;
  12802: ffffff;
  12803: ffffff;
  12804: ffffff;
  12805: ffffff;
  12806: ffffff;
  12807: ffffff;
  12808: ffffff;
  12809: ffffff;
  12810: ffffff;
  12811: ffffff;
  12812: ffffff;
  12813: ffffff;
  12814: ffffff;
  12815: ffffff;
  12816: fffeff;
  12817: fffeff;
  12818: fffeff;
  12819: fffeff;
  12820: fffffd;
  12821: ffffff;
  12822: feffff;
  12823: fcffff;
  12824: fafffb;
  12825: fefffd;
  12826: fffdfe;
  12827: bcbabd;
  12828: a4adaa;
  12829: c19a9b;
  12830: d24651;
  12831: e01d2d;
  12832: e71d29;
  12833: eb1c24;
  12834: ee1b21;
  12835: ee1c1f;
  12836: eb1c22;
  12837: e91d26;
  12838: e91d28;
  12839: e71e26;
  12840: e61d23;
  12841: ec1f24;
  12842: e9181d;
  12843: ef1c22;
  12844: ee1f27;
  12845: d71f27;
  12846: a41d21;
  12847: dd8788;
  12848: ffe6e5;
  12849: fff9f9;
  12850: fff7f8;
  12851: fff2f3;
  12852: fff0f3;
  12853: fff5fa;
  12854: fff9ff;
  12855: fff8fb;
  12856: ffeced;
  12857: 912926;
  12858: b21a17;
  12859: ae1e1d;
  12860: ffdcdf;
  12861: e8b1b4;
  12862: a36e6a;
  12863: ffe9e4;
  12864: ffdfdb;
  12865: a41d1a;
  12866: da272b;
  12867: e0171d;
  12868: e7191d;
  12869: ee1c1f;
  12870: ee1c1f;
  12871: f01e1f;
  12872: eb1d1d;
  12873: ed1d1d;
  12874: f21921;
  12875: f11924;
  12876: e91d29;
  12877: e61e29;
  12878: ea1c26;
  12879: eb1c22;
  12880: ee1d23;
  12881: ef1c23;
  12882: ee1c27;
  12883: de1f27;
  12884: c92d30;
  12885: ffcdce;
  12886: ffe4e9;
  12887: ffbdc2;
  12888: c9222a;
  12889: e71923;
  12890: f31b28;
  12891: f11727;
  12892: f11928;
  12893: ed1925;
  12894: ed1a23;
  12895: ed1a23;
  12896: f01722;
  12897: c41e28;
  12898: d1969c;
  12899: aca8a9;
  12900: a5a3a6;
  12901: ffffff;
  12902: fbfef7;
  12903: fcfffb;
  12904: fcffff;
  12905: fcffff;
  12906: fcffff;
  12907: feffff;
  12908: ffffff;
  12909: fffeff;
  12910: fffcff;
  12911: fffdff;
  12912: fffeff;
  12913: ffffff;
  12914: ffffff;
  12915: ffffff;
  12916: ffffff;
  12917: ffffff;
  12918: ffffff;
  12919: ffffff;
  12920: ffffff;
  12921: ffffff;
  12922: ffffff;
  12923: ffffff;
  12924: ffffff;
  12925: ffffff;
  12926: ffffff;
  12927: ffffff;
  12928: ffffff;
  12929: ffffff;
  12930: ffffff;
  12931: ffffff;
  12932: ffffff;
  12933: ffffff;
  12934: ffffff;
  12935: ffffff;
  12936: ffffff;
  12937: ffffff;
  12938: ffffff;
  12939: ffffff;
  12940: ffffff;
  12941: ffffff;
  12942: ffffff;
  12943: ffffff;
  12944: fffeff;
  12945: fffeff;
  12946: ffffff;
  12947: feffff;
  12948: fefffd;
  12949: fefffd;
  12950: ffffff;
  12951: feffff;
  12952: fbfffd;
  12953: fcfffd;
  12954: fffeff;
  12955: d7d5d8;
  12956: a4aaaa;
  12957: c2a2a5;
  12958: e26a74;
  12959: d62736;
  12960: e31f2b;
  12961: eb1c24;
  12962: ee1b22;
  12963: ed1c21;
  12964: eb1d21;
  12965: ea1d22;
  12966: ea1c26;
  12967: e91d28;
  12968: e61b21;
  12969: eb2024;
  12970: e91a20;
  12971: e41b23;
  12972: db262f;
  12973: bf2932;
  12974: ffa7ab;
  12975: ffe7e8;
  12976: fff4f8;
  12977: fff8fa;
  12978: ffffff;
  12979: fcffff;
  12980: fffeff;
  12981: fefdff;
  12982: fbffff;
  12983: fffafb;
  12984: fff3f2;
  12985: ffdbd9;
  12986: fb9392;
  12987: f89997;
  12988: ffe9ec;
  12989: fadddf;
  12990: fff2ef;
  12991: ffece6;
  12992: ca5452;
  12993: c43030;
  12994: c42529;
  12995: c91c20;
  12996: ff4449;
  12997: d30b0e;
  12998: d00a0b;
  12999: e71f1f;
  13000: ea1e1f;
  13001: eb1d1f;
  13002: f01a22;
  13003: ee1a26;
  13004: e91d29;
  13005: e71e28;
  13006: ea1e21;
  13007: ed1c1f;
  13008: ed1a20;
  13009: ec1920;
  13010: ef1d26;
  13011: d72229;
  13012: aa2e30;
  13013: ffe1e3;
  13014: ffc3c7;
  13015: a41d23;
  13016: e1242b;
  13017: f61e29;
  13018: f11924;
  13019: f01825;
  13020: f31b2a;
  13021: ef1827;
  13022: ed1a23;
  13023: eb1c24;
  13024: e61e29;
  13025: b4222d;
  13026: c89aa4;
  13027: a5a8af;
  13028: a5a5a7;
  13029: fefefc;
  13030: fefff8;
  13031: fafff8;
  13032: fcffff;
  13033: fcffff;
  13034: feffff;
  13035: feffff;
  13036: ffffff;
  13037: fffeff;
  13038: fffdff;
  13039: fffdff;
  13040: fffeff;
  13041: ffffff;
  13042: ffffff;
  13043: ffffff;
  13044: ffffff;
  13045: ffffff;
  13046: ffffff;
  13047: ffffff;
  13048: ffffff;
  13049: ffffff;
  13050: ffffff;
  13051: ffffff;
  13052: ffffff;
  13053: ffffff;
  13054: ffffff;
  13055: ffffff;
  13056: ffffff;
  13057: ffffff;
  13058: ffffff;
  13059: ffffff;
  13060: ffffff;
  13061: ffffff;
  13062: ffffff;
  13063: ffffff;
  13064: ffffff;
  13065: ffffff;
  13066: ffffff;
  13067: ffffff;
  13068: ffffff;
  13069: ffffff;
  13070: ffffff;
  13071: ffffff;
  13072: ffffff;
  13073: ffffff;
  13074: feffff;
  13075: feffff;
  13076: fefffd;
  13077: fefffd;
  13078: fffeff;
  13079: ffffff;
  13080: f9fffd;
  13081: fbfffd;
  13082: fdfdfd;
  13083: fffcff;
  13084: aaa8ad;
  13085: bc9da3;
  13086: ef929c;
  13087: b5232e;
  13088: df212d;
  13089: ed1b28;
  13090: ed1b28;
  13091: ed1b24;
  13092: f01b1f;
  13093: f01b1f;
  13094: f01a22;
  13095: ed1b24;
  13096: ec1f24;
  13097: e61b1f;
  13098: f02127;
  13099: de262e;
  13100: a01a25;
  13101: ffd9e1;
  13102: fff0f0;
  13103: fff7f3;
  13104: fff2f1;
  13105: eacecd;
  13106: fff9f7;
  13107: fffffd;
  13108: fcfafd;
  13109: ffffff;
  13110: fefffb;
  13111: fffffb;
  13112: fff8f8;
  13113: fff5f9;
  13114: fff4fa;
  13115: fff3f8;
  13116: fffafd;
  13117: fff9fa;
  13118: ffe9e8;
  13119: 7e2e2d;
  13120: 972228;
  13121: b34047;
  13122: ffd4d4;
  13123: ffe4e6;
  13124: ff8b97;
  13125: ff535f;
  13126: ff9a9d;
  13127: d62326;
  13128: e71e28;
  13129: ed1b28;
  13130: eb1b28;
  13131: ea1c28;
  13132: ea1c29;
  13133: eb1c24;
  13134: f01c1b;
  13135: f11b1b;
  13136: f01a22;
  13137: f11e27;
  13138: ea1b21;
  13139: d52c2f;
  13140: db7d7d;
  13141: ffe3e2;
  13142: a12525;
  13143: bd1a1d;
  13144: e42127;
  13145: ed1a20;
  13146: ea181b;
  13147: ee1b21;
  13148: f21c28;
  13149: f01928;
  13150: ef1b27;
  13151: e22028;
  13152: c62a2e;
  13153: e57c81;
  13154: c7a3af;
  13155: aaa8b3;
  13156: edebee;
  13157: fffdfa;
  13158: fffffa;
  13159: fefffb;
  13160: fbffff;
  13161: fcffff;
  13162: feffff;
  13163: fffffd;
  13164: fffeff;
  13165: fffeff;
  13166: fffeff;
  13167: fffeff;
  13168: ffffff;
  13169: ffffff;
  13170: ffffff;
  13171: ffffff;
  13172: ffffff;
  13173: ffffff;
  13174: ffffff;
  13175: ffffff;
  13176: ffffff;
  13177: ffffff;
  13178: ffffff;
  13179: ffffff;
  13180: ffffff;
  13181: ffffff;
  13182: ffffff;
  13183: ffffff;
  13184: ffffff;
  13185: ffffff;
  13186: ffffff;
  13187: ffffff;
  13188: ffffff;
  13189: ffffff;
  13190: ffffff;
  13191: ffffff;
  13192: ffffff;
  13193: ffffff;
  13194: ffffff;
  13195: ffffff;
  13196: ffffff;
  13197: ffffff;
  13198: ffffff;
  13199: ffffff;
  13200: ffffff;
  13201: ffffff;
  13202: ffffff;
  13203: ffffff;
  13204: fffffd;
  13205: fffffd;
  13206: ffffff;
  13207: feffff;
  13208: fbfffd;
  13209: fafffc;
  13210: fffeff;
  13211: fffdff;
  13212: a49fa5;
  13213: baa3ab;
  13214: d6959d;
  13215: 9c272f;
  13216: d9232f;
  13217: ee1a28;
  13218: ed1a29;
  13219: ed1b28;
  13220: f11a1f;
  13221: f21a1d;
  13222: f21922;
  13223: f01a22;
  13224: e91a20;
  13225: eb1e23;
  13226: ea1b23;
  13227: cf252e;
  13228: ffb7be;
  13229: fff0f3;
  13230: fff6f6;
  13231: fff6f4;
  13232: fff1ef;
  13233: 976e6c;
  13234: fffafa;
  13235: fffffd;
  13236: fffeff;
  13237: fdfdfd;
  13238: fffffa;
  13239: fefffa;
  13240: ffffff;
  13241: fffcff;
  13242: fff7ff;
  13243: fff8ff;
  13244: fff7fd;
  13245: fff1f3;
  13246: ffefef;
  13247: ffc1c4;
  13248: ffa9af;
  13249: ffdfe6;
  13250: ffecee;
  13251: ffe8eb;
  13252: ab1828;
  13253: cd1b29;
  13254: ba1116;
  13255: ff6064;
  13256: e91d29;
  13257: ee1a29;
  13258: ea1c28;
  13259: e91d28;
  13260: ea1c28;
  13261: ed1b24;
  13262: f01b1d;
  13263: f11b1d;
  13264: f01a24;
  13265: ee1c27;
  13266: e81d21;
  13267: cc292c;
  13268: ffe0e0;
  13269: ffeaea;
  13270: ec8586;
  13271: ff8a8d;
  13272: b3171a;
  13273: c51518;
  13274: dc1a1b;
  13275: eb1d21;
  13276: ed1b24;
  13277: ee1a26;
  13278: ef1d28;
  13279: da222c;
  13280: b53035;
  13281: e49399;
  13282: bb9da9;
  13283: aca6b2;
  13284: fffdff;
  13285: fffefd;
  13286: fffffa;
  13287: fefffa;
  13288: fbffff;
  13289: fbffff;
  13290: fffffd;
  13291: fffefb;
  13292: fffffd;
  13293: fffeff;
  13294: fffeff;
  13295: fffeff;
  13296: ffffff;
  13297: ffffff;
  13298: ffffff;
  13299: ffffff;
  13300: ffffff;
  13301: ffffff;
  13302: ffffff;
  13303: ffffff;
  13304: ffffff;
  13305: ffffff;
  13306: ffffff;
  13307: ffffff;
  13308: ffffff;
  13309: ffffff;
  13310: ffffff;
  13311: ffffff;
  13312: ffffff;
  13313: ffffff;
  13314: ffffff;
  13315: ffffff;
  13316: ffffff;
  13317: ffffff;
  13318: ffffff;
  13319: ffffff;
  13320: ffffff;
  13321: ffffff;
  13322: ffffff;
  13323: ffffff;
  13324: ffffff;
  13325: ffffff;
  13326: ffffff;
  13327: ffffff;
  13328: fffffd;
  13329: fffeff;
  13330: fffeff;
  13331: fffeff;
  13332: fffdfd;
  13333: fffefd;
  13334: feffff;
  13335: fcffff;
  13336: f9fefa;
  13337: fffffd;
  13338: fffcfd;
  13339: fffcff;
  13340: c2c3c8;
  13341: aba2a7;
  13342: c09da1;
  13343: b65d61;
  13344: d1282f;
  13345: eb1924;
  13346: ec1c2a;
  13347: ec1a27;
  13348: f11a21;
  13349: f41c21;
  13350: ee1820;
  13351: ef1c23;
  13352: ee1d23;
  13353: ed1c22;
  13354: ed1b28;
  13355: bf1f29;
  13356: ffeeed;
  13357: fff9f6;
  13358: ffedf2;
  13359: ffeaf1;
  13360: ffd4d7;
  13361: d9a3a3;
  13362: fffafd;
  13363: fcffff;
  13364: fcfdff;
  13365: feffff;
  13366: fffffd;
  13367: fefffa;
  13368: fefffb;
  13369: fffcfa;
  13370: ffedf6;
  13371: ffebf4;
  13372: ffe7ed;
  13373: ffe8ec;
  13374: ffedf1;
  13375: ffecf1;
  13376: ffe1e4;
  13377: ffdddf;
  13378: ffe0e4;
  13379: ff8c94;
  13380: d5232f;
  13381: e8202a;
  13382: e11e24;
  13383: e11a1f;
  13384: ef1b27;
  13385: ee1621;
  13386: ed1c22;
  13387: ed1e24;
  13388: e81a24;
  13389: eb1c26;
  13390: ef1d26;
  13391: ec1a23;
  13392: eb1b28;
  13393: ea1e29;
  13394: e31e27;
  13395: b7161c;
  13396: ffe3e8;
  13397: ffedf1;
  13398: fff2f8;
  13399: ffeef1;
  13400: ffdfe2;
  13401: f07f81;
  13402: ff696f;
  13403: e4191f;
  13404: ea1e21;
  13405: ec1d23;
  13406: e91926;
  13407: d82332;
  13408: a0242f;
  13409: df96a1;
  13410: bc9ea8;
  13411: a7a0a8;
  13412: fffafe;
  13413: fffefd;
  13414: fffdfd;
  13415: fffefc;
  13416: fcffff;
  13417: fcffff;
  13418: fffefd;
  13419: fffefb;
  13420: fffffb;
  13421: ffffff;
  13422: fffeff;
  13423: fffeff;
  13424: ffffff;
  13425: ffffff;
  13426: ffffff;
  13427: ffffff;
  13428: ffffff;
  13429: ffffff;
  13430: ffffff;
  13431: ffffff;
  13432: ffffff;
  13433: ffffff;
  13434: ffffff;
  13435: ffffff;
  13436: ffffff;
  13437: ffffff;
  13438: ffffff;
  13439: ffffff;
  13440: ffffff;
  13441: ffffff;
  13442: ffffff;
  13443: ffffff;
  13444: ffffff;
  13445: ffffff;
  13446: ffffff;
  13447: ffffff;
  13448: ffffff;
  13449: ffffff;
  13450: ffffff;
  13451: ffffff;
  13452: ffffff;
  13453: ffffff;
  13454: ffffff;
  13455: ffffff;
  13456: fffffd;
  13457: fffffd;
  13458: ffffff;
  13459: fffeff;
  13460: fffcfd;
  13461: fffdfd;
  13462: fcffff;
  13463: fbffff;
  13464: ffffff;
  13465: fefaf9;
  13466: fffdff;
  13467: fffcff;
  13468: f9fcff;
  13469: acabb0;
  13470: b5a5a6;
  13471: d99596;
  13472: c5292c;
  13473: e81d23;
  13474: ee1e2b;
  13475: eb1723;
  13476: f21c26;
  13477: f11b25;
  13478: f31f2b;
  13479: ea1622;
  13480: eb181f;
  13481: f02129;
  13482: e01a27;
  13483: d03942;
  13484: ffecea;
  13485: fff1ef;
  13486: ffa7af;
  13487: 94202b;
  13488: 9e3438;
  13489: ffe9ea;
  13490: fff6f9;
  13491: fbffff;
  13492: fbffff;
  13493: fafeff;
  13494: feffff;
  13495: fdfdfd;
  13496: fbfdf8;
  13497: fff8f4;
  13498: ffdfe5;
  13499: 931f28;
  13500: a01e20;
  13501: b13638;
  13502: d7787e;
  13503: ffbec6;
  13504: aa2f32;
  13505: b02528;
  13506: af1e25;
  13507: cb2730;
  13508: e21f27;
  13509: f01d24;
  13510: ed1a21;
  13511: f31e24;
  13512: ef1820;
  13513: f41d25;
  13514: ef1c22;
  13515: ee1d22;
  13516: e81923;
  13517: eb1b28;
  13518: ec1c29;
  13519: ec1d27;
  13520: e71822;
  13521: e22029;
  13522: bc151d;
  13523: ffb0b6;
  13524: ffe0e6;
  13525: 762d34;
  13526: ffe7f1;
  13527: ffeef6;
  13528: ffe8ed;
  13529: ff979b;
  13530: c81f26;
  13531: e61f26;
  13532: ea1f23;
  13533: eb1e23;
  13534: e81923;
  13535: d52935;
  13536: d1707b;
  13537: ca9ba3;
  13538: b4a1a5;
  13539: ddd8dc;
  13540: fffeff;
  13541: fffdfe;
  13542: fffafc;
  13543: fffeff;
  13544: fcffff;
  13545: fcffff;
  13546: fffefd;
  13547: fffefb;
  13548: fffffb;
  13549: fffffd;
  13550: fffeff;
  13551: fffeff;
  13552: ffffff;
  13553: ffffff;
  13554: ffffff;
  13555: ffffff;
  13556: ffffff;
  13557: ffffff;
  13558: ffffff;
  13559: ffffff;
  13560: ffffff;
  13561: ffffff;
  13562: ffffff;
  13563: ffffff;
  13564: ffffff;
  13565: ffffff;
  13566: ffffff;
  13567: ffffff;
  13568: ffffff;
  13569: ffffff;
  13570: ffffff;
  13571: ffffff;
  13572: ffffff;
  13573: ffffff;
  13574: ffffff;
  13575: ffffff;
  13576: ffffff;
  13577: ffffff;
  13578: ffffff;
  13579: ffffff;
  13580: ffffff;
  13581: ffffff;
  13582: ffffff;
  13583: ffffff;
  13584: fffffd;
  13585: fffffd;
  13586: feffff;
  13587: ffffff;
  13588: fffdfd;
  13589: fffefd;
  13590: fcffff;
  13591: fcffff;
  13592: fffeff;
  13593: fffcff;
  13594: fffafb;
  13595: fdf9fa;
  13596: fbffff;
  13597: e2e6e9;
  13598: aba7a6;
  13599: d59f9f;
  13600: ad1e20;
  13601: e52427;
  13602: e8191f;
  13603: f01a24;
  13604: ee1a28;
  13605: ee1b2a;
  13606: e41424;
  13607: f21f2e;
  13608: f11b27;
  13609: e9212b;
  13610: d2272f;
  13611: ff7d81;
  13612: ffd9da;
  13613: ff878a;
  13614: bc1821;
  13615: d42932;
  13616: c42f35;
  13617: ffdfe2;
  13618: fff3f4;
  13619: fcffff;
  13620: f9ffff;
  13621: f5fefd;
  13622: feffff;
  13623: ffffff;
  13624: fcfffd;
  13625: fff2ef;
  13626: de6264;
  13627: d6282a;
  13628: e12621;
  13629: da1e1c;
  13630: d11c25;
  13631: c00e1a;
  13632: d61e28;
  13633: e42b33;
  13634: d61d25;
  13635: e1242a;
  13636: ea2127;
  13637: eb1a20;
  13638: f01921;
  13639: f31a22;
  13640: f31c21;
  13641: ef1a1e;
  13642: ef1a20;
  13643: ea171e;
  13644: f2202d;
  13645: ec1928;
  13646: ed1b28;
  13647: ea1821;
  13648: f11e24;
  13649: d8282a;
  13650: ea7c7f;
  13651: ffe5e8;
  13652: ffdde1;
  13653: ad3139;
  13654: b02133;
  13655: fb6070;
  13656: ee4852;
  13657: c21117;
  13658: e02329;
  13659: e52029;
  13660: ea1e29;
  13661: e81825;
  13662: ee1d23;
  13663: c8292d;
  13664: d49c9d;
  13665: a8a7a5;
  13666: a2a7a1;
  13667: fcfffd;
  13668: fffeff;
  13669: fffdff;
  13670: fffeff;
  13671: fbfbfd;
  13672: fbffff;
  13673: fbffff;
  13674: fffffd;
  13675: fffffb;
  13676: fffffb;
  13677: fffffd;
  13678: fffeff;
  13679: feffff;
  13680: ffffff;
  13681: ffffff;
  13682: ffffff;
  13683: ffffff;
  13684: ffffff;
  13685: ffffff;
  13686: ffffff;
  13687: ffffff;
  13688: ffffff;
  13689: ffffff;
  13690: ffffff;
  13691: ffffff;
  13692: ffffff;
  13693: ffffff;
  13694: ffffff;
  13695: ffffff;
  13696: ffffff;
  13697: ffffff;
  13698: ffffff;
  13699: ffffff;
  13700: ffffff;
  13701: ffffff;
  13702: ffffff;
  13703: ffffff;
  13704: ffffff;
  13705: ffffff;
  13706: ffffff;
  13707: ffffff;
  13708: ffffff;
  13709: ffffff;
  13710: ffffff;
  13711: fffffd;
  13712: fffffd;
  13713: fefffd;
  13714: fcffff;
  13715: fcffff;
  13716: fffffd;
  13717: fffffd;
  13718: fcffff;
  13719: fcffff;
  13720: fffdff;
  13721: fffcff;
  13722: fffdfd;
  13723: fffdfe;
  13724: fcffff;
  13725: fcffff;
  13726: 9f9fa1;
  13727: c59e9f;
  13728: ea7c7d;
  13729: b71415;
  13730: e92529;
  13731: f41e26;
  13732: ec1a27;
  13733: ec1c2c;
  13734: eb1b2b;
  13735: e91927;
  13736: eb1924;
  13737: e21d24;
  13738: d4292f;
  13739: ff9b9f;
  13740: c5262b;
  13741: d4272d;
  13742: e9202a;
  13743: e91b27;
  13744: d81e29;
  13745: ed646c;
  13746: ffedef;
  13747: fff8f9;
  13748: fcfefd;
  13749: fbffff;
  13750: fbf9fa;
  13751: fffeff;
  13752: fbfdfc;
  13753: fff0f1;
  13754: ad1e20;
  13755: e62223;
  13756: eb1a16;
  13757: f41a19;
  13758: f51923;
  13759: f21826;
  13760: ee1824;
  13761: ef1d26;
  13762: ea1b21;
  13763: ec1d23;
  13764: e81921;
  13765: ef1d26;
  13766: f31a25;
  13767: ee151e;
  13768: ed181c;
  13769: ef1d20;
  13770: ee1b22;
  13771: f01c28;
  13772: eb1726;
  13773: eb1827;
  13774: ef1f2c;
  13775: ea1f25;
  13776: df1e1f;
  13777: af1b1b;
  13778: ffe9e9;
  13779: ffeeed;
  13780: ff9293;
  13781: ca2b30;
  13782: e32738;
  13783: e91a2c;
  13784: f11d29;
  13785: ed1a21;
  13786: e61b1f;
  13787: ec2029;
  13788: e91927;
  13789: e71a29;
  13790: e11e26;
  13791: bb3033;
  13792: c3a09e;
  13793: 99a8a3;
  13794: f7fffb;
  13795: f9fffb;
  13796: fafcfb;
  13797: ffffff;
  13798: fcfcfe;
  13799: feffff;
  13800: feffff;
  13801: fcffff;
  13802: feffff;
  13803: fffffd;
  13804: fffffb;
  13805: fffffd;
  13806: fffeff;
  13807: fffeff;
  13808: ffffff;
  13809: ffffff;
  13810: ffffff;
  13811: ffffff;
  13812: ffffff;
  13813: ffffff;
  13814: ffffff;
  13815: ffffff;
  13816: ffffff;
  13817: ffffff;
  13818: ffffff;
  13819: ffffff;
  13820: ffffff;
  13821: ffffff;
  13822: ffffff;
  13823: ffffff;
  13824: ffffff;
  13825: ffffff;
  13826: ffffff;
  13827: ffffff;
  13828: ffffff;
  13829: ffffff;
  13830: ffffff;
  13831: ffffff;
  13832: ffffff;
  13833: ffffff;
  13834: ffffff;
  13835: ffffff;
  13836: ffffff;
  13837: ffffff;
  13838: ffffff;
  13839: fefffd;
  13840: fefffd;
  13841: fcfffd;
  13842: fbffff;
  13843: fcffff;
  13844: feffff;
  13845: fffffd;
  13846: feffff;
  13847: ffffff;
  13848: fffdff;
  13849: fffdfe;
  13850: fffffd;
  13851: fffffd;
  13852: ffffff;
  13853: fbfaff;
  13854: aaa8ad;
  13855: baa4a7;
  13856: d99d9d;
  13857: ba494b;
  13858: ce2022;
  13859: ea1b21;
  13860: e91a24;
  13861: e91926;
  13862: f0202d;
  13863: ea1c26;
  13864: ea1f22;
  13865: e71f22;
  13866: df1a23;
  13867: e8262f;
  13868: e5262e;
  13869: e5222a;
  13870: e91720;
  13871: f31b28;
  13872: f21b2d;
  13873: c31222;
  13874: f18990;
  13875: ffeff2;
  13876: fffafb;
  13877: fefcfd;
  13878: fffdfb;
  13879: fffdfb;
  13880: fffdff;
  13881: ffeff6;
  13882: be3b40;
  13883: d92226;
  13884: e81f25;
  13885: f11e25;
  13886: ec1a27;
  13887: ed1925;
  13888: ee1b22;
  13889: eb191c;
  13890: f41f23;
  13891: f52026;
  13892: ed1723;
  13893: f11a29;
  13894: f11b27;
  13895: f11b25;
  13896: ee1d22;
  13897: e91a20;
  13898: ed1e28;
  13899: ea1825;
  13900: f21e2d;
  13901: ed1b28;
  13902: e61822;
  13903: de2429;
  13904: c92d30;
  13905: ffbaba;
  13906: fff2f0;
  13907: ffedec;
  13908: ea6566;
  13909: d72326;
  13910: e11d27;
  13911: ea1c28;
  13912: f11b25;
  13913: f11a22;
  13914: f21b20;
  13915: f01920;
  13916: eb1725;
  13917: e82231;
  13918: c11724;
  13919: e06c75;
  13920: c29fa3;
  13921: a5abab;
  13922: fafffb;
  13923: fafffb;
  13924: fbffff;
  13925: f9ffff;
  13926: feffff;
  13927: ffffff;
  13928: fffdff;
  13929: fffeff;
  13930: feffff;
  13931: fcffff;
  13932: fefffb;
  13933: fffffb;
  13934: fffeff;
  13935: fffeff;
  13936: fffeff;
  13937: ffffff;
  13938: ffffff;
  13939: ffffff;
  13940: ffffff;
  13941: ffffff;
  13942: ffffff;
  13943: ffffff;
  13944: ffffff;
  13945: ffffff;
  13946: ffffff;
  13947: ffffff;
  13948: ffffff;
  13949: ffffff;
  13950: ffffff;
  13951: ffffff;
  13952: ffffff;
  13953: ffffff;
  13954: ffffff;
  13955: ffffff;
  13956: ffffff;
  13957: ffffff;
  13958: ffffff;
  13959: ffffff;
  13960: ffffff;
  13961: ffffff;
  13962: ffffff;
  13963: ffffff;
  13964: ffffff;
  13965: ffffff;
  13966: ffffff;
  13967: fefffd;
  13968: fcfffb;
  13969: fcfffd;
  13970: feffff;
  13971: ffffff;
  13972: ffffff;
  13973: ffffff;
  13974: ffffff;
  13975: fffeff;
  13976: fefeff;
  13977: ffffff;
  13978: fafcf9;
  13979: fefffd;
  13980: fdfdff;
  13981: fffeff;
  13982: dbd9de;
  13983: aa9fa3;
  13984: bc9fa3;
  13985: d38487;
  13986: d02f34;
  13987: e91e24;
  13988: ea1b23;
  13989: ed1b24;
  13990: ea1b25;
  13991: e81a24;
  13992: e81d20;
  13993: ec2023;
  13994: f11e27;
  13995: f11d29;
  13996: e5161e;
  13997: ee1f27;
  13998: ec1922;
  13999: f01823;
  14000: f51628;
  14001: de1829;
  14002: ab1a21;
  14003: ffd5d8;
  14004: fff3f4;
  14005: fffcfa;
  14006: fffcf8;
  14007: fffcfa;
  14008: fffdff;
  14009: fff1fb;
  14010: f9868b;
  14011: ce292f;
  14012: e3212a;
  14013: e51723;
  14014: ec1c29;
  14015: eb1924;
  14016: ee1d23;
  14017: f11e24;
  14018: ed181c;
  14019: ed181e;
  14020: f01825;
  14021: f01928;
  14022: ef1b27;
  14023: ea1823;
  14024: eb1e25;
  14025: ec1f26;
  14026: ea1c28;
  14027: ea1825;
  14028: ef1827;
  14029: ec1e28;
  14030: df2228;
  14031: c62a2d;
  14032: 932226;
  14033: ffeaed;
  14034: fff8f8;
  14035: fff0f1;
  14036: b32124;
  14037: e62226;
  14038: e91e24;
  14039: eb1c22;
  14040: ed1721;
  14041: f41d25;
  14042: f31b20;
  14043: f0171f;
  14044: f21a27;
  14045: df2533;
  14046: b83944;
  14047: e0949e;
  14048: bba2a6;
  14049: 9f9fa1;
  14050: fffeff;
  14051: ffffff;
  14052: fbffff;
  14053: f9ffff;
  14054: fbfdfc;
  14055: fefcfd;
  14056: fffdff;
  14057: fffdff;
  14058: ffffff;
  14059: feffff;
  14060: fefffd;
  14061: fffffb;
  14062: fffeff;
  14063: fffdff;
  14064: fffeff;
  14065: ffffff;
  14066: ffffff;
  14067: ffffff;
  14068: ffffff;
  14069: ffffff;
  14070: ffffff;
  14071: ffffff;
  14072: ffffff;
  14073: ffffff;
  14074: ffffff;
  14075: ffffff;
  14076: ffffff;
  14077: ffffff;
  14078: ffffff;
  14079: ffffff;
  14080: ffffff;
  14081: ffffff;
  14082: ffffff;
  14083: ffffff;
  14084: ffffff;
  14085: ffffff;
  14086: ffffff;
  14087: ffffff;
  14088: ffffff;
  14089: ffffff;
  14090: ffffff;
  14091: ffffff;
  14092: ffffff;
  14093: ffffff;
  14094: ffffff;
  14095: fefffd;
  14096: fcfffb;
  14097: fefffb;
  14098: fffdff;
  14099: fffcff;
  14100: fffdff;
  14101: fffeff;
  14102: feffff;
  14103: fcffff;
  14104: fbffff;
  14105: faffff;
  14106: fcfffb;
  14107: fcfffb;
  14108: fbffff;
  14109: fafeff;
  14110: fffeff;
  14111: aba4ab;
  14112: b2a5ac;
  14113: d3969d;
  14114: b41a22;
  14115: ec1e28;
  14116: ee191f;
  14117: f61f27;
  14118: ed1b28;
  14119: ea1a28;
  14120: ee1c25;
  14121: ef1921;
  14122: ef1820;
  14123: ed171f;
  14124: f11f28;
  14125: e81a24;
  14126: eb1d27;
  14127: ea1d24;
  14128: eb1922;
  14129: ed2228;
  14130: e1272c;
  14131: bf3032;
  14132: b4706d;
  14133: fff9f3;
  14134: fff9f3;
  14135: fffefb;
  14136: fdfcff;
  14137: fff4fd;
  14138: ffe2ea;
  14139: ad1a22;
  14140: da222a;
  14141: ec1f26;
  14142: ec1922;
  14143: f11d29;
  14144: e91926;
  14145: ed1e28;
  14146: ec1920;
  14147: f21f25;
  14148: f42329;
  14149: eb1922;
  14150: ed1b24;
  14151: ee1f27;
  14152: e91d26;
  14153: e91d26;
  14154: ea1b25;
  14155: ef1c25;
  14156: f41b24;
  14157: e52125;
  14158: b5191a;
  14159: ff9b9c;
  14160: ffedef;
  14161: fff6fa;
  14162: fff8fd;
  14163: ffe8ee;
  14164: b61b23;
  14165: eb1e25;
  14166: ec1920;
  14167: ef1c22;
  14168: ed1c22;
  14169: eb1c24;
  14170: ec1a23;
  14171: f21e2a;
  14172: f11926;
  14173: c51b26;
  14174: df989e;
  14175: b5a5a8;
  14176: b0aaaa;
  14177: fefefe;
  14178: fffeff;
  14179: fbfaff;
  14180: fdfeff;
  14181: feffff;
  14182: fffefc;
  14183: fffffd;
  14184: ffffff;
  14185: ffffff;
  14186: fffeff;
  14187: fffeff;
  14188: ffffff;
  14189: fffffd;
  14190: fffffd;
  14191: fffeff;
  14192: fffeff;
  14193: ffffff;
  14194: ffffff;
  14195: ffffff;
  14196: ffffff;
  14197: ffffff;
  14198: ffffff;
  14199: ffffff;
  14200: ffffff;
  14201: ffffff;
  14202: ffffff;
  14203: ffffff;
  14204: ffffff;
  14205: ffffff;
  14206: ffffff;
  14207: ffffff;
  14208: ffffff;
  14209: ffffff;
  14210: ffffff;
  14211: ffffff;
  14212: ffffff;
  14213: ffffff;
  14214: ffffff;
  14215: ffffff;
  14216: ffffff;
  14217: ffffff;
  14218: ffffff;
  14219: ffffff;
  14220: ffffff;
  14221: ffffff;
  14222: ffffff;
  14223: fffffd;
  14224: fefffb;
  14225: fffffd;
  14226: fffcff;
  14227: fffcff;
  14228: fffdff;
  14229: fffeff;
  14230: feffff;
  14231: fcffff;
  14232: f9ffff;
  14233: f9ffff;
  14234: fafffb;
  14235: fcfffb;
  14236: fbffff;
  14237: fcffff;
  14238: fefdff;
  14239: a8a6ab;
  14240: ada8af;
  14241: c798a0;
  14242: d8525b;
  14243: dc212a;
  14244: ea1b23;
  14245: ef1820;
  14246: ee1c29;
  14247: ec1c29;
  14248: ed1b26;
  14249: f01a24;
  14250: f11a22;
  14251: f41d25;
  14252: ea1821;
  14253: eb1d27;
  14254: eb1d27;
  14255: e81d23;
  14256: eb2024;
  14257: de2022;
  14258: d3292c;
  14259: a41f22;
  14260: ffc6c2;
  14261: fff6f1;
  14262: fffaf5;
  14263: fffefb;
  14264: fffeff;
  14265: fff7fc;
  14266: ffebf1;
  14267: ca5b61;
  14268: cd2a2f;
  14269: e32026;
  14270: ef1d26;
  14271: ee1824;
  14272: ed1a29;
  14273: ea1a28;
  14274: ef1c25;
  14275: ed1a21;
  14276: e91a20;
  14277: eb1c24;
  14278: ef1e24;
  14279: ec1a23;
  14280: e81c25;
  14281: e41f28;
  14282: e02329;
  14283: d82328;
  14284: cc2328;
  14285: aa191c;
  14286: ec8485;
  14287: ffebec;
  14288: fff7f8;
  14289: fff8fb;
  14290: fff2fa;
  14291: ffe3ed;
  14292: cc222d;
  14293: eb1922;
  14294: f11b23;
  14295: ef1921;
  14296: eb1a20;
  14297: ea1b23;
  14298: e81a24;
  14299: e61d27;
  14300: e31f29;
  14301: ad2028;
  14302: caa3a8;
  14303: a0a8aa;
  14304: a4a6a5;
  14305: ffffff;
  14306: fffeff;
  14307: fffeff;
  14308: ffffff;
  14309: fffeff;
  14310: fffefd;
  14311: fffefa;
  14312: feffff;
  14313: feffff;
  14314: fffeff;
  14315: fffeff;
  14316: ffffff;
  14317: fffffd;
  14318: fffffd;
  14319: fffffd;
  14320: ffffff;
  14321: ffffff;
  14322: ffffff;
  14323: ffffff;
  14324: ffffff;
  14325: ffffff;
  14326: ffffff;
  14327: ffffff;
  14328: ffffff;
  14329: ffffff;
  14330: ffffff;
  14331: ffffff;
  14332: ffffff;
  14333: ffffff;
  14334: ffffff;
  14335: ffffff;
  14336: ffffff;
  14337: ffffff;
  14338: ffffff;
  14339: ffffff;
  14340: ffffff;
  14341: ffffff;
  14342: ffffff;
  14343: ffffff;
  14344: ffffff;
  14345: ffffff;
  14346: ffffff;
  14347: ffffff;
  14348: ffffff;
  14349: ffffff;
  14350: ffffff;
  14351: ffffff;
  14352: fffffd;
  14353: ffffff;
  14354: fffeff;
  14355: fffeff;
  14356: fffeff;
  14357: ffffff;
  14358: ffffff;
  14359: feffff;
  14360: feffff;
  14361: feffff;
  14362: feffff;
  14363: fefffd;
  14364: feffff;
  14365: feffff;
  14366: ffffff;
  14367: fffeff;
  14368: ada8ae;
  14369: c49fa7;
  14370: ee8d96;
  14371: b8222b;
  14372: df1f2a;
  14373: ee1b24;
  14374: ed1a21;
  14375: ef1e24;
  14376: e91d26;
  14377: ea1c26;
  14378: f01a22;
  14379: f11a22;
  14380: ed1b24;
  14381: eb1c26;
  14382: ed1b24;
  14383: eb1c24;
  14384: e71e24;
  14385: b9141a;
  14386: f28d95;
  14387: ffecf1;
  14388: ffeceb;
  14389: ffebe9;
  14390: fff8f6;
  14391: fffbf9;
  14392: fffdfd;
  14393: fffbfc;
  14394: fff8fb;
  14395: ffecef;
  14396: e46262;
  14397: d32326;
  14398: eb1f2a;
  14399: f11928;
  14400: ee1726;
  14401: f01c2a;
  14402: ef1722;
  14403: f11b23;
  14404: eb1c26;
  14405: ec1d27;
  14406: ed1a23;
  14407: ed1a21;
  14408: f01f25;
  14409: d21519;
  14410: b31718;
  14411: d86464;
  14412: ffe7eb;
  14413: fff1f6;
  14414: fff4f8;
  14415: fff3f6;
  14416: fffbf9;
  14417: fff4f3;
  14418: ffd6e0;
  14419: ba2332;
  14420: e42632;
  14421: e81621;
  14422: ee1a28;
  14423: f01928;
  14424: f01a24;
  14425: ee1b22;
  14426: f01f24;
  14427: dd2024;
  14428: c32d2f;
  14429: e68688;
  14430: bc9da2;
  14431: a8a9ad;
  14432: dbdbdd;
  14433: fefefe;
  14434: ffffff;
  14435: fcfcfe;
  14436: ffffff;
  14437: ffffff;
  14438: fefcfd;
  14439: fffffd;
  14440: ffffff;
  14441: ffffff;
  14442: ffffff;
  14443: ffffff;
  14444: ffffff;
  14445: ffffff;
  14446: ffffff;
  14447: ffffff;
  14448: ffffff;
  14449: ffffff;
  14450: ffffff;
  14451: ffffff;
  14452: ffffff;
  14453: ffffff;
  14454: ffffff;
  14455: ffffff;
  14456: ffffff;
  14457: ffffff;
  14458: ffffff;
  14459: ffffff;
  14460: ffffff;
  14461: ffffff;
  14462: ffffff;
  14463: ffffff;
  14464: ffffff;
  14465: ffffff;
  14466: ffffff;
  14467: ffffff;
  14468: ffffff;
  14469: ffffff;
  14470: ffffff;
  14471: ffffff;
  14472: ffffff;
  14473: ffffff;
  14474: ffffff;
  14475: ffffff;
  14476: ffffff;
  14477: ffffff;
  14478: ffffff;
  14479: ffffff;
  14480: ffffff;
  14481: ffffff;
  14482: ffffff;
  14483: ffffff;
  14484: ffffff;
  14485: ffffff;
  14486: ffffff;
  14487: ffffff;
  14488: ffffff;
  14489: ffffff;
  14490: ffffff;
  14491: ffffff;
  14492: ffffff;
  14493: ffffff;
  14494: ffffff;
  14495: fffeff;
  14496: a6a1a7;
  14497: b39ca2;
  14498: cf969c;
  14499: a4393f;
  14500: d4222e;
  14501: ec1826;
  14502: f11b23;
  14503: ec1b20;
  14504: e91e24;
  14505: ea1c26;
  14506: f01a24;
  14507: f01a24;
  14508: ed1b26;
  14509: eb1c26;
  14510: ed1b24;
  14511: e91e24;
  14512: da2126;
  14513: fd7279;
  14514: ffeaf2;
  14515: fff4fb;
  14516: ffebed;
  14517: a25c5c;
  14518: deaaac;
  14519: fff4f5;
  14520: fffcfa;
  14521: fffffd;
  14522: fdfeff;
  14523: fff4f7;
  14524: ffe7e6;
  14525: b63a3a;
  14526: ae171e;
  14527: c9252e;
  14528: cf2933;
  14529: d02931;
  14530: d52a32;
  14531: cf242a;
  14532: cd2a2f;
  14533: cc2d32;
  14534: c9282e;
  14535: c42329;
  14536: b4151a;
  14537: f26669;
  14538: ffa6a6;
  14539: ffeae9;
  14540: fff7fa;
  14541: fff9fd;
  14542: fff6f8;
  14543: fff2f3;
  14544: fff0ef;
  14545: ffe4e7;
  14546: b11b26;
  14547: d51927;
  14548: e71e28;
  14549: f5232e;
  14550: ec1826;
  14551: f21b2a;
  14552: ed1925;
  14553: ec1920;
  14554: ec191f;
  14555: d92629;
  14556: 9f3130;
  14557: d49a99;
  14558: baa5aa;
  14559: a8a6ab;
  14560: fafafc;
  14561: ffffff;
  14562: fcfcfc;
  14563: fcfcfc;
  14564: ffffff;
  14565: ffffff;
  14566: ffffff;
  14567: ffffff;
  14568: ffffff;
  14569: ffffff;
  14570: ffffff;
  14571: ffffff;
  14572: ffffff;
  14573: ffffff;
  14574: ffffff;
  14575: ffffff;
  14576: ffffff;
  14577: ffffff;
  14578: ffffff;
  14579: ffffff;
  14580: ffffff;
  14581: ffffff;
  14582: ffffff;
  14583: ffffff;
  14584: ffffff;
  14585: ffffff;
  14586: ffffff;
  14587: ffffff;
  14588: ffffff;
  14589: ffffff;
  14590: ffffff;
  14591: ffffff;
  14592: ffffff;
  14593: ffffff;
  14594: ffffff;
  14595: ffffff;
  14596: ffffff;
  14597: ffffff;
  14598: ffffff;
  14599: ffffff;
  14600: ffffff;
  14601: ffffff;
  14602: ffffff;
  14603: ffffff;
  14604: ffffff;
  14605: ffffff;
  14606: ffffff;
  14607: ffffff;
  14608: ffffff;
  14609: ffffff;
  14610: ffffff;
  14611: ffffff;
  14612: ffffff;
  14613: ffffff;
  14614: ffffff;
  14615: ffffff;
  14616: ffffff;
  14617: ffffff;
  14618: ffffff;
  14619: ffffff;
  14620: ffffff;
  14621: ffffff;
  14622: ffffff;
  14623: fffeff;
  14624: f0ebef;
  14625: ada7a7;
  14626: b0a8a5;
  14627: d39797;
  14628: ce2834;
  14629: f31b2a;
  14630: f21c28;
  14631: ed1a23;
  14632: ed1c22;
  14633: ed1b24;
  14634: f01a26;
  14635: f01928;
  14636: ed1b28;
  14637: eb1c26;
  14638: ea1d22;
  14639: df2226;
  14640: b3181c;
  14641: ffdee3;
  14642: ffeff6;
  14643: ffedf4;
  14644: ffc8ce;
  14645: a92b2e;
  14646: 892428;
  14647: ffebed;
  14648: fff8f6;
  14649: fbfbf9;
  14650: fbffff;
  14651: fdfbff;
  14652: fff8fa;
  14653: fff4f3;
  14654: fff1ef;
  14655: ffedeb;
  14656: ffcccc;
  14657: f1a9aa;
  14658: f3a1a3;
  14659: f6a5a4;
  14660: f6afa9;
  14661: ffcec7;
  14662: ffe9e8;
  14663: ffeef1;
  14664: ffeef3;
  14665: ffeff4;
  14666: ffeff3;
  14667: fff4f8;
  14668: fff5fa;
  14669: ffeff2;
  14670: ffd2d0;
  14671: f17776;
  14672: af1a20;
  14673: ce232c;
  14674: e1242b;
  14675: e71e24;
  14676: e8171d;
  14677: ee1820;
  14678: f21a25;
  14679: ee1824;
  14680: ec1d25;
  14681: ea1b23;
  14682: f01d26;
  14683: d22831;
  14684: c4787a;
  14685: bda4a7;
  14686: a79da5;
  14687: bdbcc2;
  14688: ffffff;
  14689: ffffff;
  14690: fdfdfd;
  14691: ffffff;
  14692: ffffff;
  14693: fdfdfd;
  14694: ffffff;
  14695: ffffff;
  14696: ffffff;
  14697: ffffff;
  14698: ffffff;
  14699: ffffff;
  14700: ffffff;
  14701: ffffff;
  14702: ffffff;
  14703: ffffff;
  14704: ffffff;
  14705: ffffff;
  14706: ffffff;
  14707: ffffff;
  14708: ffffff;
  14709: ffffff;
  14710: ffffff;
  14711: ffffff;
  14712: ffffff;
  14713: ffffff;
  14714: ffffff;
  14715: ffffff;
  14716: ffffff;
  14717: ffffff;
  14718: ffffff;
  14719: ffffff;
  14720: ffffff;
  14721: ffffff;
  14722: ffffff;
  14723: ffffff;
  14724: ffffff;
  14725: ffffff;
  14726: ffffff;
  14727: ffffff;
  14728: ffffff;
  14729: ffffff;
  14730: ffffff;
  14731: ffffff;
  14732: ffffff;
  14733: ffffff;
  14734: ffffff;
  14735: ffffff;
  14736: ffffff;
  14737: ffffff;
  14738: ffffff;
  14739: ffffff;
  14740: ffffff;
  14741: ffffff;
  14742: ffffff;
  14743: ffffff;
  14744: ffffff;
  14745: ffffff;
  14746: ffffff;
  14747: ffffff;
  14748: ffffff;
  14749: ffffff;
  14750: ffffff;
  14751: ffffff;
  14752: fffeff;
  14753: c5c9c8;
  14754: 9daca7;
  14755: bfa09e;
  14756: aa222c;
  14757: e01d2b;
  14758: e81a26;
  14759: ee1b24;
  14760: f01a22;
  14761: ee1b22;
  14762: ee1a28;
  14763: ed1a29;
  14764: ed1a29;
  14765: eb1c26;
  14766: ea1d22;
  14767: d92526;
  14768: a81e1e;
  14769: ffdbdf;
  14770: ffe7ec;
  14771: ffa7ad;
  14772: b11a1f;
  14773: d72e33;
  14774: b8222b;
  14775: ffd7db;
  14776: ffecec;
  14777: fff8f5;
  14778: fffeff;
  14779: f9ffff;
  14780: f8fdff;
  14781: fafeff;
  14782: fefefc;
  14783: fffef9;
  14784: fffcf8;
  14785: fffaf6;
  14786: fff5f4;
  14787: fff8f4;
  14788: fff7f0;
  14789: fffdf4;
  14790: fffffa;
  14791: ffffff;
  14792: fdfcff;
  14793: fffbff;
  14794: fff9fc;
  14795: fff7fa;
  14796: fff3fa;
  14797: bf7a7d;
  14798: a22624;
  14799: c71f1e;
  14800: e51922;
  14801: f11924;
  14802: ec1b20;
  14803: e91b1f;
  14804: f21f25;
  14805: f11b23;
  14806: ee171f;
  14807: f21c24;
  14808: f01f25;
  14809: eb1e25;
  14810: e31925;
  14811: c22a36;
  14812: d19aa0;
  14813: aba6aa;
  14814: a6a4a9;
  14815: edecf1;
  14816: fbfbfd;
  14817: fdfdfd;
  14818: ffffff;
  14819: ffffff;
  14820: fdfdfd;
  14821: fefefe;
  14822: ffffff;
  14823: fefefe;
  14824: ffffff;
  14825: ffffff;
  14826: ffffff;
  14827: ffffff;
  14828: ffffff;
  14829: ffffff;
  14830: ffffff;
  14831: ffffff;
  14832: ffffff;
  14833: ffffff;
  14834: ffffff;
  14835: ffffff;
  14836: ffffff;
  14837: ffffff;
  14838: ffffff;
  14839: ffffff;
  14840: ffffff;
  14841: ffffff;
  14842: ffffff;
  14843: ffffff;
  14844: ffffff;
  14845: ffffff;
  14846: ffffff;
  14847: ffffff;
  14848: ffffff;
  14849: ffffff;
  14850: ffffff;
  14851: ffffff;
  14852: ffffff;
  14853: ffffff;
  14854: ffffff;
  14855: ffffff;
  14856: ffffff;
  14857: ffffff;
  14858: ffffff;
  14859: ffffff;
  14860: ffffff;
  14861: ffffff;
  14862: ffffff;
  14863: ffffff;
  14864: ffffff;
  14865: ffffff;
  14866: ffffff;
  14867: ffffff;
  14868: ffffff;
  14869: ffffff;
  14870: ffffff;
  14871: ffffff;
  14872: ffffff;
  14873: ffffff;
  14874: ffffff;
  14875: ffffff;
  14876: ffffff;
  14877: ffffff;
  14878: ffffff;
  14879: feffff;
  14880: fcffff;
  14881: f9ffff;
  14882: a2aeae;
  14883: b8a4a5;
  14884: c0696f;
  14885: b3232c;
  14886: dd222b;
  14887: ed1a23;
  14888: f11a22;
  14889: f01a24;
  14890: ed1b28;
  14891: eb1b29;
  14892: ee1a29;
  14893: ed1b28;
  14894: ea1d22;
  14895: d92524;
  14896: eb6562;
  14897: ffd1ce;
  14898: ff7376;
  14899: b61014;
  14900: dd2328;
  14901: e11c23;
  14902: e9212e;
  14903: c0121c;
  14904: ff888a;
  14905: ffc7c4;
  14906: ffede9;
  14907: fafffb;
  14908: ffffff;
  14909: fffeff;
  14910: fffeff;
  14911: fffdff;
  14912: fffafb;
  14913: fffcfd;
  14914: fffdfc;
  14915: fffffd;
  14916: fffefb;
  14917: fffdfa;
  14918: fffefa;
  14919: fcfcfa;
  14920: fcffff;
  14921: fffcfe;
  14922: fff5f3;
  14923: fff0ef;
  14924: fff1f8;
  14925: a85c66;
  14926: a51c23;
  14927: db2429;
  14928: f32026;
  14929: f61b1f;
  14930: ed1b1c;
  14931: eb1f22;
  14932: e61920;
  14933: ec1d27;
  14934: ed1a21;
  14935: f01b21;
  14936: eb141b;
  14937: ea1c26;
  14938: dc2331;
  14939: a21f2d;
  14940: cca1aa;
  14941: a6a5aa;
  14942: cecccf;
  14943: fefcfd;
  14944: fefefe;
  14945: ffffff;
  14946: ffffff;
  14947: fdfdfd;
  14948: fefefe;
  14949: ffffff;
  14950: ffffff;
  14951: fefefe;
  14952: ffffff;
  14953: ffffff;
  14954: ffffff;
  14955: ffffff;
  14956: ffffff;
  14957: ffffff;
  14958: ffffff;
  14959: ffffff;
  14960: ffffff;
  14961: ffffff;
  14962: ffffff;
  14963: ffffff;
  14964: ffffff;
  14965: ffffff;
  14966: ffffff;
  14967: ffffff;
  14968: ffffff;
  14969: ffffff;
  14970: ffffff;
  14971: ffffff;
  14972: ffffff;
  14973: ffffff;
  14974: ffffff;
  14975: ffffff;
  14976: ffffff;
  14977: ffffff;
  14978: ffffff;
  14979: ffffff;
  14980: ffffff;
  14981: ffffff;
  14982: ffffff;
  14983: ffffff;
  14984: ffffff;
  14985: ffffff;
  14986: ffffff;
  14987: ffffff;
  14988: ffffff;
  14989: ffffff;
  14990: ffffff;
  14991: ffffff;
  14992: ffffff;
  14993: ffffff;
  14994: ffffff;
  14995: ffffff;
  14996: ffffff;
  14997: ffffff;
  14998: ffffff;
  14999: ffffff;
  15000: ffffff;
  15001: ffffff;
  15002: ffffff;
  15003: ffffff;
  15004: ffffff;
  15005: ffffff;
  15006: ffffff;
  15007: feffff;
  15008: fbffff;
  15009: f2fbfa;
  15010: b7bdbd;
  15011: afa5a6;
  15012: d2a1a5;
  15013: e58287;
  15014: ce272f;
  15015: e71b24;
  15016: ee1b22;
  15017: f01a22;
  15018: eb1b28;
  15019: ea1c29;
  15020: ed1a29;
  15021: ed1b26;
  15022: eb1c22;
  15023: df2324;
  15024: ff7e7c;
  15025: c22a29;
  15026: db2325;
  15027: ed2226;
  15028: ea1f25;
  15029: eb1924;
  15030: f31723;
  15031: e41f29;
  15032: c1343a;
  15033: be6a6a;
  15034: ffe8e5;
  15035: fffef8;
  15036: fff5f2;
  15037: fff6f5;
  15038: fffbfc;
  15039: fffdff;
  15040: fff6f8;
  15041: fffafb;
  15042: fffdff;
  15043: fdfdff;
  15044: ffffff;
  15045: fffdfe;
  15046: fffffb;
  15047: fffefa;
  15048: fff6f9;
  15049: fff3f6;
  15050: ffd4d1;
  15051: 8a3634;
  15052: f9bac2;
  15053: ffe6f1;
  15054: ffd5df;
  15055: d01f25;
  15056: ed1f23;
  15057: ee1317;
  15058: f01e21;
  15059: ee2126;
  15060: e71e28;
  15061: ec202b;
  15062: e91722;
  15063: ef1921;
  15064: f61f24;
  15065: e7252d;
  15066: bf2e3b;
  15067: e78f9b;
  15068: c0a2aa;
  15069: a1a2a6;
  15070: fcfcfa;
  15071: fffffb;
  15072: ffffff;
  15073: ffffff;
  15074: fefefe;
  15075: fcfcfc;
  15076: ffffff;
  15077: ffffff;
  15078: fdfdfd;
  15079: ffffff;
  15080: ffffff;
  15081: ffffff;
  15082: ffffff;
  15083: ffffff;
  15084: ffffff;
  15085: ffffff;
  15086: ffffff;
  15087: ffffff;
  15088: ffffff;
  15089: ffffff;
  15090: ffffff;
  15091: ffffff;
  15092: ffffff;
  15093: ffffff;
  15094: ffffff;
  15095: ffffff;
  15096: ffffff;
  15097: ffffff;
  15098: ffffff;
  15099: ffffff;
  15100: ffffff;
  15101: ffffff;
  15102: ffffff;
  15103: ffffff;
  15104: ffffff;
  15105: ffffff;
  15106: ffffff;
  15107: ffffff;
  15108: ffffff;
  15109: ffffff;
  15110: ffffff;
  15111: ffffff;
  15112: ffffff;
  15113: ffffff;
  15114: ffffff;
  15115: ffffff;
  15116: ffffff;
  15117: ffffff;
  15118: ffffff;
  15119: ffffff;
  15120: ffffff;
  15121: ffffff;
  15122: ffffff;
  15123: ffffff;
  15124: ffffff;
  15125: ffffff;
  15126: ffffff;
  15127: ffffff;
  15128: ffffff;
  15129: ffffff;
  15130: ffffff;
  15131: ffffff;
  15132: ffffff;
  15133: ffffff;
  15134: ffffff;
  15135: ffffff;
  15136: ffffff;
  15137: ffffff;
  15138: edecea;
  15139: b0aaaa;
  15140: b0a0a3;
  15141: d1949b;
  15142: b82b33;
  15143: de2128;
  15144: ea1d22;
  15145: ee1b21;
  15146: eb1c26;
  15147: ea1c26;
  15148: ea1c26;
  15149: eb1c24;
  15150: f01a22;
  15151: ed1c22;
  15152: d7141a;
  15153: e5262b;
  15154: e51e21;
  15155: e71c20;
  15156: e81c28;
  15157: ec1e2b;
  15158: f01f25;
  15159: da2328;
  15160: a2242f;
  15161: ffe6ef;
  15162: fff7f8;
  15163: fff3ef;
  15164: 7d322c;
  15165: ffe9e3;
  15166: fff8f3;
  15167: fffaf7;
  15168: fff2f3;
  15169: ffeef2;
  15170: fff4fb;
  15171: fff8ff;
  15172: fff8ff;
  15173: fffeff;
  15174: fdf9f6;
  15175: fff9f6;
  15176: ffeeef;
  15177: ffb9bb;
  15178: b11b1c;
  15179: c22d31;
  15180: ffb1bc;
  15181: ffe0ea;
  15182: ffdce1;
  15183: bd2729;
  15184: e12025;
  15185: f01d24;
  15186: ee1c27;
  15187: e71925;
  15188: e41c27;
  15189: e81e2c;
  15190: ef1f2d;
  15191: ed1925;
  15192: eb191c;
  15193: cb2527;
  15194: da8992;
  15195: bfa1a9;
  15196: afa5a6;
  15197: babbb6;
  15198: fefffb;
  15199: fdfffa;
  15200: fefefe;
  15201: fdfdfd;
  15202: ffffff;
  15203: ffffff;
  15204: ffffff;
  15205: ffffff;
  15206: fcfcfc;
  15207: ffffff;
  15208: ffffff;
  15209: ffffff;
  15210: ffffff;
  15211: ffffff;
  15212: ffffff;
  15213: ffffff;
  15214: ffffff;
  15215: ffffff;
  15216: ffffff;
  15217: ffffff;
  15218: ffffff;
  15219: ffffff;
  15220: ffffff;
  15221: ffffff;
  15222: ffffff;
  15223: ffffff;
  15224: ffffff;
  15225: ffffff;
  15226: ffffff;
  15227: ffffff;
  15228: ffffff;
  15229: ffffff;
  15230: ffffff;
  15231: ffffff;
  15232: ffffff;
  15233: ffffff;
  15234: ffffff;
  15235: ffffff;
  15236: ffffff;
  15237: ffffff;
  15238: ffffff;
  15239: ffffff;
  15240: ffffff;
  15241: ffffff;
  15242: ffffff;
  15243: ffffff;
  15244: ffffff;
  15245: ffffff;
  15246: ffffff;
  15247: ffffff;
  15248: ffffff;
  15249: ffffff;
  15250: ffffff;
  15251: ffffff;
  15252: ffffff;
  15253: ffffff;
  15254: ffffff;
  15255: ffffff;
  15256: ffffff;
  15257: ffffff;
  15258: ffffff;
  15259: ffffff;
  15260: ffffff;
  15261: ffffff;
  15262: ffffff;
  15263: ffffff;
  15264: fdfdff;
  15265: fffeff;
  15266: fffefb;
  15267: a8a4a1;
  15268: afaeb4;
  15269: c29fa6;
  15270: ec7a84;
  15271: d02931;
  15272: e42024;
  15273: ed1c1f;
  15274: eb1c24;
  15275: ea1d24;
  15276: ea1d22;
  15277: eb1d21;
  15278: f01a24;
  15279: f11924;
  15280: f01a24;
  15281: ec1922;
  15282: ee1c25;
  15283: ec1d27;
  15284: e71828;
  15285: ea1c29;
  15286: eb1e23;
  15287: d2282b;
  15288: ffa4b1;
  15289: ffedf8;
  15290: fff3f7;
  15291: ffeeeb;
  15292: a92f2a;
  15293: ff938d;
  15294: ffe9e6;
  15295: ffedec;
  15296: ffb4b3;
  15297: bb6264;
  15298: c9949a;
  15299: ffeff7;
  15300: ffd8e0;
  15301: ffedf3;
  15302: ffeef1;
  15303: ffe8e9;
  15304: ca5b61;
  15305: c22b32;
  15306: e02126;
  15307: dc2329;
  15308: a21e29;
  15309: ffdee6;
  15310: ffdddf;
  15311: a61b1e;
  15312: da1f26;
  15313: f11f2a;
  15314: eb1926;
  15315: ea1c29;
  15316: ea202c;
  15317: e71d29;
  15318: e81826;
  15319: eb1f2a;
  15320: e02327;
  15321: c73f41;
  15322: c79aa1;
  15323: a7a8ad;
  15324: a4a4a2;
  15325: fdfef9;
  15326: fcfffd;
  15327: fbfffc;
  15328: feffff;
  15329: fdfdfd;
  15330: ffffff;
  15331: ffffff;
  15332: fdfdfd;
  15333: ffffff;
  15334: ffffff;
  15335: fefefe;
  15336: ffffff;
  15337: ffffff;
  15338: ffffff;
  15339: ffffff;
  15340: ffffff;
  15341: ffffff;
  15342: ffffff;
  15343: ffffff;
  15344: ffffff;
  15345: ffffff;
  15346: ffffff;
  15347: ffffff;
  15348: ffffff;
  15349: ffffff;
  15350: ffffff;
  15351: ffffff;
  15352: ffffff;
  15353: ffffff;
  15354: ffffff;
  15355: ffffff;
  15356: ffffff;
  15357: ffffff;
  15358: ffffff;
  15359: ffffff;
  15360: ffffff;
  15361: ffffff;
  15362: ffffff;
  15363: ffffff;
  15364: ffffff;
  15365: ffffff;
  15366: ffffff;
  15367: ffffff;
  15368: ffffff;
  15369: ffffff;
  15370: ffffff;
  15371: ffffff;
  15372: ffffff;
  15373: ffffff;
  15374: ffffff;
  15375: ffffff;
  15376: ffffff;
  15377: ffffff;
  15378: ffffff;
  15379: ffffff;
  15380: ffffff;
  15381: ffffff;
  15382: ffffff;
  15383: ffffff;
  15384: ffffff;
  15385: ffffff;
  15386: ffffff;
  15387: ffffff;
  15388: ffffff;
  15389: ffffff;
  15390: ffffff;
  15391: ffffff;
  15392: ffffff;
  15393: ffffff;
  15394: fffffa;
  15395: eeeae7;
  15396: abaab0;
  15397: ba9eaa;
  15398: e790a0;
  15399: a81e2b;
  15400: df252a;
  15401: e81617;
  15402: f42329;
  15403: ea191f;
  15404: ee1c1f;
  15405: f31e22;
  15406: ee1a26;
  15407: ee1c29;
  15408: ef1b27;
  15409: ed1925;
  15410: f11a2a;
  15411: f21b2b;
  15412: ec1a27;
  15413: e91a24;
  15414: eb1c24;
  15415: cb2a30;
  15416: ffe4ef;
  15417: fff1fa;
  15418: ffeff2;
  15419: ffaaab;
  15420: ce292d;
  15421: c71014;
  15422: e54b53;
  15423: f15c62;
  15424: be1616;
  15425: aa1e1d;
  15426: d69899;
  15427: ffedf1;
  15428: a52228;
  15429: f95860;
  15430: ff6d75;
  15431: c72a33;
  15432: d01e2c;
  15433: de202c;
  15434: e21d24;
  15435: e52429;
  15436: d22529;
  15437: f66062;
  15438: ffd4d7;
  15439: e5585e;
  15440: df212b;
  15441: ee1a26;
  15442: ea1b23;
  15443: e71a21;
  15444: ef1f2c;
  15445: eb1b28;
  15446: e71a1f;
  15447: dc2225;
  15448: c62d30;
  15449: e88389;
  15450: bfa0a8;
  15451: a7a7af;
  15452: b7b7b9;
  15453: ffffff;
  15454: fcffff;
  15455: fcffff;
  15456: feffff;
  15457: ffffff;
  15458: ffffff;
  15459: ffffff;
  15460: ffffff;
  15461: ffffff;
  15462: ffffff;
  15463: ffffff;
  15464: ffffff;
  15465: ffffff;
  15466: ffffff;
  15467: ffffff;
  15468: ffffff;
  15469: ffffff;
  15470: ffffff;
  15471: ffffff;
  15472: ffffff;
  15473: ffffff;
  15474: ffffff;
  15475: ffffff;
  15476: ffffff;
  15477: ffffff;
  15478: ffffff;
  15479: ffffff;
  15480: ffffff;
  15481: ffffff;
  15482: ffffff;
  15483: ffffff;
  15484: ffffff;
  15485: ffffff;
  15486: ffffff;
  15487: ffffff;
  15488: ffffff;
  15489: ffffff;
  15490: ffffff;
  15491: ffffff;
  15492: ffffff;
  15493: ffffff;
  15494: ffffff;
  15495: ffffff;
  15496: ffffff;
  15497: ffffff;
  15498: ffffff;
  15499: ffffff;
  15500: ffffff;
  15501: ffffff;
  15502: ffffff;
  15503: ffffff;
  15504: ffffff;
  15505: ffffff;
  15506: ffffff;
  15507: ffffff;
  15508: ffffff;
  15509: ffffff;
  15510: ffffff;
  15511: ffffff;
  15512: ffffff;
  15513: ffffff;
  15514: ffffff;
  15515: ffffff;
  15516: ffffff;
  15517: ffffff;
  15518: ffffff;
  15519: ffffff;
  15520: feffff;
  15521: fafaf8;
  15522: fffef9;
  15523: fffffb;
  15524: a3a2a8;
  15525: b6a4b0;
  15526: cc97a7;
  15527: bb5260;
  15528: d52730;
  15529: ed1f23;
  15530: ea191e;
  15531: f01d23;
  15532: ee191d;
  15533: ee191f;
  15534: ed1925;
  15535: ee1a28;
  15536: f01a26;
  15537: f01928;
  15538: f11a2c;
  15539: f11a2a;
  15540: ed1b24;
  15541: ef1e23;
  15542: ee1b22;
  15543: c9222a;
  15544: ffe2ed;
  15545: ffedf6;
  15546: ffdadf;
  15547: aa1f24;
  15548: e02129;
  15549: ec1824;
  15550: dc1721;
  15551: da1d24;
  15552: de2125;
  15553: c93b3a;
  15554: ffeeef;
  15555: ffebec;
  15556: be151c;
  15557: e81119;
  15558: e0141d;
  15559: e61c28;
  15560: ec1c2a;
  15561: ee1b2a;
  15562: eb1f28;
  15563: e92026;
  15564: e41d22;
  15565: d61d22;
  15566: b01519;
  15567: ffa5ad;
  15568: e01c28;
  15569: ef1c25;
  15570: eb1c22;
  15571: ed1e24;
  15572: ed1925;
  15573: ea1720;
  15574: ee1c1f;
  15575: d92929;
  15576: 9b2a2e;
  15577: d59aa0;
  15578: b4a3a9;
  15579: abacb1;
  15580: edebf0;
  15581: fffdff;
  15582: feffff;
  15583: fcffff;
  15584: feffff;
  15585: ffffff;
  15586: ffffff;
  15587: ffffff;
  15588: ffffff;
  15589: ffffff;
  15590: ffffff;
  15591: ffffff;
  15592: ffffff;
  15593: ffffff;
  15594: ffffff;
  15595: ffffff;
  15596: ffffff;
  15597: ffffff;
  15598: ffffff;
  15599: ffffff;
  15600: ffffff;
  15601: ffffff;
  15602: ffffff;
  15603: ffffff;
  15604: ffffff;
  15605: ffffff;
  15606: ffffff;
  15607: ffffff;
  15608: ffffff;
  15609: ffffff;
  15610: ffffff;
  15611: ffffff;
  15612: ffffff;
  15613: ffffff;
  15614: ffffff;
  15615: ffffff;
  15616: ffffff;
  15617: ffffff;
  15618: ffffff;
  15619: ffffff;
  15620: ffffff;
  15621: ffffff;
  15622: ffffff;
  15623: ffffff;
  15624: ffffff;
  15625: ffffff;
  15626: ffffff;
  15627: ffffff;
  15628: ffffff;
  15629: ffffff;
  15630: ffffff;
  15631: ffffff;
  15632: ffffff;
  15633: ffffff;
  15634: ffffff;
  15635: ffffff;
  15636: ffffff;
  15637: ffffff;
  15638: ffffff;
  15639: ffffff;
  15640: ffffff;
  15641: ffffff;
  15642: ffffff;
  15643: ffffff;
  15644: ffffff;
  15645: ffffff;
  15646: ffffff;
  15647: ffffff;
  15648: fcfefd;
  15649: fffffd;
  15650: fffffa;
  15651: fcfbf7;
  15652: fbfaff;
  15653: a49fa6;
  15654: b5a5af;
  15655: d4959e;
  15656: b31826;
  15657: ea202c;
  15658: eb1d21;
  15659: ec1b1e;
  15660: eb1d21;
  15661: ed1e26;
  15662: f41e2a;
  15663: ef1525;
  15664: f51726;
  15665: f51827;
  15666: ef1b27;
  15667: ea1b23;
  15668: e91d1c;
  15669: ee211e;
  15670: ef161e;
  15671: d0101b;
  15672: ffd6e1;
  15673: 99212a;
  15674: c62a2e;
  15675: da2126;
  15676: e81c27;
  15677: f21e2a;
  15678: ed1e26;
  15679: da1f26;
  15680: c02d35;
  15681: ffd7de;
  15682: fff6f6;
  15683: ffecec;
  15684: c01920;
  15685: f31a22;
  15686: ea1b23;
  15687: e61a23;
  15688: e91c23;
  15689: ea1b23;
  15690: eb1926;
  15691: ea1825;
  15692: f01c28;
  15693: e91b25;
  15694: e8242e;
  15695: e22029;
  15696: e91b25;
  15697: ed1c22;
  15698: ee1d22;
  15699: ea191e;
  15700: f21c26;
  15701: f51c25;
  15702: f5181d;
  15703: cf2224;
  15704: d69194;
  15705: b2a6a8;
  15706: a4a5a0;
  15707: b7b9b6;
  15708: fffeff;
  15709: fffbff;
  15710: ffffff;
  15711: fcfdff;
  15712: ffffff;
  15713: ffffff;
  15714: ffffff;
  15715: ffffff;
  15716: ffffff;
  15717: ffffff;
  15718: ffffff;
  15719: ffffff;
  15720: ffffff;
  15721: ffffff;
  15722: ffffff;
  15723: ffffff;
  15724: ffffff;
  15725: ffffff;
  15726: ffffff;
  15727: ffffff;
  15728: ffffff;
  15729: ffffff;
  15730: ffffff;
  15731: ffffff;
  15732: ffffff;
  15733: ffffff;
  15734: ffffff;
  15735: ffffff;
  15736: ffffff;
  15737: ffffff;
  15738: ffffff;
  15739: ffffff;
  15740: ffffff;
  15741: ffffff;
  15742: ffffff;
  15743: ffffff;
  15744: ffffff;
  15745: ffffff;
  15746: ffffff;
  15747: ffffff;
  15748: ffffff;
  15749: ffffff;
  15750: ffffff;
  15751: ffffff;
  15752: ffffff;
  15753: ffffff;
  15754: ffffff;
  15755: ffffff;
  15756: ffffff;
  15757: ffffff;
  15758: ffffff;
  15759: ffffff;
  15760: ffffff;
  15761: ffffff;
  15762: ffffff;
  15763: ffffff;
  15764: ffffff;
  15765: ffffff;
  15766: ffffff;
  15767: ffffff;
  15768: ffffff;
  15769: ffffff;
  15770: ffffff;
  15771: ffffff;
  15772: ffffff;
  15773: ffffff;
  15774: ffffff;
  15775: ffffff;
  15776: fffffd;
  15777: fffffd;
  15778: fffffb;
  15779: fefffd;
  15780: fefeff;
  15781: e6e5ea;
  15782: a8a9ad;
  15783: c1a0a7;
  15784: d86c79;
  15785: b71520;
  15786: e41f26;
  15787: f21d23;
  15788: eb1c24;
  15789: eb1d27;
  15790: e91722;
  15791: f21a27;
  15792: f61825;
  15793: f51925;
  15794: ee1c25;
  15795: e71c20;
  15796: e61f1c;
  15797: ed201d;
  15798: ef161e;
  15799: db0d19;
  15800: ff828b;
  15801: ce2930;
  15802: e32225;
  15803: e9181d;
  15804: f11f2a;
  15805: e81621;
  15806: ed1b24;
  15807: dd252d;
  15808: b6323d;
  15809: ffe4ed;
  15810: ffeff2;
  15811: ffdade;
  15812: d3262c;
  15813: ed141d;
  15814: f3212a;
  15815: e91c23;
  15816: eb1c22;
  15817: ef1e24;
  15818: ee1824;
  15819: f41c2b;
  15820: f01827;
  15821: ef1925;
  15822: e7141d;
  15823: f01f25;
  15824: eb1c22;
  15825: ec1d23;
  15826: e91a20;
  15827: ee1d23;
  15828: ef1820;
  15829: eb1c24;
  15830: e02425;
  15831: a62122;
  15832: c8a1a4;
  15833: a5abab;
  15834: a6aba5;
  15835: fdfef9;
  15836: fffdff;
  15837: fffafe;
  15838: fbf9fa;
  15839: ffffff;
  15840: ffffff;
  15841: ffffff;
  15842: ffffff;
  15843: ffffff;
  15844: ffffff;
  15845: ffffff;
  15846: ffffff;
  15847: ffffff;
  15848: ffffff;
  15849: ffffff;
  15850: ffffff;
  15851: ffffff;
  15852: ffffff;
  15853: ffffff;
  15854: ffffff;
  15855: ffffff;
  15856: ffffff;
  15857: ffffff;
  15858: ffffff;
  15859: ffffff;
  15860: ffffff;
  15861: ffffff;
  15862: ffffff;
  15863: ffffff;
  15864: ffffff;
  15865: ffffff;
  15866: ffffff;
  15867: ffffff;
  15868: ffffff;
  15869: ffffff;
  15870: ffffff;
  15871: ffffff;
  15872: ffffff;
  15873: ffffff;
  15874: ffffff;
  15875: ffffff;
  15876: ffffff;
  15877: ffffff;
  15878: ffffff;
  15879: ffffff;
  15880: ffffff;
  15881: ffffff;
  15882: ffffff;
  15883: ffffff;
  15884: ffffff;
  15885: ffffff;
  15886: ffffff;
  15887: ffffff;
  15888: ffffff;
  15889: ffffff;
  15890: ffffff;
  15891: ffffff;
  15892: ffffff;
  15893: ffffff;
  15894: ffffff;
  15895: ffffff;
  15896: ffffff;
  15897: ffffff;
  15898: ffffff;
  15899: ffffff;
  15900: ffffff;
  15901: ffffff;
  15902: ffffff;
  15903: fffeff;
  15904: fffeff;
  15905: fcfafb;
  15906: fbfffc;
  15907: fbffff;
  15908: fffeff;
  15909: fffdff;
  15910: aaa8ab;
  15911: b1a5a7;
  15912: be9c9d;
  15913: ee9496;
  15914: d42029;
  15915: f11320;
  15916: ef1b29;
  15917: e81a26;
  15918: e81c25;
  15919: eb1e25;
  15920: f01a24;
  15921: ef1923;
  15922: ea1c26;
  15923: e71e26;
  15924: e71f22;
  15925: ec1f24;
  15926: f11b23;
  15927: e91720;
  15928: df1d26;
  15929: e02329;
  15930: e21a1c;
  15931: ee2022;
  15932: ec1d23;
  15933: eb1d27;
  15934: e91f2b;
  15935: d7232e;
  15936: b82f36;
  15937: ffd1d6;
  15938: ffe2e6;
  15939: 9d2129;
  15940: df2530;
  15941: ec141f;
  15942: e6141d;
  15943: ef1e24;
  15944: f01d26;
  15945: ec1620;
  15946: f31a25;
  15947: f11725;
  15948: ee1a29;
  15949: f0202d;
  15950: ee1f25;
  15951: e7191b;
  15952: e91d20;
  15953: ea1d22;
  15954: ea212b;
  15955: e81a26;
  15956: f41b26;
  15957: e0272c;
  15958: c45752;
  15959: d59e99;
  15960: baa4a6;
  15961: a8a2a4;
  15962: fffdfc;
  15963: fffefd;
  15964: fffcf9;
  15965: fffefb;
  15966: fffefa;
  15967: fefefc;
  15968: ffffff;
  15969: ffffff;
  15970: ffffff;
  15971: ffffff;
  15972: ffffff;
  15973: ffffff;
  15974: ffffff;
  15975: ffffff;
  15976: ffffff;
  15977: ffffff;
  15978: ffffff;
  15979: ffffff;
  15980: ffffff;
  15981: ffffff;
  15982: ffffff;
  15983: ffffff;
  15984: ffffff;
  15985: ffffff;
  15986: ffffff;
  15987: ffffff;
  15988: ffffff;
  15989: ffffff;
  15990: ffffff;
  15991: ffffff;
  15992: ffffff;
  15993: ffffff;
  15994: ffffff;
  15995: ffffff;
  15996: ffffff;
  15997: ffffff;
  15998: ffffff;
  15999: ffffff;
  16000: ffffff;
  16001: ffffff;
  16002: ffffff;
  16003: ffffff;
  16004: ffffff;
  16005: ffffff;
  16006: ffffff;
  16007: ffffff;
  16008: ffffff;
  16009: ffffff;
  16010: ffffff;
  16011: ffffff;
  16012: ffffff;
  16013: ffffff;
  16014: ffffff;
  16015: ffffff;
  16016: ffffff;
  16017: ffffff;
  16018: ffffff;
  16019: ffffff;
  16020: ffffff;
  16021: ffffff;
  16022: ffffff;
  16023: ffffff;
  16024: ffffff;
  16025: ffffff;
  16026: ffffff;
  16027: ffffff;
  16028: ffffff;
  16029: ffffff;
  16030: ffffff;
  16031: fffeff;
  16032: fffeff;
  16033: fffeff;
  16034: fcffff;
  16035: fbffff;
  16036: fffffd;
  16037: fffefd;
  16038: fdf9fa;
  16039: acacac;
  16040: a9aba8;
  16041: c49897;
  16042: b72731;
  16043: e5212f;
  16044: e71b27;
  16045: eb1d27;
  16046: ed242a;
  16047: e91e24;
  16048: ee1b24;
  16049: ed1a23;
  16050: ea1c26;
  16051: ea1e27;
  16052: e61d25;
  16053: ea1c26;
  16054: f01c28;
  16055: f21c28;
  16056: ee1c27;
  16057: ec1f26;
  16058: eb1f22;
  16059: e91d1e;
  16060: ed1c22;
  16061: ea1b25;
  16062: e81c28;
  16063: de242f;
  16064: c82d31;
  16065: ffa7ac;
  16066: ffd5dc;
  16067: c0252d;
  16068: e4222d;
  16069: f6202a;
  16070: ed1a23;
  16071: ef1d26;
  16072: ea191f;
  16073: f11e25;
  16074: ef1621;
  16075: f11926;
  16076: ef1c2b;
  16077: e91926;
  16078: e81b20;
  16079: ec2021;
  16080: e91b1d;
  16081: ec1f24;
  16082: e61a26;
  16083: ea1d2c;
  16084: ec1c29;
  16085: c5242a;
  16086: da9d98;
  16087: b0a59f;
  16088: aea4a5;
  16089: beb5ba;
  16090: fffdff;
  16091: fffeff;
  16092: fffefb;
  16093: fffffa;
  16094: fffffb;
  16095: fcfcfa;
  16096: ffffff;
  16097: ffffff;
  16098: ffffff;
  16099: ffffff;
  16100: ffffff;
  16101: ffffff;
  16102: ffffff;
  16103: ffffff;
  16104: ffffff;
  16105: ffffff;
  16106: ffffff;
  16107: ffffff;
  16108: ffffff;
  16109: ffffff;
  16110: ffffff;
  16111: ffffff;
  16112: ffffff;
  16113: ffffff;
  16114: ffffff;
  16115: ffffff;
  16116: ffffff;
  16117: ffffff;
  16118: ffffff;
  16119: ffffff;
  16120: ffffff;
  16121: ffffff;
  16122: ffffff;
  16123: ffffff;
  16124: ffffff;
  16125: ffffff;
  16126: ffffff;
  16127: ffffff;
  16128: ffffff;
  16129: ffffff;
  16130: ffffff;
  16131: ffffff;
  16132: ffffff;
  16133: ffffff;
  16134: ffffff;
  16135: ffffff;
  16136: ffffff;
  16137: ffffff;
  16138: ffffff;
  16139: ffffff;
  16140: ffffff;
  16141: ffffff;
  16142: ffffff;
  16143: ffffff;
  16144: ffffff;
  16145: ffffff;
  16146: ffffff;
  16147: ffffff;
  16148: ffffff;
  16149: ffffff;
  16150: ffffff;
  16151: ffffff;
  16152: ffffff;
  16153: ffffff;
  16154: ffffff;
  16155: ffffff;
  16156: ffffff;
  16157: ffffff;
  16158: ffffff;
  16159: ffffff;
  16160: ffffff;
  16161: fbfbfd;
  16162: fffdff;
  16163: fffcff;
  16164: fdfef9;
  16165: fefff9;
  16166: fffeff;
  16167: a5a3a6;
  16168: a9a9ab;
  16169: bea4a7;
  16170: d98489;
  16171: bc333a;
  16172: d92429;
  16173: eb1e23;
  16174: ec1a23;
  16175: eb1821;
  16176: f11a29;
  16177: ef1925;
  16178: ec1d25;
  16179: eb1e25;
  16180: e81c27;
  16181: e81a27;
  16182: ee1a29;
  16183: f11829;
  16184: f01825;
  16185: ec1922;
  16186: eb2024;
  16187: e51a1e;
  16188: f11d29;
  16189: f21c28;
  16190: e9161d;
  16191: ea2127;
  16192: dd242a;
  16193: ff5c62;
  16194: ffa2a9;
  16195: d62b33;
  16196: de1922;
  16197: ed1b24;
  16198: f11d29;
  16199: e91720;
  16200: ea1f22;
  16201: eb1f22;
  16202: ef1c25;
  16203: ed1625;
  16204: ee192b;
  16205: ed1a29;
  16206: ec1d25;
  16207: eb1d21;
  16208: f02020;
  16209: eb1a1f;
  16210: eb1926;
  16211: ec2333;
  16212: d71e2c;
  16213: ba3641;
  16214: c89ea0;
  16215: a9abaa;
  16216: aaa9af;
  16217: fdfcff;
  16218: feffff;
  16219: fcffff;
  16220: fefefc;
  16221: fffffd;
  16222: feffff;
  16223: feffff;
  16224: ffffff;
  16225: ffffff;
  16226: ffffff;
  16227: ffffff;
  16228: ffffff;
  16229: ffffff;
  16230: ffffff;
  16231: ffffff;
  16232: ffffff;
  16233: ffffff;
  16234: ffffff;
  16235: ffffff;
  16236: ffffff;
  16237: ffffff;
  16238: ffffff;
  16239: ffffff;
  16240: ffffff;
  16241: ffffff;
  16242: ffffff;
  16243: ffffff;
  16244: ffffff;
  16245: ffffff;
  16246: ffffff;
  16247: ffffff;
  16248: ffffff;
  16249: ffffff;
  16250: ffffff;
  16251: ffffff;
  16252: ffffff;
  16253: ffffff;
  16254: ffffff;
  16255: ffffff;
  16256: ffffff;
  16257: ffffff;
  16258: ffffff;
  16259: ffffff;
  16260: ffffff;
  16261: ffffff;
  16262: ffffff;
  16263: ffffff;
  16264: ffffff;
  16265: ffffff;
  16266: ffffff;
  16267: ffffff;
  16268: ffffff;
  16269: ffffff;
  16270: ffffff;
  16271: ffffff;
  16272: ffffff;
  16273: ffffff;
  16274: ffffff;
  16275: ffffff;
  16276: ffffff;
  16277: ffffff;
  16278: ffffff;
  16279: ffffff;
  16280: ffffff;
  16281: ffffff;
  16282: ffffff;
  16283: ffffff;
  16284: ffffff;
  16285: ffffff;
  16286: ffffff;
  16287: ffffff;
  16288: feffff;
  16289: ffffff;
  16290: fffaff;
  16291: fffdff;
  16292: fcfef9;
  16293: fefffb;
  16294: fffeff;
  16295: fefcff;
  16296: a5a4aa;
  16297: b3a7ab;
  16298: c69e9f;
  16299: ce7577;
  16300: c82d31;
  16301: e32129;
  16302: ea1b23;
  16303: f21c26;
  16304: f11926;
  16305: f01a26;
  16306: ec1d25;
  16307: ea1f25;
  16308: e91d29;
  16309: ea1b2b;
  16310: ef1a2e;
  16311: f0172a;
  16312: f41a28;
  16313: f01a22;
  16314: ec2127;
  16315: e61b21;
  16316: f01a26;
  16317: f01825;
  16318: f21d23;
  16319: eb1a1f;
  16320: e81c25;
  16321: e22029;
  16322: d21a22;
  16323: dc2329;
  16324: e92229;
  16325: e91a22;
  16326: ed1b24;
  16327: ee1c25;
  16328: e81c1f;
  16329: ec2023;
  16330: ee1c27;
  16331: ec1928;
  16332: ef1a2c;
  16333: ec1928;
  16334: ed1e28;
  16335: ea1b21;
  16336: eb1b1b;
  16337: f12023;
  16338: e81a26;
  16339: d92030;
  16340: af1e2d;
  16341: e98d98;
  16342: bba0a7;
  16343: a6a9ae;
  16344: d7d7df;
  16345: fefeff;
  16346: faffff;
  16347: f9feff;
  16348: feffff;
  16349: fdfffe;
  16350: fcffff;
  16351: fbfffe;
  16352: feffff;
  16353: ffffff;
  16354: ffffff;
  16355: ffffff;
  16356: ffffff;
  16357: ffffff;
  16358: ffffff;
  16359: ffffff;
  16360: ffffff;
  16361: ffffff;
  16362: ffffff;
  16363: ffffff;
  16364: ffffff;
  16365: ffffff;
  16366: ffffff;
  16367: ffffff;
  16368: ffffff;
  16369: ffffff;
  16370: ffffff;
  16371: ffffff;
  16372: ffffff;
  16373: ffffff;
  16374: ffffff;
  16375: ffffff;
  16376: ffffff;
  16377: ffffff;
  16378: ffffff;
  16379: ffffff;
  16380: ffffff;
  16381: ffffff;
  16382: ffffff;
  16383: ffffff;
  16384: ffffff;
  16385: ffffff;
  16386: ffffff;
  16387: ffffff;
  16388: ffffff;
  16389: ffffff;
  16390: ffffff;
  16391: ffffff;
  16392: ffffff;
  16393: ffffff;
  16394: ffffff;
  16395: ffffff;
  16396: ffffff;
  16397: ffffff;
  16398: ffffff;
  16399: ffffff;
  16400: ffffff;
  16401: ffffff;
  16402: ffffff;
  16403: ffffff;
  16404: ffffff;
  16405: ffffff;
  16406: ffffff;
  16407: ffffff;
  16408: ffffff;
  16409: ffffff;
  16410: ffffff;
  16411: ffffff;
  16412: ffffff;
  16413: ffffff;
  16414: ffffff;
  16415: ffffff;
  16416: fffffd;
  16417: fffffd;
  16418: fffeff;
  16419: ffffff;
  16420: fcffff;
  16421: fcffff;
  16422: ffffff;
  16423: fffeff;
  16424: bcb9c0;
  16425: aba6ac;
  16426: b2a8a9;
  16427: ce9c9f;
  16428: 9c232c;
  16429: d32934;
  16430: e32028;
  16431: eb181f;
  16432: f01823;
  16433: f11b25;
  16434: e71e26;
  16435: e8202a;
  16436: e7182a;
  16437: eb1a2f;
  16438: ed1a2d;
  16439: ef1b2a;
  16440: f01a24;
  16441: ee1b21;
  16442: ea1d22;
  16443: eb1c22;
  16444: f01a26;
  16445: f11926;
  16446: ed1b24;
  16447: eb1c24;
  16448: eb1c26;
  16449: e91d28;
  16450: e61e28;
  16451: e61f26;
  16452: e71f22;
  16453: e91e21;
  16454: ea1e21;
  16455: ed1c22;
  16456: f11a22;
  16457: f21a25;
  16458: f11d2b;
  16459: e81826;
  16460: ee1c29;
  16461: ed1b26;
  16462: eb1924;
  16463: ec1b21;
  16464: ea1a1a;
  16465: e91e21;
  16466: e0202d;
  16467: c82f41;
  16468: d07c89;
  16469: c69ea9;
  16470: b2a0ac;
  16471: a59fa9;
  16472: fffeff;
  16473: ffffff;
  16474: fcffff;
  16475: fcffff;
  16476: feffff;
  16477: feffff;
  16478: fbfffd;
  16479: fbfffb;
  16480: feffff;
  16481: ffffff;
  16482: ffffff;
  16483: ffffff;
  16484: ffffff;
  16485: ffffff;
  16486: ffffff;
  16487: ffffff;
  16488: ffffff;
  16489: ffffff;
  16490: ffffff;
  16491: ffffff;
  16492: ffffff;
  16493: ffffff;
  16494: ffffff;
  16495: ffffff;
  16496: ffffff;
  16497: ffffff;
  16498: ffffff;
  16499: ffffff;
  16500: ffffff;
  16501: ffffff;
  16502: ffffff;
  16503: ffffff;
  16504: ffffff;
  16505: ffffff;
  16506: ffffff;
  16507: ffffff;
  16508: ffffff;
  16509: ffffff;
  16510: ffffff;
  16511: ffffff;
  16512: ffffff;
  16513: ffffff;
  16514: ffffff;
  16515: ffffff;
  16516: ffffff;
  16517: ffffff;
  16518: ffffff;
  16519: ffffff;
  16520: ffffff;
  16521: ffffff;
  16522: ffffff;
  16523: ffffff;
  16524: ffffff;
  16525: ffffff;
  16526: ffffff;
  16527: ffffff;
  16528: ffffff;
  16529: ffffff;
  16530: ffffff;
  16531: ffffff;
  16532: ffffff;
  16533: ffffff;
  16534: ffffff;
  16535: ffffff;
  16536: ffffff;
  16537: ffffff;
  16538: ffffff;
  16539: ffffff;
  16540: ffffff;
  16541: ffffff;
  16542: ffffff;
  16543: ffffff;
  16544: fffffd;
  16545: fffffd;
  16546: ffffff;
  16547: feffff;
  16548: fcffff;
  16549: fcffff;
  16550: fffeff;
  16551: fffeff;
  16552: fffdff;
  16553: f3f4f8;
  16554: a7abac;
  16555: bba7a8;
  16556: e2979c;
  16557: d95a61;
  16558: da2931;
  16559: ee202a;
  16560: ee1b24;
  16561: f01d24;
  16562: e92028;
  16563: e31a24;
  16564: ee1b2a;
  16565: ef1a2c;
  16566: ed1a29;
  16567: ea1825;
  16568: ed1b24;
  16569: ed1c22;
  16570: ed1c22;
  16571: ed1c22;
  16572: ee1b24;
  16573: ee1b24;
  16574: eb1c26;
  16575: eb1c26;
  16576: eb1c26;
  16577: ed1b26;
  16578: ed1b26;
  16579: ed1b24;
  16580: ea1d22;
  16581: e91e21;
  16582: ea1e21;
  16583: ed1c21;
  16584: f31a25;
  16585: ef1523;
  16586: ec1a27;
  16587: ed1f2b;
  16588: e81a24;
  16589: ed1e26;
  16590: f22127;
  16591: ee1b21;
  16592: f31e24;
  16593: e52429;
  16594: b21822;
  16595: dd7782;
  16596: c69ea6;
  16597: aca5ac;
  16598: c1b9c4;
  16599: fffdff;
  16600: fffeff;
  16601: fefffd;
  16602: fcfffd;
  16603: fefffd;
  16604: fffeff;
  16605: fffeff;
  16606: fcfffd;
  16607: fcfffb;
  16608: feffff;
  16609: ffffff;
  16610: ffffff;
  16611: ffffff;
  16612: ffffff;
  16613: ffffff;
  16614: ffffff;
  16615: ffffff;
  16616: ffffff;
  16617: ffffff;
  16618: ffffff;
  16619: ffffff;
  16620: ffffff;
  16621: ffffff;
  16622: ffffff;
  16623: ffffff;
  16624: ffffff;
  16625: ffffff;
  16626: ffffff;
  16627: ffffff;
  16628: ffffff;
  16629: ffffff;
  16630: ffffff;
  16631: ffffff;
  16632: ffffff;
  16633: ffffff;
  16634: ffffff;
  16635: ffffff;
  16636: ffffff;
  16637: ffffff;
  16638: ffffff;
  16639: ffffff;
  16640: ffffff;
  16641: ffffff;
  16642: ffffff;
  16643: ffffff;
  16644: ffffff;
  16645: ffffff;
  16646: ffffff;
  16647: ffffff;
  16648: ffffff;
  16649: ffffff;
  16650: ffffff;
  16651: ffffff;
  16652: ffffff;
  16653: ffffff;
  16654: ffffff;
  16655: ffffff;
  16656: ffffff;
  16657: ffffff;
  16658: ffffff;
  16659: ffffff;
  16660: ffffff;
  16661: ffffff;
  16662: ffffff;
  16663: ffffff;
  16664: ffffff;
  16665: ffffff;
  16666: ffffff;
  16667: ffffff;
  16668: ffffff;
  16669: ffffff;
  16670: ffffff;
  16671: ffffff;
  16672: fffffd;
  16673: fffffd;
  16674: fffeff;
  16675: ffffff;
  16676: fcffff;
  16677: feffff;
  16678: fffeff;
  16679: fffeff;
  16680: ffffff;
  16681: fbffff;
  16682: a0a4a5;
  16683: a8a7a3;
  16684: b0a39a;
  16685: da9b96;
  16686: b41927;
  16687: e41b2d;
  16688: ea1c26;
  16689: e6171d;
  16690: e71a1f;
  16691: f12026;
  16692: f31c23;
  16693: f11a21;
  16694: ee1b22;
  16695: ef1d26;
  16696: eb1b28;
  16697: ed1b28;
  16698: f01a24;
  16699: ee1b21;
  16700: eb1d1f;
  16701: ea1e1f;
  16702: eb1c24;
  16703: eb1c26;
  16704: ea1d24;
  16705: eb1c24;
  16706: f11926;
  16707: f11926;
  16708: f01a26;
  16709: ee1b24;
  16710: ed1b24;
  16711: ed1c22;
  16712: ee1c25;
  16713: ec1a25;
  16714: ea1c26;
  16715: e81c25;
  16716: e91d26;
  16717: e4171c;
  16718: ec1b20;
  16719: f01b21;
  16720: ee1424;
  16721: d5232f;
  16722: d8807f;
  16723: c4a5a0;
  16724: aca4a2;
  16725: a6aaab;
  16726: fafbfd;
  16727: fdfeff;
  16728: fcffff;
  16729: fcffff;
  16730: fbfffd;
  16731: fefffd;
  16732: fffdfd;
  16733: fffcfd;
  16734: fffeff;
  16735: feffff;
  16736: ffffff;
  16737: ffffff;
  16738: ffffff;
  16739: ffffff;
  16740: ffffff;
  16741: ffffff;
  16742: ffffff;
  16743: ffffff;
  16744: ffffff;
  16745: ffffff;
  16746: ffffff;
  16747: ffffff;
  16748: ffffff;
  16749: ffffff;
  16750: ffffff;
  16751: ffffff;
  16752: ffffff;
  16753: ffffff;
  16754: ffffff;
  16755: ffffff;
  16756: ffffff;
  16757: ffffff;
  16758: ffffff;
  16759: ffffff;
  16760: ffffff;
  16761: ffffff;
  16762: ffffff;
  16763: ffffff;
  16764: ffffff;
  16765: ffffff;
  16766: ffffff;
  16767: ffffff;
  16768: ffffff;
  16769: ffffff;
  16770: ffffff;
  16771: ffffff;
  16772: ffffff;
  16773: ffffff;
  16774: ffffff;
  16775: ffffff;
  16776: ffffff;
  16777: ffffff;
  16778: ffffff;
  16779: ffffff;
  16780: ffffff;
  16781: ffffff;
  16782: ffffff;
  16783: ffffff;
  16784: ffffff;
  16785: ffffff;
  16786: ffffff;
  16787: ffffff;
  16788: ffffff;
  16789: ffffff;
  16790: ffffff;
  16791: ffffff;
  16792: ffffff;
  16793: ffffff;
  16794: ffffff;
  16795: ffffff;
  16796: ffffff;
  16797: ffffff;
  16798: ffffff;
  16799: ffffff;
  16800: fffffd;
  16801: fffeff;
  16802: fffeff;
  16803: ffffff;
  16804: fcffff;
  16805: fcffff;
  16806: fffffd;
  16807: fffefd;
  16808: fefcfd;
  16809: fefefe;
  16810: f1f2f4;
  16811: a7ada9;
  16812: a3b1a4;
  16813: baa19a;
  16814: dc6e79;
  16815: ce293a;
  16816: e1212c;
  16817: ed1e24;
  16818: ef1e24;
  16819: ee1b21;
  16820: f21a1d;
  16821: f1191a;
  16822: ef1a1c;
  16823: ee1b21;
  16824: ed1b26;
  16825: ee1a26;
  16826: f01a24;
  16827: f01a22;
  16828: ed1c1f;
  16829: eb1d1f;
  16830: ed1c22;
  16831: ed1b24;
  16832: eb1c24;
  16833: ed1b24;
  16834: f11924;
  16835: f21924;
  16836: f11926;
  16837: ee1a26;
  16838: ed1b26;
  16839: eb1c26;
  16840: e61920;
  16841: ee2128;
  16842: e71923;
  16843: ed1f29;
  16844: ea1d24;
  16845: f02127;
  16846: f12023;
  16847: e61b21;
  16848: e42535;
  16849: a51b28;
  16850: cfa29f;
  16851: a7aaa1;
  16852: a8ada9;
  16853: a3a9a9;
  16854: fbffff;
  16855: fcffff;
  16856: fcffff;
  16857: fcffff;
  16858: fcffff;
  16859: fffffd;
  16860: fffcfd;
  16861: fffcfd;
  16862: fffeff;
  16863: feffff;
  16864: ffffff;
  16865: ffffff;
  16866: ffffff;
  16867: ffffff;
  16868: ffffff;
  16869: ffffff;
  16870: ffffff;
  16871: ffffff;
  16872: ffffff;
  16873: ffffff;
  16874: ffffff;
  16875: ffffff;
  16876: ffffff;
  16877: ffffff;
  16878: ffffff;
  16879: ffffff;
  16880: ffffff;
  16881: ffffff;
  16882: ffffff;
  16883: ffffff;
  16884: ffffff;
  16885: ffffff;
  16886: ffffff;
  16887: ffffff;
  16888: ffffff;
  16889: ffffff;
  16890: ffffff;
  16891: ffffff;
  16892: ffffff;
  16893: ffffff;
  16894: ffffff;
  16895: ffffff;
  16896: ffffff;
  16897: ffffff;
  16898: ffffff;
  16899: ffffff;
  16900: ffffff;
  16901: ffffff;
  16902: ffffff;
  16903: ffffff;
  16904: ffffff;
  16905: ffffff;
  16906: ffffff;
  16907: ffffff;
  16908: ffffff;
  16909: ffffff;
  16910: ffffff;
  16911: ffffff;
  16912: ffffff;
  16913: ffffff;
  16914: ffffff;
  16915: ffffff;
  16916: ffffff;
  16917: ffffff;
  16918: ffffff;
  16919: ffffff;
  16920: ffffff;
  16921: ffffff;
  16922: ffffff;
  16923: ffffff;
  16924: ffffff;
  16925: ffffff;
  16926: ffffff;
  16927: ffffff;
  16928: fffeff;
  16929: fffeff;
  16930: ffffff;
  16931: feffff;
  16932: fbffff;
  16933: f9fffd;
  16934: fcfffb;
  16935: fffffb;
  16936: fffefb;
  16937: fffcfd;
  16938: fefcfd;
  16939: ebebeb;
  16940: abadaa;
  16941: b3a5a4;
  16942: c79a9d;
  16943: dc7880;
  16944: d0202a;
  16945: ed1a23;
  16946: ee1c25;
  16947: e8151c;
  16948: f52026;
  16949: f01a1c;
  16950: ef1b1a;
  16951: f21c1e;
  16952: f21a1f;
  16953: f11a22;
  16954: f01a24;
  16955: f01a26;
  16956: f11926;
  16957: f11924;
  16958: ee1b22;
  16959: ee1b22;
  16960: ed1b26;
  16961: ee1a26;
  16962: f01a22;
  16963: f01a22;
  16964: ed1b24;
  16965: ea1c26;
  16966: e91d28;
  16967: e91d28;
  16968: ec1e28;
  16969: eb1c26;
  16970: ef1b27;
  16971: ef1925;
  16972: ed1723;
  16973: ee1822;
  16974: ef1a20;
  16975: dc2529;
  16976: ac2d36;
  16977: de959c;
  16978: b29d9c;
  16979: abadaa;
  16980: aaaaaa;
  16981: feffff;
  16982: fbfffd;
  16983: fbfffb;
  16984: fefffd;
  16985: ffffff;
  16986: feffff;
  16987: fffffd;
  16988: fffdfd;
  16989: fffdfd;
  16990: feffff;
  16991: fcffff;
  16992: feffff;
  16993: ffffff;
  16994: ffffff;
  16995: ffffff;
  16996: ffffff;
  16997: ffffff;
  16998: ffffff;
  16999: ffffff;
  17000: ffffff;
  17001: ffffff;
  17002: ffffff;
  17003: ffffff;
  17004: ffffff;
  17005: ffffff;
  17006: ffffff;
  17007: ffffff;
  17008: ffffff;
  17009: ffffff;
  17010: ffffff;
  17011: ffffff;
  17012: ffffff;
  17013: ffffff;
  17014: ffffff;
  17015: ffffff;
  17016: ffffff;
  17017: ffffff;
  17018: ffffff;
  17019: ffffff;
  17020: ffffff;
  17021: ffffff;
  17022: ffffff;
  17023: ffffff;
  17024: ffffff;
  17025: ffffff;
  17026: ffffff;
  17027: ffffff;
  17028: ffffff;
  17029: ffffff;
  17030: ffffff;
  17031: ffffff;
  17032: ffffff;
  17033: ffffff;
  17034: ffffff;
  17035: ffffff;
  17036: ffffff;
  17037: ffffff;
  17038: ffffff;
  17039: ffffff;
  17040: ffffff;
  17041: ffffff;
  17042: ffffff;
  17043: ffffff;
  17044: ffffff;
  17045: ffffff;
  17046: ffffff;
  17047: ffffff;
  17048: ffffff;
  17049: ffffff;
  17050: ffffff;
  17051: ffffff;
  17052: ffffff;
  17053: ffffff;
  17054: ffffff;
  17055: ffffff;
  17056: ffffff;
  17057: ffffff;
  17058: ffffff;
  17059: feffff;
  17060: fcffff;
  17061: fbfffd;
  17062: fbfffb;
  17063: fefffa;
  17064: fffcfb;
  17065: fffcfb;
  17066: fffeff;
  17067: fdfdff;
  17068: a6a6a8;
  17069: aba7a8;
  17070: afa5a6;
  17071: d09ca0;
  17072: b32d34;
  17073: d6222d;
  17074: e6202d;
  17075: f32330;
  17076: e8161f;
  17077: f11e24;
  17078: f21d1f;
  17079: ee181a;
  17080: f11b1d;
  17081: f01b21;
  17082: ed1b26;
  17083: ee1a28;
  17084: f11829;
  17085: f11928;
  17086: ee1b22;
  17087: ed1c22;
  17088: ed1b26;
  17089: ed1b26;
  17090: ee1b22;
  17091: ee1b21;
  17092: ed1c22;
  17093: eb1c24;
  17094: ea1c26;
  17095: ea1c28;
  17096: e71925;
  17097: ed1e28;
  17098: f01825;
  17099: f41a28;
  17100: f21a27;
  17101: ed1d2a;
  17102: df2228;
  17103: b7262b;
  17104: dd9096;
  17105: be9fa4;
  17106: aba5a7;
  17107: a4a8a9;
  17108: fefeff;
  17109: fffeff;
  17110: fcfefb;
  17111: fcfef9;
  17112: fffffb;
  17113: fffffd;
  17114: feffff;
  17115: ffffff;
  17116: fffeff;
  17117: fffeff;
  17118: feffff;
  17119: fcffff;
  17120: feffff;
  17121: ffffff;
  17122: ffffff;
  17123: ffffff;
  17124: ffffff;
  17125: ffffff;
  17126: ffffff;
  17127: ffffff;
  17128: ffffff;
  17129: ffffff;
  17130: ffffff;
  17131: ffffff;
  17132: ffffff;
  17133: ffffff;
  17134: ffffff;
  17135: ffffff;
  17136: ffffff;
  17137: ffffff;
  17138: ffffff;
  17139: ffffff;
  17140: ffffff;
  17141: ffffff;
  17142: ffffff;
  17143: ffffff;
  17144: ffffff;
  17145: ffffff;
  17146: ffffff;
  17147: ffffff;
  17148: ffffff;
  17149: ffffff;
  17150: ffffff;
  17151: ffffff;
  17152: ffffff;
  17153: ffffff;
  17154: ffffff;
  17155: ffffff;
  17156: ffffff;
  17157: ffffff;
  17158: ffffff;
  17159: ffffff;
  17160: ffffff;
  17161: ffffff;
  17162: ffffff;
  17163: ffffff;
  17164: ffffff;
  17165: ffffff;
  17166: ffffff;
  17167: ffffff;
  17168: ffffff;
  17169: ffffff;
  17170: ffffff;
  17171: ffffff;
  17172: ffffff;
  17173: ffffff;
  17174: ffffff;
  17175: ffffff;
  17176: ffffff;
  17177: ffffff;
  17178: ffffff;
  17179: ffffff;
  17180: ffffff;
  17181: ffffff;
  17182: ffffff;
  17183: ffffff;
  17184: ffffff;
  17185: ffffff;
  17186: ffffff;
  17187: ffffff;
  17188: fffeff;
  17189: fffffd;
  17190: fcfffb;
  17191: fefffb;
  17192: fffcfa;
  17193: fff8f7;
  17194: ffffff;
  17195: faffff;
  17196: f7ffff;
  17197: fcffff;
  17198: a49fa6;
  17199: bea3aa;
  17200: da999d;
  17201: c5545a;
  17202: bf1724;
  17203: e31a2a;
  17204: e61822;
  17205: ef1e24;
  17206: eb181f;
  17207: f21f25;
  17208: eb1d21;
  17209: ea1d22;
  17210: ea1c26;
  17211: eb1b28;
  17212: ee1a29;
  17213: ee1a28;
  17214: eb1c24;
  17215: eb1c22;
  17216: ea1d24;
  17217: eb1c26;
  17218: ed1b24;
  17219: ee1b22;
  17220: f01b21;
  17221: f11a21;
  17222: f11a22;
  17223: f01a24;
  17224: e81a26;
  17225: ed1d2a;
  17226: f11924;
  17227: f21924;
  17228: ef1925;
  17229: dc212c;
  17230: a92027;
  17231: eb9296;
  17232: c49ba3;
  17233: b1a6ae;
  17234: b9b9bb;
  17235: fbffff;
  17236: ffffff;
  17237: fefcff;
  17238: fffdff;
  17239: fffdfc;
  17240: fefffb;
  17241: fcfffb;
  17242: fefffd;
  17243: feffff;
  17244: feffff;
  17245: feffff;
  17246: ffffff;
  17247: ffffff;
  17248: ffffff;
  17249: ffffff;
  17250: ffffff;
  17251: ffffff;
  17252: ffffff;
  17253: ffffff;
  17254: ffffff;
  17255: ffffff;
  17256: ffffff;
  17257: ffffff;
  17258: ffffff;
  17259: ffffff;
  17260: ffffff;
  17261: ffffff;
  17262: ffffff;
  17263: ffffff;
  17264: ffffff;
  17265: ffffff;
  17266: ffffff;
  17267: ffffff;
  17268: ffffff;
  17269: ffffff;
  17270: ffffff;
  17271: ffffff;
  17272: ffffff;
  17273: ffffff;
  17274: ffffff;
  17275: ffffff;
  17276: ffffff;
  17277: ffffff;
  17278: ffffff;
  17279: ffffff;
  17280: ffffff;
  17281: ffffff;
  17282: ffffff;
  17283: ffffff;
  17284: ffffff;
  17285: ffffff;
  17286: ffffff;
  17287: ffffff;
  17288: ffffff;
  17289: ffffff;
  17290: ffffff;
  17291: ffffff;
  17292: ffffff;
  17293: ffffff;
  17294: ffffff;
  17295: ffffff;
  17296: ffffff;
  17297: ffffff;
  17298: ffffff;
  17299: ffffff;
  17300: ffffff;
  17301: ffffff;
  17302: ffffff;
  17303: ffffff;
  17304: ffffff;
  17305: ffffff;
  17306: ffffff;
  17307: ffffff;
  17308: ffffff;
  17309: ffffff;
  17310: ffffff;
  17311: ffffff;
  17312: feffff;
  17313: feffff;
  17314: fffeff;
  17315: fffeff;
  17316: fffeff;
  17317: fffeff;
  17318: fefffd;
  17319: fffffb;
  17320: fffefb;
  17321: fffefb;
  17322: fcfefb;
  17323: fbffff;
  17324: fbffff;
  17325: fbfeff;
  17326: bdbcc4;
  17327: aea4ac;
  17328: b5a1a3;
  17329: d99ca1;
  17330: e46471;
  17331: cb2030;
  17332: e3252f;
  17333: e71e26;
  17334: e91a22;
  17335: eb1c24;
  17336: e91e24;
  17337: e71e26;
  17338: e91d28;
  17339: ea1c28;
  17340: ed1b28;
  17341: ed1b28;
  17342: eb1c24;
  17343: ea1d22;
  17344: e91e22;
  17345: ea1d24;
  17346: eb1c24;
  17347: ee1b24;
  17348: f01a22;
  17349: f11a21;
  17350: f21921;
  17351: f01a22;
  17352: ee202a;
  17353: e61721;
  17354: f11924;
  17355: ed1d2a;
  17356: d71f29;
  17357: ae1e27;
  17358: d27b81;
  17359: c99ca1;
  17360: b4a4ae;
  17361: a3a2aa;
  17362: fefeff;
  17363: ffffff;
  17364: fffdfe;
  17365: fffeff;
  17366: fffcfe;
  17367: fffeff;
  17368: fcfffb;
  17369: fbfffb;
  17370: ffffff;
  17371: ffffff;
  17372: fcffff;
  17373: fcffff;
  17374: fffeff;
  17375: fffffd;
  17376: fffeff;
  17377: ffffff;
  17378: ffffff;
  17379: ffffff;
  17380: ffffff;
  17381: ffffff;
  17382: ffffff;
  17383: ffffff;
  17384: ffffff;
  17385: ffffff;
  17386: ffffff;
  17387: ffffff;
  17388: ffffff;
  17389: ffffff;
  17390: ffffff;
  17391: ffffff;
  17392: ffffff;
  17393: ffffff;
  17394: ffffff;
  17395: ffffff;
  17396: ffffff;
  17397: ffffff;
  17398: ffffff;
  17399: ffffff;
  17400: ffffff;
  17401: ffffff;
  17402: ffffff;
  17403: ffffff;
  17404: ffffff;
  17405: ffffff;
  17406: ffffff;
  17407: ffffff;
  17408: ffffff;
  17409: ffffff;
  17410: ffffff;
  17411: ffffff;
  17412: ffffff;
  17413: ffffff;
  17414: ffffff;
  17415: ffffff;
  17416: ffffff;
  17417: ffffff;
  17418: ffffff;
  17419: ffffff;
  17420: ffffff;
  17421: ffffff;
  17422: ffffff;
  17423: ffffff;
  17424: ffffff;
  17425: ffffff;
  17426: ffffff;
  17427: ffffff;
  17428: ffffff;
  17429: ffffff;
  17430: ffffff;
  17431: ffffff;
  17432: ffffff;
  17433: ffffff;
  17434: ffffff;
  17435: ffffff;
  17436: ffffff;
  17437: ffffff;
  17438: ffffff;
  17439: ffffff;
  17440: fefffd;
  17441: fffffd;
  17442: fffeff;
  17443: fffeff;
  17444: ffffff;
  17445: ffffff;
  17446: fffeff;
  17447: fffeff;
  17448: fffffd;
  17449: fbfdf8;
  17450: fcfffd;
  17451: fefffd;
  17452: fffdff;
  17453: fffcff;
  17454: fffeff;
  17455: a2a1a9;
  17456: aaa9ae;
  17457: bba2a8;
  17458: dd949f;
  17459: a6303c;
  17460: cc2a35;
  17461: e1242b;
  17462: e41d24;
  17463: eb1e25;
  17464: ea1a27;
  17465: ea1c29;
  17466: e71926;
  17467: ed1d2a;
  17468: ee1b24;
  17469: ef1c23;
  17470: e91a20;
  17471: e91e22;
  17472: e81d20;
  17473: ed2124;
  17474: eb1c22;
  17475: ed1b24;
  17476: ef1c25;
  17477: ed1a23;
  17478: ef1c25;
  17479: ec1b21;
  17480: e81c1f;
  17481: eb1d21;
  17482: f21a27;
  17483: dc202e;
  17484: a72c31;
  17485: d1898d;
  17486: c8a3aa;
  17487: afa2ab;
  17488: a7a4ad;
  17489: d0cfd5;
  17490: fcf6f8;
  17491: fffcfd;
  17492: fffdfd;
  17493: fffffd;
  17494: fcffff;
  17495: f9ffff;
  17496: f8ffff;
  17497: fcffff;
  17498: fffdff;
  17499: fffcff;
  17500: feffff;
  17501: fcffff;
  17502: fffffd;
  17503: fffffb;
  17504: fffffd;
  17505: ffffff;
  17506: ffffff;
  17507: ffffff;
  17508: ffffff;
  17509: ffffff;
  17510: ffffff;
  17511: ffffff;
  17512: ffffff;
  17513: ffffff;
  17514: ffffff;
  17515: ffffff;
  17516: ffffff;
  17517: ffffff;
  17518: ffffff;
  17519: ffffff;
  17520: ffffff;
  17521: ffffff;
  17522: ffffff;
  17523: ffffff;
  17524: ffffff;
  17525: ffffff;
  17526: ffffff;
  17527: ffffff;
  17528: ffffff;
  17529: ffffff;
  17530: ffffff;
  17531: ffffff;
  17532: ffffff;
  17533: ffffff;
  17534: ffffff;
  17535: ffffff;
  17536: ffffff;
  17537: ffffff;
  17538: ffffff;
  17539: ffffff;
  17540: ffffff;
  17541: ffffff;
  17542: ffffff;
  17543: ffffff;
  17544: ffffff;
  17545: ffffff;
  17546: ffffff;
  17547: ffffff;
  17548: ffffff;
  17549: ffffff;
  17550: ffffff;
  17551: ffffff;
  17552: ffffff;
  17553: ffffff;
  17554: ffffff;
  17555: ffffff;
  17556: ffffff;
  17557: ffffff;
  17558: ffffff;
  17559: ffffff;
  17560: ffffff;
  17561: ffffff;
  17562: ffffff;
  17563: ffffff;
  17564: ffffff;
  17565: ffffff;
  17566: ffffff;
  17567: ffffff;
  17568: fefffd;
  17569: fffffd;
  17570: fffeff;
  17571: fffeff;
  17572: feffff;
  17573: feffff;
  17574: fffdff;
  17575: fffeff;
  17576: feffff;
  17577: fbfffc;
  17578: fbfffb;
  17579: fcfef9;
  17580: fffefd;
  17581: fffafe;
  17582: fffeff;
  17583: fafdff;
  17584: 9ba2a8;
  17585: aca7ad;
  17586: c4a3aa;
  17587: d89199;
  17588: e16972;
  17589: c2292e;
  17590: d6252b;
  17591: e22028;
  17592: eb1f2b;
  17593: ec1c2a;
  17594: e91b27;
  17595: e81923;
  17596: f11a22;
  17597: f11c22;
  17598: ec1d23;
  17599: ea1e21;
  17600: ec2023;
  17601: e3171a;
  17602: ec1d23;
  17603: ed1e26;
  17604: eb1723;
  17605: ee1a26;
  17606: f1222a;
  17607: e81d21;
  17608: e11d1e;
  17609: e12325;
  17610: db212c;
  17611: b62431;
  17612: e59aa1;
  17613: bb9ea3;
  17614: aea3ab;
  17615: a8a8b0;
  17616: ecf1f7;
  17617: f8fcff;
  17618: fffdff;
  17619: fffcfb;
  17620: fffbf9;
  17621: fffffb;
  17622: fbffff;
  17623: f7ffff;
  17624: f8ffff;
  17625: fcffff;
  17626: fffdff;
  17627: fffcff;
  17628: ffffff;
  17629: feffff;
  17630: fffffd;
  17631: fffffb;
  17632: fffffd;
  17633: ffffff;
  17634: ffffff;
  17635: ffffff;
  17636: ffffff;
  17637: ffffff;
  17638: ffffff;
  17639: ffffff;
  17640: ffffff;
  17641: ffffff;
  17642: ffffff;
  17643: ffffff;
  17644: ffffff;
  17645: ffffff;
  17646: ffffff;
  17647: ffffff;
  17648: ffffff;
  17649: ffffff;
  17650: ffffff;
  17651: ffffff;
  17652: ffffff;
  17653: ffffff;
  17654: ffffff;
  17655: ffffff;
  17656: ffffff;
  17657: ffffff;
  17658: ffffff;
  17659: ffffff;
  17660: ffffff;
  17661: ffffff;
  17662: ffffff;
  17663: ffffff;
  17664: ffffff;
  17665: ffffff;
  17666: ffffff;
  17667: ffffff;
  17668: ffffff;
  17669: ffffff;
  17670: ffffff;
  17671: ffffff;
  17672: ffffff;
  17673: ffffff;
  17674: ffffff;
  17675: ffffff;
  17676: ffffff;
  17677: ffffff;
  17678: ffffff;
  17679: ffffff;
  17680: ffffff;
  17681: ffffff;
  17682: ffffff;
  17683: ffffff;
  17684: ffffff;
  17685: ffffff;
  17686: ffffff;
  17687: ffffff;
  17688: ffffff;
  17689: ffffff;
  17690: ffffff;
  17691: ffffff;
  17692: ffffff;
  17693: ffffff;
  17694: ffffff;
  17695: ffffff;
  17696: fffffd;
  17697: fffffd;
  17698: fffffd;
  17699: fffffd;
  17700: feffff;
  17701: ffffff;
  17702: fffeff;
  17703: fffeff;
  17704: fefeff;
  17705: fcffff;
  17706: fbfffb;
  17707: f8fff7;
  17708: fafff9;
  17709: fefffd;
  17710: fdfdfd;
  17711: ffffff;
  17712: eff3f6;
  17713: a3a4a6;
  17714: aba2a7;
  17715: bfa2a6;
  17716: d29799;
  17717: b15153;
  17718: b72a30;
  17719: d2252b;
  17720: e01d25;
  17721: ea1c26;
  17722: ec1f26;
  17723: f12026;
  17724: f21921;
  17725: ee151d;
  17726: f11e24;
  17727: ed1c21;
  17728: ed1c22;
  17729: f01f25;
  17730: ec1d23;
  17731: e81921;
  17732: f11d29;
  17733: eb1723;
  17734: e71820;
  17735: e42022;
  17736: df2727;
  17737: c52728;
  17738: 9f232b;
  17739: de8d96;
  17740: be9da8;
  17741: aca4af;
  17742: aca6b0;
  17743: b6b7bc;
  17744: f8ffff;
  17745: f8ffff;
  17746: fffffd;
  17747: fffefb;
  17748: fffefa;
  17749: fffffa;
  17750: fffffd;
  17751: fdfeff;
  17752: fbffff;
  17753: fbffff;
  17754: feffff;
  17755: fffeff;
  17756: fffefd;
  17757: fffffb;
  17758: fefffd;
  17759: fcfffd;
  17760: feffff;
  17761: ffffff;
  17762: ffffff;
  17763: ffffff;
  17764: ffffff;
  17765: ffffff;
  17766: ffffff;
  17767: ffffff;
  17768: ffffff;
  17769: ffffff;
  17770: ffffff;
  17771: ffffff;
  17772: ffffff;
  17773: ffffff;
  17774: ffffff;
  17775: ffffff;
  17776: ffffff;
  17777: ffffff;
  17778: ffffff;
  17779: ffffff;
  17780: ffffff;
  17781: ffffff;
  17782: ffffff;
  17783: ffffff;
  17784: ffffff;
  17785: ffffff;
  17786: ffffff;
  17787: ffffff;
  17788: ffffff;
  17789: ffffff;
  17790: ffffff;
  17791: ffffff;
  17792: ffffff;
  17793: ffffff;
  17794: ffffff;
  17795: ffffff;
  17796: ffffff;
  17797: ffffff;
  17798: ffffff;
  17799: ffffff;
  17800: ffffff;
  17801: ffffff;
  17802: ffffff;
  17803: ffffff;
  17804: ffffff;
  17805: ffffff;
  17806: ffffff;
  17807: ffffff;
  17808: ffffff;
  17809: ffffff;
  17810: ffffff;
  17811: ffffff;
  17812: ffffff;
  17813: ffffff;
  17814: ffffff;
  17815: ffffff;
  17816: ffffff;
  17817: ffffff;
  17818: ffffff;
  17819: ffffff;
  17820: ffffff;
  17821: ffffff;
  17822: ffffff;
  17823: ffffff;
  17824: fffeff;
  17825: fffeff;
  17826: fffffd;
  17827: fefffd;
  17828: fcfffd;
  17829: feffff;
  17830: fffeff;
  17831: fffeff;
  17832: feffff;
  17833: fbfffe;
  17834: f8fffa;
  17835: f9fffa;
  17836: f8fff7;
  17837: fcfffb;
  17838: fffffd;
  17839: fbfbfb;
  17840: f8fcfd;
  17841: fbffff;
  17842: d4d8d9;
  17843: b1abab;
  17844: bea5a8;
  17845: cd999b;
  17846: e98f91;
  17847: cb484e;
  17848: d2242d;
  17849: e6212a;
  17850: e5181f;
  17851: ed1a21;
  17852: f11821;
  17853: f11821;
  17854: f21c24;
  17855: ed1a21;
  17856: ec161e;
  17857: f32029;
  17858: e91a24;
  17859: eb1d27;
  17860: eb1926;
  17861: ee1e2b;
  17862: ed212a;
  17863: dc252a;
  17864: b01e1f;
  17865: f78b8b;
  17866: dd989d;
  17867: c19ea5;
  17868: aea2ac;
  17869: a8a8b2;
  17870: e2e1e7;
  17871: feffff;
  17872: f6fffe;
  17873: f6fffd;
  17874: fbfffc;
  17875: fefffa;
  17876: fffef9;
  17877: fffef9;
  17878: fffefb;
  17879: fffeff;
  17880: fcffff;
  17881: fbffff;
  17882: feffff;
  17883: ffffff;
  17884: fffefb;
  17885: fffefb;
  17886: fcffff;
  17887: fbffff;
  17888: feffff;
  17889: ffffff;
  17890: ffffff;
  17891: ffffff;
  17892: ffffff;
  17893: ffffff;
  17894: ffffff;
  17895: ffffff;
  17896: ffffff;
  17897: ffffff;
  17898: ffffff;
  17899: ffffff;
  17900: ffffff;
  17901: ffffff;
  17902: ffffff;
  17903: ffffff;
  17904: ffffff;
  17905: ffffff;
  17906: ffffff;
  17907: ffffff;
  17908: ffffff;
  17909: ffffff;
  17910: ffffff;
  17911: ffffff;
  17912: ffffff;
  17913: ffffff;
  17914: ffffff;
  17915: ffffff;
  17916: ffffff;
  17917: ffffff;
  17918: ffffff;
  17919: ffffff;
  17920: ffffff;
  17921: ffffff;
  17922: ffffff;
  17923: ffffff;
  17924: ffffff;
  17925: ffffff;
  17926: ffffff;
  17927: ffffff;
  17928: ffffff;
  17929: ffffff;
  17930: ffffff;
  17931: ffffff;
  17932: ffffff;
  17933: ffffff;
  17934: ffffff;
  17935: ffffff;
  17936: ffffff;
  17937: ffffff;
  17938: ffffff;
  17939: ffffff;
  17940: ffffff;
  17941: ffffff;
  17942: ffffff;
  17943: ffffff;
  17944: ffffff;
  17945: ffffff;
  17946: ffffff;
  17947: ffffff;
  17948: ffffff;
  17949: ffffff;
  17950: ffffff;
  17951: fffeff;
  17952: fffdff;
  17953: fffdff;
  17954: fffeff;
  17955: fefffd;
  17956: fbfffd;
  17957: fbfffd;
  17958: fcffff;
  17959: fcffff;
  17960: f9ffff;
  17961: f8ffff;
  17962: f7fdf9;
  17963: fcfffb;
  17964: fcfffa;
  17965: fbfdf8;
  17966: fffffd;
  17967: ffffff;
  17968: f9ffff;
  17969: f9ffff;
  17970: fdfffa;
  17971: a7a3a0;
  17972: b6aaac;
  17973: b6a2a4;
  17974: bd9fa1;
  17975: e19aa0;
  17976: b82a38;
  17977: d81e2c;
  17978: f0222e;
  17979: ef1722;
  17980: f41c27;
  17981: f61e29;
  17982: ed1723;
  17983: f31d27;
  17984: f51f27;
  17985: e7141d;
  17986: eb1d2a;
  17987: e61c2a;
  17988: ec222e;
  17989: e61e28;
  17990: df1b25;
  17991: be2128;
  17992: d58083;
  17993: c39c9d;
  17994: b4a1a7;
  17995: b2a8b1;
  17996: aaa5ab;
  17997: fbfbfd;
  17998: feffff;
  17999: f9fdfe;
  18000: fcffff;
  18001: fcffff;
  18002: fefffd;
  18003: fefffb;
  18004: fefffa;
  18005: fffffa;
  18006: fffffb;
  18007: fdfdfd;
  18008: fbffff;
  18009: fcffff;
  18010: ffffff;
  18011: fffeff;
  18012: fffefb;
  18013: fffffb;
  18014: fcffff;
  18015: fcffff;
  18016: feffff;
  18017: ffffff;
  18018: ffffff;
  18019: ffffff;
  18020: ffffff;
  18021: ffffff;
  18022: ffffff;
  18023: ffffff;
  18024: ffffff;
  18025: ffffff;
  18026: ffffff;
  18027: ffffff;
  18028: ffffff;
  18029: ffffff;
  18030: ffffff;
  18031: ffffff;
  18032: ffffff;
  18033: ffffff;
  18034: ffffff;
  18035: ffffff;
  18036: ffffff;
  18037: ffffff;
  18038: ffffff;
  18039: ffffff;
  18040: ffffff;
  18041: ffffff;
  18042: ffffff;
  18043: ffffff;
  18044: ffffff;
  18045: ffffff;
  18046: ffffff;
  18047: ffffff;
  18048: ffffff;
  18049: ffffff;
  18050: ffffff;
  18051: ffffff;
  18052: ffffff;
  18053: ffffff;
  18054: ffffff;
  18055: ffffff;
  18056: ffffff;
  18057: ffffff;
  18058: ffffff;
  18059: ffffff;
  18060: ffffff;
  18061: ffffff;
  18062: ffffff;
  18063: ffffff;
  18064: ffffff;
  18065: ffffff;
  18066: ffffff;
  18067: ffffff;
  18068: ffffff;
  18069: ffffff;
  18070: ffffff;
  18071: ffffff;
  18072: ffffff;
  18073: ffffff;
  18074: ffffff;
  18075: ffffff;
  18076: ffffff;
  18077: ffffff;
  18078: ffffff;
  18079: ffffff;
  18080: fffdff;
  18081: fffdff;
  18082: fffeff;
  18083: fefffd;
  18084: fcfffb;
  18085: fcfffb;
  18086: fcffff;
  18087: fcffff;
  18088: f9feff;
  18089: f9ffff;
  18090: fcfffd;
  18091: fbfdf8;
  18092: fefffb;
  18093: fffffb;
  18094: fefcfd;
  18095: fbfbfb;
  18096: fbffff;
  18097: f6fcf8;
  18098: fefffb;
  18099: fffffd;
  18100: a4a2a5;
  18101: aaa8ab;
  18102: a6a6a6;
  18103: bfa0a5;
  18104: ed909b;
  18105: a91f2e;
  18106: c1212b;
  18107: da262f;
  18108: e41c27;
  18109: e91724;
  18110: e91521;
  18111: ed1a23;
  18112: f11c22;
  18113: ef1921;
  18114: ef1f2d;
  18115: e3202e;
  18116: d3262c;
  18117: c92d31;
  18118: b92630;
  18119: da6f77;
  18120: c7a0a3;
  18121: aaa8ab;
  18122: aaaab2;
  18123: a1a4a9;
  18124: d3d3d3;
  18125: fffffd;
  18126: fefffd;
  18127: feffff;
  18128: fcfdff;
  18129: fefeff;
  18130: fffffd;
  18131: fffffb;
  18132: fefffa;
  18133: fefffa;
  18134: fffffd;
  18135: fdfdfd;
  18136: feffff;
  18137: feffff;
  18138: fffeff;
  18139: fffffd;
  18140: fffefb;
  18141: fffffd;
  18142: feffff;
  18143: fcffff;
  18144: feffff;
  18145: ffffff;
  18146: ffffff;
  18147: ffffff;
  18148: ffffff;
  18149: ffffff;
  18150: ffffff;
  18151: ffffff;
  18152: ffffff;
  18153: ffffff;
  18154: ffffff;
  18155: ffffff;
  18156: ffffff;
  18157: ffffff;
  18158: ffffff;
  18159: ffffff;
  18160: ffffff;
  18161: ffffff;
  18162: ffffff;
  18163: ffffff;
  18164: ffffff;
  18165: ffffff;
  18166: ffffff;
  18167: ffffff;
  18168: ffffff;
  18169: ffffff;
  18170: ffffff;
  18171: ffffff;
  18172: ffffff;
  18173: ffffff;
  18174: ffffff;
  18175: ffffff;
  18176: ffffff;
  18177: ffffff;
  18178: ffffff;
  18179: ffffff;
  18180: ffffff;
  18181: ffffff;
  18182: ffffff;
  18183: ffffff;
  18184: ffffff;
  18185: ffffff;
  18186: ffffff;
  18187: ffffff;
  18188: ffffff;
  18189: ffffff;
  18190: ffffff;
  18191: ffffff;
  18192: ffffff;
  18193: ffffff;
  18194: ffffff;
  18195: ffffff;
  18196: ffffff;
  18197: ffffff;
  18198: ffffff;
  18199: ffffff;
  18200: ffffff;
  18201: ffffff;
  18202: ffffff;
  18203: ffffff;
  18204: ffffff;
  18205: ffffff;
  18206: ffffff;
  18207: feffff;
  18208: fefeff;
  18209: fcffff;
  18210: fcffff;
  18211: fefffb;
  18212: fffffa;
  18213: fffffa;
  18214: fffeff;
  18215: ffffff;
  18216: fffeff;
  18217: fefcff;
  18218: fffeff;
  18219: fffffd;
  18220: fbfdfa;
  18221: fefefc;
  18222: fffeff;
  18223: fffeff;
  18224: fdfbfc;
  18225: fffeff;
  18226: ffffff;
  18227: feffff;
  18228: fcfdff;
  18229: ccccce;
  18230: a5a5a5;
  18231: b0a4a6;
  18232: be9ba2;
  18233: cf9ca3;
  18234: db9b9c;
  18235: be575a;
  18236: c91d2b;
  18237: ea1e2a;
  18238: ef2229;
  18239: ea1c20;
  18240: f01b21;
  18241: f01920;
  18242: ef1921;
  18243: d81f25;
  18244: a12422;
  18245: e08c8a;
  18246: d39ca1;
  18247: bda0a5;
  18248: b2a9ae;
  18249: a4a3a8;
  18250: a7a2a6;
  18251: fdfbfc;
  18252: fefffd;
  18253: fcfef9;
  18254: fffffb;
  18255: fcfbf9;
  18256: fffeff;
  18257: fffdff;
  18258: fffdfd;
  18259: fffdf9;
  18260: fffbf8;
  18261: fefdf9;
  18262: ffffff;
  18263: fffeff;
  18264: fffdff;
  18265: fffeff;
  18266: fefffb;
  18267: fefffb;
  18268: fffffd;
  18269: fffeff;
  18270: fffeff;
  18271: feffff;
  18272: ffffff;
  18273: ffffff;
  18274: ffffff;
  18275: ffffff;
  18276: ffffff;
  18277: ffffff;
  18278: ffffff;
  18279: ffffff;
  18280: ffffff;
  18281: ffffff;
  18282: ffffff;
  18283: ffffff;
  18284: ffffff;
  18285: ffffff;
  18286: ffffff;
  18287: ffffff;
  18288: ffffff;
  18289: ffffff;
  18290: ffffff;
  18291: ffffff;
  18292: ffffff;
  18293: ffffff;
  18294: ffffff;
  18295: ffffff;
  18296: ffffff;
  18297: ffffff;
  18298: ffffff;
  18299: ffffff;
  18300: ffffff;
  18301: ffffff;
  18302: ffffff;
  18303: ffffff;
  18304: ffffff;
  18305: ffffff;
  18306: ffffff;
  18307: ffffff;
  18308: ffffff;
  18309: ffffff;
  18310: ffffff;
  18311: ffffff;
  18312: ffffff;
  18313: ffffff;
  18314: ffffff;
  18315: ffffff;
  18316: ffffff;
  18317: ffffff;
  18318: ffffff;
  18319: ffffff;
  18320: ffffff;
  18321: ffffff;
  18322: ffffff;
  18323: ffffff;
  18324: ffffff;
  18325: ffffff;
  18326: ffffff;
  18327: ffffff;
  18328: ffffff;
  18329: ffffff;
  18330: ffffff;
  18331: ffffff;
  18332: ffffff;
  18333: ffffff;
  18334: ffffff;
  18335: feffff;
  18336: fcffff;
  18337: fbffff;
  18338: fcffff;
  18339: fefffd;
  18340: fffefb;
  18341: fffefb;
  18342: fffefd;
  18343: fffeff;
  18344: fffcff;
  18345: fffdff;
  18346: fdfbfc;
  18347: ffffff;
  18348: fefefc;
  18349: ffffff;
  18350: ffffff;
  18351: fefcff;
  18352: fffeff;
  18353: fffdff;
  18354: fdfcff;
  18355: feffff;
  18356: fcfdff;
  18357: feffff;
  18358: efedee;
  18359: a5a3a4;
  18360: a8a6a9;
  18361: b1adae;
  18362: aca2a0;
  18363: ce9e9e;
  18364: cb535d;
  18365: c22633;
  18366: c4282c;
  18367: d02a2e;
  18368: d6222d;
  18369: dd2733;
  18370: d2272d;
  18371: a82223;
  18372: d9908a;
  18373: bfa29c;
  18374: aca6a6;
  18375: a6abaf;
  18376: a2a5aa;
  18377: bdbcc1;
  18378: fffeff;
  18379: fffffd;
  18380: fcfefb;
  18381: fefffb;
  18382: fffefa;
  18383: fffefd;
  18384: fffdff;
  18385: fffbff;
  18386: fffbfb;
  18387: fffefb;
  18388: fffefb;
  18389: fffffd;
  18390: fefeff;
  18391: fffdff;
  18392: fffdff;
  18393: fffefd;
  18394: fefffb;
  18395: fcfffb;
  18396: ffffff;
  18397: fffeff;
  18398: ffffff;
  18399: ffffff;
  18400: ffffff;
  18401: ffffff;
  18402: ffffff;
  18403: ffffff;
  18404: ffffff;
  18405: ffffff;
  18406: ffffff;
  18407: ffffff;
  18408: ffffff;
  18409: ffffff;
  18410: ffffff;
  18411: ffffff;
  18412: ffffff;
  18413: ffffff;
  18414: ffffff;
  18415: ffffff;
  18416: ffffff;
  18417: ffffff;
  18418: ffffff;
  18419: ffffff;
  18420: ffffff;
  18421: ffffff;
  18422: ffffff;
  18423: ffffff;
  18424: ffffff;
  18425: ffffff;
  18426: ffffff;
  18427: ffffff;
  18428: ffffff;
  18429: ffffff;
  18430: ffffff;
  18431: ffffff;
  18432: ffffff;
  18433: ffffff;
  18434: ffffff;
  18435: ffffff;
  18436: ffffff;
  18437: ffffff;
  18438: ffffff;
  18439: ffffff;
  18440: ffffff;
  18441: ffffff;
  18442: ffffff;
  18443: ffffff;
  18444: ffffff;
  18445: ffffff;
  18446: ffffff;
  18447: ffffff;
  18448: ffffff;
  18449: ffffff;
  18450: ffffff;
  18451: ffffff;
  18452: ffffff;
  18453: ffffff;
  18454: ffffff;
  18455: ffffff;
  18456: ffffff;
  18457: ffffff;
  18458: ffffff;
  18459: ffffff;
  18460: ffffff;
  18461: ffffff;
  18462: ffffff;
  18463: ffffff;
  18464: feffff;
  18465: feffff;
  18466: feffff;
  18467: ffffff;
  18468: fffffd;
  18469: fffffd;
  18470: fffeff;
  18471: ffffff;
  18472: fffeff;
  18473: fffeff;
  18474: ffffff;
  18475: ffffff;
  18476: ffffff;
  18477: ffffff;
  18478: ffffff;
  18479: ffffff;
  18480: feffff;
  18481: feffff;
  18482: fcffff;
  18483: feffff;
  18484: ffffff;
  18485: fffeff;
  18486: fffeff;
  18487: fffeff;
  18488: d8d8d8;
  18489: a4a6a5;
  18490: aaaca9;
  18491: b3a8a6;
  18492: c59b9f;
  18493: d699a0;
  18494: d89199;
  18495: 913743;
  18496: 9b243a;
  18497: da697b;
  18498: dd9098;
  18499: cca09f;
  18500: b2a7a1;
  18501: a6a9a2;
  18502: a8a8a8;
  18503: aba9ae;
  18504: fffeff;
  18505: ffffff;
  18506: feffff;
  18507: fcffff;
  18508: feffff;
  18509: fffffd;
  18510: fffffd;
  18511: fffeff;
  18512: fffeff;
  18513: fffeff;
  18514: fffeff;
  18515: fffffd;
  18516: fffffd;
  18517: ffffff;
  18518: ffffff;
  18519: ffffff;
  18520: fffeff;
  18521: fffeff;
  18522: fffffd;
  18523: fefffd;
  18524: ffffff;
  18525: ffffff;
  18526: ffffff;
  18527: ffffff;
  18528: ffffff;
  18529: ffffff;
  18530: ffffff;
  18531: ffffff;
  18532: ffffff;
  18533: ffffff;
  18534: ffffff;
  18535: ffffff;
  18536: ffffff;
  18537: ffffff;
  18538: ffffff;
  18539: ffffff;
  18540: ffffff;
  18541: ffffff;
  18542: ffffff;
  18543: ffffff;
  18544: ffffff;
  18545: ffffff;
  18546: ffffff;
  18547: ffffff;
  18548: ffffff;
  18549: ffffff;
  18550: ffffff;
  18551: ffffff;
  18552: ffffff;
  18553: ffffff;
  18554: ffffff;
  18555: ffffff;
  18556: ffffff;
  18557: ffffff;
  18558: ffffff;
  18559: ffffff;
  18560: ffffff;
  18561: ffffff;
  18562: ffffff;
  18563: ffffff;
  18564: ffffff;
  18565: ffffff;
  18566: ffffff;
  18567: ffffff;
  18568: ffffff;
  18569: ffffff;
  18570: ffffff;
  18571: ffffff;
  18572: ffffff;
  18573: ffffff;
  18574: ffffff;
  18575: ffffff;
  18576: ffffff;
  18577: ffffff;
  18578: ffffff;
  18579: ffffff;
  18580: ffffff;
  18581: ffffff;
  18582: ffffff;
  18583: ffffff;
  18584: ffffff;
  18585: ffffff;
  18586: ffffff;
  18587: ffffff;
  18588: ffffff;
  18589: ffffff;
  18590: ffffff;
  18591: ffffff;
  18592: ffffff;
  18593: ffffff;
  18594: ffffff;
  18595: ffffff;
  18596: ffffff;
  18597: ffffff;
  18598: ffffff;
  18599: ffffff;
  18600: ffffff;
  18601: ffffff;
  18602: ffffff;
  18603: ffffff;
  18604: ffffff;
  18605: ffffff;
  18606: ffffff;
  18607: feffff;
  18608: fcffff;
  18609: fcffff;
  18610: fcffff;
  18611: feffff;
  18612: ffffff;
  18613: fffeff;
  18614: fffdff;
  18615: fffeff;
  18616: feffff;
  18617: c4cac8;
  18618: 9fa8a5;
  18619: a4aaa8;
  18620: a7a5a6;
  18621: b4a8ac;
  18622: b99fa8;
  18623: c89cab;
  18624: c37f94;
  18625: d69cab;
  18626: b49fa4;
  18627: a7aca8;
  18628: 9aa9a4;
  18629: 9eaaa6;
  18630: aba9ac;
  18631: fffdff;
  18632: fffdff;
  18633: ffffff;
  18634: fcffff;
  18635: fbffff;
  18636: feffff;
  18637: fffeff;
  18638: fffeff;
  18639: fffeff;
  18640: ffffff;
  18641: ffffff;
  18642: ffffff;
  18643: ffffff;
  18644: ffffff;
  18645: ffffff;
  18646: ffffff;
  18647: ffffff;
  18648: ffffff;
  18649: ffffff;
  18650: ffffff;
  18651: ffffff;
  18652: ffffff;
  18653: ffffff;
  18654: ffffff;
  18655: ffffff;
  18656: ffffff;
  18657: ffffff;
  18658: ffffff;
  18659: ffffff;
  18660: ffffff;
  18661: ffffff;
  18662: ffffff;
  18663: ffffff;
  18664: ffffff;
  18665: ffffff;
  18666: ffffff;
  18667: ffffff;
  18668: ffffff;
  18669: ffffff;
  18670: ffffff;
  18671: ffffff;
  18672: ffffff;
  18673: ffffff;
  18674: ffffff;
  18675: ffffff;
  18676: ffffff;
  18677: ffffff;
  18678: ffffff;
  18679: ffffff;
  18680: ffffff;
  18681: ffffff;
  18682: ffffff;
  18683: ffffff;
  18684: ffffff;
  18685: ffffff;
  18686: ffffff;
  18687: ffffff;
  18688: ffffff;
  18689: ffffff;
  18690: ffffff;
  18691: ffffff;
  18692: ffffff;
  18693: ffffff;
  18694: ffffff;
  18695: ffffff;
  18696: ffffff;
  18697: ffffff;
  18698: ffffff;
  18699: ffffff;
  18700: ffffff;
  18701: ffffff;
  18702: ffffff;
  18703: ffffff;
  18704: ffffff;
  18705: ffffff;
  18706: ffffff;
  18707: ffffff;
  18708: ffffff;
  18709: ffffff;
  18710: ffffff;
  18711: ffffff;
  18712: ffffff;
  18713: ffffff;
  18714: ffffff;
  18715: ffffff;
  18716: ffffff;
  18717: ffffff;
  18718: ffffff;
  18719: ffffff;
  18720: ffffff;
  18721: ffffff;
  18722: ffffff;
  18723: ffffff;
  18724: ffffff;
  18725: ffffff;
  18726: ffffff;
  18727: ffffff;
  18728: ffffff;
  18729: ffffff;
  18730: ffffff;
  18731: ffffff;
  18732: ffffff;
  18733: ffffff;
  18734: ffffff;
  18735: ffffff;
  18736: feffff;
  18737: feffff;
  18738: feffff;
  18739: feffff;
  18740: ffffff;
  18741: fffeff;
  18742: fffdff;
  18743: fffeff;
  18744: fcfcfc;
  18745: fcffff;
  18746: fbffff;
  18747: fbffff;
  18748: a7a7a7;
  18749: aea5a8;
  18750: b6a1a8;
  18751: bca1aa;
  18752: ba9fa6;
  18753: b9a6aa;
  18754: a9a8a6;
  18755: 9ba49f;
  18756: d8dedc;
  18757: feffff;
  18758: fff8fd;
  18759: fffbff;
  18760: fffdff;
  18761: ffffff;
  18762: fcffff;
  18763: fcffff;
  18764: ffffff;
  18765: fffeff;
  18766: fffefd;
  18767: fffffd;
  18768: ffffff;
  18769: ffffff;
  18770: ffffff;
  18771: ffffff;
  18772: ffffff;
  18773: ffffff;
  18774: ffffff;
  18775: ffffff;
  18776: ffffff;
  18777: ffffff;
  18778: ffffff;
  18779: ffffff;
  18780: ffffff;
  18781: ffffff;
  18782: ffffff;
  18783: ffffff;
  18784: ffffff;
  18785: ffffff;
  18786: ffffff;
  18787: ffffff;
  18788: ffffff;
  18789: ffffff;
  18790: ffffff;
  18791: ffffff;
  18792: ffffff;
  18793: ffffff;
  18794: ffffff;
  18795: ffffff;
  18796: ffffff;
  18797: ffffff;
  18798: ffffff;
  18799: ffffff;
  18800: ffffff;
  18801: ffffff;
  18802: ffffff;
  18803: ffffff;
  18804: ffffff;
  18805: ffffff;
  18806: ffffff;
  18807: ffffff;
  18808: ffffff;
  18809: ffffff;
  18810: ffffff;
  18811: ffffff;
  18812: ffffff;
  18813: ffffff;
  18814: ffffff;
  18815: ffffff;
  18816: ffffff;
  18817: ffffff;
  18818: ffffff;
  18819: ffffff;
  18820: ffffff;
  18821: ffffff;
  18822: ffffff;
  18823: ffffff;
  18824: ffffff;
  18825: ffffff;
  18826: ffffff;
  18827: ffffff;
  18828: ffffff;
  18829: ffffff;
  18830: ffffff;
  18831: ffffff;
  18832: ffffff;
  18833: ffffff;
  18834: ffffff;
  18835: ffffff;
  18836: ffffff;
  18837: ffffff;
  18838: ffffff;
  18839: ffffff;
  18840: ffffff;
  18841: ffffff;
  18842: ffffff;
  18843: ffffff;
  18844: ffffff;
  18845: ffffff;
  18846: ffffff;
  18847: ffffff;
  18848: ffffff;
  18849: ffffff;
  18850: ffffff;
  18851: ffffff;
  18852: ffffff;
  18853: ffffff;
  18854: ffffff;
  18855: ffffff;
  18856: ffffff;
  18857: ffffff;
  18858: ffffff;
  18859: ffffff;
  18860: ffffff;
  18861: ffffff;
  18862: ffffff;
  18863: ffffff;
  18864: fffeff;
  18865: ffffff;
  18866: ffffff;
  18867: ffffff;
  18868: fffeff;
  18869: fffeff;
  18870: fffeff;
  18871: fffeff;
  18872: ffffff;
  18873: fdfffe;
  18874: f9fffd;
  18875: fbffff;
  18876: fcfcfc;
  18877: afa9ab;
  18878: a99a9f;
  18879: b0a4a8;
  18880: a9a8a6;
  18881: a4a9a5;
  18882: 9da6a1;
  18883: e2ebe6;
  18884: f9fbfa;
  18885: fffcfd;
  18886: fffcff;
  18887: fffbff;
  18888: fffeff;
  18889: feffff;
  18890: fcffff;
  18891: fcffff;
  18892: fffeff;
  18893: fffeff;
  18894: fffffd;
  18895: fffffd;
  18896: ffffff;
  18897: ffffff;
  18898: ffffff;
  18899: ffffff;
  18900: ffffff;
  18901: ffffff;
  18902: ffffff;
  18903: ffffff;
  18904: ffffff;
  18905: ffffff;
  18906: ffffff;
  18907: ffffff;
  18908: ffffff;
  18909: ffffff;
  18910: ffffff;
  18911: ffffff;
  18912: ffffff;
  18913: ffffff;
  18914: ffffff;
  18915: ffffff;
  18916: ffffff;
  18917: ffffff;
  18918: ffffff;
  18919: ffffff;
  18920: ffffff;
  18921: ffffff;
  18922: ffffff;
  18923: ffffff;
  18924: ffffff;
  18925: ffffff;
  18926: ffffff;
  18927: ffffff;
  18928: ffffff;
  18929: ffffff;
  18930: ffffff;
  18931: ffffff;
  18932: ffffff;
  18933: ffffff;
  18934: ffffff;
  18935: ffffff;
  18936: ffffff;
  18937: ffffff;
  18938: ffffff;
  18939: ffffff;
  18940: ffffff;
  18941: ffffff;
  18942: ffffff;
  18943: ffffff;
  18944: ffffff;
  18945: ffffff;
  18946: ffffff;
  18947: ffffff;
  18948: ffffff;
  18949: ffffff;
  18950: ffffff;
  18951: ffffff;
  18952: ffffff;
  18953: ffffff;
  18954: ffffff;
  18955: ffffff;
  18956: ffffff;
  18957: ffffff;
  18958: ffffff;
  18959: ffffff;
  18960: ffffff;
  18961: ffffff;
  18962: ffffff;
  18963: ffffff;
  18964: ffffff;
  18965: ffffff;
  18966: ffffff;
  18967: ffffff;
  18968: ffffff;
  18969: ffffff;
  18970: ffffff;
  18971: ffffff;
  18972: ffffff;
  18973: ffffff;
  18974: ffffff;
  18975: ffffff;
  18976: ffffff;
  18977: ffffff;
  18978: ffffff;
  18979: ffffff;
  18980: ffffff;
  18981: ffffff;
  18982: ffffff;
  18983: ffffff;
  18984: ffffff;
  18985: ffffff;
  18986: ffffff;
  18987: ffffff;
  18988: ffffff;
  18989: ffffff;
  18990: ffffff;
  18991: fffeff;
  18992: fffeff;
  18993: fffeff;
  18994: fffeff;
  18995: fffeff;
  18996: fffeff;
  18997: fffeff;
  18998: fffeff;
  18999: fffeff;
  19000: fbfbfb;
  19001: feffff;
  19002: fcffff;
  19003: fcffff;
  19004: feffff;
  19005: fffdfe;
  19006: ede7e9;
  19007: a7a3a4;
  19008: a0a9a4;
  19009: b5c2bb;
  19010: e9f2ef;
  19011: fcffff;
  19012: fffeff;
  19013: fffdff;
  19014: fffbff;
  19015: fffeff;
  19016: fcffff;
  19017: fbffff;
  19018: fcffff;
  19019: feffff;
  19020: ffffff;
  19021: fffffd;
  19022: fffffd;
  19023: fffffd;
  19024: ffffff;
  19025: ffffff;
  19026: ffffff;
  19027: ffffff;
  19028: ffffff;
  19029: ffffff;
  19030: ffffff;
  19031: ffffff;
  19032: ffffff;
  19033: ffffff;
  19034: ffffff;
  19035: ffffff;
  19036: ffffff;
  19037: ffffff;
  19038: ffffff;
  19039: ffffff;
  19040: ffffff;
  19041: ffffff;
  19042: ffffff;
  19043: ffffff;
  19044: ffffff;
  19045: ffffff;
  19046: ffffff;
  19047: ffffff;
  19048: ffffff;
  19049: ffffff;
  19050: ffffff;
  19051: ffffff;
  19052: ffffff;
  19053: ffffff;
  19054: ffffff;
  19055: ffffff;
  19056: ffffff;
  19057: ffffff;
  19058: ffffff;
  19059: ffffff;
  19060: ffffff;
  19061: ffffff;
  19062: ffffff;
  19063: ffffff;
  19064: ffffff;
  19065: ffffff;
  19066: ffffff;
  19067: ffffff;
  19068: ffffff;
  19069: ffffff;
  19070: ffffff;
  19071: ffffff;
  19072: ffffff;
  19073: ffffff;
  19074: ffffff;
  19075: ffffff;
  19076: ffffff;
  19077: ffffff;
  19078: ffffff;
  19079: ffffff;
  19080: ffffff;
  19081: ffffff;
  19082: ffffff;
  19083: ffffff;
  19084: ffffff;
  19085: ffffff;
  19086: ffffff;
  19087: ffffff;
  19088: ffffff;
  19089: ffffff;
  19090: ffffff;
  19091: ffffff;
  19092: ffffff;
  19093: ffffff;
  19094: ffffff;
  19095: ffffff;
  19096: ffffff;
  19097: ffffff;
  19098: ffffff;
  19099: ffffff;
  19100: ffffff;
  19101: ffffff;
  19102: ffffff;
  19103: ffffff;
  19104: ffffff;
  19105: ffffff;
  19106: ffffff;
  19107: ffffff;
  19108: ffffff;
  19109: ffffff;
  19110: ffffff;
  19111: ffffff;
  19112: ffffff;
  19113: ffffff;
  19114: ffffff;
  19115: ffffff;
  19116: ffffff;
  19117: ffffff;
  19118: ffffff;
  19119: fffeff;
  19120: fffeff;
  19121: fffeff;
  19122: fffeff;
  19123: fffeff;
  19124: fffeff;
  19125: fffeff;
  19126: fffeff;
  19127: fffeff;
  19128: fffeff;
  19129: fefefe;
  19130: fcfefd;
  19131: feffff;
  19132: fdfffe;
  19133: fdfffe;
  19134: fdfdfd;
  19135: feffff;
  19136: fbfffd;
  19137: f9fffd;
  19138: feffff;
  19139: fdfdfd;
  19140: fffafe;
  19141: fffdff;
  19142: fefeff;
  19143: fafeff;
  19144: fcffff;
  19145: fbffff;
  19146: fcffff;
  19147: feffff;
  19148: fffffd;
  19149: fffffd;
  19150: fffffd;
  19151: fffffd;
  19152: ffffff;
  19153: ffffff;
  19154: ffffff;
  19155: ffffff;
  19156: ffffff;
  19157: ffffff;
  19158: ffffff;
  19159: ffffff;
  19160: ffffff;
  19161: ffffff;
  19162: ffffff;
  19163: ffffff;
  19164: ffffff;
  19165: ffffff;
  19166: ffffff;
  19167: ffffff;
  19168: ffffff;
  19169: ffffff;
  19170: ffffff;
  19171: ffffff;
  19172: ffffff;
  19173: ffffff;
  19174: ffffff;
  19175: ffffff;
  19176: ffffff;
  19177: ffffff;
  19178: ffffff;
  19179: ffffff;
  19180: ffffff;
  19181: ffffff;
  19182: ffffff;
  19183: ffffff;
  19184: ffffff;
  19185: ffffff;
  19186: ffffff;
  19187: ffffff;
  19188: ffffff;
  19189: ffffff;
  19190: ffffff;
  19191: ffffff;
  19192: ffffff;
  19193: ffffff;
  19194: ffffff;
  19195: ffffff;
  19196: ffffff;
  19197: ffffff;
  19198: ffffff;
  19199: ffffff;
  19200: ffffff;
  19201: ffffff;
  19202: ffffff;
  19203: ffffff;
  19204: ffffff;
  19205: ffffff;
  19206: ffffff;
  19207: ffffff;
  19208: ffffff;
  19209: ffffff;
  19210: ffffff;
  19211: ffffff;
  19212: ffffff;
  19213: ffffff;
  19214: ffffff;
  19215: ffffff;
  19216: ffffff;
  19217: ffffff;
  19218: ffffff;
  19219: ffffff;
  19220: ffffff;
  19221: ffffff;
  19222: ffffff;
  19223: ffffff;
  19224: ffffff;
  19225: ffffff;
  19226: ffffff;
  19227: ffffff;
  19228: ffffff;
  19229: ffffff;
  19230: ffffff;
  19231: ffffff;
  19232: ffffff;
  19233: ffffff;
  19234: ffffff;
  19235: ffffff;
  19236: ffffff;
  19237: ffffff;
  19238: ffffff;
  19239: ffffff;
  19240: ffffff;
  19241: ffffff;
  19242: ffffff;
  19243: ffffff;
  19244: ffffff;
  19245: ffffff;
  19246: ffffff;
  19247: fffeff;
  19248: fffeff;
  19249: fffeff;
  19250: fffeff;
  19251: ffffff;
  19252: ffffff;
  19253: ffffff;
  19254: fffeff;
  19255: fffeff;
  19256: fffeff;
  19257: fefcfd;
  19258: fffeff;
  19259: fefefe;
  19260: feffff;
  19261: fcffff;
  19262: fcffff;
  19263: fefefe;
  19264: fffbfc;
  19265: fffcff;
  19266: fffcff;
  19267: fffdff;
  19268: fffdff;
  19269: feffff;
  19270: fcffff;
  19271: fbffff;
  19272: feffff;
  19273: feffff;
  19274: feffff;
  19275: feffff;
  19276: fcfffd;
  19277: fefffd;
  19278: fffffd;
  19279: fffffd;
  19280: ffffff;
  19281: ffffff;
  19282: ffffff;
  19283: ffffff;
  19284: ffffff;
  19285: ffffff;
  19286: ffffff;
  19287: ffffff;
  19288: ffffff;
  19289: ffffff;
  19290: ffffff;
  19291: ffffff;
  19292: ffffff;
  19293: ffffff;
  19294: ffffff;
  19295: ffffff;
  19296: ffffff;
  19297: ffffff;
  19298: ffffff;
  19299: ffffff;
  19300: ffffff;
  19301: ffffff;
  19302: ffffff;
  19303: ffffff;
  19304: ffffff;
  19305: ffffff;
  19306: ffffff;
  19307: ffffff;
  19308: ffffff;
  19309: ffffff;
  19310: ffffff;
  19311: ffffff;
  19312: ffffff;
  19313: ffffff;
  19314: ffffff;
  19315: ffffff;
  19316: ffffff;
  19317: ffffff;
  19318: ffffff;
  19319: ffffff;
  19320: ffffff;
  19321: ffffff;
  19322: ffffff;
  19323: ffffff;
  19324: ffffff;
  19325: ffffff;
  19326: ffffff;
  19327: ffffff;
  19328: ffffff;
  19329: ffffff;
  19330: ffffff;
  19331: ffffff;
  19332: ffffff;
  19333: ffffff;
  19334: ffffff;
  19335: ffffff;
  19336: ffffff;
  19337: ffffff;
  19338: ffffff;
  19339: ffffff;
  19340: ffffff;
  19341: ffffff;
  19342: ffffff;
  19343: ffffff;
  19344: ffffff;
  19345: ffffff;
  19346: ffffff;
  19347: ffffff;
  19348: ffffff;
  19349: ffffff;
  19350: ffffff;
  19351: ffffff;
  19352: ffffff;
  19353: ffffff;
  19354: ffffff;
  19355: ffffff;
  19356: ffffff;
  19357: ffffff;
  19358: ffffff;
  19359: ffffff;
  19360: ffffff;
  19361: ffffff;
  19362: ffffff;
  19363: ffffff;
  19364: ffffff;
  19365: ffffff;
  19366: ffffff;
  19367: ffffff;
  19368: ffffff;
  19369: ffffff;
  19370: ffffff;
  19371: ffffff;
  19372: ffffff;
  19373: ffffff;
  19374: ffffff;
  19375: ffffff;
  19376: fffeff;
  19377: fffeff;
  19378: ffffff;
  19379: ffffff;
  19380: ffffff;
  19381: ffffff;
  19382: fffeff;
  19383: fffeff;
  19384: fffcfd;
  19385: fffeff;
  19386: fefafb;
  19387: fffeff;
  19388: feffff;
  19389: fafefd;
  19390: f9fffd;
  19391: feffff;
  19392: fffcff;
  19393: fffbff;
  19394: fff9fd;
  19395: fff9fc;
  19396: fffeff;
  19397: f9fdfe;
  19398: f9fdfe;
  19399: fcffff;
  19400: ffffff;
  19401: fffeff;
  19402: ffffff;
  19403: fcffff;
  19404: fcfffd;
  19405: fcfffd;
  19406: fffffd;
  19407: fffefd;
  19408: fffeff;
  19409: ffffff;
  19410: ffffff;
  19411: ffffff;
  19412: ffffff;
  19413: ffffff;
  19414: ffffff;
  19415: ffffff;
  19416: ffffff;
  19417: ffffff;
  19418: ffffff;
  19419: ffffff;
  19420: ffffff;
  19421: ffffff;
  19422: ffffff;
  19423: ffffff;
  19424: ffffff;
  19425: ffffff;
  19426: ffffff;
  19427: ffffff;
  19428: ffffff;
  19429: ffffff;
  19430: ffffff;
  19431: ffffff;
  19432: ffffff;
  19433: ffffff;
  19434: ffffff;
  19435: ffffff;
  19436: ffffff;
  19437: ffffff;
  19438: ffffff;
  19439: ffffff;
  19440: ffffff;
  19441: ffffff;
  19442: ffffff;
  19443: ffffff;
  19444: ffffff;
  19445: ffffff;
  19446: ffffff;
  19447: ffffff;
  19448: ffffff;
  19449: ffffff;
  19450: ffffff;
  19451: ffffff;
  19452: ffffff;
  19453: ffffff;
  19454: ffffff;
  19455: ffffff;
  19456: ffffff;
  19457: ffffff;
  19458: ffffff;
  19459: ffffff;
  19460: ffffff;
  19461: ffffff;
  19462: ffffff;
  19463: ffffff;
  19464: ffffff;
  19465: ffffff;
  19466: ffffff;
  19467: ffffff;
  19468: ffffff;
  19469: ffffff;
  19470: ffffff;
  19471: ffffff;
  19472: ffffff;
  19473: ffffff;
  19474: ffffff;
  19475: ffffff;
  19476: ffffff;
  19477: ffffff;
  19478: ffffff;
  19479: ffffff;
  19480: ffffff;
  19481: ffffff;
  19482: ffffff;
  19483: ffffff;
  19484: ffffff;
  19485: ffffff;
  19486: ffffff;
  19487: ffffff;
  19488: ffffff;
  19489: ffffff;
  19490: ffffff;
  19491: ffffff;
  19492: ffffff;
  19493: ffffff;
  19494: ffffff;
  19495: ffffff;
  19496: ffffff;
  19497: ffffff;
  19498: ffffff;
  19499: ffffff;
  19500: ffffff;
  19501: ffffff;
  19502: ffffff;
  19503: ffffff;
  19504: ffffff;
  19505: ffffff;
  19506: ffffff;
  19507: feffff;
  19508: feffff;
  19509: feffff;
  19510: ffffff;
  19511: fffeff;
  19512: fffeff;
  19513: fffeff;
  19514: fffeff;
  19515: fffeff;
  19516: ffffff;
  19517: feffff;
  19518: fcffff;
  19519: fcffff;
  19520: fffeff;
  19521: fffdff;
  19522: fffcff;
  19523: fffdff;
  19524: ffffff;
  19525: feffff;
  19526: feffff;
  19527: ffffff;
  19528: fffdff;
  19529: fffdff;
  19530: ffffff;
  19531: fcffff;
  19532: fcfffd;
  19533: fefffd;
  19534: fffdfd;
  19535: fffcfd;
  19536: fffeff;
  19537: ffffff;
  19538: ffffff;
  19539: ffffff;
  19540: ffffff;
  19541: ffffff;
  19542: ffffff;
  19543: ffffff;
  19544: ffffff;
  19545: ffffff;
  19546: ffffff;
  19547: ffffff;
  19548: ffffff;
  19549: ffffff;
  19550: ffffff;
  19551: ffffff;
  19552: ffffff;
  19553: ffffff;
  19554: ffffff;
  19555: ffffff;
  19556: ffffff;
  19557: ffffff;
  19558: ffffff;
  19559: ffffff;
  19560: ffffff;
  19561: ffffff;
  19562: ffffff;
  19563: ffffff;
  19564: ffffff;
  19565: ffffff;
  19566: ffffff;
  19567: ffffff;
  19568: ffffff;
  19569: ffffff;
  19570: ffffff;
  19571: ffffff;
  19572: ffffff;
  19573: ffffff;
  19574: ffffff;
  19575: ffffff;
  19576: ffffff;
  19577: ffffff;
  19578: ffffff;
  19579: ffffff;
  19580: ffffff;
  19581: ffffff;
  19582: ffffff;
  19583: ffffff;
  19584: ffffff;
  19585: ffffff;
  19586: ffffff;
  19587: ffffff;
  19588: ffffff;
  19589: ffffff;
  19590: ffffff;
  19591: ffffff;
  19592: ffffff;
  19593: ffffff;
  19594: ffffff;
  19595: ffffff;
  19596: ffffff;
  19597: ffffff;
  19598: ffffff;
  19599: ffffff;
  19600: ffffff;
  19601: ffffff;
  19602: ffffff;
  19603: ffffff;
  19604: ffffff;
  19605: ffffff;
  19606: ffffff;
  19607: ffffff;
  19608: ffffff;
  19609: ffffff;
  19610: ffffff;
  19611: ffffff;
  19612: ffffff;
  19613: ffffff;
  19614: ffffff;
  19615: ffffff;
  19616: ffffff;
  19617: ffffff;
  19618: ffffff;
  19619: ffffff;
  19620: ffffff;
  19621: ffffff;
  19622: ffffff;
  19623: ffffff;
  19624: ffffff;
  19625: ffffff;
  19626: ffffff;
  19627: ffffff;
  19628: ffffff;
  19629: ffffff;
  19630: ffffff;
  19631: ffffff;
  19632: ffffff;
  19633: feffff;
  19634: feffff;
  19635: feffff;
  19636: feffff;
  19637: feffff;
  19638: ffffff;
  19639: ffffff;
  19640: fffeff;
  19641: fffeff;
  19642: fffdff;
  19643: fffeff;
  19644: fffeff;
  19645: ffffff;
  19646: fcffff;
  19647: fcffff;
  19648: feffff;
  19649: ffffff;
  19650: fffeff;
  19651: fffeff;
  19652: ffffff;
  19653: feffff;
  19654: feffff;
  19655: ffffff;
  19656: fffdff;
  19657: fffdff;
  19658: ffffff;
  19659: fcffff;
  19660: fcfffd;
  19661: fefffd;
  19662: fffcfd;
  19663: fffcfd;
  19664: fffeff;
  19665: ffffff;
  19666: ffffff;
  19667: ffffff;
  19668: ffffff;
  19669: ffffff;
  19670: ffffff;
  19671: ffffff;
  19672: ffffff;
  19673: ffffff;
  19674: ffffff;
  19675: ffffff;
  19676: ffffff;
  19677: ffffff;
  19678: ffffff;
  19679: ffffff;
  19680: ffffff;
  19681: ffffff;
  19682: ffffff;
  19683: ffffff;
  19684: ffffff;
  19685: ffffff;
  19686: ffffff;
  19687: ffffff;
  19688: ffffff;
  19689: ffffff;
  19690: ffffff;
  19691: ffffff;
  19692: ffffff;
  19693: ffffff;
  19694: ffffff;
  19695: ffffff;
  19696: ffffff;
  19697: ffffff;
  19698: ffffff;
  19699: ffffff;
  19700: ffffff;
  19701: ffffff;
  19702: ffffff;
  19703: ffffff;
  19704: ffffff;
  19705: ffffff;
  19706: ffffff;
  19707: ffffff;
  19708: ffffff;
  19709: ffffff;
  19710: ffffff;
  19711: ffffff;
  19712: ffffff;
  19713: ffffff;
  19714: ffffff;
  19715: ffffff;
  19716: ffffff;
  19717: ffffff;
  19718: ffffff;
  19719: ffffff;
  19720: ffffff;
  19721: ffffff;
  19722: ffffff;
  19723: ffffff;
  19724: ffffff;
  19725: ffffff;
  19726: ffffff;
  19727: ffffff;
  19728: ffffff;
  19729: ffffff;
  19730: ffffff;
  19731: ffffff;
  19732: ffffff;
  19733: ffffff;
  19734: ffffff;
  19735: ffffff;
  19736: ffffff;
  19737: ffffff;
  19738: ffffff;
  19739: ffffff;
  19740: ffffff;
  19741: ffffff;
  19742: ffffff;
  19743: ffffff;
  19744: ffffff;
  19745: ffffff;
  19746: ffffff;
  19747: ffffff;
  19748: ffffff;
  19749: ffffff;
  19750: ffffff;
  19751: ffffff;
  19752: ffffff;
  19753: ffffff;
  19754: ffffff;
  19755: ffffff;
  19756: ffffff;
  19757: ffffff;
  19758: ffffff;
  19759: ffffff;
  19760: feffff;
  19761: feffff;
  19762: feffff;
  19763: feffff;
  19764: ffffff;
  19765: ffffff;
  19766: feffff;
  19767: ffffff;
  19768: fffeff;
  19769: fffeff;
  19770: fffdff;
  19771: fffdff;
  19772: fffeff;
  19773: fffeff;
  19774: feffff;
  19775: fbffff;
  19776: fbffff;
  19777: fcffff;
  19778: ffffff;
  19779: ffffff;
  19780: feffff;
  19781: feffff;
  19782: fcffff;
  19783: feffff;
  19784: fffeff;
  19785: fffeff;
  19786: ffffff;
  19787: fcffff;
  19788: fcffff;
  19789: feffff;
  19790: fffeff;
  19791: fffeff;
  19792: fffeff;
  19793: ffffff;
  19794: ffffff;
  19795: ffffff;
  19796: ffffff;
  19797: ffffff;
  19798: ffffff;
  19799: ffffff;
  19800: ffffff;
  19801: ffffff;
  19802: ffffff;
  19803: ffffff;
  19804: ffffff;
  19805: ffffff;
  19806: ffffff;
  19807: ffffff;
  19808: ffffff;
  19809: ffffff;
  19810: ffffff;
  19811: ffffff;
  19812: ffffff;
  19813: ffffff;
  19814: ffffff;
  19815: ffffff;
  19816: ffffff;
  19817: ffffff;
  19818: ffffff;
  19819: ffffff;
  19820: ffffff;
  19821: ffffff;
  19822: ffffff;
  19823: ffffff;
  19824: ffffff;
  19825: ffffff;
  19826: ffffff;
  19827: ffffff;
  19828: ffffff;
  19829: ffffff;
  19830: ffffff;
  19831: ffffff;
  19832: ffffff;
  19833: ffffff;
  19834: ffffff;
  19835: ffffff;
  19836: ffffff;
  19837: ffffff;
  19838: ffffff;
  19839: ffffff;
  19840: ffffff;
  19841: ffffff;
  19842: ffffff;
  19843: ffffff;
  19844: ffffff;
  19845: ffffff;
  19846: ffffff;
  19847: ffffff;
  19848: ffffff;
  19849: ffffff;
  19850: ffffff;
  19851: ffffff;
  19852: ffffff;
  19853: ffffff;
  19854: ffffff;
  19855: ffffff;
  19856: ffffff;
  19857: ffffff;
  19858: ffffff;
  19859: ffffff;
  19860: ffffff;
  19861: ffffff;
  19862: ffffff;
  19863: ffffff;
  19864: ffffff;
  19865: ffffff;
  19866: ffffff;
  19867: ffffff;
  19868: ffffff;
  19869: ffffff;
  19870: ffffff;
  19871: ffffff;
  19872: ffffff;
  19873: ffffff;
  19874: ffffff;
  19875: ffffff;
  19876: ffffff;
  19877: ffffff;
  19878: ffffff;
  19879: ffffff;
  19880: ffffff;
  19881: ffffff;
  19882: ffffff;
  19883: ffffff;
  19884: ffffff;
  19885: ffffff;
  19886: ffffff;
  19887: feffff;
  19888: fcffff;
  19889: fcffff;
  19890: feffff;
  19891: ffffff;
  19892: ffffff;
  19893: ffffff;
  19894: feffff;
  19895: feffff;
  19896: ffffff;
  19897: fffeff;
  19898: fffeff;
  19899: fffdff;
  19900: fffeff;
  19901: fffeff;
  19902: feffff;
  19903: fcffff;
  19904: fbffff;
  19905: fbffff;
  19906: ffffff;
  19907: ffffff;
  19908: feffff;
  19909: fcffff;
  19910: fbffff;
  19911: fcffff;
  19912: ffffff;
  19913: fffeff;
  19914: ffffff;
  19915: feffff;
  19916: fcffff;
  19917: fcffff;
  19918: ffffff;
  19919: fffeff;
  19920: ffffff;
  19921: ffffff;
  19922: ffffff;
  19923: ffffff;
  19924: ffffff;
  19925: ffffff;
  19926: ffffff;
  19927: ffffff;
  19928: ffffff;
  19929: ffffff;
  19930: ffffff;
  19931: ffffff;
  19932: ffffff;
  19933: ffffff;
  19934: ffffff;
  19935: ffffff;
  19936: ffffff;
  19937: ffffff;
  19938: ffffff;
  19939: ffffff;
  19940: ffffff;
  19941: ffffff;
  19942: ffffff;
  19943: ffffff;
  19944: ffffff;
  19945: ffffff;
  19946: ffffff;
  19947: ffffff;
  19948: ffffff;
  19949: ffffff;
  19950: ffffff;
  19951: ffffff;
  19952: ffffff;
  19953: ffffff;
  19954: ffffff;
  19955: ffffff;
  19956: ffffff;
  19957: ffffff;
  19958: ffffff;
  19959: ffffff;
  19960: ffffff;
  19961: ffffff;
  19962: ffffff;
  19963: ffffff;
  19964: ffffff;
  19965: ffffff;
  19966: ffffff;
  19967: ffffff;
  19968: ffffff;
  19969: ffffff;
  19970: ffffff;
  19971: ffffff;
  19972: ffffff;
  19973: ffffff;
  19974: ffffff;
  19975: ffffff;
  19976: ffffff;
  19977: ffffff;
  19978: ffffff;
  19979: ffffff;
  19980: ffffff;
  19981: ffffff;
  19982: ffffff;
  19983: ffffff;
  19984: ffffff;
  19985: ffffff;
  19986: ffffff;
  19987: ffffff;
  19988: ffffff;
  19989: ffffff;
  19990: ffffff;
  19991: ffffff;
  19992: ffffff;
  19993: ffffff;
  19994: ffffff;
  19995: ffffff;
  19996: ffffff;
  19997: ffffff;
  19998: ffffff;
  19999: ffffff;
  20000: ffffff;
  20001: ffffff;
  20002: ffffff;
  20003: ffffff;
  20004: ffffff;
  20005: ffffff;
  20006: ffffff;
  20007: ffffff;
  20008: ffffff;
  20009: ffffff;
  20010: ffffff;
  20011: ffffff;
  20012: ffffff;
  20013: ffffff;
  20014: ffffff;
  20015: feffff;
  20016: fcffff;
  20017: fcffff;
  20018: ffffff;
  20019: fffeff;
  20020: fffeff;
  20021: fffeff;
  20022: ffffff;
  20023: feffff;
  20024: feffff;
  20025: ffffff;
  20026: fffeff;
  20027: fffeff;
  20028: fffeff;
  20029: fffeff;
  20030: ffffff;
  20031: feffff;
  20032: feffff;
  20033: ffffff;
  20034: fffeff;
  20035: ffffff;
  20036: feffff;
  20037: fbffff;
  20038: f9ffff;
  20039: fbffff;
  20040: feffff;
  20041: ffffff;
  20042: ffffff;
  20043: feffff;
  20044: fcffff;
  20045: fbffff;
  20046: fcffff;
  20047: feffff;
  20048: ffffff;
  20049: ffffff;
  20050: ffffff;
  20051: ffffff;
  20052: ffffff;
  20053: ffffff;
  20054: ffffff;
  20055: ffffff;
  20056: ffffff;
  20057: ffffff;
  20058: ffffff;
  20059: ffffff;
  20060: ffffff;
  20061: ffffff;
  20062: ffffff;
  20063: ffffff;
  20064: ffffff;
  20065: ffffff;
  20066: ffffff;
  20067: ffffff;
  20068: ffffff;
  20069: ffffff;
  20070: ffffff;
  20071: ffffff;
  20072: ffffff;
  20073: ffffff;
  20074: ffffff;
  20075: ffffff;
  20076: ffffff;
  20077: ffffff;
  20078: ffffff;
  20079: ffffff;
  20080: ffffff;
  20081: ffffff;
  20082: ffffff;
  20083: ffffff;
  20084: ffffff;
  20085: ffffff;
  20086: ffffff;
  20087: ffffff;
  20088: ffffff;
  20089: ffffff;
  20090: ffffff;
  20091: ffffff;
  20092: ffffff;
  20093: ffffff;
  20094: ffffff;
  20095: ffffff;
  20096: ffffff;
  20097: ffffff;
  20098: ffffff;
  20099: ffffff;
  20100: ffffff;
  20101: ffffff;
  20102: ffffff;
  20103: ffffff;
  20104: ffffff;
  20105: ffffff;
  20106: ffffff;
  20107: ffffff;
  20108: ffffff;
  20109: ffffff;
  20110: ffffff;
  20111: ffffff;
  20112: ffffff;
  20113: ffffff;
  20114: ffffff;
  20115: ffffff;
  20116: ffffff;
  20117: ffffff;
  20118: ffffff;
  20119: ffffff;
  20120: ffffff;
  20121: ffffff;
  20122: ffffff;
  20123: ffffff;
  20124: ffffff;
  20125: ffffff;
  20126: ffffff;
  20127: ffffff;
  20128: ffffff;
  20129: ffffff;
  20130: ffffff;
  20131: ffffff;
  20132: ffffff;
  20133: ffffff;
  20134: ffffff;
  20135: ffffff;
  20136: ffffff;
  20137: ffffff;
  20138: ffffff;
  20139: ffffff;
  20140: ffffff;
  20141: ffffff;
  20142: ffffff;
  20143: feffff;
  20144: fcffff;
  20145: feffff;
  20146: fffeff;
  20147: fffdff;
  20148: fffdff;
  20149: fffeff;
  20150: ffffff;
  20151: feffff;
  20152: fcffff;
  20153: fcffff;
  20154: fffeff;
  20155: fffeff;
  20156: fffeff;
  20157: fffeff;
  20158: ffffff;
  20159: feffff;
  20160: ffffff;
  20161: fffeff;
  20162: fffeff;
  20163: ffffff;
  20164: feffff;
  20165: fcffff;
  20166: fbffff;
  20167: fcffff;
  20168: feffff;
  20169: ffffff;
  20170: ffffff;
  20171: feffff;
  20172: fcffff;
  20173: fcffff;
  20174: fcffff;
  20175: fcffff;
  20176: feffff;
  20177: ffffff;
  20178: ffffff;
  20179: ffffff;
  20180: ffffff;
  20181: ffffff;
  20182: ffffff;
  20183: ffffff;
  20184: ffffff;
  20185: ffffff;
  20186: ffffff;
  20187: ffffff;
  20188: ffffff;
  20189: ffffff;
  20190: ffffff;
  20191: ffffff;
  20192: ffffff;
  20193: ffffff;
  20194: ffffff;
  20195: ffffff;
  20196: ffffff;
  20197: ffffff;
  20198: ffffff;
  20199: ffffff;
  20200: ffffff;
  20201: ffffff;
  20202: ffffff;
  20203: ffffff;
  20204: ffffff;
  20205: ffffff;
  20206: ffffff;
  20207: ffffff;
  20208: ffffff;
  20209: ffffff;
  20210: ffffff;
  20211: ffffff;
  20212: ffffff;
  20213: ffffff;
  20214: ffffff;
  20215: ffffff;
  20216: ffffff;
  20217: ffffff;
  20218: ffffff;
  20219: ffffff;
  20220: ffffff;
  20221: ffffff;
  20222: ffffff;
  20223: ffffff;
  20224: ffffff;
  20225: ffffff;
  20226: ffffff;
  20227: ffffff;
  20228: ffffff;
  20229: ffffff;
  20230: ffffff;
  20231: ffffff;
  20232: ffffff;
  20233: ffffff;
  20234: ffffff;
  20235: ffffff;
  20236: ffffff;
  20237: ffffff;
  20238: ffffff;
  20239: ffffff;
  20240: ffffff;
  20241: ffffff;
  20242: ffffff;
  20243: ffffff;
  20244: ffffff;
  20245: ffffff;
  20246: ffffff;
  20247: ffffff;
  20248: ffffff;
  20249: ffffff;
  20250: ffffff;
  20251: ffffff;
  20252: ffffff;
  20253: ffffff;
  20254: ffffff;
  20255: ffffff;
  20256: ffffff;
  20257: ffffff;
  20258: ffffff;
  20259: ffffff;
  20260: ffffff;
  20261: ffffff;
  20262: ffffff;
  20263: ffffff;
  20264: ffffff;
  20265: ffffff;
  20266: ffffff;
  20267: ffffff;
  20268: ffffff;
  20269: ffffff;
  20270: ffffff;
  20271: feffff;
  20272: fcffff;
  20273: feffff;
  20274: fffeff;
  20275: fffcff;
  20276: fffcff;
  20277: fffdff;
  20278: ffffff;
  20279: fcffff;
  20280: fbffff;
  20281: fbffff;
  20282: ffffff;
  20283: fffeff;
  20284: fffeff;
  20285: fffeff;
  20286: ffffff;
  20287: feffff;
  20288: ffffff;
  20289: ffffff;
  20290: fffffd;
  20291: fffffd;
  20292: feffff;
  20293: ffffff;
  20294: fffeff;
  20295: fffeff;
  20296: fffeff;
  20297: fffeff;
  20298: fffeff;
  20299: ffffff;
  20300: feffff;
  20301: feffff;
  20302: feffff;
  20303: feffff;
  20304: ffffff;
  20305: ffffff;
  20306: ffffff;
  20307: ffffff;
  20308: ffffff;
  20309: ffffff;
  20310: ffffff;
  20311: ffffff;
  20312: ffffff;
  20313: ffffff;
  20314: ffffff;
  20315: ffffff;
  20316: ffffff;
  20317: ffffff;
  20318: ffffff;
  20319: ffffff;
  20320: ffffff;
  20321: ffffff;
  20322: ffffff;
  20323: ffffff;
  20324: ffffff;
  20325: ffffff;
  20326: ffffff;
  20327: ffffff;
  20328: ffffff;
  20329: ffffff;
  20330: ffffff;
  20331: ffffff;
  20332: ffffff;
  20333: ffffff;
  20334: ffffff;
  20335: ffffff;
  20336: ffffff;
  20337: ffffff;
  20338: ffffff;
  20339: ffffff;
  20340: ffffff;
  20341: ffffff;
  20342: ffffff;
  20343: ffffff;
  20344: ffffff;
  20345: ffffff;
  20346: ffffff;
  20347: ffffff;
  20348: ffffff;
  20349: ffffff;
  20350: ffffff;
  20351: ffffff;
  20352: ffffff;
  20353: ffffff;
  20354: ffffff;
  20355: ffffff;
  20356: ffffff;
  20357: ffffff;
  20358: ffffff;
  20359: ffffff;
  20360: ffffff;
  20361: ffffff;
  20362: ffffff;
  20363: ffffff;
  20364: ffffff;
  20365: ffffff;
  20366: ffffff;
  20367: ffffff;
  20368: ffffff;
  20369: ffffff;
  20370: ffffff;
  20371: ffffff;
  20372: ffffff;
  20373: ffffff;
  20374: ffffff;
  20375: ffffff;
  20376: ffffff;
  20377: ffffff;
  20378: ffffff;
  20379: ffffff;
  20380: ffffff;
  20381: ffffff;
  20382: ffffff;
  20383: ffffff;
  20384: ffffff;
  20385: ffffff;
  20386: ffffff;
  20387: ffffff;
  20388: ffffff;
  20389: ffffff;
  20390: ffffff;
  20391: ffffff;
  20392: ffffff;
  20393: ffffff;
  20394: ffffff;
  20395: ffffff;
  20396: ffffff;
  20397: ffffff;
  20398: ffffff;
  20399: feffff;
  20400: feffff;
  20401: feffff;
  20402: fffdff;
  20403: fffcff;
  20404: fffbff;
  20405: fffdff;
  20406: fffeff;
  20407: fcffff;
  20408: fbffff;
  20409: fbffff;
  20410: feffff;
  20411: ffffff;
  20412: fffeff;
  20413: ffffff;
  20414: ffffff;
  20415: feffff;
  20416: ffffff;
  20417: ffffff;
  20418: fefffd;
  20419: fefffd;
  20420: ffffff;
  20421: fffeff;
  20422: fffeff;
  20423: fffdff;
  20424: fffcff;
  20425: fffdff;
  20426: fffeff;
  20427: ffffff;
  20428: feffff;
  20429: feffff;
  20430: ffffff;
  20431: ffffff;
  20432: ffffff;
  20433: ffffff;
  20434: ffffff;
  20435: ffffff;
  20436: ffffff;
  20437: ffffff;
  20438: ffffff;
  20439: ffffff;
  20440: ffffff;
  20441: ffffff;
  20442: ffffff;
  20443: ffffff;
  20444: ffffff;
  20445: ffffff;
  20446: ffffff;
  20447: ffffff;
  20448: ffffff;
  20449: ffffff;
  20450: ffffff;
  20451: ffffff;
  20452: ffffff;
  20453: ffffff;
  20454: ffffff;
  20455: ffffff;
  20456: ffffff;
  20457: ffffff;
  20458: ffffff;
  20459: ffffff;
  20460: ffffff;
  20461: ffffff;
  20462: ffffff;
  20463: ffffff;
  20464: ffffff;
  20465: ffffff;
  20466: ffffff;
  20467: ffffff;
  20468: ffffff;
  20469: ffffff;
  20470: ffffff;
  20471: ffffff;
  20472: ffffff;
  20473: ffffff;
  20474: ffffff;
  20475: ffffff;
  20476: ffffff;
  20477: ffffff;
  20478: ffffff;
  20479: ffffff;
END;
