WIDTH=24;
DEPTH=20480;

ADDRESS_RADIX=UNS;
DATA_RADIX=HEX;

CONTENT BEGIN
  0: ffffff;
  1: ffffff;
  2: ffffff;
  3: ffffff;
  4: ffffff;
  5: ffffff;
  6: ffffff;
  7: ffffff;
  8: ffffff;
  9: ffffff;
  10: ffffff;
  11: ffffff;
  12: ffffff;
  13: ffffff;
  14: ffffff;
  15: ffffff;
  16: ffffff;
  17: ffffff;
  18: ffffff;
  19: ffffff;
  20: ffffff;
  21: ffffff;
  22: ffffff;
  23: ffffff;
  24: ffffff;
  25: ffffff;
  26: ffffff;
  27: ffffff;
  28: ffffff;
  29: ffffff;
  30: ffffff;
  31: ffffff;
  32: ffffff;
  33: ffffff;
  34: ffffff;
  35: ffffff;
  36: ffffff;
  37: f9f9f9;
  38: 50505;
  39: 0;
  40: 0;
  41: 10101;
  42: 0;
  43: 10101;
  44: 0;
  45: aeaeae;
  46: ffffff;
  47: ffffff;
  48: ffffff;
  49: ffffff;
  50: ffffff;
  51: ffffff;
  52: fbfbfb;
  53: 30303;
  54: 0;
  55: 0;
  56: 0;
  57: 0;
  58: 0;
  59: 0;
  60: d1d1d1;
  61: ffffff;
  62: ffffff;
  63: ffffff;
  64: ffffff;
  65: ffffff;
  66: ffffff;
  67: fcfcfc;
  68: 30303;
  69: 0;
  70: 0;
  71: 0;
  72: 0;
  73: 0;
  74: 0;
  75: f0f0f0;
  76: ffffff;
  77: fefefe;
  78: ffffff;
  79: ffffff;
  80: ffffff;
  81: ffffff;
  82: ffffff;
  83: 40404;
  84: 0;
  85: 10101;
  86: 0;
  87: 0;
  88: 0;
  89: 0;
  90: ffffff;
  91: ffffff;
  92: ffffff;
  93: fefefe;
  94: ffffff;
  95: ffffff;
  96: ffffff;
  97: ffffff;
  98: ffffff;
  99: ffffff;
  100: ffffff;
  101: ffffff;
  102: ffffff;
  103: ffffff;
  104: ffffff;
  105: ffffff;
  106: ffffff;
  107: ffffff;
  108: ffffff;
  109: ffffff;
  110: ffffff;
  111: ffffff;
  112: ffffff;
  113: ffffff;
  114: ffffff;
  115: ffffff;
  116: ffffff;
  117: ffffff;
  118: ffffff;
  119: ffffff;
  120: ffffff;
  121: ffffff;
  122: ffffff;
  123: ffffff;
  124: ffffff;
  125: ffffff;
  126: ffffff;
  127: ffffff;
  128: ffffff;
  129: ffffff;
  130: ffffff;
  131: ffffff;
  132: ffffff;
  133: ffffff;
  134: ffffff;
  135: ffffff;
  136: ffffff;
  137: ffffff;
  138: ffffff;
  139: ffffff;
  140: ffffff;
  141: ffffff;
  142: ffffff;
  143: ffffff;
  144: ffffff;
  145: ffffff;
  146: ffffff;
  147: ffffff;
  148: ffffff;
  149: ffffff;
  150: ffffff;
  151: ffffff;
  152: ffffff;
  153: ffffff;
  154: ffffff;
  155: ffffff;
  156: ffffff;
  157: ffffff;
  158: ffffff;
  159: ffffff;
  160: ffffff;
  161: ffffff;
  162: ffffff;
  163: ffffff;
  164: ffffff;
  165: f9f9f9;
  166: 50505;
  167: 0;
  168: 0;
  169: 10101;
  170: 0;
  171: 10101;
  172: 0;
  173: aeaeae;
  174: ffffff;
  175: ffffff;
  176: ffffff;
  177: ffffff;
  178: ffffff;
  179: ffffff;
  180: fbfbfb;
  181: 30303;
  182: 0;
  183: 0;
  184: 0;
  185: 0;
  186: 0;
  187: 0;
  188: d1d1d1;
  189: ffffff;
  190: ffffff;
  191: ffffff;
  192: ffffff;
  193: ffffff;
  194: ffffff;
  195: fcfcfc;
  196: 30303;
  197: 0;
  198: 0;
  199: 0;
  200: 0;
  201: 0;
  202: 0;
  203: f0f0f0;
  204: ffffff;
  205: fefefe;
  206: ffffff;
  207: ffffff;
  208: ffffff;
  209: ffffff;
  210: ffffff;
  211: 40404;
  212: 0;
  213: 10101;
  214: 0;
  215: 0;
  216: 0;
  217: 0;
  218: ffffff;
  219: ffffff;
  220: ffffff;
  221: fefefe;
  222: ffffff;
  223: ffffff;
  224: ffffff;
  225: ffffff;
  226: ffffff;
  227: ffffff;
  228: ffffff;
  229: ffffff;
  230: ffffff;
  231: ffffff;
  232: ffffff;
  233: ffffff;
  234: ffffff;
  235: ffffff;
  236: ffffff;
  237: ffffff;
  238: ffffff;
  239: ffffff;
  240: ffffff;
  241: ffffff;
  242: ffffff;
  243: ffffff;
  244: ffffff;
  245: ffffff;
  246: ffffff;
  247: ffffff;
  248: ffffff;
  249: ffffff;
  250: ffffff;
  251: ffffff;
  252: ffffff;
  253: ffffff;
  254: ffffff;
  255: ffffff;
  256: ffffff;
  257: ffffff;
  258: ffffff;
  259: ffffff;
  260: ffffff;
  261: ffffff;
  262: ffffff;
  263: ffffff;
  264: ffffff;
  265: ffffff;
  266: ffffff;
  267: ffffff;
  268: ffffff;
  269: ffffff;
  270: ffffff;
  271: ffffff;
  272: ffffff;
  273: ffffff;
  274: ffffff;
  275: ffffff;
  276: ffffff;
  277: ffffff;
  278: ffffff;
  279: ffffff;
  280: ffffff;
  281: ffffff;
  282: ffffff;
  283: ffffff;
  284: ffffff;
  285: ffffff;
  286: ffffff;
  287: ffffff;
  288: ffffff;
  289: ffffff;
  290: ffffff;
  291: ffffff;
  292: ffffff;
  293: f9f9f9;
  294: 50505;
  295: 0;
  296: 0;
  297: 10101;
  298: 0;
  299: 10101;
  300: 0;
  301: aeaeae;
  302: ffffff;
  303: ffffff;
  304: ffffff;
  305: ffffff;
  306: ffffff;
  307: ffffff;
  308: fbfbfb;
  309: 30303;
  310: 0;
  311: 0;
  312: 0;
  313: 0;
  314: 0;
  315: 0;
  316: d1d1d1;
  317: ffffff;
  318: ffffff;
  319: ffffff;
  320: ffffff;
  321: ffffff;
  322: ffffff;
  323: fcfcfc;
  324: 30303;
  325: 0;
  326: 0;
  327: 0;
  328: 0;
  329: 0;
  330: 0;
  331: f0f0f0;
  332: ffffff;
  333: fefefe;
  334: ffffff;
  335: ffffff;
  336: ffffff;
  337: ffffff;
  338: ffffff;
  339: 40404;
  340: 0;
  341: 10101;
  342: 0;
  343: 0;
  344: 0;
  345: 0;
  346: ffffff;
  347: ffffff;
  348: ffffff;
  349: fefefe;
  350: ffffff;
  351: ffffff;
  352: ffffff;
  353: ffffff;
  354: ffffff;
  355: ffffff;
  356: ffffff;
  357: ffffff;
  358: ffffff;
  359: ffffff;
  360: ffffff;
  361: ffffff;
  362: ffffff;
  363: ffffff;
  364: ffffff;
  365: ffffff;
  366: ffffff;
  367: ffffff;
  368: ffffff;
  369: ffffff;
  370: ffffff;
  371: ffffff;
  372: ffffff;
  373: ffffff;
  374: ffffff;
  375: ffffff;
  376: ffffff;
  377: ffffff;
  378: ffffff;
  379: ffffff;
  380: ffffff;
  381: ffffff;
  382: ffffff;
  383: ffffff;
  384: ffffff;
  385: ffffff;
  386: ffffff;
  387: ffffff;
  388: ffffff;
  389: ffffff;
  390: ffffff;
  391: ffffff;
  392: ffffff;
  393: ffffff;
  394: ffffff;
  395: ffffff;
  396: ffffff;
  397: ffffff;
  398: ffffff;
  399: ffffff;
  400: ffffff;
  401: ffffff;
  402: ffffff;
  403: ffffff;
  404: ffffff;
  405: ffffff;
  406: ffffff;
  407: ffffff;
  408: ffffff;
  409: ffffff;
  410: ffffff;
  411: ffffff;
  412: ffffff;
  413: ffffff;
  414: ffffff;
  415: ffffff;
  416: ffffff;
  417: ffffff;
  418: ffffff;
  419: ffffff;
  420: ffffff;
  421: f9f9f9;
  422: 50505;
  423: 0;
  424: 0;
  425: 10101;
  426: 0;
  427: 10101;
  428: 0;
  429: aeaeae;
  430: ffffff;
  431: ffffff;
  432: ffffff;
  433: ffffff;
  434: ffffff;
  435: ffffff;
  436: fbfbfb;
  437: 30303;
  438: 0;
  439: 0;
  440: 0;
  441: 0;
  442: 0;
  443: 0;
  444: d1d1d1;
  445: ffffff;
  446: ffffff;
  447: ffffff;
  448: ffffff;
  449: ffffff;
  450: ffffff;
  451: fcfcfc;
  452: 30303;
  453: 0;
  454: 0;
  455: 0;
  456: 0;
  457: 0;
  458: 0;
  459: f0f0f0;
  460: ffffff;
  461: fefefe;
  462: ffffff;
  463: ffffff;
  464: ffffff;
  465: ffffff;
  466: ffffff;
  467: 40404;
  468: 0;
  469: 10101;
  470: 0;
  471: 0;
  472: 0;
  473: 0;
  474: ffffff;
  475: ffffff;
  476: ffffff;
  477: fefefe;
  478: ffffff;
  479: ffffff;
  480: ffffff;
  481: ffffff;
  482: ffffff;
  483: ffffff;
  484: ffffff;
  485: ffffff;
  486: ffffff;
  487: ffffff;
  488: ffffff;
  489: ffffff;
  490: ffffff;
  491: ffffff;
  492: ffffff;
  493: ffffff;
  494: ffffff;
  495: ffffff;
  496: ffffff;
  497: ffffff;
  498: ffffff;
  499: ffffff;
  500: ffffff;
  501: ffffff;
  502: ffffff;
  503: ffffff;
  504: ffffff;
  505: ffffff;
  506: ffffff;
  507: ffffff;
  508: ffffff;
  509: ffffff;
  510: ffffff;
  511: ffffff;
  512: ffffff;
  513: ffffff;
  514: ffffff;
  515: ffffff;
  516: ffffff;
  517: ffffff;
  518: ffffff;
  519: ffffff;
  520: ffffff;
  521: ffffff;
  522: ffffff;
  523: ffffff;
  524: ffffff;
  525: ffffff;
  526: ffffff;
  527: ffffff;
  528: ffffff;
  529: ffffff;
  530: ffffff;
  531: ffffff;
  532: ffffff;
  533: ffffff;
  534: ffffff;
  535: ffffff;
  536: ffffff;
  537: ffffff;
  538: ffffff;
  539: ffffff;
  540: ffffff;
  541: ffffff;
  542: ffffff;
  543: ffffff;
  544: ffffff;
  545: ffffff;
  546: ffffff;
  547: ffffff;
  548: ffffff;
  549: f9f9f9;
  550: 50505;
  551: 0;
  552: 0;
  553: 10101;
  554: 0;
  555: 10101;
  556: 0;
  557: aeaeae;
  558: ffffff;
  559: ffffff;
  560: ffffff;
  561: ffffff;
  562: ffffff;
  563: ffffff;
  564: fbfbfb;
  565: 30303;
  566: 0;
  567: 0;
  568: 0;
  569: 0;
  570: 0;
  571: 0;
  572: d1d1d1;
  573: ffffff;
  574: ffffff;
  575: ffffff;
  576: ffffff;
  577: ffffff;
  578: ffffff;
  579: fcfcfc;
  580: 30303;
  581: 0;
  582: 0;
  583: 0;
  584: 0;
  585: 0;
  586: 0;
  587: f0f0f0;
  588: ffffff;
  589: fefefe;
  590: ffffff;
  591: ffffff;
  592: ffffff;
  593: ffffff;
  594: ffffff;
  595: 40404;
  596: 0;
  597: 10101;
  598: 0;
  599: 0;
  600: 0;
  601: 0;
  602: ffffff;
  603: ffffff;
  604: ffffff;
  605: fefefe;
  606: ffffff;
  607: ffffff;
  608: ffffff;
  609: ffffff;
  610: ffffff;
  611: ffffff;
  612: ffffff;
  613: ffffff;
  614: ffffff;
  615: ffffff;
  616: ffffff;
  617: ffffff;
  618: ffffff;
  619: ffffff;
  620: ffffff;
  621: ffffff;
  622: ffffff;
  623: ffffff;
  624: ffffff;
  625: ffffff;
  626: ffffff;
  627: ffffff;
  628: ffffff;
  629: ffffff;
  630: ffffff;
  631: ffffff;
  632: ffffff;
  633: ffffff;
  634: ffffff;
  635: ffffff;
  636: ffffff;
  637: ffffff;
  638: ffffff;
  639: ffffff;
  640: ffffff;
  641: ffffff;
  642: ffffff;
  643: ffffff;
  644: ffffff;
  645: ffffff;
  646: ffffff;
  647: ffffff;
  648: ffffff;
  649: ffffff;
  650: ffffff;
  651: ffffff;
  652: ffffff;
  653: ffffff;
  654: ffffff;
  655: ffffff;
  656: ffffff;
  657: ffffff;
  658: ffffff;
  659: ffffff;
  660: ffffff;
  661: ffffff;
  662: ffffff;
  663: ffffff;
  664: ffffff;
  665: ffffff;
  666: ffffff;
  667: ffffff;
  668: ffffff;
  669: ffffff;
  670: ffffff;
  671: ffffff;
  672: ffffff;
  673: ffffff;
  674: ffffff;
  675: ffffff;
  676: ffffff;
  677: f9f9f9;
  678: 50505;
  679: 0;
  680: 0;
  681: 10101;
  682: 0;
  683: 10101;
  684: 0;
  685: aeaeae;
  686: ffffff;
  687: ffffff;
  688: ffffff;
  689: ffffff;
  690: ffffff;
  691: ffffff;
  692: fbfbfb;
  693: 30303;
  694: 0;
  695: 0;
  696: 0;
  697: 0;
  698: 0;
  699: 0;
  700: d1d1d1;
  701: ffffff;
  702: ffffff;
  703: ffffff;
  704: ffffff;
  705: ffffff;
  706: ffffff;
  707: fcfcfc;
  708: 30303;
  709: 0;
  710: 0;
  711: 0;
  712: 0;
  713: 0;
  714: 0;
  715: f0f0f0;
  716: ffffff;
  717: fefefe;
  718: ffffff;
  719: ffffff;
  720: ffffff;
  721: ffffff;
  722: ffffff;
  723: 40404;
  724: 0;
  725: 10101;
  726: 0;
  727: 0;
  728: 0;
  729: 0;
  730: ffffff;
  731: ffffff;
  732: ffffff;
  733: fefefe;
  734: ffffff;
  735: ffffff;
  736: ffffff;
  737: ffffff;
  738: ffffff;
  739: ffffff;
  740: ffffff;
  741: ffffff;
  742: ffffff;
  743: ffffff;
  744: ffffff;
  745: ffffff;
  746: ffffff;
  747: ffffff;
  748: ffffff;
  749: ffffff;
  750: ffffff;
  751: ffffff;
  752: ffffff;
  753: ffffff;
  754: ffffff;
  755: ffffff;
  756: ffffff;
  757: ffffff;
  758: ffffff;
  759: ffffff;
  760: ffffff;
  761: ffffff;
  762: ffffff;
  763: ffffff;
  764: ffffff;
  765: ffffff;
  766: ffffff;
  767: ffffff;
  768: ffffff;
  769: ffffff;
  770: ffffff;
  771: ffffff;
  772: ffffff;
  773: ffffff;
  774: ffffff;
  775: ffffff;
  776: ffffff;
  777: ffffff;
  778: ffffff;
  779: ffffff;
  780: ffffff;
  781: ffffff;
  782: ffffff;
  783: ffffff;
  784: ffffff;
  785: ffffff;
  786: ffffff;
  787: ffffff;
  788: ffffff;
  789: ffffff;
  790: ffffff;
  791: ffffff;
  792: ffffff;
  793: ffffff;
  794: ffffff;
  795: ffffff;
  796: ffffff;
  797: ffffff;
  798: ffffff;
  799: ffffff;
  800: ffffff;
  801: ffffff;
  802: ffffff;
  803: ffffff;
  804: ffffff;
  805: f9f9f9;
  806: 50505;
  807: 0;
  808: 0;
  809: 10101;
  810: 0;
  811: 10101;
  812: 0;
  813: aeaeae;
  814: ffffff;
  815: ffffff;
  816: ffffff;
  817: ffffff;
  818: ffffff;
  819: ffffff;
  820: fbfbfb;
  821: 30303;
  822: 0;
  823: 0;
  824: 0;
  825: 0;
  826: 0;
  827: 0;
  828: d1d1d1;
  829: ffffff;
  830: ffffff;
  831: ffffff;
  832: ffffff;
  833: ffffff;
  834: ffffff;
  835: fcfcfc;
  836: 30303;
  837: 0;
  838: 0;
  839: 0;
  840: 0;
  841: 0;
  842: 0;
  843: f0f0f0;
  844: ffffff;
  845: fefefe;
  846: ffffff;
  847: ffffff;
  848: ffffff;
  849: ffffff;
  850: ffffff;
  851: 40404;
  852: 0;
  853: 10101;
  854: 0;
  855: 0;
  856: 0;
  857: 0;
  858: ffffff;
  859: ffffff;
  860: ffffff;
  861: fefefe;
  862: ffffff;
  863: ffffff;
  864: ffffff;
  865: ffffff;
  866: ffffff;
  867: ffffff;
  868: ffffff;
  869: ffffff;
  870: ffffff;
  871: ffffff;
  872: ffffff;
  873: ffffff;
  874: ffffff;
  875: ffffff;
  876: ffffff;
  877: ffffff;
  878: ffffff;
  879: ffffff;
  880: ffffff;
  881: ffffff;
  882: ffffff;
  883: ffffff;
  884: ffffff;
  885: ffffff;
  886: ffffff;
  887: ffffff;
  888: ffffff;
  889: ffffff;
  890: ffffff;
  891: ffffff;
  892: ffffff;
  893: ffffff;
  894: ffffff;
  895: ffffff;
  896: ffffff;
  897: ffffff;
  898: ffffff;
  899: ffffff;
  900: ffffff;
  901: ffffff;
  902: ffffff;
  903: ffffff;
  904: ffffff;
  905: ffffff;
  906: ffffff;
  907: ffffff;
  908: ffffff;
  909: ffffff;
  910: ffffff;
  911: ffffff;
  912: ffffff;
  913: ffffff;
  914: ffffff;
  915: ffffff;
  916: ffffff;
  917: ffffff;
  918: ffffff;
  919: ffffff;
  920: ffffff;
  921: ffffff;
  922: ffffff;
  923: ffffff;
  924: ffffff;
  925: ffffff;
  926: ffffff;
  927: ffffff;
  928: ffffff;
  929: ffffff;
  930: ffffff;
  931: ffffff;
  932: ffffff;
  933: f9f9f9;
  934: 50505;
  935: 0;
  936: 0;
  937: 10101;
  938: 0;
  939: 10101;
  940: 0;
  941: aeaeae;
  942: ffffff;
  943: ffffff;
  944: ffffff;
  945: ffffff;
  946: ffffff;
  947: ffffff;
  948: fbfbfb;
  949: 30303;
  950: 0;
  951: 0;
  952: 0;
  953: 0;
  954: 0;
  955: 0;
  956: d1d1d1;
  957: ffffff;
  958: ffffff;
  959: ffffff;
  960: ffffff;
  961: ffffff;
  962: ffffff;
  963: fcfcfc;
  964: 30303;
  965: 0;
  966: 0;
  967: 0;
  968: 0;
  969: 0;
  970: 0;
  971: f0f0f0;
  972: ffffff;
  973: fefefe;
  974: ffffff;
  975: ffffff;
  976: ffffff;
  977: ffffff;
  978: ffffff;
  979: 40404;
  980: 0;
  981: 10101;
  982: 0;
  983: 0;
  984: 0;
  985: 0;
  986: ffffff;
  987: ffffff;
  988: ffffff;
  989: fefefe;
  990: ffffff;
  991: ffffff;
  992: ffffff;
  993: ffffff;
  994: ffffff;
  995: ffffff;
  996: ffffff;
  997: ffffff;
  998: ffffff;
  999: ffffff;
  1000: ffffff;
  1001: ffffff;
  1002: ffffff;
  1003: ffffff;
  1004: ffffff;
  1005: ffffff;
  1006: ffffff;
  1007: ffffff;
  1008: ffffff;
  1009: ffffff;
  1010: ffffff;
  1011: ffffff;
  1012: ffffff;
  1013: ffffff;
  1014: ffffff;
  1015: ffffff;
  1016: ffffff;
  1017: ffffff;
  1018: ffffff;
  1019: ffffff;
  1020: ffffff;
  1021: ffffff;
  1022: ffffff;
  1023: ffffff;
  1024: ffffff;
  1025: ffffff;
  1026: ffffff;
  1027: ffffff;
  1028: ffffff;
  1029: ffffff;
  1030: ffffff;
  1031: ffffff;
  1032: ffffff;
  1033: ffffff;
  1034: ffffff;
  1035: ffffff;
  1036: ffffff;
  1037: ffffff;
  1038: ffffff;
  1039: ffffff;
  1040: ffffff;
  1041: ffffff;
  1042: ffffff;
  1043: ffffff;
  1044: ffffff;
  1045: ffffff;
  1046: ffffff;
  1047: ffffff;
  1048: ffffff;
  1049: ffffff;
  1050: ffffff;
  1051: ffffff;
  1052: ffffff;
  1053: ffffff;
  1054: ffffff;
  1055: ffffff;
  1056: ffffff;
  1057: ffffff;
  1058: ffffff;
  1059: ffffff;
  1060: ffffff;
  1061: f9f9f9;
  1062: 50505;
  1063: 0;
  1064: 0;
  1065: 10101;
  1066: 0;
  1067: 10101;
  1068: 0;
  1069: aeaeae;
  1070: ffffff;
  1071: ffffff;
  1072: ffffff;
  1073: ffffff;
  1074: ffffff;
  1075: ffffff;
  1076: fbfbfb;
  1077: 30303;
  1078: 0;
  1079: 0;
  1080: 0;
  1081: 0;
  1082: 0;
  1083: 0;
  1084: d1d1d1;
  1085: ffffff;
  1086: ffffff;
  1087: ffffff;
  1088: ffffff;
  1089: ffffff;
  1090: ffffff;
  1091: fcfcfc;
  1092: 30303;
  1093: 0;
  1094: 0;
  1095: 0;
  1096: 0;
  1097: 0;
  1098: 0;
  1099: f0f0f0;
  1100: ffffff;
  1101: fefefe;
  1102: ffffff;
  1103: ffffff;
  1104: ffffff;
  1105: ffffff;
  1106: ffffff;
  1107: 40404;
  1108: 0;
  1109: 10101;
  1110: 0;
  1111: 0;
  1112: 0;
  1113: 0;
  1114: ffffff;
  1115: ffffff;
  1116: ffffff;
  1117: fefefe;
  1118: ffffff;
  1119: ffffff;
  1120: ffffff;
  1121: ffffff;
  1122: ffffff;
  1123: ffffff;
  1124: ffffff;
  1125: ffffff;
  1126: ffffff;
  1127: ffffff;
  1128: ffffff;
  1129: ffffff;
  1130: ffffff;
  1131: ffffff;
  1132: ffffff;
  1133: ffffff;
  1134: ffffff;
  1135: ffffff;
  1136: ffffff;
  1137: ffffff;
  1138: ffffff;
  1139: ffffff;
  1140: ffffff;
  1141: ffffff;
  1142: ffffff;
  1143: ffffff;
  1144: ffffff;
  1145: ffffff;
  1146: ffffff;
  1147: ffffff;
  1148: ffffff;
  1149: ffffff;
  1150: ffffff;
  1151: ffffff;
  1152: ffffff;
  1153: ffffff;
  1154: ffffff;
  1155: ffffff;
  1156: ffffff;
  1157: ffffff;
  1158: ffffff;
  1159: ffffff;
  1160: ffffff;
  1161: ffffff;
  1162: ffffff;
  1163: ffffff;
  1164: ffffff;
  1165: ffffff;
  1166: ffffff;
  1167: ffffff;
  1168: ffffff;
  1169: ffffff;
  1170: ffffff;
  1171: ffffff;
  1172: ffffff;
  1173: ffffff;
  1174: ffffff;
  1175: ffffff;
  1176: ffffff;
  1177: ffffff;
  1178: ffffff;
  1179: ffffff;
  1180: ffffff;
  1181: ffffff;
  1182: ffffff;
  1183: ffffff;
  1184: ffffff;
  1185: ffffff;
  1186: ffffff;
  1187: ffffff;
  1188: ffffff;
  1189: f9f9f9;
  1190: 50505;
  1191: 0;
  1192: 0;
  1193: 10101;
  1194: 0;
  1195: 10101;
  1196: 0;
  1197: aeaeae;
  1198: ffffff;
  1199: ffffff;
  1200: ffffff;
  1201: ffffff;
  1202: ffffff;
  1203: ffffff;
  1204: fbfbfb;
  1205: 30303;
  1206: 0;
  1207: 0;
  1208: 0;
  1209: 0;
  1210: 0;
  1211: 0;
  1212: d1d1d1;
  1213: ffffff;
  1214: ffffff;
  1215: ffffff;
  1216: ffffff;
  1217: ffffff;
  1218: ffffff;
  1219: fcfcfc;
  1220: 30303;
  1221: 0;
  1222: 0;
  1223: 0;
  1224: 0;
  1225: 0;
  1226: 0;
  1227: f0f0f0;
  1228: ffffff;
  1229: fefefe;
  1230: ffffff;
  1231: ffffff;
  1232: ffffff;
  1233: ffffff;
  1234: ffffff;
  1235: 40404;
  1236: 0;
  1237: 10101;
  1238: 0;
  1239: 0;
  1240: 0;
  1241: 0;
  1242: ffffff;
  1243: ffffff;
  1244: ffffff;
  1245: fefefe;
  1246: ffffff;
  1247: ffffff;
  1248: ffffff;
  1249: ffffff;
  1250: ffffff;
  1251: ffffff;
  1252: ffffff;
  1253: ffffff;
  1254: ffffff;
  1255: ffffff;
  1256: ffffff;
  1257: ffffff;
  1258: ffffff;
  1259: ffffff;
  1260: ffffff;
  1261: ffffff;
  1262: ffffff;
  1263: ffffff;
  1264: ffffff;
  1265: ffffff;
  1266: ffffff;
  1267: ffffff;
  1268: ffffff;
  1269: ffffff;
  1270: ffffff;
  1271: ffffff;
  1272: ffffff;
  1273: ffffff;
  1274: ffffff;
  1275: ffffff;
  1276: ffffff;
  1277: ffffff;
  1278: ffffff;
  1279: ffffff;
  1280: ffffff;
  1281: ffffff;
  1282: ffffff;
  1283: ffffff;
  1284: ffffff;
  1285: ffffff;
  1286: ffffff;
  1287: ffffff;
  1288: ffffff;
  1289: ffffff;
  1290: ffffff;
  1291: ffffff;
  1292: ffffff;
  1293: ffffff;
  1294: ffffff;
  1295: ffffff;
  1296: ffffff;
  1297: ffffff;
  1298: ffffff;
  1299: ffffff;
  1300: ffffff;
  1301: ffffff;
  1302: ffffff;
  1303: ffffff;
  1304: ffffff;
  1305: ffffff;
  1306: ffffff;
  1307: ffffff;
  1308: ffffff;
  1309: ffffff;
  1310: ffffff;
  1311: ffffff;
  1312: ffffff;
  1313: ffffff;
  1314: ffffff;
  1315: ffffff;
  1316: ffffff;
  1317: f9f9f9;
  1318: 50505;
  1319: 0;
  1320: 0;
  1321: 10101;
  1322: 0;
  1323: 10101;
  1324: 0;
  1325: aeaeae;
  1326: ffffff;
  1327: ffffff;
  1328: ffffff;
  1329: ffffff;
  1330: ffffff;
  1331: ffffff;
  1332: fbfbfb;
  1333: 30303;
  1334: 0;
  1335: 0;
  1336: 0;
  1337: 0;
  1338: 0;
  1339: 0;
  1340: d1d1d1;
  1341: ffffff;
  1342: ffffff;
  1343: ffffff;
  1344: ffffff;
  1345: ffffff;
  1346: ffffff;
  1347: fcfcfc;
  1348: 30303;
  1349: 0;
  1350: 0;
  1351: 0;
  1352: 0;
  1353: 0;
  1354: 0;
  1355: f0f0f0;
  1356: ffffff;
  1357: fefefe;
  1358: ffffff;
  1359: ffffff;
  1360: ffffff;
  1361: ffffff;
  1362: ffffff;
  1363: 40404;
  1364: 0;
  1365: 10101;
  1366: 0;
  1367: 0;
  1368: 0;
  1369: 0;
  1370: ffffff;
  1371: ffffff;
  1372: ffffff;
  1373: fefefe;
  1374: ffffff;
  1375: ffffff;
  1376: ffffff;
  1377: ffffff;
  1378: ffffff;
  1379: ffffff;
  1380: ffffff;
  1381: ffffff;
  1382: ffffff;
  1383: ffffff;
  1384: ffffff;
  1385: ffffff;
  1386: ffffff;
  1387: ffffff;
  1388: ffffff;
  1389: ffffff;
  1390: ffffff;
  1391: ffffff;
  1392: ffffff;
  1393: ffffff;
  1394: ffffff;
  1395: ffffff;
  1396: ffffff;
  1397: ffffff;
  1398: ffffff;
  1399: ffffff;
  1400: ffffff;
  1401: ffffff;
  1402: ffffff;
  1403: ffffff;
  1404: ffffff;
  1405: ffffff;
  1406: ffffff;
  1407: ffffff;
  1408: ffffff;
  1409: ffffff;
  1410: ffffff;
  1411: ffffff;
  1412: ffffff;
  1413: ffffff;
  1414: ffffff;
  1415: ffffff;
  1416: ffffff;
  1417: ffffff;
  1418: ffffff;
  1419: ffffff;
  1420: ffffff;
  1421: ffffff;
  1422: ffffff;
  1423: ffffff;
  1424: ffffff;
  1425: ffffff;
  1426: ffffff;
  1427: ffffff;
  1428: ffffff;
  1429: ffffff;
  1430: ffffff;
  1431: ffffff;
  1432: ffffff;
  1433: ffffff;
  1434: ffffff;
  1435: ffffff;
  1436: ffffff;
  1437: ffffff;
  1438: ffffff;
  1439: ffffff;
  1440: ffffff;
  1441: ffffff;
  1442: ffffff;
  1443: ffffff;
  1444: ffffff;
  1445: f9f9f9;
  1446: 50505;
  1447: 0;
  1448: 0;
  1449: 10101;
  1450: 0;
  1451: 10101;
  1452: 0;
  1453: aeaeae;
  1454: ffffff;
  1455: ffffff;
  1456: ffffff;
  1457: ffffff;
  1458: ffffff;
  1459: ffffff;
  1460: fbfbfb;
  1461: 30303;
  1462: 0;
  1463: 0;
  1464: 0;
  1465: 0;
  1466: 0;
  1467: 0;
  1468: d1d1d1;
  1469: ffffff;
  1470: ffffff;
  1471: ffffff;
  1472: ffffff;
  1473: ffffff;
  1474: ffffff;
  1475: fcfcfc;
  1476: 30303;
  1477: 0;
  1478: 0;
  1479: 0;
  1480: 0;
  1481: 0;
  1482: 0;
  1483: f0f0f0;
  1484: ffffff;
  1485: fefefe;
  1486: ffffff;
  1487: ffffff;
  1488: ffffff;
  1489: ffffff;
  1490: ffffff;
  1491: 40404;
  1492: 0;
  1493: 10101;
  1494: 0;
  1495: 0;
  1496: 0;
  1497: 0;
  1498: ffffff;
  1499: ffffff;
  1500: ffffff;
  1501: fefefe;
  1502: ffffff;
  1503: ffffff;
  1504: ffffff;
  1505: ffffff;
  1506: ffffff;
  1507: ffffff;
  1508: ffffff;
  1509: ffffff;
  1510: ffffff;
  1511: ffffff;
  1512: ffffff;
  1513: ffffff;
  1514: ffffff;
  1515: ffffff;
  1516: ffffff;
  1517: ffffff;
  1518: ffffff;
  1519: ffffff;
  1520: ffffff;
  1521: ffffff;
  1522: ffffff;
  1523: ffffff;
  1524: ffffff;
  1525: ffffff;
  1526: ffffff;
  1527: ffffff;
  1528: ffffff;
  1529: ffffff;
  1530: ffffff;
  1531: ffffff;
  1532: ffffff;
  1533: ffffff;
  1534: ffffff;
  1535: ffffff;
  1536: ffffff;
  1537: ffffff;
  1538: ffffff;
  1539: ffffff;
  1540: ffffff;
  1541: ffffff;
  1542: ffffff;
  1543: ffffff;
  1544: ffffff;
  1545: ffffff;
  1546: ffffff;
  1547: ffffff;
  1548: ffffff;
  1549: ffffff;
  1550: ffffff;
  1551: ffffff;
  1552: ffffff;
  1553: ffffff;
  1554: ffffff;
  1555: ffffff;
  1556: ffffff;
  1557: ffffff;
  1558: ffffff;
  1559: ffffff;
  1560: ffffff;
  1561: ffffff;
  1562: ffffff;
  1563: ffffff;
  1564: ffffff;
  1565: ffffff;
  1566: ffffff;
  1567: ffffff;
  1568: ffffff;
  1569: ffffff;
  1570: ffffff;
  1571: ffffff;
  1572: ffffff;
  1573: f9f9f9;
  1574: 50505;
  1575: 0;
  1576: 0;
  1577: 10101;
  1578: 0;
  1579: 10101;
  1580: 0;
  1581: aeaeae;
  1582: ffffff;
  1583: ffffff;
  1584: ffffff;
  1585: ffffff;
  1586: ffffff;
  1587: ffffff;
  1588: fbfbfb;
  1589: 30303;
  1590: 0;
  1591: 0;
  1592: 0;
  1593: 0;
  1594: 0;
  1595: 0;
  1596: d1d1d1;
  1597: ffffff;
  1598: ffffff;
  1599: ffffff;
  1600: ffffff;
  1601: ffffff;
  1602: ffffff;
  1603: fcfcfc;
  1604: 30303;
  1605: 0;
  1606: 0;
  1607: 0;
  1608: 0;
  1609: 0;
  1610: 0;
  1611: f0f0f0;
  1612: ffffff;
  1613: fefefe;
  1614: ffffff;
  1615: ffffff;
  1616: ffffff;
  1617: ffffff;
  1618: ffffff;
  1619: 40404;
  1620: 0;
  1621: 10101;
  1622: 0;
  1623: 0;
  1624: 0;
  1625: 0;
  1626: ffffff;
  1627: ffffff;
  1628: ffffff;
  1629: fefefe;
  1630: ffffff;
  1631: ffffff;
  1632: ffffff;
  1633: ffffff;
  1634: ffffff;
  1635: ffffff;
  1636: ffffff;
  1637: ffffff;
  1638: ffffff;
  1639: ffffff;
  1640: ffffff;
  1641: ffffff;
  1642: ffffff;
  1643: ffffff;
  1644: ffffff;
  1645: ffffff;
  1646: ffffff;
  1647: ffffff;
  1648: ffffff;
  1649: ffffff;
  1650: ffffff;
  1651: ffffff;
  1652: ffffff;
  1653: ffffff;
  1654: ffffff;
  1655: ffffff;
  1656: ffffff;
  1657: ffffff;
  1658: ffffff;
  1659: ffffff;
  1660: ffffff;
  1661: ffffff;
  1662: ffffff;
  1663: ffffff;
  1664: ffffff;
  1665: ffffff;
  1666: ffffff;
  1667: ffffff;
  1668: ffffff;
  1669: ffffff;
  1670: ffffff;
  1671: ffffff;
  1672: ffffff;
  1673: ffffff;
  1674: ffffff;
  1675: ffffff;
  1676: ffffff;
  1677: ffffff;
  1678: ffffff;
  1679: ffffff;
  1680: ffffff;
  1681: ffffff;
  1682: ffffff;
  1683: ffffff;
  1684: ffffff;
  1685: ffffff;
  1686: ffffff;
  1687: ffffff;
  1688: ffffff;
  1689: ffffff;
  1690: ffffff;
  1691: ffffff;
  1692: ffffff;
  1693: ffffff;
  1694: ffffff;
  1695: ffffff;
  1696: ffffff;
  1697: ffffff;
  1698: ffffff;
  1699: ffffff;
  1700: ffffff;
  1701: f9f9f9;
  1702: 50505;
  1703: 0;
  1704: 0;
  1705: 10101;
  1706: 0;
  1707: 10101;
  1708: 0;
  1709: aeaeae;
  1710: ffffff;
  1711: ffffff;
  1712: ffffff;
  1713: ffffff;
  1714: ffffff;
  1715: ffffff;
  1716: fbfbfb;
  1717: 30303;
  1718: 0;
  1719: 0;
  1720: 0;
  1721: 0;
  1722: 0;
  1723: 0;
  1724: d1d1d1;
  1725: ffffff;
  1726: ffffff;
  1727: ffffff;
  1728: ffffff;
  1729: ffffff;
  1730: ffffff;
  1731: fcfcfc;
  1732: 30303;
  1733: 0;
  1734: 0;
  1735: 0;
  1736: 0;
  1737: 0;
  1738: 0;
  1739: f0f0f0;
  1740: ffffff;
  1741: fefefe;
  1742: ffffff;
  1743: ffffff;
  1744: ffffff;
  1745: ffffff;
  1746: ffffff;
  1747: 40404;
  1748: 0;
  1749: 10101;
  1750: 0;
  1751: 0;
  1752: 0;
  1753: 0;
  1754: ffffff;
  1755: ffffff;
  1756: ffffff;
  1757: fefefe;
  1758: ffffff;
  1759: ffffff;
  1760: ffffff;
  1761: ffffff;
  1762: ffffff;
  1763: ffffff;
  1764: ffffff;
  1765: ffffff;
  1766: ffffff;
  1767: ffffff;
  1768: ffffff;
  1769: ffffff;
  1770: ffffff;
  1771: ffffff;
  1772: ffffff;
  1773: ffffff;
  1774: ffffff;
  1775: ffffff;
  1776: ffffff;
  1777: ffffff;
  1778: ffffff;
  1779: ffffff;
  1780: ffffff;
  1781: ffffff;
  1782: ffffff;
  1783: ffffff;
  1784: ffffff;
  1785: ffffff;
  1786: ffffff;
  1787: ffffff;
  1788: ffffff;
  1789: ffffff;
  1790: ffffff;
  1791: ffffff;
  1792: ffffff;
  1793: ffffff;
  1794: ffffff;
  1795: ffffff;
  1796: ffffff;
  1797: ffffff;
  1798: ffffff;
  1799: ffffff;
  1800: ffffff;
  1801: ffffff;
  1802: ffffff;
  1803: ffffff;
  1804: ffffff;
  1805: ffffff;
  1806: ffffff;
  1807: ffffff;
  1808: ffffff;
  1809: ffffff;
  1810: ffffff;
  1811: ffffff;
  1812: ffffff;
  1813: ffffff;
  1814: ffffff;
  1815: ffffff;
  1816: ffffff;
  1817: ffffff;
  1818: ffffff;
  1819: ffffff;
  1820: ffffff;
  1821: ffffff;
  1822: ffffff;
  1823: ffffff;
  1824: ffffff;
  1825: ffffff;
  1826: ffffff;
  1827: ffffff;
  1828: ffffff;
  1829: f9f9f9;
  1830: 50505;
  1831: 0;
  1832: 0;
  1833: 10101;
  1834: 0;
  1835: 10101;
  1836: 0;
  1837: aeaeae;
  1838: ffffff;
  1839: ffffff;
  1840: ffffff;
  1841: ffffff;
  1842: ffffff;
  1843: ffffff;
  1844: fbfbfb;
  1845: 30303;
  1846: 0;
  1847: 0;
  1848: 0;
  1849: 0;
  1850: 0;
  1851: 0;
  1852: d1d1d1;
  1853: ffffff;
  1854: ffffff;
  1855: ffffff;
  1856: ffffff;
  1857: ffffff;
  1858: ffffff;
  1859: fcfcfc;
  1860: 30303;
  1861: 0;
  1862: 0;
  1863: 0;
  1864: 0;
  1865: 0;
  1866: 0;
  1867: f0f0f0;
  1868: ffffff;
  1869: fefefe;
  1870: ffffff;
  1871: ffffff;
  1872: ffffff;
  1873: ffffff;
  1874: ffffff;
  1875: 40404;
  1876: 0;
  1877: 10101;
  1878: 0;
  1879: 0;
  1880: 0;
  1881: 0;
  1882: ffffff;
  1883: ffffff;
  1884: ffffff;
  1885: fefefe;
  1886: ffffff;
  1887: ffffff;
  1888: ffffff;
  1889: ffffff;
  1890: ffffff;
  1891: ffffff;
  1892: ffffff;
  1893: ffffff;
  1894: ffffff;
  1895: ffffff;
  1896: ffffff;
  1897: ffffff;
  1898: ffffff;
  1899: ffffff;
  1900: ffffff;
  1901: ffffff;
  1902: ffffff;
  1903: ffffff;
  1904: ffffff;
  1905: ffffff;
  1906: ffffff;
  1907: ffffff;
  1908: ffffff;
  1909: ffffff;
  1910: ffffff;
  1911: ffffff;
  1912: ffffff;
  1913: ffffff;
  1914: ffffff;
  1915: ffffff;
  1916: ffffff;
  1917: ffffff;
  1918: ffffff;
  1919: ffffff;
  1920: ffffff;
  1921: ffffff;
  1922: ffffff;
  1923: ffffff;
  1924: ffffff;
  1925: ffffff;
  1926: ffffff;
  1927: ffffff;
  1928: ffffff;
  1929: ffffff;
  1930: ffffff;
  1931: ffffff;
  1932: ffffff;
  1933: ffffff;
  1934: ffffff;
  1935: ffffff;
  1936: ffffff;
  1937: ffffff;
  1938: ffffff;
  1939: ffffff;
  1940: ffffff;
  1941: ffffff;
  1942: ffffff;
  1943: ffffff;
  1944: ffffff;
  1945: ffffff;
  1946: ffffff;
  1947: ffffff;
  1948: ffffff;
  1949: ffffff;
  1950: ffffff;
  1951: ffffff;
  1952: ffffff;
  1953: ffffff;
  1954: ffffff;
  1955: ffffff;
  1956: ffffff;
  1957: f9f9f9;
  1958: 50505;
  1959: 0;
  1960: 0;
  1961: 10101;
  1962: 0;
  1963: 10101;
  1964: 0;
  1965: aeaeae;
  1966: ffffff;
  1967: ffffff;
  1968: ffffff;
  1969: ffffff;
  1970: ffffff;
  1971: ffffff;
  1972: fbfbfb;
  1973: 30303;
  1974: 0;
  1975: 0;
  1976: 0;
  1977: 0;
  1978: 0;
  1979: 0;
  1980: d1d1d1;
  1981: ffffff;
  1982: ffffff;
  1983: ffffff;
  1984: ffffff;
  1985: ffffff;
  1986: ffffff;
  1987: fcfcfc;
  1988: 30303;
  1989: 0;
  1990: 0;
  1991: 0;
  1992: 0;
  1993: 0;
  1994: 0;
  1995: f0f0f0;
  1996: ffffff;
  1997: fefefe;
  1998: ffffff;
  1999: ffffff;
  2000: ffffff;
  2001: ffffff;
  2002: ffffff;
  2003: 40404;
  2004: 0;
  2005: 10101;
  2006: 0;
  2007: 0;
  2008: 0;
  2009: 0;
  2010: ffffff;
  2011: ffffff;
  2012: ffffff;
  2013: fefefe;
  2014: ffffff;
  2015: ffffff;
  2016: ffffff;
  2017: ffffff;
  2018: ffffff;
  2019: ffffff;
  2020: ffffff;
  2021: ffffff;
  2022: ffffff;
  2023: ffffff;
  2024: ffffff;
  2025: ffffff;
  2026: ffffff;
  2027: ffffff;
  2028: ffffff;
  2029: ffffff;
  2030: ffffff;
  2031: ffffff;
  2032: ffffff;
  2033: ffffff;
  2034: ffffff;
  2035: ffffff;
  2036: ffffff;
  2037: ffffff;
  2038: ffffff;
  2039: ffffff;
  2040: ffffff;
  2041: ffffff;
  2042: ffffff;
  2043: ffffff;
  2044: ffffff;
  2045: ffffff;
  2046: ffffff;
  2047: ffffff;
  2048: ffffff;
  2049: ffffff;
  2050: ffffff;
  2051: ffffff;
  2052: ffffff;
  2053: ffffff;
  2054: ffffff;
  2055: ffffff;
  2056: ffffff;
  2057: ffffff;
  2058: ffffff;
  2059: ffffff;
  2060: ffffff;
  2061: ffffff;
  2062: ffffff;
  2063: ffffff;
  2064: ffffff;
  2065: ffffff;
  2066: ffffff;
  2067: ffffff;
  2068: ffffff;
  2069: ffffff;
  2070: ffffff;
  2071: ffffff;
  2072: ffffff;
  2073: ffffff;
  2074: ffffff;
  2075: ffffff;
  2076: ffffff;
  2077: ffffff;
  2078: ffffff;
  2079: ffffff;
  2080: ffffff;
  2081: ffffff;
  2082: fdfdfd;
  2083: fefefe;
  2084: ffffff;
  2085: fafafa;
  2086: 40404;
  2087: 10101;
  2088: 0;
  2089: 0;
  2090: 0;
  2091: 10101;
  2092: 10101;
  2093: acacac;
  2094: ffffff;
  2095: fefefe;
  2096: ffffff;
  2097: fefefe;
  2098: ffffff;
  2099: ffffff;
  2100: f9f9f9;
  2101: 20202;
  2102: 10101;
  2103: 20202;
  2104: 0;
  2105: 20202;
  2106: 0;
  2107: 20202;
  2108: d0d0d0;
  2109: ffffff;
  2110: ffffff;
  2111: ffffff;
  2112: ffffff;
  2113: ffffff;
  2114: ffffff;
  2115: fcfcfc;
  2116: 40404;
  2117: 10101;
  2118: 0;
  2119: 0;
  2120: 0;
  2121: 0;
  2122: 10101;
  2123: efefef;
  2124: ffffff;
  2125: ffffff;
  2126: ffffff;
  2127: fefefe;
  2128: fefefe;
  2129: fefefe;
  2130: ffffff;
  2131: 30303;
  2132: 40404;
  2133: 0;
  2134: 10101;
  2135: 0;
  2136: 0;
  2137: 20202;
  2138: ffffff;
  2139: ffffff;
  2140: ffffff;
  2141: fefefe;
  2142: ffffff;
  2143: fefefe;
  2144: ffffff;
  2145: ffffff;
  2146: ffffff;
  2147: ffffff;
  2148: ffffff;
  2149: ffffff;
  2150: ffffff;
  2151: ffffff;
  2152: ffffff;
  2153: ffffff;
  2154: ffffff;
  2155: ffffff;
  2156: ffffff;
  2157: ffffff;
  2158: ffffff;
  2159: ffffff;
  2160: ffffff;
  2161: ffffff;
  2162: ffffff;
  2163: ffffff;
  2164: ffffff;
  2165: ffffff;
  2166: ffffff;
  2167: ffffff;
  2168: ffffff;
  2169: ffffff;
  2170: ffffff;
  2171: ffffff;
  2172: ffffff;
  2173: ffffff;
  2174: ffffff;
  2175: ffffff;
  2176: ffffff;
  2177: ffffff;
  2178: ffffff;
  2179: ffffff;
  2180: ffffff;
  2181: ffffff;
  2182: ffffff;
  2183: ffffff;
  2184: ffffff;
  2185: ffffff;
  2186: ffffff;
  2187: ffffff;
  2188: ffffff;
  2189: ffffff;
  2190: ffffff;
  2191: ffffff;
  2192: ffffff;
  2193: ffffff;
  2194: ffffff;
  2195: ffffff;
  2196: ffffff;
  2197: ffffff;
  2198: ffffff;
  2199: ffffff;
  2200: ffffff;
  2201: ffffff;
  2202: ffffff;
  2203: ffffff;
  2204: ffffff;
  2205: ffffff;
  2206: ffffff;
  2207: ffffff;
  2208: fdfdfd;
  2209: ffffff;
  2210: fdfdfd;
  2211: ffffff;
  2212: fdfdfd;
  2213: fcfcfc;
  2214: 10101;
  2215: 0;
  2216: 0;
  2217: 0;
  2218: 10101;
  2219: 10101;
  2220: 0;
  2221: adadad;
  2222: ffffff;
  2223: fdfdfd;
  2224: fcfcfc;
  2225: ffffff;
  2226: ffffff;
  2227: ffffff;
  2228: ffffff;
  2229: 30303;
  2230: 0;
  2231: 0;
  2232: 0;
  2233: 0;
  2234: 0;
  2235: 0;
  2236: d1d1d1;
  2237: fefefe;
  2238: ffffff;
  2239: fcfcfc;
  2240: fefefe;
  2241: ffffff;
  2242: ffffff;
  2243: fdfdfd;
  2244: 20202;
  2245: 0;
  2246: 0;
  2247: 10101;
  2248: 20202;
  2249: 0;
  2250: 0;
  2251: f4f4f4;
  2252: fdfdfd;
  2253: ffffff;
  2254: ffffff;
  2255: fefefe;
  2256: ffffff;
  2257: fefefe;
  2258: ffffff;
  2259: 10101;
  2260: 0;
  2261: 0;
  2262: 10101;
  2263: 10101;
  2264: 0;
  2265: 0;
  2266: ffffff;
  2267: fefefe;
  2268: ffffff;
  2269: fefefe;
  2270: ffffff;
  2271: fdfdfd;
  2272: ffffff;
  2273: ffffff;
  2274: ffffff;
  2275: ffffff;
  2276: ffffff;
  2277: ffffff;
  2278: ffffff;
  2279: ffffff;
  2280: ffffff;
  2281: ffffff;
  2282: ffffff;
  2283: ffffff;
  2284: ffffff;
  2285: ffffff;
  2286: ffffff;
  2287: ffffff;
  2288: ffffff;
  2289: ffffff;
  2290: ffffff;
  2291: ffffff;
  2292: ffffff;
  2293: ffffff;
  2294: ffffff;
  2295: ffffff;
  2296: ffffff;
  2297: ffffff;
  2298: ffffff;
  2299: ffffff;
  2300: ffffff;
  2301: ffffff;
  2302: ffffff;
  2303: ffffff;
  2304: ffffff;
  2305: ffffff;
  2306: ffffff;
  2307: ffffff;
  2308: ffffff;
  2309: ffffff;
  2310: ffffff;
  2311: ffffff;
  2312: ffffff;
  2313: ffffff;
  2314: ffffff;
  2315: ffffff;
  2316: ffffff;
  2317: ffffff;
  2318: ffffff;
  2319: ffffff;
  2320: ffffff;
  2321: ffffff;
  2322: ffffff;
  2323: ffffff;
  2324: ffffff;
  2325: ffffff;
  2326: ffffff;
  2327: ffffff;
  2328: ffffff;
  2329: ffffff;
  2330: ffffff;
  2331: ffffff;
  2332: ffffff;
  2333: ffffff;
  2334: ffffff;
  2335: ffffff;
  2336: ffffff;
  2337: ffffff;
  2338: ffffff;
  2339: ffffff;
  2340: ffffff;
  2341: f9f9f9;
  2342: 70707;
  2343: 0;
  2344: 10101;
  2345: 0;
  2346: 0;
  2347: 20202;
  2348: 0;
  2349: afafaf;
  2350: fefefe;
  2351: ffffff;
  2352: ffffff;
  2353: fdfdfd;
  2354: fcfcfc;
  2355: fefefe;
  2356: f6f6f6;
  2357: 90909;
  2358: 0;
  2359: 10101;
  2360: 20202;
  2361: 0;
  2362: 0;
  2363: 20202;
  2364: cdcdcd;
  2365: ffffff;
  2366: ffffff;
  2367: ffffff;
  2368: ffffff;
  2369: ffffff;
  2370: ffffff;
  2371: fbfbfb;
  2372: 50505;
  2373: 0;
  2374: 10101;
  2375: 0;
  2376: 10101;
  2377: 0;
  2378: 20202;
  2379: efefef;
  2380: ffffff;
  2381: fefefe;
  2382: fbfbfb;
  2383: ffffff;
  2384: fcfcfc;
  2385: ffffff;
  2386: fcfcfc;
  2387: 40404;
  2388: 50505;
  2389: 30303;
  2390: 0;
  2391: 0;
  2392: 0;
  2393: 30303;
  2394: fdfdfd;
  2395: ffffff;
  2396: ffffff;
  2397: ffffff;
  2398: ffffff;
  2399: ffffff;
  2400: ffffff;
  2401: ffffff;
  2402: ffffff;
  2403: ffffff;
  2404: ffffff;
  2405: ffffff;
  2406: ffffff;
  2407: ffffff;
  2408: ffffff;
  2409: ffffff;
  2410: ffffff;
  2411: ffffff;
  2412: ffffff;
  2413: ffffff;
  2414: ffffff;
  2415: ffffff;
  2416: ffffff;
  2417: ffffff;
  2418: ffffff;
  2419: ffffff;
  2420: ffffff;
  2421: ffffff;
  2422: ffffff;
  2423: ffffff;
  2424: ffffff;
  2425: ffffff;
  2426: ffffff;
  2427: ffffff;
  2428: ffffff;
  2429: ffffff;
  2430: ffffff;
  2431: ffffff;
  2432: ffffff;
  2433: ffffff;
  2434: ffffff;
  2435: ffffff;
  2436: ffffff;
  2437: ffffff;
  2438: ffffff;
  2439: ffffff;
  2440: ffffff;
  2441: ffffff;
  2442: ffffff;
  2443: ffffff;
  2444: ffffff;
  2445: ffffff;
  2446: ffffff;
  2447: ffffff;
  2448: ffffff;
  2449: ffffff;
  2450: ffffff;
  2451: ffffff;
  2452: ffffff;
  2453: ffffff;
  2454: ffffff;
  2455: ffffff;
  2456: ffffff;
  2457: ffffff;
  2458: ffffff;
  2459: ffffff;
  2460: ffffff;
  2461: ffffff;
  2462: ffffff;
  2463: ffffff;
  2464: fefefe;
  2465: ffffff;
  2466: ffffff;
  2467: ffffff;
  2468: fefefe;
  2469: fafafa;
  2470: 10101;
  2471: 0;
  2472: 0;
  2473: 0;
  2474: 40404;
  2475: 0;
  2476: 20202;
  2477: adadad;
  2478: ffffff;
  2479: fefefe;
  2480: fefefe;
  2481: ffffff;
  2482: ffffff;
  2483: ffffff;
  2484: f8f8f8;
  2485: 50505;
  2486: 20202;
  2487: 0;
  2488: 0;
  2489: 0;
  2490: 20202;
  2491: 10101;
  2492: d2d2d2;
  2493: ffffff;
  2494: fdfdfd;
  2495: fcfcfc;
  2496: fefefe;
  2497: ffffff;
  2498: ffffff;
  2499: ffffff;
  2500: 10101;
  2501: 10101;
  2502: 10101;
  2503: 20202;
  2504: 0;
  2505: 30303;
  2506: 0;
  2507: f0f0f0;
  2508: ffffff;
  2509: ffffff;
  2510: fcfcfc;
  2511: ffffff;
  2512: ffffff;
  2513: fdfdfd;
  2514: ffffff;
  2515: 70707;
  2516: 0;
  2517: 0;
  2518: 30303;
  2519: 0;
  2520: 0;
  2521: 0;
  2522: ffffff;
  2523: fefefe;
  2524: ffffff;
  2525: ffffff;
  2526: fefefe;
  2527: ffffff;
  2528: ffffff;
  2529: ffffff;
  2530: ffffff;
  2531: ffffff;
  2532: ffffff;
  2533: ffffff;
  2534: ffffff;
  2535: ffffff;
  2536: ffffff;
  2537: ffffff;
  2538: ffffff;
  2539: ffffff;
  2540: ffffff;
  2541: ffffff;
  2542: ffffff;
  2543: ffffff;
  2544: ffffff;
  2545: ffffff;
  2546: ffffff;
  2547: ffffff;
  2548: ffffff;
  2549: ffffff;
  2550: ffffff;
  2551: ffffff;
  2552: ffffff;
  2553: ffffff;
  2554: ffffff;
  2555: ffffff;
  2556: ffffff;
  2557: ffffff;
  2558: ffffff;
  2559: ffffff;
  2560: ffffff;
  2561: ffffff;
  2562: ffffff;
  2563: ffffff;
  2564: ffffff;
  2565: ffffff;
  2566: ffffff;
  2567: ffffff;
  2568: ffffff;
  2569: ffffff;
  2570: ffffff;
  2571: ffffff;
  2572: ffffff;
  2573: ffffff;
  2574: ffffff;
  2575: ffffff;
  2576: ffffff;
  2577: ffffff;
  2578: ffffff;
  2579: ffffff;
  2580: ffffff;
  2581: ffffff;
  2582: ffffff;
  2583: ffffff;
  2584: ffffff;
  2585: ffffff;
  2586: ffffff;
  2587: ffffff;
  2588: ffffff;
  2589: ffffff;
  2590: ffffff;
  2591: ffffff;
  2592: ffffff;
  2593: ffffff;
  2594: ffffff;
  2595: fdfdfd;
  2596: ffffff;
  2597: fafafa;
  2598: 60606;
  2599: 10101;
  2600: 30303;
  2601: 40404;
  2602: 0;
  2603: 10101;
  2604: 10101;
  2605: aeaeae;
  2606: fcfcfc;
  2607: ffffff;
  2608: fdfdfd;
  2609: ffffff;
  2610: fbfbfb;
  2611: fcfcfc;
  2612: ffffff;
  2613: 50505;
  2614: 0;
  2615: 10101;
  2616: 10101;
  2617: 0;
  2618: 10101;
  2619: 10101;
  2620: cfcfcf;
  2621: ffffff;
  2622: ffffff;
  2623: ffffff;
  2624: fefefe;
  2625: ffffff;
  2626: fdfdfd;
  2627: fbfbfb;
  2628: 30303;
  2629: 0;
  2630: 0;
  2631: 0;
  2632: 10101;
  2633: 0;
  2634: 10101;
  2635: f2f2f2;
  2636: fbfbfb;
  2637: fafafa;
  2638: ffffff;
  2639: fefefe;
  2640: fdfdfd;
  2641: ffffff;
  2642: ffffff;
  2643: 0;
  2644: 0;
  2645: 30303;
  2646: 0;
  2647: 10101;
  2648: 10101;
  2649: 20202;
  2650: ffffff;
  2651: ffffff;
  2652: fdfdfd;
  2653: ffffff;
  2654: fefefe;
  2655: ffffff;
  2656: ffffff;
  2657: ffffff;
  2658: ffffff;
  2659: ffffff;
  2660: ffffff;
  2661: ffffff;
  2662: ffffff;
  2663: ffffff;
  2664: ffffff;
  2665: ffffff;
  2666: ffffff;
  2667: ffffff;
  2668: ffffff;
  2669: ffffff;
  2670: ffffff;
  2671: ffffff;
  2672: ffffff;
  2673: ffffff;
  2674: ffffff;
  2675: ffffff;
  2676: ffffff;
  2677: ffffff;
  2678: ffffff;
  2679: ffffff;
  2680: ffffff;
  2681: ffffff;
  2682: ffffff;
  2683: ffffff;
  2684: ffffff;
  2685: ffffff;
  2686: ffffff;
  2687: ffffff;
  2688: ffffff;
  2689: ffffff;
  2690: ffffff;
  2691: ffffff;
  2692: ffffff;
  2693: ffffff;
  2694: ffffff;
  2695: ffffff;
  2696: ffffff;
  2697: ffffff;
  2698: ffffff;
  2699: ffffff;
  2700: ffffff;
  2701: ffffff;
  2702: ffffff;
  2703: ffffff;
  2704: ffffff;
  2705: ffffff;
  2706: ffffff;
  2707: ffffff;
  2708: ffffff;
  2709: ffffff;
  2710: ffffff;
  2711: ffffff;
  2712: ffffff;
  2713: ffffff;
  2714: ffffff;
  2715: ffffff;
  2716: ffffff;
  2717: ffffff;
  2718: ffffff;
  2719: ffffff;
  2720: fcfcfc;
  2721: ffffff;
  2722: ffffff;
  2723: ffffff;
  2724: ffffff;
  2725: f9f9f9;
  2726: 10101;
  2727: 0;
  2728: 0;
  2729: 0;
  2730: 0;
  2731: 30303;
  2732: 0;
  2733: ababab;
  2734: ffffff;
  2735: ffffff;
  2736: ffffff;
  2737: ffffff;
  2738: fefefe;
  2739: ffffff;
  2740: fafafa;
  2741: 10101;
  2742: 60606;
  2743: 0;
  2744: 20202;
  2745: 0;
  2746: 0;
  2747: 0;
  2748: d6d6d6;
  2749: fcfcfc;
  2750: ffffff;
  2751: fdfdfd;
  2752: fcfcfc;
  2753: ffffff;
  2754: ffffff;
  2755: fafafa;
  2756: 60606;
  2757: 10101;
  2758: 0;
  2759: 40404;
  2760: 0;
  2761: 60606;
  2762: 10101;
  2763: f0f0f0;
  2764: ffffff;
  2765: fdfdfd;
  2766: ffffff;
  2767: ffffff;
  2768: fefefe;
  2769: fefefe;
  2770: ffffff;
  2771: 30303;
  2772: 0;
  2773: 30303;
  2774: 0;
  2775: 20202;
  2776: 0;
  2777: 0;
  2778: fdfdfd;
  2779: ffffff;
  2780: ffffff;
  2781: fefefe;
  2782: ffffff;
  2783: fdfdfd;
  2784: ffffff;
  2785: ffffff;
  2786: ffffff;
  2787: ffffff;
  2788: ffffff;
  2789: ffffff;
  2790: ffffff;
  2791: ffffff;
  2792: ffffff;
  2793: ffffff;
  2794: ffffff;
  2795: ffffff;
  2796: ffffff;
  2797: ffffff;
  2798: ffffff;
  2799: ffffff;
  2800: ffffff;
  2801: ffffff;
  2802: ffffff;
  2803: ffffff;
  2804: ffffff;
  2805: ffffff;
  2806: ffffff;
  2807: ffffff;
  2808: ffffff;
  2809: ffffff;
  2810: ffffff;
  2811: ffffff;
  2812: ffffff;
  2813: ffffff;
  2814: ffffff;
  2815: ffffff;
  2816: ffffff;
  2817: ffffff;
  2818: ffffff;
  2819: ffffff;
  2820: ffffff;
  2821: ffffff;
  2822: ffffff;
  2823: ffffff;
  2824: ffffff;
  2825: ffffff;
  2826: ffffff;
  2827: ffffff;
  2828: ffffff;
  2829: ffffff;
  2830: ffffff;
  2831: ffffff;
  2832: ffffff;
  2833: ffffff;
  2834: ffffff;
  2835: ffffff;
  2836: ffffff;
  2837: ffffff;
  2838: ffffff;
  2839: ffffff;
  2840: ffffff;
  2841: ffffff;
  2842: ffffff;
  2843: ffffff;
  2844: ffffff;
  2845: ffffff;
  2846: ffffff;
  2847: ffffff;
  2848: ffffff;
  2849: fbfbfb;
  2850: ffffff;
  2851: fdfdfd;
  2852: ffffff;
  2853: ffffff;
  2854: ffffff;
  2855: ffffff;
  2856: ffffff;
  2857: ffffff;
  2858: ffffff;
  2859: fbfbfb;
  2860: ffffff;
  2861: ffffff;
  2862: fbfbfb;
  2863: ffffff;
  2864: ffffff;
  2865: fcfcfc;
  2866: ffffff;
  2867: fdfdfd;
  2868: ffffff;
  2869: fefefe;
  2870: fcfcfc;
  2871: ffffff;
  2872: fbfbfb;
  2873: ffffff;
  2874: ffffff;
  2875: ffffff;
  2876: fefefe;
  2877: ffffff;
  2878: ffffff;
  2879: ffffff;
  2880: ffffff;
  2881: ffffff;
  2882: fefefe;
  2883: ffffff;
  2884: fcfcfc;
  2885: ffffff;
  2886: fefefe;
  2887: fdfdfd;
  2888: fdfdfd;
  2889: fbfbfb;
  2890: ffffff;
  2891: fefefe;
  2892: fefefe;
  2893: ffffff;
  2894: fdfdfd;
  2895: fcfcfc;
  2896: ffffff;
  2897: fdfdfd;
  2898: ffffff;
  2899: ffffff;
  2900: fdfdfd;
  2901: fbfbfb;
  2902: ffffff;
  2903: fdfdfd;
  2904: ffffff;
  2905: ffffff;
  2906: ffffff;
  2907: ffffff;
  2908: fefefe;
  2909: ffffff;
  2910: fefefe;
  2911: ffffff;
  2912: ffffff;
  2913: ffffff;
  2914: ffffff;
  2915: ffffff;
  2916: ffffff;
  2917: ffffff;
  2918: ffffff;
  2919: ffffff;
  2920: ffffff;
  2921: ffffff;
  2922: ffffff;
  2923: ffffff;
  2924: ffffff;
  2925: ffffff;
  2926: ffffff;
  2927: ffffff;
  2928: ffffff;
  2929: ffffff;
  2930: ffffff;
  2931: ffffff;
  2932: ffffff;
  2933: ffffff;
  2934: ffffff;
  2935: ffffff;
  2936: ffffff;
  2937: ffffff;
  2938: ffffff;
  2939: ffffff;
  2940: ffffff;
  2941: ffffff;
  2942: ffffff;
  2943: ffffff;
  2944: ffffff;
  2945: ffffff;
  2946: ffffff;
  2947: ffffff;
  2948: ffffff;
  2949: ffffff;
  2950: ffffff;
  2951: ffffff;
  2952: ffffff;
  2953: ffffff;
  2954: ffffff;
  2955: ffffff;
  2956: ffffff;
  2957: ffffff;
  2958: ffffff;
  2959: ffffff;
  2960: ffffff;
  2961: ffffff;
  2962: ffffff;
  2963: ffffff;
  2964: ffffff;
  2965: ffffff;
  2966: ffffff;
  2967: ffffff;
  2968: ffffff;
  2969: ffffff;
  2970: ffffff;
  2971: ffffff;
  2972: ffffff;
  2973: ffffff;
  2974: ffffff;
  2975: ffffff;
  2976: ffffff;
  2977: fcfcfc;
  2978: ffffff;
  2979: ffffff;
  2980: ffffff;
  2981: ffffff;
  2982: ffffff;
  2983: fefefe;
  2984: ffffff;
  2985: fcfcfc;
  2986: fcfcfc;
  2987: ffffff;
  2988: fbfbfb;
  2989: ffffff;
  2990: ffffff;
  2991: ffffff;
  2992: ffffff;
  2993: fcfcfc;
  2994: ffffff;
  2995: ffffff;
  2996: fefefe;
  2997: ffffff;
  2998: ffffff;
  2999: fefefe;
  3000: ffffff;
  3001: fefefe;
  3002: fdfdfd;
  3003: fdfdfd;
  3004: ffffff;
  3005: fdfdfd;
  3006: ffffff;
  3007: ffffff;
  3008: fefefe;
  3009: ffffff;
  3010: ffffff;
  3011: fdfdfd;
  3012: ffffff;
  3013: ffffff;
  3014: ffffff;
  3015: ffffff;
  3016: ffffff;
  3017: fefefe;
  3018: ffffff;
  3019: ffffff;
  3020: ffffff;
  3021: ffffff;
  3022: fefefe;
  3023: ffffff;
  3024: ffffff;
  3025: ffffff;
  3026: fefefe;
  3027: ffffff;
  3028: ffffff;
  3029: ffffff;
  3030: ffffff;
  3031: ffffff;
  3032: ffffff;
  3033: ffffff;
  3034: fdfdfd;
  3035: fdfdfd;
  3036: ffffff;
  3037: fefefe;
  3038: ffffff;
  3039: fdfdfd;
  3040: ffffff;
  3041: ffffff;
  3042: ffffff;
  3043: ffffff;
  3044: ffffff;
  3045: ffffff;
  3046: ffffff;
  3047: ffffff;
  3048: ffffff;
  3049: ffffff;
  3050: ffffff;
  3051: ffffff;
  3052: ffffff;
  3053: ffffff;
  3054: ffffff;
  3055: ffffff;
  3056: ffffff;
  3057: ffffff;
  3058: ffffff;
  3059: ffffff;
  3060: ffffff;
  3061: ffffff;
  3062: ffffff;
  3063: ffffff;
  3064: ffffff;
  3065: ffffff;
  3066: ffffff;
  3067: ffffff;
  3068: ffffff;
  3069: ffffff;
  3070: ffffff;
  3071: ffffff;
  3072: ffffff;
  3073: ffffff;
  3074: ffffff;
  3075: ffffff;
  3076: ffffff;
  3077: ffffff;
  3078: ffffff;
  3079: ffffff;
  3080: ffffff;
  3081: ffffff;
  3082: ffffff;
  3083: ffffff;
  3084: ffffff;
  3085: ffffff;
  3086: ffffff;
  3087: ffffff;
  3088: ffffff;
  3089: ffffff;
  3090: ffffff;
  3091: ffffff;
  3092: ffffff;
  3093: ffffff;
  3094: ffffff;
  3095: ffffff;
  3096: fefefe;
  3097: ffffff;
  3098: fefefe;
  3099: ffffff;
  3100: fcfcfc;
  3101: fefefe;
  3102: fcfcfc;
  3103: ffffff;
  3104: ffffff;
  3105: ffffff;
  3106: ffffff;
  3107: ffffff;
  3108: ffffff;
  3109: ffffff;
  3110: ffffff;
  3111: ffffff;
  3112: ffffff;
  3113: ffffff;
  3114: ffffff;
  3115: ffffff;
  3116: ffffff;
  3117: ffffff;
  3118: ffffff;
  3119: ffffff;
  3120: ffffff;
  3121: ffffff;
  3122: ffffff;
  3123: ffffff;
  3124: ffffff;
  3125: ffffff;
  3126: ffffff;
  3127: ffffff;
  3128: ffffff;
  3129: ffffff;
  3130: ffffff;
  3131: ffffff;
  3132: ffffff;
  3133: ffffff;
  3134: ffffff;
  3135: ffffff;
  3136: ffffff;
  3137: ffffff;
  3138: ffffff;
  3139: ffffff;
  3140: ffffff;
  3141: ffffff;
  3142: ffffff;
  3143: ffffff;
  3144: ffffff;
  3145: ffffff;
  3146: ffffff;
  3147: ffffff;
  3148: ffffff;
  3149: ffffff;
  3150: ffffff;
  3151: ffffff;
  3152: ffffff;
  3153: ffffff;
  3154: ffffff;
  3155: ffffff;
  3156: ffffff;
  3157: ffffff;
  3158: ffffff;
  3159: ffffff;
  3160: ffffff;
  3161: ffffff;
  3162: ffffff;
  3163: ffffff;
  3164: ffffff;
  3165: ffffff;
  3166: ffffff;
  3167: ffffff;
  3168: ffffff;
  3169: ffffff;
  3170: ffffff;
  3171: ffffff;
  3172: ffffff;
  3173: ffffff;
  3174: ffffff;
  3175: fefefe;
  3176: ffffff;
  3177: ffffff;
  3178: ffffff;
  3179: ffffff;
  3180: ffffff;
  3181: ffffff;
  3182: ffffff;
  3183: ffffff;
  3184: ffffff;
  3185: ffffff;
  3186: ffffff;
  3187: ffffff;
  3188: ffffff;
  3189: ffffff;
  3190: ffffff;
  3191: ffffff;
  3192: ffffff;
  3193: ffffff;
  3194: ffffff;
  3195: ffffff;
  3196: ffffff;
  3197: ffffff;
  3198: ffffff;
  3199: ffffff;
  3200: ffffff;
  3201: ffffff;
  3202: ffffff;
  3203: ffffff;
  3204: ffffff;
  3205: ffffff;
  3206: ffffff;
  3207: ffffff;
  3208: ffffff;
  3209: ffffff;
  3210: ffffff;
  3211: ffffff;
  3212: ffffff;
  3213: ffffff;
  3214: ffffff;
  3215: ffffff;
  3216: ffffff;
  3217: ffffff;
  3218: ffffff;
  3219: ffffff;
  3220: ffffff;
  3221: ffffff;
  3222: ffffff;
  3223: ffffff;
  3224: ffffff;
  3225: fdfdfd;
  3226: fdfdfd;
  3227: ffffff;
  3228: ffffff;
  3229: ffffff;
  3230: ffffff;
  3231: fefefe;
  3232: ffffff;
  3233: ffffff;
  3234: ffffff;
  3235: ffffff;
  3236: ffffff;
  3237: ffffff;
  3238: ffffff;
  3239: ffffff;
  3240: ffffff;
  3241: ffffff;
  3242: ffffff;
  3243: ffffff;
  3244: ffffff;
  3245: ffffff;
  3246: ffffff;
  3247: ffffff;
  3248: ffffff;
  3249: ffffff;
  3250: ffffff;
  3251: ffffff;
  3252: ffffff;
  3253: ffffff;
  3254: ffffff;
  3255: ffffff;
  3256: ffffff;
  3257: ffffff;
  3258: ffffff;
  3259: ffffff;
  3260: ffffff;
  3261: ffffff;
  3262: ffffff;
  3263: ffffff;
  3264: ffffff;
  3265: ffffff;
  3266: ffffff;
  3267: ffffff;
  3268: ffffff;
  3269: ffffff;
  3270: ffffff;
  3271: ffffff;
  3272: ffffff;
  3273: ffffff;
  3274: ffffff;
  3275: ffffff;
  3276: ffffff;
  3277: ffffff;
  3278: ffffff;
  3279: ffffff;
  3280: ffffff;
  3281: ffffff;
  3282: ffffff;
  3283: ffffff;
  3284: ffffff;
  3285: ffffff;
  3286: ffffff;
  3287: ffffff;
  3288: ffffff;
  3289: ffffff;
  3290: ffffff;
  3291: ffffff;
  3292: ffffff;
  3293: ffffff;
  3294: ffffff;
  3295: ffffff;
  3296: fefefe;
  3297: fdfdfd;
  3298: fcfcfc;
  3299: ffffff;
  3300: ffffff;
  3301: fdfdfd;
  3302: fefefe;
  3303: ffffff;
  3304: ffffff;
  3305: ffffff;
  3306: ffffff;
  3307: ffffff;
  3308: ffffff;
  3309: ffffff;
  3310: ffffff;
  3311: ffffff;
  3312: ffffff;
  3313: ffffff;
  3314: ffffff;
  3315: ffffff;
  3316: ffffff;
  3317: ffffff;
  3318: ffffff;
  3319: ffffff;
  3320: ffffff;
  3321: ffffff;
  3322: ffffff;
  3323: ffffff;
  3324: ffffff;
  3325: ffffff;
  3326: ffffff;
  3327: ffffff;
  3328: ffffff;
  3329: ffffff;
  3330: ffffff;
  3331: ffffff;
  3332: ffffff;
  3333: ffffff;
  3334: ffffff;
  3335: ffffff;
  3336: ffffff;
  3337: ffffff;
  3338: ffffff;
  3339: ffffff;
  3340: ffffff;
  3341: ffffff;
  3342: ffffff;
  3343: ffffff;
  3344: ffffff;
  3345: ffffff;
  3346: ffffff;
  3347: ffffff;
  3348: ffffff;
  3349: ffffff;
  3350: ffffff;
  3351: ffffff;
  3352: ffffff;
  3353: ffffff;
  3354: ffffff;
  3355: ffffff;
  3356: fafafa;
  3357: ffffff;
  3358: fafafa;
  3359: ffffff;
  3360: ffffff;
  3361: ffffff;
  3362: ffffff;
  3363: ffffff;
  3364: ffffff;
  3365: ffffff;
  3366: ffffff;
  3367: ffffff;
  3368: ffffff;
  3369: ffffff;
  3370: ffffff;
  3371: ffffff;
  3372: ffffff;
  3373: ffffff;
  3374: ffffff;
  3375: ffffff;
  3376: ffffff;
  3377: ffffff;
  3378: ffffff;
  3379: ffffff;
  3380: ffffff;
  3381: ffffff;
  3382: ffffff;
  3383: ffffff;
  3384: ffffff;
  3385: ffffff;
  3386: ffffff;
  3387: ffffff;
  3388: ffffff;
  3389: ffffff;
  3390: ffffff;
  3391: ffffff;
  3392: ffffff;
  3393: ffffff;
  3394: ffffff;
  3395: ffffff;
  3396: ffffff;
  3397: ffffff;
  3398: ffffff;
  3399: ffffff;
  3400: ffffff;
  3401: ffffff;
  3402: ffffff;
  3403: ffffff;
  3404: ffffff;
  3405: ffffff;
  3406: ffffff;
  3407: ffffff;
  3408: ffffff;
  3409: ffffff;
  3410: ffffff;
  3411: ffffff;
  3412: ffffff;
  3413: ffffff;
  3414: ffffff;
  3415: ffffff;
  3416: ffffff;
  3417: ffffff;
  3418: ffffff;
  3419: ffffff;
  3420: ffffff;
  3421: ffffff;
  3422: ffffff;
  3423: ffffff;
  3424: fcfcfc;
  3425: ffffff;
  3426: fefefe;
  3427: ffffff;
  3428: fefefe;
  3429: ffffff;
  3430: fcfcfc;
  3431: ffffff;
  3432: ffffff;
  3433: ffffff;
  3434: ffffff;
  3435: ffffff;
  3436: ffffff;
  3437: ffffff;
  3438: ffffff;
  3439: ffffff;
  3440: ffffff;
  3441: ffffff;
  3442: ffffff;
  3443: ffffff;
  3444: ffffff;
  3445: ffffff;
  3446: ffffff;
  3447: ffffff;
  3448: ffffff;
  3449: ffffff;
  3450: ffffff;
  3451: ffffff;
  3452: ffffff;
  3453: ffffff;
  3454: ffffff;
  3455: ffffff;
  3456: ffffff;
  3457: ffffff;
  3458: ffffff;
  3459: ffffff;
  3460: ffffff;
  3461: ffffff;
  3462: ffffff;
  3463: ffffff;
  3464: ffffff;
  3465: ffffff;
  3466: ffffff;
  3467: ffffff;
  3468: ffffff;
  3469: ffffff;
  3470: ffffff;
  3471: ffffff;
  3472: ffffff;
  3473: ffffff;
  3474: ffffff;
  3475: ffffff;
  3476: ffffff;
  3477: ffffff;
  3478: ffffff;
  3479: ffffff;
  3480: fcfcfc;
  3481: fefefe;
  3482: fdfdfd;
  3483: fefefe;
  3484: fefefe;
  3485: 20202;
  3486: 40404;
  3487: 0;
  3488: 0;
  3489: 0;
  3490: 0;
  3491: 0;
  3492: 0;
  3493: 0;
  3494: 0;
  3495: 0;
  3496: 0;
  3497: 0;
  3498: 0;
  3499: 0;
  3500: 0;
  3501: 0;
  3502: 0;
  3503: 0;
  3504: 0;
  3505: 0;
  3506: 0;
  3507: 0;
  3508: 0;
  3509: 0;
  3510: 0;
  3511: 0;
  3512: 0;
  3513: 0;
  3514: 0;
  3515: 0;
  3516: 0;
  3517: 0;
  3518: 0;
  3519: 0;
  3520: 0;
  3521: 0;
  3522: 0;
  3523: 0;
  3524: 0;
  3525: 0;
  3526: 0;
  3527: 0;
  3528: 0;
  3529: 0;
  3530: 0;
  3531: 0;
  3532: 0;
  3533: 0;
  3534: 0;
  3535: 0;
  3536: 0;
  3537: 0;
  3538: 0;
  3539: 0;
  3540: 0;
  3541: 0;
  3542: 0;
  3543: 0;
  3544: 0;
  3545: 0;
  3546: 0;
  3547: 0;
  3548: 0;
  3549: 0;
  3550: 0;
  3551: 0;
  3552: 20202;
  3553: 0;
  3554: 2f2f2f;
  3555: fbfbfb;
  3556: fcfcfc;
  3557: ffffff;
  3558: fdfdfd;
  3559: ffffff;
  3560: ffffff;
  3561: ffffff;
  3562: ffffff;
  3563: ffffff;
  3564: ffffff;
  3565: ffffff;
  3566: ffffff;
  3567: ffffff;
  3568: ffffff;
  3569: ffffff;
  3570: ffffff;
  3571: ffffff;
  3572: ffffff;
  3573: ffffff;
  3574: ffffff;
  3575: ffffff;
  3576: ffffff;
  3577: ffffff;
  3578: ffffff;
  3579: ffffff;
  3580: ffffff;
  3581: ffffff;
  3582: ffffff;
  3583: ffffff;
  3584: ffffff;
  3585: ffffff;
  3586: ffffff;
  3587: ffffff;
  3588: ffffff;
  3589: ffffff;
  3590: ffffff;
  3591: ffffff;
  3592: ffffff;
  3593: ffffff;
  3594: ffffff;
  3595: ffffff;
  3596: ffffff;
  3597: ffffff;
  3598: ffffff;
  3599: ffffff;
  3600: ffffff;
  3601: ffffff;
  3602: ffffff;
  3603: ffffff;
  3604: ffffff;
  3605: ffffff;
  3606: ffffff;
  3607: ffffff;
  3608: ffffff;
  3609: ffffff;
  3610: ffffff;
  3611: 7c7c7c;
  3612: 80808;
  3613: 10101;
  3614: 0;
  3615: 30303;
  3616: 0;
  3617: 0;
  3618: 0;
  3619: 0;
  3620: 0;
  3621: 0;
  3622: 0;
  3623: 0;
  3624: 0;
  3625: 0;
  3626: 0;
  3627: 0;
  3628: 0;
  3629: 0;
  3630: 0;
  3631: 0;
  3632: 0;
  3633: 0;
  3634: 0;
  3635: 0;
  3636: 0;
  3637: 0;
  3638: 0;
  3639: 0;
  3640: 0;
  3641: 0;
  3642: 0;
  3643: 0;
  3644: 0;
  3645: 0;
  3646: 0;
  3647: 0;
  3648: 0;
  3649: 0;
  3650: 0;
  3651: 0;
  3652: 0;
  3653: 0;
  3654: 0;
  3655: 0;
  3656: 0;
  3657: 0;
  3658: 0;
  3659: 0;
  3660: 0;
  3661: 0;
  3662: 0;
  3663: 0;
  3664: 0;
  3665: 0;
  3666: 0;
  3667: 0;
  3668: 0;
  3669: 0;
  3670: 0;
  3671: 0;
  3672: 0;
  3673: 0;
  3674: 0;
  3675: 0;
  3676: 0;
  3677: 0;
  3678: 0;
  3679: 0;
  3680: 30303;
  3681: 0;
  3682: 0;
  3683: 20202;
  3684: ffffff;
  3685: fbfbfb;
  3686: ffffff;
  3687: fefefe;
  3688: ffffff;
  3689: ffffff;
  3690: ffffff;
  3691: ffffff;
  3692: ffffff;
  3693: ffffff;
  3694: ffffff;
  3695: ffffff;
  3696: ffffff;
  3697: ffffff;
  3698: ffffff;
  3699: ffffff;
  3700: ffffff;
  3701: ffffff;
  3702: ffffff;
  3703: ffffff;
  3704: ffffff;
  3705: ffffff;
  3706: ffffff;
  3707: ffffff;
  3708: ffffff;
  3709: ffffff;
  3710: ffffff;
  3711: ffffff;
  3712: ffffff;
  3713: ffffff;
  3714: ffffff;
  3715: ffffff;
  3716: ffffff;
  3717: ffffff;
  3718: ffffff;
  3719: ffffff;
  3720: ffffff;
  3721: ffffff;
  3722: ffffff;
  3723: ffffff;
  3724: ffffff;
  3725: ffffff;
  3726: ffffff;
  3727: ffffff;
  3728: ffffff;
  3729: ffffff;
  3730: ffffff;
  3731: ffffff;
  3732: ffffff;
  3733: ffffff;
  3734: ffffff;
  3735: ffffff;
  3736: fcfcfc;
  3737: ffffff;
  3738: 0;
  3739: 0;
  3740: 0;
  3741: 0;
  3742: 0;
  3743: 0;
  3744: 0;
  3745: 0;
  3746: 0;
  3747: 0;
  3748: 0;
  3749: 0;
  3750: 0;
  3751: 0;
  3752: 0;
  3753: 0;
  3754: 0;
  3755: 0;
  3756: 0;
  3757: 0;
  3758: 0;
  3759: 0;
  3760: 0;
  3761: 0;
  3762: 0;
  3763: 0;
  3764: 0;
  3765: 0;
  3766: 0;
  3767: 0;
  3768: 0;
  3769: 0;
  3770: 0;
  3771: 0;
  3772: 0;
  3773: 0;
  3774: 0;
  3775: 0;
  3776: 0;
  3777: 0;
  3778: 0;
  3779: 0;
  3780: 0;
  3781: 0;
  3782: 0;
  3783: 0;
  3784: 0;
  3785: 0;
  3786: 0;
  3787: 0;
  3788: 0;
  3789: 0;
  3790: 0;
  3791: 0;
  3792: 0;
  3793: 0;
  3794: 0;
  3795: 0;
  3796: 0;
  3797: 0;
  3798: 0;
  3799: 0;
  3800: 0;
  3801: 0;
  3802: 0;
  3803: 0;
  3804: 0;
  3805: 0;
  3806: 0;
  3807: 0;
  3808: 0;
  3809: 0;
  3810: 0;
  3811: 0;
  3812: 40404;
  3813: d0d0d0;
  3814: ffffff;
  3815: ffffff;
  3816: ffffff;
  3817: ffffff;
  3818: ffffff;
  3819: ffffff;
  3820: ffffff;
  3821: ffffff;
  3822: ffffff;
  3823: ffffff;
  3824: ffffff;
  3825: ffffff;
  3826: ffffff;
  3827: ffffff;
  3828: ffffff;
  3829: ffffff;
  3830: ffffff;
  3831: ffffff;
  3832: ffffff;
  3833: ffffff;
  3834: ffffff;
  3835: ffffff;
  3836: ffffff;
  3837: ffffff;
  3838: ffffff;
  3839: ffffff;
  3840: ffffff;
  3841: ffffff;
  3842: ffffff;
  3843: ffffff;
  3844: ffffff;
  3845: ffffff;
  3846: ffffff;
  3847: ffffff;
  3848: ffffff;
  3849: ffffff;
  3850: ffffff;
  3851: ffffff;
  3852: ffffff;
  3853: ffffff;
  3854: ffffff;
  3855: ffffff;
  3856: ffffff;
  3857: ffffff;
  3858: ffffff;
  3859: ffffff;
  3860: ffffff;
  3861: ffffff;
  3862: ffffff;
  3863: ffffff;
  3864: ffffff;
  3865: 3f3f3f;
  3866: 40404;
  3867: 10101;
  3868: 0;
  3869: 30303;
  3870: 0;
  3871: 0;
  3872: 0;
  3873: 0;
  3874: 0;
  3875: 0;
  3876: 0;
  3877: 0;
  3878: 0;
  3879: 0;
  3880: 0;
  3881: 0;
  3882: 0;
  3883: 0;
  3884: 0;
  3885: 0;
  3886: 0;
  3887: 0;
  3888: 0;
  3889: 0;
  3890: 0;
  3891: 0;
  3892: 0;
  3893: 0;
  3894: 0;
  3895: 0;
  3896: 0;
  3897: 0;
  3898: 0;
  3899: 0;
  3900: 0;
  3901: 0;
  3902: 0;
  3903: 0;
  3904: 0;
  3905: 0;
  3906: 0;
  3907: 0;
  3908: 0;
  3909: 0;
  3910: 0;
  3911: 0;
  3912: 0;
  3913: 0;
  3914: 0;
  3915: 0;
  3916: 0;
  3917: 0;
  3918: 0;
  3919: 0;
  3920: 0;
  3921: 0;
  3922: 0;
  3923: 0;
  3924: 0;
  3925: 0;
  3926: 0;
  3927: 0;
  3928: 0;
  3929: 0;
  3930: 0;
  3931: 0;
  3932: 0;
  3933: 0;
  3934: 0;
  3935: 0;
  3936: 30303;
  3937: 20202;
  3938: 10101;
  3939: 0;
  3940: 20202;
  3941: 20202;
  3942: f9f9f9;
  3943: ffffff;
  3944: ffffff;
  3945: ffffff;
  3946: ffffff;
  3947: ffffff;
  3948: ffffff;
  3949: ffffff;
  3950: ffffff;
  3951: ffffff;
  3952: ffffff;
  3953: ffffff;
  3954: ffffff;
  3955: ffffff;
  3956: ffffff;
  3957: ffffff;
  3958: ffffff;
  3959: ffffff;
  3960: ffffff;
  3961: ffffff;
  3962: ffffff;
  3963: ffffff;
  3964: ffffff;
  3965: ffffff;
  3966: ffffff;
  3967: ffffff;
  3968: ffffff;
  3969: ffffff;
  3970: ffffff;
  3971: ffffff;
  3972: ffffff;
  3973: ffffff;
  3974: ffffff;
  3975: ffffff;
  3976: ffffff;
  3977: ffffff;
  3978: ffffff;
  3979: ffffff;
  3980: ffffff;
  3981: ffffff;
  3982: ffffff;
  3983: ffffff;
  3984: ffffff;
  3985: ffffff;
  3986: ffffff;
  3987: ffffff;
  3988: ffffff;
  3989: ffffff;
  3990: ffffff;
  3991: ffffff;
  3992: fefefe;
  3993: 10101;
  3994: 0;
  3995: 0;
  3996: 0;
  3997: 0;
  3998: 10101;
  3999: 0;
  4000: 0;
  4001: 0;
  4002: 0;
  4003: 0;
  4004: 0;
  4005: 0;
  4006: 0;
  4007: 0;
  4008: 0;
  4009: 0;
  4010: 0;
  4011: 0;
  4012: 0;
  4013: 0;
  4014: 0;
  4015: 0;
  4016: 0;
  4017: 0;
  4018: 0;
  4019: 0;
  4020: 0;
  4021: 0;
  4022: 0;
  4023: 0;
  4024: 0;
  4025: 0;
  4026: 0;
  4027: 0;
  4028: 0;
  4029: 0;
  4030: 0;
  4031: 0;
  4032: 0;
  4033: 0;
  4034: 0;
  4035: 0;
  4036: 0;
  4037: 0;
  4038: 0;
  4039: 0;
  4040: 0;
  4041: 0;
  4042: 0;
  4043: 0;
  4044: 0;
  4045: 0;
  4046: 0;
  4047: 0;
  4048: 0;
  4049: 0;
  4050: 0;
  4051: 0;
  4052: 0;
  4053: 0;
  4054: 0;
  4055: 0;
  4056: 0;
  4057: 0;
  4058: 0;
  4059: 0;
  4060: 0;
  4061: 0;
  4062: 0;
  4063: 0;
  4064: 0;
  4065: 0;
  4066: 10101;
  4067: 0;
  4068: 0;
  4069: 40404;
  4070: 50505;
  4071: ffffff;
  4072: ffffff;
  4073: ffffff;
  4074: ffffff;
  4075: ffffff;
  4076: ffffff;
  4077: ffffff;
  4078: ffffff;
  4079: ffffff;
  4080: ffffff;
  4081: ffffff;
  4082: ffffff;
  4083: ffffff;
  4084: ffffff;
  4085: ffffff;
  4086: ffffff;
  4087: ffffff;
  4088: ffffff;
  4089: ffffff;
  4090: ffffff;
  4091: ffffff;
  4092: ffffff;
  4093: ffffff;
  4094: ffffff;
  4095: ffffff;
  4096: ffffff;
  4097: ffffff;
  4098: ffffff;
  4099: ffffff;
  4100: ffffff;
  4101: ffffff;
  4102: ffffff;
  4103: ffffff;
  4104: ffffff;
  4105: ffffff;
  4106: ffffff;
  4107: ffffff;
  4108: ffffff;
  4109: ffffff;
  4110: ffffff;
  4111: ffffff;
  4112: ffffff;
  4113: fefefe;
  4114: ffffff;
  4115: ffffff;
  4116: fcfcfc;
  4117: ffffff;
  4118: ffffff;
  4119: ffffff;
  4120: 0;
  4121: 10101;
  4122: 0;
  4123: 10101;
  4124: 0;
  4125: 0;
  4126: 40404;
  4127: 0;
  4128: 0;
  4129: 20202;
  4130: 10101;
  4131: 0;
  4132: 0;
  4133: 0;
  4134: 0;
  4135: 0;
  4136: 0;
  4137: 0;
  4138: 0;
  4139: 0;
  4140: 0;
  4141: 0;
  4142: 0;
  4143: 0;
  4144: 0;
  4145: 0;
  4146: 0;
  4147: 0;
  4148: 0;
  4149: 0;
  4150: 0;
  4151: 0;
  4152: 0;
  4153: 0;
  4154: 0;
  4155: 0;
  4156: 0;
  4157: 0;
  4158: 0;
  4159: 0;
  4160: 0;
  4161: 0;
  4162: 0;
  4163: 0;
  4164: 0;
  4165: 0;
  4166: 0;
  4167: 0;
  4168: 0;
  4169: 0;
  4170: 0;
  4171: 0;
  4172: 0;
  4173: 0;
  4174: 0;
  4175: 0;
  4176: 0;
  4177: 0;
  4178: 0;
  4179: 0;
  4180: 0;
  4181: 0;
  4182: 0;
  4183: 0;
  4184: 0;
  4185: 0;
  4186: 0;
  4187: 0;
  4188: 0;
  4189: 0;
  4190: 0;
  4191: 0;
  4192: 0;
  4193: 0;
  4194: 0;
  4195: 0;
  4196: 0;
  4197: 0;
  4198: 0;
  4199: 0;
  4200: f8f8f8;
  4201: ffffff;
  4202: ffffff;
  4203: fefefe;
  4204: ffffff;
  4205: ffffff;
  4206: fefefe;
  4207: fdfdfd;
  4208: ffffff;
  4209: ffffff;
  4210: ffffff;
  4211: ffffff;
  4212: ffffff;
  4213: ffffff;
  4214: ffffff;
  4215: ffffff;
  4216: ffffff;
  4217: ffffff;
  4218: ffffff;
  4219: ffffff;
  4220: ffffff;
  4221: ffffff;
  4222: ffffff;
  4223: ffffff;
  4224: ffffff;
  4225: ffffff;
  4226: ffffff;
  4227: ffffff;
  4228: ffffff;
  4229: ffffff;
  4230: ffffff;
  4231: ffffff;
  4232: ffffff;
  4233: ffffff;
  4234: ffffff;
  4235: ffffff;
  4236: ffffff;
  4237: ffffff;
  4238: ffffff;
  4239: ffffff;
  4240: fcfcfc;
  4241: ffffff;
  4242: ffffff;
  4243: fdfdfd;
  4244: ffffff;
  4245: fefefe;
  4246: fdfdfd;
  4247: 0;
  4248: 30303;
  4249: 0;
  4250: 10101;
  4251: 0;
  4252: 80808;
  4253: 0;
  4254: 0;
  4255: 20202;
  4256: 0;
  4257: 10101;
  4258: 0;
  4259: 30303;
  4260: 0;
  4261: 20202;
  4262: 0;
  4263: 20202;
  4264: 0;
  4265: 0;
  4266: 0;
  4267: 0;
  4268: 0;
  4269: 0;
  4270: 0;
  4271: 0;
  4272: 0;
  4273: 0;
  4274: 0;
  4275: 0;
  4276: 0;
  4277: 0;
  4278: 0;
  4279: 0;
  4280: 0;
  4281: 0;
  4282: 0;
  4283: 0;
  4284: 0;
  4285: 0;
  4286: 0;
  4287: 0;
  4288: 0;
  4289: 0;
  4290: 0;
  4291: 0;
  4292: 0;
  4293: 0;
  4294: 0;
  4295: 0;
  4296: 0;
  4297: 0;
  4298: 0;
  4299: 0;
  4300: 0;
  4301: 0;
  4302: 0;
  4303: 0;
  4304: 0;
  4305: 0;
  4306: 0;
  4307: 0;
  4308: 0;
  4309: 0;
  4310: 0;
  4311: 0;
  4312: 0;
  4313: 0;
  4314: 0;
  4315: 0;
  4316: 0;
  4317: 0;
  4318: 0;
  4319: 0;
  4320: 0;
  4321: 0;
  4322: 0;
  4323: 0;
  4324: 0;
  4325: 0;
  4326: 0;
  4327: 0;
  4328: d2d2d2;
  4329: fdfdfd;
  4330: fdfdfd;
  4331: ffffff;
  4332: fefefe;
  4333: ffffff;
  4334: fefefe;
  4335: ffffff;
  4336: ffffff;
  4337: ffffff;
  4338: ffffff;
  4339: ffffff;
  4340: ffffff;
  4341: ffffff;
  4342: ffffff;
  4343: ffffff;
  4344: ffffff;
  4345: ffffff;
  4346: ffffff;
  4347: ffffff;
  4348: ffffff;
  4349: ffffff;
  4350: ffffff;
  4351: ffffff;
  4352: ffffff;
  4353: ffffff;
  4354: ffffff;
  4355: ffffff;
  4356: ffffff;
  4357: ffffff;
  4358: ffffff;
  4359: ffffff;
  4360: ffffff;
  4361: ffffff;
  4362: ffffff;
  4363: ffffff;
  4364: ffffff;
  4365: ffffff;
  4366: ffffff;
  4367: ffffff;
  4368: fefefe;
  4369: ffffff;
  4370: fefefe;
  4371: ffffff;
  4372: ffffff;
  4373: ffffff;
  4374: ffffff;
  4375: 20202;
  4376: 0;
  4377: 30303;
  4378: 40404;
  4379: 0;
  4380: 0;
  4381: 0;
  4382: 30303;
  4383: 20202;
  4384: 10101;
  4385: 30303;
  4386: 0;
  4387: 0;
  4388: 10101;
  4389: 0;
  4390: 10101;
  4391: 0;
  4392: 0;
  4393: 0;
  4394: 0;
  4395: 0;
  4396: 0;
  4397: 0;
  4398: 0;
  4399: 0;
  4400: 0;
  4401: 0;
  4402: 0;
  4403: 0;
  4404: 0;
  4405: 0;
  4406: 0;
  4407: 0;
  4408: 0;
  4409: 0;
  4410: 0;
  4411: 0;
  4412: 0;
  4413: 0;
  4414: 0;
  4415: 0;
  4416: 0;
  4417: 0;
  4418: 0;
  4419: 0;
  4420: 0;
  4421: 0;
  4422: 0;
  4423: 0;
  4424: 0;
  4425: 0;
  4426: 0;
  4427: 0;
  4428: 0;
  4429: 0;
  4430: 0;
  4431: 0;
  4432: 0;
  4433: 0;
  4434: 0;
  4435: 0;
  4436: 0;
  4437: 0;
  4438: 0;
  4439: 0;
  4440: 0;
  4441: 0;
  4442: 0;
  4443: 0;
  4444: 0;
  4445: 0;
  4446: 0;
  4447: 0;
  4448: 0;
  4449: 0;
  4450: 0;
  4451: 0;
  4452: 0;
  4453: 0;
  4454: 0;
  4455: 0;
  4456: 0;
  4457: ffffff;
  4458: fdfdfd;
  4459: ffffff;
  4460: ffffff;
  4461: fefefe;
  4462: ffffff;
  4463: ffffff;
  4464: ffffff;
  4465: ffffff;
  4466: ffffff;
  4467: ffffff;
  4468: ffffff;
  4469: ffffff;
  4470: ffffff;
  4471: ffffff;
  4472: ffffff;
  4473: ffffff;
  4474: ffffff;
  4475: ffffff;
  4476: ffffff;
  4477: ffffff;
  4478: ffffff;
  4479: ffffff;
  4480: ffffff;
  4481: ffffff;
  4482: ffffff;
  4483: ffffff;
  4484: ffffff;
  4485: ffffff;
  4486: ffffff;
  4487: ffffff;
  4488: ffffff;
  4489: ffffff;
  4490: ffffff;
  4491: ffffff;
  4492: ffffff;
  4493: ffffff;
  4494: ffffff;
  4495: ffffff;
  4496: ffffff;
  4497: fefefe;
  4498: ffffff;
  4499: fcfcfc;
  4500: ffffff;
  4501: fcfcfc;
  4502: 949494;
  4503: 0;
  4504: 30303;
  4505: 0;
  4506: 0;
  4507: 20202;
  4508: 0;
  4509: 20202;
  4510: 0;
  4511: 30303;
  4512: 3b3b3b;
  4513: ffffff;
  4514: e6e6e6;
  4515: 0;
  4516: 10101;
  4517: 0;
  4518: 0;
  4519: 40404;
  4520: 0;
  4521: 0;
  4522: 0;
  4523: 0;
  4524: 0;
  4525: 0;
  4526: 0;
  4527: 0;
  4528: 0;
  4529: 0;
  4530: 0;
  4531: 0;
  4532: 0;
  4533: 0;
  4534: 0;
  4535: 0;
  4536: 0;
  4537: 0;
  4538: 0;
  4539: 0;
  4540: 0;
  4541: 0;
  4542: 0;
  4543: 0;
  4544: 0;
  4545: 0;
  4546: 0;
  4547: 0;
  4548: 0;
  4549: 0;
  4550: 0;
  4551: 0;
  4552: 0;
  4553: 0;
  4554: 0;
  4555: 0;
  4556: 0;
  4557: 0;
  4558: 0;
  4559: 0;
  4560: 0;
  4561: 0;
  4562: 0;
  4563: 0;
  4564: 0;
  4565: 0;
  4566: 0;
  4567: 0;
  4568: 0;
  4569: 0;
  4570: 0;
  4571: 0;
  4572: 0;
  4573: 0;
  4574: 0;
  4575: 0;
  4576: 0;
  4577: 0;
  4578: 0;
  4579: 0;
  4580: 0;
  4581: 0;
  4582: 0;
  4583: 0;
  4584: 0;
  4585: ffffff;
  4586: ffffff;
  4587: fbfbfb;
  4588: ffffff;
  4589: ffffff;
  4590: ffffff;
  4591: ffffff;
  4592: ffffff;
  4593: ffffff;
  4594: ffffff;
  4595: ffffff;
  4596: ffffff;
  4597: ffffff;
  4598: ffffff;
  4599: ffffff;
  4600: ffffff;
  4601: ffffff;
  4602: ffffff;
  4603: ffffff;
  4604: ffffff;
  4605: ffffff;
  4606: ffffff;
  4607: ffffff;
  4608: ffffff;
  4609: ffffff;
  4610: ffffff;
  4611: ffffff;
  4612: ffffff;
  4613: ffffff;
  4614: ffffff;
  4615: ffffff;
  4616: ffffff;
  4617: ffffff;
  4618: ffffff;
  4619: ffffff;
  4620: ffffff;
  4621: ffffff;
  4622: ffffff;
  4623: ffffff;
  4624: ffffff;
  4625: ffffff;
  4626: fefefe;
  4627: ffffff;
  4628: ffffff;
  4629: ffffff;
  4630: 10101;
  4631: 20202;
  4632: 0;
  4633: 0;
  4634: 0;
  4635: 0;
  4636: 0;
  4637: 0;
  4638: 30303;
  4639: ffffff;
  4640: ffffff;
  4641: ffffff;
  4642: fcfcfc;
  4643: fafafa;
  4644: 0;
  4645: 30303;
  4646: 0;
  4647: 0;
  4648: 0;
  4649: 0;
  4650: 0;
  4651: 0;
  4652: 0;
  4653: 0;
  4654: 0;
  4655: 0;
  4656: 0;
  4657: 0;
  4658: 0;
  4659: 0;
  4660: 0;
  4661: 0;
  4662: 0;
  4663: 0;
  4664: 0;
  4665: 0;
  4666: 0;
  4667: 0;
  4668: 0;
  4669: 0;
  4670: 0;
  4671: 0;
  4672: 0;
  4673: 0;
  4674: 0;
  4675: 0;
  4676: 0;
  4677: 0;
  4678: 0;
  4679: 0;
  4680: 0;
  4681: 0;
  4682: 0;
  4683: 0;
  4684: 0;
  4685: 0;
  4686: 0;
  4687: 0;
  4688: 0;
  4689: 0;
  4690: 0;
  4691: 0;
  4692: 0;
  4693: 0;
  4694: 0;
  4695: 0;
  4696: 0;
  4697: 0;
  4698: 0;
  4699: 0;
  4700: 0;
  4701: 0;
  4702: 0;
  4703: 0;
  4704: 0;
  4705: 0;
  4706: 0;
  4707: 0;
  4708: 0;
  4709: 0;
  4710: 0;
  4711: 0;
  4712: 10101;
  4713: 595959;
  4714: fdfdfd;
  4715: ffffff;
  4716: fefefe;
  4717: fefefe;
  4718: fdfdfd;
  4719: ffffff;
  4720: ffffff;
  4721: ffffff;
  4722: ffffff;
  4723: ffffff;
  4724: ffffff;
  4725: ffffff;
  4726: ffffff;
  4727: ffffff;
  4728: ffffff;
  4729: ffffff;
  4730: ffffff;
  4731: ffffff;
  4732: ffffff;
  4733: ffffff;
  4734: ffffff;
  4735: ffffff;
  4736: ffffff;
  4737: ffffff;
  4738: ffffff;
  4739: ffffff;
  4740: ffffff;
  4741: ffffff;
  4742: ffffff;
  4743: ffffff;
  4744: ffffff;
  4745: ffffff;
  4746: ffffff;
  4747: ffffff;
  4748: ffffff;
  4749: ffffff;
  4750: ffffff;
  4751: ffffff;
  4752: fefefe;
  4753: ffffff;
  4754: fefefe;
  4755: ffffff;
  4756: ffffff;
  4757: fcfcfc;
  4758: 0;
  4759: 0;
  4760: 10101;
  4761: 20202;
  4762: 40404;
  4763: 20202;
  4764: 0;
  4765: 10101;
  4766: fdfdfd;
  4767: fcfcfc;
  4768: ffffff;
  4769: fdfdfd;
  4770: fdfdfd;
  4771: ffffff;
  4772: ffffff;
  4773: 0;
  4774: 20202;
  4775: 0;
  4776: 0;
  4777: 0;
  4778: 0;
  4779: 0;
  4780: 0;
  4781: 0;
  4782: 0;
  4783: 0;
  4784: 0;
  4785: 0;
  4786: 0;
  4787: 0;
  4788: 0;
  4789: 0;
  4790: 0;
  4791: 0;
  4792: 0;
  4793: 0;
  4794: 0;
  4795: 0;
  4796: 0;
  4797: 0;
  4798: 0;
  4799: 0;
  4800: 0;
  4801: 0;
  4802: 0;
  4803: 0;
  4804: 0;
  4805: 0;
  4806: 0;
  4807: 0;
  4808: 0;
  4809: 0;
  4810: 0;
  4811: 0;
  4812: 0;
  4813: 0;
  4814: 0;
  4815: 0;
  4816: 0;
  4817: 0;
  4818: 0;
  4819: 0;
  4820: 0;
  4821: 0;
  4822: 0;
  4823: 0;
  4824: 0;
  4825: 0;
  4826: 0;
  4827: 0;
  4828: 0;
  4829: 0;
  4830: 0;
  4831: 0;
  4832: 0;
  4833: 0;
  4834: 0;
  4835: 0;
  4836: 0;
  4837: 0;
  4838: 0;
  4839: 0;
  4840: 0;
  4841: 0;
  4842: ffffff;
  4843: fdfdfd;
  4844: fcfcfc;
  4845: ffffff;
  4846: ffffff;
  4847: fdfdfd;
  4848: ffffff;
  4849: ffffff;
  4850: ffffff;
  4851: ffffff;
  4852: ffffff;
  4853: ffffff;
  4854: ffffff;
  4855: ffffff;
  4856: ffffff;
  4857: ffffff;
  4858: ffffff;
  4859: ffffff;
  4860: ffffff;
  4861: ffffff;
  4862: ffffff;
  4863: ffffff;
  4864: ffffff;
  4865: ffffff;
  4866: ffffff;
  4867: ffffff;
  4868: ffffff;
  4869: ffffff;
  4870: ffffff;
  4871: ffffff;
  4872: ffffff;
  4873: ffffff;
  4874: ffffff;
  4875: ffffff;
  4876: ffffff;
  4877: ffffff;
  4878: ffffff;
  4879: ffffff;
  4880: fefefe;
  4881: ffffff;
  4882: fdfdfd;
  4883: ffffff;
  4884: fdfdfd;
  4885: ffffff;
  4886: 20202;
  4887: 0;
  4888: 0;
  4889: 0;
  4890: 0;
  4891: 0;
  4892: 20202;
  4893: 30303;
  4894: fbfbfb;
  4895: ffffff;
  4896: ffffff;
  4897: ffffff;
  4898: ffffff;
  4899: fefefe;
  4900: f8f8f8;
  4901: afafaf;
  4902: 40404;
  4903: 20202;
  4904: 0;
  4905: 0;
  4906: 0;
  4907: 0;
  4908: 0;
  4909: 0;
  4910: 0;
  4911: 0;
  4912: 0;
  4913: 0;
  4914: 0;
  4915: 0;
  4916: 0;
  4917: 0;
  4918: 0;
  4919: 0;
  4920: 0;
  4921: 0;
  4922: 0;
  4923: 0;
  4924: 0;
  4925: 0;
  4926: 0;
  4927: 0;
  4928: 0;
  4929: 0;
  4930: 0;
  4931: 0;
  4932: 0;
  4933: 0;
  4934: 0;
  4935: 0;
  4936: 0;
  4937: 0;
  4938: 0;
  4939: 0;
  4940: 0;
  4941: 0;
  4942: 0;
  4943: 0;
  4944: 0;
  4945: 0;
  4946: 0;
  4947: 0;
  4948: 0;
  4949: 0;
  4950: 0;
  4951: 0;
  4952: 0;
  4953: 0;
  4954: 0;
  4955: 0;
  4956: 0;
  4957: 0;
  4958: 0;
  4959: 0;
  4960: 0;
  4961: 0;
  4962: 0;
  4963: 0;
  4964: 0;
  4965: 0;
  4966: 0;
  4967: 0;
  4968: 0;
  4969: 50505;
  4970: fcfcfc;
  4971: fbfbfb;
  4972: ffffff;
  4973: fdfdfd;
  4974: ffffff;
  4975: fefefe;
  4976: ffffff;
  4977: ffffff;
  4978: ffffff;
  4979: ffffff;
  4980: ffffff;
  4981: ffffff;
  4982: ffffff;
  4983: ffffff;
  4984: ffffff;
  4985: ffffff;
  4986: ffffff;
  4987: ffffff;
  4988: ffffff;
  4989: ffffff;
  4990: ffffff;
  4991: ffffff;
  4992: ffffff;
  4993: ffffff;
  4994: ffffff;
  4995: ffffff;
  4996: ffffff;
  4997: ffffff;
  4998: ffffff;
  4999: ffffff;
  5000: ffffff;
  5001: ffffff;
  5002: ffffff;
  5003: ffffff;
  5004: ffffff;
  5005: ffffff;
  5006: ffffff;
  5007: ffffff;
  5008: ffffff;
  5009: fefefe;
  5010: fefefe;
  5011: ffffff;
  5012: ffffff;
  5013: fafafa;
  5014: 0;
  5015: 0;
  5016: 0;
  5017: 0;
  5018: 0;
  5019: 10101;
  5020: 20202;
  5021: 0;
  5022: ffffff;
  5023: fdfdfd;
  5024: ffffff;
  5025: fefefe;
  5026: ffffff;
  5027: ffffff;
  5028: fefefe;
  5029: ffffff;
  5030: 0;
  5031: 0;
  5032: 0;
  5033: 0;
  5034: 0;
  5035: 0;
  5036: 0;
  5037: 0;
  5038: 0;
  5039: 0;
  5040: 0;
  5041: 0;
  5042: 0;
  5043: 0;
  5044: 0;
  5045: 0;
  5046: 0;
  5047: 0;
  5048: 0;
  5049: 0;
  5050: 0;
  5051: 0;
  5052: 0;
  5053: 0;
  5054: 0;
  5055: 0;
  5056: 0;
  5057: 0;
  5058: 0;
  5059: 0;
  5060: 0;
  5061: 0;
  5062: 0;
  5063: 0;
  5064: 0;
  5065: 0;
  5066: 0;
  5067: 0;
  5068: 0;
  5069: 0;
  5070: 0;
  5071: 0;
  5072: 0;
  5073: 0;
  5074: 0;
  5075: 0;
  5076: 0;
  5077: 0;
  5078: 0;
  5079: 0;
  5080: 0;
  5081: 0;
  5082: 0;
  5083: 0;
  5084: 0;
  5085: 0;
  5086: 0;
  5087: 0;
  5088: 0;
  5089: 0;
  5090: 0;
  5091: 0;
  5092: 0;
  5093: 0;
  5094: 0;
  5095: 0;
  5096: 0;
  5097: 0;
  5098: fefefe;
  5099: ffffff;
  5100: fefefe;
  5101: fdfdfd;
  5102: ffffff;
  5103: ffffff;
  5104: ffffff;
  5105: ffffff;
  5106: ffffff;
  5107: ffffff;
  5108: ffffff;
  5109: ffffff;
  5110: ffffff;
  5111: ffffff;
  5112: ffffff;
  5113: ffffff;
  5114: ffffff;
  5115: ffffff;
  5116: ffffff;
  5117: ffffff;
  5118: ffffff;
  5119: ffffff;
  5120: ffffff;
  5121: ffffff;
  5122: ffffff;
  5123: ffffff;
  5124: ffffff;
  5125: ffffff;
  5126: ffffff;
  5127: ffffff;
  5128: ffffff;
  5129: ffffff;
  5130: ffffff;
  5131: ffffff;
  5132: ffffff;
  5133: ffffff;
  5134: ffffff;
  5135: ffffff;
  5136: ffffff;
  5137: fdfdfd;
  5138: fdfdfd;
  5139: ffffff;
  5140: fefefe;
  5141: b0b0b0;
  5142: 0;
  5143: 0;
  5144: 10101;
  5145: 0;
  5146: 20202;
  5147: 0;
  5148: 0;
  5149: 0;
  5150: fefefe;
  5151: ffffff;
  5152: ffffff;
  5153: ffffff;
  5154: fdfdfd;
  5155: ffffff;
  5156: ffffff;
  5157: ffffff;
  5158: 0;
  5159: 0;
  5160: 0;
  5161: 0;
  5162: 0;
  5163: 0;
  5164: 0;
  5165: 0;
  5166: 0;
  5167: 0;
  5168: 0;
  5169: 0;
  5170: 0;
  5171: 0;
  5172: 0;
  5173: 0;
  5174: 0;
  5175: 0;
  5176: 0;
  5177: 0;
  5178: 0;
  5179: 0;
  5180: 0;
  5181: 0;
  5182: 0;
  5183: 0;
  5184: 0;
  5185: 0;
  5186: 0;
  5187: 0;
  5188: 0;
  5189: 0;
  5190: 0;
  5191: 0;
  5192: 0;
  5193: 0;
  5194: 0;
  5195: 0;
  5196: 0;
  5197: 0;
  5198: 0;
  5199: 0;
  5200: 0;
  5201: 0;
  5202: 0;
  5203: 0;
  5204: 0;
  5205: 0;
  5206: 0;
  5207: 0;
  5208: 0;
  5209: 0;
  5210: 0;
  5211: 0;
  5212: 0;
  5213: 0;
  5214: 0;
  5215: 0;
  5216: 0;
  5217: 0;
  5218: 0;
  5219: 0;
  5220: 0;
  5221: 0;
  5222: 0;
  5223: 0;
  5224: 0;
  5225: 20202;
  5226: fcfcfc;
  5227: ffffff;
  5228: fdfdfd;
  5229: ffffff;
  5230: fefefe;
  5231: ffffff;
  5232: ffffff;
  5233: ffffff;
  5234: ffffff;
  5235: ffffff;
  5236: ffffff;
  5237: ffffff;
  5238: ffffff;
  5239: ffffff;
  5240: ffffff;
  5241: ffffff;
  5242: ffffff;
  5243: ffffff;
  5244: ffffff;
  5245: ffffff;
  5246: ffffff;
  5247: ffffff;
  5248: ffffff;
  5249: ffffff;
  5250: ffffff;
  5251: ffffff;
  5252: ffffff;
  5253: ffffff;
  5254: ffffff;
  5255: ffffff;
  5256: ffffff;
  5257: ffffff;
  5258: ffffff;
  5259: ffffff;
  5260: ffffff;
  5261: ffffff;
  5262: ffffff;
  5263: ffffff;
  5264: ffffff;
  5265: ffffff;
  5266: ffffff;
  5267: fafafa;
  5268: fefefe;
  5269: 7c7c7c;
  5270: 10101;
  5271: 10101;
  5272: 0;
  5273: 0;
  5274: 0;
  5275: 10101;
  5276: 0;
  5277: 10101;
  5278: ffffff;
  5279: ffffff;
  5280: fbfbfb;
  5281: ffffff;
  5282: ffffff;
  5283: fafafa;
  5284: fefefe;
  5285: fefefe;
  5286: 10101;
  5287: 20202;
  5288: 0;
  5289: 0;
  5290: 0;
  5291: 0;
  5292: 0;
  5293: 0;
  5294: 0;
  5295: 0;
  5296: 0;
  5297: 0;
  5298: 0;
  5299: 0;
  5300: 0;
  5301: 0;
  5302: 0;
  5303: 0;
  5304: 0;
  5305: 0;
  5306: 0;
  5307: 0;
  5308: 0;
  5309: 0;
  5310: 0;
  5311: 0;
  5312: 0;
  5313: 0;
  5314: 0;
  5315: 0;
  5316: 0;
  5317: 0;
  5318: 0;
  5319: 0;
  5320: 0;
  5321: 0;
  5322: 0;
  5323: 0;
  5324: 0;
  5325: 0;
  5326: 0;
  5327: 0;
  5328: 0;
  5329: 0;
  5330: 0;
  5331: 0;
  5332: 0;
  5333: 0;
  5334: 0;
  5335: 0;
  5336: 0;
  5337: 0;
  5338: 0;
  5339: 0;
  5340: 0;
  5341: 0;
  5342: 0;
  5343: 0;
  5344: 0;
  5345: 0;
  5346: 0;
  5347: 0;
  5348: 0;
  5349: 0;
  5350: 0;
  5351: 0;
  5352: 0;
  5353: 0;
  5354: ffffff;
  5355: ffffff;
  5356: ffffff;
  5357: fefefe;
  5358: ffffff;
  5359: fdfdfd;
  5360: ffffff;
  5361: ffffff;
  5362: ffffff;
  5363: ffffff;
  5364: ffffff;
  5365: ffffff;
  5366: ffffff;
  5367: ffffff;
  5368: ffffff;
  5369: ffffff;
  5370: ffffff;
  5371: ffffff;
  5372: ffffff;
  5373: ffffff;
  5374: ffffff;
  5375: ffffff;
  5376: ffffff;
  5377: ffffff;
  5378: ffffff;
  5379: ffffff;
  5380: ffffff;
  5381: ffffff;
  5382: ffffff;
  5383: ffffff;
  5384: ffffff;
  5385: ffffff;
  5386: ffffff;
  5387: ffffff;
  5388: ffffff;
  5389: ffffff;
  5390: ffffff;
  5391: ffffff;
  5392: ffffff;
  5393: fefefe;
  5394: fafafa;
  5395: ffffff;
  5396: ffffff;
  5397: 828282;
  5398: 0;
  5399: 0;
  5400: 20202;
  5401: 0;
  5402: 0;
  5403: 10101;
  5404: 0;
  5405: 0;
  5406: ffffff;
  5407: ffffff;
  5408: ffffff;
  5409: ffffff;
  5410: fcfcfc;
  5411: ffffff;
  5412: ffffff;
  5413: 0;
  5414: 10101;
  5415: 0;
  5416: 0;
  5417: 0;
  5418: 0;
  5419: 0;
  5420: 0;
  5421: 0;
  5422: 0;
  5423: 0;
  5424: 0;
  5425: 0;
  5426: 0;
  5427: 0;
  5428: 0;
  5429: 0;
  5430: 0;
  5431: 0;
  5432: 0;
  5433: 0;
  5434: 0;
  5435: 0;
  5436: 0;
  5437: 0;
  5438: 0;
  5439: 0;
  5440: 0;
  5441: 0;
  5442: 0;
  5443: 0;
  5444: 0;
  5445: 0;
  5446: 0;
  5447: 0;
  5448: 0;
  5449: 0;
  5450: 0;
  5451: 0;
  5452: 0;
  5453: 0;
  5454: 0;
  5455: 0;
  5456: 0;
  5457: 0;
  5458: 0;
  5459: 0;
  5460: 0;
  5461: 0;
  5462: 0;
  5463: 0;
  5464: 0;
  5465: 0;
  5466: 0;
  5467: 0;
  5468: 0;
  5469: 0;
  5470: 0;
  5471: 0;
  5472: 0;
  5473: 0;
  5474: 0;
  5475: 0;
  5476: 0;
  5477: 0;
  5478: 0;
  5479: 0;
  5480: 0;
  5481: 50505;
  5482: fcfcfc;
  5483: ffffff;
  5484: ffffff;
  5485: ffffff;
  5486: fbfbfb;
  5487: fefefe;
  5488: ffffff;
  5489: ffffff;
  5490: ffffff;
  5491: ffffff;
  5492: ffffff;
  5493: ffffff;
  5494: ffffff;
  5495: ffffff;
  5496: ffffff;
  5497: ffffff;
  5498: ffffff;
  5499: ffffff;
  5500: ffffff;
  5501: ffffff;
  5502: ffffff;
  5503: ffffff;
  5504: fefefe;
  5505: fefefe;
  5506: fefefe;
  5507: fefefe;
  5508: fefefe;
  5509: fefefe;
  5510: fefefe;
  5511: fefefe;
  5512: fefefe;
  5513: fefefe;
  5514: fefefe;
  5515: fefefe;
  5516: fefefe;
  5517: fefefe;
  5518: fefefe;
  5519: fefefe;
  5520: ffffff;
  5521: fdfdfd;
  5522: ffffff;
  5523: ffffff;
  5524: ffffff;
  5525: 7f7f7f;
  5526: 10101;
  5527: 10101;
  5528: 0;
  5529: 30303;
  5530: 0;
  5531: 0;
  5532: 40404;
  5533: 10101;
  5534: 0;
  5535: ffffff;
  5536: f9f9f9;
  5537: ffffff;
  5538: ffffff;
  5539: ffffff;
  5540: fdfdfd;
  5541: 0;
  5542: 10101;
  5543: 10101;
  5544: 0;
  5545: 0;
  5546: 0;
  5547: 0;
  5548: 0;
  5549: 0;
  5550: 0;
  5551: 0;
  5552: 0;
  5553: 0;
  5554: 0;
  5555: 0;
  5556: 0;
  5557: 0;
  5558: 0;
  5559: 0;
  5560: 0;
  5561: 0;
  5562: 0;
  5563: 0;
  5564: 0;
  5565: 0;
  5566: 0;
  5567: 0;
  5568: 0;
  5569: 0;
  5570: 0;
  5571: 0;
  5572: 0;
  5573: 0;
  5574: 0;
  5575: 0;
  5576: 0;
  5577: 0;
  5578: 0;
  5579: 0;
  5580: 0;
  5581: 0;
  5582: 0;
  5583: 0;
  5584: 0;
  5585: 0;
  5586: 0;
  5587: 0;
  5588: 0;
  5589: 0;
  5590: 0;
  5591: 0;
  5592: 0;
  5593: 0;
  5594: 0;
  5595: 0;
  5596: 0;
  5597: 0;
  5598: 0;
  5599: 0;
  5600: 0;
  5601: 0;
  5602: 0;
  5603: 0;
  5604: 0;
  5605: 0;
  5606: 0;
  5607: 0;
  5608: 40404;
  5609: 0;
  5610: ffffff;
  5611: ffffff;
  5612: fafafa;
  5613: ffffff;
  5614: ffffff;
  5615: ffffff;
  5616: fefefe;
  5617: fefefe;
  5618: fefefe;
  5619: fefefe;
  5620: fefefe;
  5621: fefefe;
  5622: fefefe;
  5623: fefefe;
  5624: fefefe;
  5625: fefefe;
  5626: fefefe;
  5627: fefefe;
  5628: fefefe;
  5629: fefefe;
  5630: fefefe;
  5631: fefefe;
  5632: ffffff;
  5633: ffffff;
  5634: ffffff;
  5635: ffffff;
  5636: ffffff;
  5637: ffffff;
  5638: ffffff;
  5639: ffffff;
  5640: ffffff;
  5641: ffffff;
  5642: ffffff;
  5643: ffffff;
  5644: ffffff;
  5645: ffffff;
  5646: ffffff;
  5647: ffffff;
  5648: fdfdfd;
  5649: ffffff;
  5650: ffffff;
  5651: fdfdfd;
  5652: ffffff;
  5653: 838383;
  5654: 0;
  5655: 20202;
  5656: 0;
  5657: 0;
  5658: 30303;
  5659: 0;
  5660: 0;
  5661: 0;
  5662: 0;
  5663: 141414;
  5664: ffffff;
  5665: fdfdfd;
  5666: fbfbfb;
  5667: fdfdfd;
  5668: 20202;
  5669: 0;
  5670: 30303;
  5671: 10101;
  5672: 0;
  5673: 0;
  5674: 0;
  5675: 0;
  5676: 0;
  5677: 0;
  5678: 0;
  5679: 0;
  5680: 0;
  5681: 0;
  5682: 0;
  5683: 0;
  5684: 0;
  5685: 0;
  5686: 0;
  5687: 0;
  5688: 0;
  5689: 0;
  5690: 0;
  5691: 0;
  5692: 0;
  5693: 0;
  5694: 0;
  5695: 0;
  5696: 0;
  5697: 0;
  5698: 0;
  5699: 0;
  5700: 0;
  5701: 0;
  5702: 0;
  5703: 0;
  5704: 0;
  5705: 0;
  5706: 0;
  5707: 0;
  5708: 0;
  5709: 0;
  5710: 0;
  5711: 0;
  5712: 0;
  5713: 0;
  5714: 0;
  5715: 0;
  5716: 0;
  5717: 0;
  5718: 0;
  5719: 0;
  5720: 0;
  5721: 0;
  5722: 0;
  5723: 0;
  5724: 0;
  5725: 0;
  5726: 0;
  5727: 0;
  5728: 0;
  5729: 0;
  5730: 0;
  5731: 0;
  5732: 0;
  5733: 0;
  5734: 0;
  5735: 0;
  5736: 0;
  5737: 20202;
  5738: fdfdfd;
  5739: ffffff;
  5740: ffffff;
  5741: fdfdfd;
  5742: ffffff;
  5743: fdfdfd;
  5744: ffffff;
  5745: ffffff;
  5746: ffffff;
  5747: ffffff;
  5748: ffffff;
  5749: ffffff;
  5750: ffffff;
  5751: ffffff;
  5752: ffffff;
  5753: ffffff;
  5754: ffffff;
  5755: ffffff;
  5756: ffffff;
  5757: ffffff;
  5758: ffffff;
  5759: ffffff;
  5760: ffffff;
  5761: ffffff;
  5762: ffffff;
  5763: ffffff;
  5764: ffffff;
  5765: ffffff;
  5766: ffffff;
  5767: ffffff;
  5768: ffffff;
  5769: ffffff;
  5770: ffffff;
  5771: ffffff;
  5772: ffffff;
  5773: ffffff;
  5774: ffffff;
  5775: ffffff;
  5776: ffffff;
  5777: fdfdfd;
  5778: fdfdfd;
  5779: ffffff;
  5780: fcfcfc;
  5781: 7a7a7a;
  5782: 70707;
  5783: 0;
  5784: 20202;
  5785: 20202;
  5786: 0;
  5787: 0;
  5788: 0;
  5789: 10101;
  5790: 50505;
  5791: 0;
  5792: 10101;
  5793: 0;
  5794: 50505;
  5795: 70707;
  5796: 0;
  5797: 20202;
  5798: 30303;
  5799: 0;
  5800: 0;
  5801: 0;
  5802: 0;
  5803: 0;
  5804: 0;
  5805: 0;
  5806: 0;
  5807: 0;
  5808: 0;
  5809: 0;
  5810: 0;
  5811: 0;
  5812: 0;
  5813: 0;
  5814: 0;
  5815: 0;
  5816: 0;
  5817: 0;
  5818: 0;
  5819: 0;
  5820: 0;
  5821: 0;
  5822: 0;
  5823: 0;
  5824: 0;
  5825: 0;
  5826: 0;
  5827: 0;
  5828: 0;
  5829: 0;
  5830: 0;
  5831: 0;
  5832: 0;
  5833: 0;
  5834: 0;
  5835: 0;
  5836: 0;
  5837: 0;
  5838: 0;
  5839: 0;
  5840: 0;
  5841: 0;
  5842: 0;
  5843: 0;
  5844: 0;
  5845: 0;
  5846: 0;
  5847: 0;
  5848: 0;
  5849: 0;
  5850: 0;
  5851: 0;
  5852: 0;
  5853: 0;
  5854: 0;
  5855: 0;
  5856: 0;
  5857: 0;
  5858: 0;
  5859: 0;
  5860: 0;
  5861: 0;
  5862: 0;
  5863: 0;
  5864: 40404;
  5865: 10101;
  5866: fdfdfd;
  5867: fafafa;
  5868: ffffff;
  5869: ffffff;
  5870: fefefe;
  5871: fefefe;
  5872: fefefe;
  5873: fefefe;
  5874: fefefe;
  5875: fefefe;
  5876: fefefe;
  5877: fefefe;
  5878: fefefe;
  5879: fefefe;
  5880: fefefe;
  5881: fefefe;
  5882: fefefe;
  5883: fefefe;
  5884: fefefe;
  5885: fefefe;
  5886: fefefe;
  5887: fefefe;
  5888: ffffff;
  5889: ffffff;
  5890: ffffff;
  5891: ffffff;
  5892: ffffff;
  5893: ffffff;
  5894: ffffff;
  5895: ffffff;
  5896: ffffff;
  5897: ffffff;
  5898: ffffff;
  5899: ffffff;
  5900: ffffff;
  5901: ffffff;
  5902: ffffff;
  5903: ffffff;
  5904: ffffff;
  5905: ffffff;
  5906: fdfdfd;
  5907: fefefe;
  5908: ffffff;
  5909: 7e7e7e;
  5910: 0;
  5911: 0;
  5912: 20202;
  5913: 0;
  5914: 20202;
  5915: 0;
  5916: 30303;
  5917: 0;
  5918: 0;
  5919: 40404;
  5920: 20202;
  5921: 0;
  5922: 0;
  5923: 0;
  5924: 50505;
  5925: 0;
  5926: 0;
  5927: 0;
  5928: 0;
  5929: 0;
  5930: 0;
  5931: 0;
  5932: 0;
  5933: 0;
  5934: 0;
  5935: 0;
  5936: 0;
  5937: 0;
  5938: 0;
  5939: 0;
  5940: 0;
  5941: 0;
  5942: 0;
  5943: 0;
  5944: 0;
  5945: 0;
  5946: 0;
  5947: 0;
  5948: 0;
  5949: 0;
  5950: 0;
  5951: 0;
  5952: 0;
  5953: 0;
  5954: 0;
  5955: 0;
  5956: 0;
  5957: 0;
  5958: 0;
  5959: 0;
  5960: 0;
  5961: 0;
  5962: 0;
  5963: 0;
  5964: 0;
  5965: 0;
  5966: 0;
  5967: 0;
  5968: 0;
  5969: 0;
  5970: 0;
  5971: 0;
  5972: 0;
  5973: 0;
  5974: 0;
  5975: 0;
  5976: 0;
  5977: 0;
  5978: 0;
  5979: 0;
  5980: 0;
  5981: 0;
  5982: 0;
  5983: 0;
  5984: 0;
  5985: 0;
  5986: 0;
  5987: 0;
  5988: 0;
  5989: 0;
  5990: 0;
  5991: 0;
  5992: 0;
  5993: 10101;
  5994: ffffff;
  5995: ffffff;
  5996: ffffff;
  5997: ffffff;
  5998: fefefe;
  5999: ffffff;
  6000: ffffff;
  6001: ffffff;
  6002: ffffff;
  6003: ffffff;
  6004: ffffff;
  6005: ffffff;
  6006: ffffff;
  6007: ffffff;
  6008: ffffff;
  6009: ffffff;
  6010: ffffff;
  6011: ffffff;
  6012: ffffff;
  6013: ffffff;
  6014: ffffff;
  6015: ffffff;
  6016: 0;
  6017: 0;
  6018: 0;
  6019: 0;
  6020: 0;
  6021: 0;
  6022: 0;
  6023: 0;
  6024: 0;
  6025: 0;
  6026: 0;
  6027: 0;
  6028: 0;
  6029: 0;
  6030: 0;
  6031: 0;
  6032: 0;
  6033: 40404;
  6034: ffffff;
  6035: fcfcfc;
  6036: ffffff;
  6037: 7f7f7f;
  6038: 10101;
  6039: 0;
  6040: 0;
  6041: 10101;
  6042: 20202;
  6043: 0;
  6044: 0;
  6045: 10101;
  6046: 20202;
  6047: 0;
  6048: 0;
  6049: 0;
  6050: 0;
  6051: 10101;
  6052: 0;
  6053: 40404;
  6054: 0;
  6055: 0;
  6056: 0;
  6057: 0;
  6058: 0;
  6059: 0;
  6060: 0;
  6061: 0;
  6062: 0;
  6063: 0;
  6064: 0;
  6065: 0;
  6066: 0;
  6067: 0;
  6068: 0;
  6069: 0;
  6070: 0;
  6071: 0;
  6072: 0;
  6073: 0;
  6074: 0;
  6075: 0;
  6076: 0;
  6077: 0;
  6078: 0;
  6079: 0;
  6080: 0;
  6081: 0;
  6082: 0;
  6083: 0;
  6084: 0;
  6085: 0;
  6086: 0;
  6087: 0;
  6088: 0;
  6089: 0;
  6090: 0;
  6091: 0;
  6092: 0;
  6093: 0;
  6094: 0;
  6095: 0;
  6096: 0;
  6097: 0;
  6098: 0;
  6099: 0;
  6100: 0;
  6101: 0;
  6102: 0;
  6103: 0;
  6104: 0;
  6105: 0;
  6106: 0;
  6107: 0;
  6108: 0;
  6109: 0;
  6110: 0;
  6111: 0;
  6112: 0;
  6113: 0;
  6114: 0;
  6115: 0;
  6116: 0;
  6117: 0;
  6118: 0;
  6119: 0;
  6120: 20202;
  6121: 0;
  6122: fefefe;
  6123: ffffff;
  6124: fefefe;
  6125: ffffff;
  6126: 40404;
  6127: 20202;
  6128: 30303;
  6129: 30303;
  6130: 30303;
  6131: 30303;
  6132: 30303;
  6133: 30303;
  6134: 30303;
  6135: 30303;
  6136: 30303;
  6137: 30303;
  6138: 30303;
  6139: 30303;
  6140: 30303;
  6141: 30303;
  6142: 30303;
  6143: 30303;
  6144: 0;
  6145: 0;
  6146: 0;
  6147: 0;
  6148: 0;
  6149: 0;
  6150: 0;
  6151: 0;
  6152: 0;
  6153: 0;
  6154: 0;
  6155: 0;
  6156: 0;
  6157: 0;
  6158: 0;
  6159: 0;
  6160: 0;
  6161: 0;
  6162: fefefe;
  6163: ffffff;
  6164: fefefe;
  6165: 7f7f7f;
  6166: 0;
  6167: 0;
  6168: 0;
  6169: 0;
  6170: 0;
  6171: 0;
  6172: 0;
  6173: 0;
  6174: 0;
  6175: 0;
  6176: 0;
  6177: 0;
  6178: 0;
  6179: 0;
  6180: 0;
  6181: 0;
  6182: 0;
  6183: 0;
  6184: 10101;
  6185: 0;
  6186: 0;
  6187: 0;
  6188: 20202;
  6189: 10101;
  6190: 0;
  6191: 0;
  6192: 0;
  6193: 0;
  6194: 0;
  6195: 0;
  6196: 0;
  6197: 0;
  6198: 0;
  6199: 0;
  6200: 0;
  6201: 0;
  6202: 0;
  6203: 0;
  6204: 0;
  6205: 0;
  6206: 0;
  6207: 0;
  6208: 0;
  6209: 0;
  6210: 0;
  6211: 0;
  6212: 0;
  6213: 0;
  6214: 0;
  6215: 0;
  6216: 0;
  6217: 0;
  6218: 0;
  6219: 0;
  6220: 0;
  6221: 0;
  6222: 0;
  6223: 0;
  6224: 10101;
  6225: 0;
  6226: 10101;
  6227: 10101;
  6228: 0;
  6229: 20202;
  6230: 20202;
  6231: 0;
  6232: 0;
  6233: 0;
  6234: 0;
  6235: 0;
  6236: 0;
  6237: 0;
  6238: 0;
  6239: 0;
  6240: 0;
  6241: 0;
  6242: 0;
  6243: 0;
  6244: 0;
  6245: 0;
  6246: 0;
  6247: 0;
  6248: 0;
  6249: 0;
  6250: ffffff;
  6251: ffffff;
  6252: ffffff;
  6253: ffffff;
  6254: 0;
  6255: 0;
  6256: 0;
  6257: 0;
  6258: 0;
  6259: 0;
  6260: 0;
  6261: 0;
  6262: 0;
  6263: 0;
  6264: 0;
  6265: 0;
  6266: 0;
  6267: 0;
  6268: 0;
  6269: 0;
  6270: 0;
  6271: 0;
  6272: 0;
  6273: 0;
  6274: 0;
  6275: 0;
  6276: 0;
  6277: 0;
  6278: 0;
  6279: 0;
  6280: 0;
  6281: 0;
  6282: 0;
  6283: 0;
  6284: 0;
  6285: 0;
  6286: 0;
  6287: 0;
  6288: 0;
  6289: 0;
  6290: fefefe;
  6291: ffffff;
  6292: fefefe;
  6293: 7f7f7f;
  6294: 0;
  6295: 0;
  6296: 0;
  6297: 0;
  6298: 0;
  6299: 0;
  6300: 0;
  6301: 0;
  6302: 0;
  6303: 0;
  6304: 0;
  6305: 0;
  6306: 0;
  6307: 0;
  6308: 0;
  6309: 0;
  6310: 0;
  6311: 0;
  6312: 10101;
  6313: 0;
  6314: 0;
  6315: 30303;
  6316: 0;
  6317: 0;
  6318: 10101;
  6319: 10101;
  6320: 0;
  6321: 0;
  6322: 0;
  6323: 0;
  6324: 0;
  6325: 0;
  6326: 0;
  6327: 0;
  6328: 0;
  6329: 0;
  6330: 0;
  6331: 0;
  6332: 0;
  6333: 0;
  6334: 0;
  6335: 0;
  6336: 0;
  6337: 0;
  6338: 0;
  6339: 0;
  6340: 0;
  6341: 0;
  6342: 0;
  6343: 0;
  6344: 0;
  6345: 0;
  6346: 0;
  6347: 0;
  6348: 0;
  6349: 0;
  6350: 0;
  6351: 0;
  6352: 0;
  6353: 0;
  6354: 20202;
  6355: 30303;
  6356: 10101;
  6357: 0;
  6358: 0;
  6359: 20202;
  6360: 0;
  6361: 0;
  6362: 0;
  6363: 0;
  6364: 0;
  6365: 0;
  6366: 0;
  6367: 0;
  6368: 0;
  6369: 0;
  6370: 0;
  6371: 0;
  6372: 0;
  6373: 0;
  6374: 0;
  6375: 0;
  6376: 0;
  6377: 0;
  6378: ffffff;
  6379: ffffff;
  6380: ffffff;
  6381: ffffff;
  6382: 0;
  6383: 0;
  6384: 0;
  6385: 0;
  6386: 0;
  6387: 0;
  6388: 0;
  6389: 0;
  6390: 0;
  6391: 0;
  6392: 0;
  6393: 0;
  6394: 0;
  6395: 0;
  6396: 0;
  6397: 0;
  6398: 0;
  6399: 0;
  6400: 0;
  6401: 0;
  6402: 0;
  6403: 0;
  6404: 0;
  6405: 0;
  6406: 0;
  6407: 0;
  6408: 0;
  6409: 0;
  6410: 0;
  6411: 0;
  6412: 0;
  6413: 0;
  6414: 0;
  6415: 0;
  6416: 0;
  6417: 0;
  6418: fefefe;
  6419: ffffff;
  6420: fefefe;
  6421: 7f7f7f;
  6422: 0;
  6423: 0;
  6424: 0;
  6425: 0;
  6426: 0;
  6427: 0;
  6428: 0;
  6429: 0;
  6430: 0;
  6431: 0;
  6432: 0;
  6433: 0;
  6434: 0;
  6435: 0;
  6436: 0;
  6437: 0;
  6438: 0;
  6439: 0;
  6440: 20202;
  6441: 20202;
  6442: 0;
  6443: 0;
  6444: 30303;
  6445: 0;
  6446: 0;
  6447: 10101;
  6448: 0;
  6449: 0;
  6450: 0;
  6451: 0;
  6452: 0;
  6453: 0;
  6454: 0;
  6455: 0;
  6456: 0;
  6457: 0;
  6458: 0;
  6459: 0;
  6460: 0;
  6461: 0;
  6462: 0;
  6463: 0;
  6464: 0;
  6465: 0;
  6466: 0;
  6467: 0;
  6468: 0;
  6469: 0;
  6470: 0;
  6471: 0;
  6472: 0;
  6473: 0;
  6474: 0;
  6475: 0;
  6476: 0;
  6477: 0;
  6478: 0;
  6479: 0;
  6480: 40404;
  6481: 20202;
  6482: 20202;
  6483: 0;
  6484: 80808;
  6485: 0;
  6486: 0;
  6487: 0;
  6488: 0;
  6489: 0;
  6490: 0;
  6491: 0;
  6492: 0;
  6493: 0;
  6494: 0;
  6495: 0;
  6496: 0;
  6497: 0;
  6498: 0;
  6499: 0;
  6500: 0;
  6501: 0;
  6502: 0;
  6503: 0;
  6504: 0;
  6505: 0;
  6506: ffffff;
  6507: ffffff;
  6508: ffffff;
  6509: ffffff;
  6510: 0;
  6511: 0;
  6512: 0;
  6513: 0;
  6514: 0;
  6515: 0;
  6516: 0;
  6517: 0;
  6518: 0;
  6519: 0;
  6520: 0;
  6521: 0;
  6522: 0;
  6523: 0;
  6524: 0;
  6525: 0;
  6526: 0;
  6527: 0;
  6528: 0;
  6529: 0;
  6530: 0;
  6531: 0;
  6532: 0;
  6533: 0;
  6534: 0;
  6535: 0;
  6536: 0;
  6537: 0;
  6538: 0;
  6539: 0;
  6540: 0;
  6541: 0;
  6542: 0;
  6543: 0;
  6544: 0;
  6545: 0;
  6546: fefefe;
  6547: ffffff;
  6548: ffffff;
  6549: 7f7f7f;
  6550: 0;
  6551: 0;
  6552: 0;
  6553: 0;
  6554: 0;
  6555: 0;
  6556: 0;
  6557: 0;
  6558: 0;
  6559: 0;
  6560: 0;
  6561: 0;
  6562: 0;
  6563: 0;
  6564: 0;
  6565: 0;
  6566: 0;
  6567: 0;
  6568: 10101;
  6569: 0;
  6570: 0;
  6571: 0;
  6572: 0;
  6573: 20202;
  6574: 0;
  6575: 0;
  6576: 0;
  6577: 0;
  6578: 0;
  6579: 0;
  6580: 0;
  6581: 0;
  6582: 0;
  6583: 0;
  6584: 0;
  6585: 0;
  6586: 0;
  6587: 0;
  6588: 0;
  6589: 0;
  6590: 0;
  6591: 0;
  6592: 0;
  6593: 0;
  6594: 0;
  6595: 0;
  6596: 0;
  6597: 0;
  6598: 0;
  6599: 0;
  6600: 0;
  6601: 0;
  6602: 0;
  6603: 0;
  6604: 0;
  6605: 0;
  6606: 0;
  6607: 0;
  6608: 0;
  6609: 0;
  6610: 0;
  6611: 40404;
  6612: 0;
  6613: 0;
  6614: 40404;
  6615: 30303;
  6616: 0;
  6617: 0;
  6618: 0;
  6619: 0;
  6620: 0;
  6621: 0;
  6622: 0;
  6623: 0;
  6624: 0;
  6625: 0;
  6626: 0;
  6627: 0;
  6628: 0;
  6629: 0;
  6630: 0;
  6631: 0;
  6632: 0;
  6633: 0;
  6634: ffffff;
  6635: ffffff;
  6636: ffffff;
  6637: ffffff;
  6638: 0;
  6639: 0;
  6640: 0;
  6641: 0;
  6642: 0;
  6643: 0;
  6644: 0;
  6645: 0;
  6646: 0;
  6647: 0;
  6648: 0;
  6649: 0;
  6650: 0;
  6651: 0;
  6652: 0;
  6653: 0;
  6654: 0;
  6655: 0;
  6656: 0;
  6657: 0;
  6658: 0;
  6659: 0;
  6660: 0;
  6661: 0;
  6662: 0;
  6663: 0;
  6664: 0;
  6665: 0;
  6666: 0;
  6667: 0;
  6668: 0;
  6669: 0;
  6670: 0;
  6671: 0;
  6672: 0;
  6673: 10101;
  6674: fefefe;
  6675: ffffff;
  6676: ffffff;
  6677: 7f7f7f;
  6678: 0;
  6679: 0;
  6680: 0;
  6681: 0;
  6682: 0;
  6683: 0;
  6684: 0;
  6685: 0;
  6686: 0;
  6687: 0;
  6688: 0;
  6689: 0;
  6690: 0;
  6691: 0;
  6692: 0;
  6693: 0;
  6694: 0;
  6695: 0;
  6696: 0;
  6697: 0;
  6698: 0;
  6699: 0;
  6700: 10101;
  6701: 0;
  6702: 0;
  6703: 0;
  6704: 0;
  6705: 0;
  6706: 0;
  6707: 0;
  6708: 0;
  6709: 0;
  6710: 0;
  6711: 0;
  6712: 0;
  6713: 0;
  6714: 0;
  6715: 0;
  6716: 0;
  6717: 0;
  6718: 0;
  6719: 0;
  6720: 0;
  6721: 0;
  6722: 0;
  6723: 0;
  6724: 0;
  6725: 0;
  6726: 0;
  6727: 0;
  6728: 0;
  6729: 0;
  6730: 0;
  6731: 0;
  6732: 0;
  6733: 0;
  6734: 0;
  6735: 0;
  6736: 20202;
  6737: 0;
  6738: 0;
  6739: 10101;
  6740: 40404;
  6741: 0;
  6742: 0;
  6743: 0;
  6744: 0;
  6745: 0;
  6746: 0;
  6747: 0;
  6748: 0;
  6749: 0;
  6750: 0;
  6751: 0;
  6752: 0;
  6753: 0;
  6754: 0;
  6755: 0;
  6756: 0;
  6757: 0;
  6758: 0;
  6759: 0;
  6760: 10101;
  6761: 10101;
  6762: ffffff;
  6763: ffffff;
  6764: ffffff;
  6765: ffffff;
  6766: 0;
  6767: 0;
  6768: 10101;
  6769: 10101;
  6770: 10101;
  6771: 10101;
  6772: 10101;
  6773: 10101;
  6774: 10101;
  6775: 10101;
  6776: 10101;
  6777: 10101;
  6778: 10101;
  6779: 10101;
  6780: 10101;
  6781: 10101;
  6782: 10101;
  6783: 10101;
  6784: 0;
  6785: 0;
  6786: 0;
  6787: 0;
  6788: 0;
  6789: 0;
  6790: 0;
  6791: 0;
  6792: 0;
  6793: 0;
  6794: 0;
  6795: 0;
  6796: 0;
  6797: 0;
  6798: 0;
  6799: 0;
  6800: 0;
  6801: 10101;
  6802: fefefe;
  6803: ffffff;
  6804: ffffff;
  6805: 7f7f7f;
  6806: 0;
  6807: 0;
  6808: 0;
  6809: 0;
  6810: 0;
  6811: 0;
  6812: 0;
  6813: 0;
  6814: 0;
  6815: 0;
  6816: 0;
  6817: 0;
  6818: 0;
  6819: 0;
  6820: 0;
  6821: 0;
  6822: 0;
  6823: 0;
  6824: 10101;
  6825: 0;
  6826: 30303;
  6827: 0;
  6828: eeeeee;
  6829: e5e5e5;
  6830: e6e6e6;
  6831: e4e4e4;
  6832: e2e2e2;
  6833: e2e2e2;
  6834: e2e2e2;
  6835: e2e2e2;
  6836: e2e2e2;
  6837: e2e2e2;
  6838: e2e2e2;
  6839: e2e2e2;
  6840: e2e2e2;
  6841: e2e2e2;
  6842: e2e2e2;
  6843: e2e2e2;
  6844: e2e2e2;
  6845: e2e2e2;
  6846: e2e2e2;
  6847: e2e2e2;
  6848: e2e2e2;
  6849: e2e2e2;
  6850: e2e2e2;
  6851: e2e2e2;
  6852: e2e2e2;
  6853: e2e2e2;
  6854: e2e2e2;
  6855: e2e2e2;
  6856: e2e2e2;
  6857: e2e2e2;
  6858: e2e2e2;
  6859: e2e2e2;
  6860: e2e2e2;
  6861: e2e2e2;
  6862: e2e2e2;
  6863: e2e2e2;
  6864: e2e2e2;
  6865: e3e3e3;
  6866: e5e5e5;
  6867: dddddd;
  6868: 2a2a2a;
  6869: 20202;
  6870: 0;
  6871: 30303;
  6872: 0;
  6873: 0;
  6874: 0;
  6875: 0;
  6876: 0;
  6877: 0;
  6878: 0;
  6879: 0;
  6880: 0;
  6881: 0;
  6882: 0;
  6883: 0;
  6884: 0;
  6885: 0;
  6886: 0;
  6887: 0;
  6888: 10101;
  6889: 0;
  6890: ffffff;
  6891: ffffff;
  6892: ffffff;
  6893: ffffff;
  6894: 0;
  6895: 0;
  6896: 0;
  6897: 0;
  6898: 0;
  6899: 0;
  6900: 0;
  6901: 0;
  6902: 0;
  6903: 0;
  6904: 0;
  6905: 0;
  6906: 0;
  6907: 0;
  6908: 0;
  6909: 0;
  6910: 0;
  6911: 0;
  6912: 0;
  6913: 0;
  6914: 0;
  6915: 0;
  6916: 0;
  6917: 0;
  6918: 0;
  6919: 0;
  6920: 0;
  6921: 0;
  6922: 0;
  6923: 0;
  6924: 0;
  6925: 0;
  6926: 0;
  6927: 0;
  6928: 0;
  6929: 10101;
  6930: ffffff;
  6931: ffffff;
  6932: ffffff;
  6933: 7f7f7f;
  6934: 0;
  6935: 0;
  6936: 0;
  6937: 0;
  6938: 0;
  6939: 0;
  6940: 0;
  6941: 0;
  6942: 0;
  6943: 0;
  6944: 0;
  6945: 0;
  6946: 0;
  6947: 0;
  6948: 0;
  6949: 0;
  6950: 0;
  6951: 0;
  6952: 0;
  6953: 0;
  6954: 30303;
  6955: 0;
  6956: ffffff;
  6957: fcfcfc;
  6958: fdfdfd;
  6959: fefefe;
  6960: ffffff;
  6961: ffffff;
  6962: ffffff;
  6963: ffffff;
  6964: ffffff;
  6965: ffffff;
  6966: ffffff;
  6967: ffffff;
  6968: ffffff;
  6969: ffffff;
  6970: ffffff;
  6971: ffffff;
  6972: ffffff;
  6973: ffffff;
  6974: ffffff;
  6975: ffffff;
  6976: ffffff;
  6977: ffffff;
  6978: ffffff;
  6979: ffffff;
  6980: ffffff;
  6981: ffffff;
  6982: ffffff;
  6983: ffffff;
  6984: ffffff;
  6985: ffffff;
  6986: ffffff;
  6987: ffffff;
  6988: ffffff;
  6989: ffffff;
  6990: ffffff;
  6991: ffffff;
  6992: ffffff;
  6993: fcfcfc;
  6994: ffffff;
  6995: ffffff;
  6996: 2b2b2b;
  6997: 10101;
  6998: 0;
  6999: 10101;
  7000: 0;
  7001: 0;
  7002: 0;
  7003: 0;
  7004: 0;
  7005: 0;
  7006: 0;
  7007: 0;
  7008: 0;
  7009: 0;
  7010: 0;
  7011: 0;
  7012: 0;
  7013: 0;
  7014: 0;
  7015: 0;
  7016: 0;
  7017: 0;
  7018: ffffff;
  7019: ffffff;
  7020: ffffff;
  7021: ffffff;
  7022: 10101;
  7023: 10101;
  7024: 0;
  7025: 0;
  7026: 0;
  7027: 0;
  7028: 0;
  7029: 0;
  7030: 0;
  7031: 0;
  7032: 0;
  7033: 0;
  7034: 0;
  7035: 0;
  7036: 0;
  7037: 0;
  7038: 0;
  7039: 0;
  7040: 0;
  7041: 0;
  7042: 0;
  7043: 0;
  7044: 0;
  7045: 0;
  7046: 0;
  7047: 0;
  7048: 0;
  7049: 0;
  7050: 0;
  7051: 0;
  7052: 0;
  7053: 0;
  7054: 0;
  7055: 0;
  7056: 0;
  7057: 10101;
  7058: ffffff;
  7059: ffffff;
  7060: ffffff;
  7061: 7f7f7f;
  7062: 0;
  7063: 0;
  7064: 0;
  7065: 0;
  7066: 0;
  7067: 0;
  7068: 0;
  7069: 0;
  7070: 0;
  7071: 0;
  7072: 0;
  7073: 0;
  7074: 0;
  7075: 0;
  7076: 0;
  7077: 0;
  7078: 0;
  7079: 0;
  7080: 0;
  7081: 0;
  7082: 0;
  7083: 30303;
  7084: fefefe;
  7085: ffffff;
  7086: fefefe;
  7087: ffffff;
  7088: ffffff;
  7089: ffffff;
  7090: ffffff;
  7091: ffffff;
  7092: ffffff;
  7093: ffffff;
  7094: ffffff;
  7095: ffffff;
  7096: ffffff;
  7097: ffffff;
  7098: ffffff;
  7099: ffffff;
  7100: ffffff;
  7101: ffffff;
  7102: ffffff;
  7103: ffffff;
  7104: ffffff;
  7105: ffffff;
  7106: ffffff;
  7107: ffffff;
  7108: ffffff;
  7109: ffffff;
  7110: ffffff;
  7111: ffffff;
  7112: ffffff;
  7113: ffffff;
  7114: ffffff;
  7115: ffffff;
  7116: ffffff;
  7117: ffffff;
  7118: ffffff;
  7119: ffffff;
  7120: ffffff;
  7121: ffffff;
  7122: ffffff;
  7123: fafafa;
  7124: 2f2f2f;
  7125: 20202;
  7126: 0;
  7127: 0;
  7128: 0;
  7129: 0;
  7130: 0;
  7131: 0;
  7132: 0;
  7133: 0;
  7134: 0;
  7135: 0;
  7136: 0;
  7137: 0;
  7138: 0;
  7139: 0;
  7140: 0;
  7141: 0;
  7142: 0;
  7143: 0;
  7144: 0;
  7145: 0;
  7146: fefefe;
  7147: ffffff;
  7148: ffffff;
  7149: ffffff;
  7150: 20202;
  7151: 20202;
  7152: 30303;
  7153: 30303;
  7154: 30303;
  7155: 30303;
  7156: 30303;
  7157: 30303;
  7158: 30303;
  7159: 30303;
  7160: 30303;
  7161: 30303;
  7162: 30303;
  7163: 30303;
  7164: 30303;
  7165: 30303;
  7166: 30303;
  7167: 30303;
  7168: ffffff;
  7169: ffffff;
  7170: ffffff;
  7171: ffffff;
  7172: ffffff;
  7173: ffffff;
  7174: ffffff;
  7175: ffffff;
  7176: ffffff;
  7177: ffffff;
  7178: ffffff;
  7179: ffffff;
  7180: ffffff;
  7181: ffffff;
  7182: ffffff;
  7183: ffffff;
  7184: ffffff;
  7185: ffffff;
  7186: ffffff;
  7187: ffffff;
  7188: ffffff;
  7189: 7f7f7f;
  7190: 0;
  7191: 0;
  7192: 0;
  7193: 0;
  7194: 0;
  7195: 0;
  7196: 0;
  7197: 0;
  7198: 0;
  7199: 0;
  7200: 0;
  7201: 0;
  7202: 0;
  7203: 0;
  7204: 0;
  7205: 0;
  7206: 0;
  7207: 0;
  7208: 0;
  7209: 0;
  7210: 0;
  7211: 10101;
  7212: fefefe;
  7213: ffffff;
  7214: ffffff;
  7215: ffffff;
  7216: ffffff;
  7217: ffffff;
  7218: ffffff;
  7219: ffffff;
  7220: ffffff;
  7221: ffffff;
  7222: ffffff;
  7223: ffffff;
  7224: ffffff;
  7225: ffffff;
  7226: ffffff;
  7227: ffffff;
  7228: ffffff;
  7229: ffffff;
  7230: ffffff;
  7231: ffffff;
  7232: ffffff;
  7233: ffffff;
  7234: ffffff;
  7235: ffffff;
  7236: ffffff;
  7237: ffffff;
  7238: ffffff;
  7239: ffffff;
  7240: ffffff;
  7241: ffffff;
  7242: ffffff;
  7243: ffffff;
  7244: ffffff;
  7245: ffffff;
  7246: ffffff;
  7247: ffffff;
  7248: ffffff;
  7249: fefefe;
  7250: ffffff;
  7251: ffffff;
  7252: 2d2d2d;
  7253: 0;
  7254: 0;
  7255: 0;
  7256: 0;
  7257: 0;
  7258: 0;
  7259: 0;
  7260: 0;
  7261: 0;
  7262: 0;
  7263: 0;
  7264: 0;
  7265: 0;
  7266: 0;
  7267: 0;
  7268: 0;
  7269: 0;
  7270: 0;
  7271: 0;
  7272: 0;
  7273: 0;
  7274: ffffff;
  7275: ffffff;
  7276: ffffff;
  7277: fefefe;
  7278: ffffff;
  7279: ffffff;
  7280: ffffff;
  7281: ffffff;
  7282: ffffff;
  7283: ffffff;
  7284: ffffff;
  7285: ffffff;
  7286: ffffff;
  7287: ffffff;
  7288: ffffff;
  7289: ffffff;
  7290: ffffff;
  7291: ffffff;
  7292: ffffff;
  7293: ffffff;
  7294: ffffff;
  7295: ffffff;
  7296: ffffff;
  7297: ffffff;
  7298: ffffff;
  7299: ffffff;
  7300: ffffff;
  7301: ffffff;
  7302: ffffff;
  7303: ffffff;
  7304: ffffff;
  7305: ffffff;
  7306: ffffff;
  7307: ffffff;
  7308: ffffff;
  7309: ffffff;
  7310: ffffff;
  7311: ffffff;
  7312: ffffff;
  7313: ffffff;
  7314: ffffff;
  7315: ffffff;
  7316: ffffff;
  7317: 7f7f7f;
  7318: 0;
  7319: 0;
  7320: 0;
  7321: 0;
  7322: 0;
  7323: 0;
  7324: 0;
  7325: 0;
  7326: 0;
  7327: 0;
  7328: 0;
  7329: 0;
  7330: 0;
  7331: 0;
  7332: 0;
  7333: 0;
  7334: 0;
  7335: 0;
  7336: 0;
  7337: 0;
  7338: 0;
  7339: 10101;
  7340: fefefe;
  7341: ffffff;
  7342: ffffff;
  7343: ffffff;
  7344: ffffff;
  7345: ffffff;
  7346: ffffff;
  7347: ffffff;
  7348: ffffff;
  7349: ffffff;
  7350: ffffff;
  7351: ffffff;
  7352: ffffff;
  7353: ffffff;
  7354: ffffff;
  7355: ffffff;
  7356: ffffff;
  7357: ffffff;
  7358: ffffff;
  7359: ffffff;
  7360: ffffff;
  7361: ffffff;
  7362: ffffff;
  7363: ffffff;
  7364: ffffff;
  7365: ffffff;
  7366: ffffff;
  7367: ffffff;
  7368: ffffff;
  7369: ffffff;
  7370: ffffff;
  7371: ffffff;
  7372: ffffff;
  7373: ffffff;
  7374: ffffff;
  7375: ffffff;
  7376: ffffff;
  7377: fefefe;
  7378: ffffff;
  7379: ffffff;
  7380: 2d2d2d;
  7381: 0;
  7382: 0;
  7383: 0;
  7384: 0;
  7385: 0;
  7386: 0;
  7387: 0;
  7388: 0;
  7389: 0;
  7390: 0;
  7391: 0;
  7392: 0;
  7393: 0;
  7394: 0;
  7395: 0;
  7396: 0;
  7397: 0;
  7398: 0;
  7399: 0;
  7400: 0;
  7401: 0;
  7402: ffffff;
  7403: ffffff;
  7404: ffffff;
  7405: fefefe;
  7406: ffffff;
  7407: ffffff;
  7408: ffffff;
  7409: ffffff;
  7410: ffffff;
  7411: ffffff;
  7412: ffffff;
  7413: ffffff;
  7414: ffffff;
  7415: ffffff;
  7416: ffffff;
  7417: ffffff;
  7418: ffffff;
  7419: ffffff;
  7420: ffffff;
  7421: ffffff;
  7422: ffffff;
  7423: ffffff;
  7424: ffffff;
  7425: ffffff;
  7426: ffffff;
  7427: ffffff;
  7428: ffffff;
  7429: ffffff;
  7430: ffffff;
  7431: ffffff;
  7432: ffffff;
  7433: ffffff;
  7434: ffffff;
  7435: ffffff;
  7436: ffffff;
  7437: ffffff;
  7438: ffffff;
  7439: ffffff;
  7440: ffffff;
  7441: ffffff;
  7442: ffffff;
  7443: ffffff;
  7444: ffffff;
  7445: 7f7f7f;
  7446: 0;
  7447: 0;
  7448: 0;
  7449: 0;
  7450: 0;
  7451: 0;
  7452: 0;
  7453: 0;
  7454: 0;
  7455: 0;
  7456: 0;
  7457: 0;
  7458: 0;
  7459: 0;
  7460: 0;
  7461: 0;
  7462: 0;
  7463: 0;
  7464: 0;
  7465: 0;
  7466: 0;
  7467: 10101;
  7468: fefefe;
  7469: ffffff;
  7470: ffffff;
  7471: ffffff;
  7472: ffffff;
  7473: ffffff;
  7474: ffffff;
  7475: ffffff;
  7476: ffffff;
  7477: ffffff;
  7478: ffffff;
  7479: ffffff;
  7480: ffffff;
  7481: ffffff;
  7482: ffffff;
  7483: ffffff;
  7484: ffffff;
  7485: ffffff;
  7486: ffffff;
  7487: ffffff;
  7488: ffffff;
  7489: ffffff;
  7490: ffffff;
  7491: ffffff;
  7492: ffffff;
  7493: ffffff;
  7494: ffffff;
  7495: ffffff;
  7496: ffffff;
  7497: ffffff;
  7498: ffffff;
  7499: ffffff;
  7500: ffffff;
  7501: ffffff;
  7502: ffffff;
  7503: ffffff;
  7504: ffffff;
  7505: fefefe;
  7506: ffffff;
  7507: ffffff;
  7508: 2d2d2d;
  7509: 0;
  7510: 0;
  7511: 0;
  7512: 0;
  7513: 0;
  7514: 0;
  7515: 0;
  7516: 0;
  7517: 0;
  7518: 0;
  7519: 0;
  7520: 0;
  7521: 0;
  7522: 0;
  7523: 0;
  7524: 0;
  7525: 0;
  7526: 0;
  7527: 0;
  7528: 0;
  7529: 0;
  7530: ffffff;
  7531: ffffff;
  7532: ffffff;
  7533: fefefe;
  7534: ffffff;
  7535: ffffff;
  7536: ffffff;
  7537: ffffff;
  7538: ffffff;
  7539: ffffff;
  7540: ffffff;
  7541: ffffff;
  7542: ffffff;
  7543: ffffff;
  7544: ffffff;
  7545: ffffff;
  7546: ffffff;
  7547: ffffff;
  7548: ffffff;
  7549: ffffff;
  7550: ffffff;
  7551: ffffff;
  7552: ffffff;
  7553: ffffff;
  7554: ffffff;
  7555: ffffff;
  7556: ffffff;
  7557: ffffff;
  7558: ffffff;
  7559: ffffff;
  7560: ffffff;
  7561: ffffff;
  7562: ffffff;
  7563: ffffff;
  7564: ffffff;
  7565: ffffff;
  7566: ffffff;
  7567: ffffff;
  7568: ffffff;
  7569: ffffff;
  7570: ffffff;
  7571: ffffff;
  7572: ffffff;
  7573: 7f7f7f;
  7574: 0;
  7575: 0;
  7576: 0;
  7577: 0;
  7578: 0;
  7579: 0;
  7580: 0;
  7581: 0;
  7582: 0;
  7583: 0;
  7584: 0;
  7585: 0;
  7586: 0;
  7587: 0;
  7588: 0;
  7589: 0;
  7590: 0;
  7591: 0;
  7592: 0;
  7593: 0;
  7594: 0;
  7595: 10101;
  7596: fefefe;
  7597: ffffff;
  7598: ffffff;
  7599: ffffff;
  7600: ffffff;
  7601: ffffff;
  7602: ffffff;
  7603: ffffff;
  7604: ffffff;
  7605: ffffff;
  7606: ffffff;
  7607: ffffff;
  7608: ffffff;
  7609: ffffff;
  7610: ffffff;
  7611: ffffff;
  7612: ffffff;
  7613: ffffff;
  7614: ffffff;
  7615: ffffff;
  7616: ffffff;
  7617: ffffff;
  7618: ffffff;
  7619: ffffff;
  7620: ffffff;
  7621: ffffff;
  7622: ffffff;
  7623: ffffff;
  7624: ffffff;
  7625: ffffff;
  7626: ffffff;
  7627: ffffff;
  7628: ffffff;
  7629: ffffff;
  7630: ffffff;
  7631: ffffff;
  7632: ffffff;
  7633: fefefe;
  7634: ffffff;
  7635: ffffff;
  7636: 2d2d2d;
  7637: 0;
  7638: 0;
  7639: 0;
  7640: 0;
  7641: 0;
  7642: 0;
  7643: 0;
  7644: 0;
  7645: 0;
  7646: 0;
  7647: 0;
  7648: 0;
  7649: 0;
  7650: 0;
  7651: 0;
  7652: 0;
  7653: 0;
  7654: 0;
  7655: 0;
  7656: 0;
  7657: 0;
  7658: ffffff;
  7659: ffffff;
  7660: ffffff;
  7661: fefefe;
  7662: ffffff;
  7663: ffffff;
  7664: ffffff;
  7665: ffffff;
  7666: ffffff;
  7667: ffffff;
  7668: ffffff;
  7669: ffffff;
  7670: ffffff;
  7671: ffffff;
  7672: ffffff;
  7673: ffffff;
  7674: ffffff;
  7675: ffffff;
  7676: ffffff;
  7677: ffffff;
  7678: ffffff;
  7679: ffffff;
  7680: ffffff;
  7681: ffffff;
  7682: ffffff;
  7683: ffffff;
  7684: ffffff;
  7685: ffffff;
  7686: ffffff;
  7687: ffffff;
  7688: ffffff;
  7689: ffffff;
  7690: ffffff;
  7691: ffffff;
  7692: ffffff;
  7693: ffffff;
  7694: ffffff;
  7695: ffffff;
  7696: ffffff;
  7697: ffffff;
  7698: ffffff;
  7699: ffffff;
  7700: ffffff;
  7701: 7f7f7f;
  7702: 0;
  7703: 0;
  7704: 0;
  7705: 0;
  7706: 0;
  7707: 0;
  7708: 0;
  7709: 0;
  7710: 0;
  7711: 0;
  7712: 0;
  7713: 0;
  7714: 0;
  7715: 0;
  7716: 0;
  7717: 0;
  7718: 0;
  7719: 0;
  7720: 0;
  7721: 0;
  7722: 0;
  7723: 10101;
  7724: fefefe;
  7725: ffffff;
  7726: ffffff;
  7727: ffffff;
  7728: ffffff;
  7729: ffffff;
  7730: ffffff;
  7731: ffffff;
  7732: ffffff;
  7733: ffffff;
  7734: ffffff;
  7735: ffffff;
  7736: ffffff;
  7737: ffffff;
  7738: ffffff;
  7739: ffffff;
  7740: ffffff;
  7741: ffffff;
  7742: ffffff;
  7743: ffffff;
  7744: ffffff;
  7745: ffffff;
  7746: ffffff;
  7747: ffffff;
  7748: ffffff;
  7749: ffffff;
  7750: ffffff;
  7751: ffffff;
  7752: ffffff;
  7753: ffffff;
  7754: ffffff;
  7755: ffffff;
  7756: ffffff;
  7757: ffffff;
  7758: ffffff;
  7759: ffffff;
  7760: ffffff;
  7761: fefefe;
  7762: ffffff;
  7763: ffffff;
  7764: 2d2d2d;
  7765: 0;
  7766: 0;
  7767: 0;
  7768: 0;
  7769: 0;
  7770: 0;
  7771: 0;
  7772: 0;
  7773: 0;
  7774: 0;
  7775: 0;
  7776: 0;
  7777: 0;
  7778: 0;
  7779: 0;
  7780: 0;
  7781: 0;
  7782: 0;
  7783: 0;
  7784: 0;
  7785: 0;
  7786: ffffff;
  7787: ffffff;
  7788: ffffff;
  7789: fefefe;
  7790: ffffff;
  7791: ffffff;
  7792: ffffff;
  7793: ffffff;
  7794: ffffff;
  7795: ffffff;
  7796: ffffff;
  7797: ffffff;
  7798: ffffff;
  7799: ffffff;
  7800: ffffff;
  7801: ffffff;
  7802: ffffff;
  7803: ffffff;
  7804: ffffff;
  7805: ffffff;
  7806: ffffff;
  7807: ffffff;
  7808: ffffff;
  7809: ffffff;
  7810: ffffff;
  7811: ffffff;
  7812: ffffff;
  7813: ffffff;
  7814: ffffff;
  7815: ffffff;
  7816: ffffff;
  7817: ffffff;
  7818: ffffff;
  7819: ffffff;
  7820: ffffff;
  7821: ffffff;
  7822: ffffff;
  7823: ffffff;
  7824: ffffff;
  7825: ffffff;
  7826: ffffff;
  7827: ffffff;
  7828: ffffff;
  7829: 7f7f7f;
  7830: 0;
  7831: 0;
  7832: 0;
  7833: 0;
  7834: 0;
  7835: 0;
  7836: 0;
  7837: 0;
  7838: 0;
  7839: 0;
  7840: 0;
  7841: 0;
  7842: 0;
  7843: 0;
  7844: 0;
  7845: 0;
  7846: 0;
  7847: 0;
  7848: 0;
  7849: 0;
  7850: 0;
  7851: 10101;
  7852: fefefe;
  7853: ffffff;
  7854: ffffff;
  7855: ffffff;
  7856: ffffff;
  7857: ffffff;
  7858: ffffff;
  7859: ffffff;
  7860: ffffff;
  7861: ffffff;
  7862: ffffff;
  7863: ffffff;
  7864: ffffff;
  7865: ffffff;
  7866: ffffff;
  7867: ffffff;
  7868: ffffff;
  7869: ffffff;
  7870: ffffff;
  7871: ffffff;
  7872: ffffff;
  7873: ffffff;
  7874: ffffff;
  7875: ffffff;
  7876: ffffff;
  7877: ffffff;
  7878: ffffff;
  7879: ffffff;
  7880: ffffff;
  7881: ffffff;
  7882: ffffff;
  7883: ffffff;
  7884: ffffff;
  7885: ffffff;
  7886: ffffff;
  7887: ffffff;
  7888: ffffff;
  7889: fefefe;
  7890: ffffff;
  7891: ffffff;
  7892: 2d2d2d;
  7893: 0;
  7894: 0;
  7895: 0;
  7896: 0;
  7897: 0;
  7898: 0;
  7899: 0;
  7900: 0;
  7901: 0;
  7902: 0;
  7903: 0;
  7904: 0;
  7905: 0;
  7906: 0;
  7907: 0;
  7908: 0;
  7909: 0;
  7910: 0;
  7911: 0;
  7912: 0;
  7913: 0;
  7914: ffffff;
  7915: ffffff;
  7916: ffffff;
  7917: fefefe;
  7918: ffffff;
  7919: ffffff;
  7920: ffffff;
  7921: ffffff;
  7922: ffffff;
  7923: ffffff;
  7924: ffffff;
  7925: ffffff;
  7926: ffffff;
  7927: ffffff;
  7928: ffffff;
  7929: ffffff;
  7930: ffffff;
  7931: ffffff;
  7932: ffffff;
  7933: ffffff;
  7934: ffffff;
  7935: ffffff;
  7936: ffffff;
  7937: ffffff;
  7938: ffffff;
  7939: ffffff;
  7940: ffffff;
  7941: ffffff;
  7942: ffffff;
  7943: ffffff;
  7944: ffffff;
  7945: ffffff;
  7946: ffffff;
  7947: ffffff;
  7948: ffffff;
  7949: ffffff;
  7950: ffffff;
  7951: ffffff;
  7952: ffffff;
  7953: ffffff;
  7954: ffffff;
  7955: ffffff;
  7956: ffffff;
  7957: 7f7f7f;
  7958: 0;
  7959: 0;
  7960: 0;
  7961: 0;
  7962: 0;
  7963: 0;
  7964: 0;
  7965: 0;
  7966: 0;
  7967: 0;
  7968: 0;
  7969: 0;
  7970: 0;
  7971: 0;
  7972: 0;
  7973: 0;
  7974: 0;
  7975: 0;
  7976: 0;
  7977: 0;
  7978: 0;
  7979: 10101;
  7980: fefefe;
  7981: ffffff;
  7982: ffffff;
  7983: ffffff;
  7984: ffffff;
  7985: ffffff;
  7986: ffffff;
  7987: ffffff;
  7988: ffffff;
  7989: ffffff;
  7990: ffffff;
  7991: ffffff;
  7992: ffffff;
  7993: ffffff;
  7994: ffffff;
  7995: ffffff;
  7996: ffffff;
  7997: ffffff;
  7998: ffffff;
  7999: ffffff;
  8000: ffffff;
  8001: ffffff;
  8002: ffffff;
  8003: ffffff;
  8004: ffffff;
  8005: ffffff;
  8006: ffffff;
  8007: ffffff;
  8008: ffffff;
  8009: ffffff;
  8010: ffffff;
  8011: ffffff;
  8012: ffffff;
  8013: ffffff;
  8014: ffffff;
  8015: ffffff;
  8016: ffffff;
  8017: fefefe;
  8018: ffffff;
  8019: ffffff;
  8020: 2d2d2d;
  8021: 0;
  8022: 0;
  8023: 0;
  8024: 0;
  8025: 0;
  8026: 0;
  8027: 0;
  8028: 0;
  8029: 0;
  8030: 0;
  8031: 0;
  8032: 0;
  8033: 0;
  8034: 0;
  8035: 0;
  8036: 0;
  8037: 0;
  8038: 0;
  8039: 0;
  8040: 0;
  8041: 0;
  8042: ffffff;
  8043: ffffff;
  8044: ffffff;
  8045: fefefe;
  8046: ffffff;
  8047: ffffff;
  8048: ffffff;
  8049: ffffff;
  8050: ffffff;
  8051: ffffff;
  8052: ffffff;
  8053: ffffff;
  8054: ffffff;
  8055: ffffff;
  8056: ffffff;
  8057: ffffff;
  8058: ffffff;
  8059: ffffff;
  8060: ffffff;
  8061: ffffff;
  8062: ffffff;
  8063: ffffff;
  8064: ffffff;
  8065: ffffff;
  8066: ffffff;
  8067: ffffff;
  8068: ffffff;
  8069: ffffff;
  8070: ffffff;
  8071: ffffff;
  8072: ffffff;
  8073: ffffff;
  8074: ffffff;
  8075: ffffff;
  8076: ffffff;
  8077: ffffff;
  8078: ffffff;
  8079: ffffff;
  8080: ffffff;
  8081: ffffff;
  8082: ffffff;
  8083: ffffff;
  8084: ffffff;
  8085: 7f7f7f;
  8086: 0;
  8087: 0;
  8088: 0;
  8089: 0;
  8090: 0;
  8091: 0;
  8092: 0;
  8093: 0;
  8094: 0;
  8095: 0;
  8096: 0;
  8097: 0;
  8098: 0;
  8099: 0;
  8100: 0;
  8101: 0;
  8102: 0;
  8103: 0;
  8104: 0;
  8105: 0;
  8106: 0;
  8107: 10101;
  8108: fefefe;
  8109: ffffff;
  8110: ffffff;
  8111: ffffff;
  8112: ffffff;
  8113: ffffff;
  8114: ffffff;
  8115: ffffff;
  8116: ffffff;
  8117: ffffff;
  8118: ffffff;
  8119: ffffff;
  8120: ffffff;
  8121: ffffff;
  8122: ffffff;
  8123: ffffff;
  8124: ffffff;
  8125: ffffff;
  8126: ffffff;
  8127: ffffff;
  8128: ffffff;
  8129: ffffff;
  8130: ffffff;
  8131: ffffff;
  8132: ffffff;
  8133: ffffff;
  8134: ffffff;
  8135: ffffff;
  8136: ffffff;
  8137: ffffff;
  8138: ffffff;
  8139: ffffff;
  8140: ffffff;
  8141: ffffff;
  8142: ffffff;
  8143: ffffff;
  8144: ffffff;
  8145: fefefe;
  8146: ffffff;
  8147: ffffff;
  8148: 2d2d2d;
  8149: 0;
  8150: 0;
  8151: 0;
  8152: 0;
  8153: 0;
  8154: 0;
  8155: 0;
  8156: 0;
  8157: 0;
  8158: 0;
  8159: 0;
  8160: 0;
  8161: 0;
  8162: 0;
  8163: 0;
  8164: 0;
  8165: 0;
  8166: 0;
  8167: 0;
  8168: 0;
  8169: 0;
  8170: ffffff;
  8171: ffffff;
  8172: ffffff;
  8173: fefefe;
  8174: ffffff;
  8175: ffffff;
  8176: ffffff;
  8177: ffffff;
  8178: ffffff;
  8179: ffffff;
  8180: ffffff;
  8181: ffffff;
  8182: ffffff;
  8183: ffffff;
  8184: ffffff;
  8185: ffffff;
  8186: ffffff;
  8187: ffffff;
  8188: ffffff;
  8189: ffffff;
  8190: ffffff;
  8191: ffffff;
  8192: ffffff;
  8193: ffffff;
  8194: ffffff;
  8195: ffffff;
  8196: ffffff;
  8197: ffffff;
  8198: ffffff;
  8199: ffffff;
  8200: ffffff;
  8201: ffffff;
  8202: ffffff;
  8203: ffffff;
  8204: ffffff;
  8205: ffffff;
  8206: ffffff;
  8207: ffffff;
  8208: fdfdfd;
  8209: fefefe;
  8210: fdfdfd;
  8211: fefefe;
  8212: ffffff;
  8213: 7e7e7e;
  8214: 20202;
  8215: 0;
  8216: 0;
  8217: 0;
  8218: 0;
  8219: 0;
  8220: 0;
  8221: 0;
  8222: 0;
  8223: 0;
  8224: 0;
  8225: 0;
  8226: 0;
  8227: 0;
  8228: 0;
  8229: 0;
  8230: 0;
  8231: 0;
  8232: 0;
  8233: 0;
  8234: 0;
  8235: 10101;
  8236: fefefe;
  8237: ffffff;
  8238: ffffff;
  8239: ffffff;
  8240: ffffff;
  8241: ffffff;
  8242: ffffff;
  8243: ffffff;
  8244: ffffff;
  8245: ffffff;
  8246: ffffff;
  8247: ffffff;
  8248: ffffff;
  8249: ffffff;
  8250: ffffff;
  8251: ffffff;
  8252: ffffff;
  8253: ffffff;
  8254: ffffff;
  8255: ffffff;
  8256: ffffff;
  8257: ffffff;
  8258: ffffff;
  8259: ffffff;
  8260: ffffff;
  8261: ffffff;
  8262: ffffff;
  8263: ffffff;
  8264: ffffff;
  8265: ffffff;
  8266: ffffff;
  8267: ffffff;
  8268: ffffff;
  8269: ffffff;
  8270: ffffff;
  8271: ffffff;
  8272: ffffff;
  8273: fefefe;
  8274: ffffff;
  8275: ffffff;
  8276: 2d2d2d;
  8277: 0;
  8278: 0;
  8279: 0;
  8280: 0;
  8281: 0;
  8282: 0;
  8283: 0;
  8284: 0;
  8285: 0;
  8286: 0;
  8287: 0;
  8288: 0;
  8289: 0;
  8290: 0;
  8291: 0;
  8292: 0;
  8293: 0;
  8294: 0;
  8295: 0;
  8296: 0;
  8297: 0;
  8298: fefefe;
  8299: ffffff;
  8300: fefefe;
  8301: fefefe;
  8302: ffffff;
  8303: fefefe;
  8304: ffffff;
  8305: ffffff;
  8306: ffffff;
  8307: ffffff;
  8308: ffffff;
  8309: ffffff;
  8310: ffffff;
  8311: ffffff;
  8312: ffffff;
  8313: ffffff;
  8314: ffffff;
  8315: ffffff;
  8316: ffffff;
  8317: ffffff;
  8318: ffffff;
  8319: ffffff;
  8320: fafafa;
  8321: fafafa;
  8322: fafafa;
  8323: fafafa;
  8324: fafafa;
  8325: fafafa;
  8326: fafafa;
  8327: fafafa;
  8328: fafafa;
  8329: fafafa;
  8330: fafafa;
  8331: fafafa;
  8332: fafafa;
  8333: fafafa;
  8334: fafafa;
  8335: fafafa;
  8336: fcfcfc;
  8337: fefefe;
  8338: ffffff;
  8339: fefefe;
  8340: fdfdfd;
  8341: 7e7e7e;
  8342: 0;
  8343: 10101;
  8344: 0;
  8345: 0;
  8346: 0;
  8347: 0;
  8348: 0;
  8349: 0;
  8350: 0;
  8351: 0;
  8352: 0;
  8353: 0;
  8354: 0;
  8355: 0;
  8356: 0;
  8357: 0;
  8358: 0;
  8359: 0;
  8360: 0;
  8361: 0;
  8362: 0;
  8363: 10101;
  8364: fefefe;
  8365: ffffff;
  8366: ffffff;
  8367: ffffff;
  8368: ffffff;
  8369: ffffff;
  8370: ffffff;
  8371: ffffff;
  8372: ffffff;
  8373: ffffff;
  8374: ffffff;
  8375: ffffff;
  8376: ffffff;
  8377: ffffff;
  8378: ffffff;
  8379: ffffff;
  8380: ffffff;
  8381: ffffff;
  8382: ffffff;
  8383: ffffff;
  8384: ffffff;
  8385: ffffff;
  8386: ffffff;
  8387: ffffff;
  8388: ffffff;
  8389: ffffff;
  8390: ffffff;
  8391: ffffff;
  8392: ffffff;
  8393: ffffff;
  8394: ffffff;
  8395: ffffff;
  8396: ffffff;
  8397: ffffff;
  8398: ffffff;
  8399: ffffff;
  8400: ffffff;
  8401: fefefe;
  8402: ffffff;
  8403: ffffff;
  8404: 2d2d2d;
  8405: 0;
  8406: 0;
  8407: 0;
  8408: 0;
  8409: 0;
  8410: 0;
  8411: 0;
  8412: 0;
  8413: 0;
  8414: 0;
  8415: 0;
  8416: 0;
  8417: 0;
  8418: 0;
  8419: 0;
  8420: 0;
  8421: 0;
  8422: 0;
  8423: 0;
  8424: 20202;
  8425: 0;
  8426: ffffff;
  8427: fdfdfd;
  8428: ffffff;
  8429: ffffff;
  8430: fefefe;
  8431: fcfcfc;
  8432: fafafa;
  8433: fafafa;
  8434: fafafa;
  8435: fafafa;
  8436: fafafa;
  8437: fafafa;
  8438: fafafa;
  8439: fafafa;
  8440: fafafa;
  8441: fafafa;
  8442: fafafa;
  8443: fafafa;
  8444: fafafa;
  8445: fafafa;
  8446: fafafa;
  8447: fafafa;
  8448: 0;
  8449: 0;
  8450: 0;
  8451: 0;
  8452: 0;
  8453: 0;
  8454: 0;
  8455: 0;
  8456: 0;
  8457: 0;
  8458: 0;
  8459: 0;
  8460: 0;
  8461: 0;
  8462: 0;
  8463: 0;
  8464: 0;
  8465: 0;
  8466: ffffff;
  8467: ffffff;
  8468: ffffff;
  8469: 7f7f7f;
  8470: 40404;
  8471: 0;
  8472: 0;
  8473: 0;
  8474: 0;
  8475: 0;
  8476: 0;
  8477: 0;
  8478: 0;
  8479: 0;
  8480: 0;
  8481: 0;
  8482: 0;
  8483: 0;
  8484: 0;
  8485: 0;
  8486: 0;
  8487: 0;
  8488: 0;
  8489: 0;
  8490: 0;
  8491: 10101;
  8492: fefefe;
  8493: ffffff;
  8494: ffffff;
  8495: ffffff;
  8496: ffffff;
  8497: ffffff;
  8498: ffffff;
  8499: ffffff;
  8500: ffffff;
  8501: ffffff;
  8502: ffffff;
  8503: ffffff;
  8504: ffffff;
  8505: ffffff;
  8506: ffffff;
  8507: ffffff;
  8508: ffffff;
  8509: ffffff;
  8510: ffffff;
  8511: ffffff;
  8512: ffffff;
  8513: ffffff;
  8514: ffffff;
  8515: ffffff;
  8516: ffffff;
  8517: ffffff;
  8518: ffffff;
  8519: ffffff;
  8520: ffffff;
  8521: ffffff;
  8522: ffffff;
  8523: ffffff;
  8524: ffffff;
  8525: ffffff;
  8526: ffffff;
  8527: ffffff;
  8528: ffffff;
  8529: fefefe;
  8530: ffffff;
  8531: ffffff;
  8532: 2d2d2d;
  8533: 0;
  8534: 0;
  8535: 0;
  8536: 0;
  8537: 0;
  8538: 0;
  8539: 0;
  8540: 0;
  8541: 0;
  8542: 0;
  8543: 0;
  8544: 0;
  8545: 0;
  8546: 0;
  8547: 0;
  8548: 0;
  8549: 0;
  8550: 0;
  8551: 0;
  8552: 0;
  8553: 30303;
  8554: ffffff;
  8555: ffffff;
  8556: ffffff;
  8557: fcfcfc;
  8558: 0;
  8559: 0;
  8560: 0;
  8561: 0;
  8562: 0;
  8563: 0;
  8564: 0;
  8565: 0;
  8566: 0;
  8567: 0;
  8568: 0;
  8569: 0;
  8570: 0;
  8571: 0;
  8572: 0;
  8573: 0;
  8574: 0;
  8575: 0;
  8576: 0;
  8577: 0;
  8578: 0;
  8579: 0;
  8580: 0;
  8581: 0;
  8582: 0;
  8583: 0;
  8584: 0;
  8585: 0;
  8586: 0;
  8587: 0;
  8588: 0;
  8589: 0;
  8590: 0;
  8591: 0;
  8592: 10101;
  8593: 10101;
  8594: ffffff;
  8595: ffffff;
  8596: fdfdfd;
  8597: 7e7e7e;
  8598: 0;
  8599: 10101;
  8600: 0;
  8601: 0;
  8602: 0;
  8603: 0;
  8604: 0;
  8605: 0;
  8606: 0;
  8607: 0;
  8608: 0;
  8609: 0;
  8610: 0;
  8611: 0;
  8612: 0;
  8613: 0;
  8614: 0;
  8615: 0;
  8616: 0;
  8617: 0;
  8618: 0;
  8619: 10101;
  8620: fefefe;
  8621: ffffff;
  8622: ffffff;
  8623: ffffff;
  8624: ffffff;
  8625: ffffff;
  8626: ffffff;
  8627: ffffff;
  8628: ffffff;
  8629: ffffff;
  8630: ffffff;
  8631: ffffff;
  8632: ffffff;
  8633: ffffff;
  8634: ffffff;
  8635: ffffff;
  8636: ffffff;
  8637: ffffff;
  8638: ffffff;
  8639: ffffff;
  8640: ffffff;
  8641: ffffff;
  8642: ffffff;
  8643: ffffff;
  8644: ffffff;
  8645: ffffff;
  8646: ffffff;
  8647: ffffff;
  8648: ffffff;
  8649: ffffff;
  8650: ffffff;
  8651: ffffff;
  8652: ffffff;
  8653: ffffff;
  8654: ffffff;
  8655: ffffff;
  8656: ffffff;
  8657: fefefe;
  8658: ffffff;
  8659: ffffff;
  8660: 2d2d2d;
  8661: 0;
  8662: 0;
  8663: 0;
  8664: 0;
  8665: 0;
  8666: 0;
  8667: 0;
  8668: 0;
  8669: 0;
  8670: 0;
  8671: 0;
  8672: 0;
  8673: 0;
  8674: 0;
  8675: 0;
  8676: 0;
  8677: 0;
  8678: 0;
  8679: 0;
  8680: 20202;
  8681: 0;
  8682: ffffff;
  8683: fdfdfd;
  8684: ffffff;
  8685: ffffff;
  8686: 30303;
  8687: 10101;
  8688: 0;
  8689: 0;
  8690: 0;
  8691: 0;
  8692: 0;
  8693: 0;
  8694: 0;
  8695: 0;
  8696: 0;
  8697: 0;
  8698: 0;
  8699: 0;
  8700: 0;
  8701: 0;
  8702: 0;
  8703: 0;
  8704: 0;
  8705: 0;
  8706: 0;
  8707: 0;
  8708: 0;
  8709: 0;
  8710: 0;
  8711: 0;
  8712: 0;
  8713: 0;
  8714: 0;
  8715: 0;
  8716: 0;
  8717: 0;
  8718: 0;
  8719: 0;
  8720: 0;
  8721: 0;
  8722: ffffff;
  8723: ffffff;
  8724: ffffff;
  8725: 818181;
  8726: 0;
  8727: 20202;
  8728: 0;
  8729: 0;
  8730: 0;
  8731: 0;
  8732: 0;
  8733: 0;
  8734: 0;
  8735: 0;
  8736: 0;
  8737: 0;
  8738: 0;
  8739: 0;
  8740: 0;
  8741: 0;
  8742: 0;
  8743: 0;
  8744: 0;
  8745: 0;
  8746: 0;
  8747: 10101;
  8748: fefefe;
  8749: ffffff;
  8750: ffffff;
  8751: ffffff;
  8752: ffffff;
  8753: ffffff;
  8754: ffffff;
  8755: ffffff;
  8756: ffffff;
  8757: ffffff;
  8758: ffffff;
  8759: ffffff;
  8760: ffffff;
  8761: ffffff;
  8762: ffffff;
  8763: ffffff;
  8764: ffffff;
  8765: ffffff;
  8766: ffffff;
  8767: ffffff;
  8768: ffffff;
  8769: ffffff;
  8770: ffffff;
  8771: ffffff;
  8772: ffffff;
  8773: ffffff;
  8774: ffffff;
  8775: ffffff;
  8776: ffffff;
  8777: ffffff;
  8778: ffffff;
  8779: ffffff;
  8780: ffffff;
  8781: ffffff;
  8782: ffffff;
  8783: ffffff;
  8784: ffffff;
  8785: fefefe;
  8786: ffffff;
  8787: ffffff;
  8788: 2d2d2d;
  8789: 0;
  8790: 0;
  8791: 0;
  8792: 0;
  8793: 0;
  8794: 0;
  8795: 0;
  8796: 0;
  8797: 0;
  8798: 0;
  8799: 0;
  8800: 0;
  8801: 0;
  8802: 0;
  8803: 0;
  8804: 0;
  8805: 0;
  8806: 0;
  8807: 0;
  8808: 0;
  8809: 0;
  8810: ffffff;
  8811: fefefe;
  8812: fefefe;
  8813: ffffff;
  8814: 0;
  8815: 0;
  8816: 0;
  8817: 0;
  8818: 0;
  8819: 0;
  8820: 0;
  8821: 0;
  8822: 0;
  8823: 0;
  8824: 0;
  8825: 0;
  8826: 0;
  8827: 0;
  8828: 0;
  8829: 0;
  8830: 0;
  8831: 0;
  8832: 10101;
  8833: 10101;
  8834: 10101;
  8835: 10101;
  8836: 10101;
  8837: 10101;
  8838: 10101;
  8839: 10101;
  8840: 10101;
  8841: 10101;
  8842: 10101;
  8843: 10101;
  8844: 10101;
  8845: 10101;
  8846: 10101;
  8847: 10101;
  8848: 0;
  8849: 10101;
  8850: fcfcfc;
  8851: fdfdfd;
  8852: fefefe;
  8853: 7f7f7f;
  8854: 0;
  8855: 10101;
  8856: 0;
  8857: 0;
  8858: 0;
  8859: 0;
  8860: 0;
  8861: 0;
  8862: 0;
  8863: 0;
  8864: 0;
  8865: 0;
  8866: 0;
  8867: 0;
  8868: 0;
  8869: 0;
  8870: 0;
  8871: 0;
  8872: 0;
  8873: 0;
  8874: 0;
  8875: 10101;
  8876: fefefe;
  8877: ffffff;
  8878: ffffff;
  8879: ffffff;
  8880: ffffff;
  8881: ffffff;
  8882: ffffff;
  8883: ffffff;
  8884: ffffff;
  8885: ffffff;
  8886: ffffff;
  8887: ffffff;
  8888: ffffff;
  8889: ffffff;
  8890: ffffff;
  8891: ffffff;
  8892: ffffff;
  8893: ffffff;
  8894: ffffff;
  8895: ffffff;
  8896: ffffff;
  8897: ffffff;
  8898: ffffff;
  8899: ffffff;
  8900: ffffff;
  8901: ffffff;
  8902: ffffff;
  8903: ffffff;
  8904: ffffff;
  8905: ffffff;
  8906: ffffff;
  8907: ffffff;
  8908: ffffff;
  8909: ffffff;
  8910: ffffff;
  8911: ffffff;
  8912: ffffff;
  8913: fefefe;
  8914: ffffff;
  8915: ffffff;
  8916: 2d2d2d;
  8917: 0;
  8918: 0;
  8919: 0;
  8920: 0;
  8921: 0;
  8922: 0;
  8923: 0;
  8924: 0;
  8925: 0;
  8926: 0;
  8927: 0;
  8928: 0;
  8929: 0;
  8930: 0;
  8931: 0;
  8932: 0;
  8933: 0;
  8934: 0;
  8935: 0;
  8936: 30303;
  8937: 0;
  8938: ffffff;
  8939: ffffff;
  8940: ffffff;
  8941: fefefe;
  8942: 30303;
  8943: 0;
  8944: 10101;
  8945: 10101;
  8946: 10101;
  8947: 10101;
  8948: 10101;
  8949: 10101;
  8950: 10101;
  8951: 10101;
  8952: 10101;
  8953: 10101;
  8954: 10101;
  8955: 10101;
  8956: 10101;
  8957: 10101;
  8958: 10101;
  8959: 10101;
  8960: 0;
  8961: 0;
  8962: 0;
  8963: 0;
  8964: 0;
  8965: 0;
  8966: 0;
  8967: 0;
  8968: 0;
  8969: 0;
  8970: 0;
  8971: 0;
  8972: 0;
  8973: 0;
  8974: 0;
  8975: 0;
  8976: 20202;
  8977: 0;
  8978: ffffff;
  8979: fefefe;
  8980: ffffff;
  8981: 808080;
  8982: 10101;
  8983: 0;
  8984: 0;
  8985: 0;
  8986: 0;
  8987: 0;
  8988: 0;
  8989: 0;
  8990: 0;
  8991: 0;
  8992: 0;
  8993: 0;
  8994: 0;
  8995: 0;
  8996: 0;
  8997: 0;
  8998: 0;
  8999: 0;
  9000: 0;
  9001: 0;
  9002: 0;
  9003: 10101;
  9004: fefefe;
  9005: ffffff;
  9006: ffffff;
  9007: ffffff;
  9008: ffffff;
  9009: ffffff;
  9010: ffffff;
  9011: ffffff;
  9012: ffffff;
  9013: ffffff;
  9014: ffffff;
  9015: ffffff;
  9016: ffffff;
  9017: ffffff;
  9018: ffffff;
  9019: ffffff;
  9020: ffffff;
  9021: ffffff;
  9022: ffffff;
  9023: ffffff;
  9024: ffffff;
  9025: ffffff;
  9026: ffffff;
  9027: ffffff;
  9028: ffffff;
  9029: ffffff;
  9030: ffffff;
  9031: ffffff;
  9032: ffffff;
  9033: ffffff;
  9034: ffffff;
  9035: ffffff;
  9036: ffffff;
  9037: ffffff;
  9038: ffffff;
  9039: ffffff;
  9040: ffffff;
  9041: fefefe;
  9042: ffffff;
  9043: ffffff;
  9044: 2d2d2d;
  9045: 0;
  9046: 0;
  9047: 0;
  9048: 0;
  9049: 0;
  9050: 0;
  9051: 0;
  9052: 0;
  9053: 0;
  9054: 0;
  9055: 0;
  9056: 0;
  9057: 0;
  9058: 0;
  9059: 0;
  9060: 0;
  9061: 0;
  9062: 0;
  9063: 0;
  9064: 0;
  9065: 0;
  9066: ffffff;
  9067: ffffff;
  9068: fefefe;
  9069: ffffff;
  9070: 0;
  9071: 0;
  9072: 0;
  9073: 0;
  9074: 0;
  9075: 0;
  9076: 0;
  9077: 0;
  9078: 0;
  9079: 0;
  9080: 0;
  9081: 0;
  9082: 0;
  9083: 0;
  9084: 0;
  9085: 0;
  9086: 0;
  9087: 0;
  9088: 0;
  9089: 0;
  9090: 0;
  9091: 0;
  9092: 0;
  9093: 0;
  9094: 0;
  9095: 0;
  9096: 0;
  9097: 0;
  9098: 0;
  9099: 0;
  9100: 0;
  9101: 0;
  9102: 0;
  9103: 0;
  9104: 0;
  9105: 10101;
  9106: fefefe;
  9107: ffffff;
  9108: ffffff;
  9109: 7e7e7e;
  9110: 10101;
  9111: 0;
  9112: 0;
  9113: 0;
  9114: 0;
  9115: 0;
  9116: 0;
  9117: 0;
  9118: 0;
  9119: 0;
  9120: 0;
  9121: 0;
  9122: 0;
  9123: 0;
  9124: 0;
  9125: 0;
  9126: 0;
  9127: 0;
  9128: 0;
  9129: 0;
  9130: 0;
  9131: 10101;
  9132: fefefe;
  9133: ffffff;
  9134: ffffff;
  9135: ffffff;
  9136: ffffff;
  9137: ffffff;
  9138: ffffff;
  9139: ffffff;
  9140: ffffff;
  9141: ffffff;
  9142: ffffff;
  9143: ffffff;
  9144: ffffff;
  9145: ffffff;
  9146: ffffff;
  9147: ffffff;
  9148: ffffff;
  9149: ffffff;
  9150: ffffff;
  9151: ffffff;
  9152: ffffff;
  9153: ffffff;
  9154: ffffff;
  9155: ffffff;
  9156: ffffff;
  9157: ffffff;
  9158: ffffff;
  9159: ffffff;
  9160: ffffff;
  9161: ffffff;
  9162: ffffff;
  9163: ffffff;
  9164: ffffff;
  9165: ffffff;
  9166: ffffff;
  9167: ffffff;
  9168: ffffff;
  9169: fefefe;
  9170: ffffff;
  9171: ffffff;
  9172: 2d2d2d;
  9173: 0;
  9174: 0;
  9175: 0;
  9176: 0;
  9177: 0;
  9178: 0;
  9179: 0;
  9180: 0;
  9181: 0;
  9182: 0;
  9183: 0;
  9184: 0;
  9185: 0;
  9186: 0;
  9187: 0;
  9188: 0;
  9189: 0;
  9190: 0;
  9191: 0;
  9192: 0;
  9193: 10101;
  9194: fefefe;
  9195: ffffff;
  9196: ffffff;
  9197: fdfdfd;
  9198: 10101;
  9199: 0;
  9200: 0;
  9201: 0;
  9202: 0;
  9203: 0;
  9204: 0;
  9205: 0;
  9206: 0;
  9207: 0;
  9208: 0;
  9209: 0;
  9210: 0;
  9211: 0;
  9212: 0;
  9213: 0;
  9214: 0;
  9215: 0;
  9216: 0;
  9217: 0;
  9218: 0;
  9219: 0;
  9220: 0;
  9221: 0;
  9222: 0;
  9223: 0;
  9224: 0;
  9225: 0;
  9226: 0;
  9227: 0;
  9228: 0;
  9229: 0;
  9230: 0;
  9231: 0;
  9232: 10101;
  9233: 0;
  9234: ffffff;
  9235: fefefe;
  9236: ffffff;
  9237: 7e7e7e;
  9238: 20202;
  9239: 10101;
  9240: 0;
  9241: 0;
  9242: 0;
  9243: 0;
  9244: 0;
  9245: 0;
  9246: 0;
  9247: 0;
  9248: 0;
  9249: 0;
  9250: 0;
  9251: 0;
  9252: 0;
  9253: 0;
  9254: 0;
  9255: 0;
  9256: 0;
  9257: 0;
  9258: 0;
  9259: 10101;
  9260: fefefe;
  9261: ffffff;
  9262: ffffff;
  9263: ffffff;
  9264: ffffff;
  9265: ffffff;
  9266: ffffff;
  9267: ffffff;
  9268: ffffff;
  9269: ffffff;
  9270: ffffff;
  9271: ffffff;
  9272: ffffff;
  9273: ffffff;
  9274: ffffff;
  9275: ffffff;
  9276: ffffff;
  9277: ffffff;
  9278: ffffff;
  9279: ffffff;
  9280: ffffff;
  9281: ffffff;
  9282: ffffff;
  9283: ffffff;
  9284: ffffff;
  9285: ffffff;
  9286: ffffff;
  9287: ffffff;
  9288: ffffff;
  9289: ffffff;
  9290: ffffff;
  9291: ffffff;
  9292: ffffff;
  9293: ffffff;
  9294: ffffff;
  9295: ffffff;
  9296: ffffff;
  9297: fefefe;
  9298: ffffff;
  9299: ffffff;
  9300: 2d2d2d;
  9301: 0;
  9302: 0;
  9303: 0;
  9304: 0;
  9305: 0;
  9306: 0;
  9307: 0;
  9308: 0;
  9309: 0;
  9310: 0;
  9311: 0;
  9312: 0;
  9313: 0;
  9314: 0;
  9315: 0;
  9316: 0;
  9317: 0;
  9318: 0;
  9319: 0;
  9320: 10101;
  9321: 10101;
  9322: fdfdfd;
  9323: fefefe;
  9324: ffffff;
  9325: ffffff;
  9326: 0;
  9327: 0;
  9328: 0;
  9329: 0;
  9330: 0;
  9331: 0;
  9332: 0;
  9333: 0;
  9334: 0;
  9335: 0;
  9336: 0;
  9337: 0;
  9338: 0;
  9339: 0;
  9340: 0;
  9341: 0;
  9342: 0;
  9343: 0;
  9344: 0;
  9345: 0;
  9346: 0;
  9347: 0;
  9348: 0;
  9349: 0;
  9350: 0;
  9351: 0;
  9352: 0;
  9353: 0;
  9354: 0;
  9355: 0;
  9356: 0;
  9357: 0;
  9358: 0;
  9359: 0;
  9360: 50505;
  9361: 0;
  9362: fefefe;
  9363: fefefe;
  9364: fefefe;
  9365: 848484;
  9366: 0;
  9367: 10101;
  9368: 0;
  9369: 0;
  9370: 0;
  9371: 0;
  9372: 0;
  9373: 0;
  9374: 0;
  9375: 0;
  9376: 0;
  9377: 0;
  9378: 0;
  9379: 0;
  9380: 0;
  9381: 0;
  9382: 0;
  9383: 0;
  9384: 0;
  9385: 0;
  9386: 0;
  9387: 10101;
  9388: fefefe;
  9389: ffffff;
  9390: ffffff;
  9391: ffffff;
  9392: ffffff;
  9393: ffffff;
  9394: ffffff;
  9395: ffffff;
  9396: ffffff;
  9397: ffffff;
  9398: ffffff;
  9399: ffffff;
  9400: ffffff;
  9401: ffffff;
  9402: ffffff;
  9403: ffffff;
  9404: ffffff;
  9405: ffffff;
  9406: ffffff;
  9407: ffffff;
  9408: ffffff;
  9409: ffffff;
  9410: ffffff;
  9411: ffffff;
  9412: ffffff;
  9413: ffffff;
  9414: ffffff;
  9415: ffffff;
  9416: ffffff;
  9417: ffffff;
  9418: ffffff;
  9419: ffffff;
  9420: ffffff;
  9421: ffffff;
  9422: ffffff;
  9423: ffffff;
  9424: ffffff;
  9425: fefefe;
  9426: ffffff;
  9427: ffffff;
  9428: 2d2d2d;
  9429: 0;
  9430: 0;
  9431: 0;
  9432: 0;
  9433: 0;
  9434: 0;
  9435: 0;
  9436: 0;
  9437: 0;
  9438: 0;
  9439: 0;
  9440: 0;
  9441: 0;
  9442: 0;
  9443: 0;
  9444: 0;
  9445: 0;
  9446: 0;
  9447: 0;
  9448: 10101;
  9449: 0;
  9450: ffffff;
  9451: fcfcfc;
  9452: fdfdfd;
  9453: fdfdfd;
  9454: 0;
  9455: 40404;
  9456: 0;
  9457: 0;
  9458: 0;
  9459: 0;
  9460: 0;
  9461: 0;
  9462: 0;
  9463: 0;
  9464: 0;
  9465: 0;
  9466: 0;
  9467: 0;
  9468: 0;
  9469: 0;
  9470: 0;
  9471: 0;
  9472: 0;
  9473: 0;
  9474: 0;
  9475: 0;
  9476: 0;
  9477: 0;
  9478: 0;
  9479: 0;
  9480: 0;
  9481: 0;
  9482: 0;
  9483: 0;
  9484: 0;
  9485: 0;
  9486: 0;
  9487: 0;
  9488: 0;
  9489: 0;
  9490: ffffff;
  9491: ffffff;
  9492: ffffff;
  9493: 7b7b7b;
  9494: 0;
  9495: 0;
  9496: 0;
  9497: 0;
  9498: 0;
  9499: 0;
  9500: 0;
  9501: 0;
  9502: 0;
  9503: 0;
  9504: 0;
  9505: 0;
  9506: 0;
  9507: 0;
  9508: 0;
  9509: 0;
  9510: 0;
  9511: 0;
  9512: 0;
  9513: 0;
  9514: 0;
  9515: 10101;
  9516: fefefe;
  9517: ffffff;
  9518: ffffff;
  9519: ffffff;
  9520: ffffff;
  9521: ffffff;
  9522: ffffff;
  9523: ffffff;
  9524: ffffff;
  9525: ffffff;
  9526: ffffff;
  9527: ffffff;
  9528: ffffff;
  9529: ffffff;
  9530: ffffff;
  9531: ffffff;
  9532: ffffff;
  9533: ffffff;
  9534: ffffff;
  9535: ffffff;
  9536: ffffff;
  9537: ffffff;
  9538: ffffff;
  9539: ffffff;
  9540: ffffff;
  9541: ffffff;
  9542: ffffff;
  9543: ffffff;
  9544: ffffff;
  9545: ffffff;
  9546: ffffff;
  9547: ffffff;
  9548: ffffff;
  9549: ffffff;
  9550: ffffff;
  9551: ffffff;
  9552: ffffff;
  9553: fefefe;
  9554: ffffff;
  9555: ffffff;
  9556: 2d2d2d;
  9557: 0;
  9558: 0;
  9559: 0;
  9560: 0;
  9561: 0;
  9562: 0;
  9563: 0;
  9564: 0;
  9565: 0;
  9566: 0;
  9567: 0;
  9568: 0;
  9569: 0;
  9570: 0;
  9571: 0;
  9572: 0;
  9573: 0;
  9574: 0;
  9575: 0;
  9576: 0;
  9577: 0;
  9578: fcfcfc;
  9579: ffffff;
  9580: ffffff;
  9581: ffffff;
  9582: 0;
  9583: 0;
  9584: 0;
  9585: 0;
  9586: 0;
  9587: 0;
  9588: 0;
  9589: 0;
  9590: 0;
  9591: 0;
  9592: 0;
  9593: 0;
  9594: 0;
  9595: 0;
  9596: 0;
  9597: 0;
  9598: 0;
  9599: 0;
  9600: ffffff;
  9601: ffffff;
  9602: ffffff;
  9603: ffffff;
  9604: ffffff;
  9605: ffffff;
  9606: ffffff;
  9607: ffffff;
  9608: ffffff;
  9609: ffffff;
  9610: ffffff;
  9611: ffffff;
  9612: ffffff;
  9613: ffffff;
  9614: ffffff;
  9615: ffffff;
  9616: ffffff;
  9617: ffffff;
  9618: ffffff;
  9619: fdfdfd;
  9620: ffffff;
  9621: 7f7f7f;
  9622: 0;
  9623: 10101;
  9624: 0;
  9625: 0;
  9626: 0;
  9627: 0;
  9628: 0;
  9629: 0;
  9630: 0;
  9631: 0;
  9632: 0;
  9633: 0;
  9634: 0;
  9635: 0;
  9636: 0;
  9637: 0;
  9638: 0;
  9639: 0;
  9640: 0;
  9641: 0;
  9642: 0;
  9643: 10101;
  9644: fefefe;
  9645: ffffff;
  9646: ffffff;
  9647: ffffff;
  9648: ffffff;
  9649: ffffff;
  9650: ffffff;
  9651: ffffff;
  9652: ffffff;
  9653: ffffff;
  9654: ffffff;
  9655: ffffff;
  9656: ffffff;
  9657: ffffff;
  9658: ffffff;
  9659: ffffff;
  9660: ffffff;
  9661: ffffff;
  9662: ffffff;
  9663: ffffff;
  9664: ffffff;
  9665: ffffff;
  9666: ffffff;
  9667: ffffff;
  9668: ffffff;
  9669: ffffff;
  9670: ffffff;
  9671: ffffff;
  9672: ffffff;
  9673: ffffff;
  9674: ffffff;
  9675: ffffff;
  9676: ffffff;
  9677: ffffff;
  9678: ffffff;
  9679: ffffff;
  9680: ffffff;
  9681: fefefe;
  9682: ffffff;
  9683: ffffff;
  9684: 2d2d2d;
  9685: 0;
  9686: 0;
  9687: 0;
  9688: 0;
  9689: 0;
  9690: 0;
  9691: 0;
  9692: 0;
  9693: 0;
  9694: 0;
  9695: 0;
  9696: 0;
  9697: 0;
  9698: 0;
  9699: 0;
  9700: 0;
  9701: 0;
  9702: 0;
  9703: 0;
  9704: 10101;
  9705: 0;
  9706: ffffff;
  9707: ffffff;
  9708: fcfcfc;
  9709: fdfdfd;
  9710: ffffff;
  9711: ffffff;
  9712: ffffff;
  9713: ffffff;
  9714: ffffff;
  9715: ffffff;
  9716: ffffff;
  9717: ffffff;
  9718: ffffff;
  9719: ffffff;
  9720: ffffff;
  9721: ffffff;
  9722: ffffff;
  9723: ffffff;
  9724: ffffff;
  9725: ffffff;
  9726: ffffff;
  9727: ffffff;
  9728: ffffff;
  9729: ffffff;
  9730: ffffff;
  9731: ffffff;
  9732: ffffff;
  9733: ffffff;
  9734: ffffff;
  9735: ffffff;
  9736: ffffff;
  9737: ffffff;
  9738: ffffff;
  9739: ffffff;
  9740: ffffff;
  9741: ffffff;
  9742: ffffff;
  9743: ffffff;
  9744: fefefe;
  9745: fefefe;
  9746: ffffff;
  9747: ffffff;
  9748: fdfdfd;
  9749: 808080;
  9750: 0;
  9751: 0;
  9752: 0;
  9753: 0;
  9754: 0;
  9755: 0;
  9756: 0;
  9757: 0;
  9758: 0;
  9759: 0;
  9760: 0;
  9761: 0;
  9762: 0;
  9763: 0;
  9764: 0;
  9765: 0;
  9766: 0;
  9767: 0;
  9768: 0;
  9769: 0;
  9770: 0;
  9771: 10101;
  9772: fefefe;
  9773: ffffff;
  9774: ffffff;
  9775: ffffff;
  9776: ffffff;
  9777: ffffff;
  9778: ffffff;
  9779: ffffff;
  9780: ffffff;
  9781: ffffff;
  9782: ffffff;
  9783: ffffff;
  9784: ffffff;
  9785: ffffff;
  9786: ffffff;
  9787: ffffff;
  9788: ffffff;
  9789: ffffff;
  9790: ffffff;
  9791: ffffff;
  9792: ffffff;
  9793: ffffff;
  9794: ffffff;
  9795: ffffff;
  9796: ffffff;
  9797: ffffff;
  9798: ffffff;
  9799: ffffff;
  9800: ffffff;
  9801: ffffff;
  9802: ffffff;
  9803: ffffff;
  9804: ffffff;
  9805: ffffff;
  9806: ffffff;
  9807: ffffff;
  9808: ffffff;
  9809: fefefe;
  9810: ffffff;
  9811: ffffff;
  9812: 2d2d2d;
  9813: 0;
  9814: 0;
  9815: 0;
  9816: 0;
  9817: 0;
  9818: 0;
  9819: 0;
  9820: 0;
  9821: 0;
  9822: 0;
  9823: 0;
  9824: 0;
  9825: 0;
  9826: 0;
  9827: 0;
  9828: 0;
  9829: 0;
  9830: 0;
  9831: 0;
  9832: 0;
  9833: 0;
  9834: ffffff;
  9835: fdfdfd;
  9836: ffffff;
  9837: ffffff;
  9838: fefefe;
  9839: fefefe;
  9840: ffffff;
  9841: ffffff;
  9842: ffffff;
  9843: ffffff;
  9844: ffffff;
  9845: ffffff;
  9846: ffffff;
  9847: ffffff;
  9848: ffffff;
  9849: ffffff;
  9850: ffffff;
  9851: ffffff;
  9852: ffffff;
  9853: ffffff;
  9854: ffffff;
  9855: ffffff;
  9856: ffffff;
  9857: ffffff;
  9858: ffffff;
  9859: ffffff;
  9860: ffffff;
  9861: ffffff;
  9862: ffffff;
  9863: ffffff;
  9864: ffffff;
  9865: ffffff;
  9866: ffffff;
  9867: ffffff;
  9868: ffffff;
  9869: ffffff;
  9870: ffffff;
  9871: ffffff;
  9872: ffffff;
  9873: fdfdfd;
  9874: ffffff;
  9875: fefefe;
  9876: ffffff;
  9877: 818181;
  9878: 0;
  9879: 10101;
  9880: 0;
  9881: 0;
  9882: 0;
  9883: 0;
  9884: 0;
  9885: 0;
  9886: 0;
  9887: 0;
  9888: 0;
  9889: 0;
  9890: 0;
  9891: 0;
  9892: 0;
  9893: 0;
  9894: 0;
  9895: 0;
  9896: 0;
  9897: 0;
  9898: 0;
  9899: 10101;
  9900: fefefe;
  9901: ffffff;
  9902: ffffff;
  9903: ffffff;
  9904: ffffff;
  9905: ffffff;
  9906: ffffff;
  9907: ffffff;
  9908: ffffff;
  9909: ffffff;
  9910: ffffff;
  9911: ffffff;
  9912: ffffff;
  9913: ffffff;
  9914: ffffff;
  9915: ffffff;
  9916: ffffff;
  9917: ffffff;
  9918: ffffff;
  9919: ffffff;
  9920: ffffff;
  9921: ffffff;
  9922: ffffff;
  9923: ffffff;
  9924: ffffff;
  9925: ffffff;
  9926: ffffff;
  9927: ffffff;
  9928: ffffff;
  9929: ffffff;
  9930: ffffff;
  9931: ffffff;
  9932: ffffff;
  9933: ffffff;
  9934: ffffff;
  9935: ffffff;
  9936: ffffff;
  9937: fefefe;
  9938: ffffff;
  9939: ffffff;
  9940: 2d2d2d;
  9941: 0;
  9942: 0;
  9943: 0;
  9944: 0;
  9945: 0;
  9946: 0;
  9947: 0;
  9948: 0;
  9949: 0;
  9950: 0;
  9951: 0;
  9952: 0;
  9953: 0;
  9954: 0;
  9955: 0;
  9956: 0;
  9957: 0;
  9958: 0;
  9959: 0;
  9960: 0;
  9961: 0;
  9962: ffffff;
  9963: ffffff;
  9964: ffffff;
  9965: ffffff;
  9966: fdfdfd;
  9967: ffffff;
  9968: ffffff;
  9969: ffffff;
  9970: ffffff;
  9971: ffffff;
  9972: ffffff;
  9973: ffffff;
  9974: ffffff;
  9975: ffffff;
  9976: ffffff;
  9977: ffffff;
  9978: ffffff;
  9979: ffffff;
  9980: ffffff;
  9981: ffffff;
  9982: ffffff;
  9983: ffffff;
  9984: ffffff;
  9985: ffffff;
  9986: ffffff;
  9987: ffffff;
  9988: ffffff;
  9989: ffffff;
  9990: ffffff;
  9991: ffffff;
  9992: ffffff;
  9993: ffffff;
  9994: ffffff;
  9995: ffffff;
  9996: ffffff;
  9997: ffffff;
  9998: ffffff;
  9999: ffffff;
  10000: ffffff;
  10001: ffffff;
  10002: fdfdfd;
  10003: fcfcfc;
  10004: ffffff;
  10005: 7c7c7c;
  10006: 0;
  10007: 0;
  10008: 0;
  10009: 0;
  10010: 0;
  10011: 0;
  10012: 0;
  10013: 0;
  10014: 0;
  10015: 0;
  10016: 0;
  10017: 0;
  10018: 0;
  10019: 0;
  10020: 0;
  10021: 0;
  10022: 0;
  10023: 0;
  10024: 0;
  10025: 0;
  10026: 0;
  10027: 10101;
  10028: fefefe;
  10029: ffffff;
  10030: ffffff;
  10031: ffffff;
  10032: ffffff;
  10033: ffffff;
  10034: ffffff;
  10035: ffffff;
  10036: ffffff;
  10037: ffffff;
  10038: ffffff;
  10039: ffffff;
  10040: ffffff;
  10041: ffffff;
  10042: ffffff;
  10043: ffffff;
  10044: ffffff;
  10045: ffffff;
  10046: ffffff;
  10047: ffffff;
  10048: ffffff;
  10049: ffffff;
  10050: ffffff;
  10051: ffffff;
  10052: ffffff;
  10053: ffffff;
  10054: ffffff;
  10055: ffffff;
  10056: ffffff;
  10057: ffffff;
  10058: ffffff;
  10059: ffffff;
  10060: ffffff;
  10061: ffffff;
  10062: ffffff;
  10063: ffffff;
  10064: ffffff;
  10065: fefefe;
  10066: ffffff;
  10067: ffffff;
  10068: 2d2d2d;
  10069: 0;
  10070: 0;
  10071: 0;
  10072: 0;
  10073: 0;
  10074: 0;
  10075: 0;
  10076: 0;
  10077: 0;
  10078: 0;
  10079: 0;
  10080: 0;
  10081: 0;
  10082: 0;
  10083: 0;
  10084: 0;
  10085: 0;
  10086: 0;
  10087: 0;
  10088: 0;
  10089: 0;
  10090: fcfcfc;
  10091: ffffff;
  10092: fdfdfd;
  10093: fdfdfd;
  10094: ffffff;
  10095: fefefe;
  10096: ffffff;
  10097: ffffff;
  10098: ffffff;
  10099: ffffff;
  10100: ffffff;
  10101: ffffff;
  10102: ffffff;
  10103: ffffff;
  10104: ffffff;
  10105: ffffff;
  10106: ffffff;
  10107: ffffff;
  10108: ffffff;
  10109: ffffff;
  10110: ffffff;
  10111: ffffff;
  10112: ffffff;
  10113: ffffff;
  10114: ffffff;
  10115: ffffff;
  10116: ffffff;
  10117: ffffff;
  10118: ffffff;
  10119: ffffff;
  10120: ffffff;
  10121: ffffff;
  10122: ffffff;
  10123: ffffff;
  10124: ffffff;
  10125: ffffff;
  10126: ffffff;
  10127: ffffff;
  10128: ffffff;
  10129: fbfbfb;
  10130: fefefe;
  10131: ffffff;
  10132: fbfbfb;
  10133: 808080;
  10134: 30303;
  10135: 0;
  10136: 0;
  10137: 0;
  10138: 0;
  10139: 0;
  10140: 0;
  10141: 0;
  10142: 0;
  10143: 0;
  10144: 0;
  10145: 0;
  10146: 0;
  10147: 0;
  10148: 0;
  10149: 0;
  10150: 0;
  10151: 0;
  10152: 0;
  10153: 0;
  10154: 0;
  10155: 10101;
  10156: fefefe;
  10157: ffffff;
  10158: ffffff;
  10159: ffffff;
  10160: ffffff;
  10161: ffffff;
  10162: ffffff;
  10163: ffffff;
  10164: ffffff;
  10165: ffffff;
  10166: ffffff;
  10167: ffffff;
  10168: ffffff;
  10169: ffffff;
  10170: ffffff;
  10171: ffffff;
  10172: ffffff;
  10173: ffffff;
  10174: ffffff;
  10175: ffffff;
  10176: ffffff;
  10177: ffffff;
  10178: ffffff;
  10179: ffffff;
  10180: ffffff;
  10181: ffffff;
  10182: ffffff;
  10183: ffffff;
  10184: ffffff;
  10185: ffffff;
  10186: ffffff;
  10187: ffffff;
  10188: ffffff;
  10189: ffffff;
  10190: ffffff;
  10191: ffffff;
  10192: ffffff;
  10193: fefefe;
  10194: ffffff;
  10195: ffffff;
  10196: 2d2d2d;
  10197: 0;
  10198: 0;
  10199: 0;
  10200: 0;
  10201: 0;
  10202: 0;
  10203: 0;
  10204: 0;
  10205: 0;
  10206: 0;
  10207: 0;
  10208: 0;
  10209: 0;
  10210: 0;
  10211: 0;
  10212: 0;
  10213: 0;
  10214: 0;
  10215: 0;
  10216: 0;
  10217: 30303;
  10218: ffffff;
  10219: fafafa;
  10220: ffffff;
  10221: fefefe;
  10222: fbfbfb;
  10223: ffffff;
  10224: ffffff;
  10225: ffffff;
  10226: ffffff;
  10227: ffffff;
  10228: ffffff;
  10229: ffffff;
  10230: ffffff;
  10231: ffffff;
  10232: ffffff;
  10233: ffffff;
  10234: ffffff;
  10235: ffffff;
  10236: ffffff;
  10237: ffffff;
  10238: ffffff;
  10239: ffffff;
  10240: ffffff;
  10241: ffffff;
  10242: ffffff;
  10243: ffffff;
  10244: ffffff;
  10245: ffffff;
  10246: ffffff;
  10247: ffffff;
  10248: ffffff;
  10249: ffffff;
  10250: ffffff;
  10251: ffffff;
  10252: ffffff;
  10253: ffffff;
  10254: ffffff;
  10255: ffffff;
  10256: fefefe;
  10257: fefefe;
  10258: ffffff;
  10259: ffffff;
  10260: ffffff;
  10261: 7e7e7e;
  10262: 0;
  10263: 0;
  10264: 0;
  10265: 0;
  10266: 0;
  10267: 0;
  10268: 0;
  10269: 0;
  10270: 0;
  10271: 0;
  10272: 0;
  10273: 0;
  10274: 0;
  10275: 0;
  10276: 0;
  10277: 0;
  10278: 0;
  10279: 0;
  10280: 0;
  10281: 0;
  10282: 0;
  10283: 10101;
  10284: fefefe;
  10285: ffffff;
  10286: ffffff;
  10287: ffffff;
  10288: ffffff;
  10289: ffffff;
  10290: ffffff;
  10291: ffffff;
  10292: ffffff;
  10293: ffffff;
  10294: ffffff;
  10295: ffffff;
  10296: ffffff;
  10297: ffffff;
  10298: ffffff;
  10299: ffffff;
  10300: ffffff;
  10301: ffffff;
  10302: ffffff;
  10303: ffffff;
  10304: ffffff;
  10305: ffffff;
  10306: ffffff;
  10307: ffffff;
  10308: ffffff;
  10309: ffffff;
  10310: ffffff;
  10311: ffffff;
  10312: ffffff;
  10313: ffffff;
  10314: ffffff;
  10315: ffffff;
  10316: ffffff;
  10317: ffffff;
  10318: ffffff;
  10319: ffffff;
  10320: ffffff;
  10321: fefefe;
  10322: ffffff;
  10323: ffffff;
  10324: 2d2d2d;
  10325: 0;
  10326: 0;
  10327: 0;
  10328: 0;
  10329: 0;
  10330: 0;
  10331: 0;
  10332: 0;
  10333: 0;
  10334: 0;
  10335: 0;
  10336: 0;
  10337: 0;
  10338: 0;
  10339: 0;
  10340: 0;
  10341: 0;
  10342: 0;
  10343: 0;
  10344: 0;
  10345: 10101;
  10346: fefefe;
  10347: ffffff;
  10348: fefefe;
  10349: ffffff;
  10350: ffffff;
  10351: ffffff;
  10352: ffffff;
  10353: ffffff;
  10354: ffffff;
  10355: ffffff;
  10356: ffffff;
  10357: ffffff;
  10358: ffffff;
  10359: ffffff;
  10360: ffffff;
  10361: ffffff;
  10362: ffffff;
  10363: ffffff;
  10364: ffffff;
  10365: ffffff;
  10366: ffffff;
  10367: ffffff;
  10368: ffffff;
  10369: ffffff;
  10370: ffffff;
  10371: ffffff;
  10372: ffffff;
  10373: ffffff;
  10374: ffffff;
  10375: ffffff;
  10376: ffffff;
  10377: ffffff;
  10378: ffffff;
  10379: ffffff;
  10380: ffffff;
  10381: ffffff;
  10382: ffffff;
  10383: ffffff;
  10384: fefefe;
  10385: ffffff;
  10386: fcfcfc;
  10387: ffffff;
  10388: ffffff;
  10389: 7e7e7e;
  10390: 10101;
  10391: 0;
  10392: 0;
  10393: 0;
  10394: 0;
  10395: 0;
  10396: 0;
  10397: 0;
  10398: 0;
  10399: 0;
  10400: 0;
  10401: 0;
  10402: 0;
  10403: 0;
  10404: 0;
  10405: 0;
  10406: 0;
  10407: 0;
  10408: 0;
  10409: 0;
  10410: 0;
  10411: 10101;
  10412: fefefe;
  10413: ffffff;
  10414: ffffff;
  10415: ffffff;
  10416: ffffff;
  10417: ffffff;
  10418: ffffff;
  10419: ffffff;
  10420: ffffff;
  10421: ffffff;
  10422: ffffff;
  10423: ffffff;
  10424: ffffff;
  10425: ffffff;
  10426: ffffff;
  10427: ffffff;
  10428: ffffff;
  10429: ffffff;
  10430: ffffff;
  10431: ffffff;
  10432: ffffff;
  10433: ffffff;
  10434: ffffff;
  10435: ffffff;
  10436: ffffff;
  10437: ffffff;
  10438: ffffff;
  10439: ffffff;
  10440: ffffff;
  10441: ffffff;
  10442: ffffff;
  10443: ffffff;
  10444: ffffff;
  10445: ffffff;
  10446: ffffff;
  10447: ffffff;
  10448: ffffff;
  10449: fefefe;
  10450: ffffff;
  10451: ffffff;
  10452: 2d2d2d;
  10453: 0;
  10454: 0;
  10455: 0;
  10456: 0;
  10457: 0;
  10458: 0;
  10459: 0;
  10460: 0;
  10461: 0;
  10462: 0;
  10463: 0;
  10464: 0;
  10465: 0;
  10466: 0;
  10467: 0;
  10468: 0;
  10469: 0;
  10470: 0;
  10471: 0;
  10472: 0;
  10473: 10101;
  10474: ffffff;
  10475: ffffff;
  10476: fefefe;
  10477: fdfdfd;
  10478: ffffff;
  10479: ffffff;
  10480: ffffff;
  10481: ffffff;
  10482: ffffff;
  10483: ffffff;
  10484: ffffff;
  10485: ffffff;
  10486: ffffff;
  10487: ffffff;
  10488: ffffff;
  10489: ffffff;
  10490: ffffff;
  10491: ffffff;
  10492: ffffff;
  10493: ffffff;
  10494: ffffff;
  10495: ffffff;
  10496: ffffff;
  10497: ffffff;
  10498: ffffff;
  10499: ffffff;
  10500: ffffff;
  10501: ffffff;
  10502: ffffff;
  10503: ffffff;
  10504: ffffff;
  10505: ffffff;
  10506: ffffff;
  10507: ffffff;
  10508: ffffff;
  10509: ffffff;
  10510: ffffff;
  10511: ffffff;
  10512: fefefe;
  10513: ffffff;
  10514: ffffff;
  10515: ffffff;
  10516: ffffff;
  10517: 7c7c7c;
  10518: 10101;
  10519: 0;
  10520: 0;
  10521: 0;
  10522: 0;
  10523: 0;
  10524: 0;
  10525: 0;
  10526: 0;
  10527: 0;
  10528: 0;
  10529: 0;
  10530: 0;
  10531: 0;
  10532: 0;
  10533: 0;
  10534: 0;
  10535: 0;
  10536: 0;
  10537: 0;
  10538: 0;
  10539: 10101;
  10540: fefefe;
  10541: ffffff;
  10542: ffffff;
  10543: ffffff;
  10544: ffffff;
  10545: ffffff;
  10546: ffffff;
  10547: ffffff;
  10548: ffffff;
  10549: ffffff;
  10550: ffffff;
  10551: ffffff;
  10552: ffffff;
  10553: ffffff;
  10554: ffffff;
  10555: ffffff;
  10556: ffffff;
  10557: ffffff;
  10558: ffffff;
  10559: ffffff;
  10560: ffffff;
  10561: ffffff;
  10562: ffffff;
  10563: ffffff;
  10564: ffffff;
  10565: ffffff;
  10566: ffffff;
  10567: ffffff;
  10568: ffffff;
  10569: ffffff;
  10570: ffffff;
  10571: ffffff;
  10572: ffffff;
  10573: ffffff;
  10574: ffffff;
  10575: ffffff;
  10576: ffffff;
  10577: fefefe;
  10578: ffffff;
  10579: ffffff;
  10580: 2d2d2d;
  10581: 0;
  10582: 0;
  10583: 0;
  10584: 0;
  10585: 0;
  10586: 0;
  10587: 0;
  10588: 0;
  10589: 0;
  10590: 0;
  10591: 0;
  10592: 0;
  10593: 0;
  10594: 0;
  10595: 0;
  10596: 0;
  10597: 0;
  10598: 0;
  10599: 0;
  10600: 0;
  10601: 10101;
  10602: fdfdfd;
  10603: ffffff;
  10604: ffffff;
  10605: ffffff;
  10606: fefefe;
  10607: fefefe;
  10608: ffffff;
  10609: ffffff;
  10610: ffffff;
  10611: ffffff;
  10612: ffffff;
  10613: ffffff;
  10614: ffffff;
  10615: ffffff;
  10616: ffffff;
  10617: ffffff;
  10618: ffffff;
  10619: ffffff;
  10620: ffffff;
  10621: ffffff;
  10622: ffffff;
  10623: ffffff;
  10624: fcfcfc;
  10625: fcfcfc;
  10626: fcfcfc;
  10627: fcfcfc;
  10628: fcfcfc;
  10629: fcfcfc;
  10630: fcfcfc;
  10631: fcfcfc;
  10632: fcfcfc;
  10633: fcfcfc;
  10634: fcfcfc;
  10635: fcfcfc;
  10636: fcfcfc;
  10637: fcfcfc;
  10638: fcfcfc;
  10639: fcfcfc;
  10640: ffffff;
  10641: f8f8f8;
  10642: ffffff;
  10643: ffffff;
  10644: fdfdfd;
  10645: 828282;
  10646: 0;
  10647: 10101;
  10648: 0;
  10649: 0;
  10650: 0;
  10651: 0;
  10652: 0;
  10653: 0;
  10654: 0;
  10655: 0;
  10656: 0;
  10657: 0;
  10658: 0;
  10659: 0;
  10660: 0;
  10661: 0;
  10662: 0;
  10663: 0;
  10664: 0;
  10665: 0;
  10666: 0;
  10667: 10101;
  10668: fefefe;
  10669: ffffff;
  10670: ffffff;
  10671: ffffff;
  10672: ffffff;
  10673: ffffff;
  10674: ffffff;
  10675: ffffff;
  10676: ffffff;
  10677: ffffff;
  10678: ffffff;
  10679: ffffff;
  10680: ffffff;
  10681: ffffff;
  10682: ffffff;
  10683: ffffff;
  10684: ffffff;
  10685: ffffff;
  10686: ffffff;
  10687: ffffff;
  10688: ffffff;
  10689: ffffff;
  10690: ffffff;
  10691: ffffff;
  10692: ffffff;
  10693: ffffff;
  10694: ffffff;
  10695: ffffff;
  10696: ffffff;
  10697: ffffff;
  10698: ffffff;
  10699: ffffff;
  10700: ffffff;
  10701: ffffff;
  10702: ffffff;
  10703: ffffff;
  10704: ffffff;
  10705: fefefe;
  10706: ffffff;
  10707: ffffff;
  10708: 2d2d2d;
  10709: 0;
  10710: 0;
  10711: 0;
  10712: 0;
  10713: 0;
  10714: 0;
  10715: 0;
  10716: 0;
  10717: 0;
  10718: 0;
  10719: 0;
  10720: 0;
  10721: 0;
  10722: 0;
  10723: 0;
  10724: 0;
  10725: 0;
  10726: 0;
  10727: 0;
  10728: 0;
  10729: 10101;
  10730: ffffff;
  10731: fdfdfd;
  10732: fdfdfd;
  10733: ffffff;
  10734: f7f7f7;
  10735: ffffff;
  10736: fcfcfc;
  10737: fcfcfc;
  10738: fcfcfc;
  10739: fcfcfc;
  10740: fcfcfc;
  10741: fcfcfc;
  10742: fcfcfc;
  10743: fcfcfc;
  10744: fcfcfc;
  10745: fcfcfc;
  10746: fcfcfc;
  10747: fcfcfc;
  10748: fcfcfc;
  10749: fcfcfc;
  10750: fcfcfc;
  10751: fcfcfc;
  10752: 0;
  10753: 0;
  10754: 0;
  10755: 0;
  10756: 0;
  10757: 0;
  10758: 0;
  10759: 0;
  10760: 0;
  10761: 0;
  10762: 0;
  10763: 0;
  10764: 0;
  10765: 0;
  10766: 0;
  10767: 0;
  10768: 0;
  10769: 60606;
  10770: fdfdfd;
  10771: ffffff;
  10772: ffffff;
  10773: 7c7c7c;
  10774: 0;
  10775: 0;
  10776: 0;
  10777: 0;
  10778: 0;
  10779: 0;
  10780: 0;
  10781: 0;
  10782: 0;
  10783: 0;
  10784: 0;
  10785: 0;
  10786: 0;
  10787: 0;
  10788: 0;
  10789: 0;
  10790: 0;
  10791: 0;
  10792: 0;
  10793: 0;
  10794: 0;
  10795: 10101;
  10796: fefefe;
  10797: ffffff;
  10798: ffffff;
  10799: ffffff;
  10800: ffffff;
  10801: ffffff;
  10802: ffffff;
  10803: ffffff;
  10804: ffffff;
  10805: ffffff;
  10806: ffffff;
  10807: ffffff;
  10808: ffffff;
  10809: ffffff;
  10810: ffffff;
  10811: ffffff;
  10812: ffffff;
  10813: ffffff;
  10814: ffffff;
  10815: ffffff;
  10816: ffffff;
  10817: ffffff;
  10818: ffffff;
  10819: ffffff;
  10820: ffffff;
  10821: ffffff;
  10822: ffffff;
  10823: ffffff;
  10824: ffffff;
  10825: ffffff;
  10826: ffffff;
  10827: ffffff;
  10828: ffffff;
  10829: ffffff;
  10830: ffffff;
  10831: ffffff;
  10832: ffffff;
  10833: fefefe;
  10834: ffffff;
  10835: ffffff;
  10836: 2d2d2d;
  10837: 0;
  10838: 0;
  10839: 0;
  10840: 0;
  10841: 0;
  10842: 0;
  10843: 0;
  10844: 0;
  10845: 0;
  10846: 0;
  10847: 0;
  10848: 0;
  10849: 0;
  10850: 0;
  10851: 0;
  10852: 0;
  10853: 0;
  10854: 0;
  10855: 0;
  10856: 0;
  10857: 0;
  10858: fcfcfc;
  10859: ffffff;
  10860: ffffff;
  10861: fdfdfd;
  10862: 40404;
  10863: 0;
  10864: 0;
  10865: 0;
  10866: 0;
  10867: 0;
  10868: 0;
  10869: 0;
  10870: 0;
  10871: 0;
  10872: 0;
  10873: 0;
  10874: 0;
  10875: 0;
  10876: 0;
  10877: 0;
  10878: 0;
  10879: 0;
  10880: 0;
  10881: 0;
  10882: 0;
  10883: 0;
  10884: 0;
  10885: 0;
  10886: 0;
  10887: 0;
  10888: 0;
  10889: 0;
  10890: 0;
  10891: 0;
  10892: 0;
  10893: 0;
  10894: 0;
  10895: 0;
  10896: 0;
  10897: 0;
  10898: fefefe;
  10899: fefefe;
  10900: ffffff;
  10901: 818181;
  10902: 0;
  10903: 20202;
  10904: 0;
  10905: 0;
  10906: 0;
  10907: 0;
  10908: 0;
  10909: 0;
  10910: 0;
  10911: 0;
  10912: 0;
  10913: 0;
  10914: 0;
  10915: 0;
  10916: 0;
  10917: 0;
  10918: 0;
  10919: 0;
  10920: 0;
  10921: 0;
  10922: 0;
  10923: 10101;
  10924: fefefe;
  10925: ffffff;
  10926: ffffff;
  10927: ffffff;
  10928: ffffff;
  10929: ffffff;
  10930: ffffff;
  10931: ffffff;
  10932: ffffff;
  10933: ffffff;
  10934: ffffff;
  10935: ffffff;
  10936: ffffff;
  10937: ffffff;
  10938: ffffff;
  10939: ffffff;
  10940: ffffff;
  10941: ffffff;
  10942: ffffff;
  10943: ffffff;
  10944: ffffff;
  10945: ffffff;
  10946: ffffff;
  10947: ffffff;
  10948: ffffff;
  10949: ffffff;
  10950: ffffff;
  10951: ffffff;
  10952: ffffff;
  10953: ffffff;
  10954: ffffff;
  10955: ffffff;
  10956: ffffff;
  10957: ffffff;
  10958: ffffff;
  10959: ffffff;
  10960: ffffff;
  10961: fefefe;
  10962: ffffff;
  10963: ffffff;
  10964: 2d2d2d;
  10965: 0;
  10966: 0;
  10967: 0;
  10968: 0;
  10969: 0;
  10970: 0;
  10971: 0;
  10972: 0;
  10973: 0;
  10974: 0;
  10975: 0;
  10976: 0;
  10977: 0;
  10978: 0;
  10979: 0;
  10980: 0;
  10981: 0;
  10982: 0;
  10983: 0;
  10984: 10101;
  10985: 0;
  10986: ffffff;
  10987: ffffff;
  10988: fdfdfd;
  10989: fefefe;
  10990: 0;
  10991: 0;
  10992: 0;
  10993: 0;
  10994: 0;
  10995: 0;
  10996: 0;
  10997: 0;
  10998: 0;
  10999: 0;
  11000: 0;
  11001: 0;
  11002: 0;
  11003: 0;
  11004: 0;
  11005: 0;
  11006: 0;
  11007: 0;
  11008: 0;
  11009: 0;
  11010: 0;
  11011: 0;
  11012: 0;
  11013: 0;
  11014: 0;
  11015: 0;
  11016: 0;
  11017: 0;
  11018: 0;
  11019: 0;
  11020: 0;
  11021: 0;
  11022: 0;
  11023: 0;
  11024: 0;
  11025: 0;
  11026: ffffff;
  11027: ffffff;
  11028: fdfdfd;
  11029: 808080;
  11030: 0;
  11031: 10101;
  11032: 0;
  11033: 0;
  11034: 0;
  11035: 0;
  11036: 0;
  11037: 0;
  11038: 0;
  11039: 0;
  11040: 0;
  11041: 0;
  11042: 0;
  11043: 0;
  11044: 0;
  11045: 0;
  11046: 0;
  11047: 0;
  11048: 0;
  11049: 0;
  11050: 0;
  11051: 10101;
  11052: fefefe;
  11053: ffffff;
  11054: ffffff;
  11055: ffffff;
  11056: ffffff;
  11057: ffffff;
  11058: ffffff;
  11059: ffffff;
  11060: ffffff;
  11061: ffffff;
  11062: ffffff;
  11063: ffffff;
  11064: ffffff;
  11065: ffffff;
  11066: ffffff;
  11067: ffffff;
  11068: ffffff;
  11069: ffffff;
  11070: ffffff;
  11071: ffffff;
  11072: ffffff;
  11073: ffffff;
  11074: ffffff;
  11075: ffffff;
  11076: ffffff;
  11077: ffffff;
  11078: ffffff;
  11079: ffffff;
  11080: ffffff;
  11081: ffffff;
  11082: ffffff;
  11083: ffffff;
  11084: ffffff;
  11085: ffffff;
  11086: ffffff;
  11087: ffffff;
  11088: ffffff;
  11089: fefefe;
  11090: ffffff;
  11091: ffffff;
  11092: 2d2d2d;
  11093: 0;
  11094: 0;
  11095: 0;
  11096: 0;
  11097: 0;
  11098: 0;
  11099: 0;
  11100: 0;
  11101: 0;
  11102: 0;
  11103: 0;
  11104: 0;
  11105: 0;
  11106: 0;
  11107: 0;
  11108: 0;
  11109: 0;
  11110: 0;
  11111: 0;
  11112: 0;
  11113: 0;
  11114: ffffff;
  11115: fefefe;
  11116: ffffff;
  11117: ffffff;
  11118: 0;
  11119: 10101;
  11120: 0;
  11121: 0;
  11122: 0;
  11123: 0;
  11124: 0;
  11125: 0;
  11126: 0;
  11127: 0;
  11128: 0;
  11129: 0;
  11130: 0;
  11131: 0;
  11132: 0;
  11133: 0;
  11134: 0;
  11135: 0;
  11136: 0;
  11137: 0;
  11138: 0;
  11139: 0;
  11140: 0;
  11141: 0;
  11142: 0;
  11143: 0;
  11144: 0;
  11145: 0;
  11146: 0;
  11147: 0;
  11148: 0;
  11149: 0;
  11150: 0;
  11151: 0;
  11152: 0;
  11153: 0;
  11154: fefefe;
  11155: ffffff;
  11156: fcfcfc;
  11157: 808080;
  11158: 0;
  11159: 10101;
  11160: 0;
  11161: 0;
  11162: 0;
  11163: 0;
  11164: 0;
  11165: 0;
  11166: 0;
  11167: 0;
  11168: 0;
  11169: 0;
  11170: 0;
  11171: 0;
  11172: 0;
  11173: 0;
  11174: 0;
  11175: 0;
  11176: 0;
  11177: 0;
  11178: 0;
  11179: 10101;
  11180: fefefe;
  11181: ffffff;
  11182: ffffff;
  11183: ffffff;
  11184: ffffff;
  11185: ffffff;
  11186: ffffff;
  11187: ffffff;
  11188: ffffff;
  11189: ffffff;
  11190: ffffff;
  11191: ffffff;
  11192: ffffff;
  11193: ffffff;
  11194: ffffff;
  11195: ffffff;
  11196: ffffff;
  11197: ffffff;
  11198: ffffff;
  11199: ffffff;
  11200: ffffff;
  11201: ffffff;
  11202: ffffff;
  11203: ffffff;
  11204: ffffff;
  11205: ffffff;
  11206: ffffff;
  11207: ffffff;
  11208: ffffff;
  11209: ffffff;
  11210: ffffff;
  11211: ffffff;
  11212: ffffff;
  11213: ffffff;
  11214: ffffff;
  11215: ffffff;
  11216: ffffff;
  11217: fefefe;
  11218: ffffff;
  11219: ffffff;
  11220: 2d2d2d;
  11221: 0;
  11222: 0;
  11223: 0;
  11224: 0;
  11225: 0;
  11226: 0;
  11227: 0;
  11228: 0;
  11229: 0;
  11230: 0;
  11231: 0;
  11232: 0;
  11233: 0;
  11234: 0;
  11235: 0;
  11236: 0;
  11237: 0;
  11238: 0;
  11239: 0;
  11240: 0;
  11241: 0;
  11242: ffffff;
  11243: fdfdfd;
  11244: ffffff;
  11245: fefefe;
  11246: 0;
  11247: 10101;
  11248: 0;
  11249: 0;
  11250: 0;
  11251: 0;
  11252: 0;
  11253: 0;
  11254: 0;
  11255: 0;
  11256: 0;
  11257: 0;
  11258: 0;
  11259: 0;
  11260: 0;
  11261: 0;
  11262: 0;
  11263: 0;
  11264: 0;
  11265: 0;
  11266: 0;
  11267: 0;
  11268: 0;
  11269: 0;
  11270: 0;
  11271: 0;
  11272: 0;
  11273: 0;
  11274: 0;
  11275: 0;
  11276: 0;
  11277: 0;
  11278: 0;
  11279: 0;
  11280: 0;
  11281: 0;
  11282: ffffff;
  11283: fdfdfd;
  11284: ffffff;
  11285: 828282;
  11286: 0;
  11287: 10101;
  11288: 0;
  11289: 0;
  11290: 0;
  11291: 0;
  11292: 0;
  11293: 0;
  11294: 0;
  11295: 0;
  11296: 0;
  11297: 0;
  11298: 0;
  11299: 0;
  11300: 0;
  11301: 0;
  11302: 0;
  11303: 0;
  11304: 0;
  11305: 0;
  11306: 0;
  11307: 10101;
  11308: fefefe;
  11309: ffffff;
  11310: ffffff;
  11311: ffffff;
  11312: ffffff;
  11313: ffffff;
  11314: ffffff;
  11315: ffffff;
  11316: ffffff;
  11317: ffffff;
  11318: ffffff;
  11319: ffffff;
  11320: ffffff;
  11321: ffffff;
  11322: ffffff;
  11323: ffffff;
  11324: ffffff;
  11325: ffffff;
  11326: ffffff;
  11327: ffffff;
  11328: ffffff;
  11329: ffffff;
  11330: ffffff;
  11331: ffffff;
  11332: ffffff;
  11333: ffffff;
  11334: ffffff;
  11335: ffffff;
  11336: ffffff;
  11337: ffffff;
  11338: ffffff;
  11339: ffffff;
  11340: ffffff;
  11341: ffffff;
  11342: ffffff;
  11343: ffffff;
  11344: ffffff;
  11345: fefefe;
  11346: ffffff;
  11347: ffffff;
  11348: 2d2d2d;
  11349: 0;
  11350: 0;
  11351: 0;
  11352: 0;
  11353: 0;
  11354: 0;
  11355: 0;
  11356: 0;
  11357: 0;
  11358: 0;
  11359: 0;
  11360: 0;
  11361: 0;
  11362: 0;
  11363: 0;
  11364: 0;
  11365: 0;
  11366: 0;
  11367: 0;
  11368: 0;
  11369: 0;
  11370: ffffff;
  11371: ffffff;
  11372: fcfcfc;
  11373: ffffff;
  11374: 10101;
  11375: 0;
  11376: 0;
  11377: 0;
  11378: 0;
  11379: 0;
  11380: 0;
  11381: 0;
  11382: 0;
  11383: 0;
  11384: 0;
  11385: 0;
  11386: 0;
  11387: 0;
  11388: 0;
  11389: 0;
  11390: 0;
  11391: 0;
  11392: 0;
  11393: 0;
  11394: 0;
  11395: 0;
  11396: 0;
  11397: 0;
  11398: 0;
  11399: 0;
  11400: 0;
  11401: 0;
  11402: 0;
  11403: 0;
  11404: 0;
  11405: 0;
  11406: 0;
  11407: 0;
  11408: 0;
  11409: 0;
  11410: fefefe;
  11411: ffffff;
  11412: fefefe;
  11413: 7b7b7b;
  11414: 40404;
  11415: 0;
  11416: 0;
  11417: 0;
  11418: 0;
  11419: 0;
  11420: 0;
  11421: 0;
  11422: 0;
  11423: 0;
  11424: 0;
  11425: 0;
  11426: 0;
  11427: 0;
  11428: 0;
  11429: 0;
  11430: 0;
  11431: 0;
  11432: 0;
  11433: 0;
  11434: 0;
  11435: 10101;
  11436: fefefe;
  11437: ffffff;
  11438: ffffff;
  11439: ffffff;
  11440: ffffff;
  11441: ffffff;
  11442: ffffff;
  11443: ffffff;
  11444: ffffff;
  11445: ffffff;
  11446: ffffff;
  11447: ffffff;
  11448: ffffff;
  11449: ffffff;
  11450: ffffff;
  11451: ffffff;
  11452: ffffff;
  11453: ffffff;
  11454: ffffff;
  11455: ffffff;
  11456: ffffff;
  11457: ffffff;
  11458: ffffff;
  11459: ffffff;
  11460: ffffff;
  11461: ffffff;
  11462: ffffff;
  11463: ffffff;
  11464: ffffff;
  11465: ffffff;
  11466: ffffff;
  11467: ffffff;
  11468: ffffff;
  11469: ffffff;
  11470: ffffff;
  11471: ffffff;
  11472: ffffff;
  11473: fefefe;
  11474: ffffff;
  11475: ffffff;
  11476: 2d2d2d;
  11477: 0;
  11478: 0;
  11479: 0;
  11480: 0;
  11481: 0;
  11482: 0;
  11483: 0;
  11484: 0;
  11485: 0;
  11486: 0;
  11487: 0;
  11488: 0;
  11489: 0;
  11490: 0;
  11491: 0;
  11492: 0;
  11493: 0;
  11494: 0;
  11495: 0;
  11496: 0;
  11497: 50505;
  11498: fafafa;
  11499: ffffff;
  11500: ffffff;
  11501: fefefe;
  11502: 0;
  11503: 0;
  11504: 0;
  11505: 0;
  11506: 0;
  11507: 0;
  11508: 0;
  11509: 0;
  11510: 0;
  11511: 0;
  11512: 0;
  11513: 0;
  11514: 0;
  11515: 0;
  11516: 0;
  11517: 0;
  11518: 0;
  11519: 0;
  11520: 0;
  11521: 0;
  11522: 0;
  11523: 0;
  11524: 0;
  11525: 0;
  11526: 0;
  11527: 0;
  11528: 0;
  11529: 0;
  11530: 0;
  11531: 0;
  11532: 0;
  11533: 0;
  11534: 0;
  11535: 0;
  11536: 20202;
  11537: 10101;
  11538: ffffff;
  11539: ffffff;
  11540: fbfbfb;
  11541: 808080;
  11542: 0;
  11543: 30303;
  11544: 0;
  11545: 0;
  11546: 0;
  11547: 0;
  11548: 0;
  11549: 0;
  11550: 0;
  11551: 0;
  11552: 0;
  11553: 0;
  11554: 0;
  11555: 0;
  11556: 0;
  11557: 0;
  11558: 0;
  11559: 0;
  11560: 0;
  11561: 0;
  11562: 0;
  11563: 10101;
  11564: fefefe;
  11565: ffffff;
  11566: ffffff;
  11567: ffffff;
  11568: ffffff;
  11569: ffffff;
  11570: ffffff;
  11571: ffffff;
  11572: ffffff;
  11573: ffffff;
  11574: ffffff;
  11575: ffffff;
  11576: ffffff;
  11577: ffffff;
  11578: ffffff;
  11579: ffffff;
  11580: ffffff;
  11581: ffffff;
  11582: ffffff;
  11583: ffffff;
  11584: ffffff;
  11585: ffffff;
  11586: ffffff;
  11587: ffffff;
  11588: ffffff;
  11589: ffffff;
  11590: ffffff;
  11591: ffffff;
  11592: ffffff;
  11593: ffffff;
  11594: ffffff;
  11595: ffffff;
  11596: ffffff;
  11597: ffffff;
  11598: ffffff;
  11599: ffffff;
  11600: ffffff;
  11601: fefefe;
  11602: ffffff;
  11603: ffffff;
  11604: 2d2d2d;
  11605: 0;
  11606: 0;
  11607: 0;
  11608: 0;
  11609: 0;
  11610: 0;
  11611: 0;
  11612: 0;
  11613: 0;
  11614: 0;
  11615: 0;
  11616: 0;
  11617: 0;
  11618: 0;
  11619: 0;
  11620: 0;
  11621: 0;
  11622: 0;
  11623: 0;
  11624: 20202;
  11625: 0;
  11626: ffffff;
  11627: fcfcfc;
  11628: ffffff;
  11629: ffffff;
  11630: 10101;
  11631: 20202;
  11632: 0;
  11633: 0;
  11634: 0;
  11635: 0;
  11636: 0;
  11637: 0;
  11638: 0;
  11639: 0;
  11640: 0;
  11641: 0;
  11642: 0;
  11643: 0;
  11644: 0;
  11645: 0;
  11646: 0;
  11647: 0;
  11648: 10101;
  11649: 10101;
  11650: 10101;
  11651: 10101;
  11652: 10101;
  11653: 10101;
  11654: 10101;
  11655: 10101;
  11656: 10101;
  11657: 10101;
  11658: 10101;
  11659: 10101;
  11660: 10101;
  11661: 10101;
  11662: 10101;
  11663: 10101;
  11664: 0;
  11665: 0;
  11666: fdfdfd;
  11667: fefefe;
  11668: ffffff;
  11669: 808080;
  11670: 0;
  11671: 0;
  11672: 0;
  11673: 0;
  11674: 0;
  11675: 0;
  11676: 0;
  11677: 0;
  11678: 0;
  11679: 0;
  11680: 0;
  11681: 0;
  11682: 0;
  11683: 0;
  11684: 0;
  11685: 0;
  11686: 0;
  11687: 0;
  11688: 0;
  11689: 0;
  11690: 0;
  11691: 10101;
  11692: fefefe;
  11693: ffffff;
  11694: ffffff;
  11695: ffffff;
  11696: ffffff;
  11697: ffffff;
  11698: ffffff;
  11699: ffffff;
  11700: ffffff;
  11701: ffffff;
  11702: ffffff;
  11703: ffffff;
  11704: ffffff;
  11705: ffffff;
  11706: ffffff;
  11707: ffffff;
  11708: ffffff;
  11709: ffffff;
  11710: ffffff;
  11711: ffffff;
  11712: ffffff;
  11713: ffffff;
  11714: ffffff;
  11715: ffffff;
  11716: ffffff;
  11717: ffffff;
  11718: ffffff;
  11719: ffffff;
  11720: ffffff;
  11721: ffffff;
  11722: ffffff;
  11723: ffffff;
  11724: ffffff;
  11725: ffffff;
  11726: ffffff;
  11727: ffffff;
  11728: ffffff;
  11729: fefefe;
  11730: ffffff;
  11731: ffffff;
  11732: 2d2d2d;
  11733: 0;
  11734: 0;
  11735: 0;
  11736: 0;
  11737: 0;
  11738: 0;
  11739: 0;
  11740: 0;
  11741: 0;
  11742: 0;
  11743: 0;
  11744: 0;
  11745: 0;
  11746: 0;
  11747: 0;
  11748: 0;
  11749: 0;
  11750: 0;
  11751: 0;
  11752: 0;
  11753: 10101;
  11754: ffffff;
  11755: ffffff;
  11756: fefefe;
  11757: fcfcfc;
  11758: 0;
  11759: 0;
  11760: 10101;
  11761: 10101;
  11762: 10101;
  11763: 10101;
  11764: 10101;
  11765: 10101;
  11766: 10101;
  11767: 10101;
  11768: 10101;
  11769: 10101;
  11770: 10101;
  11771: 10101;
  11772: 10101;
  11773: 10101;
  11774: 10101;
  11775: 10101;
  11776: 0;
  11777: 0;
  11778: 0;
  11779: 0;
  11780: 0;
  11781: 0;
  11782: 0;
  11783: 0;
  11784: 0;
  11785: 0;
  11786: 0;
  11787: 0;
  11788: 0;
  11789: 0;
  11790: 0;
  11791: 0;
  11792: 20202;
  11793: 0;
  11794: ffffff;
  11795: fdfdfd;
  11796: fefefe;
  11797: 7d7d7d;
  11798: 10101;
  11799: 10101;
  11800: 0;
  11801: 0;
  11802: 0;
  11803: 0;
  11804: 0;
  11805: 0;
  11806: 0;
  11807: 0;
  11808: 0;
  11809: 0;
  11810: 0;
  11811: 0;
  11812: 0;
  11813: 0;
  11814: 0;
  11815: 0;
  11816: 0;
  11817: 0;
  11818: 0;
  11819: 10101;
  11820: fefefe;
  11821: ffffff;
  11822: ffffff;
  11823: ffffff;
  11824: ffffff;
  11825: ffffff;
  11826: ffffff;
  11827: ffffff;
  11828: ffffff;
  11829: ffffff;
  11830: ffffff;
  11831: ffffff;
  11832: ffffff;
  11833: ffffff;
  11834: ffffff;
  11835: ffffff;
  11836: ffffff;
  11837: ffffff;
  11838: ffffff;
  11839: ffffff;
  11840: ffffff;
  11841: ffffff;
  11842: ffffff;
  11843: ffffff;
  11844: ffffff;
  11845: ffffff;
  11846: ffffff;
  11847: ffffff;
  11848: ffffff;
  11849: ffffff;
  11850: ffffff;
  11851: ffffff;
  11852: ffffff;
  11853: ffffff;
  11854: ffffff;
  11855: ffffff;
  11856: ffffff;
  11857: fefefe;
  11858: ffffff;
  11859: ffffff;
  11860: 2d2d2d;
  11861: 0;
  11862: 0;
  11863: 0;
  11864: 0;
  11865: 0;
  11866: 0;
  11867: 0;
  11868: 0;
  11869: 0;
  11870: 0;
  11871: 0;
  11872: 0;
  11873: 0;
  11874: 0;
  11875: 0;
  11876: 0;
  11877: 0;
  11878: 0;
  11879: 0;
  11880: 0;
  11881: 20202;
  11882: fcfcfc;
  11883: ffffff;
  11884: fdfdfd;
  11885: ffffff;
  11886: 0;
  11887: 30303;
  11888: 0;
  11889: 0;
  11890: 0;
  11891: 0;
  11892: 0;
  11893: 0;
  11894: 0;
  11895: 0;
  11896: 0;
  11897: 0;
  11898: 0;
  11899: 0;
  11900: 0;
  11901: 0;
  11902: 0;
  11903: 0;
  11904: 555555;
  11905: 555555;
  11906: 555555;
  11907: 555555;
  11908: 555555;
  11909: 555555;
  11910: 555555;
  11911: 555555;
  11912: 555555;
  11913: 555555;
  11914: 555555;
  11915: 555555;
  11916: 555555;
  11917: 555555;
  11918: 555555;
  11919: 555555;
  11920: 545454;
  11921: 575757;
  11922: fdfdfd;
  11923: ffffff;
  11924: fdfdfd;
  11925: 818181;
  11926: 0;
  11927: 0;
  11928: 0;
  11929: 0;
  11930: 0;
  11931: 0;
  11932: 0;
  11933: 0;
  11934: 0;
  11935: 0;
  11936: 0;
  11937: 0;
  11938: 0;
  11939: 0;
  11940: 0;
  11941: 0;
  11942: 0;
  11943: 0;
  11944: 0;
  11945: 0;
  11946: 0;
  11947: 10101;
  11948: fefefe;
  11949: ffffff;
  11950: ffffff;
  11951: ffffff;
  11952: ffffff;
  11953: ffffff;
  11954: ffffff;
  11955: ffffff;
  11956: ffffff;
  11957: ffffff;
  11958: ffffff;
  11959: ffffff;
  11960: ffffff;
  11961: ffffff;
  11962: ffffff;
  11963: ffffff;
  11964: ffffff;
  11965: ffffff;
  11966: ffffff;
  11967: ffffff;
  11968: ffffff;
  11969: ffffff;
  11970: ffffff;
  11971: ffffff;
  11972: ffffff;
  11973: ffffff;
  11974: ffffff;
  11975: ffffff;
  11976: ffffff;
  11977: ffffff;
  11978: ffffff;
  11979: ffffff;
  11980: ffffff;
  11981: ffffff;
  11982: ffffff;
  11983: ffffff;
  11984: ffffff;
  11985: fefefe;
  11986: ffffff;
  11987: ffffff;
  11988: 2d2d2d;
  11989: 0;
  11990: 0;
  11991: 0;
  11992: 0;
  11993: 0;
  11994: 0;
  11995: 0;
  11996: 0;
  11997: 0;
  11998: 0;
  11999: 0;
  12000: 0;
  12001: 0;
  12002: 0;
  12003: 0;
  12004: 0;
  12005: 0;
  12006: 0;
  12007: 0;
  12008: 0;
  12009: 0;
  12010: ffffff;
  12011: fefefe;
  12012: ffffff;
  12013: fdfdfd;
  12014: 575757;
  12015: 545454;
  12016: 555555;
  12017: 555555;
  12018: 555555;
  12019: 555555;
  12020: 555555;
  12021: 555555;
  12022: 555555;
  12023: 555555;
  12024: 555555;
  12025: 555555;
  12026: 555555;
  12027: 555555;
  12028: 555555;
  12029: 555555;
  12030: 555555;
  12031: 555555;
  12032: fefefe;
  12033: fefefe;
  12034: fefefe;
  12035: fefefe;
  12036: fefefe;
  12037: fefefe;
  12038: fefefe;
  12039: fefefe;
  12040: fefefe;
  12041: fefefe;
  12042: fefefe;
  12043: fefefe;
  12044: fefefe;
  12045: fefefe;
  12046: fefefe;
  12047: fefefe;
  12048: fdfdfd;
  12049: fefefe;
  12050: fdfdfd;
  12051: ffffff;
  12052: fdfdfd;
  12053: 7d7d7d;
  12054: 30303;
  12055: 0;
  12056: 0;
  12057: 0;
  12058: 0;
  12059: 0;
  12060: 0;
  12061: 0;
  12062: 0;
  12063: 0;
  12064: 0;
  12065: 0;
  12066: 0;
  12067: 0;
  12068: 0;
  12069: 0;
  12070: 0;
  12071: 0;
  12072: 0;
  12073: 0;
  12074: 0;
  12075: 10101;
  12076: fefefe;
  12077: ffffff;
  12078: ffffff;
  12079: ffffff;
  12080: ffffff;
  12081: ffffff;
  12082: ffffff;
  12083: ffffff;
  12084: ffffff;
  12085: ffffff;
  12086: ffffff;
  12087: ffffff;
  12088: ffffff;
  12089: ffffff;
  12090: ffffff;
  12091: ffffff;
  12092: ffffff;
  12093: ffffff;
  12094: ffffff;
  12095: ffffff;
  12096: ffffff;
  12097: ffffff;
  12098: ffffff;
  12099: ffffff;
  12100: ffffff;
  12101: ffffff;
  12102: ffffff;
  12103: ffffff;
  12104: ffffff;
  12105: ffffff;
  12106: ffffff;
  12107: ffffff;
  12108: ffffff;
  12109: ffffff;
  12110: ffffff;
  12111: ffffff;
  12112: ffffff;
  12113: fefefe;
  12114: ffffff;
  12115: ffffff;
  12116: 2d2d2d;
  12117: 0;
  12118: 0;
  12119: 0;
  12120: 0;
  12121: 0;
  12122: 0;
  12123: 0;
  12124: 0;
  12125: 0;
  12126: 0;
  12127: 0;
  12128: 0;
  12129: 0;
  12130: 0;
  12131: 0;
  12132: 0;
  12133: 0;
  12134: 0;
  12135: 0;
  12136: 0;
  12137: 40404;
  12138: fcfcfc;
  12139: fefefe;
  12140: ffffff;
  12141: fcfcfc;
  12142: ffffff;
  12143: fdfdfd;
  12144: fefefe;
  12145: fefefe;
  12146: fefefe;
  12147: fefefe;
  12148: fefefe;
  12149: fefefe;
  12150: fefefe;
  12151: fefefe;
  12152: fefefe;
  12153: fefefe;
  12154: fefefe;
  12155: fefefe;
  12156: fefefe;
  12157: fefefe;
  12158: fefefe;
  12159: fefefe;
  12160: ffffff;
  12161: ffffff;
  12162: ffffff;
  12163: ffffff;
  12164: ffffff;
  12165: ffffff;
  12166: ffffff;
  12167: ffffff;
  12168: ffffff;
  12169: ffffff;
  12170: ffffff;
  12171: ffffff;
  12172: ffffff;
  12173: ffffff;
  12174: ffffff;
  12175: ffffff;
  12176: ffffff;
  12177: ffffff;
  12178: ffffff;
  12179: fdfdfd;
  12180: ffffff;
  12181: 818181;
  12182: 0;
  12183: 30303;
  12184: 0;
  12185: 0;
  12186: 0;
  12187: 0;
  12188: 0;
  12189: 0;
  12190: 0;
  12191: 0;
  12192: 0;
  12193: 0;
  12194: 0;
  12195: 0;
  12196: 0;
  12197: 0;
  12198: 0;
  12199: 0;
  12200: 0;
  12201: 0;
  12202: 0;
  12203: 10101;
  12204: fefefe;
  12205: ffffff;
  12206: ffffff;
  12207: ffffff;
  12208: ffffff;
  12209: ffffff;
  12210: ffffff;
  12211: ffffff;
  12212: ffffff;
  12213: ffffff;
  12214: ffffff;
  12215: ffffff;
  12216: ffffff;
  12217: ffffff;
  12218: ffffff;
  12219: ffffff;
  12220: ffffff;
  12221: ffffff;
  12222: ffffff;
  12223: ffffff;
  12224: ffffff;
  12225: ffffff;
  12226: ffffff;
  12227: ffffff;
  12228: ffffff;
  12229: ffffff;
  12230: ffffff;
  12231: ffffff;
  12232: ffffff;
  12233: ffffff;
  12234: ffffff;
  12235: ffffff;
  12236: ffffff;
  12237: ffffff;
  12238: ffffff;
  12239: ffffff;
  12240: ffffff;
  12241: fefefe;
  12242: ffffff;
  12243: ffffff;
  12244: 2d2d2d;
  12245: 0;
  12246: 0;
  12247: 0;
  12248: 0;
  12249: 0;
  12250: 0;
  12251: 0;
  12252: 0;
  12253: 0;
  12254: 0;
  12255: 0;
  12256: 0;
  12257: 0;
  12258: 0;
  12259: 0;
  12260: 0;
  12261: 0;
  12262: 0;
  12263: 0;
  12264: 20202;
  12265: 0;
  12266: ffffff;
  12267: ffffff;
  12268: fcfcfc;
  12269: ffffff;
  12270: ffffff;
  12271: ffffff;
  12272: ffffff;
  12273: ffffff;
  12274: ffffff;
  12275: ffffff;
  12276: ffffff;
  12277: ffffff;
  12278: ffffff;
  12279: ffffff;
  12280: ffffff;
  12281: ffffff;
  12282: ffffff;
  12283: ffffff;
  12284: ffffff;
  12285: ffffff;
  12286: ffffff;
  12287: ffffff;
  12288: ffffff;
  12289: ffffff;
  12290: ffffff;
  12291: ffffff;
  12292: ffffff;
  12293: ffffff;
  12294: ffffff;
  12295: ffffff;
  12296: ffffff;
  12297: ffffff;
  12298: ffffff;
  12299: ffffff;
  12300: ffffff;
  12301: ffffff;
  12302: ffffff;
  12303: ffffff;
  12304: ffffff;
  12305: fefefe;
  12306: ffffff;
  12307: fefefe;
  12308: fefefe;
  12309: 7e7e7e;
  12310: 10101;
  12311: 0;
  12312: 0;
  12313: 0;
  12314: 0;
  12315: 0;
  12316: 0;
  12317: 0;
  12318: 0;
  12319: 0;
  12320: 0;
  12321: 0;
  12322: 0;
  12323: 0;
  12324: 0;
  12325: 0;
  12326: 0;
  12327: 0;
  12328: 0;
  12329: 40404;
  12330: 0;
  12331: 0;
  12332: ffffff;
  12333: ffffff;
  12334: fdfdfd;
  12335: ffffff;
  12336: ffffff;
  12337: ffffff;
  12338: ffffff;
  12339: ffffff;
  12340: ffffff;
  12341: ffffff;
  12342: ffffff;
  12343: ffffff;
  12344: ffffff;
  12345: ffffff;
  12346: ffffff;
  12347: ffffff;
  12348: ffffff;
  12349: ffffff;
  12350: ffffff;
  12351: ffffff;
  12352: ffffff;
  12353: ffffff;
  12354: ffffff;
  12355: ffffff;
  12356: ffffff;
  12357: ffffff;
  12358: ffffff;
  12359: ffffff;
  12360: ffffff;
  12361: ffffff;
  12362: ffffff;
  12363: ffffff;
  12364: ffffff;
  12365: ffffff;
  12366: ffffff;
  12367: ffffff;
  12368: ffffff;
  12369: ffffff;
  12370: fefefe;
  12371: ffffff;
  12372: 2d2d2d;
  12373: 0;
  12374: 0;
  12375: 10101;
  12376: 0;
  12377: 0;
  12378: 0;
  12379: 0;
  12380: 0;
  12381: 0;
  12382: 0;
  12383: 0;
  12384: 0;
  12385: 0;
  12386: 0;
  12387: 0;
  12388: 0;
  12389: 0;
  12390: 0;
  12391: 0;
  12392: 0;
  12393: 20202;
  12394: fcfcfc;
  12395: ffffff;
  12396: fdfdfd;
  12397: ffffff;
  12398: fefefe;
  12399: ffffff;
  12400: ffffff;
  12401: ffffff;
  12402: ffffff;
  12403: ffffff;
  12404: ffffff;
  12405: ffffff;
  12406: ffffff;
  12407: ffffff;
  12408: ffffff;
  12409: ffffff;
  12410: ffffff;
  12411: ffffff;
  12412: ffffff;
  12413: ffffff;
  12414: ffffff;
  12415: ffffff;
  12416: ffffff;
  12417: ffffff;
  12418: ffffff;
  12419: ffffff;
  12420: ffffff;
  12421: ffffff;
  12422: ffffff;
  12423: ffffff;
  12424: ffffff;
  12425: ffffff;
  12426: ffffff;
  12427: ffffff;
  12428: ffffff;
  12429: ffffff;
  12430: ffffff;
  12431: ffffff;
  12432: fefefe;
  12433: ffffff;
  12434: fefefe;
  12435: ffffff;
  12436: ffffff;
  12437: 818181;
  12438: 0;
  12439: 0;
  12440: 0;
  12441: 0;
  12442: 0;
  12443: 0;
  12444: 0;
  12445: 0;
  12446: 0;
  12447: 0;
  12448: 0;
  12449: 0;
  12450: 0;
  12451: 0;
  12452: 0;
  12453: 0;
  12454: 0;
  12455: 0;
  12456: 0;
  12457: 0;
  12458: 30303;
  12459: 0;
  12460: fefefe;
  12461: fdfdfd;
  12462: ffffff;
  12463: fefefe;
  12464: ffffff;
  12465: ffffff;
  12466: ffffff;
  12467: ffffff;
  12468: ffffff;
  12469: ffffff;
  12470: ffffff;
  12471: ffffff;
  12472: ffffff;
  12473: ffffff;
  12474: ffffff;
  12475: ffffff;
  12476: ffffff;
  12477: ffffff;
  12478: ffffff;
  12479: ffffff;
  12480: ffffff;
  12481: ffffff;
  12482: ffffff;
  12483: ffffff;
  12484: ffffff;
  12485: ffffff;
  12486: ffffff;
  12487: ffffff;
  12488: ffffff;
  12489: ffffff;
  12490: ffffff;
  12491: ffffff;
  12492: ffffff;
  12493: ffffff;
  12494: ffffff;
  12495: ffffff;
  12496: fefefe;
  12497: ffffff;
  12498: ffffff;
  12499: fcfcfc;
  12500: 2c2c2c;
  12501: 0;
  12502: 0;
  12503: 30303;
  12504: 0;
  12505: 0;
  12506: 0;
  12507: 0;
  12508: 0;
  12509: 0;
  12510: 0;
  12511: 0;
  12512: 0;
  12513: 0;
  12514: 0;
  12515: 0;
  12516: 0;
  12517: 0;
  12518: 0;
  12519: 0;
  12520: 0;
  12521: 0;
  12522: ffffff;
  12523: ffffff;
  12524: ffffff;
  12525: fefefe;
  12526: ffffff;
  12527: fdfdfd;
  12528: ffffff;
  12529: ffffff;
  12530: ffffff;
  12531: ffffff;
  12532: ffffff;
  12533: ffffff;
  12534: ffffff;
  12535: ffffff;
  12536: ffffff;
  12537: ffffff;
  12538: ffffff;
  12539: ffffff;
  12540: ffffff;
  12541: ffffff;
  12542: ffffff;
  12543: ffffff;
  12544: ffffff;
  12545: ffffff;
  12546: ffffff;
  12547: ffffff;
  12548: ffffff;
  12549: ffffff;
  12550: ffffff;
  12551: ffffff;
  12552: ffffff;
  12553: ffffff;
  12554: ffffff;
  12555: ffffff;
  12556: ffffff;
  12557: ffffff;
  12558: ffffff;
  12559: ffffff;
  12560: ffffff;
  12561: fbfbfb;
  12562: ffffff;
  12563: ffffff;
  12564: ffffff;
  12565: 7e7e7e;
  12566: 40404;
  12567: 0;
  12568: 0;
  12569: 0;
  12570: 0;
  12571: 0;
  12572: 0;
  12573: 0;
  12574: 0;
  12575: 0;
  12576: 0;
  12577: 0;
  12578: 0;
  12579: 0;
  12580: 0;
  12581: 0;
  12582: 0;
  12583: 0;
  12584: 0;
  12585: 0;
  12586: 0;
  12587: 10101;
  12588: fefefe;
  12589: ffffff;
  12590: ffffff;
  12591: ffffff;
  12592: ffffff;
  12593: ffffff;
  12594: ffffff;
  12595: ffffff;
  12596: ffffff;
  12597: ffffff;
  12598: ffffff;
  12599: ffffff;
  12600: ffffff;
  12601: ffffff;
  12602: ffffff;
  12603: ffffff;
  12604: ffffff;
  12605: ffffff;
  12606: ffffff;
  12607: ffffff;
  12608: ffffff;
  12609: ffffff;
  12610: ffffff;
  12611: ffffff;
  12612: ffffff;
  12613: ffffff;
  12614: ffffff;
  12615: ffffff;
  12616: ffffff;
  12617: ffffff;
  12618: ffffff;
  12619: ffffff;
  12620: ffffff;
  12621: ffffff;
  12622: ffffff;
  12623: ffffff;
  12624: ffffff;
  12625: ffffff;
  12626: ffffff;
  12627: ffffff;
  12628: 2a2a2a;
  12629: 10101;
  12630: 10101;
  12631: 0;
  12632: 0;
  12633: 0;
  12634: 0;
  12635: 0;
  12636: 0;
  12637: 0;
  12638: 0;
  12639: 0;
  12640: 0;
  12641: 0;
  12642: 0;
  12643: 0;
  12644: 0;
  12645: 0;
  12646: 0;
  12647: 0;
  12648: 0;
  12649: 50505;
  12650: fcfcfc;
  12651: ffffff;
  12652: ffffff;
  12653: ffffff;
  12654: fbfbfb;
  12655: fefefe;
  12656: ffffff;
  12657: ffffff;
  12658: ffffff;
  12659: ffffff;
  12660: ffffff;
  12661: ffffff;
  12662: ffffff;
  12663: ffffff;
  12664: ffffff;
  12665: ffffff;
  12666: ffffff;
  12667: ffffff;
  12668: ffffff;
  12669: ffffff;
  12670: ffffff;
  12671: ffffff;
  12672: fefefe;
  12673: fefefe;
  12674: fefefe;
  12675: fefefe;
  12676: fefefe;
  12677: fefefe;
  12678: fefefe;
  12679: fefefe;
  12680: fefefe;
  12681: fefefe;
  12682: fefefe;
  12683: fefefe;
  12684: fefefe;
  12685: fefefe;
  12686: fefefe;
  12687: fefefe;
  12688: ffffff;
  12689: ffffff;
  12690: ffffff;
  12691: fafafa;
  12692: fefefe;
  12693: 818181;
  12694: 0;
  12695: 50505;
  12696: 0;
  12697: 0;
  12698: 0;
  12699: 0;
  12700: 0;
  12701: 0;
  12702: 0;
  12703: 0;
  12704: 0;
  12705: 0;
  12706: 0;
  12707: 0;
  12708: 0;
  12709: 0;
  12710: 0;
  12711: 0;
  12712: 10101;
  12713: 0;
  12714: 50505;
  12715: 0;
  12716: ffffff;
  12717: fbfbfb;
  12718: ffffff;
  12719: fefefe;
  12720: fefefe;
  12721: fefefe;
  12722: fefefe;
  12723: fefefe;
  12724: fefefe;
  12725: fefefe;
  12726: fefefe;
  12727: fefefe;
  12728: fefefe;
  12729: fefefe;
  12730: fefefe;
  12731: fefefe;
  12732: fefefe;
  12733: fefefe;
  12734: fefefe;
  12735: fefefe;
  12736: fefefe;
  12737: fefefe;
  12738: fefefe;
  12739: fefefe;
  12740: fefefe;
  12741: fefefe;
  12742: fefefe;
  12743: fefefe;
  12744: fefefe;
  12745: fefefe;
  12746: fefefe;
  12747: fefefe;
  12748: fefefe;
  12749: fefefe;
  12750: fefefe;
  12751: fefefe;
  12752: fdfdfd;
  12753: fdfdfd;
  12754: ffffff;
  12755: ffffff;
  12756: 2d2d2d;
  12757: 10101;
  12758: 20202;
  12759: 10101;
  12760: 0;
  12761: 0;
  12762: 0;
  12763: 0;
  12764: 0;
  12765: 0;
  12766: 0;
  12767: 0;
  12768: 0;
  12769: 0;
  12770: 0;
  12771: 0;
  12772: 0;
  12773: 0;
  12774: 0;
  12775: 0;
  12776: 40404;
  12777: 0;
  12778: ffffff;
  12779: ffffff;
  12780: fafafa;
  12781: ffffff;
  12782: ffffff;
  12783: ffffff;
  12784: fefefe;
  12785: fefefe;
  12786: fefefe;
  12787: fefefe;
  12788: fefefe;
  12789: fefefe;
  12790: fefefe;
  12791: fefefe;
  12792: fefefe;
  12793: fefefe;
  12794: fefefe;
  12795: fefefe;
  12796: fefefe;
  12797: fefefe;
  12798: fefefe;
  12799: fefefe;
  12800: ffffff;
  12801: ffffff;
  12802: ffffff;
  12803: ffffff;
  12804: ffffff;
  12805: ffffff;
  12806: ffffff;
  12807: ffffff;
  12808: ffffff;
  12809: ffffff;
  12810: ffffff;
  12811: ffffff;
  12812: ffffff;
  12813: ffffff;
  12814: ffffff;
  12815: ffffff;
  12816: fdfdfd;
  12817: ffffff;
  12818: fdfdfd;
  12819: ffffff;
  12820: ffffff;
  12821: 7f7f7f;
  12822: 10101;
  12823: 0;
  12824: 0;
  12825: 0;
  12826: 0;
  12827: 0;
  12828: 0;
  12829: 0;
  12830: 0;
  12831: 0;
  12832: 0;
  12833: 0;
  12834: 0;
  12835: 0;
  12836: 0;
  12837: 0;
  12838: 0;
  12839: 0;
  12840: 10101;
  12841: 0;
  12842: 0;
  12843: 0;
  12844: fefefe;
  12845: ffffff;
  12846: ffffff;
  12847: fefefe;
  12848: fefefe;
  12849: fefefe;
  12850: fefefe;
  12851: fefefe;
  12852: fefefe;
  12853: fefefe;
  12854: fefefe;
  12855: fefefe;
  12856: fefefe;
  12857: fefefe;
  12858: fefefe;
  12859: fefefe;
  12860: fefefe;
  12861: fefefe;
  12862: fefefe;
  12863: fefefe;
  12864: fefefe;
  12865: fefefe;
  12866: fefefe;
  12867: fefefe;
  12868: fefefe;
  12869: fefefe;
  12870: fefefe;
  12871: fefefe;
  12872: fefefe;
  12873: fefefe;
  12874: fefefe;
  12875: fefefe;
  12876: fefefe;
  12877: fefefe;
  12878: fefefe;
  12879: fefefe;
  12880: ffffff;
  12881: ffffff;
  12882: ffffff;
  12883: f8f8f8;
  12884: 333333;
  12885: 0;
  12886: 0;
  12887: 0;
  12888: 0;
  12889: 0;
  12890: 0;
  12891: 0;
  12892: 0;
  12893: 0;
  12894: 0;
  12895: 0;
  12896: 0;
  12897: 0;
  12898: 0;
  12899: 0;
  12900: 0;
  12901: 0;
  12902: 0;
  12903: 0;
  12904: 0;
  12905: 20202;
  12906: fdfdfd;
  12907: ffffff;
  12908: ffffff;
  12909: fdfdfd;
  12910: ffffff;
  12911: fdfdfd;
  12912: ffffff;
  12913: ffffff;
  12914: ffffff;
  12915: ffffff;
  12916: ffffff;
  12917: ffffff;
  12918: ffffff;
  12919: ffffff;
  12920: ffffff;
  12921: ffffff;
  12922: ffffff;
  12923: ffffff;
  12924: ffffff;
  12925: ffffff;
  12926: ffffff;
  12927: ffffff;
  12928: fefefe;
  12929: fefefe;
  12930: fefefe;
  12931: fefefe;
  12932: fefefe;
  12933: fefefe;
  12934: fefefe;
  12935: fefefe;
  12936: fefefe;
  12937: fefefe;
  12938: fefefe;
  12939: fefefe;
  12940: fefefe;
  12941: fefefe;
  12942: fefefe;
  12943: fefefe;
  12944: ffffff;
  12945: fefefe;
  12946: ffffff;
  12947: ffffff;
  12948: f9f9f9;
  12949: 7e7e7e;
  12950: 0;
  12951: 40404;
  12952: 0;
  12953: 0;
  12954: 0;
  12955: 0;
  12956: 0;
  12957: 0;
  12958: 0;
  12959: 0;
  12960: 0;
  12961: 0;
  12962: 0;
  12963: 0;
  12964: 0;
  12965: 0;
  12966: 0;
  12967: 0;
  12968: 0;
  12969: 30303;
  12970: 0;
  12971: 0;
  12972: ffffff;
  12973: ffffff;
  12974: fbfbfb;
  12975: ffffff;
  12976: ffffff;
  12977: ffffff;
  12978: ffffff;
  12979: ffffff;
  12980: ffffff;
  12981: ffffff;
  12982: ffffff;
  12983: ffffff;
  12984: ffffff;
  12985: ffffff;
  12986: ffffff;
  12987: ffffff;
  12988: ffffff;
  12989: ffffff;
  12990: ffffff;
  12991: ffffff;
  12992: ffffff;
  12993: ffffff;
  12994: ffffff;
  12995: ffffff;
  12996: ffffff;
  12997: ffffff;
  12998: ffffff;
  12999: ffffff;
  13000: ffffff;
  13001: ffffff;
  13002: ffffff;
  13003: ffffff;
  13004: ffffff;
  13005: ffffff;
  13006: ffffff;
  13007: ffffff;
  13008: ffffff;
  13009: fdfdfd;
  13010: ffffff;
  13011: ffffff;
  13012: 2d2d2d;
  13013: 0;
  13014: 20202;
  13015: 10101;
  13016: 0;
  13017: 0;
  13018: 0;
  13019: 0;
  13020: 0;
  13021: 0;
  13022: 0;
  13023: 0;
  13024: 0;
  13025: 0;
  13026: 0;
  13027: 0;
  13028: 0;
  13029: 0;
  13030: 0;
  13031: 0;
  13032: 40404;
  13033: 10101;
  13034: fdfdfd;
  13035: fafafa;
  13036: ffffff;
  13037: ffffff;
  13038: fefefe;
  13039: fefefe;
  13040: fefefe;
  13041: fefefe;
  13042: fefefe;
  13043: fefefe;
  13044: fefefe;
  13045: fefefe;
  13046: fefefe;
  13047: fefefe;
  13048: fefefe;
  13049: fefefe;
  13050: fefefe;
  13051: fefefe;
  13052: fefefe;
  13053: fefefe;
  13054: fefefe;
  13055: fefefe;
  13056: ffffff;
  13057: ffffff;
  13058: ffffff;
  13059: ffffff;
  13060: ffffff;
  13061: ffffff;
  13062: ffffff;
  13063: ffffff;
  13064: ffffff;
  13065: ffffff;
  13066: ffffff;
  13067: ffffff;
  13068: ffffff;
  13069: ffffff;
  13070: ffffff;
  13071: ffffff;
  13072: ffffff;
  13073: fdfdfd;
  13074: ffffff;
  13075: ffffff;
  13076: ffffff;
  13077: 828282;
  13078: 0;
  13079: 0;
  13080: 0;
  13081: 0;
  13082: 0;
  13083: 0;
  13084: 0;
  13085: 0;
  13086: 0;
  13087: 0;
  13088: 0;
  13089: 0;
  13090: 0;
  13091: 0;
  13092: 0;
  13093: 0;
  13094: 0;
  13095: 0;
  13096: 10101;
  13097: 0;
  13098: 10101;
  13099: 0;
  13100: ffffff;
  13101: fefefe;
  13102: ffffff;
  13103: fdfdfd;
  13104: fefefe;
  13105: fefefe;
  13106: fefefe;
  13107: fefefe;
  13108: fefefe;
  13109: fefefe;
  13110: fefefe;
  13111: fefefe;
  13112: fefefe;
  13113: fefefe;
  13114: fefefe;
  13115: fefefe;
  13116: fefefe;
  13117: fefefe;
  13118: fefefe;
  13119: fefefe;
  13120: fefefe;
  13121: fefefe;
  13122: fefefe;
  13123: fefefe;
  13124: fefefe;
  13125: fefefe;
  13126: fefefe;
  13127: fefefe;
  13128: fefefe;
  13129: fefefe;
  13130: fefefe;
  13131: fefefe;
  13132: fefefe;
  13133: fefefe;
  13134: fefefe;
  13135: fefefe;
  13136: fdfdfd;
  13137: ffffff;
  13138: ffffff;
  13139: fcfcfc;
  13140: 2c2c2c;
  13141: 0;
  13142: 0;
  13143: 0;
  13144: 0;
  13145: 0;
  13146: 0;
  13147: 0;
  13148: 0;
  13149: 0;
  13150: 0;
  13151: 0;
  13152: 0;
  13153: 0;
  13154: 0;
  13155: 0;
  13156: 0;
  13157: 0;
  13158: 0;
  13159: 0;
  13160: 0;
  13161: 10101;
  13162: ffffff;
  13163: ffffff;
  13164: ffffff;
  13165: ffffff;
  13166: fefefe;
  13167: ffffff;
  13168: ffffff;
  13169: ffffff;
  13170: ffffff;
  13171: ffffff;
  13172: ffffff;
  13173: ffffff;
  13174: ffffff;
  13175: ffffff;
  13176: ffffff;
  13177: ffffff;
  13178: ffffff;
  13179: ffffff;
  13180: ffffff;
  13181: ffffff;
  13182: ffffff;
  13183: ffffff;
  13184: 30303;
  13185: 30303;
  13186: 30303;
  13187: 30303;
  13188: 30303;
  13189: 30303;
  13190: 30303;
  13191: 30303;
  13192: 30303;
  13193: 30303;
  13194: 30303;
  13195: 30303;
  13196: 30303;
  13197: 30303;
  13198: 30303;
  13199: 30303;
  13200: 30303;
  13201: 30303;
  13202: ffffff;
  13203: fefefe;
  13204: ffffff;
  13205: 7f7f7f;
  13206: 0;
  13207: 20202;
  13208: 0;
  13209: 0;
  13210: 0;
  13211: 0;
  13212: 0;
  13213: 0;
  13214: 0;
  13215: 0;
  13216: 0;
  13217: 0;
  13218: 0;
  13219: 0;
  13220: 0;
  13221: 0;
  13222: 0;
  13223: 0;
  13224: 10101;
  13225: 0;
  13226: 10101;
  13227: 0;
  13228: 7d7d7d;
  13229: 777777;
  13230: 747474;
  13231: 747474;
  13232: 747474;
  13233: 747474;
  13234: 747474;
  13235: 747474;
  13236: 747474;
  13237: 747474;
  13238: 747474;
  13239: 747474;
  13240: 747474;
  13241: 747474;
  13242: 747474;
  13243: 747474;
  13244: 747474;
  13245: 747474;
  13246: 747474;
  13247: 747474;
  13248: 747474;
  13249: 747474;
  13250: 747474;
  13251: 747474;
  13252: 747474;
  13253: 747474;
  13254: 747474;
  13255: 747474;
  13256: 747474;
  13257: 747474;
  13258: 747474;
  13259: 747474;
  13260: 747474;
  13261: 747474;
  13262: 747474;
  13263: 747474;
  13264: 757575;
  13265: 767676;
  13266: 727272;
  13267: 767676;
  13268: 131313;
  13269: 0;
  13270: 30303;
  13271: 0;
  13272: 0;
  13273: 0;
  13274: 0;
  13275: 0;
  13276: 0;
  13277: 0;
  13278: 0;
  13279: 0;
  13280: 0;
  13281: 0;
  13282: 0;
  13283: 0;
  13284: 0;
  13285: 0;
  13286: 0;
  13287: 0;
  13288: 20202;
  13289: 0;
  13290: fefefe;
  13291: ffffff;
  13292: fefefe;
  13293: ffffff;
  13294: 40404;
  13295: 20202;
  13296: 30303;
  13297: 30303;
  13298: 30303;
  13299: 30303;
  13300: 30303;
  13301: 30303;
  13302: 30303;
  13303: 30303;
  13304: 30303;
  13305: 30303;
  13306: 30303;
  13307: 30303;
  13308: 30303;
  13309: 30303;
  13310: 30303;
  13311: 30303;
  13312: 0;
  13313: 0;
  13314: 0;
  13315: 0;
  13316: 0;
  13317: 0;
  13318: 0;
  13319: 0;
  13320: 0;
  13321: 0;
  13322: 0;
  13323: 0;
  13324: 0;
  13325: 0;
  13326: 0;
  13327: 0;
  13328: 0;
  13329: 0;
  13330: ffffff;
  13331: ffffff;
  13332: ffffff;
  13333: 7e7e7e;
  13334: 0;
  13335: 0;
  13336: 0;
  13337: 0;
  13338: 0;
  13339: 0;
  13340: 0;
  13341: 0;
  13342: 0;
  13343: 0;
  13344: 0;
  13345: 0;
  13346: 0;
  13347: 0;
  13348: 0;
  13349: 0;
  13350: 0;
  13351: 0;
  13352: 0;
  13353: 0;
  13354: 0;
  13355: 0;
  13356: 0;
  13357: 0;
  13358: 0;
  13359: 0;
  13360: 0;
  13361: 0;
  13362: 0;
  13363: 0;
  13364: 0;
  13365: 0;
  13366: 0;
  13367: 0;
  13368: 0;
  13369: 0;
  13370: 0;
  13371: 0;
  13372: 0;
  13373: 0;
  13374: 0;
  13375: 0;
  13376: 0;
  13377: 0;
  13378: 0;
  13379: 0;
  13380: 0;
  13381: 0;
  13382: 0;
  13383: 0;
  13384: 0;
  13385: 0;
  13386: 0;
  13387: 0;
  13388: 0;
  13389: 0;
  13390: 0;
  13391: 0;
  13392: 0;
  13393: 0;
  13394: 0;
  13395: 0;
  13396: 0;
  13397: 0;
  13398: 0;
  13399: 0;
  13400: 0;
  13401: 0;
  13402: 0;
  13403: 0;
  13404: 0;
  13405: 0;
  13406: 0;
  13407: 0;
  13408: 0;
  13409: 0;
  13410: 0;
  13411: 0;
  13412: 0;
  13413: 0;
  13414: 0;
  13415: 0;
  13416: 0;
  13417: 0;
  13418: ffffff;
  13419: ffffff;
  13420: ffffff;
  13421: ffffff;
  13422: 0;
  13423: 0;
  13424: 0;
  13425: 0;
  13426: 0;
  13427: 0;
  13428: 0;
  13429: 0;
  13430: 0;
  13431: 0;
  13432: 0;
  13433: 0;
  13434: 0;
  13435: 0;
  13436: 0;
  13437: 0;
  13438: 0;
  13439: 0;
  13440: 0;
  13441: 0;
  13442: 0;
  13443: 0;
  13444: 0;
  13445: 0;
  13446: 0;
  13447: 0;
  13448: 0;
  13449: 0;
  13450: 0;
  13451: 0;
  13452: 0;
  13453: 0;
  13454: 0;
  13455: 0;
  13456: 0;
  13457: 0;
  13458: ffffff;
  13459: ffffff;
  13460: ffffff;
  13461: 7e7e7e;
  13462: 0;
  13463: 0;
  13464: 0;
  13465: 0;
  13466: 0;
  13467: 0;
  13468: 0;
  13469: 0;
  13470: 0;
  13471: 0;
  13472: 0;
  13473: 0;
  13474: 0;
  13475: 0;
  13476: 0;
  13477: 0;
  13478: 0;
  13479: 0;
  13480: 0;
  13481: 0;
  13482: 0;
  13483: 0;
  13484: 0;
  13485: 0;
  13486: 0;
  13487: 0;
  13488: 0;
  13489: 0;
  13490: 0;
  13491: 0;
  13492: 0;
  13493: 0;
  13494: 0;
  13495: 0;
  13496: 0;
  13497: 0;
  13498: 0;
  13499: 0;
  13500: 0;
  13501: 0;
  13502: 0;
  13503: 0;
  13504: 0;
  13505: 0;
  13506: 0;
  13507: 0;
  13508: 0;
  13509: 0;
  13510: 0;
  13511: 0;
  13512: 0;
  13513: 0;
  13514: 0;
  13515: 0;
  13516: 0;
  13517: 0;
  13518: 0;
  13519: 0;
  13520: 0;
  13521: 0;
  13522: 0;
  13523: 0;
  13524: 0;
  13525: 0;
  13526: 0;
  13527: 0;
  13528: 0;
  13529: 0;
  13530: 0;
  13531: 0;
  13532: 0;
  13533: 0;
  13534: 0;
  13535: 0;
  13536: 0;
  13537: 0;
  13538: 0;
  13539: 0;
  13540: 0;
  13541: 0;
  13542: 0;
  13543: 0;
  13544: 0;
  13545: 0;
  13546: ffffff;
  13547: ffffff;
  13548: ffffff;
  13549: ffffff;
  13550: 0;
  13551: 0;
  13552: 0;
  13553: 0;
  13554: 0;
  13555: 0;
  13556: 0;
  13557: 0;
  13558: 0;
  13559: 0;
  13560: 0;
  13561: 0;
  13562: 0;
  13563: 0;
  13564: 0;
  13565: 0;
  13566: 0;
  13567: 0;
  13568: 0;
  13569: 0;
  13570: 0;
  13571: 0;
  13572: 0;
  13573: 0;
  13574: 0;
  13575: 0;
  13576: 0;
  13577: 0;
  13578: 0;
  13579: 0;
  13580: 0;
  13581: 0;
  13582: 0;
  13583: 0;
  13584: 0;
  13585: 0;
  13586: ffffff;
  13587: ffffff;
  13588: ffffff;
  13589: 7e7e7e;
  13590: 0;
  13591: 0;
  13592: 0;
  13593: 0;
  13594: 0;
  13595: 0;
  13596: 0;
  13597: 0;
  13598: 0;
  13599: 0;
  13600: 0;
  13601: 0;
  13602: 0;
  13603: 0;
  13604: 0;
  13605: 0;
  13606: 0;
  13607: 0;
  13608: 0;
  13609: 0;
  13610: 0;
  13611: 0;
  13612: 0;
  13613: 0;
  13614: 0;
  13615: 0;
  13616: 0;
  13617: 0;
  13618: 0;
  13619: 0;
  13620: 0;
  13621: 0;
  13622: 0;
  13623: 0;
  13624: 0;
  13625: 0;
  13626: 0;
  13627: 0;
  13628: 0;
  13629: 0;
  13630: 0;
  13631: 0;
  13632: 0;
  13633: 0;
  13634: 0;
  13635: 0;
  13636: 0;
  13637: 0;
  13638: 0;
  13639: 0;
  13640: 0;
  13641: 0;
  13642: 0;
  13643: 0;
  13644: 0;
  13645: 0;
  13646: 0;
  13647: 0;
  13648: 0;
  13649: 0;
  13650: 0;
  13651: 0;
  13652: 0;
  13653: 0;
  13654: 0;
  13655: 0;
  13656: 0;
  13657: 0;
  13658: 0;
  13659: 0;
  13660: 0;
  13661: 0;
  13662: 0;
  13663: 0;
  13664: 0;
  13665: 0;
  13666: 0;
  13667: 0;
  13668: 0;
  13669: 0;
  13670: 0;
  13671: 0;
  13672: 0;
  13673: 0;
  13674: ffffff;
  13675: ffffff;
  13676: ffffff;
  13677: ffffff;
  13678: 0;
  13679: 0;
  13680: 0;
  13681: 0;
  13682: 0;
  13683: 0;
  13684: 0;
  13685: 0;
  13686: 0;
  13687: 0;
  13688: 0;
  13689: 0;
  13690: 0;
  13691: 0;
  13692: 0;
  13693: 0;
  13694: 0;
  13695: 0;
  13696: 0;
  13697: 0;
  13698: 0;
  13699: 0;
  13700: 0;
  13701: 0;
  13702: 0;
  13703: 0;
  13704: 0;
  13705: 0;
  13706: 0;
  13707: 0;
  13708: 0;
  13709: 0;
  13710: 0;
  13711: 0;
  13712: 0;
  13713: 0;
  13714: ffffff;
  13715: ffffff;
  13716: ffffff;
  13717: 7e7e7e;
  13718: 0;
  13719: 0;
  13720: 0;
  13721: 0;
  13722: 0;
  13723: 0;
  13724: 0;
  13725: 0;
  13726: 0;
  13727: 0;
  13728: 0;
  13729: 0;
  13730: 0;
  13731: 0;
  13732: 0;
  13733: 0;
  13734: 0;
  13735: 0;
  13736: 0;
  13737: 0;
  13738: 0;
  13739: 0;
  13740: 0;
  13741: 0;
  13742: 0;
  13743: 0;
  13744: 0;
  13745: 0;
  13746: 0;
  13747: 0;
  13748: 0;
  13749: 0;
  13750: 0;
  13751: 0;
  13752: 0;
  13753: 0;
  13754: 0;
  13755: 0;
  13756: 0;
  13757: 0;
  13758: 0;
  13759: 0;
  13760: 0;
  13761: 0;
  13762: 0;
  13763: 0;
  13764: 0;
  13765: 0;
  13766: 0;
  13767: 0;
  13768: 0;
  13769: 0;
  13770: 0;
  13771: 0;
  13772: 0;
  13773: 0;
  13774: 0;
  13775: 0;
  13776: 0;
  13777: 0;
  13778: 0;
  13779: 0;
  13780: 0;
  13781: 0;
  13782: 0;
  13783: 0;
  13784: 0;
  13785: 0;
  13786: 0;
  13787: 0;
  13788: 0;
  13789: 0;
  13790: 0;
  13791: 0;
  13792: 0;
  13793: 0;
  13794: 0;
  13795: 0;
  13796: 0;
  13797: 0;
  13798: 0;
  13799: 0;
  13800: 0;
  13801: 0;
  13802: ffffff;
  13803: ffffff;
  13804: ffffff;
  13805: ffffff;
  13806: 0;
  13807: 0;
  13808: 0;
  13809: 0;
  13810: 0;
  13811: 0;
  13812: 0;
  13813: 0;
  13814: 0;
  13815: 0;
  13816: 0;
  13817: 0;
  13818: 0;
  13819: 0;
  13820: 0;
  13821: 0;
  13822: 0;
  13823: 0;
  13824: 0;
  13825: 0;
  13826: 0;
  13827: 0;
  13828: 0;
  13829: 0;
  13830: 0;
  13831: 0;
  13832: 0;
  13833: 0;
  13834: 0;
  13835: 0;
  13836: 0;
  13837: 0;
  13838: 0;
  13839: 0;
  13840: 0;
  13841: 0;
  13842: ffffff;
  13843: ffffff;
  13844: ffffff;
  13845: 7e7e7e;
  13846: 0;
  13847: 0;
  13848: 0;
  13849: 0;
  13850: 0;
  13851: 0;
  13852: 0;
  13853: 0;
  13854: 0;
  13855: 0;
  13856: 0;
  13857: 0;
  13858: 0;
  13859: 0;
  13860: 0;
  13861: 0;
  13862: 0;
  13863: 0;
  13864: 0;
  13865: 0;
  13866: 0;
  13867: 0;
  13868: 0;
  13869: 0;
  13870: 0;
  13871: 0;
  13872: 0;
  13873: 0;
  13874: 0;
  13875: 0;
  13876: 0;
  13877: 0;
  13878: 0;
  13879: 0;
  13880: 0;
  13881: 0;
  13882: 0;
  13883: 0;
  13884: 0;
  13885: 0;
  13886: 0;
  13887: 0;
  13888: 0;
  13889: 0;
  13890: 0;
  13891: 0;
  13892: 0;
  13893: 0;
  13894: 0;
  13895: 0;
  13896: 0;
  13897: 0;
  13898: 0;
  13899: 0;
  13900: 0;
  13901: 0;
  13902: 0;
  13903: 0;
  13904: 0;
  13905: 0;
  13906: 0;
  13907: 0;
  13908: 0;
  13909: 0;
  13910: 0;
  13911: 0;
  13912: 0;
  13913: 0;
  13914: 0;
  13915: 0;
  13916: 0;
  13917: 0;
  13918: 0;
  13919: 0;
  13920: 0;
  13921: 0;
  13922: 0;
  13923: 0;
  13924: 0;
  13925: 0;
  13926: 0;
  13927: 0;
  13928: 0;
  13929: 0;
  13930: ffffff;
  13931: ffffff;
  13932: ffffff;
  13933: ffffff;
  13934: 0;
  13935: 0;
  13936: 0;
  13937: 0;
  13938: 0;
  13939: 0;
  13940: 0;
  13941: 0;
  13942: 0;
  13943: 0;
  13944: 0;
  13945: 0;
  13946: 0;
  13947: 0;
  13948: 0;
  13949: 0;
  13950: 0;
  13951: 0;
  13952: 0;
  13953: 0;
  13954: 0;
  13955: 0;
  13956: 0;
  13957: 0;
  13958: 0;
  13959: 0;
  13960: 0;
  13961: 0;
  13962: 0;
  13963: 0;
  13964: 0;
  13965: 0;
  13966: 0;
  13967: 0;
  13968: 0;
  13969: 0;
  13970: ffffff;
  13971: ffffff;
  13972: ffffff;
  13973: 7e7e7e;
  13974: 0;
  13975: 0;
  13976: 0;
  13977: 0;
  13978: 0;
  13979: 0;
  13980: 0;
  13981: 0;
  13982: 0;
  13983: 0;
  13984: 0;
  13985: 0;
  13986: 0;
  13987: 0;
  13988: 0;
  13989: 0;
  13990: 0;
  13991: 0;
  13992: 0;
  13993: 0;
  13994: 0;
  13995: 0;
  13996: 0;
  13997: 0;
  13998: 0;
  13999: 0;
  14000: 0;
  14001: 0;
  14002: 0;
  14003: 0;
  14004: 0;
  14005: 0;
  14006: 0;
  14007: 0;
  14008: 0;
  14009: 0;
  14010: 0;
  14011: 0;
  14012: 0;
  14013: 0;
  14014: 0;
  14015: 0;
  14016: 0;
  14017: 0;
  14018: 0;
  14019: 0;
  14020: 0;
  14021: 0;
  14022: 0;
  14023: 0;
  14024: 0;
  14025: 0;
  14026: 0;
  14027: 0;
  14028: 0;
  14029: 0;
  14030: 0;
  14031: 0;
  14032: 0;
  14033: 0;
  14034: 0;
  14035: 0;
  14036: 0;
  14037: 0;
  14038: 0;
  14039: 0;
  14040: 0;
  14041: 0;
  14042: 0;
  14043: 0;
  14044: 0;
  14045: 0;
  14046: 0;
  14047: 0;
  14048: 0;
  14049: 0;
  14050: 0;
  14051: 0;
  14052: 0;
  14053: 0;
  14054: 0;
  14055: 0;
  14056: 0;
  14057: 0;
  14058: ffffff;
  14059: ffffff;
  14060: ffffff;
  14061: ffffff;
  14062: 0;
  14063: 0;
  14064: 0;
  14065: 0;
  14066: 0;
  14067: 0;
  14068: 0;
  14069: 0;
  14070: 0;
  14071: 0;
  14072: 0;
  14073: 0;
  14074: 0;
  14075: 0;
  14076: 0;
  14077: 0;
  14078: 0;
  14079: 0;
  14080: 0;
  14081: 0;
  14082: 0;
  14083: 0;
  14084: 0;
  14085: 0;
  14086: 0;
  14087: 0;
  14088: 0;
  14089: 0;
  14090: 0;
  14091: 0;
  14092: 0;
  14093: 0;
  14094: 0;
  14095: 0;
  14096: 0;
  14097: 0;
  14098: ffffff;
  14099: ffffff;
  14100: ffffff;
  14101: 7e7e7e;
  14102: 0;
  14103: 0;
  14104: 0;
  14105: 0;
  14106: 0;
  14107: 0;
  14108: 0;
  14109: 0;
  14110: 0;
  14111: 0;
  14112: 0;
  14113: 0;
  14114: 0;
  14115: 0;
  14116: 0;
  14117: 0;
  14118: 0;
  14119: 0;
  14120: 0;
  14121: 0;
  14122: 0;
  14123: 0;
  14124: 0;
  14125: 0;
  14126: 0;
  14127: 0;
  14128: 0;
  14129: 0;
  14130: 0;
  14131: 0;
  14132: 0;
  14133: 0;
  14134: 0;
  14135: 0;
  14136: 0;
  14137: 0;
  14138: 0;
  14139: 0;
  14140: 0;
  14141: 0;
  14142: 0;
  14143: 0;
  14144: 0;
  14145: 0;
  14146: 0;
  14147: 0;
  14148: 0;
  14149: 0;
  14150: 0;
  14151: 0;
  14152: 0;
  14153: 0;
  14154: 0;
  14155: 0;
  14156: 0;
  14157: 0;
  14158: 0;
  14159: 0;
  14160: 0;
  14161: 0;
  14162: 0;
  14163: 0;
  14164: 0;
  14165: 0;
  14166: 0;
  14167: 0;
  14168: 0;
  14169: 0;
  14170: 0;
  14171: 0;
  14172: 0;
  14173: 0;
  14174: 0;
  14175: 0;
  14176: 0;
  14177: 0;
  14178: 0;
  14179: 0;
  14180: 0;
  14181: 0;
  14182: 0;
  14183: 0;
  14184: 0;
  14185: 0;
  14186: ffffff;
  14187: ffffff;
  14188: ffffff;
  14189: ffffff;
  14190: 0;
  14191: 0;
  14192: 0;
  14193: 0;
  14194: 0;
  14195: 0;
  14196: 0;
  14197: 0;
  14198: 0;
  14199: 0;
  14200: 0;
  14201: 0;
  14202: 0;
  14203: 0;
  14204: 0;
  14205: 0;
  14206: 0;
  14207: 0;
  14208: 0;
  14209: 0;
  14210: 0;
  14211: 0;
  14212: 0;
  14213: 0;
  14214: 0;
  14215: 0;
  14216: 0;
  14217: 0;
  14218: 0;
  14219: 0;
  14220: 0;
  14221: 0;
  14222: 0;
  14223: 0;
  14224: 0;
  14225: 0;
  14226: ffffff;
  14227: ffffff;
  14228: ffffff;
  14229: 7e7e7e;
  14230: 0;
  14231: 0;
  14232: 0;
  14233: 0;
  14234: 0;
  14235: 0;
  14236: 0;
  14237: 0;
  14238: 0;
  14239: 0;
  14240: 0;
  14241: 0;
  14242: 0;
  14243: 0;
  14244: 0;
  14245: 0;
  14246: 0;
  14247: 0;
  14248: 0;
  14249: 0;
  14250: 0;
  14251: 0;
  14252: 0;
  14253: 0;
  14254: 0;
  14255: 0;
  14256: 0;
  14257: 0;
  14258: 0;
  14259: 0;
  14260: 0;
  14261: 0;
  14262: 0;
  14263: 0;
  14264: 0;
  14265: 0;
  14266: 0;
  14267: 0;
  14268: 0;
  14269: 0;
  14270: 0;
  14271: 0;
  14272: 0;
  14273: 0;
  14274: 0;
  14275: 0;
  14276: 0;
  14277: 0;
  14278: 0;
  14279: 0;
  14280: 0;
  14281: 0;
  14282: 0;
  14283: 0;
  14284: 0;
  14285: 0;
  14286: 0;
  14287: 0;
  14288: 0;
  14289: 0;
  14290: 0;
  14291: 0;
  14292: 0;
  14293: 0;
  14294: 0;
  14295: 0;
  14296: 0;
  14297: 0;
  14298: 0;
  14299: 0;
  14300: 0;
  14301: 0;
  14302: 0;
  14303: 0;
  14304: 0;
  14305: 0;
  14306: 0;
  14307: 0;
  14308: 0;
  14309: 0;
  14310: 0;
  14311: 0;
  14312: 0;
  14313: 0;
  14314: ffffff;
  14315: ffffff;
  14316: ffffff;
  14317: ffffff;
  14318: 0;
  14319: 0;
  14320: 0;
  14321: 0;
  14322: 0;
  14323: 0;
  14324: 0;
  14325: 0;
  14326: 0;
  14327: 0;
  14328: 0;
  14329: 0;
  14330: 0;
  14331: 0;
  14332: 0;
  14333: 0;
  14334: 0;
  14335: 0;
  14336: ffffff;
  14337: ffffff;
  14338: ffffff;
  14339: ffffff;
  14340: ffffff;
  14341: ffffff;
  14342: ffffff;
  14343: ffffff;
  14344: ffffff;
  14345: ffffff;
  14346: ffffff;
  14347: ffffff;
  14348: ffffff;
  14349: ffffff;
  14350: ffffff;
  14351: ffffff;
  14352: ffffff;
  14353: ffffff;
  14354: fcfcfc;
  14355: ffffff;
  14356: ffffff;
  14357: 7e7e7e;
  14358: 10101;
  14359: 0;
  14360: 0;
  14361: 0;
  14362: 0;
  14363: 0;
  14364: 0;
  14365: 0;
  14366: 0;
  14367: 0;
  14368: 0;
  14369: 0;
  14370: 0;
  14371: 0;
  14372: 0;
  14373: 0;
  14374: 0;
  14375: 0;
  14376: 0;
  14377: 0;
  14378: 0;
  14379: 0;
  14380: 0;
  14381: 0;
  14382: 0;
  14383: 0;
  14384: 0;
  14385: 0;
  14386: 0;
  14387: 0;
  14388: 0;
  14389: 0;
  14390: 0;
  14391: 0;
  14392: 0;
  14393: 0;
  14394: 0;
  14395: 0;
  14396: 0;
  14397: 0;
  14398: 0;
  14399: 0;
  14400: 0;
  14401: 0;
  14402: 0;
  14403: 0;
  14404: 0;
  14405: 0;
  14406: 0;
  14407: 0;
  14408: 0;
  14409: 0;
  14410: 0;
  14411: 0;
  14412: 0;
  14413: 0;
  14414: 0;
  14415: 0;
  14416: 0;
  14417: 0;
  14418: 0;
  14419: 0;
  14420: 0;
  14421: 0;
  14422: 0;
  14423: 0;
  14424: 0;
  14425: 0;
  14426: 0;
  14427: 0;
  14428: 0;
  14429: 0;
  14430: 0;
  14431: 0;
  14432: 0;
  14433: 0;
  14434: 0;
  14435: 0;
  14436: 0;
  14437: 0;
  14438: 0;
  14439: 0;
  14440: 0;
  14441: 0;
  14442: ffffff;
  14443: ffffff;
  14444: ffffff;
  14445: fefefe;
  14446: ffffff;
  14447: ffffff;
  14448: ffffff;
  14449: ffffff;
  14450: ffffff;
  14451: ffffff;
  14452: ffffff;
  14453: ffffff;
  14454: ffffff;
  14455: ffffff;
  14456: ffffff;
  14457: ffffff;
  14458: ffffff;
  14459: ffffff;
  14460: ffffff;
  14461: ffffff;
  14462: ffffff;
  14463: ffffff;
  14464: ffffff;
  14465: ffffff;
  14466: ffffff;
  14467: ffffff;
  14468: ffffff;
  14469: ffffff;
  14470: ffffff;
  14471: ffffff;
  14472: ffffff;
  14473: ffffff;
  14474: ffffff;
  14475: ffffff;
  14476: ffffff;
  14477: ffffff;
  14478: ffffff;
  14479: ffffff;
  14480: fdfdfd;
  14481: ffffff;
  14482: ffffff;
  14483: ffffff;
  14484: f7f7f7;
  14485: 828282;
  14486: 0;
  14487: 20202;
  14488: 0;
  14489: 0;
  14490: 0;
  14491: 0;
  14492: 0;
  14493: 0;
  14494: 0;
  14495: 0;
  14496: 0;
  14497: 0;
  14498: 0;
  14499: 0;
  14500: 0;
  14501: 0;
  14502: 0;
  14503: 0;
  14504: 0;
  14505: 0;
  14506: 0;
  14507: 0;
  14508: 0;
  14509: 0;
  14510: 0;
  14511: 0;
  14512: 0;
  14513: 0;
  14514: 0;
  14515: 0;
  14516: 0;
  14517: 0;
  14518: 0;
  14519: 0;
  14520: 0;
  14521: 0;
  14522: 0;
  14523: 0;
  14524: 0;
  14525: 0;
  14526: 0;
  14527: 0;
  14528: 0;
  14529: 0;
  14530: 0;
  14531: 0;
  14532: 0;
  14533: 0;
  14534: 0;
  14535: 0;
  14536: 0;
  14537: 0;
  14538: 0;
  14539: 0;
  14540: 0;
  14541: 0;
  14542: 0;
  14543: 0;
  14544: 0;
  14545: 0;
  14546: 0;
  14547: 0;
  14548: 0;
  14549: 0;
  14550: 0;
  14551: 0;
  14552: 0;
  14553: 0;
  14554: 0;
  14555: 0;
  14556: 0;
  14557: 0;
  14558: 0;
  14559: 0;
  14560: 0;
  14561: 0;
  14562: 0;
  14563: 0;
  14564: 0;
  14565: 0;
  14566: 0;
  14567: 0;
  14568: 0;
  14569: 0;
  14570: ffffff;
  14571: ffffff;
  14572: ffffff;
  14573: fefefe;
  14574: ffffff;
  14575: ffffff;
  14576: ffffff;
  14577: ffffff;
  14578: ffffff;
  14579: ffffff;
  14580: ffffff;
  14581: ffffff;
  14582: ffffff;
  14583: ffffff;
  14584: ffffff;
  14585: ffffff;
  14586: ffffff;
  14587: ffffff;
  14588: ffffff;
  14589: ffffff;
  14590: ffffff;
  14591: ffffff;
  14592: ffffff;
  14593: ffffff;
  14594: ffffff;
  14595: ffffff;
  14596: ffffff;
  14597: ffffff;
  14598: ffffff;
  14599: ffffff;
  14600: ffffff;
  14601: ffffff;
  14602: ffffff;
  14603: ffffff;
  14604: ffffff;
  14605: ffffff;
  14606: ffffff;
  14607: ffffff;
  14608: ffffff;
  14609: fefefe;
  14610: fdfdfd;
  14611: ffffff;
  14612: ffffff;
  14613: 7f7f7f;
  14614: 10101;
  14615: 0;
  14616: 0;
  14617: 0;
  14618: 0;
  14619: 0;
  14620: 0;
  14621: 0;
  14622: 0;
  14623: 0;
  14624: 0;
  14625: 0;
  14626: 0;
  14627: 0;
  14628: 0;
  14629: 0;
  14630: 0;
  14631: 0;
  14632: 0;
  14633: 0;
  14634: 0;
  14635: 0;
  14636: 0;
  14637: 0;
  14638: 0;
  14639: 0;
  14640: 0;
  14641: 0;
  14642: 0;
  14643: 0;
  14644: 0;
  14645: 0;
  14646: 0;
  14647: 0;
  14648: 0;
  14649: 0;
  14650: 0;
  14651: 0;
  14652: 0;
  14653: 0;
  14654: 0;
  14655: 0;
  14656: 0;
  14657: 0;
  14658: 0;
  14659: 0;
  14660: 0;
  14661: 0;
  14662: 0;
  14663: 0;
  14664: 0;
  14665: 0;
  14666: 0;
  14667: 0;
  14668: 0;
  14669: 0;
  14670: 0;
  14671: 0;
  14672: 0;
  14673: 0;
  14674: 0;
  14675: 0;
  14676: 0;
  14677: 0;
  14678: 0;
  14679: 0;
  14680: 0;
  14681: 0;
  14682: 0;
  14683: 0;
  14684: 0;
  14685: 0;
  14686: 0;
  14687: 0;
  14688: 0;
  14689: 0;
  14690: 0;
  14691: 0;
  14692: 0;
  14693: 0;
  14694: 0;
  14695: 0;
  14696: 0;
  14697: 0;
  14698: ffffff;
  14699: ffffff;
  14700: ffffff;
  14701: fefefe;
  14702: ffffff;
  14703: ffffff;
  14704: ffffff;
  14705: ffffff;
  14706: ffffff;
  14707: ffffff;
  14708: ffffff;
  14709: ffffff;
  14710: ffffff;
  14711: ffffff;
  14712: ffffff;
  14713: ffffff;
  14714: ffffff;
  14715: ffffff;
  14716: ffffff;
  14717: ffffff;
  14718: ffffff;
  14719: ffffff;
  14720: ffffff;
  14721: ffffff;
  14722: ffffff;
  14723: ffffff;
  14724: ffffff;
  14725: ffffff;
  14726: ffffff;
  14727: ffffff;
  14728: ffffff;
  14729: ffffff;
  14730: ffffff;
  14731: ffffff;
  14732: ffffff;
  14733: ffffff;
  14734: ffffff;
  14735: ffffff;
  14736: ffffff;
  14737: fcfcfc;
  14738: fefefe;
  14739: ffffff;
  14740: ffffff;
  14741: 7a7a7a;
  14742: 10101;
  14743: 0;
  14744: 0;
  14745: 0;
  14746: 0;
  14747: 0;
  14748: 0;
  14749: 0;
  14750: 0;
  14751: 0;
  14752: 0;
  14753: 0;
  14754: 0;
  14755: 0;
  14756: 0;
  14757: 0;
  14758: 0;
  14759: 0;
  14760: 0;
  14761: 0;
  14762: 0;
  14763: 0;
  14764: 0;
  14765: 0;
  14766: 0;
  14767: 0;
  14768: 0;
  14769: 0;
  14770: 0;
  14771: 0;
  14772: 0;
  14773: 0;
  14774: 0;
  14775: 0;
  14776: 0;
  14777: 0;
  14778: 0;
  14779: 0;
  14780: 0;
  14781: 0;
  14782: 0;
  14783: 0;
  14784: 0;
  14785: 0;
  14786: 0;
  14787: 0;
  14788: 0;
  14789: 0;
  14790: 0;
  14791: 0;
  14792: 0;
  14793: 0;
  14794: 0;
  14795: 0;
  14796: 0;
  14797: 0;
  14798: 0;
  14799: 0;
  14800: 0;
  14801: 0;
  14802: 0;
  14803: 0;
  14804: 0;
  14805: 0;
  14806: 0;
  14807: 0;
  14808: 0;
  14809: 0;
  14810: 0;
  14811: 0;
  14812: 0;
  14813: 0;
  14814: 0;
  14815: 0;
  14816: 0;
  14817: 0;
  14818: 0;
  14819: 0;
  14820: 0;
  14821: 0;
  14822: 0;
  14823: 0;
  14824: 0;
  14825: 0;
  14826: ffffff;
  14827: ffffff;
  14828: ffffff;
  14829: fefefe;
  14830: ffffff;
  14831: ffffff;
  14832: ffffff;
  14833: ffffff;
  14834: ffffff;
  14835: ffffff;
  14836: ffffff;
  14837: ffffff;
  14838: ffffff;
  14839: ffffff;
  14840: ffffff;
  14841: ffffff;
  14842: ffffff;
  14843: ffffff;
  14844: ffffff;
  14845: ffffff;
  14846: ffffff;
  14847: ffffff;
  14848: ffffff;
  14849: ffffff;
  14850: ffffff;
  14851: ffffff;
  14852: ffffff;
  14853: ffffff;
  14854: ffffff;
  14855: ffffff;
  14856: ffffff;
  14857: ffffff;
  14858: ffffff;
  14859: ffffff;
  14860: ffffff;
  14861: ffffff;
  14862: ffffff;
  14863: ffffff;
  14864: ffffff;
  14865: fdfdfd;
  14866: ffffff;
  14867: ffffff;
  14868: fbfbfb;
  14869: 828282;
  14870: 0;
  14871: 0;
  14872: 0;
  14873: 0;
  14874: 0;
  14875: 0;
  14876: 0;
  14877: 0;
  14878: 0;
  14879: 0;
  14880: 0;
  14881: 0;
  14882: 0;
  14883: 0;
  14884: 0;
  14885: 0;
  14886: 0;
  14887: 0;
  14888: 0;
  14889: 0;
  14890: 0;
  14891: 0;
  14892: 0;
  14893: 0;
  14894: 0;
  14895: 0;
  14896: 0;
  14897: 0;
  14898: 0;
  14899: 0;
  14900: 0;
  14901: 0;
  14902: 0;
  14903: 0;
  14904: 0;
  14905: 0;
  14906: 0;
  14907: 0;
  14908: 0;
  14909: 0;
  14910: 0;
  14911: 0;
  14912: 0;
  14913: 0;
  14914: 0;
  14915: 0;
  14916: 0;
  14917: 0;
  14918: 0;
  14919: 0;
  14920: 0;
  14921: 0;
  14922: 0;
  14923: 0;
  14924: 0;
  14925: 0;
  14926: 0;
  14927: 0;
  14928: 0;
  14929: 0;
  14930: 0;
  14931: 0;
  14932: 0;
  14933: 0;
  14934: 0;
  14935: 0;
  14936: 0;
  14937: 0;
  14938: 0;
  14939: 0;
  14940: 0;
  14941: 0;
  14942: 0;
  14943: 0;
  14944: 0;
  14945: 0;
  14946: 0;
  14947: 0;
  14948: 0;
  14949: 0;
  14950: 0;
  14951: 0;
  14952: 0;
  14953: 0;
  14954: ffffff;
  14955: ffffff;
  14956: ffffff;
  14957: fefefe;
  14958: ffffff;
  14959: ffffff;
  14960: ffffff;
  14961: ffffff;
  14962: ffffff;
  14963: ffffff;
  14964: ffffff;
  14965: ffffff;
  14966: ffffff;
  14967: ffffff;
  14968: ffffff;
  14969: ffffff;
  14970: ffffff;
  14971: ffffff;
  14972: ffffff;
  14973: ffffff;
  14974: ffffff;
  14975: ffffff;
  14976: ffffff;
  14977: ffffff;
  14978: ffffff;
  14979: ffffff;
  14980: ffffff;
  14981: ffffff;
  14982: ffffff;
  14983: ffffff;
  14984: ffffff;
  14985: ffffff;
  14986: ffffff;
  14987: ffffff;
  14988: ffffff;
  14989: ffffff;
  14990: ffffff;
  14991: ffffff;
  14992: ffffff;
  14993: ffffff;
  14994: fdfdfd;
  14995: ffffff;
  14996: ffffff;
  14997: 7e7e7e;
  14998: 0;
  14999: 0;
  15000: 0;
  15001: 0;
  15002: 0;
  15003: 0;
  15004: 0;
  15005: 0;
  15006: 0;
  15007: 0;
  15008: 0;
  15009: 0;
  15010: 0;
  15011: 0;
  15012: 0;
  15013: 0;
  15014: 0;
  15015: 0;
  15016: 0;
  15017: 0;
  15018: 0;
  15019: 0;
  15020: 0;
  15021: 0;
  15022: 0;
  15023: 0;
  15024: 0;
  15025: 0;
  15026: 0;
  15027: 0;
  15028: 0;
  15029: 0;
  15030: 0;
  15031: 0;
  15032: 0;
  15033: 0;
  15034: 0;
  15035: 0;
  15036: 0;
  15037: 0;
  15038: 0;
  15039: 0;
  15040: 0;
  15041: 0;
  15042: 0;
  15043: 0;
  15044: 0;
  15045: 0;
  15046: 0;
  15047: 0;
  15048: 0;
  15049: 0;
  15050: 0;
  15051: 0;
  15052: 0;
  15053: 0;
  15054: 0;
  15055: 0;
  15056: 0;
  15057: 0;
  15058: 0;
  15059: 0;
  15060: 0;
  15061: 0;
  15062: 0;
  15063: 0;
  15064: 0;
  15065: 0;
  15066: 0;
  15067: 0;
  15068: 0;
  15069: 0;
  15070: 0;
  15071: 0;
  15072: 0;
  15073: 0;
  15074: 0;
  15075: 0;
  15076: 0;
  15077: 0;
  15078: 0;
  15079: 0;
  15080: 0;
  15081: 0;
  15082: ffffff;
  15083: ffffff;
  15084: ffffff;
  15085: fefefe;
  15086: ffffff;
  15087: ffffff;
  15088: ffffff;
  15089: ffffff;
  15090: ffffff;
  15091: ffffff;
  15092: ffffff;
  15093: ffffff;
  15094: ffffff;
  15095: ffffff;
  15096: ffffff;
  15097: ffffff;
  15098: ffffff;
  15099: ffffff;
  15100: ffffff;
  15101: ffffff;
  15102: ffffff;
  15103: ffffff;
  15104: ffffff;
  15105: ffffff;
  15106: ffffff;
  15107: ffffff;
  15108: ffffff;
  15109: ffffff;
  15110: ffffff;
  15111: ffffff;
  15112: ffffff;
  15113: ffffff;
  15114: ffffff;
  15115: ffffff;
  15116: ffffff;
  15117: ffffff;
  15118: ffffff;
  15119: ffffff;
  15120: fafafa;
  15121: ffffff;
  15122: ffffff;
  15123: ffffff;
  15124: ffffff;
  15125: 959595;
  15126: 0;
  15127: 0;
  15128: 0;
  15129: 0;
  15130: 0;
  15131: 0;
  15132: 0;
  15133: 0;
  15134: 0;
  15135: 0;
  15136: 0;
  15137: 0;
  15138: 0;
  15139: 0;
  15140: 0;
  15141: 0;
  15142: 0;
  15143: 0;
  15144: 0;
  15145: 0;
  15146: 0;
  15147: 0;
  15148: 0;
  15149: 0;
  15150: 0;
  15151: 0;
  15152: 0;
  15153: 0;
  15154: 0;
  15155: 0;
  15156: 0;
  15157: 0;
  15158: 0;
  15159: 0;
  15160: 0;
  15161: 0;
  15162: 0;
  15163: 0;
  15164: 0;
  15165: 0;
  15166: 0;
  15167: 0;
  15168: 0;
  15169: 0;
  15170: 0;
  15171: 0;
  15172: 0;
  15173: 0;
  15174: 0;
  15175: 0;
  15176: 0;
  15177: 0;
  15178: 0;
  15179: 0;
  15180: 0;
  15181: 0;
  15182: 0;
  15183: 0;
  15184: 0;
  15185: 0;
  15186: 0;
  15187: 0;
  15188: 0;
  15189: 0;
  15190: 0;
  15191: 0;
  15192: 0;
  15193: 0;
  15194: 0;
  15195: 0;
  15196: 0;
  15197: 0;
  15198: 0;
  15199: 0;
  15200: 0;
  15201: 0;
  15202: 0;
  15203: 0;
  15204: 0;
  15205: 0;
  15206: 0;
  15207: 0;
  15208: 0;
  15209: 0;
  15210: ffffff;
  15211: ffffff;
  15212: ffffff;
  15213: fefefe;
  15214: ffffff;
  15215: ffffff;
  15216: ffffff;
  15217: ffffff;
  15218: ffffff;
  15219: ffffff;
  15220: ffffff;
  15221: ffffff;
  15222: ffffff;
  15223: ffffff;
  15224: ffffff;
  15225: ffffff;
  15226: ffffff;
  15227: ffffff;
  15228: ffffff;
  15229: ffffff;
  15230: ffffff;
  15231: ffffff;
  15232: ffffff;
  15233: ffffff;
  15234: ffffff;
  15235: ffffff;
  15236: ffffff;
  15237: ffffff;
  15238: ffffff;
  15239: ffffff;
  15240: ffffff;
  15241: ffffff;
  15242: ffffff;
  15243: ffffff;
  15244: ffffff;
  15245: ffffff;
  15246: ffffff;
  15247: ffffff;
  15248: ffffff;
  15249: fdfdfd;
  15250: ffffff;
  15251: fdfdfd;
  15252: fdfdfd;
  15253: e2e2e2;
  15254: 10101;
  15255: 10101;
  15256: 0;
  15257: 0;
  15258: 0;
  15259: 0;
  15260: 0;
  15261: 0;
  15262: 0;
  15263: 0;
  15264: 0;
  15265: 0;
  15266: 0;
  15267: 0;
  15268: 0;
  15269: 0;
  15270: 0;
  15271: 0;
  15272: 0;
  15273: 0;
  15274: 0;
  15275: 0;
  15276: 0;
  15277: 0;
  15278: 0;
  15279: 0;
  15280: 0;
  15281: 0;
  15282: 0;
  15283: 0;
  15284: 0;
  15285: 0;
  15286: 0;
  15287: 0;
  15288: 0;
  15289: 0;
  15290: 0;
  15291: 0;
  15292: 0;
  15293: 0;
  15294: 0;
  15295: 0;
  15296: 0;
  15297: 0;
  15298: 0;
  15299: 0;
  15300: 0;
  15301: 0;
  15302: 0;
  15303: 0;
  15304: 0;
  15305: 0;
  15306: 0;
  15307: 0;
  15308: 0;
  15309: 0;
  15310: 0;
  15311: 0;
  15312: 0;
  15313: 0;
  15314: 0;
  15315: 0;
  15316: 0;
  15317: 0;
  15318: 0;
  15319: 0;
  15320: 0;
  15321: 0;
  15322: 0;
  15323: 0;
  15324: 0;
  15325: 0;
  15326: 0;
  15327: 0;
  15328: 0;
  15329: 0;
  15330: 0;
  15331: 0;
  15332: 0;
  15333: 0;
  15334: 0;
  15335: 0;
  15336: 0;
  15337: 0;
  15338: ffffff;
  15339: ffffff;
  15340: ffffff;
  15341: fefefe;
  15342: ffffff;
  15343: ffffff;
  15344: ffffff;
  15345: ffffff;
  15346: ffffff;
  15347: ffffff;
  15348: ffffff;
  15349: ffffff;
  15350: ffffff;
  15351: ffffff;
  15352: ffffff;
  15353: ffffff;
  15354: ffffff;
  15355: ffffff;
  15356: ffffff;
  15357: ffffff;
  15358: ffffff;
  15359: ffffff;
  15360: ffffff;
  15361: ffffff;
  15362: ffffff;
  15363: ffffff;
  15364: ffffff;
  15365: ffffff;
  15366: ffffff;
  15367: ffffff;
  15368: ffffff;
  15369: ffffff;
  15370: ffffff;
  15371: ffffff;
  15372: ffffff;
  15373: ffffff;
  15374: ffffff;
  15375: ffffff;
  15376: ffffff;
  15377: fefefe;
  15378: ffffff;
  15379: ffffff;
  15380: fefefe;
  15381: ffffff;
  15382: 10101;
  15383: 0;
  15384: 0;
  15385: 0;
  15386: 0;
  15387: 40404;
  15388: 0;
  15389: 0;
  15390: 40404;
  15391: 0;
  15392: 0;
  15393: 0;
  15394: 0;
  15395: 0;
  15396: 0;
  15397: 0;
  15398: 0;
  15399: 0;
  15400: 0;
  15401: 0;
  15402: 0;
  15403: 0;
  15404: 0;
  15405: 0;
  15406: 0;
  15407: 0;
  15408: 0;
  15409: 0;
  15410: 0;
  15411: 0;
  15412: 0;
  15413: 0;
  15414: 0;
  15415: 0;
  15416: 0;
  15417: 0;
  15418: 0;
  15419: 0;
  15420: 0;
  15421: 0;
  15422: 0;
  15423: 0;
  15424: 0;
  15425: 0;
  15426: 0;
  15427: 0;
  15428: 0;
  15429: 0;
  15430: 0;
  15431: 0;
  15432: 0;
  15433: 0;
  15434: 0;
  15435: 0;
  15436: 0;
  15437: 0;
  15438: 0;
  15439: 0;
  15440: 0;
  15441: 0;
  15442: 0;
  15443: 0;
  15444: 0;
  15445: 0;
  15446: 0;
  15447: 0;
  15448: 0;
  15449: 0;
  15450: 0;
  15451: 0;
  15452: 0;
  15453: 0;
  15454: 0;
  15455: 0;
  15456: 0;
  15457: 0;
  15458: 0;
  15459: 0;
  15460: 20202;
  15461: 30303;
  15462: 10101;
  15463: 0;
  15464: 0;
  15465: 60606;
  15466: f8f8f8;
  15467: fefefe;
  15468: ffffff;
  15469: fbfbfb;
  15470: ffffff;
  15471: ffffff;
  15472: ffffff;
  15473: ffffff;
  15474: ffffff;
  15475: ffffff;
  15476: ffffff;
  15477: ffffff;
  15478: ffffff;
  15479: ffffff;
  15480: ffffff;
  15481: ffffff;
  15482: ffffff;
  15483: ffffff;
  15484: ffffff;
  15485: ffffff;
  15486: ffffff;
  15487: ffffff;
  15488: ffffff;
  15489: ffffff;
  15490: ffffff;
  15491: ffffff;
  15492: ffffff;
  15493: ffffff;
  15494: ffffff;
  15495: ffffff;
  15496: ffffff;
  15497: ffffff;
  15498: ffffff;
  15499: ffffff;
  15500: ffffff;
  15501: ffffff;
  15502: ffffff;
  15503: ffffff;
  15504: ffffff;
  15505: ffffff;
  15506: ffffff;
  15507: fefefe;
  15508: ffffff;
  15509: f9f9f9;
  15510: 20202;
  15511: 20202;
  15512: 20202;
  15513: 30303;
  15514: 0;
  15515: 0;
  15516: 50505;
  15517: 0;
  15518: 0;
  15519: 20202;
  15520: 0;
  15521: 0;
  15522: 0;
  15523: 0;
  15524: 0;
  15525: 0;
  15526: 0;
  15527: 0;
  15528: 0;
  15529: 0;
  15530: 0;
  15531: 0;
  15532: 0;
  15533: 0;
  15534: 0;
  15535: 0;
  15536: 0;
  15537: 0;
  15538: 0;
  15539: 0;
  15540: 0;
  15541: 0;
  15542: 0;
  15543: 0;
  15544: 0;
  15545: 0;
  15546: 0;
  15547: 0;
  15548: 0;
  15549: 0;
  15550: 0;
  15551: 0;
  15552: 0;
  15553: 0;
  15554: 0;
  15555: 0;
  15556: 0;
  15557: 0;
  15558: 0;
  15559: 0;
  15560: 0;
  15561: 0;
  15562: 0;
  15563: 0;
  15564: 0;
  15565: 0;
  15566: 0;
  15567: 0;
  15568: 0;
  15569: 0;
  15570: 0;
  15571: 0;
  15572: 0;
  15573: 0;
  15574: 0;
  15575: 0;
  15576: 0;
  15577: 0;
  15578: 0;
  15579: 0;
  15580: 0;
  15581: 0;
  15582: 0;
  15583: 0;
  15584: 0;
  15585: 30303;
  15586: 0;
  15587: 0;
  15588: 0;
  15589: 0;
  15590: 0;
  15591: 30303;
  15592: 10101;
  15593: 0;
  15594: ffffff;
  15595: fefefe;
  15596: ffffff;
  15597: ffffff;
  15598: ffffff;
  15599: fdfdfd;
  15600: ffffff;
  15601: ffffff;
  15602: ffffff;
  15603: ffffff;
  15604: ffffff;
  15605: ffffff;
  15606: ffffff;
  15607: ffffff;
  15608: ffffff;
  15609: ffffff;
  15610: ffffff;
  15611: ffffff;
  15612: ffffff;
  15613: ffffff;
  15614: ffffff;
  15615: ffffff;
  15616: ffffff;
  15617: ffffff;
  15618: ffffff;
  15619: ffffff;
  15620: ffffff;
  15621: ffffff;
  15622: ffffff;
  15623: ffffff;
  15624: ffffff;
  15625: ffffff;
  15626: ffffff;
  15627: ffffff;
  15628: ffffff;
  15629: ffffff;
  15630: ffffff;
  15631: ffffff;
  15632: ffffff;
  15633: fdfdfd;
  15634: ffffff;
  15635: ffffff;
  15636: fdfdfd;
  15637: ffffff;
  15638: 0;
  15639: 0;
  15640: 0;
  15641: 0;
  15642: 10101;
  15643: 0;
  15644: 0;
  15645: 60606;
  15646: 0;
  15647: 10101;
  15648: 0;
  15649: 0;
  15650: 0;
  15651: 0;
  15652: 0;
  15653: 0;
  15654: 0;
  15655: 0;
  15656: 0;
  15657: 0;
  15658: 0;
  15659: 0;
  15660: 0;
  15661: 0;
  15662: 0;
  15663: 0;
  15664: 0;
  15665: 0;
  15666: 0;
  15667: 0;
  15668: 0;
  15669: 0;
  15670: 0;
  15671: 0;
  15672: 0;
  15673: 0;
  15674: 0;
  15675: 0;
  15676: 0;
  15677: 0;
  15678: 0;
  15679: 0;
  15680: 0;
  15681: 0;
  15682: 0;
  15683: 0;
  15684: 0;
  15685: 0;
  15686: 0;
  15687: 0;
  15688: 0;
  15689: 0;
  15690: 0;
  15691: 0;
  15692: 0;
  15693: 0;
  15694: 0;
  15695: 0;
  15696: 0;
  15697: 0;
  15698: 0;
  15699: 0;
  15700: 0;
  15701: 0;
  15702: 0;
  15703: 0;
  15704: 0;
  15705: 0;
  15706: 0;
  15707: 0;
  15708: 0;
  15709: 0;
  15710: 0;
  15711: 0;
  15712: 0;
  15713: 0;
  15714: 80808;
  15715: 0;
  15716: 0;
  15717: 20202;
  15718: 0;
  15719: 0;
  15720: 50505;
  15721: 242424;
  15722: ffffff;
  15723: ffffff;
  15724: fdfdfd;
  15725: ffffff;
  15726: ffffff;
  15727: ffffff;
  15728: ffffff;
  15729: ffffff;
  15730: ffffff;
  15731: ffffff;
  15732: ffffff;
  15733: ffffff;
  15734: ffffff;
  15735: ffffff;
  15736: ffffff;
  15737: ffffff;
  15738: ffffff;
  15739: ffffff;
  15740: ffffff;
  15741: ffffff;
  15742: ffffff;
  15743: ffffff;
  15744: ffffff;
  15745: ffffff;
  15746: ffffff;
  15747: ffffff;
  15748: ffffff;
  15749: ffffff;
  15750: ffffff;
  15751: ffffff;
  15752: ffffff;
  15753: ffffff;
  15754: ffffff;
  15755: ffffff;
  15756: ffffff;
  15757: ffffff;
  15758: ffffff;
  15759: ffffff;
  15760: fcfcfc;
  15761: ffffff;
  15762: ffffff;
  15763: fdfdfd;
  15764: fcfcfc;
  15765: fefefe;
  15766: 545454;
  15767: 20202;
  15768: 30303;
  15769: 0;
  15770: 0;
  15771: 40404;
  15772: 0;
  15773: 0;
  15774: 30303;
  15775: 0;
  15776: 0;
  15777: 0;
  15778: 0;
  15779: 0;
  15780: 0;
  15781: 0;
  15782: 0;
  15783: 0;
  15784: 0;
  15785: 0;
  15786: 0;
  15787: 0;
  15788: 0;
  15789: 0;
  15790: 0;
  15791: 0;
  15792: 0;
  15793: 0;
  15794: 0;
  15795: 0;
  15796: 0;
  15797: 0;
  15798: 0;
  15799: 0;
  15800: 0;
  15801: 0;
  15802: 0;
  15803: 0;
  15804: 0;
  15805: 0;
  15806: 0;
  15807: 0;
  15808: 0;
  15809: 0;
  15810: 0;
  15811: 0;
  15812: 0;
  15813: 0;
  15814: 0;
  15815: 0;
  15816: 0;
  15817: 0;
  15818: 0;
  15819: 0;
  15820: 0;
  15821: 0;
  15822: 0;
  15823: 0;
  15824: 0;
  15825: 0;
  15826: 0;
  15827: 0;
  15828: 0;
  15829: 0;
  15830: 0;
  15831: 0;
  15832: 0;
  15833: 0;
  15834: 0;
  15835: 0;
  15836: 0;
  15837: 0;
  15838: 0;
  15839: 0;
  15840: 10101;
  15841: 0;
  15842: 0;
  15843: 10101;
  15844: 60606;
  15845: 0;
  15846: 10101;
  15847: 0;
  15848: 0;
  15849: ffffff;
  15850: fafafa;
  15851: ffffff;
  15852: ffffff;
  15853: ffffff;
  15854: ffffff;
  15855: ffffff;
  15856: ffffff;
  15857: ffffff;
  15858: ffffff;
  15859: ffffff;
  15860: ffffff;
  15861: ffffff;
  15862: ffffff;
  15863: ffffff;
  15864: ffffff;
  15865: ffffff;
  15866: ffffff;
  15867: ffffff;
  15868: ffffff;
  15869: ffffff;
  15870: ffffff;
  15871: ffffff;
  15872: ffffff;
  15873: ffffff;
  15874: ffffff;
  15875: ffffff;
  15876: ffffff;
  15877: ffffff;
  15878: ffffff;
  15879: ffffff;
  15880: ffffff;
  15881: ffffff;
  15882: ffffff;
  15883: ffffff;
  15884: ffffff;
  15885: ffffff;
  15886: ffffff;
  15887: ffffff;
  15888: ffffff;
  15889: fdfdfd;
  15890: ffffff;
  15891: ffffff;
  15892: ffffff;
  15893: fefefe;
  15894: ffffff;
  15895: 40404;
  15896: 0;
  15897: 0;
  15898: 40404;
  15899: 0;
  15900: 20202;
  15901: 0;
  15902: 10101;
  15903: 0;
  15904: 0;
  15905: 0;
  15906: 0;
  15907: 0;
  15908: 0;
  15909: 0;
  15910: 0;
  15911: 0;
  15912: 0;
  15913: 0;
  15914: 0;
  15915: 0;
  15916: 0;
  15917: 0;
  15918: 0;
  15919: 0;
  15920: 0;
  15921: 0;
  15922: 0;
  15923: 0;
  15924: 0;
  15925: 0;
  15926: 0;
  15927: 0;
  15928: 0;
  15929: 0;
  15930: 0;
  15931: 0;
  15932: 0;
  15933: 0;
  15934: 0;
  15935: 0;
  15936: 0;
  15937: 0;
  15938: 0;
  15939: 0;
  15940: 0;
  15941: 0;
  15942: 0;
  15943: 0;
  15944: 0;
  15945: 0;
  15946: 0;
  15947: 0;
  15948: 0;
  15949: 0;
  15950: 0;
  15951: 0;
  15952: 0;
  15953: 0;
  15954: 0;
  15955: 0;
  15956: 0;
  15957: 0;
  15958: 0;
  15959: 0;
  15960: 0;
  15961: 0;
  15962: 0;
  15963: 0;
  15964: 0;
  15965: 0;
  15966: 0;
  15967: 0;
  15968: 0;
  15969: 10101;
  15970: 0;
  15971: 10101;
  15972: 0;
  15973: 0;
  15974: 0;
  15975: 0;
  15976: 0;
  15977: fafafa;
  15978: ffffff;
  15979: ffffff;
  15980: fefefe;
  15981: fdfdfd;
  15982: fefefe;
  15983: ffffff;
  15984: ffffff;
  15985: ffffff;
  15986: ffffff;
  15987: ffffff;
  15988: ffffff;
  15989: ffffff;
  15990: ffffff;
  15991: ffffff;
  15992: ffffff;
  15993: ffffff;
  15994: ffffff;
  15995: ffffff;
  15996: ffffff;
  15997: ffffff;
  15998: ffffff;
  15999: ffffff;
  16000: ffffff;
  16001: ffffff;
  16002: ffffff;
  16003: ffffff;
  16004: ffffff;
  16005: ffffff;
  16006: ffffff;
  16007: ffffff;
  16008: ffffff;
  16009: ffffff;
  16010: ffffff;
  16011: ffffff;
  16012: ffffff;
  16013: ffffff;
  16014: ffffff;
  16015: ffffff;
  16016: fdfdfd;
  16017: ffffff;
  16018: ffffff;
  16019: ffffff;
  16020: fbfbfb;
  16021: ffffff;
  16022: ffffff;
  16023: 0;
  16024: 40404;
  16025: 0;
  16026: 0;
  16027: 10101;
  16028: 0;
  16029: 30303;
  16030: 10101;
  16031: 0;
  16032: 0;
  16033: 0;
  16034: 0;
  16035: 0;
  16036: 0;
  16037: 0;
  16038: 0;
  16039: 0;
  16040: 0;
  16041: 0;
  16042: 0;
  16043: 0;
  16044: 0;
  16045: 0;
  16046: 0;
  16047: 0;
  16048: 0;
  16049: 0;
  16050: 0;
  16051: 0;
  16052: 0;
  16053: 0;
  16054: 0;
  16055: 0;
  16056: 0;
  16057: 0;
  16058: 0;
  16059: 0;
  16060: 0;
  16061: 0;
  16062: 0;
  16063: 0;
  16064: 0;
  16065: 0;
  16066: 0;
  16067: 0;
  16068: 0;
  16069: 0;
  16070: 0;
  16071: 0;
  16072: 0;
  16073: 0;
  16074: 0;
  16075: 0;
  16076: 0;
  16077: 0;
  16078: 0;
  16079: 0;
  16080: 0;
  16081: 0;
  16082: 0;
  16083: 0;
  16084: 0;
  16085: 0;
  16086: 0;
  16087: 0;
  16088: 0;
  16089: 0;
  16090: 0;
  16091: 0;
  16092: 0;
  16093: 0;
  16094: 0;
  16095: 0;
  16096: 0;
  16097: 0;
  16098: 20202;
  16099: 0;
  16100: 10101;
  16101: 0;
  16102: 0;
  16103: 10101;
  16104: 818181;
  16105: ffffff;
  16106: fdfdfd;
  16107: fefefe;
  16108: ffffff;
  16109: fcfcfc;
  16110: ffffff;
  16111: ffffff;
  16112: ffffff;
  16113: ffffff;
  16114: ffffff;
  16115: ffffff;
  16116: ffffff;
  16117: ffffff;
  16118: ffffff;
  16119: ffffff;
  16120: ffffff;
  16121: ffffff;
  16122: ffffff;
  16123: ffffff;
  16124: ffffff;
  16125: ffffff;
  16126: ffffff;
  16127: ffffff;
  16128: ffffff;
  16129: ffffff;
  16130: ffffff;
  16131: ffffff;
  16132: ffffff;
  16133: ffffff;
  16134: ffffff;
  16135: ffffff;
  16136: ffffff;
  16137: ffffff;
  16138: ffffff;
  16139: ffffff;
  16140: ffffff;
  16141: ffffff;
  16142: ffffff;
  16143: ffffff;
  16144: fefefe;
  16145: ffffff;
  16146: f9f9f9;
  16147: ffffff;
  16148: ffffff;
  16149: ffffff;
  16150: ffffff;
  16151: fcfcfc;
  16152: 0;
  16153: 40404;
  16154: 0;
  16155: 10101;
  16156: 10101;
  16157: 0;
  16158: 0;
  16159: 0;
  16160: 0;
  16161: 0;
  16162: 0;
  16163: 0;
  16164: 0;
  16165: 0;
  16166: 0;
  16167: 0;
  16168: 0;
  16169: 0;
  16170: 0;
  16171: 0;
  16172: 0;
  16173: 0;
  16174: 0;
  16175: 0;
  16176: 0;
  16177: 0;
  16178: 0;
  16179: 0;
  16180: 0;
  16181: 0;
  16182: 0;
  16183: 0;
  16184: 0;
  16185: 0;
  16186: 0;
  16187: 0;
  16188: 0;
  16189: 0;
  16190: 0;
  16191: 0;
  16192: 0;
  16193: 0;
  16194: 0;
  16195: 0;
  16196: 0;
  16197: 0;
  16198: 0;
  16199: 0;
  16200: 0;
  16201: 0;
  16202: 0;
  16203: 0;
  16204: 0;
  16205: 0;
  16206: 0;
  16207: 0;
  16208: 0;
  16209: 0;
  16210: 0;
  16211: 0;
  16212: 0;
  16213: 0;
  16214: 0;
  16215: 0;
  16216: 0;
  16217: 0;
  16218: 0;
  16219: 0;
  16220: 0;
  16221: 0;
  16222: 0;
  16223: 0;
  16224: 30303;
  16225: 0;
  16226: 0;
  16227: 20202;
  16228: 0;
  16229: 0;
  16230: 20202;
  16231: 30303;
  16232: f9f9f9;
  16233: ffffff;
  16234: fafafa;
  16235: fefefe;
  16236: fefefe;
  16237: ffffff;
  16238: ffffff;
  16239: ffffff;
  16240: ffffff;
  16241: ffffff;
  16242: ffffff;
  16243: ffffff;
  16244: ffffff;
  16245: ffffff;
  16246: ffffff;
  16247: ffffff;
  16248: ffffff;
  16249: ffffff;
  16250: ffffff;
  16251: ffffff;
  16252: ffffff;
  16253: ffffff;
  16254: ffffff;
  16255: ffffff;
  16256: ffffff;
  16257: ffffff;
  16258: ffffff;
  16259: ffffff;
  16260: ffffff;
  16261: ffffff;
  16262: ffffff;
  16263: ffffff;
  16264: ffffff;
  16265: ffffff;
  16266: ffffff;
  16267: ffffff;
  16268: ffffff;
  16269: ffffff;
  16270: ffffff;
  16271: ffffff;
  16272: ffffff;
  16273: ffffff;
  16274: fefefe;
  16275: ffffff;
  16276: fdfdfd;
  16277: ffffff;
  16278: fefefe;
  16279: ffffff;
  16280: d1d1d1;
  16281: 0;
  16282: 0;
  16283: 10101;
  16284: 0;
  16285: 20202;
  16286: 0;
  16287: 0;
  16288: 0;
  16289: 0;
  16290: 0;
  16291: 0;
  16292: 0;
  16293: 0;
  16294: 0;
  16295: 0;
  16296: 0;
  16297: 0;
  16298: 0;
  16299: 0;
  16300: 0;
  16301: 0;
  16302: 0;
  16303: 0;
  16304: 0;
  16305: 0;
  16306: 0;
  16307: 0;
  16308: 0;
  16309: 0;
  16310: 0;
  16311: 0;
  16312: 0;
  16313: 0;
  16314: 0;
  16315: 0;
  16316: 0;
  16317: 0;
  16318: 0;
  16319: 0;
  16320: 0;
  16321: 0;
  16322: 0;
  16323: 0;
  16324: 0;
  16325: 0;
  16326: 0;
  16327: 0;
  16328: 0;
  16329: 0;
  16330: 0;
  16331: 0;
  16332: 0;
  16333: 0;
  16334: 0;
  16335: 0;
  16336: 0;
  16337: 0;
  16338: 0;
  16339: 0;
  16340: 0;
  16341: 0;
  16342: 0;
  16343: 0;
  16344: 0;
  16345: 0;
  16346: 0;
  16347: 0;
  16348: 0;
  16349: 0;
  16350: 0;
  16351: 0;
  16352: 0;
  16353: 40404;
  16354: 0;
  16355: 0;
  16356: 10101;
  16357: 10101;
  16358: 10101;
  16359: ffffff;
  16360: fdfdfd;
  16361: ffffff;
  16362: ffffff;
  16363: ffffff;
  16364: ffffff;
  16365: fdfdfd;
  16366: fefefe;
  16367: ffffff;
  16368: ffffff;
  16369: ffffff;
  16370: ffffff;
  16371: ffffff;
  16372: ffffff;
  16373: ffffff;
  16374: ffffff;
  16375: ffffff;
  16376: ffffff;
  16377: ffffff;
  16378: ffffff;
  16379: ffffff;
  16380: ffffff;
  16381: ffffff;
  16382: ffffff;
  16383: ffffff;
  16384: ffffff;
  16385: ffffff;
  16386: ffffff;
  16387: ffffff;
  16388: ffffff;
  16389: ffffff;
  16390: ffffff;
  16391: ffffff;
  16392: ffffff;
  16393: ffffff;
  16394: ffffff;
  16395: ffffff;
  16396: ffffff;
  16397: ffffff;
  16398: ffffff;
  16399: ffffff;
  16400: ffffff;
  16401: ffffff;
  16402: ffffff;
  16403: ffffff;
  16404: ffffff;
  16405: ffffff;
  16406: ffffff;
  16407: ffffff;
  16408: ffffff;
  16409: 0;
  16410: 0;
  16411: 20202;
  16412: 0;
  16413: 30303;
  16414: 0;
  16415: 20202;
  16416: 0;
  16417: 20202;
  16418: 10101;
  16419: 0;
  16420: 0;
  16421: 20202;
  16422: 10101;
  16423: 0;
  16424: 0;
  16425: 0;
  16426: 0;
  16427: 0;
  16428: 0;
  16429: 0;
  16430: 0;
  16431: 0;
  16432: 0;
  16433: 0;
  16434: 0;
  16435: 0;
  16436: 0;
  16437: 0;
  16438: 0;
  16439: 0;
  16440: 0;
  16441: 0;
  16442: 0;
  16443: 0;
  16444: 0;
  16445: 0;
  16446: 0;
  16447: 0;
  16448: 0;
  16449: 0;
  16450: 0;
  16451: 0;
  16452: 0;
  16453: 0;
  16454: 0;
  16455: 0;
  16456: 0;
  16457: 0;
  16458: 0;
  16459: 0;
  16460: 0;
  16461: 0;
  16462: 0;
  16463: 0;
  16464: 0;
  16465: 0;
  16466: 0;
  16467: 0;
  16468: 0;
  16469: 0;
  16470: 0;
  16471: 0;
  16472: 0;
  16473: 0;
  16474: 0;
  16475: 0;
  16476: 0;
  16477: 0;
  16478: 10101;
  16479: 20202;
  16480: 10101;
  16481: 0;
  16482: 0;
  16483: 20202;
  16484: 0;
  16485: 0;
  16486: b9b9b9;
  16487: ffffff;
  16488: ffffff;
  16489: ffffff;
  16490: ffffff;
  16491: ffffff;
  16492: ffffff;
  16493: ffffff;
  16494: ffffff;
  16495: ffffff;
  16496: ffffff;
  16497: ffffff;
  16498: ffffff;
  16499: ffffff;
  16500: ffffff;
  16501: ffffff;
  16502: ffffff;
  16503: ffffff;
  16504: ffffff;
  16505: ffffff;
  16506: ffffff;
  16507: ffffff;
  16508: ffffff;
  16509: ffffff;
  16510: ffffff;
  16511: ffffff;
  16512: ffffff;
  16513: ffffff;
  16514: ffffff;
  16515: ffffff;
  16516: ffffff;
  16517: ffffff;
  16518: ffffff;
  16519: ffffff;
  16520: ffffff;
  16521: ffffff;
  16522: ffffff;
  16523: ffffff;
  16524: ffffff;
  16525: ffffff;
  16526: ffffff;
  16527: ffffff;
  16528: ffffff;
  16529: ffffff;
  16530: ffffff;
  16531: ffffff;
  16532: ffffff;
  16533: ffffff;
  16534: ffffff;
  16535: ffffff;
  16536: ffffff;
  16537: fcfcfc;
  16538: 0;
  16539: 0;
  16540: 10101;
  16541: 0;
  16542: 10101;
  16543: 0;
  16544: 0;
  16545: 0;
  16546: 0;
  16547: 30303;
  16548: 20202;
  16549: 0;
  16550: 0;
  16551: 30303;
  16552: 0;
  16553: 0;
  16554: 0;
  16555: 0;
  16556: 0;
  16557: 0;
  16558: 0;
  16559: 0;
  16560: 0;
  16561: 0;
  16562: 0;
  16563: 0;
  16564: 0;
  16565: 0;
  16566: 0;
  16567: 0;
  16568: 0;
  16569: 0;
  16570: 0;
  16571: 0;
  16572: 0;
  16573: 0;
  16574: 0;
  16575: 0;
  16576: 0;
  16577: 0;
  16578: 0;
  16579: 0;
  16580: 0;
  16581: 0;
  16582: 0;
  16583: 0;
  16584: 0;
  16585: 0;
  16586: 0;
  16587: 0;
  16588: 0;
  16589: 0;
  16590: 0;
  16591: 0;
  16592: 0;
  16593: 0;
  16594: 0;
  16595: 0;
  16596: 0;
  16597: 0;
  16598: 0;
  16599: 0;
  16600: 10101;
  16601: 0;
  16602: 20202;
  16603: 10101;
  16604: 0;
  16605: 20202;
  16606: 10101;
  16607: 0;
  16608: 0;
  16609: 20202;
  16610: 40404;
  16611: 10101;
  16612: 0;
  16613: 525252;
  16614: ffffff;
  16615: ffffff;
  16616: ffffff;
  16617: ffffff;
  16618: ffffff;
  16619: ffffff;
  16620: ffffff;
  16621: ffffff;
  16622: ffffff;
  16623: ffffff;
  16624: ffffff;
  16625: ffffff;
  16626: ffffff;
  16627: ffffff;
  16628: ffffff;
  16629: ffffff;
  16630: ffffff;
  16631: ffffff;
  16632: ffffff;
  16633: ffffff;
  16634: ffffff;
  16635: ffffff;
  16636: ffffff;
  16637: ffffff;
  16638: ffffff;
  16639: ffffff;
  16640: ffffff;
  16641: ffffff;
  16642: ffffff;
  16643: ffffff;
  16644: ffffff;
  16645: ffffff;
  16646: ffffff;
  16647: ffffff;
  16648: ffffff;
  16649: ffffff;
  16650: ffffff;
  16651: ffffff;
  16652: ffffff;
  16653: ffffff;
  16654: ffffff;
  16655: ffffff;
  16656: ffffff;
  16657: ffffff;
  16658: ffffff;
  16659: ffffff;
  16660: ffffff;
  16661: ffffff;
  16662: ffffff;
  16663: ffffff;
  16664: fdfdfd;
  16665: fcfcfc;
  16666: fafafa;
  16667: 70707;
  16668: 50505;
  16669: 0;
  16670: 0;
  16671: 20202;
  16672: 60606;
  16673: 0;
  16674: 0;
  16675: 0;
  16676: 0;
  16677: 0;
  16678: 10101;
  16679: 0;
  16680: 0;
  16681: 0;
  16682: 0;
  16683: 0;
  16684: 0;
  16685: 0;
  16686: 0;
  16687: 0;
  16688: 0;
  16689: 0;
  16690: 0;
  16691: 0;
  16692: 0;
  16693: 0;
  16694: 0;
  16695: 0;
  16696: 0;
  16697: 0;
  16698: 0;
  16699: 0;
  16700: 0;
  16701: 0;
  16702: 0;
  16703: 0;
  16704: 0;
  16705: 0;
  16706: 0;
  16707: 0;
  16708: 0;
  16709: 0;
  16710: 0;
  16711: 0;
  16712: 0;
  16713: 0;
  16714: 0;
  16715: 0;
  16716: 0;
  16717: 0;
  16718: 0;
  16719: 0;
  16720: 0;
  16721: 0;
  16722: 0;
  16723: 0;
  16724: 0;
  16725: 0;
  16726: 0;
  16727: 0;
  16728: 0;
  16729: 30303;
  16730: 0;
  16731: 0;
  16732: 30303;
  16733: 0;
  16734: 0;
  16735: 60606;
  16736: 40404;
  16737: 0;
  16738: 0;
  16739: 10101;
  16740: b0b0b0;
  16741: ffffff;
  16742: fdfdfd;
  16743: fcfcfc;
  16744: ffffff;
  16745: ffffff;
  16746: ffffff;
  16747: ffffff;
  16748: ffffff;
  16749: ffffff;
  16750: ffffff;
  16751: ffffff;
  16752: ffffff;
  16753: ffffff;
  16754: ffffff;
  16755: ffffff;
  16756: ffffff;
  16757: ffffff;
  16758: ffffff;
  16759: ffffff;
  16760: ffffff;
  16761: ffffff;
  16762: ffffff;
  16763: ffffff;
  16764: ffffff;
  16765: ffffff;
  16766: ffffff;
  16767: ffffff;
  16768: ffffff;
  16769: ffffff;
  16770: ffffff;
  16771: ffffff;
  16772: ffffff;
  16773: ffffff;
  16774: ffffff;
  16775: ffffff;
  16776: ffffff;
  16777: ffffff;
  16778: ffffff;
  16779: ffffff;
  16780: ffffff;
  16781: ffffff;
  16782: ffffff;
  16783: ffffff;
  16784: ffffff;
  16785: ffffff;
  16786: ffffff;
  16787: ffffff;
  16788: ffffff;
  16789: ffffff;
  16790: ffffff;
  16791: ffffff;
  16792: fefefe;
  16793: ffffff;
  16794: fdfdfd;
  16795: fafafa;
  16796: fbfbfb;
  16797: 10101;
  16798: 30303;
  16799: 0;
  16800: 0;
  16801: 0;
  16802: 20202;
  16803: 30303;
  16804: 0;
  16805: 0;
  16806: 20202;
  16807: 0;
  16808: 10101;
  16809: 10101;
  16810: 10101;
  16811: 10101;
  16812: 10101;
  16813: 10101;
  16814: 10101;
  16815: 10101;
  16816: 10101;
  16817: 10101;
  16818: 10101;
  16819: 10101;
  16820: 10101;
  16821: 10101;
  16822: 10101;
  16823: 10101;
  16824: 10101;
  16825: 10101;
  16826: 10101;
  16827: 10101;
  16828: 10101;
  16829: 10101;
  16830: 10101;
  16831: 10101;
  16832: 10101;
  16833: 10101;
  16834: 10101;
  16835: 10101;
  16836: 10101;
  16837: 10101;
  16838: 10101;
  16839: 10101;
  16840: 10101;
  16841: 10101;
  16842: 10101;
  16843: 10101;
  16844: 10101;
  16845: 10101;
  16846: 10101;
  16847: 10101;
  16848: 10101;
  16849: 10101;
  16850: 10101;
  16851: 10101;
  16852: 10101;
  16853: 10101;
  16854: 10101;
  16855: 10101;
  16856: 0;
  16857: 10101;
  16858: 10101;
  16859: 0;
  16860: 0;
  16861: 20202;
  16862: 20202;
  16863: 0;
  16864: 0;
  16865: 50505;
  16866: 10101;
  16867: fdfdfd;
  16868: ffffff;
  16869: fefefe;
  16870: fefefe;
  16871: ffffff;
  16872: ffffff;
  16873: ffffff;
  16874: ffffff;
  16875: ffffff;
  16876: ffffff;
  16877: ffffff;
  16878: ffffff;
  16879: ffffff;
  16880: ffffff;
  16881: ffffff;
  16882: ffffff;
  16883: ffffff;
  16884: ffffff;
  16885: ffffff;
  16886: ffffff;
  16887: ffffff;
  16888: ffffff;
  16889: ffffff;
  16890: ffffff;
  16891: ffffff;
  16892: ffffff;
  16893: ffffff;
  16894: ffffff;
  16895: ffffff;
  16896: ffffff;
  16897: ffffff;
  16898: ffffff;
  16899: ffffff;
  16900: ffffff;
  16901: ffffff;
  16902: ffffff;
  16903: ffffff;
  16904: ffffff;
  16905: ffffff;
  16906: ffffff;
  16907: ffffff;
  16908: ffffff;
  16909: ffffff;
  16910: ffffff;
  16911: ffffff;
  16912: ffffff;
  16913: ffffff;
  16914: ffffff;
  16915: ffffff;
  16916: ffffff;
  16917: ffffff;
  16918: ffffff;
  16919: ffffff;
  16920: fefefe;
  16921: fcfcfc;
  16922: ffffff;
  16923: fefefe;
  16924: ffffff;
  16925: ffffff;
  16926: fafafa;
  16927: ffffff;
  16928: f0f0f0;
  16929: d9d9d9;
  16930: cdcdcd;
  16931: cfcfcf;
  16932: d1d1d1;
  16933: d2d2d2;
  16934: d2d2d2;
  16935: cecece;
  16936: d0d0d0;
  16937: d0d0d0;
  16938: d0d0d0;
  16939: d0d0d0;
  16940: d0d0d0;
  16941: d0d0d0;
  16942: d0d0d0;
  16943: d0d0d0;
  16944: d0d0d0;
  16945: d0d0d0;
  16946: d0d0d0;
  16947: d0d0d0;
  16948: d0d0d0;
  16949: d0d0d0;
  16950: d0d0d0;
  16951: d0d0d0;
  16952: d0d0d0;
  16953: d0d0d0;
  16954: d0d0d0;
  16955: d0d0d0;
  16956: d0d0d0;
  16957: d0d0d0;
  16958: d0d0d0;
  16959: d0d0d0;
  16960: d0d0d0;
  16961: d0d0d0;
  16962: d0d0d0;
  16963: d0d0d0;
  16964: d0d0d0;
  16965: d0d0d0;
  16966: d0d0d0;
  16967: d0d0d0;
  16968: d0d0d0;
  16969: d0d0d0;
  16970: d0d0d0;
  16971: d0d0d0;
  16972: d0d0d0;
  16973: d0d0d0;
  16974: d0d0d0;
  16975: d0d0d0;
  16976: d0d0d0;
  16977: d0d0d0;
  16978: d0d0d0;
  16979: d0d0d0;
  16980: d0d0d0;
  16981: d0d0d0;
  16982: d0d0d0;
  16983: d0d0d0;
  16984: d2d2d2;
  16985: d1d1d1;
  16986: cecece;
  16987: d4d4d4;
  16988: d6d6d6;
  16989: c8c8c8;
  16990: d4d4d4;
  16991: fefefe;
  16992: ffffff;
  16993: fcfcfc;
  16994: fcfcfc;
  16995: ffffff;
  16996: fefefe;
  16997: fefefe;
  16998: ffffff;
  16999: fdfdfd;
  17000: ffffff;
  17001: ffffff;
  17002: ffffff;
  17003: ffffff;
  17004: ffffff;
  17005: ffffff;
  17006: ffffff;
  17007: ffffff;
  17008: ffffff;
  17009: ffffff;
  17010: ffffff;
  17011: ffffff;
  17012: ffffff;
  17013: ffffff;
  17014: ffffff;
  17015: ffffff;
  17016: ffffff;
  17017: ffffff;
  17018: ffffff;
  17019: ffffff;
  17020: ffffff;
  17021: ffffff;
  17022: ffffff;
  17023: ffffff;
  17024: ffffff;
  17025: ffffff;
  17026: ffffff;
  17027: ffffff;
  17028: ffffff;
  17029: ffffff;
  17030: ffffff;
  17031: ffffff;
  17032: ffffff;
  17033: ffffff;
  17034: ffffff;
  17035: ffffff;
  17036: ffffff;
  17037: ffffff;
  17038: ffffff;
  17039: ffffff;
  17040: ffffff;
  17041: ffffff;
  17042: ffffff;
  17043: ffffff;
  17044: ffffff;
  17045: ffffff;
  17046: ffffff;
  17047: ffffff;
  17048: ffffff;
  17049: ffffff;
  17050: fdfdfd;
  17051: ffffff;
  17052: fbfbfb;
  17053: ffffff;
  17054: ffffff;
  17055: fdfdfd;
  17056: ffffff;
  17057: fdfdfd;
  17058: ffffff;
  17059: ffffff;
  17060: fefefe;
  17061: fdfdfd;
  17062: ffffff;
  17063: ffffff;
  17064: ffffff;
  17065: ffffff;
  17066: ffffff;
  17067: ffffff;
  17068: ffffff;
  17069: ffffff;
  17070: ffffff;
  17071: ffffff;
  17072: ffffff;
  17073: ffffff;
  17074: ffffff;
  17075: ffffff;
  17076: ffffff;
  17077: ffffff;
  17078: ffffff;
  17079: ffffff;
  17080: ffffff;
  17081: ffffff;
  17082: ffffff;
  17083: ffffff;
  17084: ffffff;
  17085: ffffff;
  17086: ffffff;
  17087: ffffff;
  17088: ffffff;
  17089: ffffff;
  17090: ffffff;
  17091: ffffff;
  17092: ffffff;
  17093: ffffff;
  17094: ffffff;
  17095: ffffff;
  17096: ffffff;
  17097: ffffff;
  17098: ffffff;
  17099: ffffff;
  17100: ffffff;
  17101: ffffff;
  17102: ffffff;
  17103: ffffff;
  17104: ffffff;
  17105: ffffff;
  17106: ffffff;
  17107: ffffff;
  17108: ffffff;
  17109: ffffff;
  17110: ffffff;
  17111: ffffff;
  17112: ffffff;
  17113: fefefe;
  17114: ffffff;
  17115: ffffff;
  17116: fefefe;
  17117: ffffff;
  17118: ffffff;
  17119: ffffff;
  17120: ffffff;
  17121: ffffff;
  17122: ffffff;
  17123: fdfdfd;
  17124: ffffff;
  17125: ffffff;
  17126: ffffff;
  17127: fdfdfd;
  17128: ffffff;
  17129: ffffff;
  17130: ffffff;
  17131: ffffff;
  17132: ffffff;
  17133: ffffff;
  17134: ffffff;
  17135: ffffff;
  17136: ffffff;
  17137: ffffff;
  17138: ffffff;
  17139: ffffff;
  17140: ffffff;
  17141: ffffff;
  17142: ffffff;
  17143: ffffff;
  17144: ffffff;
  17145: ffffff;
  17146: ffffff;
  17147: ffffff;
  17148: ffffff;
  17149: ffffff;
  17150: ffffff;
  17151: ffffff;
  17152: ffffff;
  17153: ffffff;
  17154: ffffff;
  17155: ffffff;
  17156: ffffff;
  17157: ffffff;
  17158: ffffff;
  17159: ffffff;
  17160: ffffff;
  17161: ffffff;
  17162: ffffff;
  17163: ffffff;
  17164: ffffff;
  17165: ffffff;
  17166: ffffff;
  17167: ffffff;
  17168: ffffff;
  17169: ffffff;
  17170: ffffff;
  17171: ffffff;
  17172: ffffff;
  17173: ffffff;
  17174: ffffff;
  17175: ffffff;
  17176: ffffff;
  17177: fdfdfd;
  17178: ffffff;
  17179: ffffff;
  17180: fcfcfc;
  17181: fefefe;
  17182: ffffff;
  17183: fefefe;
  17184: fbfbfb;
  17185: ffffff;
  17186: ffffff;
  17187: ffffff;
  17188: fdfdfd;
  17189: ffffff;
  17190: ffffff;
  17191: fefefe;
  17192: ffffff;
  17193: ffffff;
  17194: ffffff;
  17195: ffffff;
  17196: ffffff;
  17197: ffffff;
  17198: ffffff;
  17199: ffffff;
  17200: ffffff;
  17201: ffffff;
  17202: ffffff;
  17203: ffffff;
  17204: ffffff;
  17205: ffffff;
  17206: ffffff;
  17207: ffffff;
  17208: ffffff;
  17209: ffffff;
  17210: ffffff;
  17211: ffffff;
  17212: ffffff;
  17213: ffffff;
  17214: ffffff;
  17215: ffffff;
  17216: ffffff;
  17217: ffffff;
  17218: ffffff;
  17219: ffffff;
  17220: ffffff;
  17221: ffffff;
  17222: ffffff;
  17223: ffffff;
  17224: ffffff;
  17225: ffffff;
  17226: ffffff;
  17227: ffffff;
  17228: ffffff;
  17229: ffffff;
  17230: ffffff;
  17231: ffffff;
  17232: ffffff;
  17233: ffffff;
  17234: ffffff;
  17235: ffffff;
  17236: ffffff;
  17237: ffffff;
  17238: ffffff;
  17239: ffffff;
  17240: fdfdfd;
  17241: ffffff;
  17242: ffffff;
  17243: fcfcfc;
  17244: ffffff;
  17245: ffffff;
  17246: fcfcfc;
  17247: fdfdfd;
  17248: ffffff;
  17249: fcfcfc;
  17250: fcfcfc;
  17251: ffffff;
  17252: fefefe;
  17253: ffffff;
  17254: ffffff;
  17255: ffffff;
  17256: ffffff;
  17257: ffffff;
  17258: ffffff;
  17259: ffffff;
  17260: ffffff;
  17261: ffffff;
  17262: ffffff;
  17263: ffffff;
  17264: ffffff;
  17265: ffffff;
  17266: ffffff;
  17267: ffffff;
  17268: ffffff;
  17269: ffffff;
  17270: ffffff;
  17271: ffffff;
  17272: ffffff;
  17273: ffffff;
  17274: ffffff;
  17275: ffffff;
  17276: ffffff;
  17277: ffffff;
  17278: ffffff;
  17279: ffffff;
  17280: ffffff;
  17281: ffffff;
  17282: ffffff;
  17283: ffffff;
  17284: ffffff;
  17285: ffffff;
  17286: ffffff;
  17287: ffffff;
  17288: ffffff;
  17289: ffffff;
  17290: ffffff;
  17291: ffffff;
  17292: ffffff;
  17293: ffffff;
  17294: ffffff;
  17295: ffffff;
  17296: ffffff;
  17297: ffffff;
  17298: ffffff;
  17299: ffffff;
  17300: ffffff;
  17301: ffffff;
  17302: ffffff;
  17303: ffffff;
  17304: fefefe;
  17305: fefefe;
  17306: ffffff;
  17307: fefefe;
  17308: ffffff;
  17309: fcfcfc;
  17310: fdfdfd;
  17311: ffffff;
  17312: ffffff;
  17313: ffffff;
  17314: ffffff;
  17315: ffffff;
  17316: ffffff;
  17317: ffffff;
  17318: fefefe;
  17319: ffffff;
  17320: ffffff;
  17321: ffffff;
  17322: ffffff;
  17323: ffffff;
  17324: ffffff;
  17325: ffffff;
  17326: ffffff;
  17327: ffffff;
  17328: ffffff;
  17329: ffffff;
  17330: ffffff;
  17331: ffffff;
  17332: ffffff;
  17333: ffffff;
  17334: ffffff;
  17335: ffffff;
  17336: ffffff;
  17337: ffffff;
  17338: ffffff;
  17339: ffffff;
  17340: ffffff;
  17341: ffffff;
  17342: ffffff;
  17343: ffffff;
  17344: ffffff;
  17345: ffffff;
  17346: ffffff;
  17347: ffffff;
  17348: ffffff;
  17349: ffffff;
  17350: ffffff;
  17351: ffffff;
  17352: ffffff;
  17353: ffffff;
  17354: ffffff;
  17355: ffffff;
  17356: ffffff;
  17357: ffffff;
  17358: ffffff;
  17359: ffffff;
  17360: ffffff;
  17361: ffffff;
  17362: ffffff;
  17363: ffffff;
  17364: ffffff;
  17365: ffffff;
  17366: ffffff;
  17367: ffffff;
  17368: ffffff;
  17369: fefefe;
  17370: ffffff;
  17371: ffffff;
  17372: fefefe;
  17373: ffffff;
  17374: ffffff;
  17375: ffffff;
  17376: ffffff;
  17377: fefefe;
  17378: ffffff;
  17379: fefefe;
  17380: fdfdfd;
  17381: ffffff;
  17382: fafafa;
  17383: ffffff;
  17384: ffffff;
  17385: ffffff;
  17386: ffffff;
  17387: ffffff;
  17388: ffffff;
  17389: ffffff;
  17390: ffffff;
  17391: ffffff;
  17392: ffffff;
  17393: ffffff;
  17394: ffffff;
  17395: ffffff;
  17396: ffffff;
  17397: ffffff;
  17398: ffffff;
  17399: ffffff;
  17400: ffffff;
  17401: ffffff;
  17402: ffffff;
  17403: ffffff;
  17404: ffffff;
  17405: ffffff;
  17406: ffffff;
  17407: ffffff;
  17408: ffffff;
  17409: ffffff;
  17410: ffffff;
  17411: ffffff;
  17412: ffffff;
  17413: ffffff;
  17414: ffffff;
  17415: ffffff;
  17416: ffffff;
  17417: ffffff;
  17418: ffffff;
  17419: ffffff;
  17420: ffffff;
  17421: ffffff;
  17422: ffffff;
  17423: ffffff;
  17424: ffffff;
  17425: ffffff;
  17426: ffffff;
  17427: ffffff;
  17428: ffffff;
  17429: ffffff;
  17430: ffffff;
  17431: ffffff;
  17432: ffffff;
  17433: ffffff;
  17434: ffffff;
  17435: ffffff;
  17436: ffffff;
  17437: ffffff;
  17438: ffffff;
  17439: ffffff;
  17440: fefefe;
  17441: ffffff;
  17442: f9f9f9;
  17443: ffffff;
  17444: fefefe;
  17445: ffffff;
  17446: ffffff;
  17447: fefefe;
  17448: fdfdfd;
  17449: ffffff;
  17450: ffffff;
  17451: ffffff;
  17452: ffffff;
  17453: ffffff;
  17454: fbfbfb;
  17455: ffffff;
  17456: ffffff;
  17457: ffffff;
  17458: ffffff;
  17459: fefefe;
  17460: ffffff;
  17461: ffffff;
  17462: fdfdfd;
  17463: fcfcfc;
  17464: ffffff;
  17465: fcfcfc;
  17466: fefefe;
  17467: fdfdfd;
  17468: ffffff;
  17469: ffffff;
  17470: fafafa;
  17471: ffffff;
  17472: ffffff;
  17473: ffffff;
  17474: ffffff;
  17475: fefefe;
  17476: ffffff;
  17477: ffffff;
  17478: ffffff;
  17479: fefefe;
  17480: ffffff;
  17481: fcfcfc;
  17482: ffffff;
  17483: ffffff;
  17484: fefefe;
  17485: ffffff;
  17486: ffffff;
  17487: ffffff;
  17488: ffffff;
  17489: ffffff;
  17490: fefefe;
  17491: ffffff;
  17492: fdfdfd;
  17493: fefefe;
  17494: ffffff;
  17495: ffffff;
  17496: ffffff;
  17497: fefefe;
  17498: fefefe;
  17499: ffffff;
  17500: fefefe;
  17501: fcfcfc;
  17502: ffffff;
  17503: ffffff;
  17504: ffffff;
  17505: ffffff;
  17506: ffffff;
  17507: ffffff;
  17508: ffffff;
  17509: ffffff;
  17510: ffffff;
  17511: ffffff;
  17512: ffffff;
  17513: ffffff;
  17514: ffffff;
  17515: ffffff;
  17516: ffffff;
  17517: ffffff;
  17518: ffffff;
  17519: ffffff;
  17520: ffffff;
  17521: ffffff;
  17522: ffffff;
  17523: ffffff;
  17524: ffffff;
  17525: ffffff;
  17526: ffffff;
  17527: ffffff;
  17528: ffffff;
  17529: ffffff;
  17530: ffffff;
  17531: ffffff;
  17532: ffffff;
  17533: ffffff;
  17534: ffffff;
  17535: ffffff;
  17536: ffffff;
  17537: ffffff;
  17538: ffffff;
  17539: ffffff;
  17540: ffffff;
  17541: ffffff;
  17542: ffffff;
  17543: ffffff;
  17544: ffffff;
  17545: ffffff;
  17546: ffffff;
  17547: ffffff;
  17548: ffffff;
  17549: ffffff;
  17550: ffffff;
  17551: ffffff;
  17552: ffffff;
  17553: ffffff;
  17554: ffffff;
  17555: ffffff;
  17556: ffffff;
  17557: ffffff;
  17558: ffffff;
  17559: ffffff;
  17560: ffffff;
  17561: ffffff;
  17562: ffffff;
  17563: ffffff;
  17564: ffffff;
  17565: ffffff;
  17566: ffffff;
  17567: ffffff;
  17568: ffffff;
  17569: fafafa;
  17570: ffffff;
  17571: ffffff;
  17572: fefefe;
  17573: fdfdfd;
  17574: 2f2f2f;
  17575: 2b2b2b;
  17576: 2e2e2e;
  17577: 2e2e2e;
  17578: 2c2c2c;
  17579: 2b2b2b;
  17580: 2d2d2d;
  17581: b5b5b5;
  17582: ffffff;
  17583: ffffff;
  17584: ffffff;
  17585: fcfcfc;
  17586: ffffff;
  17587: ffffff;
  17588: fbfbfb;
  17589: 2e2e2e;
  17590: 303030;
  17591: 303030;
  17592: 2d2d2d;
  17593: 303030;
  17594: 2e2e2e;
  17595: 323232;
  17596: cfcfcf;
  17597: fcfcfc;
  17598: ffffff;
  17599: fdfdfd;
  17600: fefefe;
  17601: fdfdfd;
  17602: ffffff;
  17603: ffffff;
  17604: 2d2d2d;
  17605: 2d2d2d;
  17606: 2f2f2f;
  17607: 2e2e2e;
  17608: 2f2f2f;
  17609: 2f2f2f;
  17610: 2d2d2d;
  17611: ededed;
  17612: ffffff;
  17613: fefefe;
  17614: f9f9f9;
  17615: ffffff;
  17616: fbfbfb;
  17617: ffffff;
  17618: ffffff;
  17619: 2f2f2f;
  17620: 2f2f2f;
  17621: 2c2c2c;
  17622: 2e2e2e;
  17623: 2f2f2f;
  17624: 2d2d2d;
  17625: 2e2e2e;
  17626: ffffff;
  17627: ffffff;
  17628: ffffff;
  17629: ffffff;
  17630: fbfbfb;
  17631: ffffff;
  17632: ffffff;
  17633: ffffff;
  17634: ffffff;
  17635: ffffff;
  17636: ffffff;
  17637: ffffff;
  17638: ffffff;
  17639: ffffff;
  17640: ffffff;
  17641: ffffff;
  17642: ffffff;
  17643: ffffff;
  17644: ffffff;
  17645: ffffff;
  17646: ffffff;
  17647: ffffff;
  17648: ffffff;
  17649: ffffff;
  17650: ffffff;
  17651: ffffff;
  17652: ffffff;
  17653: ffffff;
  17654: ffffff;
  17655: ffffff;
  17656: ffffff;
  17657: ffffff;
  17658: ffffff;
  17659: ffffff;
  17660: ffffff;
  17661: ffffff;
  17662: ffffff;
  17663: ffffff;
  17664: ffffff;
  17665: ffffff;
  17666: ffffff;
  17667: ffffff;
  17668: ffffff;
  17669: ffffff;
  17670: ffffff;
  17671: ffffff;
  17672: ffffff;
  17673: ffffff;
  17674: ffffff;
  17675: ffffff;
  17676: ffffff;
  17677: ffffff;
  17678: ffffff;
  17679: ffffff;
  17680: ffffff;
  17681: ffffff;
  17682: ffffff;
  17683: ffffff;
  17684: ffffff;
  17685: ffffff;
  17686: ffffff;
  17687: ffffff;
  17688: ffffff;
  17689: ffffff;
  17690: ffffff;
  17691: ffffff;
  17692: ffffff;
  17693: ffffff;
  17694: ffffff;
  17695: ffffff;
  17696: ffffff;
  17697: ffffff;
  17698: ffffff;
  17699: fdfdfd;
  17700: fefefe;
  17701: fbfbfb;
  17702: 10101;
  17703: 10101;
  17704: 10101;
  17705: 0;
  17706: 0;
  17707: 70707;
  17708: 10101;
  17709: adadad;
  17710: ffffff;
  17711: fdfdfd;
  17712: ffffff;
  17713: ffffff;
  17714: fbfbfb;
  17715: fdfdfd;
  17716: fafafa;
  17717: 10101;
  17718: 0;
  17719: 0;
  17720: 0;
  17721: 20202;
  17722: 0;
  17723: 0;
  17724: cfcfcf;
  17725: ffffff;
  17726: ffffff;
  17727: ffffff;
  17728: ffffff;
  17729: ffffff;
  17730: ffffff;
  17731: fdfdfd;
  17732: 40404;
  17733: 0;
  17734: 0;
  17735: 0;
  17736: 0;
  17737: 20202;
  17738: 0;
  17739: f6f6f6;
  17740: ffffff;
  17741: ffffff;
  17742: ffffff;
  17743: ffffff;
  17744: fefefe;
  17745: ffffff;
  17746: fdfdfd;
  17747: 30303;
  17748: 0;
  17749: 20202;
  17750: 0;
  17751: 0;
  17752: 10101;
  17753: 0;
  17754: ffffff;
  17755: fefefe;
  17756: fefefe;
  17757: fdfdfd;
  17758: ffffff;
  17759: ffffff;
  17760: ffffff;
  17761: ffffff;
  17762: ffffff;
  17763: ffffff;
  17764: ffffff;
  17765: ffffff;
  17766: ffffff;
  17767: ffffff;
  17768: ffffff;
  17769: ffffff;
  17770: ffffff;
  17771: ffffff;
  17772: ffffff;
  17773: ffffff;
  17774: ffffff;
  17775: ffffff;
  17776: ffffff;
  17777: ffffff;
  17778: ffffff;
  17779: ffffff;
  17780: ffffff;
  17781: ffffff;
  17782: ffffff;
  17783: ffffff;
  17784: ffffff;
  17785: ffffff;
  17786: ffffff;
  17787: ffffff;
  17788: ffffff;
  17789: ffffff;
  17790: ffffff;
  17791: ffffff;
  17792: ffffff;
  17793: ffffff;
  17794: ffffff;
  17795: ffffff;
  17796: ffffff;
  17797: ffffff;
  17798: ffffff;
  17799: ffffff;
  17800: ffffff;
  17801: ffffff;
  17802: ffffff;
  17803: ffffff;
  17804: ffffff;
  17805: ffffff;
  17806: ffffff;
  17807: ffffff;
  17808: ffffff;
  17809: ffffff;
  17810: ffffff;
  17811: ffffff;
  17812: ffffff;
  17813: ffffff;
  17814: ffffff;
  17815: ffffff;
  17816: ffffff;
  17817: ffffff;
  17818: ffffff;
  17819: ffffff;
  17820: ffffff;
  17821: ffffff;
  17822: ffffff;
  17823: ffffff;
  17824: fefefe;
  17825: ffffff;
  17826: ffffff;
  17827: ffffff;
  17828: ffffff;
  17829: f9f9f9;
  17830: 70707;
  17831: 0;
  17832: 0;
  17833: 0;
  17834: 0;
  17835: 0;
  17836: 0;
  17837: aeaeae;
  17838: fefefe;
  17839: ffffff;
  17840: fefefe;
  17841: fefefe;
  17842: ffffff;
  17843: ffffff;
  17844: fafafa;
  17845: 80808;
  17846: 10101;
  17847: 0;
  17848: 10101;
  17849: 0;
  17850: 0;
  17851: 70707;
  17852: d0d0d0;
  17853: fefefe;
  17854: fdfdfd;
  17855: ffffff;
  17856: fbfbfb;
  17857: fdfdfd;
  17858: fefefe;
  17859: fafafa;
  17860: 40404;
  17861: 0;
  17862: 10101;
  17863: 30303;
  17864: 20202;
  17865: 0;
  17866: 40404;
  17867: ededed;
  17868: fbfbfb;
  17869: ffffff;
  17870: ffffff;
  17871: fdfdfd;
  17872: ffffff;
  17873: fefefe;
  17874: fcfcfc;
  17875: 80808;
  17876: 0;
  17877: 0;
  17878: 50505;
  17879: 0;
  17880: 0;
  17881: 20202;
  17882: fcfcfc;
  17883: ffffff;
  17884: ffffff;
  17885: ffffff;
  17886: fefefe;
  17887: fefefe;
  17888: ffffff;
  17889: ffffff;
  17890: ffffff;
  17891: ffffff;
  17892: ffffff;
  17893: ffffff;
  17894: ffffff;
  17895: ffffff;
  17896: ffffff;
  17897: ffffff;
  17898: ffffff;
  17899: ffffff;
  17900: ffffff;
  17901: ffffff;
  17902: ffffff;
  17903: ffffff;
  17904: ffffff;
  17905: ffffff;
  17906: ffffff;
  17907: ffffff;
  17908: ffffff;
  17909: ffffff;
  17910: ffffff;
  17911: ffffff;
  17912: ffffff;
  17913: ffffff;
  17914: ffffff;
  17915: ffffff;
  17916: ffffff;
  17917: ffffff;
  17918: ffffff;
  17919: ffffff;
  17920: ffffff;
  17921: ffffff;
  17922: ffffff;
  17923: ffffff;
  17924: ffffff;
  17925: ffffff;
  17926: ffffff;
  17927: ffffff;
  17928: ffffff;
  17929: ffffff;
  17930: ffffff;
  17931: ffffff;
  17932: ffffff;
  17933: ffffff;
  17934: ffffff;
  17935: ffffff;
  17936: ffffff;
  17937: ffffff;
  17938: ffffff;
  17939: ffffff;
  17940: ffffff;
  17941: ffffff;
  17942: ffffff;
  17943: ffffff;
  17944: ffffff;
  17945: ffffff;
  17946: ffffff;
  17947: ffffff;
  17948: ffffff;
  17949: ffffff;
  17950: ffffff;
  17951: ffffff;
  17952: ffffff;
  17953: ffffff;
  17954: fbfbfb;
  17955: fefefe;
  17956: ffffff;
  17957: fefefe;
  17958: 30303;
  17959: 0;
  17960: 0;
  17961: 0;
  17962: 20202;
  17963: 0;
  17964: 0;
  17965: b0b0b0;
  17966: ffffff;
  17967: ffffff;
  17968: ffffff;
  17969: fdfdfd;
  17970: fcfcfc;
  17971: ffffff;
  17972: f9f9f9;
  17973: 0;
  17974: 20202;
  17975: 0;
  17976: 0;
  17977: 10101;
  17978: 10101;
  17979: 0;
  17980: d3d3d3;
  17981: ffffff;
  17982: ffffff;
  17983: ffffff;
  17984: ffffff;
  17985: ffffff;
  17986: fefefe;
  17987: fbfbfb;
  17988: 40404;
  17989: 10101;
  17990: 0;
  17991: 0;
  17992: 10101;
  17993: 0;
  17994: 0;
  17995: f3f3f3;
  17996: ffffff;
  17997: ffffff;
  17998: ffffff;
  17999: ffffff;
  18000: fcfcfc;
  18001: fefefe;
  18002: ffffff;
  18003: 20202;
  18004: 0;
  18005: 10101;
  18006: 0;
  18007: 0;
  18008: 0;
  18009: 0;
  18010: ffffff;
  18011: ffffff;
  18012: fefefe;
  18013: fdfdfd;
  18014: ffffff;
  18015: ffffff;
  18016: ffffff;
  18017: ffffff;
  18018: ffffff;
  18019: ffffff;
  18020: ffffff;
  18021: ffffff;
  18022: ffffff;
  18023: ffffff;
  18024: ffffff;
  18025: ffffff;
  18026: ffffff;
  18027: ffffff;
  18028: ffffff;
  18029: ffffff;
  18030: ffffff;
  18031: ffffff;
  18032: ffffff;
  18033: ffffff;
  18034: ffffff;
  18035: ffffff;
  18036: ffffff;
  18037: ffffff;
  18038: ffffff;
  18039: ffffff;
  18040: ffffff;
  18041: ffffff;
  18042: ffffff;
  18043: ffffff;
  18044: ffffff;
  18045: ffffff;
  18046: ffffff;
  18047: ffffff;
  18048: ffffff;
  18049: ffffff;
  18050: ffffff;
  18051: ffffff;
  18052: ffffff;
  18053: ffffff;
  18054: ffffff;
  18055: ffffff;
  18056: ffffff;
  18057: ffffff;
  18058: ffffff;
  18059: ffffff;
  18060: ffffff;
  18061: ffffff;
  18062: ffffff;
  18063: ffffff;
  18064: ffffff;
  18065: ffffff;
  18066: ffffff;
  18067: ffffff;
  18068: ffffff;
  18069: ffffff;
  18070: ffffff;
  18071: ffffff;
  18072: ffffff;
  18073: ffffff;
  18074: ffffff;
  18075: ffffff;
  18076: ffffff;
  18077: ffffff;
  18078: ffffff;
  18079: ffffff;
  18080: fcfcfc;
  18081: ffffff;
  18082: fdfdfd;
  18083: ffffff;
  18084: ffffff;
  18085: f8f8f8;
  18086: 40404;
  18087: 0;
  18088: 30303;
  18089: 0;
  18090: 0;
  18091: 20202;
  18092: 0;
  18093: acacac;
  18094: fcfcfc;
  18095: ffffff;
  18096: fcfcfc;
  18097: ffffff;
  18098: fcfcfc;
  18099: ffffff;
  18100: fbfbfb;
  18101: a0a0a;
  18102: 10101;
  18103: 0;
  18104: 0;
  18105: 20202;
  18106: 30303;
  18107: 0;
  18108: d0d0d0;
  18109: ffffff;
  18110: fefefe;
  18111: ffffff;
  18112: fdfdfd;
  18113: ffffff;
  18114: ffffff;
  18115: f9f9f9;
  18116: 70707;
  18117: 0;
  18118: 0;
  18119: 30303;
  18120: 0;
  18121: 40404;
  18122: 10101;
  18123: efefef;
  18124: fcfcfc;
  18125: ffffff;
  18126: fefefe;
  18127: fefefe;
  18128: ffffff;
  18129: ffffff;
  18130: fafafa;
  18131: 30303;
  18132: 10101;
  18133: 10101;
  18134: 0;
  18135: 40404;
  18136: 0;
  18137: 0;
  18138: fcfcfc;
  18139: ffffff;
  18140: ffffff;
  18141: ffffff;
  18142: ffffff;
  18143: fbfbfb;
  18144: ffffff;
  18145: ffffff;
  18146: ffffff;
  18147: ffffff;
  18148: ffffff;
  18149: ffffff;
  18150: ffffff;
  18151: ffffff;
  18152: ffffff;
  18153: ffffff;
  18154: ffffff;
  18155: ffffff;
  18156: ffffff;
  18157: ffffff;
  18158: ffffff;
  18159: ffffff;
  18160: ffffff;
  18161: ffffff;
  18162: ffffff;
  18163: ffffff;
  18164: ffffff;
  18165: ffffff;
  18166: ffffff;
  18167: ffffff;
  18168: ffffff;
  18169: ffffff;
  18170: ffffff;
  18171: ffffff;
  18172: ffffff;
  18173: ffffff;
  18174: ffffff;
  18175: ffffff;
  18176: ffffff;
  18177: ffffff;
  18178: ffffff;
  18179: ffffff;
  18180: ffffff;
  18181: ffffff;
  18182: ffffff;
  18183: ffffff;
  18184: ffffff;
  18185: ffffff;
  18186: ffffff;
  18187: ffffff;
  18188: ffffff;
  18189: ffffff;
  18190: ffffff;
  18191: ffffff;
  18192: ffffff;
  18193: ffffff;
  18194: ffffff;
  18195: ffffff;
  18196: ffffff;
  18197: ffffff;
  18198: ffffff;
  18199: ffffff;
  18200: ffffff;
  18201: ffffff;
  18202: ffffff;
  18203: ffffff;
  18204: ffffff;
  18205: ffffff;
  18206: ffffff;
  18207: ffffff;
  18208: ffffff;
  18209: fbfbfb;
  18210: ffffff;
  18211: fdfdfd;
  18212: fefefe;
  18213: fafafa;
  18214: 70707;
  18215: 10101;
  18216: 0;
  18217: 40404;
  18218: 0;
  18219: 0;
  18220: 10101;
  18221: b1b1b1;
  18222: ffffff;
  18223: ffffff;
  18224: ffffff;
  18225: ffffff;
  18226: ffffff;
  18227: fbfbfb;
  18228: f8f8f8;
  18229: 20202;
  18230: 0;
  18231: 20202;
  18232: 10101;
  18233: 0;
  18234: 0;
  18235: 30303;
  18236: d0d0d0;
  18237: ffffff;
  18238: fcfcfc;
  18239: ffffff;
  18240: ffffff;
  18241: fcfcfc;
  18242: fdfdfd;
  18243: ffffff;
  18244: 0;
  18245: 30303;
  18246: 40404;
  18247: 0;
  18248: 30303;
  18249: 0;
  18250: 20202;
  18251: ededed;
  18252: ffffff;
  18253: ffffff;
  18254: fefefe;
  18255: ffffff;
  18256: fdfdfd;
  18257: fefefe;
  18258: ffffff;
  18259: 70707;
  18260: 30303;
  18261: 0;
  18262: 40404;
  18263: 0;
  18264: 10101;
  18265: 10101;
  18266: ffffff;
  18267: fcfcfc;
  18268: fdfdfd;
  18269: ffffff;
  18270: f8f8f8;
  18271: ffffff;
  18272: ffffff;
  18273: ffffff;
  18274: ffffff;
  18275: ffffff;
  18276: ffffff;
  18277: ffffff;
  18278: ffffff;
  18279: ffffff;
  18280: ffffff;
  18281: ffffff;
  18282: ffffff;
  18283: ffffff;
  18284: ffffff;
  18285: ffffff;
  18286: ffffff;
  18287: ffffff;
  18288: ffffff;
  18289: ffffff;
  18290: ffffff;
  18291: ffffff;
  18292: ffffff;
  18293: ffffff;
  18294: ffffff;
  18295: ffffff;
  18296: ffffff;
  18297: ffffff;
  18298: ffffff;
  18299: ffffff;
  18300: ffffff;
  18301: ffffff;
  18302: ffffff;
  18303: ffffff;
  18304: ffffff;
  18305: ffffff;
  18306: ffffff;
  18307: ffffff;
  18308: ffffff;
  18309: ffffff;
  18310: ffffff;
  18311: ffffff;
  18312: ffffff;
  18313: ffffff;
  18314: ffffff;
  18315: ffffff;
  18316: ffffff;
  18317: ffffff;
  18318: ffffff;
  18319: ffffff;
  18320: ffffff;
  18321: ffffff;
  18322: ffffff;
  18323: ffffff;
  18324: ffffff;
  18325: ffffff;
  18326: ffffff;
  18327: ffffff;
  18328: ffffff;
  18329: ffffff;
  18330: ffffff;
  18331: ffffff;
  18332: ffffff;
  18333: ffffff;
  18334: ffffff;
  18335: ffffff;
  18336: fdfdfd;
  18337: ffffff;
  18338: fdfdfd;
  18339: ffffff;
  18340: ffffff;
  18341: f9f9f9;
  18342: 40404;
  18343: 0;
  18344: 20202;
  18345: 0;
  18346: 0;
  18347: 0;
  18348: 20202;
  18349: aaaaaa;
  18350: ffffff;
  18351: fdfdfd;
  18352: ffffff;
  18353: ffffff;
  18354: fbfbfb;
  18355: ffffff;
  18356: f8f8f8;
  18357: 50505;
  18358: 40404;
  18359: 0;
  18360: 0;
  18361: 0;
  18362: 30303;
  18363: 0;
  18364: d2d2d2;
  18365: ffffff;
  18366: fdfdfd;
  18367: ffffff;
  18368: ffffff;
  18369: ffffff;
  18370: ffffff;
  18371: fcfcfc;
  18372: 40404;
  18373: 0;
  18374: 0;
  18375: 10101;
  18376: 0;
  18377: 0;
  18378: 0;
  18379: f1f1f1;
  18380: ffffff;
  18381: fbfbfb;
  18382: ffffff;
  18383: ffffff;
  18384: ffffff;
  18385: fdfdfd;
  18386: ffffff;
  18387: 40404;
  18388: 0;
  18389: 20202;
  18390: 0;
  18391: 10101;
  18392: 0;
  18393: 0;
  18394: ffffff;
  18395: fcfcfc;
  18396: ffffff;
  18397: fcfcfc;
  18398: ffffff;
  18399: ffffff;
  18400: ffffff;
  18401: ffffff;
  18402: ffffff;
  18403: ffffff;
  18404: ffffff;
  18405: ffffff;
  18406: ffffff;
  18407: ffffff;
  18408: ffffff;
  18409: ffffff;
  18410: ffffff;
  18411: ffffff;
  18412: ffffff;
  18413: ffffff;
  18414: ffffff;
  18415: ffffff;
  18416: ffffff;
  18417: ffffff;
  18418: ffffff;
  18419: ffffff;
  18420: ffffff;
  18421: ffffff;
  18422: ffffff;
  18423: ffffff;
  18424: ffffff;
  18425: ffffff;
  18426: ffffff;
  18427: ffffff;
  18428: ffffff;
  18429: ffffff;
  18430: ffffff;
  18431: ffffff;
  18432: ffffff;
  18433: ffffff;
  18434: ffffff;
  18435: ffffff;
  18436: ffffff;
  18437: ffffff;
  18438: ffffff;
  18439: ffffff;
  18440: ffffff;
  18441: ffffff;
  18442: ffffff;
  18443: ffffff;
  18444: ffffff;
  18445: ffffff;
  18446: ffffff;
  18447: ffffff;
  18448: ffffff;
  18449: ffffff;
  18450: ffffff;
  18451: ffffff;
  18452: ffffff;
  18453: ffffff;
  18454: ffffff;
  18455: ffffff;
  18456: ffffff;
  18457: ffffff;
  18458: ffffff;
  18459: ffffff;
  18460: ffffff;
  18461: ffffff;
  18462: ffffff;
  18463: ffffff;
  18464: ffffff;
  18465: ffffff;
  18466: ffffff;
  18467: ffffff;
  18468: ffffff;
  18469: f9f9f9;
  18470: 50505;
  18471: 0;
  18472: 0;
  18473: 10101;
  18474: 0;
  18475: 10101;
  18476: 0;
  18477: aeaeae;
  18478: ffffff;
  18479: ffffff;
  18480: ffffff;
  18481: ffffff;
  18482: ffffff;
  18483: ffffff;
  18484: fbfbfb;
  18485: 30303;
  18486: 0;
  18487: 0;
  18488: 0;
  18489: 0;
  18490: 0;
  18491: 0;
  18492: d1d1d1;
  18493: ffffff;
  18494: ffffff;
  18495: ffffff;
  18496: ffffff;
  18497: ffffff;
  18498: ffffff;
  18499: fcfcfc;
  18500: 30303;
  18501: 0;
  18502: 0;
  18503: 0;
  18504: 0;
  18505: 0;
  18506: 0;
  18507: f0f0f0;
  18508: ffffff;
  18509: fefefe;
  18510: ffffff;
  18511: ffffff;
  18512: ffffff;
  18513: ffffff;
  18514: ffffff;
  18515: 40404;
  18516: 0;
  18517: 10101;
  18518: 0;
  18519: 0;
  18520: 0;
  18521: 0;
  18522: ffffff;
  18523: ffffff;
  18524: ffffff;
  18525: fefefe;
  18526: ffffff;
  18527: ffffff;
  18528: ffffff;
  18529: ffffff;
  18530: ffffff;
  18531: ffffff;
  18532: ffffff;
  18533: ffffff;
  18534: ffffff;
  18535: ffffff;
  18536: ffffff;
  18537: ffffff;
  18538: ffffff;
  18539: ffffff;
  18540: ffffff;
  18541: ffffff;
  18542: ffffff;
  18543: ffffff;
  18544: ffffff;
  18545: ffffff;
  18546: ffffff;
  18547: ffffff;
  18548: ffffff;
  18549: ffffff;
  18550: ffffff;
  18551: ffffff;
  18552: ffffff;
  18553: ffffff;
  18554: ffffff;
  18555: ffffff;
  18556: ffffff;
  18557: ffffff;
  18558: ffffff;
  18559: ffffff;
  18560: ffffff;
  18561: ffffff;
  18562: ffffff;
  18563: ffffff;
  18564: ffffff;
  18565: ffffff;
  18566: ffffff;
  18567: ffffff;
  18568: ffffff;
  18569: ffffff;
  18570: ffffff;
  18571: ffffff;
  18572: ffffff;
  18573: ffffff;
  18574: ffffff;
  18575: ffffff;
  18576: ffffff;
  18577: ffffff;
  18578: ffffff;
  18579: ffffff;
  18580: ffffff;
  18581: ffffff;
  18582: ffffff;
  18583: ffffff;
  18584: ffffff;
  18585: ffffff;
  18586: ffffff;
  18587: ffffff;
  18588: ffffff;
  18589: ffffff;
  18590: ffffff;
  18591: ffffff;
  18592: ffffff;
  18593: ffffff;
  18594: ffffff;
  18595: ffffff;
  18596: ffffff;
  18597: f9f9f9;
  18598: 50505;
  18599: 0;
  18600: 0;
  18601: 10101;
  18602: 0;
  18603: 10101;
  18604: 0;
  18605: aeaeae;
  18606: ffffff;
  18607: ffffff;
  18608: ffffff;
  18609: ffffff;
  18610: ffffff;
  18611: ffffff;
  18612: fbfbfb;
  18613: 30303;
  18614: 0;
  18615: 0;
  18616: 0;
  18617: 0;
  18618: 0;
  18619: 0;
  18620: d1d1d1;
  18621: ffffff;
  18622: ffffff;
  18623: ffffff;
  18624: ffffff;
  18625: ffffff;
  18626: ffffff;
  18627: fcfcfc;
  18628: 30303;
  18629: 0;
  18630: 0;
  18631: 0;
  18632: 0;
  18633: 0;
  18634: 0;
  18635: f0f0f0;
  18636: ffffff;
  18637: fefefe;
  18638: ffffff;
  18639: ffffff;
  18640: ffffff;
  18641: ffffff;
  18642: ffffff;
  18643: 40404;
  18644: 0;
  18645: 10101;
  18646: 0;
  18647: 0;
  18648: 0;
  18649: 0;
  18650: ffffff;
  18651: ffffff;
  18652: ffffff;
  18653: fefefe;
  18654: ffffff;
  18655: ffffff;
  18656: ffffff;
  18657: ffffff;
  18658: ffffff;
  18659: ffffff;
  18660: ffffff;
  18661: ffffff;
  18662: ffffff;
  18663: ffffff;
  18664: ffffff;
  18665: ffffff;
  18666: ffffff;
  18667: ffffff;
  18668: ffffff;
  18669: ffffff;
  18670: ffffff;
  18671: ffffff;
  18672: ffffff;
  18673: ffffff;
  18674: ffffff;
  18675: ffffff;
  18676: ffffff;
  18677: ffffff;
  18678: ffffff;
  18679: ffffff;
  18680: ffffff;
  18681: ffffff;
  18682: ffffff;
  18683: ffffff;
  18684: ffffff;
  18685: ffffff;
  18686: ffffff;
  18687: ffffff;
  18688: ffffff;
  18689: ffffff;
  18690: ffffff;
  18691: ffffff;
  18692: ffffff;
  18693: ffffff;
  18694: ffffff;
  18695: ffffff;
  18696: ffffff;
  18697: ffffff;
  18698: ffffff;
  18699: ffffff;
  18700: ffffff;
  18701: ffffff;
  18702: ffffff;
  18703: ffffff;
  18704: ffffff;
  18705: ffffff;
  18706: ffffff;
  18707: ffffff;
  18708: ffffff;
  18709: ffffff;
  18710: ffffff;
  18711: ffffff;
  18712: ffffff;
  18713: ffffff;
  18714: ffffff;
  18715: ffffff;
  18716: ffffff;
  18717: ffffff;
  18718: ffffff;
  18719: ffffff;
  18720: ffffff;
  18721: ffffff;
  18722: ffffff;
  18723: ffffff;
  18724: ffffff;
  18725: f9f9f9;
  18726: 50505;
  18727: 0;
  18728: 0;
  18729: 10101;
  18730: 0;
  18731: 10101;
  18732: 0;
  18733: aeaeae;
  18734: ffffff;
  18735: ffffff;
  18736: ffffff;
  18737: ffffff;
  18738: ffffff;
  18739: ffffff;
  18740: fbfbfb;
  18741: 30303;
  18742: 0;
  18743: 0;
  18744: 0;
  18745: 0;
  18746: 0;
  18747: 0;
  18748: d1d1d1;
  18749: ffffff;
  18750: ffffff;
  18751: ffffff;
  18752: ffffff;
  18753: ffffff;
  18754: ffffff;
  18755: fcfcfc;
  18756: 30303;
  18757: 0;
  18758: 0;
  18759: 0;
  18760: 0;
  18761: 0;
  18762: 0;
  18763: f0f0f0;
  18764: ffffff;
  18765: fefefe;
  18766: ffffff;
  18767: ffffff;
  18768: ffffff;
  18769: ffffff;
  18770: ffffff;
  18771: 40404;
  18772: 0;
  18773: 10101;
  18774: 0;
  18775: 0;
  18776: 0;
  18777: 0;
  18778: ffffff;
  18779: ffffff;
  18780: ffffff;
  18781: fefefe;
  18782: ffffff;
  18783: ffffff;
  18784: ffffff;
  18785: ffffff;
  18786: ffffff;
  18787: ffffff;
  18788: ffffff;
  18789: ffffff;
  18790: ffffff;
  18791: ffffff;
  18792: ffffff;
  18793: ffffff;
  18794: ffffff;
  18795: ffffff;
  18796: ffffff;
  18797: ffffff;
  18798: ffffff;
  18799: ffffff;
  18800: ffffff;
  18801: ffffff;
  18802: ffffff;
  18803: ffffff;
  18804: ffffff;
  18805: ffffff;
  18806: ffffff;
  18807: ffffff;
  18808: ffffff;
  18809: ffffff;
  18810: ffffff;
  18811: ffffff;
  18812: ffffff;
  18813: ffffff;
  18814: ffffff;
  18815: ffffff;
  18816: ffffff;
  18817: ffffff;
  18818: ffffff;
  18819: ffffff;
  18820: ffffff;
  18821: ffffff;
  18822: ffffff;
  18823: ffffff;
  18824: ffffff;
  18825: ffffff;
  18826: ffffff;
  18827: ffffff;
  18828: ffffff;
  18829: ffffff;
  18830: ffffff;
  18831: ffffff;
  18832: ffffff;
  18833: ffffff;
  18834: ffffff;
  18835: ffffff;
  18836: ffffff;
  18837: ffffff;
  18838: ffffff;
  18839: ffffff;
  18840: ffffff;
  18841: ffffff;
  18842: ffffff;
  18843: ffffff;
  18844: ffffff;
  18845: ffffff;
  18846: ffffff;
  18847: ffffff;
  18848: ffffff;
  18849: ffffff;
  18850: ffffff;
  18851: ffffff;
  18852: ffffff;
  18853: f9f9f9;
  18854: 50505;
  18855: 0;
  18856: 0;
  18857: 10101;
  18858: 0;
  18859: 10101;
  18860: 0;
  18861: aeaeae;
  18862: ffffff;
  18863: ffffff;
  18864: ffffff;
  18865: ffffff;
  18866: ffffff;
  18867: ffffff;
  18868: fbfbfb;
  18869: 30303;
  18870: 0;
  18871: 0;
  18872: 0;
  18873: 0;
  18874: 0;
  18875: 0;
  18876: d1d1d1;
  18877: ffffff;
  18878: ffffff;
  18879: ffffff;
  18880: ffffff;
  18881: ffffff;
  18882: ffffff;
  18883: fcfcfc;
  18884: 30303;
  18885: 0;
  18886: 0;
  18887: 0;
  18888: 0;
  18889: 0;
  18890: 0;
  18891: f0f0f0;
  18892: ffffff;
  18893: fefefe;
  18894: ffffff;
  18895: ffffff;
  18896: ffffff;
  18897: ffffff;
  18898: ffffff;
  18899: 40404;
  18900: 0;
  18901: 10101;
  18902: 0;
  18903: 0;
  18904: 0;
  18905: 0;
  18906: ffffff;
  18907: ffffff;
  18908: ffffff;
  18909: fefefe;
  18910: ffffff;
  18911: ffffff;
  18912: ffffff;
  18913: ffffff;
  18914: ffffff;
  18915: ffffff;
  18916: ffffff;
  18917: ffffff;
  18918: ffffff;
  18919: ffffff;
  18920: ffffff;
  18921: ffffff;
  18922: ffffff;
  18923: ffffff;
  18924: ffffff;
  18925: ffffff;
  18926: ffffff;
  18927: ffffff;
  18928: ffffff;
  18929: ffffff;
  18930: ffffff;
  18931: ffffff;
  18932: ffffff;
  18933: ffffff;
  18934: ffffff;
  18935: ffffff;
  18936: ffffff;
  18937: ffffff;
  18938: ffffff;
  18939: ffffff;
  18940: ffffff;
  18941: ffffff;
  18942: ffffff;
  18943: ffffff;
  18944: ffffff;
  18945: ffffff;
  18946: ffffff;
  18947: ffffff;
  18948: ffffff;
  18949: ffffff;
  18950: ffffff;
  18951: ffffff;
  18952: ffffff;
  18953: ffffff;
  18954: ffffff;
  18955: ffffff;
  18956: ffffff;
  18957: ffffff;
  18958: ffffff;
  18959: ffffff;
  18960: ffffff;
  18961: ffffff;
  18962: ffffff;
  18963: ffffff;
  18964: ffffff;
  18965: ffffff;
  18966: ffffff;
  18967: ffffff;
  18968: ffffff;
  18969: ffffff;
  18970: ffffff;
  18971: ffffff;
  18972: ffffff;
  18973: ffffff;
  18974: ffffff;
  18975: ffffff;
  18976: ffffff;
  18977: ffffff;
  18978: ffffff;
  18979: ffffff;
  18980: ffffff;
  18981: f9f9f9;
  18982: 50505;
  18983: 0;
  18984: 0;
  18985: 10101;
  18986: 0;
  18987: 10101;
  18988: 0;
  18989: aeaeae;
  18990: ffffff;
  18991: ffffff;
  18992: ffffff;
  18993: ffffff;
  18994: ffffff;
  18995: ffffff;
  18996: fbfbfb;
  18997: 30303;
  18998: 0;
  18999: 0;
  19000: 0;
  19001: 0;
  19002: 0;
  19003: 0;
  19004: d1d1d1;
  19005: ffffff;
  19006: ffffff;
  19007: ffffff;
  19008: ffffff;
  19009: ffffff;
  19010: ffffff;
  19011: fcfcfc;
  19012: 30303;
  19013: 0;
  19014: 0;
  19015: 0;
  19016: 0;
  19017: 0;
  19018: 0;
  19019: f0f0f0;
  19020: ffffff;
  19021: fefefe;
  19022: ffffff;
  19023: ffffff;
  19024: ffffff;
  19025: ffffff;
  19026: ffffff;
  19027: 40404;
  19028: 0;
  19029: 10101;
  19030: 0;
  19031: 0;
  19032: 0;
  19033: 0;
  19034: ffffff;
  19035: ffffff;
  19036: ffffff;
  19037: fefefe;
  19038: ffffff;
  19039: ffffff;
  19040: ffffff;
  19041: ffffff;
  19042: ffffff;
  19043: ffffff;
  19044: ffffff;
  19045: ffffff;
  19046: ffffff;
  19047: ffffff;
  19048: ffffff;
  19049: ffffff;
  19050: ffffff;
  19051: ffffff;
  19052: ffffff;
  19053: ffffff;
  19054: ffffff;
  19055: ffffff;
  19056: ffffff;
  19057: ffffff;
  19058: ffffff;
  19059: ffffff;
  19060: ffffff;
  19061: ffffff;
  19062: ffffff;
  19063: ffffff;
  19064: ffffff;
  19065: ffffff;
  19066: ffffff;
  19067: ffffff;
  19068: ffffff;
  19069: ffffff;
  19070: ffffff;
  19071: ffffff;
  19072: ffffff;
  19073: ffffff;
  19074: ffffff;
  19075: ffffff;
  19076: ffffff;
  19077: ffffff;
  19078: ffffff;
  19079: ffffff;
  19080: ffffff;
  19081: ffffff;
  19082: ffffff;
  19083: ffffff;
  19084: ffffff;
  19085: ffffff;
  19086: ffffff;
  19087: ffffff;
  19088: ffffff;
  19089: ffffff;
  19090: ffffff;
  19091: ffffff;
  19092: ffffff;
  19093: ffffff;
  19094: ffffff;
  19095: ffffff;
  19096: ffffff;
  19097: ffffff;
  19098: ffffff;
  19099: ffffff;
  19100: ffffff;
  19101: ffffff;
  19102: ffffff;
  19103: ffffff;
  19104: ffffff;
  19105: ffffff;
  19106: ffffff;
  19107: ffffff;
  19108: ffffff;
  19109: f9f9f9;
  19110: 50505;
  19111: 0;
  19112: 0;
  19113: 10101;
  19114: 0;
  19115: 10101;
  19116: 0;
  19117: aeaeae;
  19118: ffffff;
  19119: ffffff;
  19120: ffffff;
  19121: ffffff;
  19122: ffffff;
  19123: ffffff;
  19124: fbfbfb;
  19125: 30303;
  19126: 0;
  19127: 0;
  19128: 0;
  19129: 0;
  19130: 0;
  19131: 0;
  19132: d1d1d1;
  19133: ffffff;
  19134: ffffff;
  19135: ffffff;
  19136: ffffff;
  19137: ffffff;
  19138: ffffff;
  19139: fcfcfc;
  19140: 30303;
  19141: 0;
  19142: 0;
  19143: 0;
  19144: 0;
  19145: 0;
  19146: 0;
  19147: f0f0f0;
  19148: ffffff;
  19149: fefefe;
  19150: ffffff;
  19151: ffffff;
  19152: ffffff;
  19153: ffffff;
  19154: ffffff;
  19155: 40404;
  19156: 0;
  19157: 10101;
  19158: 0;
  19159: 0;
  19160: 0;
  19161: 0;
  19162: ffffff;
  19163: ffffff;
  19164: ffffff;
  19165: fefefe;
  19166: ffffff;
  19167: ffffff;
  19168: ffffff;
  19169: ffffff;
  19170: ffffff;
  19171: ffffff;
  19172: ffffff;
  19173: ffffff;
  19174: ffffff;
  19175: ffffff;
  19176: ffffff;
  19177: ffffff;
  19178: ffffff;
  19179: ffffff;
  19180: ffffff;
  19181: ffffff;
  19182: ffffff;
  19183: ffffff;
  19184: ffffff;
  19185: ffffff;
  19186: ffffff;
  19187: ffffff;
  19188: ffffff;
  19189: ffffff;
  19190: ffffff;
  19191: ffffff;
  19192: ffffff;
  19193: ffffff;
  19194: ffffff;
  19195: ffffff;
  19196: ffffff;
  19197: ffffff;
  19198: ffffff;
  19199: ffffff;
  19200: ffffff;
  19201: ffffff;
  19202: ffffff;
  19203: ffffff;
  19204: ffffff;
  19205: ffffff;
  19206: ffffff;
  19207: ffffff;
  19208: ffffff;
  19209: ffffff;
  19210: ffffff;
  19211: ffffff;
  19212: ffffff;
  19213: ffffff;
  19214: ffffff;
  19215: ffffff;
  19216: ffffff;
  19217: ffffff;
  19218: ffffff;
  19219: ffffff;
  19220: ffffff;
  19221: ffffff;
  19222: ffffff;
  19223: ffffff;
  19224: ffffff;
  19225: ffffff;
  19226: ffffff;
  19227: ffffff;
  19228: ffffff;
  19229: ffffff;
  19230: ffffff;
  19231: ffffff;
  19232: ffffff;
  19233: ffffff;
  19234: ffffff;
  19235: ffffff;
  19236: ffffff;
  19237: f9f9f9;
  19238: 50505;
  19239: 0;
  19240: 0;
  19241: 10101;
  19242: 0;
  19243: 10101;
  19244: 0;
  19245: aeaeae;
  19246: ffffff;
  19247: ffffff;
  19248: ffffff;
  19249: ffffff;
  19250: ffffff;
  19251: ffffff;
  19252: fbfbfb;
  19253: 30303;
  19254: 0;
  19255: 0;
  19256: 0;
  19257: 0;
  19258: 0;
  19259: 0;
  19260: d1d1d1;
  19261: ffffff;
  19262: ffffff;
  19263: ffffff;
  19264: ffffff;
  19265: ffffff;
  19266: ffffff;
  19267: fcfcfc;
  19268: 30303;
  19269: 0;
  19270: 0;
  19271: 0;
  19272: 0;
  19273: 0;
  19274: 0;
  19275: f0f0f0;
  19276: ffffff;
  19277: fefefe;
  19278: ffffff;
  19279: ffffff;
  19280: ffffff;
  19281: ffffff;
  19282: ffffff;
  19283: 40404;
  19284: 0;
  19285: 10101;
  19286: 0;
  19287: 0;
  19288: 0;
  19289: 0;
  19290: ffffff;
  19291: ffffff;
  19292: ffffff;
  19293: fefefe;
  19294: ffffff;
  19295: ffffff;
  19296: ffffff;
  19297: ffffff;
  19298: ffffff;
  19299: ffffff;
  19300: ffffff;
  19301: ffffff;
  19302: ffffff;
  19303: ffffff;
  19304: ffffff;
  19305: ffffff;
  19306: ffffff;
  19307: ffffff;
  19308: ffffff;
  19309: ffffff;
  19310: ffffff;
  19311: ffffff;
  19312: ffffff;
  19313: ffffff;
  19314: ffffff;
  19315: ffffff;
  19316: ffffff;
  19317: ffffff;
  19318: ffffff;
  19319: ffffff;
  19320: ffffff;
  19321: ffffff;
  19322: ffffff;
  19323: ffffff;
  19324: ffffff;
  19325: ffffff;
  19326: ffffff;
  19327: ffffff;
  19328: ffffff;
  19329: ffffff;
  19330: ffffff;
  19331: ffffff;
  19332: ffffff;
  19333: ffffff;
  19334: ffffff;
  19335: ffffff;
  19336: ffffff;
  19337: ffffff;
  19338: ffffff;
  19339: ffffff;
  19340: ffffff;
  19341: ffffff;
  19342: ffffff;
  19343: ffffff;
  19344: ffffff;
  19345: ffffff;
  19346: ffffff;
  19347: ffffff;
  19348: ffffff;
  19349: ffffff;
  19350: ffffff;
  19351: ffffff;
  19352: ffffff;
  19353: ffffff;
  19354: ffffff;
  19355: ffffff;
  19356: ffffff;
  19357: ffffff;
  19358: ffffff;
  19359: ffffff;
  19360: ffffff;
  19361: ffffff;
  19362: ffffff;
  19363: ffffff;
  19364: ffffff;
  19365: f9f9f9;
  19366: 50505;
  19367: 0;
  19368: 0;
  19369: 10101;
  19370: 0;
  19371: 10101;
  19372: 0;
  19373: aeaeae;
  19374: ffffff;
  19375: ffffff;
  19376: ffffff;
  19377: ffffff;
  19378: ffffff;
  19379: ffffff;
  19380: fbfbfb;
  19381: 30303;
  19382: 0;
  19383: 0;
  19384: 0;
  19385: 0;
  19386: 0;
  19387: 0;
  19388: d1d1d1;
  19389: ffffff;
  19390: ffffff;
  19391: ffffff;
  19392: ffffff;
  19393: ffffff;
  19394: ffffff;
  19395: fcfcfc;
  19396: 30303;
  19397: 0;
  19398: 0;
  19399: 0;
  19400: 0;
  19401: 0;
  19402: 0;
  19403: f0f0f0;
  19404: ffffff;
  19405: fefefe;
  19406: ffffff;
  19407: ffffff;
  19408: ffffff;
  19409: ffffff;
  19410: ffffff;
  19411: 40404;
  19412: 0;
  19413: 10101;
  19414: 0;
  19415: 0;
  19416: 0;
  19417: 0;
  19418: ffffff;
  19419: ffffff;
  19420: ffffff;
  19421: fefefe;
  19422: ffffff;
  19423: ffffff;
  19424: ffffff;
  19425: ffffff;
  19426: ffffff;
  19427: ffffff;
  19428: ffffff;
  19429: ffffff;
  19430: ffffff;
  19431: ffffff;
  19432: ffffff;
  19433: ffffff;
  19434: ffffff;
  19435: ffffff;
  19436: ffffff;
  19437: ffffff;
  19438: ffffff;
  19439: ffffff;
  19440: ffffff;
  19441: ffffff;
  19442: ffffff;
  19443: ffffff;
  19444: ffffff;
  19445: ffffff;
  19446: ffffff;
  19447: ffffff;
  19448: ffffff;
  19449: ffffff;
  19450: ffffff;
  19451: ffffff;
  19452: ffffff;
  19453: ffffff;
  19454: ffffff;
  19455: ffffff;
  19456: ffffff;
  19457: ffffff;
  19458: ffffff;
  19459: ffffff;
  19460: ffffff;
  19461: ffffff;
  19462: ffffff;
  19463: ffffff;
  19464: ffffff;
  19465: ffffff;
  19466: ffffff;
  19467: ffffff;
  19468: ffffff;
  19469: ffffff;
  19470: ffffff;
  19471: ffffff;
  19472: ffffff;
  19473: ffffff;
  19474: ffffff;
  19475: ffffff;
  19476: ffffff;
  19477: ffffff;
  19478: ffffff;
  19479: ffffff;
  19480: ffffff;
  19481: ffffff;
  19482: ffffff;
  19483: ffffff;
  19484: ffffff;
  19485: ffffff;
  19486: ffffff;
  19487: ffffff;
  19488: ffffff;
  19489: ffffff;
  19490: ffffff;
  19491: ffffff;
  19492: ffffff;
  19493: f9f9f9;
  19494: 50505;
  19495: 0;
  19496: 0;
  19497: 10101;
  19498: 0;
  19499: 10101;
  19500: 0;
  19501: aeaeae;
  19502: ffffff;
  19503: ffffff;
  19504: ffffff;
  19505: ffffff;
  19506: ffffff;
  19507: ffffff;
  19508: fbfbfb;
  19509: 30303;
  19510: 0;
  19511: 0;
  19512: 0;
  19513: 0;
  19514: 0;
  19515: 0;
  19516: d1d1d1;
  19517: ffffff;
  19518: ffffff;
  19519: ffffff;
  19520: ffffff;
  19521: ffffff;
  19522: ffffff;
  19523: fcfcfc;
  19524: 30303;
  19525: 0;
  19526: 0;
  19527: 0;
  19528: 0;
  19529: 0;
  19530: 0;
  19531: f0f0f0;
  19532: ffffff;
  19533: fefefe;
  19534: ffffff;
  19535: ffffff;
  19536: ffffff;
  19537: ffffff;
  19538: ffffff;
  19539: 40404;
  19540: 0;
  19541: 10101;
  19542: 0;
  19543: 0;
  19544: 0;
  19545: 0;
  19546: ffffff;
  19547: ffffff;
  19548: ffffff;
  19549: fefefe;
  19550: ffffff;
  19551: ffffff;
  19552: ffffff;
  19553: ffffff;
  19554: ffffff;
  19555: ffffff;
  19556: ffffff;
  19557: ffffff;
  19558: ffffff;
  19559: ffffff;
  19560: ffffff;
  19561: ffffff;
  19562: ffffff;
  19563: ffffff;
  19564: ffffff;
  19565: ffffff;
  19566: ffffff;
  19567: ffffff;
  19568: ffffff;
  19569: ffffff;
  19570: ffffff;
  19571: ffffff;
  19572: ffffff;
  19573: ffffff;
  19574: ffffff;
  19575: ffffff;
  19576: ffffff;
  19577: ffffff;
  19578: ffffff;
  19579: ffffff;
  19580: ffffff;
  19581: ffffff;
  19582: ffffff;
  19583: ffffff;
  19584: ffffff;
  19585: ffffff;
  19586: ffffff;
  19587: ffffff;
  19588: ffffff;
  19589: ffffff;
  19590: ffffff;
  19591: ffffff;
  19592: ffffff;
  19593: ffffff;
  19594: ffffff;
  19595: ffffff;
  19596: ffffff;
  19597: ffffff;
  19598: ffffff;
  19599: ffffff;
  19600: ffffff;
  19601: ffffff;
  19602: ffffff;
  19603: ffffff;
  19604: ffffff;
  19605: ffffff;
  19606: ffffff;
  19607: ffffff;
  19608: ffffff;
  19609: ffffff;
  19610: ffffff;
  19611: ffffff;
  19612: ffffff;
  19613: ffffff;
  19614: ffffff;
  19615: ffffff;
  19616: ffffff;
  19617: ffffff;
  19618: ffffff;
  19619: ffffff;
  19620: ffffff;
  19621: f9f9f9;
  19622: 50505;
  19623: 0;
  19624: 0;
  19625: 10101;
  19626: 0;
  19627: 10101;
  19628: 0;
  19629: aeaeae;
  19630: ffffff;
  19631: ffffff;
  19632: ffffff;
  19633: ffffff;
  19634: ffffff;
  19635: ffffff;
  19636: fbfbfb;
  19637: 30303;
  19638: 0;
  19639: 0;
  19640: 0;
  19641: 0;
  19642: 0;
  19643: 0;
  19644: d1d1d1;
  19645: ffffff;
  19646: ffffff;
  19647: ffffff;
  19648: ffffff;
  19649: ffffff;
  19650: ffffff;
  19651: fcfcfc;
  19652: 30303;
  19653: 0;
  19654: 0;
  19655: 0;
  19656: 0;
  19657: 0;
  19658: 0;
  19659: f0f0f0;
  19660: ffffff;
  19661: fefefe;
  19662: ffffff;
  19663: ffffff;
  19664: ffffff;
  19665: ffffff;
  19666: ffffff;
  19667: 40404;
  19668: 0;
  19669: 10101;
  19670: 0;
  19671: 0;
  19672: 0;
  19673: 0;
  19674: ffffff;
  19675: ffffff;
  19676: ffffff;
  19677: fefefe;
  19678: ffffff;
  19679: ffffff;
  19680: ffffff;
  19681: ffffff;
  19682: ffffff;
  19683: ffffff;
  19684: ffffff;
  19685: ffffff;
  19686: ffffff;
  19687: ffffff;
  19688: ffffff;
  19689: ffffff;
  19690: ffffff;
  19691: ffffff;
  19692: ffffff;
  19693: ffffff;
  19694: ffffff;
  19695: ffffff;
  19696: ffffff;
  19697: ffffff;
  19698: ffffff;
  19699: ffffff;
  19700: ffffff;
  19701: ffffff;
  19702: ffffff;
  19703: ffffff;
  19704: ffffff;
  19705: ffffff;
  19706: ffffff;
  19707: ffffff;
  19708: ffffff;
  19709: ffffff;
  19710: ffffff;
  19711: ffffff;
  19712: ffffff;
  19713: ffffff;
  19714: ffffff;
  19715: ffffff;
  19716: ffffff;
  19717: ffffff;
  19718: ffffff;
  19719: ffffff;
  19720: ffffff;
  19721: ffffff;
  19722: ffffff;
  19723: ffffff;
  19724: ffffff;
  19725: ffffff;
  19726: ffffff;
  19727: ffffff;
  19728: ffffff;
  19729: ffffff;
  19730: ffffff;
  19731: ffffff;
  19732: ffffff;
  19733: ffffff;
  19734: ffffff;
  19735: ffffff;
  19736: ffffff;
  19737: ffffff;
  19738: ffffff;
  19739: ffffff;
  19740: ffffff;
  19741: ffffff;
  19742: ffffff;
  19743: ffffff;
  19744: ffffff;
  19745: ffffff;
  19746: ffffff;
  19747: ffffff;
  19748: ffffff;
  19749: f9f9f9;
  19750: 50505;
  19751: 0;
  19752: 0;
  19753: 10101;
  19754: 0;
  19755: 10101;
  19756: 0;
  19757: aeaeae;
  19758: ffffff;
  19759: ffffff;
  19760: ffffff;
  19761: ffffff;
  19762: ffffff;
  19763: ffffff;
  19764: fbfbfb;
  19765: 30303;
  19766: 0;
  19767: 0;
  19768: 0;
  19769: 0;
  19770: 0;
  19771: 0;
  19772: d1d1d1;
  19773: ffffff;
  19774: ffffff;
  19775: ffffff;
  19776: ffffff;
  19777: ffffff;
  19778: ffffff;
  19779: fcfcfc;
  19780: 30303;
  19781: 0;
  19782: 0;
  19783: 0;
  19784: 0;
  19785: 0;
  19786: 0;
  19787: f0f0f0;
  19788: ffffff;
  19789: fefefe;
  19790: ffffff;
  19791: ffffff;
  19792: ffffff;
  19793: ffffff;
  19794: ffffff;
  19795: 40404;
  19796: 0;
  19797: 10101;
  19798: 0;
  19799: 0;
  19800: 0;
  19801: 0;
  19802: ffffff;
  19803: ffffff;
  19804: ffffff;
  19805: fefefe;
  19806: ffffff;
  19807: ffffff;
  19808: ffffff;
  19809: ffffff;
  19810: ffffff;
  19811: ffffff;
  19812: ffffff;
  19813: ffffff;
  19814: ffffff;
  19815: ffffff;
  19816: ffffff;
  19817: ffffff;
  19818: ffffff;
  19819: ffffff;
  19820: ffffff;
  19821: ffffff;
  19822: ffffff;
  19823: ffffff;
  19824: ffffff;
  19825: ffffff;
  19826: ffffff;
  19827: ffffff;
  19828: ffffff;
  19829: ffffff;
  19830: ffffff;
  19831: ffffff;
  19832: ffffff;
  19833: ffffff;
  19834: ffffff;
  19835: ffffff;
  19836: ffffff;
  19837: ffffff;
  19838: ffffff;
  19839: ffffff;
  19840: ffffff;
  19841: ffffff;
  19842: ffffff;
  19843: ffffff;
  19844: ffffff;
  19845: ffffff;
  19846: ffffff;
  19847: ffffff;
  19848: ffffff;
  19849: ffffff;
  19850: ffffff;
  19851: ffffff;
  19852: ffffff;
  19853: ffffff;
  19854: ffffff;
  19855: ffffff;
  19856: ffffff;
  19857: ffffff;
  19858: ffffff;
  19859: ffffff;
  19860: ffffff;
  19861: ffffff;
  19862: ffffff;
  19863: ffffff;
  19864: ffffff;
  19865: ffffff;
  19866: ffffff;
  19867: ffffff;
  19868: ffffff;
  19869: ffffff;
  19870: ffffff;
  19871: ffffff;
  19872: ffffff;
  19873: ffffff;
  19874: ffffff;
  19875: ffffff;
  19876: ffffff;
  19877: f9f9f9;
  19878: 50505;
  19879: 0;
  19880: 0;
  19881: 10101;
  19882: 0;
  19883: 10101;
  19884: 0;
  19885: aeaeae;
  19886: ffffff;
  19887: ffffff;
  19888: ffffff;
  19889: ffffff;
  19890: ffffff;
  19891: ffffff;
  19892: fbfbfb;
  19893: 30303;
  19894: 0;
  19895: 0;
  19896: 0;
  19897: 0;
  19898: 0;
  19899: 0;
  19900: d1d1d1;
  19901: ffffff;
  19902: ffffff;
  19903: ffffff;
  19904: ffffff;
  19905: ffffff;
  19906: ffffff;
  19907: fcfcfc;
  19908: 30303;
  19909: 0;
  19910: 0;
  19911: 0;
  19912: 0;
  19913: 0;
  19914: 0;
  19915: f0f0f0;
  19916: ffffff;
  19917: fefefe;
  19918: ffffff;
  19919: ffffff;
  19920: ffffff;
  19921: ffffff;
  19922: ffffff;
  19923: 40404;
  19924: 0;
  19925: 10101;
  19926: 0;
  19927: 0;
  19928: 0;
  19929: 0;
  19930: ffffff;
  19931: ffffff;
  19932: ffffff;
  19933: fefefe;
  19934: ffffff;
  19935: ffffff;
  19936: ffffff;
  19937: ffffff;
  19938: ffffff;
  19939: ffffff;
  19940: ffffff;
  19941: ffffff;
  19942: ffffff;
  19943: ffffff;
  19944: ffffff;
  19945: ffffff;
  19946: ffffff;
  19947: ffffff;
  19948: ffffff;
  19949: ffffff;
  19950: ffffff;
  19951: ffffff;
  19952: ffffff;
  19953: ffffff;
  19954: ffffff;
  19955: ffffff;
  19956: ffffff;
  19957: ffffff;
  19958: ffffff;
  19959: ffffff;
  19960: ffffff;
  19961: ffffff;
  19962: ffffff;
  19963: ffffff;
  19964: ffffff;
  19965: ffffff;
  19966: ffffff;
  19967: ffffff;
  19968: ffffff;
  19969: ffffff;
  19970: ffffff;
  19971: ffffff;
  19972: ffffff;
  19973: ffffff;
  19974: ffffff;
  19975: ffffff;
  19976: ffffff;
  19977: ffffff;
  19978: ffffff;
  19979: ffffff;
  19980: ffffff;
  19981: ffffff;
  19982: ffffff;
  19983: ffffff;
  19984: ffffff;
  19985: ffffff;
  19986: ffffff;
  19987: ffffff;
  19988: ffffff;
  19989: ffffff;
  19990: ffffff;
  19991: ffffff;
  19992: ffffff;
  19993: ffffff;
  19994: ffffff;
  19995: ffffff;
  19996: ffffff;
  19997: ffffff;
  19998: ffffff;
  19999: ffffff;
  20000: ffffff;
  20001: ffffff;
  20002: ffffff;
  20003: ffffff;
  20004: ffffff;
  20005: f9f9f9;
  20006: 50505;
  20007: 0;
  20008: 0;
  20009: 10101;
  20010: 0;
  20011: 10101;
  20012: 0;
  20013: aeaeae;
  20014: ffffff;
  20015: ffffff;
  20016: ffffff;
  20017: ffffff;
  20018: ffffff;
  20019: ffffff;
  20020: fbfbfb;
  20021: 30303;
  20022: 0;
  20023: 0;
  20024: 0;
  20025: 0;
  20026: 0;
  20027: 0;
  20028: d1d1d1;
  20029: ffffff;
  20030: ffffff;
  20031: ffffff;
  20032: ffffff;
  20033: ffffff;
  20034: ffffff;
  20035: fcfcfc;
  20036: 30303;
  20037: 0;
  20038: 0;
  20039: 0;
  20040: 0;
  20041: 0;
  20042: 0;
  20043: f0f0f0;
  20044: ffffff;
  20045: fefefe;
  20046: ffffff;
  20047: ffffff;
  20048: ffffff;
  20049: ffffff;
  20050: ffffff;
  20051: 40404;
  20052: 0;
  20053: 10101;
  20054: 0;
  20055: 0;
  20056: 0;
  20057: 0;
  20058: ffffff;
  20059: ffffff;
  20060: ffffff;
  20061: fefefe;
  20062: ffffff;
  20063: ffffff;
  20064: ffffff;
  20065: ffffff;
  20066: ffffff;
  20067: ffffff;
  20068: ffffff;
  20069: ffffff;
  20070: ffffff;
  20071: ffffff;
  20072: ffffff;
  20073: ffffff;
  20074: ffffff;
  20075: ffffff;
  20076: ffffff;
  20077: ffffff;
  20078: ffffff;
  20079: ffffff;
  20080: ffffff;
  20081: ffffff;
  20082: ffffff;
  20083: ffffff;
  20084: ffffff;
  20085: ffffff;
  20086: ffffff;
  20087: ffffff;
  20088: ffffff;
  20089: ffffff;
  20090: ffffff;
  20091: ffffff;
  20092: ffffff;
  20093: ffffff;
  20094: ffffff;
  20095: ffffff;
  20096: ffffff;
  20097: ffffff;
  20098: ffffff;
  20099: ffffff;
  20100: ffffff;
  20101: ffffff;
  20102: ffffff;
  20103: ffffff;
  20104: ffffff;
  20105: ffffff;
  20106: ffffff;
  20107: ffffff;
  20108: ffffff;
  20109: ffffff;
  20110: ffffff;
  20111: ffffff;
  20112: ffffff;
  20113: ffffff;
  20114: ffffff;
  20115: ffffff;
  20116: ffffff;
  20117: ffffff;
  20118: ffffff;
  20119: ffffff;
  20120: ffffff;
  20121: ffffff;
  20122: ffffff;
  20123: ffffff;
  20124: ffffff;
  20125: ffffff;
  20126: ffffff;
  20127: ffffff;
  20128: ffffff;
  20129: ffffff;
  20130: ffffff;
  20131: ffffff;
  20132: ffffff;
  20133: f9f9f9;
  20134: 50505;
  20135: 0;
  20136: 0;
  20137: 10101;
  20138: 0;
  20139: 10101;
  20140: 0;
  20141: aeaeae;
  20142: ffffff;
  20143: ffffff;
  20144: ffffff;
  20145: ffffff;
  20146: ffffff;
  20147: ffffff;
  20148: fbfbfb;
  20149: 30303;
  20150: 0;
  20151: 0;
  20152: 0;
  20153: 0;
  20154: 0;
  20155: 0;
  20156: d1d1d1;
  20157: ffffff;
  20158: ffffff;
  20159: ffffff;
  20160: ffffff;
  20161: ffffff;
  20162: ffffff;
  20163: fcfcfc;
  20164: 30303;
  20165: 0;
  20166: 0;
  20167: 0;
  20168: 0;
  20169: 0;
  20170: 0;
  20171: f0f0f0;
  20172: ffffff;
  20173: fefefe;
  20174: ffffff;
  20175: ffffff;
  20176: ffffff;
  20177: ffffff;
  20178: ffffff;
  20179: 40404;
  20180: 0;
  20181: 10101;
  20182: 0;
  20183: 0;
  20184: 0;
  20185: 0;
  20186: ffffff;
  20187: ffffff;
  20188: ffffff;
  20189: fefefe;
  20190: ffffff;
  20191: ffffff;
  20192: ffffff;
  20193: ffffff;
  20194: ffffff;
  20195: ffffff;
  20196: ffffff;
  20197: ffffff;
  20198: ffffff;
  20199: ffffff;
  20200: ffffff;
  20201: ffffff;
  20202: ffffff;
  20203: ffffff;
  20204: ffffff;
  20205: ffffff;
  20206: ffffff;
  20207: ffffff;
  20208: ffffff;
  20209: ffffff;
  20210: ffffff;
  20211: ffffff;
  20212: ffffff;
  20213: ffffff;
  20214: ffffff;
  20215: ffffff;
  20216: ffffff;
  20217: ffffff;
  20218: ffffff;
  20219: ffffff;
  20220: ffffff;
  20221: ffffff;
  20222: ffffff;
  20223: ffffff;
  20224: ffffff;
  20225: ffffff;
  20226: ffffff;
  20227: ffffff;
  20228: ffffff;
  20229: ffffff;
  20230: ffffff;
  20231: ffffff;
  20232: ffffff;
  20233: ffffff;
  20234: ffffff;
  20235: ffffff;
  20236: ffffff;
  20237: ffffff;
  20238: ffffff;
  20239: ffffff;
  20240: ffffff;
  20241: ffffff;
  20242: ffffff;
  20243: ffffff;
  20244: ffffff;
  20245: ffffff;
  20246: ffffff;
  20247: ffffff;
  20248: ffffff;
  20249: ffffff;
  20250: ffffff;
  20251: ffffff;
  20252: ffffff;
  20253: ffffff;
  20254: ffffff;
  20255: ffffff;
  20256: ffffff;
  20257: ffffff;
  20258: ffffff;
  20259: ffffff;
  20260: ffffff;
  20261: f9f9f9;
  20262: 50505;
  20263: 0;
  20264: 0;
  20265: 10101;
  20266: 0;
  20267: 10101;
  20268: 0;
  20269: aeaeae;
  20270: ffffff;
  20271: ffffff;
  20272: ffffff;
  20273: ffffff;
  20274: ffffff;
  20275: ffffff;
  20276: fbfbfb;
  20277: 30303;
  20278: 0;
  20279: 0;
  20280: 0;
  20281: 0;
  20282: 0;
  20283: 0;
  20284: d1d1d1;
  20285: ffffff;
  20286: ffffff;
  20287: ffffff;
  20288: ffffff;
  20289: ffffff;
  20290: ffffff;
  20291: fcfcfc;
  20292: 30303;
  20293: 0;
  20294: 0;
  20295: 0;
  20296: 0;
  20297: 0;
  20298: 0;
  20299: f0f0f0;
  20300: ffffff;
  20301: fefefe;
  20302: ffffff;
  20303: ffffff;
  20304: ffffff;
  20305: ffffff;
  20306: ffffff;
  20307: 40404;
  20308: 0;
  20309: 10101;
  20310: 0;
  20311: 0;
  20312: 0;
  20313: 0;
  20314: ffffff;
  20315: ffffff;
  20316: ffffff;
  20317: fefefe;
  20318: ffffff;
  20319: ffffff;
  20320: ffffff;
  20321: ffffff;
  20322: ffffff;
  20323: ffffff;
  20324: ffffff;
  20325: ffffff;
  20326: ffffff;
  20327: ffffff;
  20328: ffffff;
  20329: ffffff;
  20330: ffffff;
  20331: ffffff;
  20332: ffffff;
  20333: ffffff;
  20334: ffffff;
  20335: ffffff;
  20336: ffffff;
  20337: ffffff;
  20338: ffffff;
  20339: ffffff;
  20340: ffffff;
  20341: ffffff;
  20342: ffffff;
  20343: ffffff;
  20344: ffffff;
  20345: ffffff;
  20346: ffffff;
  20347: ffffff;
  20348: ffffff;
  20349: ffffff;
  20350: ffffff;
  20351: ffffff;
  20352: ffffff;
  20353: ffffff;
  20354: ffffff;
  20355: ffffff;
  20356: ffffff;
  20357: ffffff;
  20358: ffffff;
  20359: ffffff;
  20360: ffffff;
  20361: ffffff;
  20362: ffffff;
  20363: ffffff;
  20364: ffffff;
  20365: ffffff;
  20366: ffffff;
  20367: ffffff;
  20368: ffffff;
  20369: ffffff;
  20370: ffffff;
  20371: ffffff;
  20372: ffffff;
  20373: ffffff;
  20374: ffffff;
  20375: ffffff;
  20376: ffffff;
  20377: ffffff;
  20378: ffffff;
  20379: ffffff;
  20380: ffffff;
  20381: ffffff;
  20382: ffffff;
  20383: ffffff;
  20384: ffffff;
  20385: ffffff;
  20386: ffffff;
  20387: ffffff;
  20388: ffffff;
  20389: f9f9f9;
  20390: 50505;
  20391: 0;
  20392: 0;
  20393: 10101;
  20394: 0;
  20395: 10101;
  20396: 0;
  20397: aeaeae;
  20398: ffffff;
  20399: ffffff;
  20400: ffffff;
  20401: ffffff;
  20402: ffffff;
  20403: ffffff;
  20404: fbfbfb;
  20405: 30303;
  20406: 0;
  20407: 0;
  20408: 0;
  20409: 0;
  20410: 0;
  20411: 0;
  20412: d1d1d1;
  20413: ffffff;
  20414: ffffff;
  20415: ffffff;
  20416: ffffff;
  20417: ffffff;
  20418: ffffff;
  20419: fcfcfc;
  20420: 30303;
  20421: 0;
  20422: 0;
  20423: 0;
  20424: 0;
  20425: 0;
  20426: 0;
  20427: f0f0f0;
  20428: ffffff;
  20429: fefefe;
  20430: ffffff;
  20431: ffffff;
  20432: ffffff;
  20433: ffffff;
  20434: ffffff;
  20435: 40404;
  20436: 0;
  20437: 10101;
  20438: 0;
  20439: 0;
  20440: 0;
  20441: 0;
  20442: ffffff;
  20443: ffffff;
  20444: ffffff;
  20445: fefefe;
  20446: ffffff;
  20447: ffffff;
  20448: ffffff;
  20449: ffffff;
  20450: ffffff;
  20451: ffffff;
  20452: ffffff;
  20453: ffffff;
  20454: ffffff;
  20455: ffffff;
  20456: ffffff;
  20457: ffffff;
  20458: ffffff;
  20459: ffffff;
  20460: ffffff;
  20461: ffffff;
  20462: ffffff;
  20463: ffffff;
  20464: ffffff;
  20465: ffffff;
  20466: ffffff;
  20467: ffffff;
  20468: ffffff;
  20469: ffffff;
  20470: ffffff;
  20471: ffffff;
  20472: ffffff;
  20473: ffffff;
  20474: ffffff;
  20475: ffffff;
  20476: ffffff;
  20477: ffffff;
  20478: ffffff;
  20479: ffffff;
END;
