WIDTH=24;
DEPTH=20480;

ADDRESS_RADIX=UNS;
DATA_RADIX=HEX;

CONTENT BEGIN
  0: ffffff;
  1: ffffff;
  2: ffffff;
  3: ffffff;
  4: fefefe;
  5: fefefe;
  6: fdfdfd;
  7: fdfdfd;
  8: fdfdfd;
  9: fdfdfd;
  10: fdfdfd;
  11: fefefe;
  12: fefefe;
  13: fefefe;
  14: fefefe;
  15: fefefe;
  16: ffffff;
  17: ffffff;
  18: ffffff;
  19: ffffff;
  20: ffffff;
  21: ffffff;
  22: ffffff;
  23: ffffff;
  24: ffffff;
  25: ffffff;
  26: ffffff;
  27: fefefe;
  28: fefefe;
  29: fefefe;
  30: fefefe;
  31: fdfdfd;
  32: fdfdfd;
  33: fcfcfc;
  34: fcfcfc;
  35: fcfcfc;
  36: fdfdfd;
  37: fefefe;
  38: fefefe;
  39: ffffff;
  40: ffffff;
  41: ffffff;
  42: ffffff;
  43: ffffff;
  44: ffffff;
  45: ffffff;
  46: ffffff;
  47: ffffff;
  48: fefefe;
  49: fefefe;
  50: fefefe;
  51: fefefe;
  52: fefefe;
  53: ffffff;
  54: ffffff;
  55: ffffff;
  56: ffffff;
  57: ffffff;
  58: ffffff;
  59: fefefe;
  60: fefefe;
  61: fefefe;
  62: fefefe;
  63: fefefe;
  64: fefefe;
  65: fefefe;
  66: fefefe;
  67: fefefe;
  68: fefefe;
  69: ffffff;
  70: ffffff;
  71: ffffff;
  72: ffffff;
  73: ffffff;
  74: ffffff;
  75: fefefe;
  76: fefefe;
  77: fefefe;
  78: fefefe;
  79: fefefe;
  80: ffffff;
  81: ffffff;
  82: ffffff;
  83: ffffff;
  84: ffffff;
  85: ffffff;
  86: ffffff;
  87: ffffff;
  88: ffffff;
  89: fefefe;
  90: fefefe;
  91: fdfdfd;
  92: fcfcfc;
  93: fcfcfc;
  94: fcfcfc;
  95: fdfdfd;
  96: fdfdfd;
  97: fefefe;
  98: fefefe;
  99: fefefe;
  100: fefefe;
  101: ffffff;
  102: ffffff;
  103: ffffff;
  104: ffffff;
  105: ffffff;
  106: ffffff;
  107: ffffff;
  108: ffffff;
  109: ffffff;
  110: ffffff;
  111: ffffff;
  112: fefefe;
  113: fefefe;
  114: fefefe;
  115: fefefe;
  116: fefefe;
  117: fdfdfd;
  118: fdfdfd;
  119: fdfdfd;
  120: fdfdfd;
  121: fdfdfd;
  122: fefefe;
  123: fefefe;
  124: ffffff;
  125: ffffff;
  126: ffffff;
  127: ffffff;
  128: ffffff;
  129: ffffff;
  130: ffffff;
  131: ffffff;
  132: fefefe;
  133: fefefe;
  134: fdfdfd;
  135: fdfdfd;
  136: fdfdfd;
  137: fdfdfd;
  138: fdfdfd;
  139: fefefe;
  140: fefefe;
  141: fefefe;
  142: fefefe;
  143: fefefe;
  144: ffffff;
  145: ffffff;
  146: ffffff;
  147: ffffff;
  148: ffffff;
  149: ffffff;
  150: ffffff;
  151: ffffff;
  152: ffffff;
  153: ffffff;
  154: ffffff;
  155: fefefe;
  156: fefefe;
  157: fefefe;
  158: fefefe;
  159: fdfdfd;
  160: fdfdfd;
  161: fcfcfc;
  162: fcfcfc;
  163: fcfcfc;
  164: fdfdfd;
  165: fefefe;
  166: fefefe;
  167: ffffff;
  168: ffffff;
  169: ffffff;
  170: ffffff;
  171: ffffff;
  172: ffffff;
  173: ffffff;
  174: ffffff;
  175: ffffff;
  176: fefefe;
  177: fefefe;
  178: fefefe;
  179: fefefe;
  180: fefefe;
  181: ffffff;
  182: ffffff;
  183: ffffff;
  184: ffffff;
  185: ffffff;
  186: ffffff;
  187: fefefe;
  188: fefefe;
  189: fefefe;
  190: fefefe;
  191: fefefe;
  192: fefefe;
  193: fefefe;
  194: fefefe;
  195: fefefe;
  196: fefefe;
  197: ffffff;
  198: ffffff;
  199: ffffff;
  200: ffffff;
  201: ffffff;
  202: ffffff;
  203: fefefe;
  204: fefefe;
  205: fefefe;
  206: fefefe;
  207: fefefe;
  208: ffffff;
  209: ffffff;
  210: ffffff;
  211: ffffff;
  212: ffffff;
  213: ffffff;
  214: ffffff;
  215: ffffff;
  216: ffffff;
  217: fefefe;
  218: fefefe;
  219: fdfdfd;
  220: fcfcfc;
  221: fcfcfc;
  222: fcfcfc;
  223: fdfdfd;
  224: fdfdfd;
  225: fefefe;
  226: fefefe;
  227: fefefe;
  228: fefefe;
  229: ffffff;
  230: ffffff;
  231: ffffff;
  232: ffffff;
  233: ffffff;
  234: ffffff;
  235: ffffff;
  236: ffffff;
  237: ffffff;
  238: ffffff;
  239: ffffff;
  240: fefefe;
  241: fefefe;
  242: fefefe;
  243: fefefe;
  244: fefefe;
  245: fdfdfd;
  246: fdfdfd;
  247: fdfdfd;
  248: fdfdfd;
  249: fdfdfd;
  250: fefefe;
  251: fefefe;
  252: ffffff;
  253: ffffff;
  254: ffffff;
  255: ffffff;
  256: ffffff;
  257: ffffff;
  258: ffffff;
  259: ffffff;
  260: fefefe;
  261: fefefe;
  262: fdfdfd;
  263: fdfdfd;
  264: fdfdfd;
  265: fdfdfd;
  266: fdfdfd;
  267: fefefe;
  268: fefefe;
  269: fefefe;
  270: fefefe;
  271: fefefe;
  272: ffffff;
  273: ffffff;
  274: ffffff;
  275: ffffff;
  276: ffffff;
  277: ffffff;
  278: ffffff;
  279: ffffff;
  280: ffffff;
  281: ffffff;
  282: ffffff;
  283: fefefe;
  284: fefefe;
  285: fefefe;
  286: fefefe;
  287: fdfdfd;
  288: fdfdfd;
  289: fcfcfc;
  290: fcfcfc;
  291: fcfcfc;
  292: fdfdfd;
  293: fefefe;
  294: fefefe;
  295: ffffff;
  296: ffffff;
  297: ffffff;
  298: ffffff;
  299: ffffff;
  300: ffffff;
  301: ffffff;
  302: ffffff;
  303: ffffff;
  304: fefefe;
  305: fefefe;
  306: fefefe;
  307: fefefe;
  308: fefefe;
  309: ffffff;
  310: ffffff;
  311: ffffff;
  312: ffffff;
  313: ffffff;
  314: ffffff;
  315: fefefe;
  316: fefefe;
  317: fefefe;
  318: fefefe;
  319: fefefe;
  320: fefefe;
  321: fefefe;
  322: fefefe;
  323: fefefe;
  324: fefefe;
  325: ffffff;
  326: ffffff;
  327: ffffff;
  328: ffffff;
  329: ffffff;
  330: ffffff;
  331: fefefe;
  332: fefefe;
  333: fefefe;
  334: fefefe;
  335: fefefe;
  336: ffffff;
  337: ffffff;
  338: ffffff;
  339: ffffff;
  340: ffffff;
  341: ffffff;
  342: ffffff;
  343: ffffff;
  344: ffffff;
  345: fefefe;
  346: fefefe;
  347: fdfdfd;
  348: fcfcfc;
  349: fcfcfc;
  350: fcfcfc;
  351: fdfdfd;
  352: fdfdfd;
  353: fefefe;
  354: fefefe;
  355: fefefe;
  356: fefefe;
  357: ffffff;
  358: ffffff;
  359: ffffff;
  360: ffffff;
  361: ffffff;
  362: ffffff;
  363: ffffff;
  364: ffffff;
  365: ffffff;
  366: ffffff;
  367: ffffff;
  368: fefefe;
  369: fefefe;
  370: fefefe;
  371: fefefe;
  372: fefefe;
  373: fdfdfd;
  374: fdfdfd;
  375: fdfdfd;
  376: fdfdfd;
  377: fdfdfd;
  378: fefefe;
  379: fefefe;
  380: ffffff;
  381: ffffff;
  382: ffffff;
  383: ffffff;
  384: ffffff;
  385: ffffff;
  386: ffffff;
  387: ffffff;
  388: fefefe;
  389: fefefe;
  390: fdfdfd;
  391: fdfdfd;
  392: fdfdfd;
  393: fdfdfd;
  394: fdfdfd;
  395: fefefe;
  396: fefefe;
  397: fefefe;
  398: fefefe;
  399: fefefe;
  400: ffffff;
  401: ffffff;
  402: ffffff;
  403: ffffff;
  404: ffffff;
  405: ffffff;
  406: ffffff;
  407: ffffff;
  408: ffffff;
  409: ffffff;
  410: ffffff;
  411: fefefe;
  412: fefefe;
  413: fefefe;
  414: fefefe;
  415: fdfdfd;
  416: fdfdfd;
  417: fcfcfc;
  418: fcfcfc;
  419: fcfcfc;
  420: fdfdfd;
  421: fefefe;
  422: fefefe;
  423: ffffff;
  424: ffffff;
  425: ffffff;
  426: ffffff;
  427: ffffff;
  428: ffffff;
  429: ffffff;
  430: ffffff;
  431: ffffff;
  432: fefefe;
  433: fefefe;
  434: fefefe;
  435: fefefe;
  436: fefefe;
  437: ffffff;
  438: ffffff;
  439: ffffff;
  440: ffffff;
  441: ffffff;
  442: ffffff;
  443: fefefe;
  444: fefefe;
  445: fefefe;
  446: fefefe;
  447: fefefe;
  448: fefefe;
  449: fefefe;
  450: fefefe;
  451: fefefe;
  452: fefefe;
  453: ffffff;
  454: ffffff;
  455: ffffff;
  456: ffffff;
  457: ffffff;
  458: ffffff;
  459: fefefe;
  460: fefefe;
  461: fefefe;
  462: fefefe;
  463: fefefe;
  464: ffffff;
  465: ffffff;
  466: ffffff;
  467: ffffff;
  468: ffffff;
  469: ffffff;
  470: ffffff;
  471: ffffff;
  472: ffffff;
  473: fefefe;
  474: fefefe;
  475: fdfdfd;
  476: fcfcfc;
  477: fcfcfc;
  478: fcfcfc;
  479: fdfdfd;
  480: fdfdfd;
  481: fefefe;
  482: fefefe;
  483: fefefe;
  484: fefefe;
  485: ffffff;
  486: ffffff;
  487: ffffff;
  488: ffffff;
  489: ffffff;
  490: ffffff;
  491: ffffff;
  492: ffffff;
  493: ffffff;
  494: ffffff;
  495: ffffff;
  496: fefefe;
  497: fefefe;
  498: fefefe;
  499: fefefe;
  500: fefefe;
  501: fdfdfd;
  502: fdfdfd;
  503: fdfdfd;
  504: fdfdfd;
  505: fdfdfd;
  506: fefefe;
  507: fefefe;
  508: ffffff;
  509: ffffff;
  510: ffffff;
  511: ffffff;
  512: fefefe;
  513: fefefe;
  514: fefefe;
  515: fefefe;
  516: fefefe;
  517: fefefe;
  518: fefefe;
  519: fefefe;
  520: fefefe;
  521: fefefe;
  522: fefefe;
  523: fefefe;
  524: fefefe;
  525: fefefe;
  526: fefefe;
  527: fefefe;
  528: ffffff;
  529: ffffff;
  530: ffffff;
  531: ffffff;
  532: fefefe;
  533: fefefe;
  534: fefefe;
  535: fefefe;
  536: fefefe;
  537: fefefe;
  538: fefefe;
  539: fefefe;
  540: fefefe;
  541: fefefe;
  542: fefefe;
  543: fefefe;
  544: fefefe;
  545: fdfdfd;
  546: fdfdfd;
  547: fdfdfd;
  548: fefefe;
  549: fefefe;
  550: fefefe;
  551: ffffff;
  552: ffffff;
  553: ffffff;
  554: fefefe;
  555: fefefe;
  556: fefefe;
  557: fefefe;
  558: fefefe;
  559: ffffff;
  560: fefefe;
  561: ffffff;
  562: ffffff;
  563: ffffff;
  564: ffffff;
  565: ffffff;
  566: ffffff;
  567: ffffff;
  568: ffffff;
  569: ffffff;
  570: ffffff;
  571: fefefe;
  572: fefefe;
  573: fefefe;
  574: fefefe;
  575: fefefe;
  576: fefefe;
  577: fefefe;
  578: fefefe;
  579: fefefe;
  580: fefefe;
  581: ffffff;
  582: ffffff;
  583: ffffff;
  584: ffffff;
  585: ffffff;
  586: ffffff;
  587: ffffff;
  588: ffffff;
  589: ffffff;
  590: ffffff;
  591: fefefe;
  592: ffffff;
  593: fefefe;
  594: fefefe;
  595: fefefe;
  596: fefefe;
  597: fefefe;
  598: ffffff;
  599: ffffff;
  600: ffffff;
  601: fefefe;
  602: fefefe;
  603: fefefe;
  604: fdfdfd;
  605: fdfdfd;
  606: fdfdfd;
  607: fefefe;
  608: fefefe;
  609: fefefe;
  610: fefefe;
  611: fefefe;
  612: fefefe;
  613: fefefe;
  614: fefefe;
  615: fefefe;
  616: fefefe;
  617: fefefe;
  618: fefefe;
  619: fefefe;
  620: ffffff;
  621: ffffff;
  622: ffffff;
  623: ffffff;
  624: fefefe;
  625: fefefe;
  626: fefefe;
  627: fefefe;
  628: fefefe;
  629: fefefe;
  630: fefefe;
  631: fefefe;
  632: fefefe;
  633: fefefe;
  634: fefefe;
  635: fefefe;
  636: fefefe;
  637: fefefe;
  638: fefefe;
  639: fefefe;
  640: fefefe;
  641: fefefe;
  642: fefefe;
  643: fefefe;
  644: fefefe;
  645: fefefe;
  646: fefefe;
  647: fefefe;
  648: fefefe;
  649: fefefe;
  650: fefefe;
  651: fefefe;
  652: fefefe;
  653: fefefe;
  654: fefefe;
  655: fefefe;
  656: fefefe;
  657: fefefe;
  658: fefefe;
  659: fefefe;
  660: fefefe;
  661: fefefe;
  662: fdfdfd;
  663: fdfdfd;
  664: fdfdfd;
  665: fefefe;
  666: fefefe;
  667: fefefe;
  668: ffffff;
  669: ffffff;
  670: ffffff;
  671: fefefe;
  672: fefefe;
  673: fefefe;
  674: fefefe;
  675: fefefe;
  676: fefefe;
  677: ffffff;
  678: fefefe;
  679: fefefe;
  680: fefefe;
  681: fefefe;
  682: fefefe;
  683: fefefe;
  684: fefefe;
  685: fefefe;
  686: fefefe;
  687: ffffff;
  688: fefefe;
  689: ffffff;
  690: ffffff;
  691: ffffff;
  692: ffffff;
  693: ffffff;
  694: ffffff;
  695: ffffff;
  696: ffffff;
  697: ffffff;
  698: ffffff;
  699: ffffff;
  700: ffffff;
  701: ffffff;
  702: ffffff;
  703: ffffff;
  704: ffffff;
  705: ffffff;
  706: ffffff;
  707: ffffff;
  708: ffffff;
  709: ffffff;
  710: ffffff;
  711: ffffff;
  712: ffffff;
  713: ffffff;
  714: ffffff;
  715: ffffff;
  716: ffffff;
  717: ffffff;
  718: ffffff;
  719: fefefe;
  720: ffffff;
  721: fefefe;
  722: fefefe;
  723: fefefe;
  724: fefefe;
  725: fefefe;
  726: fefefe;
  727: fefefe;
  728: fefefe;
  729: fefefe;
  730: ffffff;
  731: fefefe;
  732: fefefe;
  733: fefefe;
  734: fefefe;
  735: fefefe;
  736: fefefe;
  737: ffffff;
  738: ffffff;
  739: ffffff;
  740: fefefe;
  741: fefefe;
  742: fefefe;
  743: fdfdfd;
  744: fdfdfd;
  745: fdfdfd;
  746: fefefe;
  747: fefefe;
  748: fefefe;
  749: fefefe;
  750: fefefe;
  751: fefefe;
  752: fefefe;
  753: fefefe;
  754: fefefe;
  755: fefefe;
  756: fefefe;
  757: fefefe;
  758: fefefe;
  759: fefefe;
  760: fefefe;
  761: fefefe;
  762: fefefe;
  763: fefefe;
  764: fefefe;
  765: fefefe;
  766: fefefe;
  767: fefefe;
  768: fdfdfd;
  769: fdfdfd;
  770: fdfdfd;
  771: fdfdfd;
  772: fefefe;
  773: fefefe;
  774: ffffff;
  775: ffffff;
  776: ffffff;
  777: ffffff;
  778: ffffff;
  779: fefefe;
  780: fefefe;
  781: fefefe;
  782: fefefe;
  783: fefefe;
  784: fefefe;
  785: fefefe;
  786: fefefe;
  787: fefefe;
  788: fdfdfd;
  789: fdfdfd;
  790: fcfcfc;
  791: fcfcfc;
  792: fcfcfc;
  793: fdfdfd;
  794: fdfdfd;
  795: fefefe;
  796: ffffff;
  797: ffffff;
  798: ffffff;
  799: ffffff;
  800: ffffff;
  801: ffffff;
  802: ffffff;
  803: ffffff;
  804: ffffff;
  805: ffffff;
  806: fefefe;
  807: fefefe;
  808: fefefe;
  809: fefefe;
  810: fdfdfd;
  811: fdfdfd;
  812: fdfdfd;
  813: fdfdfd;
  814: fdfdfd;
  815: fefefe;
  816: fefefe;
  817: ffffff;
  818: ffffff;
  819: ffffff;
  820: ffffff;
  821: ffffff;
  822: ffffff;
  823: ffffff;
  824: ffffff;
  825: ffffff;
  826: ffffff;
  827: ffffff;
  828: ffffff;
  829: ffffff;
  830: ffffff;
  831: ffffff;
  832: ffffff;
  833: ffffff;
  834: ffffff;
  835: ffffff;
  836: ffffff;
  837: ffffff;
  838: ffffff;
  839: ffffff;
  840: ffffff;
  841: ffffff;
  842: ffffff;
  843: ffffff;
  844: ffffff;
  845: ffffff;
  846: ffffff;
  847: fefefe;
  848: fefefe;
  849: fdfdfd;
  850: fdfdfd;
  851: fdfdfd;
  852: fdfdfd;
  853: fdfdfd;
  854: fefefe;
  855: fefefe;
  856: fefefe;
  857: fefefe;
  858: ffffff;
  859: ffffff;
  860: ffffff;
  861: ffffff;
  862: ffffff;
  863: ffffff;
  864: ffffff;
  865: ffffff;
  866: ffffff;
  867: ffffff;
  868: fefefe;
  869: fdfdfd;
  870: fdfdfd;
  871: fcfcfc;
  872: fcfcfc;
  873: fcfcfc;
  874: fdfdfd;
  875: fdfdfd;
  876: fefefe;
  877: fefefe;
  878: fefefe;
  879: fefefe;
  880: fefefe;
  881: fefefe;
  882: fefefe;
  883: fefefe;
  884: fefefe;
  885: ffffff;
  886: ffffff;
  887: ffffff;
  888: ffffff;
  889: ffffff;
  890: fefefe;
  891: fefefe;
  892: fdfdfd;
  893: fdfdfd;
  894: fdfdfd;
  895: fdfdfd;
  896: fdfdfd;
  897: fdfdfd;
  898: fdfdfd;
  899: fdfdfd;
  900: fefefe;
  901: fefefe;
  902: ffffff;
  903: ffffff;
  904: ffffff;
  905: ffffff;
  906: ffffff;
  907: fefefe;
  908: fefefe;
  909: fefefe;
  910: fefefe;
  911: fefefe;
  912: fefefe;
  913: fefefe;
  914: fefefe;
  915: fefefe;
  916: fdfdfd;
  917: fdfdfd;
  918: fcfcfc;
  919: fcfcfc;
  920: fcfcfc;
  921: fdfdfd;
  922: fdfdfd;
  923: fefefe;
  924: ffffff;
  925: ffffff;
  926: ffffff;
  927: ffffff;
  928: ffffff;
  929: ffffff;
  930: ffffff;
  931: ffffff;
  932: ffffff;
  933: ffffff;
  934: fefefe;
  935: fefefe;
  936: fefefe;
  937: fefefe;
  938: fdfdfd;
  939: fdfdfd;
  940: fdfdfd;
  941: fdfdfd;
  942: fdfdfd;
  943: fefefe;
  944: fefefe;
  945: ffffff;
  946: ffffff;
  947: ffffff;
  948: ffffff;
  949: ffffff;
  950: ffffff;
  951: ffffff;
  952: ffffff;
  953: ffffff;
  954: ffffff;
  955: ffffff;
  956: ffffff;
  957: ffffff;
  958: ffffff;
  959: ffffff;
  960: ffffff;
  961: ffffff;
  962: ffffff;
  963: ffffff;
  964: ffffff;
  965: ffffff;
  966: ffffff;
  967: ffffff;
  968: ffffff;
  969: ffffff;
  970: ffffff;
  971: ffffff;
  972: ffffff;
  973: ffffff;
  974: ffffff;
  975: fefefe;
  976: fefefe;
  977: fdfdfd;
  978: fdfdfd;
  979: fdfdfd;
  980: fdfdfd;
  981: fdfdfd;
  982: fefefe;
  983: fefefe;
  984: fefefe;
  985: fefefe;
  986: ffffff;
  987: ffffff;
  988: ffffff;
  989: ffffff;
  990: ffffff;
  991: ffffff;
  992: ffffff;
  993: ffffff;
  994: ffffff;
  995: ffffff;
  996: fefefe;
  997: fdfdfd;
  998: fdfdfd;
  999: fcfcfc;
  1000: fcfcfc;
  1001: fcfcfc;
  1002: fdfdfd;
  1003: fdfdfd;
  1004: fefefe;
  1005: fefefe;
  1006: fefefe;
  1007: fefefe;
  1008: fefefe;
  1009: fefefe;
  1010: fefefe;
  1011: fefefe;
  1012: fefefe;
  1013: ffffff;
  1014: ffffff;
  1015: ffffff;
  1016: ffffff;
  1017: ffffff;
  1018: fefefe;
  1019: fefefe;
  1020: fdfdfd;
  1021: fdfdfd;
  1022: fdfdfd;
  1023: fdfdfd;
  1024: ffffff;
  1025: ffffff;
  1026: ffffff;
  1027: ffffff;
  1028: ffffff;
  1029: ffffff;
  1030: ffffff;
  1031: ffffff;
  1032: ffffff;
  1033: ffffff;
  1034: ffffff;
  1035: fefefe;
  1036: fefefe;
  1037: fefefe;
  1038: fefefe;
  1039: fefefe;
  1040: fefefe;
  1041: fefefe;
  1042: fefefe;
  1043: fefefe;
  1044: fdfdfd;
  1045: fdfdfd;
  1046: fcfcfc;
  1047: fcfcfc;
  1048: fcfcfc;
  1049: fdfdfd;
  1050: fdfdfd;
  1051: fefefe;
  1052: ffffff;
  1053: ffffff;
  1054: ffffff;
  1055: ffffff;
  1056: ffffff;
  1057: ffffff;
  1058: ffffff;
  1059: ffffff;
  1060: ffffff;
  1061: ffffff;
  1062: fefefe;
  1063: fefefe;
  1064: fefefe;
  1065: fefefe;
  1066: fdfdfd;
  1067: fdfdfd;
  1068: fdfdfd;
  1069: fdfdfd;
  1070: fdfdfd;
  1071: fefefe;
  1072: fdfdfd;
  1073: fefefe;
  1074: fefefe;
  1075: fefefe;
  1076: fefefe;
  1077: fefefe;
  1078: ffffff;
  1079: ffffff;
  1080: ffffff;
  1081: ffffff;
  1082: ffffff;
  1083: ffffff;
  1084: ffffff;
  1085: ffffff;
  1086: ffffff;
  1087: ffffff;
  1088: ffffff;
  1089: ffffff;
  1090: ffffff;
  1091: ffffff;
  1092: ffffff;
  1093: ffffff;
  1094: ffffff;
  1095: ffffff;
  1096: ffffff;
  1097: ffffff;
  1098: fefefe;
  1099: fefefe;
  1100: fefefe;
  1101: fefefe;
  1102: fefefe;
  1103: fdfdfd;
  1104: fefefe;
  1105: fdfdfd;
  1106: fdfdfd;
  1107: fdfdfd;
  1108: fdfdfd;
  1109: fdfdfd;
  1110: fefefe;
  1111: fefefe;
  1112: fefefe;
  1113: fefefe;
  1114: ffffff;
  1115: ffffff;
  1116: ffffff;
  1117: ffffff;
  1118: ffffff;
  1119: ffffff;
  1120: ffffff;
  1121: ffffff;
  1122: ffffff;
  1123: ffffff;
  1124: fefefe;
  1125: fdfdfd;
  1126: fdfdfd;
  1127: fcfcfc;
  1128: fcfcfc;
  1129: fcfcfc;
  1130: fdfdfd;
  1131: fdfdfd;
  1132: fefefe;
  1133: fefefe;
  1134: fefefe;
  1135: fefefe;
  1136: fefefe;
  1137: fefefe;
  1138: fefefe;
  1139: fefefe;
  1140: fefefe;
  1141: ffffff;
  1142: ffffff;
  1143: ffffff;
  1144: ffffff;
  1145: ffffff;
  1146: ffffff;
  1147: ffffff;
  1148: ffffff;
  1149: ffffff;
  1150: ffffff;
  1151: ffffff;
  1152: ffffff;
  1153: ffffff;
  1154: ffffff;
  1155: ffffff;
  1156: ffffff;
  1157: ffffff;
  1158: ffffff;
  1159: ffffff;
  1160: ffffff;
  1161: ffffff;
  1162: ffffff;
  1163: fefefe;
  1164: fefefe;
  1165: fefefe;
  1166: fefefe;
  1167: fefefe;
  1168: fefefe;
  1169: fefefe;
  1170: fefefe;
  1171: fefefe;
  1172: fefefe;
  1173: fefefe;
  1174: fdfdfd;
  1175: fdfdfd;
  1176: fdfdfd;
  1177: fefefe;
  1178: fdfdfd;
  1179: fefefe;
  1180: fefefe;
  1181: fefefe;
  1182: fefefe;
  1183: fefefe;
  1184: fefefe;
  1185: fefefe;
  1186: fefefe;
  1187: fefefe;
  1188: ffffff;
  1189: ffffff;
  1190: ffffff;
  1191: ffffff;
  1192: ffffff;
  1193: ffffff;
  1194: fefefe;
  1195: fefefe;
  1196: fefefe;
  1197: fefefe;
  1198: fdfdfd;
  1199: fdfdfd;
  1200: fcfcfc;
  1201: fdfdfd;
  1202: fcfcfc;
  1203: fcfcfc;
  1204: fdfdfd;
  1205: fdfdfd;
  1206: fefefe;
  1207: ffffff;
  1208: ffffff;
  1209: ffffff;
  1210: ffffff;
  1211: ffffff;
  1212: fefefe;
  1213: fefefe;
  1214: fefefe;
  1215: fefefe;
  1216: fefefe;
  1217: fefefe;
  1218: fefefe;
  1219: fefefe;
  1220: ffffff;
  1221: ffffff;
  1222: ffffff;
  1223: ffffff;
  1224: ffffff;
  1225: fefefe;
  1226: fdfdfd;
  1227: fdfdfd;
  1228: fcfcfc;
  1229: fcfcfc;
  1230: fdfdfd;
  1231: fcfcfc;
  1232: fdfdfd;
  1233: fdfdfd;
  1234: fefefe;
  1235: fefefe;
  1236: fefefe;
  1237: fefefe;
  1238: ffffff;
  1239: ffffff;
  1240: ffffff;
  1241: ffffff;
  1242: ffffff;
  1243: ffffff;
  1244: fefefe;
  1245: fefefe;
  1246: fefefe;
  1247: fefefe;
  1248: fefefe;
  1249: fefefe;
  1250: fefefe;
  1251: fefefe;
  1252: fefefe;
  1253: fdfdfd;
  1254: fefefe;
  1255: fdfdfd;
  1256: fdfdfd;
  1257: fdfdfd;
  1258: fefefe;
  1259: fefefe;
  1260: fefefe;
  1261: fefefe;
  1262: fefefe;
  1263: fefefe;
  1264: fefefe;
  1265: fefefe;
  1266: fefefe;
  1267: fefefe;
  1268: fefefe;
  1269: ffffff;
  1270: ffffff;
  1271: ffffff;
  1272: ffffff;
  1273: ffffff;
  1274: ffffff;
  1275: ffffff;
  1276: ffffff;
  1277: ffffff;
  1278: ffffff;
  1279: ffffff;
  1280: ffffff;
  1281: ffffff;
  1282: ffffff;
  1283: ffffff;
  1284: ffffff;
  1285: ffffff;
  1286: ffffff;
  1287: ffffff;
  1288: ffffff;
  1289: fefefe;
  1290: fefefe;
  1291: fdfdfd;
  1292: fdfdfd;
  1293: fdfdfd;
  1294: fdfdfd;
  1295: fefefe;
  1296: fefefe;
  1297: ffffff;
  1298: ffffff;
  1299: ffffff;
  1300: fefefe;
  1301: fefefe;
  1302: fefefe;
  1303: fefefe;
  1304: fefefe;
  1305: fefefe;
  1306: fefefe;
  1307: fefefe;
  1308: fefefe;
  1309: fefefe;
  1310: fefefe;
  1311: fefefe;
  1312: fefefe;
  1313: fefefe;
  1314: fefefe;
  1315: fefefe;
  1316: ffffff;
  1317: ffffff;
  1318: ffffff;
  1319: ffffff;
  1320: ffffff;
  1321: ffffff;
  1322: fefefe;
  1323: fefefe;
  1324: fefefe;
  1325: fefefe;
  1326: fdfdfd;
  1327: fcfcfc;
  1328: fbfbfb;
  1329: fbfbfb;
  1330: fafafa;
  1331: fafafa;
  1332: fcfcfc;
  1333: fcfcfc;
  1334: fefefe;
  1335: ffffff;
  1336: ffffff;
  1337: ffffff;
  1338: ffffff;
  1339: fefefe;
  1340: fefefe;
  1341: fefefe;
  1342: fefefe;
  1343: fefefe;
  1344: fefefe;
  1345: fefefe;
  1346: fefefe;
  1347: fefefe;
  1348: fefefe;
  1349: ffffff;
  1350: ffffff;
  1351: ffffff;
  1352: ffffff;
  1353: fefefe;
  1354: fcfcfc;
  1355: fcfcfc;
  1356: fafafa;
  1357: fafafa;
  1358: fbfbfb;
  1359: fbfbfb;
  1360: fcfcfc;
  1361: fdfdfd;
  1362: fefefe;
  1363: fefefe;
  1364: fefefe;
  1365: fefefe;
  1366: ffffff;
  1367: ffffff;
  1368: ffffff;
  1369: ffffff;
  1370: ffffff;
  1371: ffffff;
  1372: fefefe;
  1373: fefefe;
  1374: fefefe;
  1375: fefefe;
  1376: fefefe;
  1377: fefefe;
  1378: fefefe;
  1379: fefefe;
  1380: fefefe;
  1381: fefefe;
  1382: fefefe;
  1383: fefefe;
  1384: fefefe;
  1385: fefefe;
  1386: fefefe;
  1387: fefefe;
  1388: ffffff;
  1389: ffffff;
  1390: ffffff;
  1391: fefefe;
  1392: fefefe;
  1393: fdfdfd;
  1394: fdfdfd;
  1395: fdfdfd;
  1396: fdfdfd;
  1397: fefefe;
  1398: fefefe;
  1399: ffffff;
  1400: ffffff;
  1401: ffffff;
  1402: ffffff;
  1403: ffffff;
  1404: ffffff;
  1405: ffffff;
  1406: ffffff;
  1407: ffffff;
  1408: ffffff;
  1409: ffffff;
  1410: ffffff;
  1411: ffffff;
  1412: ffffff;
  1413: ffffff;
  1414: ffffff;
  1415: ffffff;
  1416: ffffff;
  1417: fefefe;
  1418: fefefe;
  1419: fdfdfd;
  1420: fdfdfd;
  1421: fdfdfd;
  1422: fdfdfd;
  1423: fefefe;
  1424: fefefe;
  1425: ffffff;
  1426: ffffff;
  1427: ffffff;
  1428: ffffff;
  1429: ffffff;
  1430: fefefe;
  1431: fefefe;
  1432: fefefe;
  1433: ffffff;
  1434: fefefe;
  1435: fefefe;
  1436: fdfdfd;
  1437: fdfdfd;
  1438: fdfdfd;
  1439: fdfdfd;
  1440: fdfdfd;
  1441: fdfdfd;
  1442: fdfdfd;
  1443: fdfdfd;
  1444: fefefe;
  1445: fefefe;
  1446: ffffff;
  1447: ffffff;
  1448: ffffff;
  1449: ffffff;
  1450: ffffff;
  1451: ffffff;
  1452: ffffff;
  1453: ffffff;
  1454: fefefe;
  1455: fcfcfc;
  1456: fafafa;
  1457: fafafa;
  1458: f9f9f9;
  1459: f9f9f9;
  1460: fafafa;
  1461: fbfbfb;
  1462: fdfdfd;
  1463: ffffff;
  1464: ffffff;
  1465: ffffff;
  1466: ffffff;
  1467: fefefe;
  1468: fdfdfd;
  1469: fdfdfd;
  1470: fdfdfd;
  1471: fdfdfd;
  1472: fdfdfd;
  1473: fdfdfd;
  1474: fdfdfd;
  1475: fdfdfd;
  1476: fefefe;
  1477: ffffff;
  1478: ffffff;
  1479: ffffff;
  1480: ffffff;
  1481: fdfdfd;
  1482: fbfbfb;
  1483: fafafa;
  1484: f9f9f9;
  1485: f9f9f9;
  1486: fafafa;
  1487: fafafa;
  1488: fcfcfc;
  1489: fefefe;
  1490: ffffff;
  1491: ffffff;
  1492: ffffff;
  1493: ffffff;
  1494: ffffff;
  1495: ffffff;
  1496: ffffff;
  1497: ffffff;
  1498: fefefe;
  1499: fefefe;
  1500: fdfdfd;
  1501: fdfdfd;
  1502: fdfdfd;
  1503: fdfdfd;
  1504: fdfdfd;
  1505: fdfdfd;
  1506: fdfdfd;
  1507: fdfdfd;
  1508: fefefe;
  1509: fefefe;
  1510: ffffff;
  1511: fefefe;
  1512: fefefe;
  1513: fefefe;
  1514: ffffff;
  1515: ffffff;
  1516: ffffff;
  1517: ffffff;
  1518: ffffff;
  1519: fefefe;
  1520: fefefe;
  1521: fdfdfd;
  1522: fdfdfd;
  1523: fdfdfd;
  1524: fdfdfd;
  1525: fefefe;
  1526: fefefe;
  1527: ffffff;
  1528: ffffff;
  1529: ffffff;
  1530: ffffff;
  1531: ffffff;
  1532: ffffff;
  1533: ffffff;
  1534: ffffff;
  1535: ffffff;
  1536: ffffff;
  1537: ffffff;
  1538: ffffff;
  1539: ffffff;
  1540: ffffff;
  1541: ffffff;
  1542: ffffff;
  1543: ffffff;
  1544: ffffff;
  1545: fefefe;
  1546: fefefe;
  1547: fdfdfd;
  1548: fdfdfd;
  1549: fdfdfd;
  1550: fdfdfd;
  1551: fefefe;
  1552: fefefe;
  1553: ffffff;
  1554: ffffff;
  1555: ffffff;
  1556: ffffff;
  1557: ffffff;
  1558: ffffff;
  1559: ffffff;
  1560: ffffff;
  1561: ffffff;
  1562: fefefe;
  1563: fefefe;
  1564: fdfdfd;
  1565: fdfdfd;
  1566: fdfdfd;
  1567: fdfdfd;
  1568: fdfdfd;
  1569: fdfdfd;
  1570: fdfdfd;
  1571: fdfdfd;
  1572: fefefe;
  1573: fefefe;
  1574: ffffff;
  1575: ffffff;
  1576: ffffff;
  1577: ffffff;
  1578: ffffff;
  1579: ffffff;
  1580: ffffff;
  1581: ffffff;
  1582: fefefe;
  1583: fcfcfc;
  1584: fafafa;
  1585: f9f9f9;
  1586: f8f8f8;
  1587: f8f8f8;
  1588: fafafa;
  1589: fbfbfb;
  1590: fdfdfd;
  1591: ffffff;
  1592: ffffff;
  1593: ffffff;
  1594: ffffff;
  1595: fefefe;
  1596: fdfdfd;
  1597: fdfdfd;
  1598: fdfdfd;
  1599: fdfdfd;
  1600: fdfdfd;
  1601: fdfdfd;
  1602: fdfdfd;
  1603: fdfdfd;
  1604: fefefe;
  1605: ffffff;
  1606: ffffff;
  1607: ffffff;
  1608: ffffff;
  1609: fdfdfd;
  1610: fbfbfb;
  1611: fafafa;
  1612: f8f8f8;
  1613: f8f8f8;
  1614: f9f9f9;
  1615: fafafa;
  1616: fcfcfc;
  1617: fefefe;
  1618: ffffff;
  1619: ffffff;
  1620: ffffff;
  1621: ffffff;
  1622: ffffff;
  1623: ffffff;
  1624: ffffff;
  1625: ffffff;
  1626: fefefe;
  1627: fefefe;
  1628: fdfdfd;
  1629: fdfdfd;
  1630: fdfdfd;
  1631: fdfdfd;
  1632: fdfdfd;
  1633: fdfdfd;
  1634: fdfdfd;
  1635: fdfdfd;
  1636: fefefe;
  1637: fefefe;
  1638: ffffff;
  1639: ffffff;
  1640: ffffff;
  1641: ffffff;
  1642: ffffff;
  1643: ffffff;
  1644: ffffff;
  1645: ffffff;
  1646: ffffff;
  1647: fefefe;
  1648: fefefe;
  1649: fdfdfd;
  1650: fdfdfd;
  1651: fdfdfd;
  1652: fdfdfd;
  1653: fefefe;
  1654: fefefe;
  1655: ffffff;
  1656: ffffff;
  1657: ffffff;
  1658: ffffff;
  1659: ffffff;
  1660: ffffff;
  1661: ffffff;
  1662: ffffff;
  1663: ffffff;
  1664: d8d8d8;
  1665: d8d8d8;
  1666: d8d8d8;
  1667: dddddd;
  1668: e5e5e5;
  1669: eeeeee;
  1670: f8f8f8;
  1671: ffffff;
  1672: ffffff;
  1673: ffffff;
  1674: ffffff;
  1675: fefefe;
  1676: fefefe;
  1677: fdfdfd;
  1678: fdfdfd;
  1679: fefefe;
  1680: fefefe;
  1681: ffffff;
  1682: ffffff;
  1683: ffffff;
  1684: ffffff;
  1685: ffffff;
  1686: ffffff;
  1687: ffffff;
  1688: ffffff;
  1689: ffffff;
  1690: fefefe;
  1691: fefefe;
  1692: fdfdfd;
  1693: fdfdfd;
  1694: fdfdfd;
  1695: fdfdfd;
  1696: fdfdfd;
  1697: fdfdfd;
  1698: fdfdfd;
  1699: fdfdfd;
  1700: fefefe;
  1701: fefefe;
  1702: fefefe;
  1703: fefefe;
  1704: fefefe;
  1705: fefefe;
  1706: fefefe;
  1707: ffffff;
  1708: ffffff;
  1709: ffffff;
  1710: fefefe;
  1711: fcfcfc;
  1712: fbfbfb;
  1713: fafafa;
  1714: f9f9f9;
  1715: f9f9f9;
  1716: fafafa;
  1717: fbfbfb;
  1718: fdfdfd;
  1719: ffffff;
  1720: ffffff;
  1721: ffffff;
  1722: ffffff;
  1723: fefefe;
  1724: fdfdfd;
  1725: fdfdfd;
  1726: fdfdfd;
  1727: fdfdfd;
  1728: fdfdfd;
  1729: fdfdfd;
  1730: fdfdfd;
  1731: fdfdfd;
  1732: fefefe;
  1733: ffffff;
  1734: ffffff;
  1735: ffffff;
  1736: ffffff;
  1737: fdfdfd;
  1738: fbfbfb;
  1739: fafafa;
  1740: f9f9f9;
  1741: f9f9f9;
  1742: fafafa;
  1743: fbfbfb;
  1744: fcfcfc;
  1745: fefefe;
  1746: ffffff;
  1747: ffffff;
  1748: ffffff;
  1749: fefefe;
  1750: fefefe;
  1751: fefefe;
  1752: fefefe;
  1753: fefefe;
  1754: fefefe;
  1755: fefefe;
  1756: fdfdfd;
  1757: fdfdfd;
  1758: fdfdfd;
  1759: fdfdfd;
  1760: fdfdfd;
  1761: fdfdfd;
  1762: fdfdfd;
  1763: fdfdfd;
  1764: fefefe;
  1765: fefefe;
  1766: ffffff;
  1767: ffffff;
  1768: ffffff;
  1769: ffffff;
  1770: ffffff;
  1771: ffffff;
  1772: ffffff;
  1773: ffffff;
  1774: ffffff;
  1775: fefefe;
  1776: fefefe;
  1777: fdfdfd;
  1778: fdfdfd;
  1779: fefefe;
  1780: fefefe;
  1781: ffffff;
  1782: ffffff;
  1783: ffffff;
  1784: ffffff;
  1785: f8f8f8;
  1786: eeeeee;
  1787: e5e5e5;
  1788: dddddd;
  1789: d8d8d8;
  1790: d8d8d8;
  1791: d8d8d8;
  1792: 9f9f9f;
  1793: 9f9f9f;
  1794: 9f9f9f;
  1795: ababab;
  1796: bebebe;
  1797: d6d6d6;
  1798: efefef;
  1799: ffffff;
  1800: ffffff;
  1801: ffffff;
  1802: ffffff;
  1803: ffffff;
  1804: ffffff;
  1805: fefefe;
  1806: fefefe;
  1807: fefefe;
  1808: fefefe;
  1809: ffffff;
  1810: ffffff;
  1811: ffffff;
  1812: ffffff;
  1813: ffffff;
  1814: ffffff;
  1815: ffffff;
  1816: ffffff;
  1817: ffffff;
  1818: fefefe;
  1819: fefefe;
  1820: fcfcfc;
  1821: fcfcfc;
  1822: fcfcfc;
  1823: fdfdfd;
  1824: fdfdfd;
  1825: fefefe;
  1826: fefefe;
  1827: fdfdfd;
  1828: fefefe;
  1829: fdfdfd;
  1830: fdfdfd;
  1831: fdfdfd;
  1832: fdfdfd;
  1833: fdfdfd;
  1834: fdfdfd;
  1835: fefefe;
  1836: fefefe;
  1837: ffffff;
  1838: ffffff;
  1839: fdfdfd;
  1840: fcfcfc;
  1841: fbfbfb;
  1842: fafafa;
  1843: fafafa;
  1844: fcfcfc;
  1845: fcfcfc;
  1846: fdfdfd;
  1847: ffffff;
  1848: ffffff;
  1849: ffffff;
  1850: ffffff;
  1851: fefefe;
  1852: fefefe;
  1853: fefefe;
  1854: fefefe;
  1855: fefefe;
  1856: fefefe;
  1857: fefefe;
  1858: fefefe;
  1859: fefefe;
  1860: fefefe;
  1861: ffffff;
  1862: ffffff;
  1863: ffffff;
  1864: ffffff;
  1865: fdfdfd;
  1866: fcfcfc;
  1867: fcfcfc;
  1868: fafafa;
  1869: fafafa;
  1870: fbfbfb;
  1871: fcfcfc;
  1872: fdfdfd;
  1873: ffffff;
  1874: ffffff;
  1875: fefefe;
  1876: fefefe;
  1877: fdfdfd;
  1878: fdfdfd;
  1879: fdfdfd;
  1880: fdfdfd;
  1881: fdfdfd;
  1882: fdfdfd;
  1883: fefefe;
  1884: fdfdfd;
  1885: fefefe;
  1886: fefefe;
  1887: fdfdfd;
  1888: fdfdfd;
  1889: fcfcfc;
  1890: fcfcfc;
  1891: fcfcfc;
  1892: fefefe;
  1893: fefefe;
  1894: ffffff;
  1895: ffffff;
  1896: ffffff;
  1897: ffffff;
  1898: ffffff;
  1899: ffffff;
  1900: ffffff;
  1901: ffffff;
  1902: ffffff;
  1903: fefefe;
  1904: fefefe;
  1905: fefefe;
  1906: fefefe;
  1907: ffffff;
  1908: ffffff;
  1909: ffffff;
  1910: ffffff;
  1911: ffffff;
  1912: ffffff;
  1913: efefef;
  1914: d6d6d6;
  1915: bebebe;
  1916: ababab;
  1917: 9f9f9f;
  1918: 9f9f9f;
  1919: 9f9f9f;
  1920: 606060;
  1921: 606060;
  1922: 606060;
  1923: 737373;
  1924: 939393;
  1925: bababa;
  1926: e3e3e3;
  1927: ffffff;
  1928: ffffff;
  1929: ffffff;
  1930: ffffff;
  1931: ffffff;
  1932: ffffff;
  1933: fefefe;
  1934: fefefe;
  1935: ffffff;
  1936: ffffff;
  1937: ffffff;
  1938: ffffff;
  1939: ffffff;
  1940: ffffff;
  1941: ffffff;
  1942: ffffff;
  1943: ffffff;
  1944: ffffff;
  1945: fefefe;
  1946: fdfdfd;
  1947: fdfdfd;
  1948: fcfcfc;
  1949: fcfcfc;
  1950: fcfcfc;
  1951: fdfdfd;
  1952: fefefe;
  1953: fefefe;
  1954: fefefe;
  1955: fefefe;
  1956: fdfdfd;
  1957: fcfcfc;
  1958: fcfcfc;
  1959: fbfbfb;
  1960: fbfbfb;
  1961: fcfcfc;
  1962: fcfcfc;
  1963: fdfdfd;
  1964: fefefe;
  1965: ffffff;
  1966: ffffff;
  1967: fefefe;
  1968: fdfdfd;
  1969: fdfdfd;
  1970: fcfcfc;
  1971: fcfcfc;
  1972: fdfdfd;
  1973: fdfdfd;
  1974: fdfdfd;
  1975: fefefe;
  1976: fefefe;
  1977: fefefe;
  1978: fefefe;
  1979: ffffff;
  1980: fefefe;
  1981: fefefe;
  1982: fefefe;
  1983: fefefe;
  1984: fefefe;
  1985: fefefe;
  1986: fefefe;
  1987: fefefe;
  1988: ffffff;
  1989: fefefe;
  1990: fefefe;
  1991: fefefe;
  1992: fefefe;
  1993: fdfdfd;
  1994: fdfdfd;
  1995: fdfdfd;
  1996: fcfcfc;
  1997: fcfcfc;
  1998: fdfdfd;
  1999: fdfdfd;
  2000: fefefe;
  2001: ffffff;
  2002: ffffff;
  2003: fefefe;
  2004: fdfdfd;
  2005: fcfcfc;
  2006: fcfcfc;
  2007: fbfbfb;
  2008: fbfbfb;
  2009: fcfcfc;
  2010: fcfcfc;
  2011: fdfdfd;
  2012: fefefe;
  2013: fefefe;
  2014: fefefe;
  2015: fefefe;
  2016: fdfdfd;
  2017: fcfcfc;
  2018: fcfcfc;
  2019: fcfcfc;
  2020: fdfdfd;
  2021: fdfdfd;
  2022: fefefe;
  2023: ffffff;
  2024: ffffff;
  2025: ffffff;
  2026: ffffff;
  2027: ffffff;
  2028: ffffff;
  2029: ffffff;
  2030: ffffff;
  2031: ffffff;
  2032: ffffff;
  2033: fefefe;
  2034: fefefe;
  2035: ffffff;
  2036: ffffff;
  2037: ffffff;
  2038: ffffff;
  2039: ffffff;
  2040: ffffff;
  2041: e3e3e3;
  2042: bababa;
  2043: 939393;
  2044: 737373;
  2045: 606060;
  2046: 606060;
  2047: 606060;
  2048: 272727;
  2049: 272727;
  2050: 272727;
  2051: 3f3f3f;
  2052: 696969;
  2053: 9c9c9c;
  2054: d2d2d2;
  2055: ffffff;
  2056: ffffff;
  2057: ffffff;
  2058: ffffff;
  2059: ffffff;
  2060: ffffff;
  2061: ffffff;
  2062: ffffff;
  2063: ffffff;
  2064: ffffff;
  2065: ffffff;
  2066: ffffff;
  2067: ffffff;
  2068: ffffff;
  2069: ffffff;
  2070: ffffff;
  2071: ffffff;
  2072: ffffff;
  2073: fefefe;
  2074: fdfdfd;
  2075: fdfdfd;
  2076: fcfcfc;
  2077: fcfcfc;
  2078: fcfcfc;
  2079: fdfdfd;
  2080: fefefe;
  2081: ffffff;
  2082: ffffff;
  2083: fefefe;
  2084: fdfdfd;
  2085: fcfcfc;
  2086: fafafa;
  2087: fafafa;
  2088: fafafa;
  2089: fbfbfb;
  2090: fbfbfb;
  2091: fcfcfc;
  2092: fdfdfd;
  2093: fefefe;
  2094: ffffff;
  2095: ffffff;
  2096: fefefe;
  2097: fefefe;
  2098: fefefe;
  2099: fefefe;
  2100: fefefe;
  2101: fdfdfd;
  2102: fefefe;
  2103: fefefe;
  2104: fefefe;
  2105: fefefe;
  2106: fefefe;
  2107: ffffff;
  2108: ffffff;
  2109: ffffff;
  2110: ffffff;
  2111: ffffff;
  2112: ffffff;
  2113: ffffff;
  2114: ffffff;
  2115: ffffff;
  2116: ffffff;
  2117: fefefe;
  2118: fefefe;
  2119: fefefe;
  2120: fefefe;
  2121: fefefe;
  2122: fdfdfd;
  2123: fefefe;
  2124: fefefe;
  2125: fefefe;
  2126: fefefe;
  2127: fefefe;
  2128: ffffff;
  2129: ffffff;
  2130: fefefe;
  2131: fdfdfd;
  2132: fcfcfc;
  2133: fbfbfb;
  2134: fbfbfb;
  2135: fafafa;
  2136: fafafa;
  2137: fafafa;
  2138: fcfcfc;
  2139: fdfdfd;
  2140: fefefe;
  2141: ffffff;
  2142: ffffff;
  2143: fefefe;
  2144: fdfdfd;
  2145: fcfcfc;
  2146: fcfcfc;
  2147: fcfcfc;
  2148: fdfdfd;
  2149: fdfdfd;
  2150: fefefe;
  2151: ffffff;
  2152: ffffff;
  2153: ffffff;
  2154: ffffff;
  2155: ffffff;
  2156: ffffff;
  2157: ffffff;
  2158: ffffff;
  2159: ffffff;
  2160: ffffff;
  2161: ffffff;
  2162: ffffff;
  2163: ffffff;
  2164: ffffff;
  2165: ffffff;
  2166: ffffff;
  2167: ffffff;
  2168: ffffff;
  2169: d2d2d2;
  2170: 9c9c9c;
  2171: 696969;
  2172: 3f3f3f;
  2173: 272727;
  2174: 272727;
  2175: 272727;
  2176: 0;
  2177: 0;
  2178: 0;
  2179: 1b1b1b;
  2180: 494949;
  2181: 818181;
  2182: bcbcbc;
  2183: ededed;
  2184: ffffff;
  2185: ffffff;
  2186: ffffff;
  2187: ffffff;
  2188: ffffff;
  2189: ffffff;
  2190: ffffff;
  2191: ffffff;
  2192: ffffff;
  2193: ffffff;
  2194: ffffff;
  2195: ffffff;
  2196: ffffff;
  2197: ffffff;
  2198: ffffff;
  2199: ffffff;
  2200: ffffff;
  2201: fefefe;
  2202: fdfdfd;
  2203: fdfdfd;
  2204: fcfcfc;
  2205: fcfcfc;
  2206: fcfcfc;
  2207: fdfdfd;
  2208: fefefe;
  2209: ffffff;
  2210: ffffff;
  2211: fefefe;
  2212: fdfdfd;
  2213: fcfcfc;
  2214: fafafa;
  2215: f9f9f9;
  2216: f9f9f9;
  2217: fafafa;
  2218: fbfbfb;
  2219: fcfcfc;
  2220: fdfdfd;
  2221: fefefe;
  2222: ffffff;
  2223: ffffff;
  2224: ffffff;
  2225: ffffff;
  2226: ffffff;
  2227: ffffff;
  2228: ffffff;
  2229: fefefe;
  2230: fefefe;
  2231: fefefe;
  2232: fefefe;
  2233: fefefe;
  2234: fefefe;
  2235: ffffff;
  2236: ffffff;
  2237: ffffff;
  2238: ffffff;
  2239: ffffff;
  2240: ffffff;
  2241: ffffff;
  2242: ffffff;
  2243: ffffff;
  2244: ffffff;
  2245: fefefe;
  2246: fefefe;
  2247: fefefe;
  2248: fefefe;
  2249: fefefe;
  2250: fefefe;
  2251: ffffff;
  2252: ffffff;
  2253: ffffff;
  2254: ffffff;
  2255: ffffff;
  2256: ffffff;
  2257: ffffff;
  2258: fefefe;
  2259: fdfdfd;
  2260: fcfcfc;
  2261: fbfbfb;
  2262: fafafa;
  2263: f9f9f9;
  2264: f9f9f9;
  2265: fafafa;
  2266: fcfcfc;
  2267: fdfdfd;
  2268: fefefe;
  2269: ffffff;
  2270: ffffff;
  2271: fefefe;
  2272: fdfdfd;
  2273: fcfcfc;
  2274: fcfcfc;
  2275: fcfcfc;
  2276: fdfdfd;
  2277: fdfdfd;
  2278: fefefe;
  2279: ffffff;
  2280: ffffff;
  2281: ffffff;
  2282: ffffff;
  2283: ffffff;
  2284: ffffff;
  2285: ffffff;
  2286: ffffff;
  2287: ffffff;
  2288: ffffff;
  2289: ffffff;
  2290: ffffff;
  2291: ffffff;
  2292: ffffff;
  2293: ffffff;
  2294: ffffff;
  2295: ffffff;
  2296: ededed;
  2297: bcbcbc;
  2298: 818181;
  2299: 494949;
  2300: 1b1b1b;
  2301: 0;
  2302: 0;
  2303: 0;
  2304: 0;
  2305: 0;
  2306: 0;
  2307: 80808;
  2308: 323232;
  2309: 656565;
  2310: 9b9b9b;
  2311: c8c8c8;
  2312: dcdcdc;
  2313: e3e3e3;
  2314: ededed;
  2315: f6f6f6;
  2316: ffffff;
  2317: ffffff;
  2318: ffffff;
  2319: ffffff;
  2320: ffffff;
  2321: ffffff;
  2322: fefefe;
  2323: fefefe;
  2324: fefefe;
  2325: fefefe;
  2326: ffffff;
  2327: ffffff;
  2328: ffffff;
  2329: fefefe;
  2330: fdfdfd;
  2331: fdfdfd;
  2332: fcfcfc;
  2333: fcfcfc;
  2334: fcfcfc;
  2335: fdfdfd;
  2336: fefefe;
  2337: ffffff;
  2338: ffffff;
  2339: fefefe;
  2340: fdfdfd;
  2341: fcfcfc;
  2342: fafafa;
  2343: fafafa;
  2344: fafafa;
  2345: fafafa;
  2346: fbfbfb;
  2347: fcfcfc;
  2348: fdfdfd;
  2349: fefefe;
  2350: ffffff;
  2351: ffffff;
  2352: ffffff;
  2353: ffffff;
  2354: ffffff;
  2355: ffffff;
  2356: ffffff;
  2357: fefefe;
  2358: fefefe;
  2359: fefefe;
  2360: fefefe;
  2361: fefefe;
  2362: fefefe;
  2363: ffffff;
  2364: ffffff;
  2365: ffffff;
  2366: ffffff;
  2367: ffffff;
  2368: ffffff;
  2369: ffffff;
  2370: ffffff;
  2371: ffffff;
  2372: ffffff;
  2373: fefefe;
  2374: fefefe;
  2375: fefefe;
  2376: fefefe;
  2377: fefefe;
  2378: fefefe;
  2379: ffffff;
  2380: ffffff;
  2381: ffffff;
  2382: ffffff;
  2383: ffffff;
  2384: ffffff;
  2385: ffffff;
  2386: fefefe;
  2387: fdfdfd;
  2388: fcfcfc;
  2389: fbfbfb;
  2390: fafafa;
  2391: fafafa;
  2392: fafafa;
  2393: fafafa;
  2394: fcfcfc;
  2395: fdfdfd;
  2396: fefefe;
  2397: ffffff;
  2398: ffffff;
  2399: fefefe;
  2400: fdfdfd;
  2401: fcfcfc;
  2402: fcfcfc;
  2403: fcfcfc;
  2404: fdfdfd;
  2405: fdfdfd;
  2406: fefefe;
  2407: ffffff;
  2408: ffffff;
  2409: ffffff;
  2410: fefefe;
  2411: fefefe;
  2412: fefefe;
  2413: fefefe;
  2414: ffffff;
  2415: ffffff;
  2416: ffffff;
  2417: ffffff;
  2418: ffffff;
  2419: ffffff;
  2420: f6f6f6;
  2421: ededed;
  2422: e3e3e3;
  2423: dcdcdc;
  2424: c8c8c8;
  2425: 9b9b9b;
  2426: 656565;
  2427: 323232;
  2428: 80808;
  2429: 0;
  2430: 0;
  2431: 0;
  2432: 0;
  2433: 0;
  2434: 0;
  2435: 0;
  2436: 202020;
  2437: 474747;
  2438: 707070;
  2439: 939393;
  2440: a8a8a8;
  2441: bbbbbb;
  2442: d2d2d2;
  2443: ebebeb;
  2444: ffffff;
  2445: ffffff;
  2446: ffffff;
  2447: ffffff;
  2448: ffffff;
  2449: ffffff;
  2450: fdfdfd;
  2451: fcfcfc;
  2452: fdfdfd;
  2453: fdfdfd;
  2454: fefefe;
  2455: ffffff;
  2456: ffffff;
  2457: fefefe;
  2458: fefefe;
  2459: fefefe;
  2460: fdfdfd;
  2461: fdfdfd;
  2462: fdfdfd;
  2463: fefefe;
  2464: fefefe;
  2465: ffffff;
  2466: ffffff;
  2467: fefefe;
  2468: fdfdfd;
  2469: fdfdfd;
  2470: fcfcfc;
  2471: fbfbfb;
  2472: fbfbfb;
  2473: fbfbfb;
  2474: fcfcfc;
  2475: fcfcfc;
  2476: fcfcfc;
  2477: fdfdfd;
  2478: fefefe;
  2479: fefefe;
  2480: ffffff;
  2481: ffffff;
  2482: ffffff;
  2483: ffffff;
  2484: ffffff;
  2485: ffffff;
  2486: fefefe;
  2487: fefefe;
  2488: fefefe;
  2489: fefefe;
  2490: fefefe;
  2491: ffffff;
  2492: ffffff;
  2493: ffffff;
  2494: ffffff;
  2495: ffffff;
  2496: ffffff;
  2497: ffffff;
  2498: ffffff;
  2499: ffffff;
  2500: ffffff;
  2501: fefefe;
  2502: fefefe;
  2503: fefefe;
  2504: fefefe;
  2505: fefefe;
  2506: ffffff;
  2507: ffffff;
  2508: ffffff;
  2509: ffffff;
  2510: ffffff;
  2511: ffffff;
  2512: fefefe;
  2513: fefefe;
  2514: fdfdfd;
  2515: fcfcfc;
  2516: fcfcfc;
  2517: fcfcfc;
  2518: fbfbfb;
  2519: fbfbfb;
  2520: fbfbfb;
  2521: fcfcfc;
  2522: fdfdfd;
  2523: fdfdfd;
  2524: fefefe;
  2525: ffffff;
  2526: ffffff;
  2527: fefefe;
  2528: fefefe;
  2529: fdfdfd;
  2530: fdfdfd;
  2531: fdfdfd;
  2532: fefefe;
  2533: fefefe;
  2534: fefefe;
  2535: ffffff;
  2536: ffffff;
  2537: fefefe;
  2538: fdfdfd;
  2539: fdfdfd;
  2540: fcfcfc;
  2541: fdfdfd;
  2542: ffffff;
  2543: ffffff;
  2544: ffffff;
  2545: ffffff;
  2546: ffffff;
  2547: ffffff;
  2548: ebebeb;
  2549: d2d2d2;
  2550: bbbbbb;
  2551: a8a8a8;
  2552: 939393;
  2553: 707070;
  2554: 474747;
  2555: 202020;
  2556: 0;
  2557: 0;
  2558: 0;
  2559: 0;
  2560: 0;
  2561: 0;
  2562: 0;
  2563: 0;
  2564: 131313;
  2565: 2a2a2a;
  2566: 434343;
  2567: 585858;
  2568: 6e6e6e;
  2569: 8d8d8d;
  2570: b4b4b4;
  2571: dddddd;
  2572: ffffff;
  2573: ffffff;
  2574: ffffff;
  2575: ffffff;
  2576: ffffff;
  2577: ffffff;
  2578: fbfbfb;
  2579: fbfbfb;
  2580: fcfcfc;
  2581: fcfcfc;
  2582: fefefe;
  2583: fefefe;
  2584: ffffff;
  2585: ffffff;
  2586: fefefe;
  2587: fefefe;
  2588: fefefe;
  2589: fefefe;
  2590: fefefe;
  2591: fefefe;
  2592: fefefe;
  2593: fefefe;
  2594: fefefe;
  2595: fefefe;
  2596: fefefe;
  2597: fefefe;
  2598: fdfdfd;
  2599: fdfdfd;
  2600: fdfdfd;
  2601: fcfcfc;
  2602: fdfdfd;
  2603: fcfcfc;
  2604: fcfcfc;
  2605: fcfcfc;
  2606: fdfdfd;
  2607: fefefe;
  2608: ffffff;
  2609: ffffff;
  2610: ffffff;
  2611: ffffff;
  2612: ffffff;
  2613: ffffff;
  2614: ffffff;
  2615: ffffff;
  2616: ffffff;
  2617: ffffff;
  2618: ffffff;
  2619: fefefe;
  2620: ffffff;
  2621: ffffff;
  2622: ffffff;
  2623: ffffff;
  2624: ffffff;
  2625: ffffff;
  2626: ffffff;
  2627: ffffff;
  2628: fefefe;
  2629: ffffff;
  2630: ffffff;
  2631: ffffff;
  2632: ffffff;
  2633: ffffff;
  2634: ffffff;
  2635: ffffff;
  2636: ffffff;
  2637: ffffff;
  2638: ffffff;
  2639: ffffff;
  2640: fefefe;
  2641: fdfdfd;
  2642: fcfcfc;
  2643: fcfcfc;
  2644: fcfcfc;
  2645: fdfdfd;
  2646: fcfcfc;
  2647: fdfdfd;
  2648: fdfdfd;
  2649: fdfdfd;
  2650: fefefe;
  2651: fefefe;
  2652: fefefe;
  2653: fefefe;
  2654: fefefe;
  2655: fefefe;
  2656: fefefe;
  2657: fefefe;
  2658: fefefe;
  2659: fefefe;
  2660: fefefe;
  2661: fefefe;
  2662: ffffff;
  2663: ffffff;
  2664: fefefe;
  2665: fefefe;
  2666: fcfcfc;
  2667: fcfcfc;
  2668: fbfbfb;
  2669: fbfbfb;
  2670: ffffff;
  2671: ffffff;
  2672: ffffff;
  2673: ffffff;
  2674: ffffff;
  2675: ffffff;
  2676: dddddd;
  2677: b4b4b4;
  2678: 8d8d8d;
  2679: 6e6e6e;
  2680: 585858;
  2681: 434343;
  2682: 2a2a2a;
  2683: 131313;
  2684: 0;
  2685: 0;
  2686: 0;
  2687: 0;
  2688: 0;
  2689: 0;
  2690: 0;
  2691: 0;
  2692: 80808;
  2693: 121212;
  2694: 1c1c1c;
  2695: 242424;
  2696: 393939;
  2697: 626262;
  2698: 959595;
  2699: cacaca;
  2700: f7f7f7;
  2701: ffffff;
  2702: ffffff;
  2703: ffffff;
  2704: ffffff;
  2705: ffffff;
  2706: fafafa;
  2707: fafafa;
  2708: fafafa;
  2709: fbfbfb;
  2710: fdfdfd;
  2711: fefefe;
  2712: fefefe;
  2713: ffffff;
  2714: ffffff;
  2715: ffffff;
  2716: ffffff;
  2717: ffffff;
  2718: ffffff;
  2719: ffffff;
  2720: fefefe;
  2721: fefefe;
  2722: fefefe;
  2723: fefefe;
  2724: fefefe;
  2725: ffffff;
  2726: fefefe;
  2727: fefefe;
  2728: fefefe;
  2729: fdfdfd;
  2730: fdfdfd;
  2731: fdfdfd;
  2732: fcfcfc;
  2733: fcfcfc;
  2734: fcfcfc;
  2735: fdfdfd;
  2736: fefefe;
  2737: fefefe;
  2738: ffffff;
  2739: ffffff;
  2740: ffffff;
  2741: ffffff;
  2742: ffffff;
  2743: ffffff;
  2744: ffffff;
  2745: ffffff;
  2746: ffffff;
  2747: fefefe;
  2748: fefefe;
  2749: fefefe;
  2750: fefefe;
  2751: fefefe;
  2752: fefefe;
  2753: fefefe;
  2754: fefefe;
  2755: fefefe;
  2756: fefefe;
  2757: ffffff;
  2758: ffffff;
  2759: ffffff;
  2760: ffffff;
  2761: ffffff;
  2762: ffffff;
  2763: ffffff;
  2764: ffffff;
  2765: ffffff;
  2766: fefefe;
  2767: fefefe;
  2768: fdfdfd;
  2769: fcfcfc;
  2770: fcfcfc;
  2771: fcfcfc;
  2772: fdfdfd;
  2773: fdfdfd;
  2774: fdfdfd;
  2775: fefefe;
  2776: fefefe;
  2777: fefefe;
  2778: ffffff;
  2779: fefefe;
  2780: fefefe;
  2781: fefefe;
  2782: fefefe;
  2783: fefefe;
  2784: ffffff;
  2785: ffffff;
  2786: ffffff;
  2787: ffffff;
  2788: ffffff;
  2789: ffffff;
  2790: ffffff;
  2791: fefefe;
  2792: fefefe;
  2793: fdfdfd;
  2794: fbfbfb;
  2795: fafafa;
  2796: fafafa;
  2797: fafafa;
  2798: ffffff;
  2799: ffffff;
  2800: ffffff;
  2801: ffffff;
  2802: ffffff;
  2803: f7f7f7;
  2804: cacaca;
  2805: 959595;
  2806: 626262;
  2807: 393939;
  2808: 242424;
  2809: 1c1c1c;
  2810: 121212;
  2811: 80808;
  2812: 0;
  2813: 0;
  2814: 0;
  2815: 0;
  2816: 0;
  2817: 0;
  2818: 0;
  2819: 0;
  2820: 0;
  2821: 0;
  2822: 0;
  2823: 0;
  2824: 141414;
  2825: 414141;
  2826: 797979;
  2827: b3b3b3;
  2828: e4e4e4;
  2829: ffffff;
  2830: ffffff;
  2831: ffffff;
  2832: ffffff;
  2833: fefefe;
  2834: f9f9f9;
  2835: f9f9f9;
  2836: fafafa;
  2837: fbfbfb;
  2838: fdfdfd;
  2839: fefefe;
  2840: fefefe;
  2841: ffffff;
  2842: ffffff;
  2843: ffffff;
  2844: ffffff;
  2845: ffffff;
  2846: ffffff;
  2847: ffffff;
  2848: fefefe;
  2849: fefefe;
  2850: fefefe;
  2851: fefefe;
  2852: fefefe;
  2853: ffffff;
  2854: ffffff;
  2855: ffffff;
  2856: ffffff;
  2857: fefefe;
  2858: fefefe;
  2859: fdfdfd;
  2860: fcfcfc;
  2861: fcfcfc;
  2862: fcfcfc;
  2863: fdfdfd;
  2864: fefefe;
  2865: fefefe;
  2866: ffffff;
  2867: ffffff;
  2868: ffffff;
  2869: ffffff;
  2870: ffffff;
  2871: ffffff;
  2872: ffffff;
  2873: ffffff;
  2874: ffffff;
  2875: fefefe;
  2876: fefefe;
  2877: fefefe;
  2878: fefefe;
  2879: fefefe;
  2880: fefefe;
  2881: fefefe;
  2882: fefefe;
  2883: fefefe;
  2884: fefefe;
  2885: ffffff;
  2886: ffffff;
  2887: ffffff;
  2888: ffffff;
  2889: ffffff;
  2890: ffffff;
  2891: ffffff;
  2892: ffffff;
  2893: ffffff;
  2894: fefefe;
  2895: fefefe;
  2896: fdfdfd;
  2897: fcfcfc;
  2898: fcfcfc;
  2899: fcfcfc;
  2900: fdfdfd;
  2901: fefefe;
  2902: fefefe;
  2903: ffffff;
  2904: ffffff;
  2905: ffffff;
  2906: ffffff;
  2907: fefefe;
  2908: fefefe;
  2909: fefefe;
  2910: fefefe;
  2911: fefefe;
  2912: ffffff;
  2913: ffffff;
  2914: ffffff;
  2915: ffffff;
  2916: ffffff;
  2917: ffffff;
  2918: ffffff;
  2919: fefefe;
  2920: fefefe;
  2921: fdfdfd;
  2922: fbfbfb;
  2923: fafafa;
  2924: f9f9f9;
  2925: f9f9f9;
  2926: fefefe;
  2927: ffffff;
  2928: ffffff;
  2929: ffffff;
  2930: ffffff;
  2931: e4e4e4;
  2932: b3b3b3;
  2933: 797979;
  2934: 414141;
  2935: 141414;
  2936: 0;
  2937: 0;
  2938: 0;
  2939: 0;
  2940: 0;
  2941: 0;
  2942: 0;
  2943: 0;
  2944: 0;
  2945: 0;
  2946: 0;
  2947: 0;
  2948: 0;
  2949: 0;
  2950: 0;
  2951: 0;
  2952: 20202;
  2953: 2b2b2b;
  2954: 5e5e5e;
  2955: 939393;
  2956: c0c0c0;
  2957: d9d9d9;
  2958: e0e0e0;
  2959: e9e9e9;
  2960: f3f3f3;
  2961: fbfbfb;
  2962: fdfdfd;
  2963: fdfdfd;
  2964: fdfdfd;
  2965: fdfdfd;
  2966: fefefe;
  2967: fefefe;
  2968: fefefe;
  2969: ffffff;
  2970: ffffff;
  2971: ffffff;
  2972: ffffff;
  2973: ffffff;
  2974: ffffff;
  2975: ffffff;
  2976: fefefe;
  2977: fefefe;
  2978: fefefe;
  2979: fefefe;
  2980: fefefe;
  2981: ffffff;
  2982: ffffff;
  2983: ffffff;
  2984: ffffff;
  2985: fefefe;
  2986: fefefe;
  2987: fdfdfd;
  2988: fcfcfc;
  2989: fcfcfc;
  2990: fcfcfc;
  2991: fdfdfd;
  2992: fefefe;
  2993: fefefe;
  2994: ffffff;
  2995: ffffff;
  2996: ffffff;
  2997: ffffff;
  2998: ffffff;
  2999: ffffff;
  3000: ffffff;
  3001: ffffff;
  3002: ffffff;
  3003: fefefe;
  3004: fefefe;
  3005: fefefe;
  3006: fefefe;
  3007: fefefe;
  3008: fefefe;
  3009: fefefe;
  3010: fefefe;
  3011: fefefe;
  3012: fefefe;
  3013: ffffff;
  3014: ffffff;
  3015: ffffff;
  3016: ffffff;
  3017: ffffff;
  3018: ffffff;
  3019: ffffff;
  3020: ffffff;
  3021: ffffff;
  3022: fefefe;
  3023: fefefe;
  3024: fdfdfd;
  3025: fcfcfc;
  3026: fcfcfc;
  3027: fcfcfc;
  3028: fdfdfd;
  3029: fefefe;
  3030: fefefe;
  3031: ffffff;
  3032: ffffff;
  3033: ffffff;
  3034: ffffff;
  3035: fefefe;
  3036: fefefe;
  3037: fefefe;
  3038: fefefe;
  3039: fefefe;
  3040: ffffff;
  3041: ffffff;
  3042: ffffff;
  3043: ffffff;
  3044: ffffff;
  3045: ffffff;
  3046: ffffff;
  3047: fefefe;
  3048: fefefe;
  3049: fefefe;
  3050: fdfdfd;
  3051: fdfdfd;
  3052: fdfdfd;
  3053: fdfdfd;
  3054: fbfbfb;
  3055: f3f3f3;
  3056: e9e9e9;
  3057: e0e0e0;
  3058: d9d9d9;
  3059: c0c0c0;
  3060: 939393;
  3061: 5e5e5e;
  3062: 2b2b2b;
  3063: 20202;
  3064: 0;
  3065: 0;
  3066: 0;
  3067: 0;
  3068: 0;
  3069: 0;
  3070: 0;
  3071: 0;
  3072: 0;
  3073: 0;
  3074: 0;
  3075: 0;
  3076: 0;
  3077: 0;
  3078: 0;
  3079: 0;
  3080: 0;
  3081: 1b1b1b;
  3082: 424242;
  3083: 6a6a6a;
  3084: 8c8c8c;
  3085: a1a1a1;
  3086: b2b2b2;
  3087: c9c9c9;
  3088: e2e2e2;
  3089: f8f8f8;
  3090: ffffff;
  3091: ffffff;
  3092: ffffff;
  3093: ffffff;
  3094: ffffff;
  3095: fefefe;
  3096: fdfdfd;
  3097: fefefe;
  3098: fefefe;
  3099: ffffff;
  3100: ffffff;
  3101: ffffff;
  3102: ffffff;
  3103: ffffff;
  3104: fefefe;
  3105: fefefe;
  3106: fefefe;
  3107: fefefe;
  3108: fefefe;
  3109: ffffff;
  3110: ffffff;
  3111: ffffff;
  3112: ffffff;
  3113: fefefe;
  3114: fefefe;
  3115: fefefe;
  3116: fdfdfd;
  3117: fdfdfd;
  3118: fdfdfd;
  3119: fefefe;
  3120: fefefe;
  3121: fefefe;
  3122: ffffff;
  3123: ffffff;
  3124: ffffff;
  3125: ffffff;
  3126: ffffff;
  3127: ffffff;
  3128: ffffff;
  3129: ffffff;
  3130: ffffff;
  3131: fefefe;
  3132: fefefe;
  3133: fefefe;
  3134: fefefe;
  3135: fefefe;
  3136: fefefe;
  3137: fefefe;
  3138: fefefe;
  3139: fefefe;
  3140: fefefe;
  3141: ffffff;
  3142: ffffff;
  3143: ffffff;
  3144: ffffff;
  3145: ffffff;
  3146: ffffff;
  3147: ffffff;
  3148: ffffff;
  3149: ffffff;
  3150: fefefe;
  3151: fefefe;
  3152: fefefe;
  3153: fdfdfd;
  3154: fdfdfd;
  3155: fdfdfd;
  3156: fefefe;
  3157: fefefe;
  3158: fefefe;
  3159: ffffff;
  3160: ffffff;
  3161: ffffff;
  3162: ffffff;
  3163: fefefe;
  3164: fefefe;
  3165: fefefe;
  3166: fefefe;
  3167: fefefe;
  3168: ffffff;
  3169: ffffff;
  3170: ffffff;
  3171: ffffff;
  3172: ffffff;
  3173: fefefe;
  3174: fefefe;
  3175: fdfdfd;
  3176: fefefe;
  3177: ffffff;
  3178: ffffff;
  3179: ffffff;
  3180: ffffff;
  3181: ffffff;
  3182: f8f8f8;
  3183: e2e2e2;
  3184: c9c9c9;
  3185: b2b2b2;
  3186: a1a1a1;
  3187: 8c8c8c;
  3188: 6a6a6a;
  3189: 424242;
  3190: 1b1b1b;
  3191: 0;
  3192: 0;
  3193: 0;
  3194: 0;
  3195: 0;
  3196: 0;
  3197: 0;
  3198: 0;
  3199: 0;
  3200: 0;
  3201: 0;
  3202: 0;
  3203: 0;
  3204: 0;
  3205: 0;
  3206: 0;
  3207: 0;
  3208: 0;
  3209: f0f0f;
  3210: 272727;
  3211: 404040;
  3212: 545454;
  3213: 636363;
  3214: 7f7f7f;
  3215: a4a4a4;
  3216: cdcdcd;
  3217: f3f3f3;
  3218: ffffff;
  3219: ffffff;
  3220: ffffff;
  3221: ffffff;
  3222: ffffff;
  3223: fefefe;
  3224: fcfcfc;
  3225: fdfdfd;
  3226: fefefe;
  3227: fefefe;
  3228: ffffff;
  3229: ffffff;
  3230: ffffff;
  3231: ffffff;
  3232: ffffff;
  3233: ffffff;
  3234: ffffff;
  3235: ffffff;
  3236: ffffff;
  3237: fefefe;
  3238: ffffff;
  3239: ffffff;
  3240: ffffff;
  3241: fefefe;
  3242: fefefe;
  3243: fefefe;
  3244: fefefe;
  3245: fefefe;
  3246: fefefe;
  3247: fefefe;
  3248: fefefe;
  3249: fefefe;
  3250: fefefe;
  3251: fefefe;
  3252: fefefe;
  3253: fefefe;
  3254: fefefe;
  3255: fefefe;
  3256: fefefe;
  3257: fefefe;
  3258: fefefe;
  3259: fdfdfd;
  3260: fdfdfd;
  3261: fdfdfd;
  3262: fdfdfd;
  3263: fdfdfd;
  3264: fdfdfd;
  3265: fdfdfd;
  3266: fdfdfd;
  3267: fdfdfd;
  3268: fdfdfd;
  3269: fefefe;
  3270: fefefe;
  3271: fefefe;
  3272: fefefe;
  3273: fefefe;
  3274: fefefe;
  3275: fefefe;
  3276: fefefe;
  3277: fefefe;
  3278: fefefe;
  3279: fefefe;
  3280: fefefe;
  3281: fefefe;
  3282: fefefe;
  3283: fefefe;
  3284: fefefe;
  3285: fefefe;
  3286: fefefe;
  3287: ffffff;
  3288: ffffff;
  3289: ffffff;
  3290: fefefe;
  3291: ffffff;
  3292: ffffff;
  3293: ffffff;
  3294: ffffff;
  3295: ffffff;
  3296: ffffff;
  3297: ffffff;
  3298: ffffff;
  3299: ffffff;
  3300: fefefe;
  3301: fefefe;
  3302: fdfdfd;
  3303: fcfcfc;
  3304: fefefe;
  3305: ffffff;
  3306: ffffff;
  3307: ffffff;
  3308: ffffff;
  3309: ffffff;
  3310: f3f3f3;
  3311: cdcdcd;
  3312: a4a4a4;
  3313: 7f7f7f;
  3314: 636363;
  3315: 545454;
  3316: 404040;
  3317: 272727;
  3318: f0f0f;
  3319: 0;
  3320: 0;
  3321: 0;
  3322: 0;
  3323: 0;
  3324: 0;
  3325: 0;
  3326: 0;
  3327: 0;
  3328: 0;
  3329: 0;
  3330: 0;
  3331: 0;
  3332: 0;
  3333: 0;
  3334: 0;
  3335: 0;
  3336: 0;
  3337: 70707;
  3338: 101010;
  3339: 1a1a1a;
  3340: 222222;
  3341: 2a2a2a;
  3342: 4f4f4f;
  3343: 808080;
  3344: b6b6b6;
  3345: e8e8e8;
  3346: ffffff;
  3347: ffffff;
  3348: ffffff;
  3349: ffffff;
  3350: ffffff;
  3351: fefefe;
  3352: fcfcfc;
  3353: fcfcfc;
  3354: fdfdfd;
  3355: fefefe;
  3356: ffffff;
  3357: ffffff;
  3358: ffffff;
  3359: ffffff;
  3360: ffffff;
  3361: ffffff;
  3362: ffffff;
  3363: ffffff;
  3364: ffffff;
  3365: fefefe;
  3366: fefefe;
  3367: fefefe;
  3368: fefefe;
  3369: fefefe;
  3370: fefefe;
  3371: ffffff;
  3372: ffffff;
  3373: ffffff;
  3374: ffffff;
  3375: ffffff;
  3376: fefefe;
  3377: fefefe;
  3378: fefefe;
  3379: fefefe;
  3380: fefefe;
  3381: fefefe;
  3382: fefefe;
  3383: fefefe;
  3384: fefefe;
  3385: fefefe;
  3386: fefefe;
  3387: fdfdfd;
  3388: fdfdfd;
  3389: fdfdfd;
  3390: fdfdfd;
  3391: fdfdfd;
  3392: fdfdfd;
  3393: fdfdfd;
  3394: fdfdfd;
  3395: fdfdfd;
  3396: fdfdfd;
  3397: fefefe;
  3398: fefefe;
  3399: fefefe;
  3400: fefefe;
  3401: fefefe;
  3402: fefefe;
  3403: fefefe;
  3404: fefefe;
  3405: fefefe;
  3406: fefefe;
  3407: fefefe;
  3408: ffffff;
  3409: ffffff;
  3410: ffffff;
  3411: ffffff;
  3412: ffffff;
  3413: fefefe;
  3414: fefefe;
  3415: fefefe;
  3416: fefefe;
  3417: fefefe;
  3418: fefefe;
  3419: ffffff;
  3420: ffffff;
  3421: ffffff;
  3422: ffffff;
  3423: ffffff;
  3424: ffffff;
  3425: ffffff;
  3426: ffffff;
  3427: ffffff;
  3428: fefefe;
  3429: fdfdfd;
  3430: fcfcfc;
  3431: fcfcfc;
  3432: fefefe;
  3433: ffffff;
  3434: ffffff;
  3435: ffffff;
  3436: ffffff;
  3437: ffffff;
  3438: e8e8e8;
  3439: b6b6b6;
  3440: 808080;
  3441: 4f4f4f;
  3442: 2a2a2a;
  3443: 222222;
  3444: 1a1a1a;
  3445: 101010;
  3446: 70707;
  3447: 0;
  3448: 0;
  3449: 0;
  3450: 0;
  3451: 0;
  3452: 0;
  3453: 0;
  3454: 0;
  3455: 0;
  3456: 0;
  3457: 0;
  3458: 0;
  3459: 0;
  3460: 0;
  3461: 0;
  3462: 0;
  3463: 0;
  3464: 0;
  3465: 0;
  3466: 0;
  3467: 0;
  3468: 0;
  3469: 40404;
  3470: 2c2c2c;
  3471: 626262;
  3472: 9d9d9d;
  3473: d4d4d4;
  3474: fbfbfb;
  3475: ffffff;
  3476: ffffff;
  3477: ffffff;
  3478: ffffff;
  3479: fdfdfd;
  3480: fcfcfc;
  3481: fcfcfc;
  3482: fdfdfd;
  3483: fefefe;
  3484: ffffff;
  3485: ffffff;
  3486: ffffff;
  3487: ffffff;
  3488: ffffff;
  3489: ffffff;
  3490: ffffff;
  3491: ffffff;
  3492: ffffff;
  3493: fefefe;
  3494: fefefe;
  3495: fefefe;
  3496: fefefe;
  3497: fefefe;
  3498: fefefe;
  3499: ffffff;
  3500: ffffff;
  3501: ffffff;
  3502: ffffff;
  3503: ffffff;
  3504: fefefe;
  3505: fefefe;
  3506: fefefe;
  3507: fefefe;
  3508: fefefe;
  3509: fefefe;
  3510: fefefe;
  3511: fefefe;
  3512: fefefe;
  3513: fefefe;
  3514: fefefe;
  3515: fdfdfd;
  3516: fdfdfd;
  3517: fdfdfd;
  3518: fdfdfd;
  3519: fdfdfd;
  3520: fdfdfd;
  3521: fdfdfd;
  3522: fdfdfd;
  3523: fdfdfd;
  3524: fdfdfd;
  3525: fefefe;
  3526: fefefe;
  3527: fefefe;
  3528: fefefe;
  3529: fefefe;
  3530: fefefe;
  3531: fefefe;
  3532: fefefe;
  3533: fefefe;
  3534: fefefe;
  3535: fefefe;
  3536: ffffff;
  3537: ffffff;
  3538: ffffff;
  3539: ffffff;
  3540: ffffff;
  3541: fefefe;
  3542: fefefe;
  3543: fefefe;
  3544: fefefe;
  3545: fefefe;
  3546: fefefe;
  3547: ffffff;
  3548: ffffff;
  3549: ffffff;
  3550: ffffff;
  3551: ffffff;
  3552: ffffff;
  3553: ffffff;
  3554: ffffff;
  3555: ffffff;
  3556: fefefe;
  3557: fdfdfd;
  3558: fcfcfc;
  3559: fcfcfc;
  3560: fdfdfd;
  3561: ffffff;
  3562: ffffff;
  3563: ffffff;
  3564: ffffff;
  3565: fbfbfb;
  3566: d4d4d4;
  3567: 9d9d9d;
  3568: 626262;
  3569: 2c2c2c;
  3570: 40404;
  3571: 0;
  3572: 0;
  3573: 0;
  3574: 0;
  3575: 0;
  3576: 0;
  3577: 0;
  3578: 0;
  3579: 0;
  3580: 0;
  3581: 0;
  3582: 0;
  3583: 0;
  3584: 272727;
  3585: 272727;
  3586: 272727;
  3587: 222222;
  3588: 1a1a1a;
  3589: 111111;
  3590: 70707;
  3591: 0;
  3592: 0;
  3593: 0;
  3594: 0;
  3595: 0;
  3596: 0;
  3597: 0;
  3598: 181818;
  3599: 494949;
  3600: 7f7f7f;
  3601: b1b1b1;
  3602: d5d5d5;
  3603: dddddd;
  3604: e6e6e6;
  3605: f0f0f0;
  3606: f9f9f9;
  3607: ffffff;
  3608: ffffff;
  3609: ffffff;
  3610: ffffff;
  3611: ffffff;
  3612: ffffff;
  3613: ffffff;
  3614: ffffff;
  3615: ffffff;
  3616: ffffff;
  3617: ffffff;
  3618: ffffff;
  3619: ffffff;
  3620: ffffff;
  3621: fefefe;
  3622: fefefe;
  3623: fefefe;
  3624: fefefe;
  3625: fefefe;
  3626: fefefe;
  3627: ffffff;
  3628: ffffff;
  3629: ffffff;
  3630: ffffff;
  3631: ffffff;
  3632: fefefe;
  3633: fefefe;
  3634: fefefe;
  3635: fefefe;
  3636: fefefe;
  3637: fefefe;
  3638: fefefe;
  3639: fefefe;
  3640: fefefe;
  3641: fefefe;
  3642: fefefe;
  3643: fdfdfd;
  3644: fdfdfd;
  3645: fdfdfd;
  3646: fdfdfd;
  3647: fdfdfd;
  3648: fdfdfd;
  3649: fdfdfd;
  3650: fdfdfd;
  3651: fdfdfd;
  3652: fdfdfd;
  3653: fefefe;
  3654: fefefe;
  3655: fefefe;
  3656: fefefe;
  3657: fefefe;
  3658: fefefe;
  3659: fefefe;
  3660: fefefe;
  3661: fefefe;
  3662: fefefe;
  3663: fefefe;
  3664: ffffff;
  3665: ffffff;
  3666: ffffff;
  3667: ffffff;
  3668: ffffff;
  3669: fefefe;
  3670: fefefe;
  3671: fefefe;
  3672: fefefe;
  3673: fefefe;
  3674: fefefe;
  3675: ffffff;
  3676: ffffff;
  3677: ffffff;
  3678: ffffff;
  3679: ffffff;
  3680: ffffff;
  3681: ffffff;
  3682: ffffff;
  3683: ffffff;
  3684: ffffff;
  3685: ffffff;
  3686: ffffff;
  3687: ffffff;
  3688: ffffff;
  3689: f9f9f9;
  3690: f0f0f0;
  3691: e6e6e6;
  3692: dddddd;
  3693: d5d5d5;
  3694: b1b1b1;
  3695: 7f7f7f;
  3696: 494949;
  3697: 181818;
  3698: 0;
  3699: 0;
  3700: 0;
  3701: 0;
  3702: 0;
  3703: 0;
  3704: 0;
  3705: 70707;
  3706: 111111;
  3707: 1a1a1a;
  3708: 222222;
  3709: 272727;
  3710: 272727;
  3711: 272727;
  3712: 606060;
  3713: 606060;
  3714: 606060;
  3715: 545454;
  3716: 414141;
  3717: 292929;
  3718: 101010;
  3719: 0;
  3720: 0;
  3721: 0;
  3722: 0;
  3723: 0;
  3724: 0;
  3725: 0;
  3726: c0c0c;
  3727: 323232;
  3728: 5b5b5b;
  3729: 818181;
  3730: 9d9d9d;
  3731: ababab;
  3732: c1c1c1;
  3733: dadada;
  3734: f2f2f2;
  3735: ffffff;
  3736: ffffff;
  3737: ffffff;
  3738: ffffff;
  3739: ffffff;
  3740: ffffff;
  3741: ffffff;
  3742: ffffff;
  3743: ffffff;
  3744: ffffff;
  3745: ffffff;
  3746: ffffff;
  3747: ffffff;
  3748: ffffff;
  3749: fefefe;
  3750: fefefe;
  3751: fefefe;
  3752: fefefe;
  3753: fefefe;
  3754: fefefe;
  3755: fefefe;
  3756: fefefe;
  3757: fefefe;
  3758: fefefe;
  3759: fefefe;
  3760: fefefe;
  3761: fefefe;
  3762: fefefe;
  3763: fefefe;
  3764: fefefe;
  3765: fefefe;
  3766: fefefe;
  3767: fefefe;
  3768: fefefe;
  3769: fefefe;
  3770: fefefe;
  3771: fdfdfd;
  3772: fdfdfd;
  3773: fdfdfd;
  3774: fdfdfd;
  3775: fdfdfd;
  3776: fdfdfd;
  3777: fdfdfd;
  3778: fdfdfd;
  3779: fdfdfd;
  3780: fdfdfd;
  3781: fefefe;
  3782: fefefe;
  3783: fefefe;
  3784: fefefe;
  3785: fefefe;
  3786: fefefe;
  3787: fefefe;
  3788: fefefe;
  3789: fefefe;
  3790: fefefe;
  3791: fefefe;
  3792: fefefe;
  3793: fefefe;
  3794: fefefe;
  3795: fefefe;
  3796: fefefe;
  3797: fefefe;
  3798: fefefe;
  3799: fefefe;
  3800: fefefe;
  3801: fefefe;
  3802: fefefe;
  3803: ffffff;
  3804: ffffff;
  3805: ffffff;
  3806: ffffff;
  3807: ffffff;
  3808: ffffff;
  3809: ffffff;
  3810: ffffff;
  3811: ffffff;
  3812: ffffff;
  3813: ffffff;
  3814: ffffff;
  3815: ffffff;
  3816: ffffff;
  3817: f2f2f2;
  3818: dadada;
  3819: c1c1c1;
  3820: ababab;
  3821: 9d9d9d;
  3822: 818181;
  3823: 5b5b5b;
  3824: 323232;
  3825: c0c0c;
  3826: 0;
  3827: 0;
  3828: 0;
  3829: 0;
  3830: 0;
  3831: 0;
  3832: 0;
  3833: 101010;
  3834: 292929;
  3835: 414141;
  3836: 545454;
  3837: 606060;
  3838: 606060;
  3839: 606060;
  3840: 9f9f9f;
  3841: 9f9f9f;
  3842: 9f9f9f;
  3843: 8c8c8c;
  3844: 6c6c6c;
  3845: 454545;
  3846: 1c1c1c;
  3847: 0;
  3848: 0;
  3849: 0;
  3850: 0;
  3851: 0;
  3852: 0;
  3853: 0;
  3854: 60606;
  3855: 1d1d1d;
  3856: 363636;
  3857: 4e4e4e;
  3858: 5e5e5e;
  3859: 747474;
  3860: 979797;
  3861: c0c0c0;
  3862: e8e8e8;
  3863: ffffff;
  3864: ffffff;
  3865: ffffff;
  3866: ffffff;
  3867: ffffff;
  3868: ffffff;
  3869: fefefe;
  3870: fefefe;
  3871: fefefe;
  3872: fefefe;
  3873: fefefe;
  3874: fefefe;
  3875: fefefe;
  3876: fefefe;
  3877: ffffff;
  3878: ffffff;
  3879: ffffff;
  3880: ffffff;
  3881: fefefe;
  3882: fefefe;
  3883: fefefe;
  3884: fdfdfd;
  3885: fdfdfd;
  3886: fdfdfd;
  3887: fefefe;
  3888: fefefe;
  3889: fefefe;
  3890: ffffff;
  3891: ffffff;
  3892: ffffff;
  3893: ffffff;
  3894: ffffff;
  3895: ffffff;
  3896: ffffff;
  3897: ffffff;
  3898: ffffff;
  3899: fefefe;
  3900: fefefe;
  3901: fefefe;
  3902: fefefe;
  3903: fefefe;
  3904: fefefe;
  3905: fefefe;
  3906: fefefe;
  3907: fefefe;
  3908: fefefe;
  3909: ffffff;
  3910: ffffff;
  3911: ffffff;
  3912: ffffff;
  3913: ffffff;
  3914: ffffff;
  3915: ffffff;
  3916: ffffff;
  3917: ffffff;
  3918: fefefe;
  3919: fefefe;
  3920: fefefe;
  3921: fdfdfd;
  3922: fdfdfd;
  3923: fdfdfd;
  3924: fefefe;
  3925: fefefe;
  3926: fefefe;
  3927: ffffff;
  3928: ffffff;
  3929: ffffff;
  3930: ffffff;
  3931: fefefe;
  3932: fefefe;
  3933: fefefe;
  3934: fefefe;
  3935: fefefe;
  3936: fefefe;
  3937: fefefe;
  3938: fefefe;
  3939: ffffff;
  3940: ffffff;
  3941: ffffff;
  3942: ffffff;
  3943: ffffff;
  3944: ffffff;
  3945: e8e8e8;
  3946: c0c0c0;
  3947: 979797;
  3948: 747474;
  3949: 5e5e5e;
  3950: 4e4e4e;
  3951: 363636;
  3952: 1d1d1d;
  3953: 60606;
  3954: 0;
  3955: 0;
  3956: 0;
  3957: 0;
  3958: 0;
  3959: 0;
  3960: 0;
  3961: 1c1c1c;
  3962: 454545;
  3963: 6c6c6c;
  3964: 8c8c8c;
  3965: 9f9f9f;
  3966: 9f9f9f;
  3967: 9f9f9f;
  3968: d8d8d8;
  3969: d8d8d8;
  3970: d8d8d8;
  3971: c0c0c0;
  3972: 969696;
  3973: 626262;
  3974: 2c2c2c;
  3975: 0;
  3976: 0;
  3977: 0;
  3978: 0;
  3979: 0;
  3980: 0;
  3981: 0;
  3982: 30303;
  3983: c0c0c;
  3984: 161616;
  3985: 202020;
  3986: 262626;
  3987: 404040;
  3988: 6f6f6f;
  3989: a5a5a5;
  3990: d9d9d9;
  3991: ffffff;
  3992: ffffff;
  3993: ffffff;
  3994: ffffff;
  3995: ffffff;
  3996: ffffff;
  3997: fefefe;
  3998: fefefe;
  3999: fefefe;
  4000: fefefe;
  4001: fefefe;
  4002: fefefe;
  4003: fefefe;
  4004: fefefe;
  4005: ffffff;
  4006: ffffff;
  4007: ffffff;
  4008: ffffff;
  4009: fefefe;
  4010: fefefe;
  4011: fdfdfd;
  4012: fcfcfc;
  4013: fcfcfc;
  4014: fcfcfc;
  4015: fdfdfd;
  4016: fefefe;
  4017: fefefe;
  4018: ffffff;
  4019: ffffff;
  4020: ffffff;
  4021: ffffff;
  4022: ffffff;
  4023: ffffff;
  4024: ffffff;
  4025: ffffff;
  4026: ffffff;
  4027: fefefe;
  4028: fefefe;
  4029: fefefe;
  4030: fefefe;
  4031: fefefe;
  4032: fefefe;
  4033: fefefe;
  4034: fefefe;
  4035: fefefe;
  4036: fefefe;
  4037: ffffff;
  4038: ffffff;
  4039: ffffff;
  4040: ffffff;
  4041: ffffff;
  4042: ffffff;
  4043: ffffff;
  4044: ffffff;
  4045: ffffff;
  4046: fefefe;
  4047: fefefe;
  4048: fdfdfd;
  4049: fcfcfc;
  4050: fcfcfc;
  4051: fcfcfc;
  4052: fdfdfd;
  4053: fefefe;
  4054: fefefe;
  4055: ffffff;
  4056: ffffff;
  4057: ffffff;
  4058: ffffff;
  4059: fefefe;
  4060: fefefe;
  4061: fefefe;
  4062: fefefe;
  4063: fefefe;
  4064: fefefe;
  4065: fefefe;
  4066: fefefe;
  4067: ffffff;
  4068: ffffff;
  4069: ffffff;
  4070: ffffff;
  4071: ffffff;
  4072: ffffff;
  4073: d9d9d9;
  4074: a5a5a5;
  4075: 6f6f6f;
  4076: 404040;
  4077: 262626;
  4078: 202020;
  4079: 161616;
  4080: c0c0c;
  4081: 30303;
  4082: 0;
  4083: 0;
  4084: 0;
  4085: 0;
  4086: 0;
  4087: 0;
  4088: 0;
  4089: 2c2c2c;
  4090: 626262;
  4091: 969696;
  4092: c0c0c0;
  4093: d8d8d8;
  4094: d8d8d8;
  4095: d8d8d8;
  4096: ffffff;
  4097: ffffff;
  4098: ffffff;
  4099: e4e4e4;
  4100: b6b6b6;
  4101: 7d7d7d;
  4102: 424242;
  4103: 101010;
  4104: 0;
  4105: 0;
  4106: 0;
  4107: 0;
  4108: 0;
  4109: 0;
  4110: 0;
  4111: 0;
  4112: 0;
  4113: 0;
  4114: 0;
  4115: 1c1c1c;
  4116: 4f4f4f;
  4117: 8a8a8a;
  4118: c3c3c3;
  4119: f0f0f0;
  4120: ffffff;
  4121: ffffff;
  4122: ffffff;
  4123: ffffff;
  4124: ffffff;
  4125: fefefe;
  4126: fefefe;
  4127: fefefe;
  4128: fefefe;
  4129: fefefe;
  4130: fefefe;
  4131: fefefe;
  4132: fefefe;
  4133: ffffff;
  4134: ffffff;
  4135: ffffff;
  4136: ffffff;
  4137: fefefe;
  4138: fefefe;
  4139: fdfdfd;
  4140: fcfcfc;
  4141: fcfcfc;
  4142: fcfcfc;
  4143: fdfdfd;
  4144: fefefe;
  4145: fefefe;
  4146: ffffff;
  4147: ffffff;
  4148: ffffff;
  4149: ffffff;
  4150: ffffff;
  4151: ffffff;
  4152: ffffff;
  4153: ffffff;
  4154: ffffff;
  4155: fefefe;
  4156: fefefe;
  4157: fefefe;
  4158: fefefe;
  4159: fefefe;
  4160: fefefe;
  4161: fefefe;
  4162: fefefe;
  4163: fefefe;
  4164: fefefe;
  4165: ffffff;
  4166: ffffff;
  4167: ffffff;
  4168: ffffff;
  4169: ffffff;
  4170: ffffff;
  4171: ffffff;
  4172: ffffff;
  4173: ffffff;
  4174: fefefe;
  4175: fefefe;
  4176: fdfdfd;
  4177: fcfcfc;
  4178: fcfcfc;
  4179: fcfcfc;
  4180: fdfdfd;
  4181: fefefe;
  4182: fefefe;
  4183: ffffff;
  4184: ffffff;
  4185: ffffff;
  4186: ffffff;
  4187: fefefe;
  4188: fefefe;
  4189: fefefe;
  4190: fefefe;
  4191: fefefe;
  4192: fefefe;
  4193: fefefe;
  4194: fefefe;
  4195: ffffff;
  4196: ffffff;
  4197: ffffff;
  4198: ffffff;
  4199: ffffff;
  4200: f0f0f0;
  4201: c3c3c3;
  4202: 8a8a8a;
  4203: 4f4f4f;
  4204: 1c1c1c;
  4205: 0;
  4206: 0;
  4207: 0;
  4208: 0;
  4209: 0;
  4210: 0;
  4211: 0;
  4212: 0;
  4213: 0;
  4214: 0;
  4215: 0;
  4216: 101010;
  4217: 424242;
  4218: 7d7d7d;
  4219: b6b6b6;
  4220: e4e4e4;
  4221: ffffff;
  4222: ffffff;
  4223: ffffff;
  4224: ffffff;
  4225: ffffff;
  4226: ffffff;
  4227: f7f7f7;
  4228: cdcdcd;
  4229: 999999;
  4230: 636363;
  4231: 353535;
  4232: 242424;
  4233: 1d1d1d;
  4234: 131313;
  4235: 90909;
  4236: 10101;
  4237: 0;
  4238: 0;
  4239: 0;
  4240: 0;
  4241: 0;
  4242: 0;
  4243: 90909;
  4244: 383838;
  4245: 6e6e6e;
  4246: a2a2a2;
  4247: cbcbcb;
  4248: dbdbdb;
  4249: e3e3e3;
  4250: ececec;
  4251: f6f6f6;
  4252: fefefe;
  4253: ffffff;
  4254: ffffff;
  4255: ffffff;
  4256: ffffff;
  4257: ffffff;
  4258: fefefe;
  4259: fefefe;
  4260: fefefe;
  4261: ffffff;
  4262: ffffff;
  4263: ffffff;
  4264: ffffff;
  4265: fefefe;
  4266: fefefe;
  4267: fdfdfd;
  4268: fcfcfc;
  4269: fcfcfc;
  4270: fcfcfc;
  4271: fdfdfd;
  4272: fefefe;
  4273: fefefe;
  4274: ffffff;
  4275: ffffff;
  4276: ffffff;
  4277: ffffff;
  4278: ffffff;
  4279: ffffff;
  4280: ffffff;
  4281: ffffff;
  4282: ffffff;
  4283: fefefe;
  4284: fefefe;
  4285: fefefe;
  4286: fefefe;
  4287: fefefe;
  4288: fefefe;
  4289: fefefe;
  4290: fefefe;
  4291: fefefe;
  4292: fefefe;
  4293: ffffff;
  4294: ffffff;
  4295: ffffff;
  4296: ffffff;
  4297: ffffff;
  4298: ffffff;
  4299: ffffff;
  4300: ffffff;
  4301: ffffff;
  4302: fefefe;
  4303: fefefe;
  4304: fdfdfd;
  4305: fcfcfc;
  4306: fcfcfc;
  4307: fcfcfc;
  4308: fdfdfd;
  4309: fefefe;
  4310: fefefe;
  4311: ffffff;
  4312: ffffff;
  4313: ffffff;
  4314: ffffff;
  4315: fefefe;
  4316: fefefe;
  4317: fefefe;
  4318: ffffff;
  4319: ffffff;
  4320: ffffff;
  4321: ffffff;
  4322: ffffff;
  4323: fefefe;
  4324: f6f6f6;
  4325: ececec;
  4326: e3e3e3;
  4327: dbdbdb;
  4328: cbcbcb;
  4329: a2a2a2;
  4330: 6e6e6e;
  4331: 383838;
  4332: 90909;
  4333: 0;
  4334: 0;
  4335: 0;
  4336: 0;
  4337: 0;
  4338: 0;
  4339: 10101;
  4340: 90909;
  4341: 131313;
  4342: 1d1d1d;
  4343: 242424;
  4344: 353535;
  4345: 636363;
  4346: 999999;
  4347: cdcdcd;
  4348: f7f7f7;
  4349: ffffff;
  4350: ffffff;
  4351: ffffff;
  4352: ffffff;
  4353: ffffff;
  4354: ffffff;
  4355: ffffff;
  4356: dfdfdf;
  4357: b7b7b7;
  4358: 8e8e8e;
  4359: 6b6b6b;
  4360: 5a5a5a;
  4361: 464646;
  4362: 2e2e2e;
  4363: 151515;
  4364: 0;
  4365: 0;
  4366: 0;
  4367: 0;
  4368: 0;
  4369: 0;
  4370: 0;
  4371: 10101;
  4372: 252525;
  4373: 4e4e4e;
  4374: 757575;
  4375: 959595;
  4376: a6a6a6;
  4377: b9b9b9;
  4378: d1d1d1;
  4379: eaeaea;
  4380: ffffff;
  4381: ffffff;
  4382: ffffff;
  4383: ffffff;
  4384: ffffff;
  4385: ffffff;
  4386: fefefe;
  4387: fefefe;
  4388: fefefe;
  4389: ffffff;
  4390: ffffff;
  4391: ffffff;
  4392: ffffff;
  4393: fefefe;
  4394: fefefe;
  4395: fefefe;
  4396: fdfdfd;
  4397: fdfdfd;
  4398: fdfdfd;
  4399: fefefe;
  4400: fefefe;
  4401: fefefe;
  4402: ffffff;
  4403: ffffff;
  4404: ffffff;
  4405: ffffff;
  4406: fefefe;
  4407: fefefe;
  4408: fefefe;
  4409: fefefe;
  4410: ffffff;
  4411: fefefe;
  4412: fefefe;
  4413: fefefe;
  4414: fefefe;
  4415: fefefe;
  4416: fefefe;
  4417: fefefe;
  4418: fefefe;
  4419: fefefe;
  4420: fefefe;
  4421: ffffff;
  4422: fefefe;
  4423: fefefe;
  4424: fefefe;
  4425: fefefe;
  4426: ffffff;
  4427: ffffff;
  4428: ffffff;
  4429: ffffff;
  4430: fefefe;
  4431: fefefe;
  4432: fefefe;
  4433: fdfdfd;
  4434: fdfdfd;
  4435: fdfdfd;
  4436: fefefe;
  4437: fefefe;
  4438: fefefe;
  4439: ffffff;
  4440: ffffff;
  4441: ffffff;
  4442: ffffff;
  4443: fefefe;
  4444: fefefe;
  4445: fefefe;
  4446: ffffff;
  4447: ffffff;
  4448: ffffff;
  4449: ffffff;
  4450: ffffff;
  4451: ffffff;
  4452: eaeaea;
  4453: d1d1d1;
  4454: b9b9b9;
  4455: a6a6a6;
  4456: 959595;
  4457: 757575;
  4458: 4e4e4e;
  4459: 252525;
  4460: 10101;
  4461: 0;
  4462: 0;
  4463: 0;
  4464: 0;
  4465: 0;
  4466: 0;
  4467: 0;
  4468: 151515;
  4469: 2e2e2e;
  4470: 464646;
  4471: 5a5a5a;
  4472: 6b6b6b;
  4473: 8e8e8e;
  4474: b7b7b7;
  4475: dfdfdf;
  4476: ffffff;
  4477: ffffff;
  4478: ffffff;
  4479: ffffff;
  4480: ffffff;
  4481: ffffff;
  4482: ffffff;
  4483: ffffff;
  4484: ececec;
  4485: d4d4d4;
  4486: bbbbbb;
  4487: a6a6a6;
  4488: 959595;
  4489: 757575;
  4490: 4e4e4e;
  4491: 252525;
  4492: 20202;
  4493: 0;
  4494: 0;
  4495: 0;
  4496: 0;
  4497: 0;
  4498: 0;
  4499: 0;
  4500: 151515;
  4501: 2e2e2e;
  4502: 464646;
  4503: 5a5a5a;
  4504: 6a6a6a;
  4505: 8a8a8a;
  4506: b1b1b1;
  4507: dadada;
  4508: fefefe;
  4509: ffffff;
  4510: ffffff;
  4511: ffffff;
  4512: ffffff;
  4513: ffffff;
  4514: ffffff;
  4515: ffffff;
  4516: ffffff;
  4517: fefefe;
  4518: fefefe;
  4519: fefefe;
  4520: fefefe;
  4521: fefefe;
  4522: fefefe;
  4523: fefefe;
  4524: fefefe;
  4525: fefefe;
  4526: fefefe;
  4527: fefefe;
  4528: ffffff;
  4529: ffffff;
  4530: ffffff;
  4531: ffffff;
  4532: fefefe;
  4533: fefefe;
  4534: fefefe;
  4535: fefefe;
  4536: fefefe;
  4537: fefefe;
  4538: fefefe;
  4539: fefefe;
  4540: ffffff;
  4541: ffffff;
  4542: ffffff;
  4543: ffffff;
  4544: ffffff;
  4545: ffffff;
  4546: ffffff;
  4547: ffffff;
  4548: fefefe;
  4549: fefefe;
  4550: fefefe;
  4551: fefefe;
  4552: fefefe;
  4553: fefefe;
  4554: fefefe;
  4555: fefefe;
  4556: ffffff;
  4557: ffffff;
  4558: ffffff;
  4559: ffffff;
  4560: fefefe;
  4561: fefefe;
  4562: fefefe;
  4563: fefefe;
  4564: fefefe;
  4565: fefefe;
  4566: fefefe;
  4567: fefefe;
  4568: fefefe;
  4569: fefefe;
  4570: fefefe;
  4571: ffffff;
  4572: ffffff;
  4573: ffffff;
  4574: ffffff;
  4575: ffffff;
  4576: ffffff;
  4577: ffffff;
  4578: ffffff;
  4579: fefefe;
  4580: dadada;
  4581: b1b1b1;
  4582: 8a8a8a;
  4583: 6a6a6a;
  4584: 5a5a5a;
  4585: 464646;
  4586: 2e2e2e;
  4587: 151515;
  4588: 0;
  4589: 0;
  4590: 0;
  4591: 0;
  4592: 0;
  4593: 0;
  4594: 0;
  4595: 20202;
  4596: 252525;
  4597: 4e4e4e;
  4598: 757575;
  4599: 959595;
  4600: a6a6a6;
  4601: bbbbbb;
  4602: d4d4d4;
  4603: ececec;
  4604: ffffff;
  4605: ffffff;
  4606: ffffff;
  4607: ffffff;
  4608: ffffff;
  4609: ffffff;
  4610: ffffff;
  4611: ffffff;
  4612: f7f7f7;
  4613: ededed;
  4614: e3e3e3;
  4615: dbdbdb;
  4616: cbcbcb;
  4617: a2a2a2;
  4618: 6e6e6e;
  4619: 383838;
  4620: a0a0a;
  4621: 0;
  4622: 0;
  4623: 0;
  4624: 0;
  4625: 0;
  4626: 0;
  4627: 10101;
  4628: 90909;
  4629: 131313;
  4630: 1d1d1d;
  4631: 242424;
  4632: 343434;
  4633: 5e5e5e;
  4634: 919191;
  4635: c7c7c7;
  4636: f6f6f6;
  4637: ffffff;
  4638: ffffff;
  4639: ffffff;
  4640: ffffff;
  4641: ffffff;
  4642: ffffff;
  4643: ffffff;
  4644: ffffff;
  4645: fefefe;
  4646: fefefe;
  4647: fefefe;
  4648: fefefe;
  4649: fefefe;
  4650: fefefe;
  4651: ffffff;
  4652: ffffff;
  4653: ffffff;
  4654: ffffff;
  4655: ffffff;
  4656: ffffff;
  4657: ffffff;
  4658: ffffff;
  4659: ffffff;
  4660: fefefe;
  4661: fefefe;
  4662: fdfdfd;
  4663: fdfdfd;
  4664: fdfdfd;
  4665: fdfdfd;
  4666: fefefe;
  4667: fefefe;
  4668: ffffff;
  4669: ffffff;
  4670: ffffff;
  4671: ffffff;
  4672: ffffff;
  4673: ffffff;
  4674: ffffff;
  4675: ffffff;
  4676: fefefe;
  4677: fefefe;
  4678: fdfdfd;
  4679: fdfdfd;
  4680: fdfdfd;
  4681: fdfdfd;
  4682: fefefe;
  4683: fefefe;
  4684: ffffff;
  4685: ffffff;
  4686: ffffff;
  4687: ffffff;
  4688: ffffff;
  4689: ffffff;
  4690: ffffff;
  4691: ffffff;
  4692: ffffff;
  4693: fefefe;
  4694: fefefe;
  4695: fefefe;
  4696: fefefe;
  4697: fefefe;
  4698: fefefe;
  4699: ffffff;
  4700: ffffff;
  4701: ffffff;
  4702: ffffff;
  4703: ffffff;
  4704: ffffff;
  4705: ffffff;
  4706: ffffff;
  4707: f6f6f6;
  4708: c7c7c7;
  4709: 919191;
  4710: 5e5e5e;
  4711: 343434;
  4712: 242424;
  4713: 1d1d1d;
  4714: 131313;
  4715: 90909;
  4716: 10101;
  4717: 0;
  4718: 0;
  4719: 0;
  4720: 0;
  4721: 0;
  4722: 0;
  4723: a0a0a;
  4724: 383838;
  4725: 6e6e6e;
  4726: a2a2a2;
  4727: cbcbcb;
  4728: dbdbdb;
  4729: e3e3e3;
  4730: ededed;
  4731: f7f7f7;
  4732: ffffff;
  4733: ffffff;
  4734: ffffff;
  4735: ffffff;
  4736: fefefe;
  4737: fefefe;
  4738: fefefe;
  4739: ffffff;
  4740: ffffff;
  4741: ffffff;
  4742: ffffff;
  4743: ffffff;
  4744: f0f0f0;
  4745: c3c3c3;
  4746: 8a8a8a;
  4747: 4f4f4f;
  4748: 1d1d1d;
  4749: 0;
  4750: 0;
  4751: 0;
  4752: 0;
  4753: 0;
  4754: 20202;
  4755: 0;
  4756: 0;
  4757: 0;
  4758: 0;
  4759: 0;
  4760: f0f0f;
  4761: 3c3c3c;
  4762: 757575;
  4763: b0b0b0;
  4764: e3e3e3;
  4765: ffffff;
  4766: ffffff;
  4767: ffffff;
  4768: ffffff;
  4769: ffffff;
  4770: ffffff;
  4771: ffffff;
  4772: ffffff;
  4773: fefefe;
  4774: fefefe;
  4775: fefefe;
  4776: fefefe;
  4777: fefefe;
  4778: fefefe;
  4779: ffffff;
  4780: ffffff;
  4781: ffffff;
  4782: ffffff;
  4783: ffffff;
  4784: ffffff;
  4785: ffffff;
  4786: ffffff;
  4787: ffffff;
  4788: fefefe;
  4789: fefefe;
  4790: fdfdfd;
  4791: fdfdfd;
  4792: fdfdfd;
  4793: fdfdfd;
  4794: fefefe;
  4795: fefefe;
  4796: ffffff;
  4797: ffffff;
  4798: ffffff;
  4799: ffffff;
  4800: ffffff;
  4801: ffffff;
  4802: ffffff;
  4803: ffffff;
  4804: fefefe;
  4805: fefefe;
  4806: fdfdfd;
  4807: fdfdfd;
  4808: fdfdfd;
  4809: fdfdfd;
  4810: fefefe;
  4811: fefefe;
  4812: ffffff;
  4813: ffffff;
  4814: ffffff;
  4815: ffffff;
  4816: ffffff;
  4817: ffffff;
  4818: ffffff;
  4819: ffffff;
  4820: ffffff;
  4821: fefefe;
  4822: fefefe;
  4823: fefefe;
  4824: fefefe;
  4825: fefefe;
  4826: fefefe;
  4827: ffffff;
  4828: ffffff;
  4829: ffffff;
  4830: ffffff;
  4831: ffffff;
  4832: ffffff;
  4833: ffffff;
  4834: ffffff;
  4835: e3e3e3;
  4836: b0b0b0;
  4837: 757575;
  4838: 3c3c3c;
  4839: f0f0f;
  4840: 0;
  4841: 0;
  4842: 0;
  4843: 0;
  4844: 0;
  4845: 20202;
  4846: 0;
  4847: 0;
  4848: 0;
  4849: 0;
  4850: 0;
  4851: 1d1d1d;
  4852: 4f4f4f;
  4853: 8a8a8a;
  4854: c3c3c3;
  4855: f0f0f0;
  4856: ffffff;
  4857: ffffff;
  4858: ffffff;
  4859: ffffff;
  4860: ffffff;
  4861: fefefe;
  4862: fefefe;
  4863: fefefe;
  4864: fefefe;
  4865: fefefe;
  4866: fefefe;
  4867: ffffff;
  4868: ffffff;
  4869: ffffff;
  4870: ffffff;
  4871: ffffff;
  4872: ffffff;
  4873: d9d9d9;
  4874: a5a5a5;
  4875: 6f6f6f;
  4876: 414141;
  4877: 262626;
  4878: 1f1f1f;
  4879: 161616;
  4880: c0c0c;
  4881: 30303;
  4882: 0;
  4883: 0;
  4884: 0;
  4885: 0;
  4886: 0;
  4887: 0;
  4888: 0;
  4889: 262626;
  4890: 5a5a5a;
  4891: 909090;
  4892: bfbfbf;
  4893: d9d9d9;
  4894: e0e0e0;
  4895: e9e9e9;
  4896: f3f3f3;
  4897: fcfcfc;
  4898: ffffff;
  4899: ffffff;
  4900: ffffff;
  4901: ffffff;
  4902: ffffff;
  4903: fefefe;
  4904: fefefe;
  4905: fefefe;
  4906: fefefe;
  4907: ffffff;
  4908: ffffff;
  4909: ffffff;
  4910: ffffff;
  4911: ffffff;
  4912: ffffff;
  4913: ffffff;
  4914: ffffff;
  4915: ffffff;
  4916: fefefe;
  4917: fefefe;
  4918: fdfdfd;
  4919: fdfdfd;
  4920: fdfdfd;
  4921: fdfdfd;
  4922: fefefe;
  4923: fefefe;
  4924: ffffff;
  4925: ffffff;
  4926: ffffff;
  4927: ffffff;
  4928: ffffff;
  4929: ffffff;
  4930: ffffff;
  4931: ffffff;
  4932: fefefe;
  4933: fefefe;
  4934: fdfdfd;
  4935: fdfdfd;
  4936: fdfdfd;
  4937: fdfdfd;
  4938: fefefe;
  4939: fefefe;
  4940: ffffff;
  4941: ffffff;
  4942: ffffff;
  4943: ffffff;
  4944: ffffff;
  4945: ffffff;
  4946: ffffff;
  4947: ffffff;
  4948: ffffff;
  4949: fefefe;
  4950: fefefe;
  4951: fefefe;
  4952: fefefe;
  4953: ffffff;
  4954: ffffff;
  4955: ffffff;
  4956: ffffff;
  4957: ffffff;
  4958: fcfcfc;
  4959: f3f3f3;
  4960: e9e9e9;
  4961: e0e0e0;
  4962: d9d9d9;
  4963: bfbfbf;
  4964: 909090;
  4965: 5a5a5a;
  4966: 262626;
  4967: 0;
  4968: 0;
  4969: 0;
  4970: 0;
  4971: 0;
  4972: 0;
  4973: 0;
  4974: 30303;
  4975: c0c0c;
  4976: 161616;
  4977: 1f1f1f;
  4978: 262626;
  4979: 414141;
  4980: 6f6f6f;
  4981: a5a5a5;
  4982: d9d9d9;
  4983: ffffff;
  4984: ffffff;
  4985: ffffff;
  4986: ffffff;
  4987: ffffff;
  4988: ffffff;
  4989: fefefe;
  4990: fefefe;
  4991: fefefe;
  4992: fdfdfd;
  4993: fdfdfd;
  4994: fdfdfd;
  4995: ffffff;
  4996: ffffff;
  4997: ffffff;
  4998: ffffff;
  4999: ffffff;
  5000: ffffff;
  5001: e8e8e8;
  5002: c0c0c0;
  5003: 979797;
  5004: 747474;
  5005: 5e5e5e;
  5006: 4d4d4d;
  5007: 363636;
  5008: 1d1d1d;
  5009: 60606;
  5010: 0;
  5011: 0;
  5012: 0;
  5013: 0;
  5014: 0;
  5015: 0;
  5016: 0;
  5017: 171717;
  5018: 3f3f3f;
  5019: 686868;
  5020: 8c8c8c;
  5021: a1a1a1;
  5022: b2b2b2;
  5023: c9c9c9;
  5024: e2e2e2;
  5025: f9f9f9;
  5026: ffffff;
  5027: ffffff;
  5028: ffffff;
  5029: ffffff;
  5030: ffffff;
  5031: ffffff;
  5032: fefefe;
  5033: fefefe;
  5034: fefefe;
  5035: ffffff;
  5036: ffffff;
  5037: ffffff;
  5038: ffffff;
  5039: ffffff;
  5040: ffffff;
  5041: ffffff;
  5042: ffffff;
  5043: ffffff;
  5044: fefefe;
  5045: fefefe;
  5046: fdfdfd;
  5047: fdfdfd;
  5048: fdfdfd;
  5049: fdfdfd;
  5050: fefefe;
  5051: fefefe;
  5052: ffffff;
  5053: ffffff;
  5054: ffffff;
  5055: ffffff;
  5056: ffffff;
  5057: ffffff;
  5058: ffffff;
  5059: ffffff;
  5060: fefefe;
  5061: fefefe;
  5062: fdfdfd;
  5063: fdfdfd;
  5064: fdfdfd;
  5065: fdfdfd;
  5066: fefefe;
  5067: fefefe;
  5068: ffffff;
  5069: ffffff;
  5070: ffffff;
  5071: ffffff;
  5072: ffffff;
  5073: ffffff;
  5074: ffffff;
  5075: ffffff;
  5076: ffffff;
  5077: fefefe;
  5078: fefefe;
  5079: fefefe;
  5080: ffffff;
  5081: ffffff;
  5082: ffffff;
  5083: ffffff;
  5084: ffffff;
  5085: ffffff;
  5086: f9f9f9;
  5087: e2e2e2;
  5088: c9c9c9;
  5089: b2b2b2;
  5090: a1a1a1;
  5091: 8c8c8c;
  5092: 686868;
  5093: 3f3f3f;
  5094: 171717;
  5095: 0;
  5096: 0;
  5097: 0;
  5098: 0;
  5099: 0;
  5100: 0;
  5101: 0;
  5102: 60606;
  5103: 1d1d1d;
  5104: 363636;
  5105: 4d4d4d;
  5106: 5e5e5e;
  5107: 747474;
  5108: 979797;
  5109: c0c0c0;
  5110: e8e8e8;
  5111: ffffff;
  5112: ffffff;
  5113: ffffff;
  5114: ffffff;
  5115: ffffff;
  5116: ffffff;
  5117: fdfdfd;
  5118: fdfdfd;
  5119: fdfdfd;
  5120: fdfdfd;
  5121: fdfdfd;
  5122: fdfdfd;
  5123: ffffff;
  5124: ffffff;
  5125: ffffff;
  5126: ffffff;
  5127: ffffff;
  5128: ffffff;
  5129: f2f2f2;
  5130: dadada;
  5131: c1c1c1;
  5132: ababab;
  5133: 9c9c9c;
  5134: 808080;
  5135: 5b5b5b;
  5136: 323232;
  5137: c0c0c;
  5138: 0;
  5139: 0;
  5140: 0;
  5141: 0;
  5142: 0;
  5143: 0;
  5144: 0;
  5145: d0d0d;
  5146: 252525;
  5147: 3e3e3e;
  5148: 545454;
  5149: 636363;
  5150: 7f7f7f;
  5151: a4a4a4;
  5152: cdcdcd;
  5153: f3f3f3;
  5154: ffffff;
  5155: ffffff;
  5156: ffffff;
  5157: ffffff;
  5158: ffffff;
  5159: ffffff;
  5160: ffffff;
  5161: ffffff;
  5162: fefefe;
  5163: fefefe;
  5164: fefefe;
  5165: fefefe;
  5166: fefefe;
  5167: fefefe;
  5168: ffffff;
  5169: ffffff;
  5170: ffffff;
  5171: ffffff;
  5172: fefefe;
  5173: fefefe;
  5174: fdfdfd;
  5175: fdfdfd;
  5176: fdfdfd;
  5177: fdfdfd;
  5178: fefefe;
  5179: fefefe;
  5180: ffffff;
  5181: ffffff;
  5182: ffffff;
  5183: ffffff;
  5184: ffffff;
  5185: ffffff;
  5186: ffffff;
  5187: ffffff;
  5188: fefefe;
  5189: fefefe;
  5190: fdfdfd;
  5191: fdfdfd;
  5192: fdfdfd;
  5193: fdfdfd;
  5194: fefefe;
  5195: fefefe;
  5196: ffffff;
  5197: ffffff;
  5198: ffffff;
  5199: ffffff;
  5200: fefefe;
  5201: fefefe;
  5202: fefefe;
  5203: fefefe;
  5204: fefefe;
  5205: fefefe;
  5206: ffffff;
  5207: ffffff;
  5208: ffffff;
  5209: ffffff;
  5210: ffffff;
  5211: ffffff;
  5212: ffffff;
  5213: ffffff;
  5214: f3f3f3;
  5215: cdcdcd;
  5216: a4a4a4;
  5217: 7f7f7f;
  5218: 636363;
  5219: 545454;
  5220: 3e3e3e;
  5221: 252525;
  5222: d0d0d;
  5223: 0;
  5224: 0;
  5225: 0;
  5226: 0;
  5227: 0;
  5228: 0;
  5229: 0;
  5230: c0c0c;
  5231: 323232;
  5232: 5b5b5b;
  5233: 808080;
  5234: 9c9c9c;
  5235: ababab;
  5236: c1c1c1;
  5237: dadada;
  5238: f2f2f2;
  5239: ffffff;
  5240: ffffff;
  5241: ffffff;
  5242: ffffff;
  5243: ffffff;
  5244: ffffff;
  5245: fdfdfd;
  5246: fdfdfd;
  5247: fdfdfd;
  5248: fdfdfd;
  5249: fdfdfd;
  5250: fdfdfd;
  5251: fefefe;
  5252: ffffff;
  5253: ffffff;
  5254: ffffff;
  5255: ffffff;
  5256: ffffff;
  5257: f9f9f9;
  5258: efefef;
  5259: e6e6e6;
  5260: dddddd;
  5261: d5d5d5;
  5262: b0b0b0;
  5263: 7f7f7f;
  5264: 494949;
  5265: 181818;
  5266: 0;
  5267: 0;
  5268: 0;
  5269: 0;
  5270: 0;
  5271: 0;
  5272: 0;
  5273: 60606;
  5274: 101010;
  5275: 191919;
  5276: 222222;
  5277: 2a2a2a;
  5278: 4f4f4f;
  5279: 808080;
  5280: b6b6b6;
  5281: e7e7e7;
  5282: ffffff;
  5283: ffffff;
  5284: ffffff;
  5285: ffffff;
  5286: ffffff;
  5287: ffffff;
  5288: ffffff;
  5289: ffffff;
  5290: fefefe;
  5291: fefefe;
  5292: fefefe;
  5293: fefefe;
  5294: fefefe;
  5295: fefefe;
  5296: ffffff;
  5297: ffffff;
  5298: ffffff;
  5299: ffffff;
  5300: fefefe;
  5301: fefefe;
  5302: fdfdfd;
  5303: fdfdfd;
  5304: fdfdfd;
  5305: fdfdfd;
  5306: fefefe;
  5307: fefefe;
  5308: ffffff;
  5309: ffffff;
  5310: ffffff;
  5311: ffffff;
  5312: ffffff;
  5313: ffffff;
  5314: ffffff;
  5315: ffffff;
  5316: fefefe;
  5317: fefefe;
  5318: fdfdfd;
  5319: fdfdfd;
  5320: fdfdfd;
  5321: fdfdfd;
  5322: fefefe;
  5323: fefefe;
  5324: ffffff;
  5325: ffffff;
  5326: ffffff;
  5327: ffffff;
  5328: fefefe;
  5329: fefefe;
  5330: fefefe;
  5331: fefefe;
  5332: fefefe;
  5333: fefefe;
  5334: ffffff;
  5335: ffffff;
  5336: ffffff;
  5337: ffffff;
  5338: ffffff;
  5339: ffffff;
  5340: ffffff;
  5341: ffffff;
  5342: e7e7e7;
  5343: b6b6b6;
  5344: 808080;
  5345: 4f4f4f;
  5346: 2a2a2a;
  5347: 222222;
  5348: 191919;
  5349: 101010;
  5350: 60606;
  5351: 0;
  5352: 0;
  5353: 0;
  5354: 0;
  5355: 0;
  5356: 0;
  5357: 0;
  5358: 181818;
  5359: 494949;
  5360: 7f7f7f;
  5361: b0b0b0;
  5362: d5d5d5;
  5363: dddddd;
  5364: e6e6e6;
  5365: efefef;
  5366: f9f9f9;
  5367: ffffff;
  5368: ffffff;
  5369: ffffff;
  5370: ffffff;
  5371: ffffff;
  5372: fefefe;
  5373: fdfdfd;
  5374: fdfdfd;
  5375: fdfdfd;
  5376: fdfdfd;
  5377: fdfdfd;
  5378: fdfdfd;
  5379: fdfdfd;
  5380: fefefe;
  5381: fefefe;
  5382: fefefe;
  5383: ffffff;
  5384: ffffff;
  5385: ffffff;
  5386: ffffff;
  5387: ffffff;
  5388: ffffff;
  5389: fbfbfb;
  5390: d3d3d3;
  5391: 9d9d9d;
  5392: 626262;
  5393: 2c2c2c;
  5394: 40404;
  5395: 0;
  5396: 0;
  5397: 0;
  5398: 0;
  5399: 0;
  5400: 0;
  5401: 0;
  5402: 0;
  5403: 0;
  5404: 0;
  5405: 40404;
  5406: 2c2c2c;
  5407: 626262;
  5408: 9d9d9d;
  5409: d3d3d3;
  5410: fbfbfb;
  5411: ffffff;
  5412: ffffff;
  5413: ffffff;
  5414: ffffff;
  5415: ffffff;
  5416: ffffff;
  5417: ffffff;
  5418: fefefe;
  5419: fefefe;
  5420: fefefe;
  5421: fefefe;
  5422: fefefe;
  5423: fefefe;
  5424: ffffff;
  5425: ffffff;
  5426: ffffff;
  5427: ffffff;
  5428: fefefe;
  5429: fefefe;
  5430: fdfdfd;
  5431: fdfdfd;
  5432: fdfdfd;
  5433: fdfdfd;
  5434: fefefe;
  5435: fefefe;
  5436: ffffff;
  5437: ffffff;
  5438: ffffff;
  5439: ffffff;
  5440: ffffff;
  5441: ffffff;
  5442: ffffff;
  5443: ffffff;
  5444: fefefe;
  5445: fefefe;
  5446: fdfdfd;
  5447: fdfdfd;
  5448: fdfdfd;
  5449: fdfdfd;
  5450: fefefe;
  5451: fefefe;
  5452: ffffff;
  5453: ffffff;
  5454: ffffff;
  5455: ffffff;
  5456: fefefe;
  5457: fefefe;
  5458: fefefe;
  5459: fefefe;
  5460: fefefe;
  5461: fefefe;
  5462: ffffff;
  5463: ffffff;
  5464: ffffff;
  5465: ffffff;
  5466: ffffff;
  5467: ffffff;
  5468: ffffff;
  5469: fbfbfb;
  5470: d3d3d3;
  5471: 9d9d9d;
  5472: 626262;
  5473: 2c2c2c;
  5474: 40404;
  5475: 0;
  5476: 0;
  5477: 0;
  5478: 0;
  5479: 0;
  5480: 0;
  5481: 0;
  5482: 0;
  5483: 0;
  5484: 0;
  5485: 40404;
  5486: 2c2c2c;
  5487: 626262;
  5488: 9d9d9d;
  5489: d3d3d3;
  5490: fbfbfb;
  5491: ffffff;
  5492: ffffff;
  5493: ffffff;
  5494: ffffff;
  5495: ffffff;
  5496: ffffff;
  5497: fefefe;
  5498: fefefe;
  5499: fefefe;
  5500: fdfdfd;
  5501: fdfdfd;
  5502: fdfdfd;
  5503: fdfdfd;
  5504: fdfdfd;
  5505: fdfdfd;
  5506: fdfdfd;
  5507: fdfdfd;
  5508: fefefe;
  5509: fefefe;
  5510: fefefe;
  5511: ffffff;
  5512: ffffff;
  5513: ffffff;
  5514: ffffff;
  5515: ffffff;
  5516: ffffff;
  5517: ffffff;
  5518: e7e7e7;
  5519: b6b6b6;
  5520: 808080;
  5521: 4f4f4f;
  5522: 2a2a2a;
  5523: 222222;
  5524: 191919;
  5525: 101010;
  5526: 60606;
  5527: 0;
  5528: 0;
  5529: 0;
  5530: 0;
  5531: 0;
  5532: 0;
  5533: 0;
  5534: 181818;
  5535: 494949;
  5536: 7f7f7f;
  5537: b0b0b0;
  5538: d5d5d5;
  5539: dddddd;
  5540: e6e6e6;
  5541: efefef;
  5542: f9f9f9;
  5543: ffffff;
  5544: ffffff;
  5545: ffffff;
  5546: ffffff;
  5547: ffffff;
  5548: ffffff;
  5549: fefefe;
  5550: fefefe;
  5551: fefefe;
  5552: ffffff;
  5553: ffffff;
  5554: ffffff;
  5555: ffffff;
  5556: fefefe;
  5557: fefefe;
  5558: fdfdfd;
  5559: fdfdfd;
  5560: fdfdfd;
  5561: fdfdfd;
  5562: fefefe;
  5563: fefefe;
  5564: ffffff;
  5565: ffffff;
  5566: ffffff;
  5567: ffffff;
  5568: ffffff;
  5569: ffffff;
  5570: ffffff;
  5571: ffffff;
  5572: fefefe;
  5573: fefefe;
  5574: fdfdfd;
  5575: fdfdfd;
  5576: fdfdfd;
  5577: fdfdfd;
  5578: fefefe;
  5579: fefefe;
  5580: ffffff;
  5581: ffffff;
  5582: ffffff;
  5583: ffffff;
  5584: fefefe;
  5585: fefefe;
  5586: fefefe;
  5587: ffffff;
  5588: ffffff;
  5589: ffffff;
  5590: ffffff;
  5591: ffffff;
  5592: ffffff;
  5593: f9f9f9;
  5594: efefef;
  5595: e6e6e6;
  5596: dddddd;
  5597: d5d5d5;
  5598: b0b0b0;
  5599: 7f7f7f;
  5600: 494949;
  5601: 181818;
  5602: 0;
  5603: 0;
  5604: 0;
  5605: 0;
  5606: 0;
  5607: 0;
  5608: 0;
  5609: 60606;
  5610: 101010;
  5611: 191919;
  5612: 222222;
  5613: 2a2a2a;
  5614: 4f4f4f;
  5615: 808080;
  5616: b6b6b6;
  5617: e7e7e7;
  5618: ffffff;
  5619: ffffff;
  5620: ffffff;
  5621: ffffff;
  5622: ffffff;
  5623: ffffff;
  5624: ffffff;
  5625: fefefe;
  5626: fefefe;
  5627: fefefe;
  5628: fdfdfd;
  5629: fdfdfd;
  5630: fdfdfd;
  5631: fdfdfd;
  5632: fefefe;
  5633: fefefe;
  5634: fefefe;
  5635: fefefe;
  5636: fefefe;
  5637: fefefe;
  5638: fefefe;
  5639: ffffff;
  5640: ffffff;
  5641: ffffff;
  5642: ffffff;
  5643: ffffff;
  5644: ffffff;
  5645: ffffff;
  5646: f3f3f3;
  5647: cdcdcd;
  5648: a4a4a4;
  5649: 7f7f7f;
  5650: 636363;
  5651: 545454;
  5652: 3e3e3e;
  5653: 262626;
  5654: d0d0d;
  5655: 0;
  5656: 0;
  5657: 0;
  5658: 0;
  5659: 0;
  5660: 0;
  5661: 0;
  5662: c0c0c;
  5663: 323232;
  5664: 5b5b5b;
  5665: 808080;
  5666: 9c9c9c;
  5667: ababab;
  5668: c1c1c1;
  5669: d9d9d9;
  5670: f2f2f2;
  5671: ffffff;
  5672: ffffff;
  5673: ffffff;
  5674: ffffff;
  5675: ffffff;
  5676: ffffff;
  5677: fefefe;
  5678: fefefe;
  5679: fefefe;
  5680: ffffff;
  5681: ffffff;
  5682: ffffff;
  5683: ffffff;
  5684: fefefe;
  5685: fefefe;
  5686: fefefe;
  5687: fefefe;
  5688: fefefe;
  5689: fefefe;
  5690: fefefe;
  5691: fefefe;
  5692: ffffff;
  5693: ffffff;
  5694: ffffff;
  5695: ffffff;
  5696: ffffff;
  5697: ffffff;
  5698: ffffff;
  5699: ffffff;
  5700: fefefe;
  5701: fefefe;
  5702: fefefe;
  5703: fefefe;
  5704: fefefe;
  5705: fefefe;
  5706: fefefe;
  5707: fefefe;
  5708: ffffff;
  5709: ffffff;
  5710: ffffff;
  5711: ffffff;
  5712: fefefe;
  5713: fefefe;
  5714: fefefe;
  5715: ffffff;
  5716: ffffff;
  5717: ffffff;
  5718: ffffff;
  5719: ffffff;
  5720: ffffff;
  5721: f2f2f2;
  5722: d9d9d9;
  5723: c1c1c1;
  5724: ababab;
  5725: 9c9c9c;
  5726: 808080;
  5727: 5b5b5b;
  5728: 323232;
  5729: c0c0c;
  5730: 0;
  5731: 0;
  5732: 0;
  5733: 0;
  5734: 0;
  5735: 0;
  5736: 0;
  5737: d0d0d;
  5738: 262626;
  5739: 3e3e3e;
  5740: 545454;
  5741: 636363;
  5742: 7f7f7f;
  5743: a4a4a4;
  5744: cdcdcd;
  5745: f3f3f3;
  5746: ffffff;
  5747: ffffff;
  5748: ffffff;
  5749: ffffff;
  5750: ffffff;
  5751: ffffff;
  5752: ffffff;
  5753: fefefe;
  5754: fefefe;
  5755: fefefe;
  5756: fefefe;
  5757: fefefe;
  5758: fefefe;
  5759: fefefe;
  5760: fefefe;
  5761: fefefe;
  5762: fefefe;
  5763: fefefe;
  5764: ffffff;
  5765: fefefe;
  5766: fefefe;
  5767: fefefe;
  5768: ffffff;
  5769: ffffff;
  5770: ffffff;
  5771: ffffff;
  5772: ffffff;
  5773: ffffff;
  5774: f9f9f9;
  5775: e2e2e2;
  5776: c9c9c9;
  5777: b2b2b2;
  5778: a1a1a1;
  5779: 8c8c8c;
  5780: 686868;
  5781: 404040;
  5782: 171717;
  5783: 0;
  5784: 0;
  5785: 0;
  5786: 0;
  5787: 0;
  5788: 0;
  5789: 0;
  5790: 60606;
  5791: 1d1d1d;
  5792: 363636;
  5793: 4d4d4d;
  5794: 5e5e5e;
  5795: 737373;
  5796: 979797;
  5797: bfbfbf;
  5798: e8e8e8;
  5799: ffffff;
  5800: ffffff;
  5801: ffffff;
  5802: ffffff;
  5803: ffffff;
  5804: ffffff;
  5805: ffffff;
  5806: ffffff;
  5807: ffffff;
  5808: ffffff;
  5809: ffffff;
  5810: ffffff;
  5811: ffffff;
  5812: ffffff;
  5813: ffffff;
  5814: fefefe;
  5815: fefefe;
  5816: fefefe;
  5817: fefefe;
  5818: ffffff;
  5819: fefefe;
  5820: fefefe;
  5821: fefefe;
  5822: fefefe;
  5823: fefefe;
  5824: fefefe;
  5825: fefefe;
  5826: fefefe;
  5827: fefefe;
  5828: fefefe;
  5829: ffffff;
  5830: fefefe;
  5831: fefefe;
  5832: fefefe;
  5833: fefefe;
  5834: ffffff;
  5835: ffffff;
  5836: ffffff;
  5837: ffffff;
  5838: ffffff;
  5839: ffffff;
  5840: ffffff;
  5841: ffffff;
  5842: ffffff;
  5843: ffffff;
  5844: ffffff;
  5845: ffffff;
  5846: ffffff;
  5847: ffffff;
  5848: ffffff;
  5849: e8e8e8;
  5850: bfbfbf;
  5851: 979797;
  5852: 737373;
  5853: 5e5e5e;
  5854: 4d4d4d;
  5855: 363636;
  5856: 1d1d1d;
  5857: 60606;
  5858: 0;
  5859: 0;
  5860: 0;
  5861: 0;
  5862: 0;
  5863: 0;
  5864: 0;
  5865: 171717;
  5866: 404040;
  5867: 686868;
  5868: 8c8c8c;
  5869: a1a1a1;
  5870: b2b2b2;
  5871: c9c9c9;
  5872: e2e2e2;
  5873: f9f9f9;
  5874: ffffff;
  5875: ffffff;
  5876: ffffff;
  5877: ffffff;
  5878: ffffff;
  5879: ffffff;
  5880: fefefe;
  5881: fefefe;
  5882: fefefe;
  5883: ffffff;
  5884: fefefe;
  5885: fefefe;
  5886: fefefe;
  5887: fefefe;
  5888: ffffff;
  5889: ffffff;
  5890: ffffff;
  5891: ffffff;
  5892: ffffff;
  5893: fefefe;
  5894: fefefe;
  5895: fefefe;
  5896: fefefe;
  5897: ffffff;
  5898: ffffff;
  5899: ffffff;
  5900: ffffff;
  5901: ffffff;
  5902: fcfcfc;
  5903: f3f3f3;
  5904: e9e9e9;
  5905: e0e0e0;
  5906: d9d9d9;
  5907: bfbfbf;
  5908: 909090;
  5909: 5b5b5b;
  5910: 262626;
  5911: 0;
  5912: 0;
  5913: 0;
  5914: 0;
  5915: 0;
  5916: 0;
  5917: 0;
  5918: 30303;
  5919: c0c0c;
  5920: 161616;
  5921: 1f1f1f;
  5922: 262626;
  5923: 404040;
  5924: 6f6f6f;
  5925: a4a4a4;
  5926: d9d9d9;
  5927: ffffff;
  5928: ffffff;
  5929: ffffff;
  5930: ffffff;
  5931: ffffff;
  5932: ffffff;
  5933: ffffff;
  5934: ffffff;
  5935: ffffff;
  5936: ffffff;
  5937: ffffff;
  5938: ffffff;
  5939: ffffff;
  5940: ffffff;
  5941: ffffff;
  5942: ffffff;
  5943: ffffff;
  5944: ffffff;
  5945: ffffff;
  5946: ffffff;
  5947: fefefe;
  5948: fefefe;
  5949: fefefe;
  5950: fefefe;
  5951: fefefe;
  5952: fefefe;
  5953: fefefe;
  5954: fefefe;
  5955: fefefe;
  5956: fefefe;
  5957: ffffff;
  5958: ffffff;
  5959: ffffff;
  5960: ffffff;
  5961: ffffff;
  5962: ffffff;
  5963: ffffff;
  5964: ffffff;
  5965: ffffff;
  5966: ffffff;
  5967: ffffff;
  5968: ffffff;
  5969: ffffff;
  5970: ffffff;
  5971: ffffff;
  5972: ffffff;
  5973: ffffff;
  5974: ffffff;
  5975: ffffff;
  5976: ffffff;
  5977: d9d9d9;
  5978: a4a4a4;
  5979: 6f6f6f;
  5980: 404040;
  5981: 262626;
  5982: 1f1f1f;
  5983: 161616;
  5984: c0c0c;
  5985: 30303;
  5986: 0;
  5987: 0;
  5988: 0;
  5989: 0;
  5990: 0;
  5991: 0;
  5992: 0;
  5993: 262626;
  5994: 5b5b5b;
  5995: 909090;
  5996: bfbfbf;
  5997: d9d9d9;
  5998: e0e0e0;
  5999: e9e9e9;
  6000: f3f3f3;
  6001: fcfcfc;
  6002: ffffff;
  6003: ffffff;
  6004: ffffff;
  6005: ffffff;
  6006: ffffff;
  6007: fefefe;
  6008: fefefe;
  6009: fefefe;
  6010: fefefe;
  6011: ffffff;
  6012: ffffff;
  6013: ffffff;
  6014: ffffff;
  6015: ffffff;
  6016: ffffff;
  6017: ffffff;
  6018: ffffff;
  6019: ffffff;
  6020: ffffff;
  6021: fefefe;
  6022: fefefe;
  6023: fefefe;
  6024: fefefe;
  6025: fefefe;
  6026: fefefe;
  6027: fefefe;
  6028: fefefe;
  6029: fefefe;
  6030: ffffff;
  6031: ffffff;
  6032: ffffff;
  6033: ffffff;
  6034: ffffff;
  6035: e3e3e3;
  6036: b0b0b0;
  6037: 767676;
  6038: 3c3c3c;
  6039: f0f0f;
  6040: 0;
  6041: 0;
  6042: 0;
  6043: 0;
  6044: 0;
  6045: 0;
  6046: 0;
  6047: 0;
  6048: 0;
  6049: 0;
  6050: 0;
  6051: 1c1c1c;
  6052: 4f4f4f;
  6053: 898989;
  6054: c3c3c3;
  6055: f0f0f0;
  6056: ffffff;
  6057: ffffff;
  6058: ffffff;
  6059: ffffff;
  6060: ffffff;
  6061: ffffff;
  6062: ffffff;
  6063: ffffff;
  6064: ffffff;
  6065: ffffff;
  6066: ffffff;
  6067: ffffff;
  6068: ffffff;
  6069: ffffff;
  6070: ffffff;
  6071: ffffff;
  6072: ffffff;
  6073: ffffff;
  6074: ffffff;
  6075: fefefe;
  6076: fefefe;
  6077: fefefe;
  6078: fefefe;
  6079: fefefe;
  6080: fefefe;
  6081: fefefe;
  6082: fefefe;
  6083: fefefe;
  6084: fefefe;
  6085: ffffff;
  6086: ffffff;
  6087: ffffff;
  6088: ffffff;
  6089: ffffff;
  6090: ffffff;
  6091: ffffff;
  6092: ffffff;
  6093: ffffff;
  6094: ffffff;
  6095: ffffff;
  6096: ffffff;
  6097: ffffff;
  6098: ffffff;
  6099: ffffff;
  6100: ffffff;
  6101: ffffff;
  6102: ffffff;
  6103: ffffff;
  6104: f0f0f0;
  6105: c3c3c3;
  6106: 898989;
  6107: 4f4f4f;
  6108: 1c1c1c;
  6109: 0;
  6110: 0;
  6111: 0;
  6112: 0;
  6113: 0;
  6114: 0;
  6115: 0;
  6116: 0;
  6117: 0;
  6118: 0;
  6119: 0;
  6120: f0f0f;
  6121: 3c3c3c;
  6122: 767676;
  6123: b0b0b0;
  6124: e3e3e3;
  6125: ffffff;
  6126: ffffff;
  6127: ffffff;
  6128: ffffff;
  6129: ffffff;
  6130: fefefe;
  6131: fefefe;
  6132: fefefe;
  6133: fefefe;
  6134: fefefe;
  6135: fefefe;
  6136: fefefe;
  6137: fefefe;
  6138: fefefe;
  6139: ffffff;
  6140: ffffff;
  6141: ffffff;
  6142: ffffff;
  6143: ffffff;
  6144: ffffff;
  6145: ffffff;
  6146: ffffff;
  6147: ffffff;
  6148: ffffff;
  6149: fefefe;
  6150: fefefe;
  6151: fefefe;
  6152: fefefe;
  6153: fefefe;
  6154: fefefe;
  6155: fefefe;
  6156: fefefe;
  6157: fefefe;
  6158: ffffff;
  6159: ffffff;
  6160: ffffff;
  6161: ffffff;
  6162: ffffff;
  6163: f6f6f6;
  6164: c7c7c7;
  6165: 929292;
  6166: 5d5d5d;
  6167: 343434;
  6168: 242424;
  6169: 1d1d1d;
  6170: 131313;
  6171: 90909;
  6172: 10101;
  6173: 0;
  6174: 0;
  6175: 0;
  6176: 0;
  6177: 0;
  6178: 0;
  6179: 90909;
  6180: 383838;
  6181: 6d6d6d;
  6182: a2a2a2;
  6183: cbcbcb;
  6184: dbdbdb;
  6185: e2e2e2;
  6186: ececec;
  6187: f6f6f6;
  6188: fefefe;
  6189: ffffff;
  6190: ffffff;
  6191: ffffff;
  6192: ffffff;
  6193: ffffff;
  6194: ffffff;
  6195: ffffff;
  6196: ffffff;
  6197: ffffff;
  6198: ffffff;
  6199: ffffff;
  6200: ffffff;
  6201: ffffff;
  6202: ffffff;
  6203: fefefe;
  6204: fefefe;
  6205: fefefe;
  6206: fefefe;
  6207: fefefe;
  6208: fefefe;
  6209: fefefe;
  6210: fefefe;
  6211: fefefe;
  6212: fefefe;
  6213: ffffff;
  6214: ffffff;
  6215: ffffff;
  6216: ffffff;
  6217: ffffff;
  6218: ffffff;
  6219: ffffff;
  6220: ffffff;
  6221: ffffff;
  6222: ffffff;
  6223: ffffff;
  6224: ffffff;
  6225: ffffff;
  6226: ffffff;
  6227: fefefe;
  6228: f6f6f6;
  6229: ececec;
  6230: e2e2e2;
  6231: dbdbdb;
  6232: cbcbcb;
  6233: a2a2a2;
  6234: 6d6d6d;
  6235: 383838;
  6236: 90909;
  6237: 0;
  6238: 0;
  6239: 0;
  6240: 0;
  6241: 0;
  6242: 0;
  6243: 10101;
  6244: 90909;
  6245: 131313;
  6246: 1d1d1d;
  6247: 242424;
  6248: 343434;
  6249: 5d5d5d;
  6250: 929292;
  6251: c7c7c7;
  6252: f6f6f6;
  6253: ffffff;
  6254: ffffff;
  6255: ffffff;
  6256: ffffff;
  6257: ffffff;
  6258: fefefe;
  6259: fefefe;
  6260: fefefe;
  6261: fefefe;
  6262: fefefe;
  6263: fefefe;
  6264: fefefe;
  6265: fefefe;
  6266: fefefe;
  6267: ffffff;
  6268: ffffff;
  6269: ffffff;
  6270: ffffff;
  6271: ffffff;
  6272: ffffff;
  6273: ffffff;
  6274: ffffff;
  6275: ffffff;
  6276: ffffff;
  6277: fefefe;
  6278: fefefe;
  6279: fefefe;
  6280: fefefe;
  6281: fefefe;
  6282: fefefe;
  6283: fefefe;
  6284: fefefe;
  6285: ffffff;
  6286: ffffff;
  6287: ffffff;
  6288: ffffff;
  6289: ffffff;
  6290: ffffff;
  6291: fefefe;
  6292: dadada;
  6293: b2b2b2;
  6294: 8a8a8a;
  6295: 6a6a6a;
  6296: 5a5a5a;
  6297: 464646;
  6298: 2e2e2e;
  6299: 161616;
  6300: 0;
  6301: 0;
  6302: 0;
  6303: 0;
  6304: 0;
  6305: 0;
  6306: 0;
  6307: 10101;
  6308: 252525;
  6309: 4d4d4d;
  6310: 757575;
  6311: 959595;
  6312: a6a6a6;
  6313: b9b9b9;
  6314: d1d1d1;
  6315: eaeaea;
  6316: ffffff;
  6317: ffffff;
  6318: ffffff;
  6319: ffffff;
  6320: ffffff;
  6321: ffffff;
  6322: ffffff;
  6323: ffffff;
  6324: ffffff;
  6325: ffffff;
  6326: ffffff;
  6327: ffffff;
  6328: ffffff;
  6329: ffffff;
  6330: ffffff;
  6331: fefefe;
  6332: fefefe;
  6333: fefefe;
  6334: fefefe;
  6335: fefefe;
  6336: fefefe;
  6337: fefefe;
  6338: fefefe;
  6339: fefefe;
  6340: fefefe;
  6341: ffffff;
  6342: ffffff;
  6343: ffffff;
  6344: ffffff;
  6345: ffffff;
  6346: ffffff;
  6347: ffffff;
  6348: ffffff;
  6349: ffffff;
  6350: ffffff;
  6351: ffffff;
  6352: ffffff;
  6353: ffffff;
  6354: ffffff;
  6355: ffffff;
  6356: eaeaea;
  6357: d1d1d1;
  6358: b9b9b9;
  6359: a6a6a6;
  6360: 959595;
  6361: 757575;
  6362: 4d4d4d;
  6363: 252525;
  6364: 10101;
  6365: 0;
  6366: 0;
  6367: 0;
  6368: 0;
  6369: 0;
  6370: 0;
  6371: 0;
  6372: 161616;
  6373: 2e2e2e;
  6374: 464646;
  6375: 5a5a5a;
  6376: 6a6a6a;
  6377: 8a8a8a;
  6378: b2b2b2;
  6379: dadada;
  6380: fefefe;
  6381: ffffff;
  6382: ffffff;
  6383: ffffff;
  6384: ffffff;
  6385: ffffff;
  6386: ffffff;
  6387: fefefe;
  6388: fefefe;
  6389: fefefe;
  6390: fefefe;
  6391: fefefe;
  6392: fefefe;
  6393: fefefe;
  6394: fefefe;
  6395: ffffff;
  6396: ffffff;
  6397: ffffff;
  6398: ffffff;
  6399: ffffff;
  6400: ffffff;
  6401: ffffff;
  6402: ffffff;
  6403: ffffff;
  6404: ffffff;
  6405: ffffff;
  6406: ffffff;
  6407: ffffff;
  6408: ffffff;
  6409: ffffff;
  6410: ffffff;
  6411: ffffff;
  6412: ffffff;
  6413: ffffff;
  6414: ffffff;
  6415: ffffff;
  6416: ffffff;
  6417: ffffff;
  6418: ffffff;
  6419: ffffff;
  6420: eaeaea;
  6421: d1d1d1;
  6422: b9b9b9;
  6423: a6a6a6;
  6424: 959595;
  6425: 757575;
  6426: 4e4e4e;
  6427: 252525;
  6428: 20202;
  6429: 0;
  6430: 0;
  6431: 0;
  6432: 0;
  6433: 0;
  6434: 0;
  6435: 0;
  6436: 151515;
  6437: 2e2e2e;
  6438: 464646;
  6439: 5a5a5a;
  6440: 6b6b6b;
  6441: 8a8a8a;
  6442: b2b2b2;
  6443: dbdbdb;
  6444: fefefe;
  6445: ffffff;
  6446: ffffff;
  6447: ffffff;
  6448: ffffff;
  6449: ffffff;
  6450: ffffff;
  6451: ffffff;
  6452: ffffff;
  6453: fefefe;
  6454: fefefe;
  6455: fefefe;
  6456: fefefe;
  6457: fefefe;
  6458: fefefe;
  6459: ffffff;
  6460: ffffff;
  6461: ffffff;
  6462: ffffff;
  6463: ffffff;
  6464: ffffff;
  6465: ffffff;
  6466: ffffff;
  6467: ffffff;
  6468: ffffff;
  6469: fefefe;
  6470: fefefe;
  6471: fefefe;
  6472: fefefe;
  6473: fefefe;
  6474: fefefe;
  6475: ffffff;
  6476: ffffff;
  6477: ffffff;
  6478: ffffff;
  6479: ffffff;
  6480: ffffff;
  6481: ffffff;
  6482: ffffff;
  6483: fefefe;
  6484: dbdbdb;
  6485: b2b2b2;
  6486: 8a8a8a;
  6487: 6b6b6b;
  6488: 5a5a5a;
  6489: 464646;
  6490: 2e2e2e;
  6491: 151515;
  6492: 0;
  6493: 0;
  6494: 0;
  6495: 0;
  6496: 0;
  6497: 0;
  6498: 0;
  6499: 20202;
  6500: 252525;
  6501: 4e4e4e;
  6502: 757575;
  6503: 959595;
  6504: a6a6a6;
  6505: b9b9b9;
  6506: d1d1d1;
  6507: eaeaea;
  6508: ffffff;
  6509: ffffff;
  6510: ffffff;
  6511: ffffff;
  6512: ffffff;
  6513: ffffff;
  6514: ffffff;
  6515: ffffff;
  6516: ffffff;
  6517: ffffff;
  6518: ffffff;
  6519: ffffff;
  6520: ffffff;
  6521: ffffff;
  6522: ffffff;
  6523: ffffff;
  6524: ffffff;
  6525: ffffff;
  6526: ffffff;
  6527: ffffff;
  6528: ffffff;
  6529: ffffff;
  6530: ffffff;
  6531: ffffff;
  6532: ffffff;
  6533: ffffff;
  6534: ffffff;
  6535: ffffff;
  6536: ffffff;
  6537: ffffff;
  6538: ffffff;
  6539: ffffff;
  6540: ffffff;
  6541: ffffff;
  6542: ffffff;
  6543: ffffff;
  6544: ffffff;
  6545: ffffff;
  6546: ffffff;
  6547: fefefe;
  6548: f6f6f6;
  6549: ececec;
  6550: e2e2e2;
  6551: dbdbdb;
  6552: cbcbcb;
  6553: a2a2a2;
  6554: 6e6e6e;
  6555: 393939;
  6556: a0a0a;
  6557: 0;
  6558: 0;
  6559: 0;
  6560: 0;
  6561: 0;
  6562: 0;
  6563: 10101;
  6564: 90909;
  6565: 131313;
  6566: 1d1d1d;
  6567: 242424;
  6568: 353535;
  6569: 5e5e5e;
  6570: 929292;
  6571: c8c8c8;
  6572: f6f6f6;
  6573: ffffff;
  6574: ffffff;
  6575: ffffff;
  6576: ffffff;
  6577: ffffff;
  6578: ffffff;
  6579: ffffff;
  6580: ffffff;
  6581: fefefe;
  6582: fefefe;
  6583: fefefe;
  6584: fefefe;
  6585: fefefe;
  6586: fefefe;
  6587: ffffff;
  6588: ffffff;
  6589: ffffff;
  6590: ffffff;
  6591: ffffff;
  6592: ffffff;
  6593: ffffff;
  6594: ffffff;
  6595: ffffff;
  6596: ffffff;
  6597: fefefe;
  6598: fefefe;
  6599: fefefe;
  6600: fefefe;
  6601: fefefe;
  6602: fefefe;
  6603: ffffff;
  6604: ffffff;
  6605: ffffff;
  6606: ffffff;
  6607: ffffff;
  6608: ffffff;
  6609: ffffff;
  6610: ffffff;
  6611: f6f6f6;
  6612: c8c8c8;
  6613: 929292;
  6614: 5e5e5e;
  6615: 353535;
  6616: 242424;
  6617: 1d1d1d;
  6618: 131313;
  6619: 90909;
  6620: 10101;
  6621: 0;
  6622: 0;
  6623: 0;
  6624: 0;
  6625: 0;
  6626: 0;
  6627: a0a0a;
  6628: 393939;
  6629: 6e6e6e;
  6630: a2a2a2;
  6631: cbcbcb;
  6632: dbdbdb;
  6633: e2e2e2;
  6634: ececec;
  6635: f6f6f6;
  6636: fefefe;
  6637: ffffff;
  6638: ffffff;
  6639: ffffff;
  6640: ffffff;
  6641: ffffff;
  6642: ffffff;
  6643: ffffff;
  6644: ffffff;
  6645: ffffff;
  6646: ffffff;
  6647: ffffff;
  6648: ffffff;
  6649: ffffff;
  6650: ffffff;
  6651: ffffff;
  6652: ffffff;
  6653: ffffff;
  6654: ffffff;
  6655: ffffff;
  6656: ffffff;
  6657: ffffff;
  6658: ffffff;
  6659: ffffff;
  6660: ffffff;
  6661: ffffff;
  6662: ffffff;
  6663: ffffff;
  6664: ffffff;
  6665: ffffff;
  6666: ffffff;
  6667: ffffff;
  6668: ffffff;
  6669: ffffff;
  6670: fefefe;
  6671: fefefe;
  6672: fdfdfd;
  6673: fcfcfc;
  6674: fcfcfc;
  6675: ffffff;
  6676: ffffff;
  6677: ffffff;
  6678: ffffff;
  6679: ffffff;
  6680: f0f0f0;
  6681: c3c3c3;
  6682: 8a8a8a;
  6683: 505050;
  6684: 1d1d1d;
  6685: 0;
  6686: 0;
  6687: 0;
  6688: 0;
  6689: 0;
  6690: 0;
  6691: 0;
  6692: 0;
  6693: 0;
  6694: 0;
  6695: 0;
  6696: 101010;
  6697: 3d3d3d;
  6698: 767676;
  6699: b1b1b1;
  6700: e3e3e3;
  6701: ffffff;
  6702: ffffff;
  6703: ffffff;
  6704: ffffff;
  6705: ffffff;
  6706: ffffff;
  6707: ffffff;
  6708: ffffff;
  6709: fefefe;
  6710: fefefe;
  6711: fefefe;
  6712: fefefe;
  6713: fefefe;
  6714: fefefe;
  6715: ffffff;
  6716: ffffff;
  6717: ffffff;
  6718: ffffff;
  6719: ffffff;
  6720: ffffff;
  6721: ffffff;
  6722: ffffff;
  6723: ffffff;
  6724: ffffff;
  6725: fefefe;
  6726: fefefe;
  6727: fefefe;
  6728: fefefe;
  6729: fefefe;
  6730: fefefe;
  6731: ffffff;
  6732: ffffff;
  6733: ffffff;
  6734: ffffff;
  6735: ffffff;
  6736: ffffff;
  6737: ffffff;
  6738: ffffff;
  6739: e3e3e3;
  6740: b1b1b1;
  6741: 767676;
  6742: 3d3d3d;
  6743: 101010;
  6744: 0;
  6745: 0;
  6746: 0;
  6747: 0;
  6748: 0;
  6749: 0;
  6750: 0;
  6751: 0;
  6752: 0;
  6753: 0;
  6754: 0;
  6755: 1d1d1d;
  6756: 505050;
  6757: 8a8a8a;
  6758: c3c3c3;
  6759: f0f0f0;
  6760: ffffff;
  6761: ffffff;
  6762: ffffff;
  6763: ffffff;
  6764: ffffff;
  6765: fcfcfc;
  6766: fcfcfc;
  6767: fdfdfd;
  6768: fefefe;
  6769: fefefe;
  6770: ffffff;
  6771: ffffff;
  6772: ffffff;
  6773: ffffff;
  6774: ffffff;
  6775: ffffff;
  6776: ffffff;
  6777: ffffff;
  6778: ffffff;
  6779: ffffff;
  6780: ffffff;
  6781: ffffff;
  6782: ffffff;
  6783: ffffff;
  6784: ffffff;
  6785: ffffff;
  6786: ffffff;
  6787: ffffff;
  6788: ffffff;
  6789: ffffff;
  6790: ffffff;
  6791: ffffff;
  6792: ffffff;
  6793: ffffff;
  6794: ffffff;
  6795: ffffff;
  6796: ffffff;
  6797: ffffff;
  6798: fefefe;
  6799: fefefe;
  6800: fdfdfd;
  6801: fcfcfc;
  6802: fcfcfc;
  6803: ffffff;
  6804: ffffff;
  6805: ffffff;
  6806: ffffff;
  6807: ffffff;
  6808: ffffff;
  6809: d9d9d9;
  6810: a5a5a5;
  6811: 707070;
  6812: 414141;
  6813: 262626;
  6814: 202020;
  6815: 161616;
  6816: d0d0d;
  6817: 30303;
  6818: 0;
  6819: 0;
  6820: 0;
  6821: 0;
  6822: 0;
  6823: 0;
  6824: 0;
  6825: 272727;
  6826: 5b5b5b;
  6827: 919191;
  6828: bfbfbf;
  6829: d9d9d9;
  6830: dfdfdf;
  6831: e9e9e9;
  6832: f2f2f2;
  6833: fcfcfc;
  6834: ffffff;
  6835: ffffff;
  6836: ffffff;
  6837: ffffff;
  6838: ffffff;
  6839: fefefe;
  6840: fefefe;
  6841: fefefe;
  6842: fefefe;
  6843: ffffff;
  6844: ffffff;
  6845: ffffff;
  6846: ffffff;
  6847: ffffff;
  6848: ffffff;
  6849: ffffff;
  6850: ffffff;
  6851: ffffff;
  6852: ffffff;
  6853: fefefe;
  6854: fefefe;
  6855: fefefe;
  6856: fefefe;
  6857: ffffff;
  6858: ffffff;
  6859: ffffff;
  6860: ffffff;
  6861: ffffff;
  6862: fcfcfc;
  6863: f2f2f2;
  6864: e9e9e9;
  6865: dfdfdf;
  6866: d9d9d9;
  6867: bfbfbf;
  6868: 919191;
  6869: 5b5b5b;
  6870: 272727;
  6871: 0;
  6872: 0;
  6873: 0;
  6874: 0;
  6875: 0;
  6876: 0;
  6877: 0;
  6878: 30303;
  6879: d0d0d;
  6880: 161616;
  6881: 202020;
  6882: 262626;
  6883: 414141;
  6884: 707070;
  6885: a5a5a5;
  6886: d9d9d9;
  6887: ffffff;
  6888: ffffff;
  6889: ffffff;
  6890: ffffff;
  6891: ffffff;
  6892: ffffff;
  6893: fcfcfc;
  6894: fcfcfc;
  6895: fdfdfd;
  6896: fefefe;
  6897: fefefe;
  6898: ffffff;
  6899: ffffff;
  6900: ffffff;
  6901: ffffff;
  6902: ffffff;
  6903: ffffff;
  6904: ffffff;
  6905: ffffff;
  6906: ffffff;
  6907: ffffff;
  6908: ffffff;
  6909: ffffff;
  6910: ffffff;
  6911: ffffff;
  6912: ffffff;
  6913: ffffff;
  6914: ffffff;
  6915: ffffff;
  6916: ffffff;
  6917: ffffff;
  6918: ffffff;
  6919: ffffff;
  6920: ffffff;
  6921: ffffff;
  6922: ffffff;
  6923: ffffff;
  6924: ffffff;
  6925: ffffff;
  6926: fefefe;
  6927: fefefe;
  6928: fdfdfd;
  6929: fdfdfd;
  6930: fcfcfc;
  6931: ffffff;
  6932: ffffff;
  6933: ffffff;
  6934: ffffff;
  6935: ffffff;
  6936: ffffff;
  6937: e8e8e8;
  6938: c0c0c0;
  6939: 989898;
  6940: 747474;
  6941: 5e5e5e;
  6942: 4e4e4e;
  6943: 373737;
  6944: 1e1e1e;
  6945: 70707;
  6946: 0;
  6947: 0;
  6948: 0;
  6949: 0;
  6950: 0;
  6951: 0;
  6952: 0;
  6953: 181818;
  6954: 404040;
  6955: 696969;
  6956: 8c8c8c;
  6957: a1a1a1;
  6958: b1b1b1;
  6959: c8c8c8;
  6960: e1e1e1;
  6961: f8f8f8;
  6962: ffffff;
  6963: ffffff;
  6964: ffffff;
  6965: ffffff;
  6966: ffffff;
  6967: ffffff;
  6968: fefefe;
  6969: fefefe;
  6970: fefefe;
  6971: ffffff;
  6972: ffffff;
  6973: ffffff;
  6974: ffffff;
  6975: ffffff;
  6976: ffffff;
  6977: ffffff;
  6978: ffffff;
  6979: ffffff;
  6980: ffffff;
  6981: fefefe;
  6982: fefefe;
  6983: fefefe;
  6984: ffffff;
  6985: ffffff;
  6986: ffffff;
  6987: ffffff;
  6988: ffffff;
  6989: ffffff;
  6990: f8f8f8;
  6991: e1e1e1;
  6992: c8c8c8;
  6993: b1b1b1;
  6994: a1a1a1;
  6995: 8c8c8c;
  6996: 696969;
  6997: 404040;
  6998: 181818;
  6999: 0;
  7000: 0;
  7001: 0;
  7002: 0;
  7003: 0;
  7004: 0;
  7005: 0;
  7006: 70707;
  7007: 1e1e1e;
  7008: 373737;
  7009: 4e4e4e;
  7010: 5e5e5e;
  7011: 747474;
  7012: 989898;
  7013: c0c0c0;
  7014: e8e8e8;
  7015: ffffff;
  7016: ffffff;
  7017: ffffff;
  7018: ffffff;
  7019: ffffff;
  7020: ffffff;
  7021: fcfcfc;
  7022: fdfdfd;
  7023: fdfdfd;
  7024: fefefe;
  7025: fefefe;
  7026: ffffff;
  7027: ffffff;
  7028: ffffff;
  7029: ffffff;
  7030: ffffff;
  7031: ffffff;
  7032: ffffff;
  7033: ffffff;
  7034: ffffff;
  7035: ffffff;
  7036: ffffff;
  7037: ffffff;
  7038: ffffff;
  7039: ffffff;
  7040: ffffff;
  7041: ffffff;
  7042: ffffff;
  7043: ffffff;
  7044: ffffff;
  7045: ffffff;
  7046: ffffff;
  7047: ffffff;
  7048: ffffff;
  7049: ffffff;
  7050: ffffff;
  7051: ffffff;
  7052: ffffff;
  7053: ffffff;
  7054: ffffff;
  7055: ffffff;
  7056: fefefe;
  7057: fdfdfd;
  7058: fdfdfd;
  7059: ffffff;
  7060: ffffff;
  7061: ffffff;
  7062: ffffff;
  7063: ffffff;
  7064: ffffff;
  7065: f2f2f2;
  7066: dadada;
  7067: c1c1c1;
  7068: ababab;
  7069: 9c9c9c;
  7070: 818181;
  7071: 5c5c5c;
  7072: 333333;
  7073: d0d0d;
  7074: 0;
  7075: 0;
  7076: 0;
  7077: 0;
  7078: 0;
  7079: 0;
  7080: 0;
  7081: e0e0e;
  7082: 262626;
  7083: 3f3f3f;
  7084: 545454;
  7085: 636363;
  7086: 7e7e7e;
  7087: a3a3a3;
  7088: cccccc;
  7089: f2f2f2;
  7090: ffffff;
  7091: ffffff;
  7092: ffffff;
  7093: ffffff;
  7094: ffffff;
  7095: ffffff;
  7096: ffffff;
  7097: ffffff;
  7098: ffffff;
  7099: ffffff;
  7100: ffffff;
  7101: ffffff;
  7102: ffffff;
  7103: ffffff;
  7104: ffffff;
  7105: ffffff;
  7106: ffffff;
  7107: ffffff;
  7108: ffffff;
  7109: ffffff;
  7110: ffffff;
  7111: ffffff;
  7112: ffffff;
  7113: ffffff;
  7114: ffffff;
  7115: ffffff;
  7116: ffffff;
  7117: ffffff;
  7118: f2f2f2;
  7119: cccccc;
  7120: a3a3a3;
  7121: 7e7e7e;
  7122: 636363;
  7123: 545454;
  7124: 3f3f3f;
  7125: 262626;
  7126: e0e0e;
  7127: 0;
  7128: 0;
  7129: 0;
  7130: 0;
  7131: 0;
  7132: 0;
  7133: 0;
  7134: d0d0d;
  7135: 333333;
  7136: 5c5c5c;
  7137: 818181;
  7138: 9c9c9c;
  7139: ababab;
  7140: c1c1c1;
  7141: dadada;
  7142: f2f2f2;
  7143: ffffff;
  7144: ffffff;
  7145: ffffff;
  7146: ffffff;
  7147: ffffff;
  7148: ffffff;
  7149: fdfdfd;
  7150: fdfdfd;
  7151: fefefe;
  7152: ffffff;
  7153: ffffff;
  7154: ffffff;
  7155: ffffff;
  7156: ffffff;
  7157: ffffff;
  7158: ffffff;
  7159: ffffff;
  7160: ffffff;
  7161: ffffff;
  7162: ffffff;
  7163: ffffff;
  7164: ffffff;
  7165: ffffff;
  7166: ffffff;
  7167: ffffff;
  7168: ffffff;
  7169: ffffff;
  7170: ffffff;
  7171: ffffff;
  7172: ffffff;
  7173: ffffff;
  7174: ffffff;
  7175: ffffff;
  7176: ffffff;
  7177: ffffff;
  7178: ffffff;
  7179: ffffff;
  7180: ffffff;
  7181: ffffff;
  7182: ffffff;
  7183: ffffff;
  7184: fefefe;
  7185: fefefe;
  7186: fefefe;
  7187: ffffff;
  7188: ffffff;
  7189: ffffff;
  7190: ffffff;
  7191: ffffff;
  7192: ffffff;
  7193: f9f9f9;
  7194: efefef;
  7195: e6e6e6;
  7196: dddddd;
  7197: d5d5d5;
  7198: b1b1b1;
  7199: 808080;
  7200: 4a4a4a;
  7201: 191919;
  7202: 0;
  7203: 0;
  7204: 0;
  7205: 0;
  7206: 0;
  7207: 0;
  7208: 0;
  7209: 60606;
  7210: 101010;
  7211: 1a1a1a;
  7212: 222222;
  7213: 2a2a2a;
  7214: 4e4e4e;
  7215: 7f7f7f;
  7216: b5b5b5;
  7217: e6e6e6;
  7218: ffffff;
  7219: ffffff;
  7220: ffffff;
  7221: ffffff;
  7222: ffffff;
  7223: ffffff;
  7224: ffffff;
  7225: ffffff;
  7226: ffffff;
  7227: ffffff;
  7228: ffffff;
  7229: ffffff;
  7230: ffffff;
  7231: ffffff;
  7232: ffffff;
  7233: ffffff;
  7234: ffffff;
  7235: ffffff;
  7236: ffffff;
  7237: ffffff;
  7238: ffffff;
  7239: ffffff;
  7240: ffffff;
  7241: ffffff;
  7242: ffffff;
  7243: ffffff;
  7244: ffffff;
  7245: ffffff;
  7246: e6e6e6;
  7247: b5b5b5;
  7248: 7f7f7f;
  7249: 4e4e4e;
  7250: 2a2a2a;
  7251: 222222;
  7252: 1a1a1a;
  7253: 101010;
  7254: 60606;
  7255: 0;
  7256: 0;
  7257: 0;
  7258: 0;
  7259: 0;
  7260: 0;
  7261: 0;
  7262: 191919;
  7263: 4a4a4a;
  7264: 808080;
  7265: b1b1b1;
  7266: d5d5d5;
  7267: dddddd;
  7268: e6e6e6;
  7269: efefef;
  7270: f9f9f9;
  7271: ffffff;
  7272: ffffff;
  7273: ffffff;
  7274: ffffff;
  7275: ffffff;
  7276: ffffff;
  7277: fefefe;
  7278: fefefe;
  7279: fefefe;
  7280: ffffff;
  7281: ffffff;
  7282: ffffff;
  7283: ffffff;
  7284: ffffff;
  7285: ffffff;
  7286: ffffff;
  7287: ffffff;
  7288: ffffff;
  7289: ffffff;
  7290: ffffff;
  7291: ffffff;
  7292: ffffff;
  7293: ffffff;
  7294: ffffff;
  7295: ffffff;
  7296: ffffff;
  7297: ffffff;
  7298: ffffff;
  7299: ffffff;
  7300: ffffff;
  7301: ffffff;
  7302: ffffff;
  7303: ffffff;
  7304: ffffff;
  7305: ffffff;
  7306: ffffff;
  7307: ffffff;
  7308: ffffff;
  7309: ffffff;
  7310: ffffff;
  7311: ffffff;
  7312: fefefe;
  7313: fefefe;
  7314: fefefe;
  7315: fefefe;
  7316: fefefe;
  7317: fefefe;
  7318: fefefe;
  7319: fefefe;
  7320: ffffff;
  7321: ffffff;
  7322: ffffff;
  7323: ffffff;
  7324: ffffff;
  7325: fbfbfb;
  7326: d4d4d4;
  7327: 9e9e9e;
  7328: 636363;
  7329: 2d2d2d;
  7330: 60606;
  7331: 0;
  7332: 0;
  7333: 0;
  7334: 0;
  7335: 0;
  7336: 0;
  7337: 0;
  7338: 0;
  7339: 0;
  7340: 0;
  7341: 40404;
  7342: 2b2b2b;
  7343: 616161;
  7344: 9c9c9c;
  7345: d2d2d2;
  7346: f9f9f9;
  7347: ffffff;
  7348: ffffff;
  7349: ffffff;
  7350: ffffff;
  7351: ffffff;
  7352: ffffff;
  7353: ffffff;
  7354: ffffff;
  7355: ffffff;
  7356: ffffff;
  7357: ffffff;
  7358: ffffff;
  7359: ffffff;
  7360: ffffff;
  7361: ffffff;
  7362: ffffff;
  7363: ffffff;
  7364: ffffff;
  7365: ffffff;
  7366: ffffff;
  7367: ffffff;
  7368: ffffff;
  7369: ffffff;
  7370: ffffff;
  7371: ffffff;
  7372: ffffff;
  7373: f9f9f9;
  7374: d2d2d2;
  7375: 9c9c9c;
  7376: 616161;
  7377: 2b2b2b;
  7378: 40404;
  7379: 0;
  7380: 0;
  7381: 0;
  7382: 0;
  7383: 0;
  7384: 0;
  7385: 0;
  7386: 0;
  7387: 0;
  7388: 0;
  7389: 60606;
  7390: 2d2d2d;
  7391: 636363;
  7392: 9e9e9e;
  7393: d4d4d4;
  7394: fbfbfb;
  7395: ffffff;
  7396: ffffff;
  7397: ffffff;
  7398: ffffff;
  7399: ffffff;
  7400: fefefe;
  7401: fefefe;
  7402: fefefe;
  7403: fefefe;
  7404: fefefe;
  7405: fefefe;
  7406: fefefe;
  7407: fefefe;
  7408: ffffff;
  7409: ffffff;
  7410: ffffff;
  7411: ffffff;
  7412: ffffff;
  7413: ffffff;
  7414: ffffff;
  7415: ffffff;
  7416: ffffff;
  7417: ffffff;
  7418: ffffff;
  7419: ffffff;
  7420: ffffff;
  7421: ffffff;
  7422: ffffff;
  7423: ffffff;
  7424: fefefe;
  7425: fefefe;
  7426: fefefe;
  7427: fefefe;
  7428: fefefe;
  7429: ffffff;
  7430: ffffff;
  7431: ffffff;
  7432: ffffff;
  7433: ffffff;
  7434: ffffff;
  7435: ffffff;
  7436: ffffff;
  7437: ffffff;
  7438: ffffff;
  7439: ffffff;
  7440: fefefe;
  7441: fefefe;
  7442: fefefe;
  7443: fefefe;
  7444: fefefe;
  7445: fefefe;
  7446: fefefe;
  7447: fefefe;
  7448: ffffff;
  7449: ffffff;
  7450: ffffff;
  7451: ffffff;
  7452: ffffff;
  7453: ffffff;
  7454: e8e8e8;
  7455: b7b7b7;
  7456: 818181;
  7457: 505050;
  7458: 2c2c2c;
  7459: 222222;
  7460: 191919;
  7461: 101010;
  7462: 60606;
  7463: 0;
  7464: 0;
  7465: 0;
  7466: 0;
  7467: 0;
  7468: 0;
  7469: 0;
  7470: 171717;
  7471: 484848;
  7472: 7e7e7e;
  7473: afafaf;
  7474: d3d3d3;
  7475: dddddd;
  7476: e6e6e6;
  7477: f0f0f0;
  7478: f9f9f9;
  7479: ffffff;
  7480: ffffff;
  7481: ffffff;
  7482: ffffff;
  7483: ffffff;
  7484: ffffff;
  7485: ffffff;
  7486: ffffff;
  7487: ffffff;
  7488: ffffff;
  7489: ffffff;
  7490: ffffff;
  7491: ffffff;
  7492: ffffff;
  7493: ffffff;
  7494: ffffff;
  7495: ffffff;
  7496: ffffff;
  7497: f9f9f9;
  7498: f0f0f0;
  7499: e6e6e6;
  7500: dddddd;
  7501: d3d3d3;
  7502: afafaf;
  7503: 7e7e7e;
  7504: 484848;
  7505: 171717;
  7506: 0;
  7507: 0;
  7508: 0;
  7509: 0;
  7510: 0;
  7511: 0;
  7512: 0;
  7513: 60606;
  7514: 101010;
  7515: 191919;
  7516: 222222;
  7517: 2c2c2c;
  7518: 505050;
  7519: 818181;
  7520: b7b7b7;
  7521: e8e8e8;
  7522: ffffff;
  7523: ffffff;
  7524: ffffff;
  7525: ffffff;
  7526: ffffff;
  7527: ffffff;
  7528: fefefe;
  7529: fefefe;
  7530: fefefe;
  7531: fefefe;
  7532: fefefe;
  7533: fefefe;
  7534: fefefe;
  7535: fefefe;
  7536: ffffff;
  7537: ffffff;
  7538: ffffff;
  7539: ffffff;
  7540: ffffff;
  7541: ffffff;
  7542: ffffff;
  7543: ffffff;
  7544: ffffff;
  7545: ffffff;
  7546: ffffff;
  7547: fefefe;
  7548: fefefe;
  7549: fefefe;
  7550: fefefe;
  7551: fefefe;
  7552: fcfcfc;
  7553: fcfcfc;
  7554: fcfcfc;
  7555: fdfdfd;
  7556: fdfdfd;
  7557: fefefe;
  7558: ffffff;
  7559: ffffff;
  7560: ffffff;
  7561: ffffff;
  7562: ffffff;
  7563: fefefe;
  7564: fefefe;
  7565: fefefe;
  7566: fefefe;
  7567: fefefe;
  7568: fefefe;
  7569: fefefe;
  7570: ffffff;
  7571: fefefe;
  7572: fefefe;
  7573: fefefe;
  7574: fefefe;
  7575: fefefe;
  7576: ffffff;
  7577: ffffff;
  7578: ffffff;
  7579: ffffff;
  7580: ffffff;
  7581: ffffff;
  7582: f3f3f3;
  7583: cecece;
  7584: a5a5a5;
  7585: 7f7f7f;
  7586: 646464;
  7587: 535353;
  7588: 3e3e3e;
  7589: 252525;
  7590: d0d0d;
  7591: 0;
  7592: 0;
  7593: 0;
  7594: 0;
  7595: 0;
  7596: 0;
  7597: 0;
  7598: c0c0c;
  7599: 313131;
  7600: 5a5a5a;
  7601: 808080;
  7602: 9b9b9b;
  7603: acacac;
  7604: c1c1c1;
  7605: dadada;
  7606: f2f2f2;
  7607: ffffff;
  7608: ffffff;
  7609: ffffff;
  7610: ffffff;
  7611: ffffff;
  7612: ffffff;
  7613: ffffff;
  7614: ffffff;
  7615: ffffff;
  7616: ffffff;
  7617: ffffff;
  7618: ffffff;
  7619: ffffff;
  7620: ffffff;
  7621: ffffff;
  7622: ffffff;
  7623: ffffff;
  7624: ffffff;
  7625: f2f2f2;
  7626: dadada;
  7627: c1c1c1;
  7628: acacac;
  7629: 9b9b9b;
  7630: 808080;
  7631: 5a5a5a;
  7632: 313131;
  7633: c0c0c;
  7634: 0;
  7635: 0;
  7636: 0;
  7637: 0;
  7638: 0;
  7639: 0;
  7640: 0;
  7641: d0d0d;
  7642: 252525;
  7643: 3e3e3e;
  7644: 535353;
  7645: 646464;
  7646: 7f7f7f;
  7647: a5a5a5;
  7648: cecece;
  7649: f3f3f3;
  7650: ffffff;
  7651: ffffff;
  7652: ffffff;
  7653: ffffff;
  7654: ffffff;
  7655: ffffff;
  7656: fefefe;
  7657: fefefe;
  7658: fefefe;
  7659: fefefe;
  7660: fefefe;
  7661: ffffff;
  7662: fefefe;
  7663: fefefe;
  7664: fefefe;
  7665: fefefe;
  7666: fefefe;
  7667: fefefe;
  7668: fefefe;
  7669: ffffff;
  7670: ffffff;
  7671: ffffff;
  7672: ffffff;
  7673: ffffff;
  7674: fefefe;
  7675: fdfdfd;
  7676: fdfdfd;
  7677: fcfcfc;
  7678: fcfcfc;
  7679: fcfcfc;
  7680: fafafa;
  7681: fbfbfb;
  7682: fbfbfb;
  7683: fcfcfc;
  7684: fcfcfc;
  7685: fdfdfd;
  7686: fefefe;
  7687: ffffff;
  7688: ffffff;
  7689: ffffff;
  7690: fefefe;
  7691: fefefe;
  7692: fdfdfd;
  7693: fdfdfd;
  7694: fdfdfd;
  7695: fefefe;
  7696: fefefe;
  7697: fefefe;
  7698: ffffff;
  7699: ffffff;
  7700: ffffff;
  7701: ffffff;
  7702: ffffff;
  7703: ffffff;
  7704: ffffff;
  7705: ffffff;
  7706: ffffff;
  7707: ffffff;
  7708: ffffff;
  7709: ffffff;
  7710: f9f9f9;
  7711: e2e2e2;
  7712: c9c9c9;
  7713: b2b2b2;
  7714: a2a2a2;
  7715: 8a8a8a;
  7716: 676767;
  7717: 3f3f3f;
  7718: 171717;
  7719: 0;
  7720: 0;
  7721: 0;
  7722: 0;
  7723: 0;
  7724: 0;
  7725: 0;
  7726: 60606;
  7727: 1d1d1d;
  7728: 363636;
  7729: 4d4d4d;
  7730: 5d5d5d;
  7731: 757575;
  7732: 989898;
  7733: c1c1c1;
  7734: e8e8e8;
  7735: ffffff;
  7736: ffffff;
  7737: ffffff;
  7738: ffffff;
  7739: ffffff;
  7740: ffffff;
  7741: fefefe;
  7742: fefefe;
  7743: fefefe;
  7744: fefefe;
  7745: fefefe;
  7746: fefefe;
  7747: ffffff;
  7748: ffffff;
  7749: ffffff;
  7750: ffffff;
  7751: ffffff;
  7752: ffffff;
  7753: e8e8e8;
  7754: c1c1c1;
  7755: 989898;
  7756: 757575;
  7757: 5d5d5d;
  7758: 4d4d4d;
  7759: 363636;
  7760: 1d1d1d;
  7761: 60606;
  7762: 0;
  7763: 0;
  7764: 0;
  7765: 0;
  7766: 0;
  7767: 0;
  7768: 0;
  7769: 171717;
  7770: 3f3f3f;
  7771: 676767;
  7772: 8a8a8a;
  7773: a2a2a2;
  7774: b2b2b2;
  7775: c9c9c9;
  7776: e2e2e2;
  7777: f9f9f9;
  7778: ffffff;
  7779: ffffff;
  7780: ffffff;
  7781: ffffff;
  7782: ffffff;
  7783: ffffff;
  7784: ffffff;
  7785: ffffff;
  7786: ffffff;
  7787: ffffff;
  7788: ffffff;
  7789: ffffff;
  7790: fefefe;
  7791: fefefe;
  7792: fefefe;
  7793: fdfdfd;
  7794: fdfdfd;
  7795: fdfdfd;
  7796: fefefe;
  7797: fefefe;
  7798: ffffff;
  7799: ffffff;
  7800: ffffff;
  7801: fefefe;
  7802: fdfdfd;
  7803: fcfcfc;
  7804: fcfcfc;
  7805: fbfbfb;
  7806: fbfbfb;
  7807: fafafa;
  7808: f9f9f9;
  7809: fafafa;
  7810: fafafa;
  7811: fafafa;
  7812: fbfbfb;
  7813: fcfcfc;
  7814: fefefe;
  7815: ffffff;
  7816: ffffff;
  7817: ffffff;
  7818: fefefe;
  7819: fdfdfd;
  7820: fcfcfc;
  7821: fcfcfc;
  7822: fcfcfc;
  7823: fdfdfd;
  7824: fefefe;
  7825: fefefe;
  7826: ffffff;
  7827: ffffff;
  7828: ffffff;
  7829: ffffff;
  7830: ffffff;
  7831: ffffff;
  7832: ffffff;
  7833: ffffff;
  7834: ffffff;
  7835: ffffff;
  7836: ffffff;
  7837: ffffff;
  7838: fcfcfc;
  7839: f3f3f3;
  7840: e9e9e9;
  7841: e0e0e0;
  7842: d9d9d9;
  7843: bdbdbd;
  7844: 8f8f8f;
  7845: 5a5a5a;
  7846: 262626;
  7847: 0;
  7848: 0;
  7849: 0;
  7850: 0;
  7851: 0;
  7852: 0;
  7853: 0;
  7854: 30303;
  7855: c0c0c;
  7856: 161616;
  7857: 1f1f1f;
  7858: 262626;
  7859: 424242;
  7860: 707070;
  7861: a6a6a6;
  7862: d9d9d9;
  7863: ffffff;
  7864: ffffff;
  7865: ffffff;
  7866: ffffff;
  7867: ffffff;
  7868: ffffff;
  7869: fefefe;
  7870: fefefe;
  7871: fefefe;
  7872: fefefe;
  7873: fefefe;
  7874: fefefe;
  7875: ffffff;
  7876: ffffff;
  7877: ffffff;
  7878: ffffff;
  7879: ffffff;
  7880: ffffff;
  7881: d9d9d9;
  7882: a6a6a6;
  7883: 707070;
  7884: 424242;
  7885: 262626;
  7886: 1f1f1f;
  7887: 161616;
  7888: c0c0c;
  7889: 30303;
  7890: 0;
  7891: 0;
  7892: 0;
  7893: 0;
  7894: 0;
  7895: 0;
  7896: 0;
  7897: 262626;
  7898: 5a5a5a;
  7899: 8f8f8f;
  7900: bdbdbd;
  7901: d9d9d9;
  7902: e0e0e0;
  7903: e9e9e9;
  7904: f3f3f3;
  7905: fcfcfc;
  7906: ffffff;
  7907: ffffff;
  7908: ffffff;
  7909: ffffff;
  7910: ffffff;
  7911: ffffff;
  7912: ffffff;
  7913: ffffff;
  7914: ffffff;
  7915: ffffff;
  7916: ffffff;
  7917: ffffff;
  7918: fefefe;
  7919: fefefe;
  7920: fdfdfd;
  7921: fcfcfc;
  7922: fcfcfc;
  7923: fcfcfc;
  7924: fdfdfd;
  7925: fefefe;
  7926: ffffff;
  7927: ffffff;
  7928: ffffff;
  7929: fefefe;
  7930: fcfcfc;
  7931: fbfbfb;
  7932: fafafa;
  7933: fafafa;
  7934: fafafa;
  7935: f9f9f9;
  7936: f8f8f8;
  7937: f9f9f9;
  7938: f9f9f9;
  7939: fafafa;
  7940: fbfbfb;
  7941: fcfcfc;
  7942: fefefe;
  7943: ffffff;
  7944: ffffff;
  7945: ffffff;
  7946: fefefe;
  7947: fdfdfd;
  7948: fcfcfc;
  7949: fcfcfc;
  7950: fcfcfc;
  7951: fdfdfd;
  7952: fefefe;
  7953: fefefe;
  7954: ffffff;
  7955: ffffff;
  7956: ffffff;
  7957: ffffff;
  7958: ffffff;
  7959: ffffff;
  7960: ffffff;
  7961: ffffff;
  7962: ffffff;
  7963: ffffff;
  7964: ffffff;
  7965: ffffff;
  7966: ffffff;
  7967: ffffff;
  7968: ffffff;
  7969: ffffff;
  7970: ffffff;
  7971: e1e1e1;
  7972: afafaf;
  7973: 757575;
  7974: 3c3c3c;
  7975: f0f0f;
  7976: 0;
  7977: 0;
  7978: 0;
  7979: 0;
  7980: 0;
  7981: 0;
  7982: 0;
  7983: 0;
  7984: 0;
  7985: 0;
  7986: 0;
  7987: 1e1e1e;
  7988: 505050;
  7989: 8b8b8b;
  7990: c3c3c3;
  7991: f0f0f0;
  7992: ffffff;
  7993: ffffff;
  7994: ffffff;
  7995: ffffff;
  7996: ffffff;
  7997: fefefe;
  7998: fefefe;
  7999: fefefe;
  8000: fefefe;
  8001: fefefe;
  8002: fefefe;
  8003: ffffff;
  8004: ffffff;
  8005: ffffff;
  8006: ffffff;
  8007: ffffff;
  8008: f0f0f0;
  8009: c3c3c3;
  8010: 8b8b8b;
  8011: 505050;
  8012: 1e1e1e;
  8013: 0;
  8014: 0;
  8015: 0;
  8016: 0;
  8017: 0;
  8018: 0;
  8019: 0;
  8020: 0;
  8021: 0;
  8022: 0;
  8023: 0;
  8024: f0f0f;
  8025: 3c3c3c;
  8026: 757575;
  8027: afafaf;
  8028: e1e1e1;
  8029: ffffff;
  8030: ffffff;
  8031: ffffff;
  8032: ffffff;
  8033: ffffff;
  8034: ffffff;
  8035: ffffff;
  8036: ffffff;
  8037: ffffff;
  8038: ffffff;
  8039: ffffff;
  8040: ffffff;
  8041: ffffff;
  8042: ffffff;
  8043: ffffff;
  8044: ffffff;
  8045: ffffff;
  8046: fefefe;
  8047: fefefe;
  8048: fdfdfd;
  8049: fcfcfc;
  8050: fcfcfc;
  8051: fcfcfc;
  8052: fdfdfd;
  8053: fefefe;
  8054: ffffff;
  8055: ffffff;
  8056: ffffff;
  8057: fefefe;
  8058: fcfcfc;
  8059: fbfbfb;
  8060: fafafa;
  8061: f9f9f9;
  8062: f9f9f9;
  8063: f8f8f8;
  8064: f9f9f9;
  8065: fafafa;
  8066: fafafa;
  8067: fafafa;
  8068: fbfbfb;
  8069: fcfcfc;
  8070: fefefe;
  8071: ffffff;
  8072: ffffff;
  8073: ffffff;
  8074: fefefe;
  8075: fdfdfd;
  8076: fcfcfc;
  8077: fcfcfc;
  8078: fcfcfc;
  8079: fdfdfd;
  8080: fefefe;
  8081: fefefe;
  8082: ffffff;
  8083: ffffff;
  8084: ffffff;
  8085: ffffff;
  8086: ffffff;
  8087: ffffff;
  8088: ffffff;
  8089: ffffff;
  8090: ffffff;
  8091: ffffff;
  8092: ffffff;
  8093: ffffff;
  8094: ffffff;
  8095: ffffff;
  8096: ffffff;
  8097: ffffff;
  8098: ffffff;
  8099: f4f4f4;
  8100: c6c6c6;
  8101: 919191;
  8102: 5d5d5d;
  8103: 343434;
  8104: 242424;
  8105: 1d1d1d;
  8106: 131313;
  8107: 90909;
  8108: 10101;
  8109: 0;
  8110: 0;
  8111: 0;
  8112: 0;
  8113: 0;
  8114: 0;
  8115: b0b0b;
  8116: 393939;
  8117: 6e6e6e;
  8118: a2a2a2;
  8119: cbcbcb;
  8120: dbdbdb;
  8121: e2e2e2;
  8122: ececec;
  8123: f6f6f6;
  8124: fefefe;
  8125: ffffff;
  8126: ffffff;
  8127: ffffff;
  8128: ffffff;
  8129: ffffff;
  8130: ffffff;
  8131: fefefe;
  8132: f6f6f6;
  8133: ececec;
  8134: e2e2e2;
  8135: dbdbdb;
  8136: cbcbcb;
  8137: a2a2a2;
  8138: 6e6e6e;
  8139: 393939;
  8140: b0b0b;
  8141: 0;
  8142: 0;
  8143: 0;
  8144: 0;
  8145: 0;
  8146: 0;
  8147: 10101;
  8148: 90909;
  8149: 131313;
  8150: 1d1d1d;
  8151: 242424;
  8152: 343434;
  8153: 5d5d5d;
  8154: 919191;
  8155: c6c6c6;
  8156: f4f4f4;
  8157: ffffff;
  8158: ffffff;
  8159: ffffff;
  8160: ffffff;
  8161: ffffff;
  8162: ffffff;
  8163: ffffff;
  8164: ffffff;
  8165: ffffff;
  8166: ffffff;
  8167: ffffff;
  8168: ffffff;
  8169: ffffff;
  8170: ffffff;
  8171: ffffff;
  8172: ffffff;
  8173: ffffff;
  8174: fefefe;
  8175: fefefe;
  8176: fdfdfd;
  8177: fcfcfc;
  8178: fcfcfc;
  8179: fcfcfc;
  8180: fdfdfd;
  8181: fefefe;
  8182: ffffff;
  8183: ffffff;
  8184: ffffff;
  8185: fefefe;
  8186: fcfcfc;
  8187: fbfbfb;
  8188: fafafa;
  8189: fafafa;
  8190: fafafa;
  8191: f9f9f9;
  8192: fafafa;
  8193: fbfbfb;
  8194: fbfbfb;
  8195: fcfcfc;
  8196: fcfcfc;
  8197: fcfcfc;
  8198: fefefe;
  8199: fefefe;
  8200: fefefe;
  8201: fefefe;
  8202: fdfdfd;
  8203: fdfdfd;
  8204: fcfcfc;
  8205: fcfcfc;
  8206: fcfcfc;
  8207: fdfdfd;
  8208: fefefe;
  8209: ffffff;
  8210: ffffff;
  8211: ffffff;
  8212: ffffff;
  8213: ffffff;
  8214: ffffff;
  8215: ffffff;
  8216: ffffff;
  8217: ffffff;
  8218: ffffff;
  8219: ffffff;
  8220: ffffff;
  8221: ffffff;
  8222: ffffff;
  8223: ffffff;
  8224: ffffff;
  8225: ffffff;
  8226: ffffff;
  8227: fcfcfc;
  8228: dadada;
  8229: b1b1b1;
  8230: 8a8a8a;
  8231: 6a6a6a;
  8232: 5a5a5a;
  8233: 464646;
  8234: 2e2e2e;
  8235: 151515;
  8236: 0;
  8237: 0;
  8238: 0;
  8239: 0;
  8240: 0;
  8241: 0;
  8242: 0;
  8243: 30303;
  8244: 252525;
  8245: 4e4e4e;
  8246: 757575;
  8247: 959595;
  8248: a6a6a6;
  8249: b9b9b9;
  8250: d1d1d1;
  8251: eaeaea;
  8252: ffffff;
  8253: ffffff;
  8254: ffffff;
  8255: ffffff;
  8256: ffffff;
  8257: ffffff;
  8258: ffffff;
  8259: ffffff;
  8260: eaeaea;
  8261: d1d1d1;
  8262: b9b9b9;
  8263: a6a6a6;
  8264: 959595;
  8265: 757575;
  8266: 4e4e4e;
  8267: 252525;
  8268: 30303;
  8269: 0;
  8270: 0;
  8271: 0;
  8272: 0;
  8273: 0;
  8274: 0;
  8275: 0;
  8276: 151515;
  8277: 2e2e2e;
  8278: 464646;
  8279: 5a5a5a;
  8280: 6a6a6a;
  8281: 8a8a8a;
  8282: b1b1b1;
  8283: dadada;
  8284: fcfcfc;
  8285: ffffff;
  8286: ffffff;
  8287: ffffff;
  8288: ffffff;
  8289: ffffff;
  8290: ffffff;
  8291: ffffff;
  8292: ffffff;
  8293: ffffff;
  8294: ffffff;
  8295: ffffff;
  8296: ffffff;
  8297: ffffff;
  8298: ffffff;
  8299: ffffff;
  8300: ffffff;
  8301: ffffff;
  8302: ffffff;
  8303: fefefe;
  8304: fdfdfd;
  8305: fcfcfc;
  8306: fcfcfc;
  8307: fcfcfc;
  8308: fdfdfd;
  8309: fdfdfd;
  8310: fefefe;
  8311: fefefe;
  8312: fefefe;
  8313: fefefe;
  8314: fcfcfc;
  8315: fcfcfc;
  8316: fcfcfc;
  8317: fbfbfb;
  8318: fbfbfb;
  8319: fafafa;
  8320: fcfcfc;
  8321: fdfdfd;
  8322: fdfdfd;
  8323: fdfdfd;
  8324: fdfdfd;
  8325: fdfdfd;
  8326: fefefe;
  8327: fefefe;
  8328: fefefe;
  8329: fefefe;
  8330: fdfdfd;
  8331: fdfdfd;
  8332: fcfcfc;
  8333: fcfcfc;
  8334: fcfcfc;
  8335: fefefe;
  8336: fefefe;
  8337: ffffff;
  8338: ffffff;
  8339: ffffff;
  8340: ffffff;
  8341: ffffff;
  8342: ffffff;
  8343: ffffff;
  8344: ffffff;
  8345: ffffff;
  8346: fefefe;
  8347: fefefe;
  8348: fefefe;
  8349: fefefe;
  8350: ffffff;
  8351: ffffff;
  8352: ffffff;
  8353: ffffff;
  8354: ffffff;
  8355: ffffff;
  8356: e9e9e9;
  8357: d1d1d1;
  8358: b9b9b9;
  8359: a5a5a5;
  8360: 959595;
  8361: 757575;
  8362: 4e4e4e;
  8363: 252525;
  8364: 20202;
  8365: 0;
  8366: 0;
  8367: 0;
  8368: 0;
  8369: 0;
  8370: 0;
  8371: 0;
  8372: 161616;
  8373: 2f2f2f;
  8374: 464646;
  8375: 5a5a5a;
  8376: 6b6b6b;
  8377: 8a8a8a;
  8378: b2b2b2;
  8379: dbdbdb;
  8380: fefefe;
  8381: ffffff;
  8382: ffffff;
  8383: ffffff;
  8384: ffffff;
  8385: ffffff;
  8386: ffffff;
  8387: fefefe;
  8388: dbdbdb;
  8389: b2b2b2;
  8390: 8a8a8a;
  8391: 6b6b6b;
  8392: 5a5a5a;
  8393: 464646;
  8394: 2f2f2f;
  8395: 161616;
  8396: 0;
  8397: 0;
  8398: 0;
  8399: 0;
  8400: 0;
  8401: 0;
  8402: 0;
  8403: 20202;
  8404: 252525;
  8405: 4e4e4e;
  8406: 757575;
  8407: 959595;
  8408: a5a5a5;
  8409: b9b9b9;
  8410: d1d1d1;
  8411: e9e9e9;
  8412: ffffff;
  8413: ffffff;
  8414: ffffff;
  8415: ffffff;
  8416: ffffff;
  8417: ffffff;
  8418: fefefe;
  8419: fefefe;
  8420: fefefe;
  8421: fefefe;
  8422: ffffff;
  8423: ffffff;
  8424: ffffff;
  8425: ffffff;
  8426: ffffff;
  8427: ffffff;
  8428: ffffff;
  8429: ffffff;
  8430: ffffff;
  8431: fefefe;
  8432: fefefe;
  8433: fcfcfc;
  8434: fcfcfc;
  8435: fcfcfc;
  8436: fdfdfd;
  8437: fdfdfd;
  8438: fefefe;
  8439: fefefe;
  8440: fefefe;
  8441: fefefe;
  8442: fdfdfd;
  8443: fdfdfd;
  8444: fdfdfd;
  8445: fdfdfd;
  8446: fdfdfd;
  8447: fcfcfc;
  8448: fefefe;
  8449: fefefe;
  8450: fefefe;
  8451: fefefe;
  8452: fdfdfd;
  8453: fefefe;
  8454: fefefe;
  8455: fdfdfd;
  8456: fdfdfd;
  8457: fdfdfd;
  8458: fdfdfd;
  8459: fdfdfd;
  8460: fdfdfd;
  8461: fdfdfd;
  8462: fdfdfd;
  8463: fefefe;
  8464: fefefe;
  8465: ffffff;
  8466: ffffff;
  8467: ffffff;
  8468: ffffff;
  8469: ffffff;
  8470: ffffff;
  8471: ffffff;
  8472: ffffff;
  8473: ffffff;
  8474: fefefe;
  8475: fefefe;
  8476: fefefe;
  8477: fefefe;
  8478: ffffff;
  8479: ffffff;
  8480: ffffff;
  8481: ffffff;
  8482: ffffff;
  8483: fefefe;
  8484: f6f6f6;
  8485: ececec;
  8486: e2e2e2;
  8487: dbdbdb;
  8488: cbcbcb;
  8489: a2a2a2;
  8490: 6e6e6e;
  8491: 383838;
  8492: a0a0a;
  8493: 0;
  8494: 0;
  8495: 0;
  8496: 0;
  8497: 0;
  8498: 0;
  8499: 10101;
  8500: 90909;
  8501: 131313;
  8502: 1d1d1d;
  8503: 242424;
  8504: 353535;
  8505: 5e5e5e;
  8506: 929292;
  8507: c8c8c8;
  8508: f6f6f6;
  8509: ffffff;
  8510: ffffff;
  8511: ffffff;
  8512: ffffff;
  8513: ffffff;
  8514: ffffff;
  8515: f6f6f6;
  8516: c8c8c8;
  8517: 929292;
  8518: 5e5e5e;
  8519: 353535;
  8520: 242424;
  8521: 1d1d1d;
  8522: 131313;
  8523: 90909;
  8524: 10101;
  8525: 0;
  8526: 0;
  8527: 0;
  8528: 0;
  8529: 0;
  8530: 0;
  8531: a0a0a;
  8532: 383838;
  8533: 6e6e6e;
  8534: a2a2a2;
  8535: cbcbcb;
  8536: dbdbdb;
  8537: e2e2e2;
  8538: ececec;
  8539: f6f6f6;
  8540: fefefe;
  8541: ffffff;
  8542: ffffff;
  8543: ffffff;
  8544: ffffff;
  8545: ffffff;
  8546: fefefe;
  8547: fefefe;
  8548: fefefe;
  8549: fefefe;
  8550: ffffff;
  8551: ffffff;
  8552: ffffff;
  8553: ffffff;
  8554: ffffff;
  8555: ffffff;
  8556: ffffff;
  8557: ffffff;
  8558: ffffff;
  8559: fefefe;
  8560: fefefe;
  8561: fdfdfd;
  8562: fdfdfd;
  8563: fdfdfd;
  8564: fdfdfd;
  8565: fdfdfd;
  8566: fdfdfd;
  8567: fdfdfd;
  8568: fdfdfd;
  8569: fefefe;
  8570: fefefe;
  8571: fdfdfd;
  8572: fefefe;
  8573: fefefe;
  8574: fefefe;
  8575: fefefe;
  8576: ffffff;
  8577: ffffff;
  8578: ffffff;
  8579: ffffff;
  8580: fefefe;
  8581: fefefe;
  8582: fefefe;
  8583: fdfdfd;
  8584: fdfdfd;
  8585: fdfdfd;
  8586: fdfdfd;
  8587: fdfdfd;
  8588: fdfdfd;
  8589: fdfdfd;
  8590: fdfdfd;
  8591: fefefe;
  8592: fefefe;
  8593: ffffff;
  8594: ffffff;
  8595: ffffff;
  8596: ffffff;
  8597: ffffff;
  8598: ffffff;
  8599: ffffff;
  8600: ffffff;
  8601: ffffff;
  8602: fefefe;
  8603: fefefe;
  8604: fefefe;
  8605: fefefe;
  8606: fefefe;
  8607: fefefe;
  8608: ffffff;
  8609: ffffff;
  8610: ffffff;
  8611: ffffff;
  8612: ffffff;
  8613: ffffff;
  8614: ffffff;
  8615: ffffff;
  8616: f0f0f0;
  8617: c3c3c3;
  8618: 8a8a8a;
  8619: 4f4f4f;
  8620: 1d1d1d;
  8621: 0;
  8622: 0;
  8623: 0;
  8624: 0;
  8625: 0;
  8626: 0;
  8627: 0;
  8628: 0;
  8629: 0;
  8630: 0;
  8631: 0;
  8632: 101010;
  8633: 3d3d3d;
  8634: 767676;
  8635: b1b1b1;
  8636: e3e3e3;
  8637: ffffff;
  8638: ffffff;
  8639: ffffff;
  8640: ffffff;
  8641: ffffff;
  8642: ffffff;
  8643: e3e3e3;
  8644: b1b1b1;
  8645: 767676;
  8646: 3d3d3d;
  8647: 101010;
  8648: 0;
  8649: 0;
  8650: 0;
  8651: 0;
  8652: 0;
  8653: 0;
  8654: 0;
  8655: 0;
  8656: 0;
  8657: 0;
  8658: 0;
  8659: 1d1d1d;
  8660: 4f4f4f;
  8661: 8a8a8a;
  8662: c3c3c3;
  8663: f0f0f0;
  8664: ffffff;
  8665: ffffff;
  8666: ffffff;
  8667: ffffff;
  8668: ffffff;
  8669: ffffff;
  8670: ffffff;
  8671: ffffff;
  8672: fefefe;
  8673: fefefe;
  8674: fefefe;
  8675: fefefe;
  8676: fefefe;
  8677: fefefe;
  8678: ffffff;
  8679: ffffff;
  8680: ffffff;
  8681: ffffff;
  8682: ffffff;
  8683: ffffff;
  8684: ffffff;
  8685: ffffff;
  8686: ffffff;
  8687: fefefe;
  8688: fefefe;
  8689: fdfdfd;
  8690: fdfdfd;
  8691: fdfdfd;
  8692: fdfdfd;
  8693: fdfdfd;
  8694: fdfdfd;
  8695: fdfdfd;
  8696: fdfdfd;
  8697: fefefe;
  8698: fefefe;
  8699: fefefe;
  8700: ffffff;
  8701: ffffff;
  8702: ffffff;
  8703: ffffff;
  8704: ffffff;
  8705: ffffff;
  8706: ffffff;
  8707: ffffff;
  8708: fefefe;
  8709: fefefe;
  8710: fefefe;
  8711: fdfdfd;
  8712: fdfdfd;
  8713: fdfdfd;
  8714: fdfdfd;
  8715: fdfdfd;
  8716: fdfdfd;
  8717: fdfdfd;
  8718: fdfdfd;
  8719: fefefe;
  8720: fefefe;
  8721: ffffff;
  8722: fefefe;
  8723: fefefe;
  8724: fefefe;
  8725: ffffff;
  8726: ffffff;
  8727: ffffff;
  8728: ffffff;
  8729: ffffff;
  8730: fefefe;
  8731: fefefe;
  8732: fefefe;
  8733: fefefe;
  8734: fefefe;
  8735: fefefe;
  8736: ffffff;
  8737: ffffff;
  8738: ffffff;
  8739: ffffff;
  8740: ffffff;
  8741: ffffff;
  8742: ffffff;
  8743: ffffff;
  8744: ffffff;
  8745: d9d9d9;
  8746: a5a5a5;
  8747: 6f6f6f;
  8748: 414141;
  8749: 262626;
  8750: 1f1f1f;
  8751: 161616;
  8752: c0c0c;
  8753: 30303;
  8754: 0;
  8755: 0;
  8756: 0;
  8757: 0;
  8758: 0;
  8759: 0;
  8760: 0;
  8761: 272727;
  8762: 5b5b5b;
  8763: 919191;
  8764: bfbfbf;
  8765: d8d8d8;
  8766: d8d8d8;
  8767: d8d8d8;
  8768: d8d8d8;
  8769: d8d8d8;
  8770: d8d8d8;
  8771: bfbfbf;
  8772: 919191;
  8773: 5b5b5b;
  8774: 272727;
  8775: 0;
  8776: 0;
  8777: 0;
  8778: 0;
  8779: 0;
  8780: 0;
  8781: 0;
  8782: 30303;
  8783: c0c0c;
  8784: 161616;
  8785: 1f1f1f;
  8786: 262626;
  8787: 414141;
  8788: 6f6f6f;
  8789: a5a5a5;
  8790: d9d9d9;
  8791: ffffff;
  8792: ffffff;
  8793: ffffff;
  8794: ffffff;
  8795: ffffff;
  8796: ffffff;
  8797: ffffff;
  8798: ffffff;
  8799: ffffff;
  8800: fefefe;
  8801: fefefe;
  8802: fefefe;
  8803: fefefe;
  8804: fefefe;
  8805: fefefe;
  8806: ffffff;
  8807: ffffff;
  8808: ffffff;
  8809: ffffff;
  8810: ffffff;
  8811: fefefe;
  8812: fefefe;
  8813: fefefe;
  8814: ffffff;
  8815: fefefe;
  8816: fefefe;
  8817: fdfdfd;
  8818: fdfdfd;
  8819: fdfdfd;
  8820: fdfdfd;
  8821: fdfdfd;
  8822: fdfdfd;
  8823: fdfdfd;
  8824: fdfdfd;
  8825: fefefe;
  8826: fefefe;
  8827: fefefe;
  8828: ffffff;
  8829: ffffff;
  8830: ffffff;
  8831: ffffff;
  8832: ffffff;
  8833: ffffff;
  8834: ffffff;
  8835: ffffff;
  8836: fefefe;
  8837: ffffff;
  8838: fefefe;
  8839: fefefe;
  8840: fefefe;
  8841: fefefe;
  8842: fefefe;
  8843: fefefe;
  8844: fefefe;
  8845: fefefe;
  8846: fdfdfd;
  8847: fefefe;
  8848: fefefe;
  8849: fefefe;
  8850: fefefe;
  8851: fefefe;
  8852: fefefe;
  8853: fefefe;
  8854: fefefe;
  8855: ffffff;
  8856: ffffff;
  8857: ffffff;
  8858: fefefe;
  8859: fefefe;
  8860: fefefe;
  8861: fefefe;
  8862: fefefe;
  8863: fefefe;
  8864: ffffff;
  8865: ffffff;
  8866: ffffff;
  8867: ffffff;
  8868: ffffff;
  8869: ffffff;
  8870: ffffff;
  8871: ffffff;
  8872: ffffff;
  8873: e8e8e8;
  8874: c0c0c0;
  8875: 979797;
  8876: 747474;
  8877: 5e5e5e;
  8878: 4d4d4d;
  8879: 363636;
  8880: 1d1d1d;
  8881: 60606;
  8882: 0;
  8883: 0;
  8884: 0;
  8885: 0;
  8886: 0;
  8887: 0;
  8888: 0;
  8889: 181818;
  8890: 404040;
  8891: 696969;
  8892: 8c8c8c;
  8893: 9f9f9f;
  8894: 9f9f9f;
  8895: 9f9f9f;
  8896: 9f9f9f;
  8897: 9f9f9f;
  8898: 9f9f9f;
  8899: 8c8c8c;
  8900: 696969;
  8901: 404040;
  8902: 181818;
  8903: 0;
  8904: 0;
  8905: 0;
  8906: 0;
  8907: 0;
  8908: 0;
  8909: 0;
  8910: 60606;
  8911: 1d1d1d;
  8912: 363636;
  8913: 4d4d4d;
  8914: 5e5e5e;
  8915: 747474;
  8916: 979797;
  8917: c0c0c0;
  8918: e8e8e8;
  8919: ffffff;
  8920: ffffff;
  8921: ffffff;
  8922: ffffff;
  8923: ffffff;
  8924: ffffff;
  8925: ffffff;
  8926: ffffff;
  8927: ffffff;
  8928: fefefe;
  8929: fefefe;
  8930: fefefe;
  8931: fefefe;
  8932: fefefe;
  8933: fefefe;
  8934: ffffff;
  8935: ffffff;
  8936: ffffff;
  8937: fefefe;
  8938: fefefe;
  8939: fefefe;
  8940: fefefe;
  8941: fefefe;
  8942: fefefe;
  8943: fefefe;
  8944: fefefe;
  8945: fdfdfd;
  8946: fefefe;
  8947: fefefe;
  8948: fefefe;
  8949: fefefe;
  8950: fefefe;
  8951: fefefe;
  8952: fefefe;
  8953: fefefe;
  8954: ffffff;
  8955: fefefe;
  8956: ffffff;
  8957: ffffff;
  8958: ffffff;
  8959: ffffff;
  8960: ffffff;
  8961: ffffff;
  8962: ffffff;
  8963: ffffff;
  8964: fefefe;
  8965: ffffff;
  8966: ffffff;
  8967: fefefe;
  8968: fefefe;
  8969: fefefe;
  8970: fefefe;
  8971: fefefe;
  8972: fefefe;
  8973: fefefe;
  8974: fefefe;
  8975: fefefe;
  8976: fdfdfd;
  8977: fdfdfd;
  8978: fdfdfd;
  8979: fdfdfd;
  8980: fdfdfd;
  8981: fefefe;
  8982: fefefe;
  8983: fefefe;
  8984: fefefe;
  8985: fefefe;
  8986: ffffff;
  8987: ffffff;
  8988: ffffff;
  8989: ffffff;
  8990: ffffff;
  8991: ffffff;
  8992: ffffff;
  8993: ffffff;
  8994: ffffff;
  8995: ffffff;
  8996: ffffff;
  8997: ffffff;
  8998: ffffff;
  8999: ffffff;
  9000: ffffff;
  9001: f2f2f2;
  9002: dadada;
  9003: c1c1c1;
  9004: ababab;
  9005: 9c9c9c;
  9006: 808080;
  9007: 5b5b5b;
  9008: 323232;
  9009: c0c0c;
  9010: 0;
  9011: 0;
  9012: 0;
  9013: 0;
  9014: 0;
  9015: 0;
  9016: 0;
  9017: e0e0e;
  9018: 262626;
  9019: 3f3f3f;
  9020: 545454;
  9021: 606060;
  9022: 606060;
  9023: 606060;
  9024: 606060;
  9025: 606060;
  9026: 606060;
  9027: 545454;
  9028: 3f3f3f;
  9029: 262626;
  9030: e0e0e;
  9031: 0;
  9032: 0;
  9033: 0;
  9034: 0;
  9035: 0;
  9036: 0;
  9037: 0;
  9038: c0c0c;
  9039: 323232;
  9040: 5b5b5b;
  9041: 808080;
  9042: 9c9c9c;
  9043: ababab;
  9044: c1c1c1;
  9045: dadada;
  9046: f2f2f2;
  9047: ffffff;
  9048: ffffff;
  9049: ffffff;
  9050: ffffff;
  9051: ffffff;
  9052: ffffff;
  9053: ffffff;
  9054: ffffff;
  9055: ffffff;
  9056: ffffff;
  9057: ffffff;
  9058: ffffff;
  9059: ffffff;
  9060: ffffff;
  9061: ffffff;
  9062: fefefe;
  9063: fefefe;
  9064: fefefe;
  9065: fefefe;
  9066: fefefe;
  9067: fdfdfd;
  9068: fdfdfd;
  9069: fdfdfd;
  9070: fdfdfd;
  9071: fdfdfd;
  9072: fefefe;
  9073: fefefe;
  9074: fefefe;
  9075: fefefe;
  9076: fefefe;
  9077: fefefe;
  9078: fefefe;
  9079: fefefe;
  9080: fefefe;
  9081: ffffff;
  9082: ffffff;
  9083: fefefe;
  9084: ffffff;
  9085: ffffff;
  9086: ffffff;
  9087: ffffff;
  9088: fefefe;
  9089: fefefe;
  9090: fefefe;
  9091: fefefe;
  9092: fefefe;
  9093: ffffff;
  9094: ffffff;
  9095: ffffff;
  9096: ffffff;
  9097: ffffff;
  9098: ffffff;
  9099: ffffff;
  9100: ffffff;
  9101: ffffff;
  9102: fefefe;
  9103: fefefe;
  9104: fdfdfd;
  9105: fcfcfc;
  9106: fcfcfc;
  9107: fcfcfc;
  9108: fcfcfc;
  9109: fdfdfd;
  9110: fdfdfd;
  9111: fefefe;
  9112: fefefe;
  9113: fefefe;
  9114: ffffff;
  9115: ffffff;
  9116: ffffff;
  9117: ffffff;
  9118: ffffff;
  9119: ffffff;
  9120: ffffff;
  9121: ffffff;
  9122: ffffff;
  9123: ffffff;
  9124: ffffff;
  9125: ffffff;
  9126: ffffff;
  9127: ffffff;
  9128: ffffff;
  9129: f9f9f9;
  9130: efefef;
  9131: e6e6e6;
  9132: dddddd;
  9133: d5d5d5;
  9134: b0b0b0;
  9135: 7f7f7f;
  9136: 494949;
  9137: 181818;
  9138: 0;
  9139: 0;
  9140: 0;
  9141: 0;
  9142: 0;
  9143: 0;
  9144: 0;
  9145: 60606;
  9146: 101010;
  9147: 1a1a1a;
  9148: 222222;
  9149: 272727;
  9150: 272727;
  9151: 272727;
  9152: 272727;
  9153: 272727;
  9154: 272727;
  9155: 222222;
  9156: 1a1a1a;
  9157: 101010;
  9158: 60606;
  9159: 0;
  9160: 0;
  9161: 0;
  9162: 0;
  9163: 0;
  9164: 0;
  9165: 0;
  9166: 181818;
  9167: 494949;
  9168: 7f7f7f;
  9169: b0b0b0;
  9170: d5d5d5;
  9171: dddddd;
  9172: e6e6e6;
  9173: efefef;
  9174: f9f9f9;
  9175: ffffff;
  9176: ffffff;
  9177: ffffff;
  9178: ffffff;
  9179: ffffff;
  9180: ffffff;
  9181: ffffff;
  9182: ffffff;
  9183: ffffff;
  9184: ffffff;
  9185: ffffff;
  9186: ffffff;
  9187: ffffff;
  9188: ffffff;
  9189: ffffff;
  9190: fefefe;
  9191: fefefe;
  9192: fefefe;
  9193: fdfdfd;
  9194: fdfdfd;
  9195: fcfcfc;
  9196: fcfcfc;
  9197: fcfcfc;
  9198: fcfcfc;
  9199: fdfdfd;
  9200: fefefe;
  9201: fefefe;
  9202: ffffff;
  9203: ffffff;
  9204: ffffff;
  9205: ffffff;
  9206: ffffff;
  9207: ffffff;
  9208: ffffff;
  9209: ffffff;
  9210: ffffff;
  9211: fefefe;
  9212: fefefe;
  9213: fefefe;
  9214: fefefe;
  9215: fefefe;
  9216: fefefe;
  9217: fefefe;
  9218: fefefe;
  9219: fefefe;
  9220: fefefe;
  9221: ffffff;
  9222: ffffff;
  9223: ffffff;
  9224: ffffff;
  9225: ffffff;
  9226: ffffff;
  9227: ffffff;
  9228: ffffff;
  9229: ffffff;
  9230: fefefe;
  9231: fefefe;
  9232: fdfdfd;
  9233: fcfcfc;
  9234: fcfcfc;
  9235: fcfcfc;
  9236: fcfcfc;
  9237: fdfdfd;
  9238: fdfdfd;
  9239: fefefe;
  9240: fefefe;
  9241: fefefe;
  9242: ffffff;
  9243: ffffff;
  9244: ffffff;
  9245: ffffff;
  9246: ffffff;
  9247: ffffff;
  9248: ffffff;
  9249: ffffff;
  9250: ffffff;
  9251: ffffff;
  9252: ffffff;
  9253: ffffff;
  9254: ffffff;
  9255: ffffff;
  9256: ffffff;
  9257: ffffff;
  9258: ffffff;
  9259: ffffff;
  9260: ffffff;
  9261: fbfbfb;
  9262: d3d3d3;
  9263: 9d9d9d;
  9264: 626262;
  9265: 2c2c2c;
  9266: 40404;
  9267: 0;
  9268: 0;
  9269: 0;
  9270: 0;
  9271: 0;
  9272: 0;
  9273: 0;
  9274: 0;
  9275: 0;
  9276: 0;
  9277: 0;
  9278: 0;
  9279: 0;
  9280: 0;
  9281: 0;
  9282: 0;
  9283: 0;
  9284: 0;
  9285: 0;
  9286: 0;
  9287: 0;
  9288: 0;
  9289: 0;
  9290: 0;
  9291: 0;
  9292: 0;
  9293: 40404;
  9294: 2c2c2c;
  9295: 626262;
  9296: 9d9d9d;
  9297: d3d3d3;
  9298: fbfbfb;
  9299: ffffff;
  9300: ffffff;
  9301: ffffff;
  9302: ffffff;
  9303: ffffff;
  9304: ffffff;
  9305: ffffff;
  9306: ffffff;
  9307: ffffff;
  9308: ffffff;
  9309: ffffff;
  9310: ffffff;
  9311: ffffff;
  9312: ffffff;
  9313: ffffff;
  9314: ffffff;
  9315: ffffff;
  9316: ffffff;
  9317: ffffff;
  9318: fefefe;
  9319: fefefe;
  9320: fefefe;
  9321: fdfdfd;
  9322: fdfdfd;
  9323: fcfcfc;
  9324: fcfcfc;
  9325: fcfcfc;
  9326: fcfcfc;
  9327: fdfdfd;
  9328: fefefe;
  9329: fefefe;
  9330: ffffff;
  9331: ffffff;
  9332: ffffff;
  9333: ffffff;
  9334: ffffff;
  9335: ffffff;
  9336: ffffff;
  9337: ffffff;
  9338: ffffff;
  9339: fefefe;
  9340: fefefe;
  9341: fefefe;
  9342: fefefe;
  9343: fefefe;
  9344: fefefe;
  9345: fefefe;
  9346: fefefe;
  9347: fefefe;
  9348: fefefe;
  9349: ffffff;
  9350: ffffff;
  9351: ffffff;
  9352: ffffff;
  9353: ffffff;
  9354: ffffff;
  9355: ffffff;
  9356: ffffff;
  9357: ffffff;
  9358: fefefe;
  9359: fefefe;
  9360: fdfdfd;
  9361: fcfcfc;
  9362: fcfcfc;
  9363: fcfcfc;
  9364: fcfcfc;
  9365: fdfdfd;
  9366: fdfdfd;
  9367: fefefe;
  9368: fefefe;
  9369: fefefe;
  9370: ffffff;
  9371: ffffff;
  9372: ffffff;
  9373: ffffff;
  9374: ffffff;
  9375: ffffff;
  9376: ffffff;
  9377: ffffff;
  9378: ffffff;
  9379: ffffff;
  9380: ffffff;
  9381: ffffff;
  9382: ffffff;
  9383: ffffff;
  9384: ffffff;
  9385: ffffff;
  9386: ffffff;
  9387: ffffff;
  9388: ffffff;
  9389: ffffff;
  9390: e7e7e7;
  9391: b6b6b6;
  9392: 808080;
  9393: 4f4f4f;
  9394: 2a2a2a;
  9395: 232323;
  9396: 1b1b1b;
  9397: 121212;
  9398: 90909;
  9399: 20202;
  9400: 0;
  9401: 0;
  9402: 0;
  9403: 0;
  9404: 0;
  9405: 0;
  9406: 0;
  9407: 0;
  9408: 0;
  9409: 0;
  9410: 0;
  9411: 0;
  9412: 0;
  9413: 0;
  9414: 0;
  9415: 0;
  9416: 20202;
  9417: 90909;
  9418: 121212;
  9419: 1b1b1b;
  9420: 232323;
  9421: 2a2a2a;
  9422: 4f4f4f;
  9423: 808080;
  9424: b6b6b6;
  9425: e7e7e7;
  9426: ffffff;
  9427: ffffff;
  9428: ffffff;
  9429: ffffff;
  9430: ffffff;
  9431: ffffff;
  9432: ffffff;
  9433: ffffff;
  9434: ffffff;
  9435: ffffff;
  9436: ffffff;
  9437: ffffff;
  9438: ffffff;
  9439: ffffff;
  9440: ffffff;
  9441: ffffff;
  9442: ffffff;
  9443: ffffff;
  9444: ffffff;
  9445: ffffff;
  9446: fefefe;
  9447: fefefe;
  9448: fefefe;
  9449: fdfdfd;
  9450: fdfdfd;
  9451: fcfcfc;
  9452: fcfcfc;
  9453: fcfcfc;
  9454: fcfcfc;
  9455: fdfdfd;
  9456: fefefe;
  9457: fefefe;
  9458: ffffff;
  9459: ffffff;
  9460: ffffff;
  9461: ffffff;
  9462: ffffff;
  9463: ffffff;
  9464: ffffff;
  9465: ffffff;
  9466: ffffff;
  9467: fefefe;
  9468: fefefe;
  9469: fefefe;
  9470: fefefe;
  9471: fefefe;
  9472: fefefe;
  9473: fefefe;
  9474: fefefe;
  9475: fefefe;
  9476: fefefe;
  9477: fefefe;
  9478: fefefe;
  9479: fefefe;
  9480: fefefe;
  9481: fefefe;
  9482: fefefe;
  9483: fefefe;
  9484: ffffff;
  9485: ffffff;
  9486: fefefe;
  9487: fefefe;
  9488: fefefe;
  9489: fdfdfd;
  9490: fdfdfd;
  9491: fdfdfd;
  9492: fdfdfd;
  9493: fefefe;
  9494: fefefe;
  9495: fefefe;
  9496: fefefe;
  9497: fefefe;
  9498: ffffff;
  9499: fefefe;
  9500: fefefe;
  9501: fefefe;
  9502: fefefe;
  9503: ffffff;
  9504: ffffff;
  9505: ffffff;
  9506: ffffff;
  9507: ffffff;
  9508: ffffff;
  9509: ffffff;
  9510: ffffff;
  9511: ffffff;
  9512: ffffff;
  9513: ffffff;
  9514: ffffff;
  9515: ffffff;
  9516: ffffff;
  9517: ffffff;
  9518: f3f3f3;
  9519: cdcdcd;
  9520: a4a4a4;
  9521: 7f7f7f;
  9522: 636363;
  9523: 555555;
  9524: 424242;
  9525: 2c2c2c;
  9526: 171717;
  9527: 60606;
  9528: 0;
  9529: 0;
  9530: 0;
  9531: 0;
  9532: 0;
  9533: 0;
  9534: 0;
  9535: 0;
  9536: 0;
  9537: 0;
  9538: 0;
  9539: 0;
  9540: 0;
  9541: 0;
  9542: 0;
  9543: 0;
  9544: 60606;
  9545: 171717;
  9546: 2c2c2c;
  9547: 424242;
  9548: 555555;
  9549: 636363;
  9550: 7f7f7f;
  9551: a4a4a4;
  9552: cdcdcd;
  9553: f3f3f3;
  9554: ffffff;
  9555: ffffff;
  9556: ffffff;
  9557: ffffff;
  9558: ffffff;
  9559: ffffff;
  9560: ffffff;
  9561: ffffff;
  9562: ffffff;
  9563: ffffff;
  9564: ffffff;
  9565: ffffff;
  9566: ffffff;
  9567: ffffff;
  9568: ffffff;
  9569: fefefe;
  9570: fefefe;
  9571: fefefe;
  9572: fefefe;
  9573: ffffff;
  9574: fefefe;
  9575: fefefe;
  9576: fefefe;
  9577: fefefe;
  9578: fefefe;
  9579: fdfdfd;
  9580: fdfdfd;
  9581: fdfdfd;
  9582: fdfdfd;
  9583: fefefe;
  9584: fefefe;
  9585: fefefe;
  9586: ffffff;
  9587: ffffff;
  9588: fefefe;
  9589: fefefe;
  9590: fefefe;
  9591: fefefe;
  9592: fefefe;
  9593: fefefe;
  9594: fefefe;
  9595: fefefe;
  9596: fefefe;
  9597: fefefe;
  9598: fefefe;
  9599: fefefe;
  9600: ffffff;
  9601: ffffff;
  9602: ffffff;
  9603: ffffff;
  9604: fefefe;
  9605: fefefe;
  9606: fefefe;
  9607: fdfdfd;
  9608: fdfdfd;
  9609: fdfdfd;
  9610: fefefe;
  9611: fefefe;
  9612: fefefe;
  9613: fefefe;
  9614: fefefe;
  9615: ffffff;
  9616: fefefe;
  9617: fefefe;
  9618: fefefe;
  9619: fefefe;
  9620: fefefe;
  9621: fefefe;
  9622: fefefe;
  9623: ffffff;
  9624: ffffff;
  9625: fefefe;
  9626: fefefe;
  9627: fefefe;
  9628: fefefe;
  9629: fefefe;
  9630: fefefe;
  9631: fefefe;
  9632: fefefe;
  9633: ffffff;
  9634: ffffff;
  9635: ffffff;
  9636: ffffff;
  9637: ffffff;
  9638: fefefe;
  9639: fefefe;
  9640: ffffff;
  9641: ffffff;
  9642: ffffff;
  9643: ffffff;
  9644: ffffff;
  9645: ffffff;
  9646: f9f9f9;
  9647: e2e2e2;
  9648: c9c9c9;
  9649: b2b2b2;
  9650: a1a1a1;
  9651: 8e8e8e;
  9652: 6e6e6e;
  9653: 4a4a4a;
  9654: 252525;
  9655: 90909;
  9656: 0;
  9657: 0;
  9658: 0;
  9659: 0;
  9660: 0;
  9661: 0;
  9662: 0;
  9663: 0;
  9664: 0;
  9665: 0;
  9666: 0;
  9667: 0;
  9668: 0;
  9669: 0;
  9670: 0;
  9671: 0;
  9672: 90909;
  9673: 252525;
  9674: 4a4a4a;
  9675: 6e6e6e;
  9676: 8e8e8e;
  9677: a1a1a1;
  9678: b2b2b2;
  9679: c9c9c9;
  9680: e2e2e2;
  9681: f9f9f9;
  9682: ffffff;
  9683: ffffff;
  9684: ffffff;
  9685: ffffff;
  9686: ffffff;
  9687: ffffff;
  9688: fefefe;
  9689: fefefe;
  9690: ffffff;
  9691: ffffff;
  9692: ffffff;
  9693: ffffff;
  9694: ffffff;
  9695: fefefe;
  9696: fefefe;
  9697: fefefe;
  9698: fefefe;
  9699: fefefe;
  9700: fefefe;
  9701: fefefe;
  9702: fefefe;
  9703: ffffff;
  9704: ffffff;
  9705: fefefe;
  9706: fefefe;
  9707: fefefe;
  9708: fefefe;
  9709: fefefe;
  9710: fefefe;
  9711: fefefe;
  9712: ffffff;
  9713: fefefe;
  9714: fefefe;
  9715: fefefe;
  9716: fefefe;
  9717: fefefe;
  9718: fdfdfd;
  9719: fdfdfd;
  9720: fdfdfd;
  9721: fefefe;
  9722: fefefe;
  9723: fefefe;
  9724: ffffff;
  9725: ffffff;
  9726: ffffff;
  9727: ffffff;
  9728: ffffff;
  9729: ffffff;
  9730: ffffff;
  9731: ffffff;
  9732: fefefe;
  9733: fdfdfd;
  9734: fdfdfd;
  9735: fcfcfc;
  9736: fcfcfc;
  9737: fcfcfc;
  9738: fdfdfd;
  9739: fdfdfd;
  9740: fefefe;
  9741: fefefe;
  9742: fefefe;
  9743: ffffff;
  9744: ffffff;
  9745: fefefe;
  9746: fefefe;
  9747: fefefe;
  9748: fefefe;
  9749: ffffff;
  9750: ffffff;
  9751: ffffff;
  9752: ffffff;
  9753: fefefe;
  9754: fefefe;
  9755: fdfdfd;
  9756: fdfdfd;
  9757: fdfdfd;
  9758: fdfdfd;
  9759: fefefe;
  9760: fefefe;
  9761: ffffff;
  9762: ffffff;
  9763: ffffff;
  9764: ffffff;
  9765: ffffff;
  9766: fefefe;
  9767: fefefe;
  9768: fefefe;
  9769: ffffff;
  9770: ffffff;
  9771: ffffff;
  9772: ffffff;
  9773: ffffff;
  9774: fcfcfc;
  9775: f3f3f3;
  9776: e9e9e9;
  9777: e0e0e0;
  9778: d9d9d9;
  9779: c0c0c0;
  9780: 959595;
  9781: 646464;
  9782: 333333;
  9783: d0d0d;
  9784: 0;
  9785: 0;
  9786: 0;
  9787: 0;
  9788: 0;
  9789: 0;
  9790: 0;
  9791: 0;
  9792: 0;
  9793: 0;
  9794: 0;
  9795: 0;
  9796: 0;
  9797: 0;
  9798: 0;
  9799: 0;
  9800: d0d0d;
  9801: 333333;
  9802: 646464;
  9803: 959595;
  9804: c0c0c0;
  9805: d9d9d9;
  9806: e0e0e0;
  9807: e9e9e9;
  9808: f3f3f3;
  9809: fcfcfc;
  9810: ffffff;
  9811: ffffff;
  9812: ffffff;
  9813: ffffff;
  9814: ffffff;
  9815: fefefe;
  9816: fefefe;
  9817: fefefe;
  9818: ffffff;
  9819: ffffff;
  9820: ffffff;
  9821: ffffff;
  9822: ffffff;
  9823: fefefe;
  9824: fefefe;
  9825: fdfdfd;
  9826: fdfdfd;
  9827: fdfdfd;
  9828: fdfdfd;
  9829: fefefe;
  9830: fefefe;
  9831: ffffff;
  9832: ffffff;
  9833: ffffff;
  9834: ffffff;
  9835: fefefe;
  9836: fefefe;
  9837: fefefe;
  9838: fefefe;
  9839: ffffff;
  9840: ffffff;
  9841: fefefe;
  9842: fefefe;
  9843: fefefe;
  9844: fdfdfd;
  9845: fdfdfd;
  9846: fcfcfc;
  9847: fcfcfc;
  9848: fcfcfc;
  9849: fdfdfd;
  9850: fdfdfd;
  9851: fefefe;
  9852: ffffff;
  9853: ffffff;
  9854: ffffff;
  9855: ffffff;
  9856: ffffff;
  9857: ffffff;
  9858: ffffff;
  9859: ffffff;
  9860: fefefe;
  9861: fdfdfd;
  9862: fdfdfd;
  9863: fcfcfc;
  9864: fcfcfc;
  9865: fcfcfc;
  9866: fdfdfd;
  9867: fdfdfd;
  9868: fefefe;
  9869: fefefe;
  9870: fefefe;
  9871: ffffff;
  9872: ffffff;
  9873: ffffff;
  9874: ffffff;
  9875: ffffff;
  9876: ffffff;
  9877: ffffff;
  9878: ffffff;
  9879: ffffff;
  9880: ffffff;
  9881: fefefe;
  9882: fefefe;
  9883: fdfdfd;
  9884: fdfdfd;
  9885: fdfdfd;
  9886: fdfdfd;
  9887: fefefe;
  9888: fefefe;
  9889: ffffff;
  9890: ffffff;
  9891: ffffff;
  9892: ffffff;
  9893: ffffff;
  9894: fefefe;
  9895: fefefe;
  9896: fefefe;
  9897: fefefe;
  9898: fefefe;
  9899: ffffff;
  9900: ffffff;
  9901: ffffff;
  9902: ffffff;
  9903: ffffff;
  9904: ffffff;
  9905: ffffff;
  9906: ffffff;
  9907: e3e3e3;
  9908: b0b0b0;
  9909: 767676;
  9910: 3c3c3c;
  9911: f0f0f;
  9912: 0;
  9913: 0;
  9914: 0;
  9915: 0;
  9916: 0;
  9917: 0;
  9918: 0;
  9919: 0;
  9920: 0;
  9921: 0;
  9922: 0;
  9923: 0;
  9924: 0;
  9925: 0;
  9926: 0;
  9927: 0;
  9928: f0f0f;
  9929: 3c3c3c;
  9930: 767676;
  9931: b0b0b0;
  9932: e3e3e3;
  9933: ffffff;
  9934: ffffff;
  9935: ffffff;
  9936: ffffff;
  9937: ffffff;
  9938: ffffff;
  9939: ffffff;
  9940: ffffff;
  9941: fefefe;
  9942: fefefe;
  9943: fefefe;
  9944: fefefe;
  9945: fefefe;
  9946: ffffff;
  9947: ffffff;
  9948: ffffff;
  9949: ffffff;
  9950: ffffff;
  9951: fefefe;
  9952: fefefe;
  9953: fdfdfd;
  9954: fdfdfd;
  9955: fdfdfd;
  9956: fdfdfd;
  9957: fefefe;
  9958: fefefe;
  9959: ffffff;
  9960: ffffff;
  9961: ffffff;
  9962: ffffff;
  9963: ffffff;
  9964: ffffff;
  9965: ffffff;
  9966: ffffff;
  9967: ffffff;
  9968: ffffff;
  9969: fefefe;
  9970: fefefe;
  9971: fefefe;
  9972: fdfdfd;
  9973: fdfdfd;
  9974: fcfcfc;
  9975: fcfcfc;
  9976: fcfcfc;
  9977: fdfdfd;
  9978: fdfdfd;
  9979: fefefe;
  9980: ffffff;
  9981: ffffff;
  9982: ffffff;
  9983: ffffff;
  9984: ffffff;
  9985: ffffff;
  9986: ffffff;
  9987: ffffff;
  9988: fefefe;
  9989: fdfdfd;
  9990: fdfdfd;
  9991: fcfcfc;
  9992: fcfcfc;
  9993: fcfcfc;
  9994: fdfdfd;
  9995: fdfdfd;
  9996: fefefe;
  9997: fefefe;
  9998: fefefe;
  9999: ffffff;
  10000: ffffff;
  10001: ffffff;
  10002: ffffff;
  10003: ffffff;
  10004: ffffff;
  10005: ffffff;
  10006: ffffff;
  10007: ffffff;
  10008: ffffff;
  10009: fefefe;
  10010: fefefe;
  10011: fdfdfd;
  10012: fdfdfd;
  10013: fdfdfd;
  10014: fdfdfd;
  10015: fefefe;
  10016: fefefe;
  10017: ffffff;
  10018: ffffff;
  10019: ffffff;
  10020: ffffff;
  10021: ffffff;
  10022: fefefe;
  10023: fefefe;
  10024: fefefe;
  10025: fefefe;
  10026: fefefe;
  10027: ffffff;
  10028: ffffff;
  10029: ffffff;
  10030: ffffff;
  10031: ffffff;
  10032: ffffff;
  10033: ffffff;
  10034: ffffff;
  10035: f5f5f5;
  10036: bebebe;
  10037: 7f7f7f;
  10038: 414141;
  10039: 101010;
  10040: 0;
  10041: 0;
  10042: 0;
  10043: 0;
  10044: 0;
  10045: 0;
  10046: 0;
  10047: 0;
  10048: 0;
  10049: 0;
  10050: 0;
  10051: 0;
  10052: 0;
  10053: 0;
  10054: 0;
  10055: 0;
  10056: 101010;
  10057: 414141;
  10058: 7f7f7f;
  10059: bebebe;
  10060: f5f5f5;
  10061: ffffff;
  10062: ffffff;
  10063: ffffff;
  10064: ffffff;
  10065: ffffff;
  10066: ffffff;
  10067: ffffff;
  10068: ffffff;
  10069: fefefe;
  10070: fefefe;
  10071: fefefe;
  10072: fefefe;
  10073: fefefe;
  10074: ffffff;
  10075: ffffff;
  10076: ffffff;
  10077: ffffff;
  10078: ffffff;
  10079: fefefe;
  10080: fefefe;
  10081: fdfdfd;
  10082: fdfdfd;
  10083: fdfdfd;
  10084: fdfdfd;
  10085: fefefe;
  10086: fefefe;
  10087: ffffff;
  10088: ffffff;
  10089: ffffff;
  10090: ffffff;
  10091: ffffff;
  10092: ffffff;
  10093: ffffff;
  10094: ffffff;
  10095: ffffff;
  10096: ffffff;
  10097: fefefe;
  10098: fefefe;
  10099: fefefe;
  10100: fdfdfd;
  10101: fdfdfd;
  10102: fcfcfc;
  10103: fcfcfc;
  10104: fcfcfc;
  10105: fdfdfd;
  10106: fdfdfd;
  10107: fefefe;
  10108: ffffff;
  10109: ffffff;
  10110: ffffff;
  10111: ffffff;
  10112: ffffff;
  10113: ffffff;
  10114: ffffff;
  10115: ffffff;
  10116: fefefe;
  10117: fdfdfd;
  10118: fdfdfd;
  10119: fcfcfc;
  10120: fcfcfc;
  10121: fcfcfc;
  10122: fdfdfd;
  10123: fdfdfd;
  10124: fefefe;
  10125: fefefe;
  10126: fefefe;
  10127: ffffff;
  10128: ffffff;
  10129: ffffff;
  10130: ffffff;
  10131: ffffff;
  10132: ffffff;
  10133: ffffff;
  10134: ffffff;
  10135: ffffff;
  10136: ffffff;
  10137: fefefe;
  10138: fefefe;
  10139: fdfdfd;
  10140: fdfdfd;
  10141: fdfdfd;
  10142: fdfdfd;
  10143: fefefe;
  10144: fefefe;
  10145: ffffff;
  10146: ffffff;
  10147: ffffff;
  10148: ffffff;
  10149: ffffff;
  10150: fefefe;
  10151: fefefe;
  10152: fefefe;
  10153: fefefe;
  10154: fefefe;
  10155: ffffff;
  10156: ffffff;
  10157: ffffff;
  10158: ffffff;
  10159: ffffff;
  10160: ffffff;
  10161: ffffff;
  10162: ffffff;
  10163: fefefe;
  10164: c5c5c5;
  10165: 848484;
  10166: 434343;
  10167: 111111;
  10168: 0;
  10169: 0;
  10170: 0;
  10171: 0;
  10172: 0;
  10173: 0;
  10174: 0;
  10175: 0;
  10176: 0;
  10177: 0;
  10178: 0;
  10179: 0;
  10180: 0;
  10181: 0;
  10182: 0;
  10183: 0;
  10184: 111111;
  10185: 434343;
  10186: 848484;
  10187: c5c5c5;
  10188: fefefe;
  10189: ffffff;
  10190: ffffff;
  10191: ffffff;
  10192: ffffff;
  10193: ffffff;
  10194: ffffff;
  10195: ffffff;
  10196: ffffff;
  10197: fefefe;
  10198: fefefe;
  10199: fefefe;
  10200: fefefe;
  10201: fefefe;
  10202: ffffff;
  10203: ffffff;
  10204: ffffff;
  10205: ffffff;
  10206: ffffff;
  10207: fefefe;
  10208: fefefe;
  10209: fdfdfd;
  10210: fdfdfd;
  10211: fdfdfd;
  10212: fdfdfd;
  10213: fefefe;
  10214: fefefe;
  10215: ffffff;
  10216: ffffff;
  10217: ffffff;
  10218: ffffff;
  10219: ffffff;
  10220: ffffff;
  10221: ffffff;
  10222: ffffff;
  10223: ffffff;
  10224: ffffff;
  10225: fefefe;
  10226: fefefe;
  10227: fefefe;
  10228: fdfdfd;
  10229: fdfdfd;
  10230: fcfcfc;
  10231: fcfcfc;
  10232: fcfcfc;
  10233: fdfdfd;
  10234: fdfdfd;
  10235: fefefe;
  10236: ffffff;
  10237: ffffff;
  10238: ffffff;
  10239: ffffff;
  10240: ffffff;
  10241: ffffff;
  10242: ffffff;
  10243: ffffff;
  10244: fefefe;
  10245: fdfdfd;
  10246: fdfdfd;
  10247: fcfcfc;
  10248: fcfcfc;
  10249: fcfcfc;
  10250: fdfdfd;
  10251: fdfdfd;
  10252: fefefe;
  10253: fefefe;
  10254: fefefe;
  10255: ffffff;
  10256: ffffff;
  10257: ffffff;
  10258: ffffff;
  10259: ffffff;
  10260: ffffff;
  10261: ffffff;
  10262: ffffff;
  10263: ffffff;
  10264: ffffff;
  10265: fefefe;
  10266: fefefe;
  10267: fdfdfd;
  10268: fdfdfd;
  10269: fdfdfd;
  10270: fdfdfd;
  10271: fefefe;
  10272: fefefe;
  10273: ffffff;
  10274: ffffff;
  10275: ffffff;
  10276: ffffff;
  10277: ffffff;
  10278: fefefe;
  10279: fefefe;
  10280: fefefe;
  10281: fefefe;
  10282: fefefe;
  10283: ffffff;
  10284: ffffff;
  10285: ffffff;
  10286: ffffff;
  10287: ffffff;
  10288: ffffff;
  10289: ffffff;
  10290: ffffff;
  10291: fefefe;
  10292: c5c5c5;
  10293: 848484;
  10294: 434343;
  10295: 111111;
  10296: 0;
  10297: 0;
  10298: 0;
  10299: 0;
  10300: 0;
  10301: 0;
  10302: 0;
  10303: 0;
  10304: 0;
  10305: 0;
  10306: 0;
  10307: 0;
  10308: 0;
  10309: 0;
  10310: 0;
  10311: 0;
  10312: 111111;
  10313: 434343;
  10314: 848484;
  10315: c5c5c5;
  10316: fefefe;
  10317: ffffff;
  10318: ffffff;
  10319: ffffff;
  10320: ffffff;
  10321: ffffff;
  10322: ffffff;
  10323: ffffff;
  10324: ffffff;
  10325: fefefe;
  10326: fefefe;
  10327: fefefe;
  10328: fefefe;
  10329: fefefe;
  10330: ffffff;
  10331: ffffff;
  10332: ffffff;
  10333: ffffff;
  10334: ffffff;
  10335: fefefe;
  10336: fefefe;
  10337: fdfdfd;
  10338: fdfdfd;
  10339: fdfdfd;
  10340: fdfdfd;
  10341: fefefe;
  10342: fefefe;
  10343: ffffff;
  10344: ffffff;
  10345: ffffff;
  10346: ffffff;
  10347: ffffff;
  10348: ffffff;
  10349: ffffff;
  10350: ffffff;
  10351: ffffff;
  10352: ffffff;
  10353: fefefe;
  10354: fefefe;
  10355: fefefe;
  10356: fdfdfd;
  10357: fdfdfd;
  10358: fcfcfc;
  10359: fcfcfc;
  10360: fcfcfc;
  10361: fdfdfd;
  10362: fdfdfd;
  10363: fefefe;
  10364: ffffff;
  10365: ffffff;
  10366: ffffff;
  10367: ffffff;
  10368: ffffff;
  10369: ffffff;
  10370: ffffff;
  10371: ffffff;
  10372: fefefe;
  10373: fdfdfd;
  10374: fdfdfd;
  10375: fcfcfc;
  10376: fcfcfc;
  10377: fcfcfc;
  10378: fdfdfd;
  10379: fdfdfd;
  10380: fefefe;
  10381: fefefe;
  10382: fefefe;
  10383: ffffff;
  10384: ffffff;
  10385: ffffff;
  10386: ffffff;
  10387: ffffff;
  10388: ffffff;
  10389: ffffff;
  10390: ffffff;
  10391: ffffff;
  10392: ffffff;
  10393: fefefe;
  10394: fefefe;
  10395: fdfdfd;
  10396: fdfdfd;
  10397: fdfdfd;
  10398: fdfdfd;
  10399: fefefe;
  10400: fefefe;
  10401: ffffff;
  10402: ffffff;
  10403: ffffff;
  10404: ffffff;
  10405: ffffff;
  10406: fefefe;
  10407: fefefe;
  10408: fefefe;
  10409: fefefe;
  10410: fefefe;
  10411: ffffff;
  10412: ffffff;
  10413: ffffff;
  10414: ffffff;
  10415: ffffff;
  10416: ffffff;
  10417: ffffff;
  10418: ffffff;
  10419: f5f5f5;
  10420: bebebe;
  10421: 7f7f7f;
  10422: 414141;
  10423: 101010;
  10424: 0;
  10425: 0;
  10426: 0;
  10427: 0;
  10428: 0;
  10429: 0;
  10430: 0;
  10431: 0;
  10432: 0;
  10433: 0;
  10434: 0;
  10435: 0;
  10436: 0;
  10437: 0;
  10438: 0;
  10439: 0;
  10440: 101010;
  10441: 414141;
  10442: 7f7f7f;
  10443: bebebe;
  10444: f5f5f5;
  10445: ffffff;
  10446: ffffff;
  10447: ffffff;
  10448: ffffff;
  10449: ffffff;
  10450: ffffff;
  10451: ffffff;
  10452: ffffff;
  10453: fefefe;
  10454: fefefe;
  10455: fefefe;
  10456: fefefe;
  10457: fefefe;
  10458: ffffff;
  10459: ffffff;
  10460: ffffff;
  10461: ffffff;
  10462: ffffff;
  10463: fefefe;
  10464: fefefe;
  10465: fdfdfd;
  10466: fdfdfd;
  10467: fdfdfd;
  10468: fdfdfd;
  10469: fefefe;
  10470: fefefe;
  10471: ffffff;
  10472: ffffff;
  10473: ffffff;
  10474: ffffff;
  10475: ffffff;
  10476: ffffff;
  10477: ffffff;
  10478: ffffff;
  10479: ffffff;
  10480: ffffff;
  10481: fefefe;
  10482: fefefe;
  10483: fefefe;
  10484: fdfdfd;
  10485: fdfdfd;
  10486: fcfcfc;
  10487: fcfcfc;
  10488: fcfcfc;
  10489: fdfdfd;
  10490: fdfdfd;
  10491: fefefe;
  10492: ffffff;
  10493: ffffff;
  10494: ffffff;
  10495: ffffff;
  10496: ffffff;
  10497: ffffff;
  10498: ffffff;
  10499: ffffff;
  10500: fefefe;
  10501: fdfdfd;
  10502: fdfdfd;
  10503: fcfcfc;
  10504: fcfcfc;
  10505: fcfcfc;
  10506: fdfdfd;
  10507: fdfdfd;
  10508: fefefe;
  10509: fefefe;
  10510: fefefe;
  10511: ffffff;
  10512: ffffff;
  10513: ffffff;
  10514: ffffff;
  10515: ffffff;
  10516: ffffff;
  10517: ffffff;
  10518: ffffff;
  10519: ffffff;
  10520: ffffff;
  10521: fefefe;
  10522: fefefe;
  10523: fdfdfd;
  10524: fdfdfd;
  10525: fdfdfd;
  10526: fdfdfd;
  10527: fefefe;
  10528: fefefe;
  10529: ffffff;
  10530: ffffff;
  10531: ffffff;
  10532: ffffff;
  10533: ffffff;
  10534: fefefe;
  10535: fefefe;
  10536: fefefe;
  10537: fefefe;
  10538: fefefe;
  10539: ffffff;
  10540: ffffff;
  10541: ffffff;
  10542: ffffff;
  10543: ffffff;
  10544: ffffff;
  10545: ffffff;
  10546: ffffff;
  10547: e3e3e3;
  10548: b0b0b0;
  10549: 767676;
  10550: 3c3c3c;
  10551: f0f0f;
  10552: 0;
  10553: 0;
  10554: 0;
  10555: 0;
  10556: 0;
  10557: 0;
  10558: 0;
  10559: 0;
  10560: 0;
  10561: 0;
  10562: 0;
  10563: 0;
  10564: 0;
  10565: 0;
  10566: 0;
  10567: 0;
  10568: f0f0f;
  10569: 3c3c3c;
  10570: 767676;
  10571: b0b0b0;
  10572: e3e3e3;
  10573: ffffff;
  10574: ffffff;
  10575: ffffff;
  10576: ffffff;
  10577: ffffff;
  10578: ffffff;
  10579: ffffff;
  10580: ffffff;
  10581: fefefe;
  10582: fefefe;
  10583: fefefe;
  10584: fefefe;
  10585: fefefe;
  10586: ffffff;
  10587: ffffff;
  10588: ffffff;
  10589: ffffff;
  10590: ffffff;
  10591: fefefe;
  10592: fefefe;
  10593: fdfdfd;
  10594: fdfdfd;
  10595: fdfdfd;
  10596: fdfdfd;
  10597: fefefe;
  10598: fefefe;
  10599: ffffff;
  10600: ffffff;
  10601: ffffff;
  10602: ffffff;
  10603: ffffff;
  10604: ffffff;
  10605: ffffff;
  10606: ffffff;
  10607: ffffff;
  10608: ffffff;
  10609: fefefe;
  10610: fefefe;
  10611: fefefe;
  10612: fdfdfd;
  10613: fdfdfd;
  10614: fcfcfc;
  10615: fcfcfc;
  10616: fcfcfc;
  10617: fdfdfd;
  10618: fdfdfd;
  10619: fefefe;
  10620: ffffff;
  10621: ffffff;
  10622: ffffff;
  10623: ffffff;
  10624: ffffff;
  10625: ffffff;
  10626: ffffff;
  10627: ffffff;
  10628: fefefe;
  10629: fdfdfd;
  10630: fdfdfd;
  10631: fcfcfc;
  10632: fcfcfc;
  10633: fcfcfc;
  10634: fdfdfd;
  10635: fdfdfd;
  10636: fefefe;
  10637: fefefe;
  10638: fefefe;
  10639: ffffff;
  10640: ffffff;
  10641: fefefe;
  10642: fefefe;
  10643: fefefe;
  10644: fefefe;
  10645: ffffff;
  10646: ffffff;
  10647: ffffff;
  10648: ffffff;
  10649: fefefe;
  10650: fefefe;
  10651: fdfdfd;
  10652: fdfdfd;
  10653: fdfdfd;
  10654: fdfdfd;
  10655: fefefe;
  10656: fefefe;
  10657: ffffff;
  10658: ffffff;
  10659: ffffff;
  10660: ffffff;
  10661: ffffff;
  10662: fefefe;
  10663: fefefe;
  10664: fefefe;
  10665: ffffff;
  10666: ffffff;
  10667: ffffff;
  10668: ffffff;
  10669: ffffff;
  10670: fcfcfc;
  10671: f3f3f3;
  10672: e9e9e9;
  10673: e0e0e0;
  10674: d9d9d9;
  10675: c0c0c0;
  10676: 959595;
  10677: 646464;
  10678: 333333;
  10679: d0d0d;
  10680: 0;
  10681: 0;
  10682: 0;
  10683: 0;
  10684: 0;
  10685: 0;
  10686: 0;
  10687: 0;
  10688: 0;
  10689: 0;
  10690: 0;
  10691: 0;
  10692: 0;
  10693: 0;
  10694: 0;
  10695: 0;
  10696: d0d0d;
  10697: 333333;
  10698: 646464;
  10699: 959595;
  10700: c0c0c0;
  10701: d9d9d9;
  10702: e0e0e0;
  10703: e9e9e9;
  10704: f3f3f3;
  10705: fcfcfc;
  10706: ffffff;
  10707: ffffff;
  10708: ffffff;
  10709: ffffff;
  10710: ffffff;
  10711: fefefe;
  10712: fefefe;
  10713: fefefe;
  10714: ffffff;
  10715: ffffff;
  10716: ffffff;
  10717: ffffff;
  10718: ffffff;
  10719: fefefe;
  10720: fefefe;
  10721: fdfdfd;
  10722: fdfdfd;
  10723: fdfdfd;
  10724: fdfdfd;
  10725: fefefe;
  10726: fefefe;
  10727: ffffff;
  10728: ffffff;
  10729: ffffff;
  10730: ffffff;
  10731: fefefe;
  10732: fefefe;
  10733: fefefe;
  10734: fefefe;
  10735: ffffff;
  10736: ffffff;
  10737: fefefe;
  10738: fefefe;
  10739: fefefe;
  10740: fdfdfd;
  10741: fdfdfd;
  10742: fcfcfc;
  10743: fcfcfc;
  10744: fcfcfc;
  10745: fdfdfd;
  10746: fdfdfd;
  10747: fefefe;
  10748: ffffff;
  10749: ffffff;
  10750: ffffff;
  10751: ffffff;
  10752: ffffff;
  10753: ffffff;
  10754: ffffff;
  10755: ffffff;
  10756: fefefe;
  10757: fefefe;
  10758: fefefe;
  10759: fdfdfd;
  10760: fdfdfd;
  10761: fdfdfd;
  10762: fefefe;
  10763: fefefe;
  10764: fefefe;
  10765: fefefe;
  10766: fefefe;
  10767: ffffff;
  10768: fefefe;
  10769: fefefe;
  10770: fefefe;
  10771: fefefe;
  10772: fefefe;
  10773: fefefe;
  10774: fefefe;
  10775: ffffff;
  10776: ffffff;
  10777: fefefe;
  10778: fefefe;
  10779: fefefe;
  10780: fefefe;
  10781: fefefe;
  10782: fefefe;
  10783: fefefe;
  10784: fefefe;
  10785: ffffff;
  10786: ffffff;
  10787: ffffff;
  10788: ffffff;
  10789: ffffff;
  10790: fefefe;
  10791: fefefe;
  10792: ffffff;
  10793: ffffff;
  10794: ffffff;
  10795: ffffff;
  10796: ffffff;
  10797: ffffff;
  10798: f9f9f9;
  10799: e2e2e2;
  10800: c9c9c9;
  10801: b2b2b2;
  10802: a1a1a1;
  10803: 8e8e8e;
  10804: 6e6e6e;
  10805: 4a4a4a;
  10806: 252525;
  10807: 90909;
  10808: 0;
  10809: 0;
  10810: 0;
  10811: 0;
  10812: 0;
  10813: 0;
  10814: 0;
  10815: 0;
  10816: 0;
  10817: 0;
  10818: 0;
  10819: 0;
  10820: 0;
  10821: 0;
  10822: 0;
  10823: 0;
  10824: 90909;
  10825: 252525;
  10826: 4a4a4a;
  10827: 6e6e6e;
  10828: 8e8e8e;
  10829: a1a1a1;
  10830: b2b2b2;
  10831: c9c9c9;
  10832: e2e2e2;
  10833: f9f9f9;
  10834: ffffff;
  10835: ffffff;
  10836: ffffff;
  10837: ffffff;
  10838: ffffff;
  10839: ffffff;
  10840: fefefe;
  10841: fefefe;
  10842: ffffff;
  10843: ffffff;
  10844: ffffff;
  10845: ffffff;
  10846: ffffff;
  10847: fefefe;
  10848: fefefe;
  10849: fefefe;
  10850: fefefe;
  10851: fefefe;
  10852: fefefe;
  10853: fefefe;
  10854: fefefe;
  10855: ffffff;
  10856: ffffff;
  10857: fefefe;
  10858: fefefe;
  10859: fefefe;
  10860: fefefe;
  10861: fefefe;
  10862: fefefe;
  10863: fefefe;
  10864: ffffff;
  10865: fefefe;
  10866: fefefe;
  10867: fefefe;
  10868: fefefe;
  10869: fefefe;
  10870: fdfdfd;
  10871: fdfdfd;
  10872: fdfdfd;
  10873: fefefe;
  10874: fefefe;
  10875: fefefe;
  10876: ffffff;
  10877: ffffff;
  10878: ffffff;
  10879: ffffff;
  10880: fefefe;
  10881: fefefe;
  10882: fefefe;
  10883: fefefe;
  10884: fefefe;
  10885: fefefe;
  10886: fefefe;
  10887: fefefe;
  10888: fefefe;
  10889: fefefe;
  10890: fefefe;
  10891: fefefe;
  10892: ffffff;
  10893: ffffff;
  10894: fefefe;
  10895: fefefe;
  10896: fefefe;
  10897: fdfdfd;
  10898: fdfdfd;
  10899: fdfdfd;
  10900: fdfdfd;
  10901: fefefe;
  10902: fefefe;
  10903: fefefe;
  10904: fefefe;
  10905: fefefe;
  10906: ffffff;
  10907: fefefe;
  10908: fefefe;
  10909: fefefe;
  10910: fefefe;
  10911: ffffff;
  10912: ffffff;
  10913: ffffff;
  10914: ffffff;
  10915: ffffff;
  10916: ffffff;
  10917: ffffff;
  10918: ffffff;
  10919: ffffff;
  10920: ffffff;
  10921: ffffff;
  10922: ffffff;
  10923: ffffff;
  10924: ffffff;
  10925: ffffff;
  10926: f3f3f3;
  10927: cdcdcd;
  10928: a4a4a4;
  10929: 7f7f7f;
  10930: 636363;
  10931: 555555;
  10932: 424242;
  10933: 2c2c2c;
  10934: 171717;
  10935: 60606;
  10936: 0;
  10937: 0;
  10938: 0;
  10939: 0;
  10940: 0;
  10941: 0;
  10942: 0;
  10943: 0;
  10944: 0;
  10945: 0;
  10946: 0;
  10947: 0;
  10948: 0;
  10949: 0;
  10950: 0;
  10951: 0;
  10952: 60606;
  10953: 171717;
  10954: 2c2c2c;
  10955: 424242;
  10956: 555555;
  10957: 636363;
  10958: 7f7f7f;
  10959: a4a4a4;
  10960: cdcdcd;
  10961: f3f3f3;
  10962: ffffff;
  10963: ffffff;
  10964: ffffff;
  10965: ffffff;
  10966: ffffff;
  10967: ffffff;
  10968: ffffff;
  10969: ffffff;
  10970: ffffff;
  10971: ffffff;
  10972: ffffff;
  10973: ffffff;
  10974: ffffff;
  10975: ffffff;
  10976: ffffff;
  10977: fefefe;
  10978: fefefe;
  10979: fefefe;
  10980: fefefe;
  10981: ffffff;
  10982: fefefe;
  10983: fefefe;
  10984: fefefe;
  10985: fefefe;
  10986: fefefe;
  10987: fdfdfd;
  10988: fdfdfd;
  10989: fdfdfd;
  10990: fdfdfd;
  10991: fefefe;
  10992: fefefe;
  10993: fefefe;
  10994: ffffff;
  10995: ffffff;
  10996: fefefe;
  10997: fefefe;
  10998: fefefe;
  10999: fefefe;
  11000: fefefe;
  11001: fefefe;
  11002: fefefe;
  11003: fefefe;
  11004: fefefe;
  11005: fefefe;
  11006: fefefe;
  11007: fefefe;
  11008: fefefe;
  11009: fefefe;
  11010: fefefe;
  11011: fefefe;
  11012: fefefe;
  11013: ffffff;
  11014: ffffff;
  11015: ffffff;
  11016: ffffff;
  11017: ffffff;
  11018: ffffff;
  11019: ffffff;
  11020: ffffff;
  11021: ffffff;
  11022: fefefe;
  11023: fefefe;
  11024: fdfdfd;
  11025: fcfcfc;
  11026: fcfcfc;
  11027: fcfcfc;
  11028: fcfcfc;
  11029: fdfdfd;
  11030: fdfdfd;
  11031: fefefe;
  11032: fefefe;
  11033: fefefe;
  11034: ffffff;
  11035: ffffff;
  11036: ffffff;
  11037: ffffff;
  11038: ffffff;
  11039: ffffff;
  11040: ffffff;
  11041: ffffff;
  11042: ffffff;
  11043: ffffff;
  11044: ffffff;
  11045: ffffff;
  11046: ffffff;
  11047: ffffff;
  11048: ffffff;
  11049: ffffff;
  11050: ffffff;
  11051: ffffff;
  11052: ffffff;
  11053: ffffff;
  11054: e7e7e7;
  11055: b6b6b6;
  11056: 808080;
  11057: 4f4f4f;
  11058: 2a2a2a;
  11059: 232323;
  11060: 1b1b1b;
  11061: 121212;
  11062: 90909;
  11063: 20202;
  11064: 0;
  11065: 0;
  11066: 0;
  11067: 0;
  11068: 0;
  11069: 0;
  11070: 0;
  11071: 0;
  11072: 0;
  11073: 0;
  11074: 0;
  11075: 0;
  11076: 0;
  11077: 0;
  11078: 0;
  11079: 0;
  11080: 20202;
  11081: 90909;
  11082: 121212;
  11083: 1b1b1b;
  11084: 232323;
  11085: 2a2a2a;
  11086: 4f4f4f;
  11087: 808080;
  11088: b6b6b6;
  11089: e7e7e7;
  11090: ffffff;
  11091: ffffff;
  11092: ffffff;
  11093: ffffff;
  11094: ffffff;
  11095: ffffff;
  11096: ffffff;
  11097: ffffff;
  11098: ffffff;
  11099: ffffff;
  11100: ffffff;
  11101: ffffff;
  11102: ffffff;
  11103: ffffff;
  11104: ffffff;
  11105: ffffff;
  11106: ffffff;
  11107: ffffff;
  11108: ffffff;
  11109: ffffff;
  11110: fefefe;
  11111: fefefe;
  11112: fefefe;
  11113: fdfdfd;
  11114: fdfdfd;
  11115: fcfcfc;
  11116: fcfcfc;
  11117: fcfcfc;
  11118: fcfcfc;
  11119: fdfdfd;
  11120: fefefe;
  11121: fefefe;
  11122: ffffff;
  11123: ffffff;
  11124: ffffff;
  11125: ffffff;
  11126: ffffff;
  11127: ffffff;
  11128: ffffff;
  11129: ffffff;
  11130: ffffff;
  11131: fefefe;
  11132: fefefe;
  11133: fefefe;
  11134: fefefe;
  11135: fefefe;
  11136: fefefe;
  11137: fefefe;
  11138: fefefe;
  11139: fefefe;
  11140: fefefe;
  11141: ffffff;
  11142: ffffff;
  11143: ffffff;
  11144: ffffff;
  11145: ffffff;
  11146: ffffff;
  11147: ffffff;
  11148: ffffff;
  11149: ffffff;
  11150: fefefe;
  11151: fefefe;
  11152: fdfdfd;
  11153: fcfcfc;
  11154: fcfcfc;
  11155: fcfcfc;
  11156: fcfcfc;
  11157: fdfdfd;
  11158: fdfdfd;
  11159: fefefe;
  11160: fefefe;
  11161: fefefe;
  11162: ffffff;
  11163: ffffff;
  11164: ffffff;
  11165: ffffff;
  11166: ffffff;
  11167: ffffff;
  11168: ffffff;
  11169: ffffff;
  11170: ffffff;
  11171: ffffff;
  11172: ffffff;
  11173: ffffff;
  11174: ffffff;
  11175: ffffff;
  11176: ffffff;
  11177: ffffff;
  11178: ffffff;
  11179: ffffff;
  11180: ffffff;
  11181: fbfbfb;
  11182: d3d3d3;
  11183: 9d9d9d;
  11184: 626262;
  11185: 2c2c2c;
  11186: 40404;
  11187: 0;
  11188: 0;
  11189: 0;
  11190: 0;
  11191: 0;
  11192: 0;
  11193: 0;
  11194: 0;
  11195: 0;
  11196: 0;
  11197: 0;
  11198: 0;
  11199: 0;
  11200: 0;
  11201: 0;
  11202: 0;
  11203: 0;
  11204: 0;
  11205: 0;
  11206: 0;
  11207: 0;
  11208: 0;
  11209: 0;
  11210: 0;
  11211: 0;
  11212: 0;
  11213: 40404;
  11214: 2c2c2c;
  11215: 626262;
  11216: 9d9d9d;
  11217: d3d3d3;
  11218: fbfbfb;
  11219: ffffff;
  11220: ffffff;
  11221: ffffff;
  11222: ffffff;
  11223: ffffff;
  11224: ffffff;
  11225: ffffff;
  11226: ffffff;
  11227: ffffff;
  11228: ffffff;
  11229: ffffff;
  11230: ffffff;
  11231: ffffff;
  11232: ffffff;
  11233: ffffff;
  11234: ffffff;
  11235: ffffff;
  11236: ffffff;
  11237: ffffff;
  11238: fefefe;
  11239: fefefe;
  11240: fefefe;
  11241: fdfdfd;
  11242: fdfdfd;
  11243: fcfcfc;
  11244: fcfcfc;
  11245: fcfcfc;
  11246: fcfcfc;
  11247: fdfdfd;
  11248: fefefe;
  11249: fefefe;
  11250: ffffff;
  11251: ffffff;
  11252: ffffff;
  11253: ffffff;
  11254: ffffff;
  11255: ffffff;
  11256: ffffff;
  11257: ffffff;
  11258: ffffff;
  11259: fefefe;
  11260: fefefe;
  11261: fefefe;
  11262: fefefe;
  11263: fefefe;
  11264: fefefe;
  11265: fefefe;
  11266: fefefe;
  11267: fefefe;
  11268: fefefe;
  11269: ffffff;
  11270: ffffff;
  11271: ffffff;
  11272: ffffff;
  11273: ffffff;
  11274: ffffff;
  11275: ffffff;
  11276: ffffff;
  11277: ffffff;
  11278: fefefe;
  11279: fefefe;
  11280: fdfdfd;
  11281: fcfcfc;
  11282: fcfcfc;
  11283: fcfcfc;
  11284: fcfcfc;
  11285: fdfdfd;
  11286: fdfdfd;
  11287: fefefe;
  11288: fefefe;
  11289: fefefe;
  11290: ffffff;
  11291: ffffff;
  11292: ffffff;
  11293: ffffff;
  11294: ffffff;
  11295: ffffff;
  11296: ffffff;
  11297: ffffff;
  11298: ffffff;
  11299: ffffff;
  11300: ffffff;
  11301: ffffff;
  11302: ffffff;
  11303: ffffff;
  11304: ffffff;
  11305: f9f9f9;
  11306: efefef;
  11307: e6e6e6;
  11308: dddddd;
  11309: d5d5d5;
  11310: b0b0b0;
  11311: 7f7f7f;
  11312: 494949;
  11313: 181818;
  11314: 0;
  11315: 0;
  11316: 0;
  11317: 0;
  11318: 0;
  11319: 0;
  11320: 0;
  11321: 60606;
  11322: 101010;
  11323: 1a1a1a;
  11324: 222222;
  11325: 272727;
  11326: 272727;
  11327: 272727;
  11328: 272727;
  11329: 272727;
  11330: 272727;
  11331: 222222;
  11332: 1a1a1a;
  11333: 101010;
  11334: 60606;
  11335: 0;
  11336: 0;
  11337: 0;
  11338: 0;
  11339: 0;
  11340: 0;
  11341: 0;
  11342: 181818;
  11343: 494949;
  11344: 7f7f7f;
  11345: b0b0b0;
  11346: d5d5d5;
  11347: dddddd;
  11348: e6e6e6;
  11349: efefef;
  11350: f9f9f9;
  11351: ffffff;
  11352: ffffff;
  11353: ffffff;
  11354: ffffff;
  11355: ffffff;
  11356: ffffff;
  11357: ffffff;
  11358: ffffff;
  11359: ffffff;
  11360: ffffff;
  11361: ffffff;
  11362: ffffff;
  11363: ffffff;
  11364: ffffff;
  11365: ffffff;
  11366: fefefe;
  11367: fefefe;
  11368: fefefe;
  11369: fdfdfd;
  11370: fdfdfd;
  11371: fcfcfc;
  11372: fcfcfc;
  11373: fcfcfc;
  11374: fcfcfc;
  11375: fdfdfd;
  11376: fefefe;
  11377: fefefe;
  11378: ffffff;
  11379: ffffff;
  11380: ffffff;
  11381: ffffff;
  11382: ffffff;
  11383: ffffff;
  11384: ffffff;
  11385: ffffff;
  11386: ffffff;
  11387: fefefe;
  11388: fefefe;
  11389: fefefe;
  11390: fefefe;
  11391: fefefe;
  11392: ffffff;
  11393: ffffff;
  11394: ffffff;
  11395: ffffff;
  11396: fefefe;
  11397: ffffff;
  11398: ffffff;
  11399: fefefe;
  11400: fefefe;
  11401: fefefe;
  11402: fefefe;
  11403: fefefe;
  11404: fefefe;
  11405: fefefe;
  11406: fefefe;
  11407: fefefe;
  11408: fdfdfd;
  11409: fdfdfd;
  11410: fdfdfd;
  11411: fdfdfd;
  11412: fdfdfd;
  11413: fefefe;
  11414: fefefe;
  11415: fefefe;
  11416: fefefe;
  11417: fefefe;
  11418: ffffff;
  11419: ffffff;
  11420: ffffff;
  11421: ffffff;
  11422: ffffff;
  11423: ffffff;
  11424: ffffff;
  11425: ffffff;
  11426: ffffff;
  11427: ffffff;
  11428: ffffff;
  11429: ffffff;
  11430: ffffff;
  11431: ffffff;
  11432: ffffff;
  11433: f2f2f2;
  11434: dadada;
  11435: c1c1c1;
  11436: ababab;
  11437: 9c9c9c;
  11438: 808080;
  11439: 5b5b5b;
  11440: 323232;
  11441: c0c0c;
  11442: 0;
  11443: 0;
  11444: 0;
  11445: 0;
  11446: 0;
  11447: 0;
  11448: 0;
  11449: e0e0e;
  11450: 262626;
  11451: 3f3f3f;
  11452: 545454;
  11453: 606060;
  11454: 606060;
  11455: 606060;
  11456: 606060;
  11457: 606060;
  11458: 606060;
  11459: 545454;
  11460: 3f3f3f;
  11461: 262626;
  11462: e0e0e;
  11463: 0;
  11464: 0;
  11465: 0;
  11466: 0;
  11467: 0;
  11468: 0;
  11469: 0;
  11470: c0c0c;
  11471: 323232;
  11472: 5b5b5b;
  11473: 808080;
  11474: 9c9c9c;
  11475: ababab;
  11476: c1c1c1;
  11477: dadada;
  11478: f2f2f2;
  11479: ffffff;
  11480: ffffff;
  11481: ffffff;
  11482: ffffff;
  11483: ffffff;
  11484: ffffff;
  11485: ffffff;
  11486: ffffff;
  11487: ffffff;
  11488: ffffff;
  11489: ffffff;
  11490: ffffff;
  11491: ffffff;
  11492: ffffff;
  11493: ffffff;
  11494: fefefe;
  11495: fefefe;
  11496: fefefe;
  11497: fefefe;
  11498: fefefe;
  11499: fdfdfd;
  11500: fdfdfd;
  11501: fdfdfd;
  11502: fdfdfd;
  11503: fdfdfd;
  11504: fefefe;
  11505: fefefe;
  11506: fefefe;
  11507: fefefe;
  11508: fefefe;
  11509: fefefe;
  11510: fefefe;
  11511: fefefe;
  11512: fefefe;
  11513: ffffff;
  11514: ffffff;
  11515: fefefe;
  11516: ffffff;
  11517: ffffff;
  11518: ffffff;
  11519: ffffff;
  11520: ffffff;
  11521: ffffff;
  11522: ffffff;
  11523: ffffff;
  11524: fefefe;
  11525: ffffff;
  11526: fefefe;
  11527: fefefe;
  11528: fefefe;
  11529: fefefe;
  11530: fefefe;
  11531: fefefe;
  11532: fefefe;
  11533: fefefe;
  11534: fdfdfd;
  11535: fefefe;
  11536: fefefe;
  11537: fefefe;
  11538: fefefe;
  11539: fefefe;
  11540: fefefe;
  11541: fefefe;
  11542: fefefe;
  11543: ffffff;
  11544: ffffff;
  11545: ffffff;
  11546: fefefe;
  11547: fefefe;
  11548: fefefe;
  11549: fefefe;
  11550: fefefe;
  11551: fefefe;
  11552: ffffff;
  11553: ffffff;
  11554: ffffff;
  11555: ffffff;
  11556: ffffff;
  11557: ffffff;
  11558: ffffff;
  11559: ffffff;
  11560: ffffff;
  11561: e8e8e8;
  11562: c0c0c0;
  11563: 979797;
  11564: 747474;
  11565: 5e5e5e;
  11566: 4d4d4d;
  11567: 363636;
  11568: 1d1d1d;
  11569: 60606;
  11570: 0;
  11571: 0;
  11572: 0;
  11573: 0;
  11574: 0;
  11575: 0;
  11576: 0;
  11577: 181818;
  11578: 404040;
  11579: 696969;
  11580: 8c8c8c;
  11581: 9f9f9f;
  11582: 9f9f9f;
  11583: 9f9f9f;
  11584: 9f9f9f;
  11585: 9f9f9f;
  11586: 9f9f9f;
  11587: 8c8c8c;
  11588: 696969;
  11589: 404040;
  11590: 181818;
  11591: 0;
  11592: 0;
  11593: 0;
  11594: 0;
  11595: 0;
  11596: 0;
  11597: 0;
  11598: 60606;
  11599: 1d1d1d;
  11600: 363636;
  11601: 4d4d4d;
  11602: 5e5e5e;
  11603: 747474;
  11604: 979797;
  11605: c0c0c0;
  11606: e8e8e8;
  11607: ffffff;
  11608: ffffff;
  11609: ffffff;
  11610: ffffff;
  11611: ffffff;
  11612: ffffff;
  11613: ffffff;
  11614: ffffff;
  11615: ffffff;
  11616: fefefe;
  11617: fefefe;
  11618: fefefe;
  11619: fefefe;
  11620: fefefe;
  11621: fefefe;
  11622: ffffff;
  11623: ffffff;
  11624: ffffff;
  11625: fefefe;
  11626: fefefe;
  11627: fefefe;
  11628: fefefe;
  11629: fefefe;
  11630: fefefe;
  11631: fefefe;
  11632: fefefe;
  11633: fdfdfd;
  11634: fefefe;
  11635: fefefe;
  11636: fefefe;
  11637: fefefe;
  11638: fefefe;
  11639: fefefe;
  11640: fefefe;
  11641: fefefe;
  11642: ffffff;
  11643: fefefe;
  11644: ffffff;
  11645: ffffff;
  11646: ffffff;
  11647: ffffff;
  11648: ffffff;
  11649: ffffff;
  11650: ffffff;
  11651: ffffff;
  11652: fefefe;
  11653: fefefe;
  11654: fefefe;
  11655: fdfdfd;
  11656: fdfdfd;
  11657: fdfdfd;
  11658: fdfdfd;
  11659: fdfdfd;
  11660: fdfdfd;
  11661: fdfdfd;
  11662: fdfdfd;
  11663: fefefe;
  11664: fefefe;
  11665: ffffff;
  11666: fefefe;
  11667: fefefe;
  11668: fefefe;
  11669: ffffff;
  11670: ffffff;
  11671: ffffff;
  11672: ffffff;
  11673: ffffff;
  11674: fefefe;
  11675: fefefe;
  11676: fefefe;
  11677: fefefe;
  11678: fefefe;
  11679: fefefe;
  11680: ffffff;
  11681: ffffff;
  11682: ffffff;
  11683: ffffff;
  11684: ffffff;
  11685: ffffff;
  11686: ffffff;
  11687: ffffff;
  11688: ffffff;
  11689: d9d9d9;
  11690: a5a5a5;
  11691: 6f6f6f;
  11692: 414141;
  11693: 262626;
  11694: 1f1f1f;
  11695: 161616;
  11696: c0c0c;
  11697: 30303;
  11698: 0;
  11699: 0;
  11700: 0;
  11701: 0;
  11702: 0;
  11703: 0;
  11704: 0;
  11705: 272727;
  11706: 5b5b5b;
  11707: 919191;
  11708: bfbfbf;
  11709: d8d8d8;
  11710: d8d8d8;
  11711: d8d8d8;
  11712: d8d8d8;
  11713: d8d8d8;
  11714: d8d8d8;
  11715: bfbfbf;
  11716: 919191;
  11717: 5b5b5b;
  11718: 272727;
  11719: 0;
  11720: 0;
  11721: 0;
  11722: 0;
  11723: 0;
  11724: 0;
  11725: 0;
  11726: 30303;
  11727: c0c0c;
  11728: 161616;
  11729: 1f1f1f;
  11730: 262626;
  11731: 414141;
  11732: 6f6f6f;
  11733: a5a5a5;
  11734: d9d9d9;
  11735: ffffff;
  11736: ffffff;
  11737: ffffff;
  11738: ffffff;
  11739: ffffff;
  11740: ffffff;
  11741: ffffff;
  11742: ffffff;
  11743: ffffff;
  11744: fefefe;
  11745: fefefe;
  11746: fefefe;
  11747: fefefe;
  11748: fefefe;
  11749: fefefe;
  11750: ffffff;
  11751: ffffff;
  11752: ffffff;
  11753: ffffff;
  11754: ffffff;
  11755: fefefe;
  11756: fefefe;
  11757: fefefe;
  11758: ffffff;
  11759: fefefe;
  11760: fefefe;
  11761: fdfdfd;
  11762: fdfdfd;
  11763: fdfdfd;
  11764: fdfdfd;
  11765: fdfdfd;
  11766: fdfdfd;
  11767: fdfdfd;
  11768: fdfdfd;
  11769: fefefe;
  11770: fefefe;
  11771: fefefe;
  11772: ffffff;
  11773: ffffff;
  11774: ffffff;
  11775: ffffff;
  11776: ffffff;
  11777: ffffff;
  11778: ffffff;
  11779: ffffff;
  11780: fefefe;
  11781: fefefe;
  11782: fefefe;
  11783: fdfdfd;
  11784: fdfdfd;
  11785: fdfdfd;
  11786: fdfdfd;
  11787: fdfdfd;
  11788: fdfdfd;
  11789: fdfdfd;
  11790: fdfdfd;
  11791: fefefe;
  11792: fefefe;
  11793: ffffff;
  11794: ffffff;
  11795: ffffff;
  11796: ffffff;
  11797: ffffff;
  11798: ffffff;
  11799: ffffff;
  11800: ffffff;
  11801: ffffff;
  11802: fefefe;
  11803: fefefe;
  11804: fefefe;
  11805: fefefe;
  11806: fefefe;
  11807: fefefe;
  11808: ffffff;
  11809: ffffff;
  11810: ffffff;
  11811: ffffff;
  11812: ffffff;
  11813: ffffff;
  11814: ffffff;
  11815: ffffff;
  11816: f0f0f0;
  11817: c3c3c3;
  11818: 8a8a8a;
  11819: 4f4f4f;
  11820: 1d1d1d;
  11821: 0;
  11822: 0;
  11823: 0;
  11824: 0;
  11825: 0;
  11826: 0;
  11827: 0;
  11828: 0;
  11829: 0;
  11830: 0;
  11831: 0;
  11832: 101010;
  11833: 3d3d3d;
  11834: 767676;
  11835: b1b1b1;
  11836: e3e3e3;
  11837: ffffff;
  11838: ffffff;
  11839: ffffff;
  11840: ffffff;
  11841: ffffff;
  11842: ffffff;
  11843: e3e3e3;
  11844: b1b1b1;
  11845: 767676;
  11846: 3d3d3d;
  11847: 101010;
  11848: 0;
  11849: 0;
  11850: 0;
  11851: 0;
  11852: 0;
  11853: 0;
  11854: 0;
  11855: 0;
  11856: 0;
  11857: 0;
  11858: 0;
  11859: 1d1d1d;
  11860: 4f4f4f;
  11861: 8a8a8a;
  11862: c3c3c3;
  11863: f0f0f0;
  11864: ffffff;
  11865: ffffff;
  11866: ffffff;
  11867: ffffff;
  11868: ffffff;
  11869: ffffff;
  11870: ffffff;
  11871: ffffff;
  11872: fefefe;
  11873: fefefe;
  11874: fefefe;
  11875: fefefe;
  11876: fefefe;
  11877: fefefe;
  11878: ffffff;
  11879: ffffff;
  11880: ffffff;
  11881: ffffff;
  11882: ffffff;
  11883: ffffff;
  11884: ffffff;
  11885: ffffff;
  11886: ffffff;
  11887: fefefe;
  11888: fefefe;
  11889: fdfdfd;
  11890: fdfdfd;
  11891: fdfdfd;
  11892: fdfdfd;
  11893: fdfdfd;
  11894: fdfdfd;
  11895: fdfdfd;
  11896: fdfdfd;
  11897: fefefe;
  11898: fefefe;
  11899: fefefe;
  11900: ffffff;
  11901: ffffff;
  11902: ffffff;
  11903: ffffff;
  11904: fefefe;
  11905: fefefe;
  11906: fefefe;
  11907: fefefe;
  11908: fdfdfd;
  11909: fefefe;
  11910: fefefe;
  11911: fdfdfd;
  11912: fdfdfd;
  11913: fdfdfd;
  11914: fdfdfd;
  11915: fdfdfd;
  11916: fdfdfd;
  11917: fdfdfd;
  11918: fdfdfd;
  11919: fefefe;
  11920: fefefe;
  11921: ffffff;
  11922: ffffff;
  11923: ffffff;
  11924: ffffff;
  11925: ffffff;
  11926: ffffff;
  11927: ffffff;
  11928: ffffff;
  11929: ffffff;
  11930: fefefe;
  11931: fefefe;
  11932: fefefe;
  11933: fefefe;
  11934: ffffff;
  11935: ffffff;
  11936: ffffff;
  11937: ffffff;
  11938: ffffff;
  11939: fefefe;
  11940: f6f6f6;
  11941: ececec;
  11942: e2e2e2;
  11943: dbdbdb;
  11944: cbcbcb;
  11945: a2a2a2;
  11946: 6e6e6e;
  11947: 383838;
  11948: a0a0a;
  11949: 0;
  11950: 0;
  11951: 0;
  11952: 0;
  11953: 0;
  11954: 0;
  11955: 10101;
  11956: 90909;
  11957: 131313;
  11958: 1d1d1d;
  11959: 242424;
  11960: 353535;
  11961: 5e5e5e;
  11962: 929292;
  11963: c8c8c8;
  11964: f6f6f6;
  11965: ffffff;
  11966: ffffff;
  11967: ffffff;
  11968: ffffff;
  11969: ffffff;
  11970: ffffff;
  11971: f6f6f6;
  11972: c8c8c8;
  11973: 929292;
  11974: 5e5e5e;
  11975: 353535;
  11976: 242424;
  11977: 1d1d1d;
  11978: 131313;
  11979: 90909;
  11980: 10101;
  11981: 0;
  11982: 0;
  11983: 0;
  11984: 0;
  11985: 0;
  11986: 0;
  11987: a0a0a;
  11988: 383838;
  11989: 6e6e6e;
  11990: a2a2a2;
  11991: cbcbcb;
  11992: dbdbdb;
  11993: e2e2e2;
  11994: ececec;
  11995: f6f6f6;
  11996: fefefe;
  11997: ffffff;
  11998: ffffff;
  11999: ffffff;
  12000: ffffff;
  12001: ffffff;
  12002: fefefe;
  12003: fefefe;
  12004: fefefe;
  12005: fefefe;
  12006: ffffff;
  12007: ffffff;
  12008: ffffff;
  12009: ffffff;
  12010: ffffff;
  12011: ffffff;
  12012: ffffff;
  12013: ffffff;
  12014: ffffff;
  12015: fefefe;
  12016: fefefe;
  12017: fdfdfd;
  12018: fdfdfd;
  12019: fdfdfd;
  12020: fdfdfd;
  12021: fdfdfd;
  12022: fdfdfd;
  12023: fdfdfd;
  12024: fdfdfd;
  12025: fefefe;
  12026: fefefe;
  12027: fdfdfd;
  12028: fefefe;
  12029: fefefe;
  12030: fefefe;
  12031: fefefe;
  12032: fcfcfc;
  12033: fdfdfd;
  12034: fdfdfd;
  12035: fdfdfd;
  12036: fdfdfd;
  12037: fdfdfd;
  12038: fefefe;
  12039: fefefe;
  12040: fefefe;
  12041: fefefe;
  12042: fdfdfd;
  12043: fdfdfd;
  12044: fcfcfc;
  12045: fcfcfc;
  12046: fcfcfc;
  12047: fefefe;
  12048: fefefe;
  12049: ffffff;
  12050: ffffff;
  12051: ffffff;
  12052: ffffff;
  12053: ffffff;
  12054: ffffff;
  12055: ffffff;
  12056: ffffff;
  12057: ffffff;
  12058: fefefe;
  12059: fefefe;
  12060: fefefe;
  12061: fefefe;
  12062: ffffff;
  12063: ffffff;
  12064: ffffff;
  12065: ffffff;
  12066: ffffff;
  12067: ffffff;
  12068: e9e9e9;
  12069: d1d1d1;
  12070: b9b9b9;
  12071: a5a5a5;
  12072: 959595;
  12073: 757575;
  12074: 4e4e4e;
  12075: 252525;
  12076: 20202;
  12077: 0;
  12078: 0;
  12079: 0;
  12080: 0;
  12081: 0;
  12082: 0;
  12083: 0;
  12084: 161616;
  12085: 2f2f2f;
  12086: 464646;
  12087: 5a5a5a;
  12088: 6b6b6b;
  12089: 8a8a8a;
  12090: b2b2b2;
  12091: dbdbdb;
  12092: fefefe;
  12093: ffffff;
  12094: ffffff;
  12095: ffffff;
  12096: ffffff;
  12097: ffffff;
  12098: ffffff;
  12099: fefefe;
  12100: dbdbdb;
  12101: b2b2b2;
  12102: 8a8a8a;
  12103: 6b6b6b;
  12104: 5a5a5a;
  12105: 464646;
  12106: 2f2f2f;
  12107: 161616;
  12108: 0;
  12109: 0;
  12110: 0;
  12111: 0;
  12112: 0;
  12113: 0;
  12114: 0;
  12115: 20202;
  12116: 252525;
  12117: 4e4e4e;
  12118: 757575;
  12119: 959595;
  12120: a5a5a5;
  12121: b9b9b9;
  12122: d1d1d1;
  12123: e9e9e9;
  12124: ffffff;
  12125: ffffff;
  12126: ffffff;
  12127: ffffff;
  12128: ffffff;
  12129: ffffff;
  12130: fefefe;
  12131: fefefe;
  12132: fefefe;
  12133: fefefe;
  12134: ffffff;
  12135: ffffff;
  12136: ffffff;
  12137: ffffff;
  12138: ffffff;
  12139: ffffff;
  12140: ffffff;
  12141: ffffff;
  12142: ffffff;
  12143: fefefe;
  12144: fefefe;
  12145: fcfcfc;
  12146: fcfcfc;
  12147: fcfcfc;
  12148: fdfdfd;
  12149: fdfdfd;
  12150: fefefe;
  12151: fefefe;
  12152: fefefe;
  12153: fefefe;
  12154: fdfdfd;
  12155: fdfdfd;
  12156: fdfdfd;
  12157: fdfdfd;
  12158: fdfdfd;
  12159: fcfcfc;
  12160: fafafa;
  12161: fbfbfb;
  12162: fbfbfb;
  12163: fcfcfc;
  12164: fcfcfc;
  12165: fdfdfd;
  12166: fefefe;
  12167: fefefe;
  12168: fefefe;
  12169: fefefe;
  12170: fefefe;
  12171: fdfdfd;
  12172: fcfcfc;
  12173: fcfcfc;
  12174: fcfcfc;
  12175: fdfdfd;
  12176: fefefe;
  12177: ffffff;
  12178: ffffff;
  12179: ffffff;
  12180: ffffff;
  12181: ffffff;
  12182: ffffff;
  12183: ffffff;
  12184: ffffff;
  12185: ffffff;
  12186: ffffff;
  12187: ffffff;
  12188: ffffff;
  12189: ffffff;
  12190: ffffff;
  12191: ffffff;
  12192: ffffff;
  12193: ffffff;
  12194: ffffff;
  12195: fcfcfc;
  12196: dadada;
  12197: b1b1b1;
  12198: 8a8a8a;
  12199: 6a6a6a;
  12200: 5a5a5a;
  12201: 464646;
  12202: 2e2e2e;
  12203: 151515;
  12204: 0;
  12205: 0;
  12206: 0;
  12207: 0;
  12208: 0;
  12209: 0;
  12210: 0;
  12211: 30303;
  12212: 252525;
  12213: 4e4e4e;
  12214: 757575;
  12215: 959595;
  12216: a6a6a6;
  12217: b9b9b9;
  12218: d1d1d1;
  12219: eaeaea;
  12220: ffffff;
  12221: ffffff;
  12222: ffffff;
  12223: ffffff;
  12224: ffffff;
  12225: ffffff;
  12226: ffffff;
  12227: ffffff;
  12228: eaeaea;
  12229: d1d1d1;
  12230: b9b9b9;
  12231: a6a6a6;
  12232: 959595;
  12233: 757575;
  12234: 4e4e4e;
  12235: 252525;
  12236: 30303;
  12237: 0;
  12238: 0;
  12239: 0;
  12240: 0;
  12241: 0;
  12242: 0;
  12243: 0;
  12244: 151515;
  12245: 2e2e2e;
  12246: 464646;
  12247: 5a5a5a;
  12248: 6a6a6a;
  12249: 8a8a8a;
  12250: b1b1b1;
  12251: dadada;
  12252: fcfcfc;
  12253: ffffff;
  12254: ffffff;
  12255: ffffff;
  12256: ffffff;
  12257: ffffff;
  12258: ffffff;
  12259: ffffff;
  12260: ffffff;
  12261: ffffff;
  12262: ffffff;
  12263: ffffff;
  12264: ffffff;
  12265: ffffff;
  12266: ffffff;
  12267: ffffff;
  12268: ffffff;
  12269: ffffff;
  12270: ffffff;
  12271: fefefe;
  12272: fdfdfd;
  12273: fcfcfc;
  12274: fcfcfc;
  12275: fcfcfc;
  12276: fdfdfd;
  12277: fefefe;
  12278: fefefe;
  12279: fefefe;
  12280: fefefe;
  12281: fefefe;
  12282: fdfdfd;
  12283: fcfcfc;
  12284: fcfcfc;
  12285: fbfbfb;
  12286: fbfbfb;
  12287: fafafa;
  12288: f9f9f9;
  12289: fafafa;
  12290: fafafa;
  12291: fafafa;
  12292: fbfbfb;
  12293: fcfcfc;
  12294: fefefe;
  12295: ffffff;
  12296: ffffff;
  12297: ffffff;
  12298: fefefe;
  12299: fdfdfd;
  12300: fcfcfc;
  12301: fcfcfc;
  12302: fcfcfc;
  12303: fdfdfd;
  12304: fefefe;
  12305: fefefe;
  12306: ffffff;
  12307: ffffff;
  12308: ffffff;
  12309: ffffff;
  12310: ffffff;
  12311: ffffff;
  12312: ffffff;
  12313: ffffff;
  12314: ffffff;
  12315: ffffff;
  12316: ffffff;
  12317: ffffff;
  12318: ffffff;
  12319: ffffff;
  12320: ffffff;
  12321: ffffff;
  12322: ffffff;
  12323: f4f4f4;
  12324: c6c6c6;
  12325: 919191;
  12326: 5d5d5d;
  12327: 343434;
  12328: 242424;
  12329: 1d1d1d;
  12330: 131313;
  12331: 90909;
  12332: 10101;
  12333: 0;
  12334: 0;
  12335: 0;
  12336: 0;
  12337: 0;
  12338: 0;
  12339: b0b0b;
  12340: 393939;
  12341: 6e6e6e;
  12342: a2a2a2;
  12343: cbcbcb;
  12344: dbdbdb;
  12345: e2e2e2;
  12346: ececec;
  12347: f6f6f6;
  12348: fefefe;
  12349: ffffff;
  12350: ffffff;
  12351: ffffff;
  12352: ffffff;
  12353: ffffff;
  12354: ffffff;
  12355: fefefe;
  12356: f6f6f6;
  12357: ececec;
  12358: e2e2e2;
  12359: dbdbdb;
  12360: cbcbcb;
  12361: a2a2a2;
  12362: 6e6e6e;
  12363: 393939;
  12364: b0b0b;
  12365: 0;
  12366: 0;
  12367: 0;
  12368: 0;
  12369: 0;
  12370: 0;
  12371: 10101;
  12372: 90909;
  12373: 131313;
  12374: 1d1d1d;
  12375: 242424;
  12376: 343434;
  12377: 5d5d5d;
  12378: 919191;
  12379: c6c6c6;
  12380: f4f4f4;
  12381: ffffff;
  12382: ffffff;
  12383: ffffff;
  12384: ffffff;
  12385: ffffff;
  12386: ffffff;
  12387: ffffff;
  12388: ffffff;
  12389: ffffff;
  12390: ffffff;
  12391: ffffff;
  12392: ffffff;
  12393: ffffff;
  12394: ffffff;
  12395: ffffff;
  12396: ffffff;
  12397: ffffff;
  12398: fefefe;
  12399: fefefe;
  12400: fdfdfd;
  12401: fcfcfc;
  12402: fcfcfc;
  12403: fcfcfc;
  12404: fdfdfd;
  12405: fefefe;
  12406: ffffff;
  12407: ffffff;
  12408: ffffff;
  12409: fefefe;
  12410: fcfcfc;
  12411: fbfbfb;
  12412: fafafa;
  12413: fafafa;
  12414: fafafa;
  12415: f9f9f9;
  12416: f8f8f8;
  12417: f9f9f9;
  12418: f9f9f9;
  12419: fafafa;
  12420: fbfbfb;
  12421: fcfcfc;
  12422: fefefe;
  12423: ffffff;
  12424: ffffff;
  12425: ffffff;
  12426: fefefe;
  12427: fdfdfd;
  12428: fcfcfc;
  12429: fcfcfc;
  12430: fcfcfc;
  12431: fdfdfd;
  12432: fefefe;
  12433: fefefe;
  12434: ffffff;
  12435: ffffff;
  12436: ffffff;
  12437: ffffff;
  12438: ffffff;
  12439: ffffff;
  12440: ffffff;
  12441: ffffff;
  12442: ffffff;
  12443: ffffff;
  12444: ffffff;
  12445: ffffff;
  12446: ffffff;
  12447: ffffff;
  12448: ffffff;
  12449: ffffff;
  12450: ffffff;
  12451: e1e1e1;
  12452: afafaf;
  12453: 757575;
  12454: 3c3c3c;
  12455: f0f0f;
  12456: 0;
  12457: 0;
  12458: 0;
  12459: 0;
  12460: 0;
  12461: 0;
  12462: 0;
  12463: 0;
  12464: 0;
  12465: 0;
  12466: 0;
  12467: 1e1e1e;
  12468: 505050;
  12469: 8b8b8b;
  12470: c3c3c3;
  12471: f0f0f0;
  12472: ffffff;
  12473: ffffff;
  12474: ffffff;
  12475: ffffff;
  12476: ffffff;
  12477: fefefe;
  12478: fefefe;
  12479: fefefe;
  12480: fefefe;
  12481: fefefe;
  12482: fefefe;
  12483: ffffff;
  12484: ffffff;
  12485: ffffff;
  12486: ffffff;
  12487: ffffff;
  12488: f0f0f0;
  12489: c3c3c3;
  12490: 8b8b8b;
  12491: 505050;
  12492: 1e1e1e;
  12493: 0;
  12494: 0;
  12495: 0;
  12496: 0;
  12497: 0;
  12498: 0;
  12499: 0;
  12500: 0;
  12501: 0;
  12502: 0;
  12503: 0;
  12504: f0f0f;
  12505: 3c3c3c;
  12506: 757575;
  12507: afafaf;
  12508: e1e1e1;
  12509: ffffff;
  12510: ffffff;
  12511: ffffff;
  12512: ffffff;
  12513: ffffff;
  12514: ffffff;
  12515: ffffff;
  12516: ffffff;
  12517: ffffff;
  12518: ffffff;
  12519: ffffff;
  12520: ffffff;
  12521: ffffff;
  12522: ffffff;
  12523: ffffff;
  12524: ffffff;
  12525: ffffff;
  12526: fefefe;
  12527: fefefe;
  12528: fdfdfd;
  12529: fcfcfc;
  12530: fcfcfc;
  12531: fcfcfc;
  12532: fdfdfd;
  12533: fefefe;
  12534: ffffff;
  12535: ffffff;
  12536: ffffff;
  12537: fefefe;
  12538: fcfcfc;
  12539: fbfbfb;
  12540: fafafa;
  12541: f9f9f9;
  12542: f9f9f9;
  12543: f8f8f8;
  12544: f9f9f9;
  12545: fafafa;
  12546: fafafa;
  12547: fafafa;
  12548: fbfbfb;
  12549: fcfcfc;
  12550: fefefe;
  12551: ffffff;
  12552: ffffff;
  12553: ffffff;
  12554: fefefe;
  12555: fdfdfd;
  12556: fcfcfc;
  12557: fcfcfc;
  12558: fcfcfc;
  12559: fdfdfd;
  12560: fefefe;
  12561: fefefe;
  12562: ffffff;
  12563: ffffff;
  12564: ffffff;
  12565: ffffff;
  12566: ffffff;
  12567: ffffff;
  12568: ffffff;
  12569: ffffff;
  12570: ffffff;
  12571: ffffff;
  12572: ffffff;
  12573: ffffff;
  12574: fcfcfc;
  12575: f3f3f3;
  12576: e9e9e9;
  12577: e0e0e0;
  12578: d9d9d9;
  12579: bdbdbd;
  12580: 8f8f8f;
  12581: 5a5a5a;
  12582: 262626;
  12583: 0;
  12584: 0;
  12585: 0;
  12586: 0;
  12587: 0;
  12588: 0;
  12589: 0;
  12590: 30303;
  12591: c0c0c;
  12592: 161616;
  12593: 1f1f1f;
  12594: 262626;
  12595: 424242;
  12596: 707070;
  12597: a6a6a6;
  12598: d9d9d9;
  12599: ffffff;
  12600: ffffff;
  12601: ffffff;
  12602: ffffff;
  12603: ffffff;
  12604: ffffff;
  12605: fefefe;
  12606: fefefe;
  12607: fefefe;
  12608: fefefe;
  12609: fefefe;
  12610: fefefe;
  12611: ffffff;
  12612: ffffff;
  12613: ffffff;
  12614: ffffff;
  12615: ffffff;
  12616: ffffff;
  12617: d9d9d9;
  12618: a6a6a6;
  12619: 707070;
  12620: 424242;
  12621: 262626;
  12622: 1f1f1f;
  12623: 161616;
  12624: c0c0c;
  12625: 30303;
  12626: 0;
  12627: 0;
  12628: 0;
  12629: 0;
  12630: 0;
  12631: 0;
  12632: 0;
  12633: 262626;
  12634: 5a5a5a;
  12635: 8f8f8f;
  12636: bdbdbd;
  12637: d9d9d9;
  12638: e0e0e0;
  12639: e9e9e9;
  12640: f3f3f3;
  12641: fcfcfc;
  12642: ffffff;
  12643: ffffff;
  12644: ffffff;
  12645: ffffff;
  12646: ffffff;
  12647: ffffff;
  12648: ffffff;
  12649: ffffff;
  12650: ffffff;
  12651: ffffff;
  12652: ffffff;
  12653: ffffff;
  12654: fefefe;
  12655: fefefe;
  12656: fdfdfd;
  12657: fcfcfc;
  12658: fcfcfc;
  12659: fcfcfc;
  12660: fdfdfd;
  12661: fefefe;
  12662: ffffff;
  12663: ffffff;
  12664: ffffff;
  12665: fefefe;
  12666: fcfcfc;
  12667: fbfbfb;
  12668: fafafa;
  12669: fafafa;
  12670: fafafa;
  12671: f9f9f9;
  12672: fafafa;
  12673: fbfbfb;
  12674: fbfbfb;
  12675: fcfcfc;
  12676: fcfcfc;
  12677: fdfdfd;
  12678: fefefe;
  12679: ffffff;
  12680: ffffff;
  12681: ffffff;
  12682: fefefe;
  12683: fefefe;
  12684: fdfdfd;
  12685: fdfdfd;
  12686: fdfdfd;
  12687: fefefe;
  12688: fefefe;
  12689: fefefe;
  12690: ffffff;
  12691: ffffff;
  12692: ffffff;
  12693: ffffff;
  12694: ffffff;
  12695: ffffff;
  12696: ffffff;
  12697: ffffff;
  12698: ffffff;
  12699: ffffff;
  12700: ffffff;
  12701: ffffff;
  12702: f9f9f9;
  12703: e2e2e2;
  12704: c9c9c9;
  12705: b2b2b2;
  12706: a2a2a2;
  12707: 8a8a8a;
  12708: 676767;
  12709: 3f3f3f;
  12710: 171717;
  12711: 0;
  12712: 0;
  12713: 0;
  12714: 0;
  12715: 0;
  12716: 0;
  12717: 0;
  12718: 60606;
  12719: 1d1d1d;
  12720: 363636;
  12721: 4d4d4d;
  12722: 5d5d5d;
  12723: 757575;
  12724: 989898;
  12725: c1c1c1;
  12726: e8e8e8;
  12727: ffffff;
  12728: ffffff;
  12729: ffffff;
  12730: ffffff;
  12731: ffffff;
  12732: ffffff;
  12733: fefefe;
  12734: fefefe;
  12735: fefefe;
  12736: fefefe;
  12737: fefefe;
  12738: fefefe;
  12739: ffffff;
  12740: ffffff;
  12741: ffffff;
  12742: ffffff;
  12743: ffffff;
  12744: ffffff;
  12745: e8e8e8;
  12746: c1c1c1;
  12747: 989898;
  12748: 757575;
  12749: 5d5d5d;
  12750: 4d4d4d;
  12751: 363636;
  12752: 1d1d1d;
  12753: 60606;
  12754: 0;
  12755: 0;
  12756: 0;
  12757: 0;
  12758: 0;
  12759: 0;
  12760: 0;
  12761: 171717;
  12762: 3f3f3f;
  12763: 676767;
  12764: 8a8a8a;
  12765: a2a2a2;
  12766: b2b2b2;
  12767: c9c9c9;
  12768: e2e2e2;
  12769: f9f9f9;
  12770: ffffff;
  12771: ffffff;
  12772: ffffff;
  12773: ffffff;
  12774: ffffff;
  12775: ffffff;
  12776: ffffff;
  12777: ffffff;
  12778: ffffff;
  12779: ffffff;
  12780: ffffff;
  12781: ffffff;
  12782: fefefe;
  12783: fefefe;
  12784: fefefe;
  12785: fdfdfd;
  12786: fdfdfd;
  12787: fdfdfd;
  12788: fefefe;
  12789: fefefe;
  12790: ffffff;
  12791: ffffff;
  12792: ffffff;
  12793: fefefe;
  12794: fdfdfd;
  12795: fcfcfc;
  12796: fcfcfc;
  12797: fbfbfb;
  12798: fbfbfb;
  12799: fafafa;
  12800: fcfcfc;
  12801: fdfdfd;
  12802: fdfdfd;
  12803: fdfdfd;
  12804: fdfdfd;
  12805: fdfdfd;
  12806: fefefe;
  12807: fefefe;
  12808: fefefe;
  12809: fefefe;
  12810: fefefe;
  12811: fefefe;
  12812: fefefe;
  12813: fefefe;
  12814: fefefe;
  12815: fefefe;
  12816: fefefe;
  12817: fefefe;
  12818: ffffff;
  12819: fefefe;
  12820: fefefe;
  12821: fefefe;
  12822: fefefe;
  12823: fefefe;
  12824: ffffff;
  12825: ffffff;
  12826: ffffff;
  12827: ffffff;
  12828: ffffff;
  12829: ffffff;
  12830: f3f3f3;
  12831: cecece;
  12832: a5a5a5;
  12833: 7f7f7f;
  12834: 646464;
  12835: 535353;
  12836: 3e3e3e;
  12837: 252525;
  12838: d0d0d;
  12839: 0;
  12840: 0;
  12841: 0;
  12842: 0;
  12843: 0;
  12844: 0;
  12845: 0;
  12846: c0c0c;
  12847: 313131;
  12848: 5a5a5a;
  12849: 808080;
  12850: 9b9b9b;
  12851: acacac;
  12852: c1c1c1;
  12853: dadada;
  12854: f2f2f2;
  12855: ffffff;
  12856: ffffff;
  12857: ffffff;
  12858: ffffff;
  12859: ffffff;
  12860: ffffff;
  12861: ffffff;
  12862: ffffff;
  12863: ffffff;
  12864: ffffff;
  12865: ffffff;
  12866: ffffff;
  12867: ffffff;
  12868: ffffff;
  12869: ffffff;
  12870: ffffff;
  12871: ffffff;
  12872: ffffff;
  12873: f2f2f2;
  12874: dadada;
  12875: c1c1c1;
  12876: acacac;
  12877: 9b9b9b;
  12878: 808080;
  12879: 5a5a5a;
  12880: 313131;
  12881: c0c0c;
  12882: 0;
  12883: 0;
  12884: 0;
  12885: 0;
  12886: 0;
  12887: 0;
  12888: 0;
  12889: d0d0d;
  12890: 252525;
  12891: 3e3e3e;
  12892: 535353;
  12893: 646464;
  12894: 7f7f7f;
  12895: a5a5a5;
  12896: cecece;
  12897: f3f3f3;
  12898: ffffff;
  12899: ffffff;
  12900: ffffff;
  12901: ffffff;
  12902: ffffff;
  12903: ffffff;
  12904: fefefe;
  12905: fefefe;
  12906: fefefe;
  12907: fefefe;
  12908: fefefe;
  12909: ffffff;
  12910: fefefe;
  12911: fefefe;
  12912: fefefe;
  12913: fefefe;
  12914: fefefe;
  12915: fefefe;
  12916: fefefe;
  12917: fefefe;
  12918: fefefe;
  12919: fefefe;
  12920: fefefe;
  12921: fefefe;
  12922: fdfdfd;
  12923: fdfdfd;
  12924: fdfdfd;
  12925: fdfdfd;
  12926: fdfdfd;
  12927: fcfcfc;
  12928: fefefe;
  12929: fefefe;
  12930: fefefe;
  12931: fefefe;
  12932: fefefe;
  12933: fefefe;
  12934: fefefe;
  12935: fefefe;
  12936: fefefe;
  12937: fefefe;
  12938: fefefe;
  12939: ffffff;
  12940: ffffff;
  12941: ffffff;
  12942: ffffff;
  12943: ffffff;
  12944: fefefe;
  12945: fefefe;
  12946: fefefe;
  12947: fefefe;
  12948: fefefe;
  12949: fefefe;
  12950: fefefe;
  12951: fefefe;
  12952: ffffff;
  12953: ffffff;
  12954: ffffff;
  12955: ffffff;
  12956: ffffff;
  12957: ffffff;
  12958: e8e8e8;
  12959: b7b7b7;
  12960: 818181;
  12961: 505050;
  12962: 2c2c2c;
  12963: 222222;
  12964: 191919;
  12965: 101010;
  12966: 60606;
  12967: 0;
  12968: 0;
  12969: 0;
  12970: 0;
  12971: 0;
  12972: 0;
  12973: 0;
  12974: 171717;
  12975: 484848;
  12976: 7e7e7e;
  12977: afafaf;
  12978: d3d3d3;
  12979: dddddd;
  12980: e6e6e6;
  12981: f0f0f0;
  12982: f9f9f9;
  12983: ffffff;
  12984: ffffff;
  12985: ffffff;
  12986: ffffff;
  12987: ffffff;
  12988: ffffff;
  12989: ffffff;
  12990: ffffff;
  12991: ffffff;
  12992: ffffff;
  12993: ffffff;
  12994: ffffff;
  12995: ffffff;
  12996: ffffff;
  12997: ffffff;
  12998: ffffff;
  12999: ffffff;
  13000: ffffff;
  13001: f9f9f9;
  13002: f0f0f0;
  13003: e6e6e6;
  13004: dddddd;
  13005: d3d3d3;
  13006: afafaf;
  13007: 7e7e7e;
  13008: 484848;
  13009: 171717;
  13010: 0;
  13011: 0;
  13012: 0;
  13013: 0;
  13014: 0;
  13015: 0;
  13016: 0;
  13017: 60606;
  13018: 101010;
  13019: 191919;
  13020: 222222;
  13021: 2c2c2c;
  13022: 505050;
  13023: 818181;
  13024: b7b7b7;
  13025: e8e8e8;
  13026: ffffff;
  13027: ffffff;
  13028: ffffff;
  13029: ffffff;
  13030: ffffff;
  13031: ffffff;
  13032: fefefe;
  13033: fefefe;
  13034: fefefe;
  13035: fefefe;
  13036: fefefe;
  13037: fefefe;
  13038: fefefe;
  13039: fefefe;
  13040: ffffff;
  13041: ffffff;
  13042: ffffff;
  13043: ffffff;
  13044: ffffff;
  13045: fefefe;
  13046: fefefe;
  13047: fefefe;
  13048: fefefe;
  13049: fefefe;
  13050: fefefe;
  13051: fefefe;
  13052: fefefe;
  13053: fefefe;
  13054: fefefe;
  13055: fefefe;
  13056: ffffff;
  13057: ffffff;
  13058: ffffff;
  13059: ffffff;
  13060: ffffff;
  13061: fefefe;
  13062: fefefe;
  13063: fefefe;
  13064: fefefe;
  13065: fefefe;
  13066: fefefe;
  13067: ffffff;
  13068: ffffff;
  13069: ffffff;
  13070: ffffff;
  13071: ffffff;
  13072: fefefe;
  13073: fefefe;
  13074: fefefe;
  13075: fefefe;
  13076: fefefe;
  13077: fefefe;
  13078: fefefe;
  13079: fefefe;
  13080: ffffff;
  13081: ffffff;
  13082: ffffff;
  13083: ffffff;
  13084: ffffff;
  13085: fbfbfb;
  13086: d4d4d4;
  13087: 9e9e9e;
  13088: 636363;
  13089: 2d2d2d;
  13090: 60606;
  13091: 0;
  13092: 0;
  13093: 0;
  13094: 0;
  13095: 0;
  13096: 0;
  13097: 0;
  13098: 0;
  13099: 0;
  13100: 0;
  13101: 40404;
  13102: 2b2b2b;
  13103: 616161;
  13104: 9c9c9c;
  13105: d2d2d2;
  13106: f9f9f9;
  13107: ffffff;
  13108: ffffff;
  13109: ffffff;
  13110: ffffff;
  13111: ffffff;
  13112: ffffff;
  13113: ffffff;
  13114: ffffff;
  13115: ffffff;
  13116: ffffff;
  13117: ffffff;
  13118: ffffff;
  13119: ffffff;
  13120: ffffff;
  13121: ffffff;
  13122: ffffff;
  13123: ffffff;
  13124: ffffff;
  13125: ffffff;
  13126: ffffff;
  13127: ffffff;
  13128: ffffff;
  13129: ffffff;
  13130: ffffff;
  13131: ffffff;
  13132: ffffff;
  13133: f9f9f9;
  13134: d2d2d2;
  13135: 9c9c9c;
  13136: 616161;
  13137: 2b2b2b;
  13138: 40404;
  13139: 0;
  13140: 0;
  13141: 0;
  13142: 0;
  13143: 0;
  13144: 0;
  13145: 0;
  13146: 0;
  13147: 0;
  13148: 0;
  13149: 60606;
  13150: 2d2d2d;
  13151: 636363;
  13152: 9e9e9e;
  13153: d4d4d4;
  13154: fbfbfb;
  13155: ffffff;
  13156: ffffff;
  13157: ffffff;
  13158: ffffff;
  13159: ffffff;
  13160: fefefe;
  13161: fefefe;
  13162: fefefe;
  13163: fefefe;
  13164: fefefe;
  13165: fefefe;
  13166: fefefe;
  13167: fefefe;
  13168: ffffff;
  13169: ffffff;
  13170: ffffff;
  13171: ffffff;
  13172: ffffff;
  13173: fefefe;
  13174: fefefe;
  13175: fefefe;
  13176: fefefe;
  13177: fefefe;
  13178: fefefe;
  13179: ffffff;
  13180: ffffff;
  13181: ffffff;
  13182: ffffff;
  13183: ffffff;
  13184: ffffff;
  13185: ffffff;
  13186: ffffff;
  13187: ffffff;
  13188: ffffff;
  13189: fefefe;
  13190: fefefe;
  13191: fefefe;
  13192: fefefe;
  13193: fefefe;
  13194: fefefe;
  13195: ffffff;
  13196: ffffff;
  13197: ffffff;
  13198: ffffff;
  13199: ffffff;
  13200: fefefe;
  13201: fefefe;
  13202: fefefe;
  13203: ffffff;
  13204: ffffff;
  13205: ffffff;
  13206: ffffff;
  13207: ffffff;
  13208: ffffff;
  13209: f9f9f9;
  13210: efefef;
  13211: e6e6e6;
  13212: dddddd;
  13213: d5d5d5;
  13214: b1b1b1;
  13215: 808080;
  13216: 4a4a4a;
  13217: 191919;
  13218: 0;
  13219: 0;
  13220: 0;
  13221: 0;
  13222: 0;
  13223: 0;
  13224: 0;
  13225: 60606;
  13226: 101010;
  13227: 1a1a1a;
  13228: 222222;
  13229: 2a2a2a;
  13230: 4e4e4e;
  13231: 7f7f7f;
  13232: b5b5b5;
  13233: e6e6e6;
  13234: ffffff;
  13235: ffffff;
  13236: ffffff;
  13237: ffffff;
  13238: ffffff;
  13239: ffffff;
  13240: ffffff;
  13241: ffffff;
  13242: ffffff;
  13243: ffffff;
  13244: ffffff;
  13245: ffffff;
  13246: ffffff;
  13247: ffffff;
  13248: ffffff;
  13249: ffffff;
  13250: ffffff;
  13251: ffffff;
  13252: ffffff;
  13253: ffffff;
  13254: ffffff;
  13255: ffffff;
  13256: ffffff;
  13257: ffffff;
  13258: ffffff;
  13259: ffffff;
  13260: ffffff;
  13261: ffffff;
  13262: e6e6e6;
  13263: b5b5b5;
  13264: 7f7f7f;
  13265: 4e4e4e;
  13266: 2a2a2a;
  13267: 222222;
  13268: 1a1a1a;
  13269: 101010;
  13270: 60606;
  13271: 0;
  13272: 0;
  13273: 0;
  13274: 0;
  13275: 0;
  13276: 0;
  13277: 0;
  13278: 191919;
  13279: 4a4a4a;
  13280: 808080;
  13281: b1b1b1;
  13282: d5d5d5;
  13283: dddddd;
  13284: e6e6e6;
  13285: efefef;
  13286: f9f9f9;
  13287: ffffff;
  13288: ffffff;
  13289: ffffff;
  13290: ffffff;
  13291: ffffff;
  13292: ffffff;
  13293: fefefe;
  13294: fefefe;
  13295: fefefe;
  13296: ffffff;
  13297: ffffff;
  13298: ffffff;
  13299: ffffff;
  13300: ffffff;
  13301: fefefe;
  13302: fefefe;
  13303: fefefe;
  13304: fefefe;
  13305: fefefe;
  13306: fefefe;
  13307: ffffff;
  13308: ffffff;
  13309: ffffff;
  13310: ffffff;
  13311: ffffff;
  13312: ffffff;
  13313: ffffff;
  13314: ffffff;
  13315: ffffff;
  13316: ffffff;
  13317: ffffff;
  13318: fefefe;
  13319: fefefe;
  13320: fefefe;
  13321: fefefe;
  13322: fefefe;
  13323: ffffff;
  13324: ffffff;
  13325: ffffff;
  13326: ffffff;
  13327: ffffff;
  13328: fefefe;
  13329: fdfdfd;
  13330: fdfdfd;
  13331: ffffff;
  13332: ffffff;
  13333: ffffff;
  13334: ffffff;
  13335: ffffff;
  13336: ffffff;
  13337: f2f2f2;
  13338: dadada;
  13339: c1c1c1;
  13340: ababab;
  13341: 9c9c9c;
  13342: 818181;
  13343: 5c5c5c;
  13344: 333333;
  13345: d0d0d;
  13346: 0;
  13347: 0;
  13348: 0;
  13349: 0;
  13350: 0;
  13351: 0;
  13352: 0;
  13353: e0e0e;
  13354: 262626;
  13355: 3f3f3f;
  13356: 545454;
  13357: 636363;
  13358: 7e7e7e;
  13359: a3a3a3;
  13360: cccccc;
  13361: f2f2f2;
  13362: ffffff;
  13363: ffffff;
  13364: ffffff;
  13365: ffffff;
  13366: ffffff;
  13367: ffffff;
  13368: ffffff;
  13369: ffffff;
  13370: ffffff;
  13371: ffffff;
  13372: ffffff;
  13373: ffffff;
  13374: ffffff;
  13375: ffffff;
  13376: ffffff;
  13377: ffffff;
  13378: ffffff;
  13379: ffffff;
  13380: ffffff;
  13381: ffffff;
  13382: ffffff;
  13383: ffffff;
  13384: ffffff;
  13385: ffffff;
  13386: ffffff;
  13387: ffffff;
  13388: ffffff;
  13389: ffffff;
  13390: f2f2f2;
  13391: cccccc;
  13392: a3a3a3;
  13393: 7e7e7e;
  13394: 636363;
  13395: 545454;
  13396: 3f3f3f;
  13397: 262626;
  13398: e0e0e;
  13399: 0;
  13400: 0;
  13401: 0;
  13402: 0;
  13403: 0;
  13404: 0;
  13405: 0;
  13406: d0d0d;
  13407: 333333;
  13408: 5c5c5c;
  13409: 818181;
  13410: 9c9c9c;
  13411: ababab;
  13412: c1c1c1;
  13413: dadada;
  13414: f2f2f2;
  13415: ffffff;
  13416: ffffff;
  13417: ffffff;
  13418: ffffff;
  13419: ffffff;
  13420: ffffff;
  13421: fdfdfd;
  13422: fdfdfd;
  13423: fefefe;
  13424: ffffff;
  13425: ffffff;
  13426: ffffff;
  13427: ffffff;
  13428: ffffff;
  13429: fefefe;
  13430: fefefe;
  13431: fefefe;
  13432: fefefe;
  13433: fefefe;
  13434: ffffff;
  13435: ffffff;
  13436: ffffff;
  13437: ffffff;
  13438: ffffff;
  13439: ffffff;
  13440: ffffff;
  13441: ffffff;
  13442: ffffff;
  13443: ffffff;
  13444: fefefe;
  13445: ffffff;
  13446: ffffff;
  13447: ffffff;
  13448: ffffff;
  13449: ffffff;
  13450: ffffff;
  13451: ffffff;
  13452: ffffff;
  13453: ffffff;
  13454: fefefe;
  13455: fefefe;
  13456: fdfdfd;
  13457: fdfdfd;
  13458: fcfcfc;
  13459: ffffff;
  13460: ffffff;
  13461: ffffff;
  13462: ffffff;
  13463: ffffff;
  13464: ffffff;
  13465: e8e8e8;
  13466: c0c0c0;
  13467: 989898;
  13468: 747474;
  13469: 5e5e5e;
  13470: 4e4e4e;
  13471: 373737;
  13472: 1e1e1e;
  13473: 70707;
  13474: 0;
  13475: 0;
  13476: 0;
  13477: 0;
  13478: 0;
  13479: 0;
  13480: 0;
  13481: 181818;
  13482: 404040;
  13483: 696969;
  13484: 8c8c8c;
  13485: a1a1a1;
  13486: b1b1b1;
  13487: c8c8c8;
  13488: e1e1e1;
  13489: f8f8f8;
  13490: ffffff;
  13491: ffffff;
  13492: ffffff;
  13493: ffffff;
  13494: ffffff;
  13495: ffffff;
  13496: fefefe;
  13497: fefefe;
  13498: fefefe;
  13499: ffffff;
  13500: ffffff;
  13501: ffffff;
  13502: ffffff;
  13503: ffffff;
  13504: ffffff;
  13505: ffffff;
  13506: ffffff;
  13507: ffffff;
  13508: ffffff;
  13509: fefefe;
  13510: fefefe;
  13511: fefefe;
  13512: ffffff;
  13513: ffffff;
  13514: ffffff;
  13515: ffffff;
  13516: ffffff;
  13517: ffffff;
  13518: f8f8f8;
  13519: e1e1e1;
  13520: c8c8c8;
  13521: b1b1b1;
  13522: a1a1a1;
  13523: 8c8c8c;
  13524: 696969;
  13525: 404040;
  13526: 181818;
  13527: 0;
  13528: 0;
  13529: 0;
  13530: 0;
  13531: 0;
  13532: 0;
  13533: 0;
  13534: 70707;
  13535: 1e1e1e;
  13536: 373737;
  13537: 4e4e4e;
  13538: 5e5e5e;
  13539: 747474;
  13540: 989898;
  13541: c0c0c0;
  13542: e8e8e8;
  13543: ffffff;
  13544: ffffff;
  13545: ffffff;
  13546: ffffff;
  13547: ffffff;
  13548: ffffff;
  13549: fcfcfc;
  13550: fdfdfd;
  13551: fdfdfd;
  13552: fefefe;
  13553: fefefe;
  13554: ffffff;
  13555: ffffff;
  13556: ffffff;
  13557: ffffff;
  13558: ffffff;
  13559: ffffff;
  13560: ffffff;
  13561: ffffff;
  13562: ffffff;
  13563: fefefe;
  13564: ffffff;
  13565: ffffff;
  13566: ffffff;
  13567: ffffff;
  13568: fefefe;
  13569: fefefe;
  13570: fefefe;
  13571: fefefe;
  13572: fefefe;
  13573: ffffff;
  13574: ffffff;
  13575: ffffff;
  13576: ffffff;
  13577: ffffff;
  13578: ffffff;
  13579: ffffff;
  13580: ffffff;
  13581: ffffff;
  13582: fefefe;
  13583: fefefe;
  13584: fdfdfd;
  13585: fcfcfc;
  13586: fcfcfc;
  13587: ffffff;
  13588: ffffff;
  13589: ffffff;
  13590: ffffff;
  13591: ffffff;
  13592: ffffff;
  13593: d9d9d9;
  13594: a5a5a5;
  13595: 707070;
  13596: 414141;
  13597: 262626;
  13598: 202020;
  13599: 161616;
  13600: d0d0d;
  13601: 30303;
  13602: 0;
  13603: 0;
  13604: 0;
  13605: 0;
  13606: 0;
  13607: 0;
  13608: 0;
  13609: 272727;
  13610: 5b5b5b;
  13611: 919191;
  13612: bfbfbf;
  13613: d9d9d9;
  13614: dfdfdf;
  13615: e9e9e9;
  13616: f2f2f2;
  13617: fcfcfc;
  13618: ffffff;
  13619: ffffff;
  13620: ffffff;
  13621: ffffff;
  13622: ffffff;
  13623: fefefe;
  13624: fefefe;
  13625: fefefe;
  13626: fefefe;
  13627: ffffff;
  13628: ffffff;
  13629: ffffff;
  13630: ffffff;
  13631: ffffff;
  13632: ffffff;
  13633: ffffff;
  13634: ffffff;
  13635: ffffff;
  13636: ffffff;
  13637: fefefe;
  13638: fefefe;
  13639: fefefe;
  13640: fefefe;
  13641: ffffff;
  13642: ffffff;
  13643: ffffff;
  13644: ffffff;
  13645: ffffff;
  13646: fcfcfc;
  13647: f2f2f2;
  13648: e9e9e9;
  13649: dfdfdf;
  13650: d9d9d9;
  13651: bfbfbf;
  13652: 919191;
  13653: 5b5b5b;
  13654: 272727;
  13655: 0;
  13656: 0;
  13657: 0;
  13658: 0;
  13659: 0;
  13660: 0;
  13661: 0;
  13662: 30303;
  13663: d0d0d;
  13664: 161616;
  13665: 202020;
  13666: 262626;
  13667: 414141;
  13668: 707070;
  13669: a5a5a5;
  13670: d9d9d9;
  13671: ffffff;
  13672: ffffff;
  13673: ffffff;
  13674: ffffff;
  13675: ffffff;
  13676: ffffff;
  13677: fcfcfc;
  13678: fcfcfc;
  13679: fdfdfd;
  13680: fefefe;
  13681: fefefe;
  13682: ffffff;
  13683: ffffff;
  13684: ffffff;
  13685: ffffff;
  13686: ffffff;
  13687: ffffff;
  13688: ffffff;
  13689: ffffff;
  13690: ffffff;
  13691: fefefe;
  13692: fefefe;
  13693: fefefe;
  13694: fefefe;
  13695: fefefe;
  13696: fefefe;
  13697: fefefe;
  13698: fefefe;
  13699: fefefe;
  13700: fefefe;
  13701: ffffff;
  13702: ffffff;
  13703: ffffff;
  13704: ffffff;
  13705: ffffff;
  13706: ffffff;
  13707: ffffff;
  13708: ffffff;
  13709: ffffff;
  13710: fefefe;
  13711: fefefe;
  13712: fdfdfd;
  13713: fcfcfc;
  13714: fcfcfc;
  13715: ffffff;
  13716: ffffff;
  13717: ffffff;
  13718: ffffff;
  13719: ffffff;
  13720: f0f0f0;
  13721: c3c3c3;
  13722: 8a8a8a;
  13723: 505050;
  13724: 1d1d1d;
  13725: 0;
  13726: 0;
  13727: 0;
  13728: 0;
  13729: 0;
  13730: 0;
  13731: 0;
  13732: 0;
  13733: 0;
  13734: 0;
  13735: 0;
  13736: 101010;
  13737: 3d3d3d;
  13738: 767676;
  13739: b1b1b1;
  13740: e3e3e3;
  13741: ffffff;
  13742: ffffff;
  13743: ffffff;
  13744: ffffff;
  13745: ffffff;
  13746: ffffff;
  13747: ffffff;
  13748: ffffff;
  13749: fefefe;
  13750: fefefe;
  13751: fefefe;
  13752: fefefe;
  13753: fefefe;
  13754: fefefe;
  13755: ffffff;
  13756: ffffff;
  13757: ffffff;
  13758: ffffff;
  13759: ffffff;
  13760: ffffff;
  13761: ffffff;
  13762: ffffff;
  13763: ffffff;
  13764: ffffff;
  13765: fefefe;
  13766: fefefe;
  13767: fefefe;
  13768: fefefe;
  13769: fefefe;
  13770: fefefe;
  13771: ffffff;
  13772: ffffff;
  13773: ffffff;
  13774: ffffff;
  13775: ffffff;
  13776: ffffff;
  13777: ffffff;
  13778: ffffff;
  13779: e3e3e3;
  13780: b1b1b1;
  13781: 767676;
  13782: 3d3d3d;
  13783: 101010;
  13784: 0;
  13785: 0;
  13786: 0;
  13787: 0;
  13788: 0;
  13789: 0;
  13790: 0;
  13791: 0;
  13792: 0;
  13793: 0;
  13794: 0;
  13795: 1d1d1d;
  13796: 505050;
  13797: 8a8a8a;
  13798: c3c3c3;
  13799: f0f0f0;
  13800: ffffff;
  13801: ffffff;
  13802: ffffff;
  13803: ffffff;
  13804: ffffff;
  13805: fcfcfc;
  13806: fcfcfc;
  13807: fdfdfd;
  13808: fefefe;
  13809: fefefe;
  13810: ffffff;
  13811: ffffff;
  13812: ffffff;
  13813: ffffff;
  13814: ffffff;
  13815: ffffff;
  13816: ffffff;
  13817: ffffff;
  13818: ffffff;
  13819: fefefe;
  13820: fefefe;
  13821: fefefe;
  13822: fefefe;
  13823: fefefe;
  13824: fefefe;
  13825: fefefe;
  13826: fefefe;
  13827: fefefe;
  13828: fefefe;
  13829: ffffff;
  13830: ffffff;
  13831: ffffff;
  13832: ffffff;
  13833: ffffff;
  13834: ffffff;
  13835: ffffff;
  13836: ffffff;
  13837: ffffff;
  13838: ffffff;
  13839: ffffff;
  13840: ffffff;
  13841: ffffff;
  13842: ffffff;
  13843: fefefe;
  13844: f6f6f6;
  13845: ececec;
  13846: e2e2e2;
  13847: dbdbdb;
  13848: cbcbcb;
  13849: a2a2a2;
  13850: 6e6e6e;
  13851: 393939;
  13852: a0a0a;
  13853: 0;
  13854: 0;
  13855: 0;
  13856: 0;
  13857: 0;
  13858: 0;
  13859: 10101;
  13860: 90909;
  13861: 131313;
  13862: 1d1d1d;
  13863: 242424;
  13864: 353535;
  13865: 5e5e5e;
  13866: 929292;
  13867: c8c8c8;
  13868: f6f6f6;
  13869: ffffff;
  13870: ffffff;
  13871: ffffff;
  13872: ffffff;
  13873: ffffff;
  13874: ffffff;
  13875: ffffff;
  13876: ffffff;
  13877: fefefe;
  13878: fefefe;
  13879: fefefe;
  13880: fefefe;
  13881: fefefe;
  13882: fefefe;
  13883: ffffff;
  13884: ffffff;
  13885: ffffff;
  13886: ffffff;
  13887: ffffff;
  13888: ffffff;
  13889: ffffff;
  13890: ffffff;
  13891: ffffff;
  13892: ffffff;
  13893: fefefe;
  13894: fefefe;
  13895: fefefe;
  13896: fefefe;
  13897: fefefe;
  13898: fefefe;
  13899: ffffff;
  13900: ffffff;
  13901: ffffff;
  13902: ffffff;
  13903: ffffff;
  13904: ffffff;
  13905: ffffff;
  13906: ffffff;
  13907: f6f6f6;
  13908: c8c8c8;
  13909: 929292;
  13910: 5e5e5e;
  13911: 353535;
  13912: 242424;
  13913: 1d1d1d;
  13914: 131313;
  13915: 90909;
  13916: 10101;
  13917: 0;
  13918: 0;
  13919: 0;
  13920: 0;
  13921: 0;
  13922: 0;
  13923: a0a0a;
  13924: 393939;
  13925: 6e6e6e;
  13926: a2a2a2;
  13927: cbcbcb;
  13928: dbdbdb;
  13929: e2e2e2;
  13930: ececec;
  13931: f6f6f6;
  13932: fefefe;
  13933: ffffff;
  13934: ffffff;
  13935: ffffff;
  13936: ffffff;
  13937: ffffff;
  13938: ffffff;
  13939: ffffff;
  13940: ffffff;
  13941: ffffff;
  13942: ffffff;
  13943: ffffff;
  13944: ffffff;
  13945: ffffff;
  13946: ffffff;
  13947: fefefe;
  13948: fefefe;
  13949: fefefe;
  13950: fefefe;
  13951: fefefe;
  13952: fefefe;
  13953: fefefe;
  13954: fefefe;
  13955: fefefe;
  13956: fefefe;
  13957: ffffff;
  13958: ffffff;
  13959: ffffff;
  13960: ffffff;
  13961: ffffff;
  13962: ffffff;
  13963: ffffff;
  13964: ffffff;
  13965: ffffff;
  13966: ffffff;
  13967: ffffff;
  13968: ffffff;
  13969: ffffff;
  13970: ffffff;
  13971: ffffff;
  13972: eaeaea;
  13973: d1d1d1;
  13974: b9b9b9;
  13975: a6a6a6;
  13976: 959595;
  13977: 757575;
  13978: 4e4e4e;
  13979: 252525;
  13980: 20202;
  13981: 0;
  13982: 0;
  13983: 0;
  13984: 0;
  13985: 0;
  13986: 0;
  13987: 0;
  13988: 151515;
  13989: 2e2e2e;
  13990: 464646;
  13991: 5a5a5a;
  13992: 6b6b6b;
  13993: 8a8a8a;
  13994: b2b2b2;
  13995: dbdbdb;
  13996: fefefe;
  13997: ffffff;
  13998: ffffff;
  13999: ffffff;
  14000: ffffff;
  14001: ffffff;
  14002: ffffff;
  14003: ffffff;
  14004: ffffff;
  14005: fefefe;
  14006: fefefe;
  14007: fefefe;
  14008: fefefe;
  14009: fefefe;
  14010: fefefe;
  14011: ffffff;
  14012: ffffff;
  14013: ffffff;
  14014: ffffff;
  14015: ffffff;
  14016: ffffff;
  14017: ffffff;
  14018: ffffff;
  14019: ffffff;
  14020: ffffff;
  14021: fefefe;
  14022: fefefe;
  14023: fefefe;
  14024: fefefe;
  14025: fefefe;
  14026: fefefe;
  14027: ffffff;
  14028: ffffff;
  14029: ffffff;
  14030: ffffff;
  14031: ffffff;
  14032: ffffff;
  14033: ffffff;
  14034: ffffff;
  14035: fefefe;
  14036: dbdbdb;
  14037: b2b2b2;
  14038: 8a8a8a;
  14039: 6b6b6b;
  14040: 5a5a5a;
  14041: 464646;
  14042: 2e2e2e;
  14043: 151515;
  14044: 0;
  14045: 0;
  14046: 0;
  14047: 0;
  14048: 0;
  14049: 0;
  14050: 0;
  14051: 20202;
  14052: 252525;
  14053: 4e4e4e;
  14054: 757575;
  14055: 959595;
  14056: a6a6a6;
  14057: b9b9b9;
  14058: d1d1d1;
  14059: eaeaea;
  14060: ffffff;
  14061: ffffff;
  14062: ffffff;
  14063: ffffff;
  14064: ffffff;
  14065: ffffff;
  14066: ffffff;
  14067: ffffff;
  14068: ffffff;
  14069: ffffff;
  14070: ffffff;
  14071: ffffff;
  14072: ffffff;
  14073: ffffff;
  14074: ffffff;
  14075: fefefe;
  14076: fefefe;
  14077: fefefe;
  14078: fefefe;
  14079: fefefe;
  14080: ffffff;
  14081: ffffff;
  14082: ffffff;
  14083: ffffff;
  14084: ffffff;
  14085: fefefe;
  14086: fefefe;
  14087: fefefe;
  14088: fefefe;
  14089: fefefe;
  14090: fefefe;
  14091: fefefe;
  14092: fefefe;
  14093: ffffff;
  14094: ffffff;
  14095: ffffff;
  14096: ffffff;
  14097: ffffff;
  14098: ffffff;
  14099: fefefe;
  14100: dadada;
  14101: b2b2b2;
  14102: 8a8a8a;
  14103: 6a6a6a;
  14104: 5a5a5a;
  14105: 464646;
  14106: 2e2e2e;
  14107: 161616;
  14108: 0;
  14109: 0;
  14110: 0;
  14111: 0;
  14112: 0;
  14113: 0;
  14114: 0;
  14115: 10101;
  14116: 252525;
  14117: 4d4d4d;
  14118: 757575;
  14119: 959595;
  14120: a6a6a6;
  14121: b9b9b9;
  14122: d1d1d1;
  14123: eaeaea;
  14124: ffffff;
  14125: ffffff;
  14126: ffffff;
  14127: ffffff;
  14128: ffffff;
  14129: ffffff;
  14130: ffffff;
  14131: ffffff;
  14132: ffffff;
  14133: ffffff;
  14134: ffffff;
  14135: ffffff;
  14136: ffffff;
  14137: ffffff;
  14138: ffffff;
  14139: fefefe;
  14140: fefefe;
  14141: fefefe;
  14142: fefefe;
  14143: fefefe;
  14144: fefefe;
  14145: fefefe;
  14146: fefefe;
  14147: fefefe;
  14148: fefefe;
  14149: ffffff;
  14150: ffffff;
  14151: ffffff;
  14152: ffffff;
  14153: ffffff;
  14154: ffffff;
  14155: ffffff;
  14156: ffffff;
  14157: ffffff;
  14158: ffffff;
  14159: ffffff;
  14160: ffffff;
  14161: ffffff;
  14162: ffffff;
  14163: ffffff;
  14164: eaeaea;
  14165: d1d1d1;
  14166: b9b9b9;
  14167: a6a6a6;
  14168: 959595;
  14169: 757575;
  14170: 4d4d4d;
  14171: 252525;
  14172: 10101;
  14173: 0;
  14174: 0;
  14175: 0;
  14176: 0;
  14177: 0;
  14178: 0;
  14179: 0;
  14180: 161616;
  14181: 2e2e2e;
  14182: 464646;
  14183: 5a5a5a;
  14184: 6a6a6a;
  14185: 8a8a8a;
  14186: b2b2b2;
  14187: dadada;
  14188: fefefe;
  14189: ffffff;
  14190: ffffff;
  14191: ffffff;
  14192: ffffff;
  14193: ffffff;
  14194: ffffff;
  14195: fefefe;
  14196: fefefe;
  14197: fefefe;
  14198: fefefe;
  14199: fefefe;
  14200: fefefe;
  14201: fefefe;
  14202: fefefe;
  14203: ffffff;
  14204: ffffff;
  14205: ffffff;
  14206: ffffff;
  14207: ffffff;
  14208: ffffff;
  14209: ffffff;
  14210: ffffff;
  14211: ffffff;
  14212: ffffff;
  14213: fefefe;
  14214: fefefe;
  14215: fefefe;
  14216: fefefe;
  14217: fefefe;
  14218: fefefe;
  14219: fefefe;
  14220: fefefe;
  14221: fefefe;
  14222: ffffff;
  14223: ffffff;
  14224: ffffff;
  14225: ffffff;
  14226: ffffff;
  14227: f6f6f6;
  14228: c7c7c7;
  14229: 929292;
  14230: 5d5d5d;
  14231: 343434;
  14232: 242424;
  14233: 1d1d1d;
  14234: 131313;
  14235: 90909;
  14236: 10101;
  14237: 0;
  14238: 0;
  14239: 0;
  14240: 0;
  14241: 0;
  14242: 0;
  14243: 90909;
  14244: 383838;
  14245: 6d6d6d;
  14246: a2a2a2;
  14247: cbcbcb;
  14248: dbdbdb;
  14249: e2e2e2;
  14250: ececec;
  14251: f6f6f6;
  14252: fefefe;
  14253: ffffff;
  14254: ffffff;
  14255: ffffff;
  14256: ffffff;
  14257: ffffff;
  14258: ffffff;
  14259: ffffff;
  14260: ffffff;
  14261: ffffff;
  14262: ffffff;
  14263: ffffff;
  14264: ffffff;
  14265: ffffff;
  14266: ffffff;
  14267: fefefe;
  14268: fefefe;
  14269: fefefe;
  14270: fefefe;
  14271: fefefe;
  14272: fefefe;
  14273: fefefe;
  14274: fefefe;
  14275: fefefe;
  14276: fefefe;
  14277: ffffff;
  14278: ffffff;
  14279: ffffff;
  14280: ffffff;
  14281: ffffff;
  14282: ffffff;
  14283: ffffff;
  14284: ffffff;
  14285: ffffff;
  14286: ffffff;
  14287: ffffff;
  14288: ffffff;
  14289: ffffff;
  14290: ffffff;
  14291: fefefe;
  14292: f6f6f6;
  14293: ececec;
  14294: e2e2e2;
  14295: dbdbdb;
  14296: cbcbcb;
  14297: a2a2a2;
  14298: 6d6d6d;
  14299: 383838;
  14300: 90909;
  14301: 0;
  14302: 0;
  14303: 0;
  14304: 0;
  14305: 0;
  14306: 0;
  14307: 10101;
  14308: 90909;
  14309: 131313;
  14310: 1d1d1d;
  14311: 242424;
  14312: 343434;
  14313: 5d5d5d;
  14314: 929292;
  14315: c7c7c7;
  14316: f6f6f6;
  14317: ffffff;
  14318: ffffff;
  14319: ffffff;
  14320: ffffff;
  14321: ffffff;
  14322: fefefe;
  14323: fefefe;
  14324: fefefe;
  14325: fefefe;
  14326: fefefe;
  14327: fefefe;
  14328: fefefe;
  14329: fefefe;
  14330: fefefe;
  14331: ffffff;
  14332: ffffff;
  14333: ffffff;
  14334: ffffff;
  14335: ffffff;
  14336: ffffff;
  14337: ffffff;
  14338: ffffff;
  14339: ffffff;
  14340: ffffff;
  14341: fefefe;
  14342: fefefe;
  14343: fefefe;
  14344: fefefe;
  14345: fefefe;
  14346: fefefe;
  14347: fefefe;
  14348: fefefe;
  14349: fefefe;
  14350: ffffff;
  14351: ffffff;
  14352: ffffff;
  14353: ffffff;
  14354: ffffff;
  14355: e3e3e3;
  14356: b0b0b0;
  14357: 767676;
  14358: 3c3c3c;
  14359: f0f0f;
  14360: 0;
  14361: 0;
  14362: 0;
  14363: 0;
  14364: 0;
  14365: 0;
  14366: 0;
  14367: 0;
  14368: 0;
  14369: 0;
  14370: 0;
  14371: 1c1c1c;
  14372: 4f4f4f;
  14373: 898989;
  14374: c3c3c3;
  14375: f0f0f0;
  14376: ffffff;
  14377: ffffff;
  14378: ffffff;
  14379: ffffff;
  14380: ffffff;
  14381: ffffff;
  14382: ffffff;
  14383: ffffff;
  14384: ffffff;
  14385: ffffff;
  14386: ffffff;
  14387: ffffff;
  14388: ffffff;
  14389: ffffff;
  14390: ffffff;
  14391: ffffff;
  14392: ffffff;
  14393: ffffff;
  14394: ffffff;
  14395: fefefe;
  14396: fefefe;
  14397: fefefe;
  14398: fefefe;
  14399: fefefe;
  14400: fefefe;
  14401: fefefe;
  14402: fefefe;
  14403: fefefe;
  14404: fefefe;
  14405: ffffff;
  14406: ffffff;
  14407: ffffff;
  14408: ffffff;
  14409: ffffff;
  14410: ffffff;
  14411: ffffff;
  14412: ffffff;
  14413: ffffff;
  14414: ffffff;
  14415: ffffff;
  14416: ffffff;
  14417: ffffff;
  14418: ffffff;
  14419: ffffff;
  14420: ffffff;
  14421: ffffff;
  14422: ffffff;
  14423: ffffff;
  14424: f0f0f0;
  14425: c3c3c3;
  14426: 898989;
  14427: 4f4f4f;
  14428: 1c1c1c;
  14429: 0;
  14430: 0;
  14431: 0;
  14432: 0;
  14433: 0;
  14434: 0;
  14435: 0;
  14436: 0;
  14437: 0;
  14438: 0;
  14439: 0;
  14440: f0f0f;
  14441: 3c3c3c;
  14442: 767676;
  14443: b0b0b0;
  14444: e3e3e3;
  14445: ffffff;
  14446: ffffff;
  14447: ffffff;
  14448: ffffff;
  14449: ffffff;
  14450: fefefe;
  14451: fefefe;
  14452: fefefe;
  14453: fefefe;
  14454: fefefe;
  14455: fefefe;
  14456: fefefe;
  14457: fefefe;
  14458: fefefe;
  14459: ffffff;
  14460: ffffff;
  14461: ffffff;
  14462: ffffff;
  14463: ffffff;
  14464: ffffff;
  14465: ffffff;
  14466: ffffff;
  14467: ffffff;
  14468: ffffff;
  14469: fefefe;
  14470: fefefe;
  14471: fefefe;
  14472: fefefe;
  14473: ffffff;
  14474: ffffff;
  14475: ffffff;
  14476: ffffff;
  14477: ffffff;
  14478: fcfcfc;
  14479: f3f3f3;
  14480: e9e9e9;
  14481: e0e0e0;
  14482: d9d9d9;
  14483: bfbfbf;
  14484: 909090;
  14485: 5b5b5b;
  14486: 262626;
  14487: 0;
  14488: 0;
  14489: 0;
  14490: 0;
  14491: 0;
  14492: 0;
  14493: 0;
  14494: 30303;
  14495: c0c0c;
  14496: 161616;
  14497: 1f1f1f;
  14498: 262626;
  14499: 404040;
  14500: 6f6f6f;
  14501: a4a4a4;
  14502: d9d9d9;
  14503: ffffff;
  14504: ffffff;
  14505: ffffff;
  14506: ffffff;
  14507: ffffff;
  14508: ffffff;
  14509: ffffff;
  14510: ffffff;
  14511: ffffff;
  14512: ffffff;
  14513: ffffff;
  14514: ffffff;
  14515: ffffff;
  14516: ffffff;
  14517: ffffff;
  14518: ffffff;
  14519: ffffff;
  14520: ffffff;
  14521: ffffff;
  14522: ffffff;
  14523: fefefe;
  14524: fefefe;
  14525: fefefe;
  14526: fefefe;
  14527: fefefe;
  14528: fefefe;
  14529: fefefe;
  14530: fefefe;
  14531: fefefe;
  14532: fefefe;
  14533: ffffff;
  14534: ffffff;
  14535: ffffff;
  14536: ffffff;
  14537: ffffff;
  14538: ffffff;
  14539: ffffff;
  14540: ffffff;
  14541: ffffff;
  14542: ffffff;
  14543: ffffff;
  14544: ffffff;
  14545: ffffff;
  14546: ffffff;
  14547: ffffff;
  14548: ffffff;
  14549: ffffff;
  14550: ffffff;
  14551: ffffff;
  14552: ffffff;
  14553: d9d9d9;
  14554: a4a4a4;
  14555: 6f6f6f;
  14556: 404040;
  14557: 262626;
  14558: 1f1f1f;
  14559: 161616;
  14560: c0c0c;
  14561: 30303;
  14562: 0;
  14563: 0;
  14564: 0;
  14565: 0;
  14566: 0;
  14567: 0;
  14568: 0;
  14569: 262626;
  14570: 5b5b5b;
  14571: 909090;
  14572: bfbfbf;
  14573: d9d9d9;
  14574: e0e0e0;
  14575: e9e9e9;
  14576: f3f3f3;
  14577: fcfcfc;
  14578: ffffff;
  14579: ffffff;
  14580: ffffff;
  14581: ffffff;
  14582: ffffff;
  14583: fefefe;
  14584: fefefe;
  14585: fefefe;
  14586: fefefe;
  14587: ffffff;
  14588: ffffff;
  14589: ffffff;
  14590: ffffff;
  14591: ffffff;
  14592: ffffff;
  14593: ffffff;
  14594: ffffff;
  14595: ffffff;
  14596: ffffff;
  14597: fefefe;
  14598: fefefe;
  14599: fefefe;
  14600: ffffff;
  14601: ffffff;
  14602: ffffff;
  14603: ffffff;
  14604: ffffff;
  14605: ffffff;
  14606: f9f9f9;
  14607: e2e2e2;
  14608: c9c9c9;
  14609: b2b2b2;
  14610: a1a1a1;
  14611: 8c8c8c;
  14612: 686868;
  14613: 404040;
  14614: 171717;
  14615: 0;
  14616: 0;
  14617: 0;
  14618: 0;
  14619: 0;
  14620: 0;
  14621: 0;
  14622: 60606;
  14623: 1d1d1d;
  14624: 363636;
  14625: 4d4d4d;
  14626: 5e5e5e;
  14627: 737373;
  14628: 979797;
  14629: bfbfbf;
  14630: e8e8e8;
  14631: ffffff;
  14632: ffffff;
  14633: ffffff;
  14634: ffffff;
  14635: ffffff;
  14636: ffffff;
  14637: ffffff;
  14638: ffffff;
  14639: ffffff;
  14640: ffffff;
  14641: ffffff;
  14642: ffffff;
  14643: ffffff;
  14644: ffffff;
  14645: ffffff;
  14646: fefefe;
  14647: fefefe;
  14648: fefefe;
  14649: fefefe;
  14650: ffffff;
  14651: fefefe;
  14652: fefefe;
  14653: fefefe;
  14654: fefefe;
  14655: fefefe;
  14656: fefefe;
  14657: fefefe;
  14658: fefefe;
  14659: fefefe;
  14660: fefefe;
  14661: ffffff;
  14662: fefefe;
  14663: fefefe;
  14664: fefefe;
  14665: fefefe;
  14666: ffffff;
  14667: ffffff;
  14668: ffffff;
  14669: ffffff;
  14670: ffffff;
  14671: ffffff;
  14672: ffffff;
  14673: ffffff;
  14674: ffffff;
  14675: ffffff;
  14676: ffffff;
  14677: ffffff;
  14678: ffffff;
  14679: ffffff;
  14680: ffffff;
  14681: e8e8e8;
  14682: bfbfbf;
  14683: 979797;
  14684: 737373;
  14685: 5e5e5e;
  14686: 4d4d4d;
  14687: 363636;
  14688: 1d1d1d;
  14689: 60606;
  14690: 0;
  14691: 0;
  14692: 0;
  14693: 0;
  14694: 0;
  14695: 0;
  14696: 0;
  14697: 171717;
  14698: 404040;
  14699: 686868;
  14700: 8c8c8c;
  14701: a1a1a1;
  14702: b2b2b2;
  14703: c9c9c9;
  14704: e2e2e2;
  14705: f9f9f9;
  14706: ffffff;
  14707: ffffff;
  14708: ffffff;
  14709: ffffff;
  14710: ffffff;
  14711: ffffff;
  14712: fefefe;
  14713: fefefe;
  14714: fefefe;
  14715: ffffff;
  14716: ffffff;
  14717: ffffff;
  14718: ffffff;
  14719: ffffff;
  14720: fefefe;
  14721: fefefe;
  14722: fefefe;
  14723: fefefe;
  14724: fefefe;
  14725: ffffff;
  14726: ffffff;
  14727: ffffff;
  14728: ffffff;
  14729: ffffff;
  14730: ffffff;
  14731: ffffff;
  14732: ffffff;
  14733: ffffff;
  14734: f3f3f3;
  14735: cdcdcd;
  14736: a4a4a4;
  14737: 7f7f7f;
  14738: 636363;
  14739: 545454;
  14740: 3e3e3e;
  14741: 262626;
  14742: d0d0d;
  14743: 0;
  14744: 0;
  14745: 0;
  14746: 0;
  14747: 0;
  14748: 0;
  14749: 0;
  14750: c0c0c;
  14751: 323232;
  14752: 5b5b5b;
  14753: 808080;
  14754: 9c9c9c;
  14755: ababab;
  14756: c1c1c1;
  14757: d9d9d9;
  14758: f2f2f2;
  14759: ffffff;
  14760: ffffff;
  14761: ffffff;
  14762: ffffff;
  14763: ffffff;
  14764: ffffff;
  14765: fefefe;
  14766: fefefe;
  14767: fefefe;
  14768: ffffff;
  14769: ffffff;
  14770: ffffff;
  14771: ffffff;
  14772: fefefe;
  14773: fefefe;
  14774: fefefe;
  14775: fefefe;
  14776: fefefe;
  14777: fefefe;
  14778: fefefe;
  14779: fefefe;
  14780: ffffff;
  14781: ffffff;
  14782: ffffff;
  14783: ffffff;
  14784: ffffff;
  14785: ffffff;
  14786: ffffff;
  14787: ffffff;
  14788: fefefe;
  14789: fefefe;
  14790: fefefe;
  14791: fefefe;
  14792: fefefe;
  14793: fefefe;
  14794: fefefe;
  14795: fefefe;
  14796: ffffff;
  14797: ffffff;
  14798: ffffff;
  14799: ffffff;
  14800: fefefe;
  14801: fefefe;
  14802: fefefe;
  14803: ffffff;
  14804: ffffff;
  14805: ffffff;
  14806: ffffff;
  14807: ffffff;
  14808: ffffff;
  14809: f2f2f2;
  14810: d9d9d9;
  14811: c1c1c1;
  14812: ababab;
  14813: 9c9c9c;
  14814: 808080;
  14815: 5b5b5b;
  14816: 323232;
  14817: c0c0c;
  14818: 0;
  14819: 0;
  14820: 0;
  14821: 0;
  14822: 0;
  14823: 0;
  14824: 0;
  14825: d0d0d;
  14826: 262626;
  14827: 3e3e3e;
  14828: 545454;
  14829: 636363;
  14830: 7f7f7f;
  14831: a4a4a4;
  14832: cdcdcd;
  14833: f3f3f3;
  14834: ffffff;
  14835: ffffff;
  14836: ffffff;
  14837: ffffff;
  14838: ffffff;
  14839: ffffff;
  14840: ffffff;
  14841: ffffff;
  14842: ffffff;
  14843: fefefe;
  14844: fefefe;
  14845: fefefe;
  14846: fefefe;
  14847: fefefe;
  14848: fefefe;
  14849: fefefe;
  14850: fefefe;
  14851: fefefe;
  14852: fefefe;
  14853: ffffff;
  14854: ffffff;
  14855: ffffff;
  14856: ffffff;
  14857: ffffff;
  14858: ffffff;
  14859: ffffff;
  14860: ffffff;
  14861: ffffff;
  14862: e7e7e7;
  14863: b6b6b6;
  14864: 808080;
  14865: 4f4f4f;
  14866: 2a2a2a;
  14867: 222222;
  14868: 191919;
  14869: 101010;
  14870: 60606;
  14871: 0;
  14872: 0;
  14873: 0;
  14874: 0;
  14875: 0;
  14876: 0;
  14877: 0;
  14878: 181818;
  14879: 494949;
  14880: 7f7f7f;
  14881: b0b0b0;
  14882: d5d5d5;
  14883: dddddd;
  14884: e6e6e6;
  14885: efefef;
  14886: f9f9f9;
  14887: ffffff;
  14888: ffffff;
  14889: ffffff;
  14890: ffffff;
  14891: ffffff;
  14892: ffffff;
  14893: fefefe;
  14894: fefefe;
  14895: fefefe;
  14896: ffffff;
  14897: ffffff;
  14898: ffffff;
  14899: ffffff;
  14900: fefefe;
  14901: fefefe;
  14902: fdfdfd;
  14903: fdfdfd;
  14904: fdfdfd;
  14905: fdfdfd;
  14906: fefefe;
  14907: fefefe;
  14908: ffffff;
  14909: ffffff;
  14910: ffffff;
  14911: ffffff;
  14912: ffffff;
  14913: ffffff;
  14914: ffffff;
  14915: ffffff;
  14916: fefefe;
  14917: fefefe;
  14918: fdfdfd;
  14919: fdfdfd;
  14920: fdfdfd;
  14921: fdfdfd;
  14922: fefefe;
  14923: fefefe;
  14924: ffffff;
  14925: ffffff;
  14926: ffffff;
  14927: ffffff;
  14928: fefefe;
  14929: fefefe;
  14930: fefefe;
  14931: ffffff;
  14932: ffffff;
  14933: ffffff;
  14934: ffffff;
  14935: ffffff;
  14936: ffffff;
  14937: f9f9f9;
  14938: efefef;
  14939: e6e6e6;
  14940: dddddd;
  14941: d5d5d5;
  14942: b0b0b0;
  14943: 7f7f7f;
  14944: 494949;
  14945: 181818;
  14946: 0;
  14947: 0;
  14948: 0;
  14949: 0;
  14950: 0;
  14951: 0;
  14952: 0;
  14953: 60606;
  14954: 101010;
  14955: 191919;
  14956: 222222;
  14957: 2a2a2a;
  14958: 4f4f4f;
  14959: 808080;
  14960: b6b6b6;
  14961: e7e7e7;
  14962: ffffff;
  14963: ffffff;
  14964: ffffff;
  14965: ffffff;
  14966: ffffff;
  14967: ffffff;
  14968: ffffff;
  14969: ffffff;
  14970: ffffff;
  14971: fefefe;
  14972: fefefe;
  14973: fefefe;
  14974: fefefe;
  14975: fefefe;
  14976: fefefe;
  14977: fefefe;
  14978: fefefe;
  14979: fefefe;
  14980: fefefe;
  14981: ffffff;
  14982: ffffff;
  14983: ffffff;
  14984: ffffff;
  14985: ffffff;
  14986: ffffff;
  14987: ffffff;
  14988: ffffff;
  14989: fbfbfb;
  14990: d3d3d3;
  14991: 9d9d9d;
  14992: 626262;
  14993: 2c2c2c;
  14994: 40404;
  14995: 0;
  14996: 0;
  14997: 0;
  14998: 0;
  14999: 0;
  15000: 0;
  15001: 0;
  15002: 0;
  15003: 0;
  15004: 0;
  15005: 40404;
  15006: 2c2c2c;
  15007: 626262;
  15008: 9d9d9d;
  15009: d3d3d3;
  15010: fbfbfb;
  15011: ffffff;
  15012: ffffff;
  15013: ffffff;
  15014: ffffff;
  15015: ffffff;
  15016: ffffff;
  15017: ffffff;
  15018: fefefe;
  15019: fefefe;
  15020: fefefe;
  15021: fefefe;
  15022: fefefe;
  15023: fefefe;
  15024: ffffff;
  15025: ffffff;
  15026: ffffff;
  15027: ffffff;
  15028: fefefe;
  15029: fefefe;
  15030: fdfdfd;
  15031: fdfdfd;
  15032: fdfdfd;
  15033: fdfdfd;
  15034: fefefe;
  15035: fefefe;
  15036: ffffff;
  15037: ffffff;
  15038: ffffff;
  15039: ffffff;
  15040: ffffff;
  15041: ffffff;
  15042: ffffff;
  15043: ffffff;
  15044: fefefe;
  15045: fefefe;
  15046: fdfdfd;
  15047: fdfdfd;
  15048: fdfdfd;
  15049: fdfdfd;
  15050: fefefe;
  15051: fefefe;
  15052: ffffff;
  15053: ffffff;
  15054: ffffff;
  15055: ffffff;
  15056: fefefe;
  15057: fefefe;
  15058: fefefe;
  15059: fefefe;
  15060: fefefe;
  15061: fefefe;
  15062: ffffff;
  15063: ffffff;
  15064: ffffff;
  15065: ffffff;
  15066: ffffff;
  15067: ffffff;
  15068: ffffff;
  15069: fbfbfb;
  15070: d3d3d3;
  15071: 9d9d9d;
  15072: 626262;
  15073: 2c2c2c;
  15074: 40404;
  15075: 0;
  15076: 0;
  15077: 0;
  15078: 0;
  15079: 0;
  15080: 0;
  15081: 0;
  15082: 0;
  15083: 0;
  15084: 0;
  15085: 40404;
  15086: 2c2c2c;
  15087: 626262;
  15088: 9d9d9d;
  15089: d3d3d3;
  15090: fbfbfb;
  15091: ffffff;
  15092: ffffff;
  15093: ffffff;
  15094: ffffff;
  15095: ffffff;
  15096: ffffff;
  15097: ffffff;
  15098: ffffff;
  15099: fefefe;
  15100: fefefe;
  15101: fefefe;
  15102: fefefe;
  15103: fefefe;
  15104: fefefe;
  15105: fefefe;
  15106: fefefe;
  15107: ffffff;
  15108: ffffff;
  15109: ffffff;
  15110: ffffff;
  15111: ffffff;
  15112: ffffff;
  15113: f9f9f9;
  15114: efefef;
  15115: e6e6e6;
  15116: dddddd;
  15117: d5d5d5;
  15118: b0b0b0;
  15119: 7f7f7f;
  15120: 494949;
  15121: 181818;
  15122: 0;
  15123: 0;
  15124: 0;
  15125: 0;
  15126: 0;
  15127: 0;
  15128: 0;
  15129: 60606;
  15130: 101010;
  15131: 191919;
  15132: 222222;
  15133: 2a2a2a;
  15134: 4f4f4f;
  15135: 808080;
  15136: b6b6b6;
  15137: e7e7e7;
  15138: ffffff;
  15139: ffffff;
  15140: ffffff;
  15141: ffffff;
  15142: ffffff;
  15143: ffffff;
  15144: ffffff;
  15145: ffffff;
  15146: fefefe;
  15147: fefefe;
  15148: fefefe;
  15149: fefefe;
  15150: fefefe;
  15151: fefefe;
  15152: ffffff;
  15153: ffffff;
  15154: ffffff;
  15155: ffffff;
  15156: fefefe;
  15157: fefefe;
  15158: fdfdfd;
  15159: fdfdfd;
  15160: fdfdfd;
  15161: fdfdfd;
  15162: fefefe;
  15163: fefefe;
  15164: ffffff;
  15165: ffffff;
  15166: ffffff;
  15167: ffffff;
  15168: ffffff;
  15169: ffffff;
  15170: ffffff;
  15171: ffffff;
  15172: fefefe;
  15173: fefefe;
  15174: fdfdfd;
  15175: fdfdfd;
  15176: fdfdfd;
  15177: fdfdfd;
  15178: fefefe;
  15179: fefefe;
  15180: ffffff;
  15181: ffffff;
  15182: ffffff;
  15183: ffffff;
  15184: fefefe;
  15185: fefefe;
  15186: fefefe;
  15187: fefefe;
  15188: fefefe;
  15189: fefefe;
  15190: ffffff;
  15191: ffffff;
  15192: ffffff;
  15193: ffffff;
  15194: ffffff;
  15195: ffffff;
  15196: ffffff;
  15197: ffffff;
  15198: e7e7e7;
  15199: b6b6b6;
  15200: 808080;
  15201: 4f4f4f;
  15202: 2a2a2a;
  15203: 222222;
  15204: 191919;
  15205: 101010;
  15206: 60606;
  15207: 0;
  15208: 0;
  15209: 0;
  15210: 0;
  15211: 0;
  15212: 0;
  15213: 0;
  15214: 181818;
  15215: 494949;
  15216: 7f7f7f;
  15217: b0b0b0;
  15218: d5d5d5;
  15219: dddddd;
  15220: e6e6e6;
  15221: efefef;
  15222: f9f9f9;
  15223: ffffff;
  15224: ffffff;
  15225: ffffff;
  15226: ffffff;
  15227: ffffff;
  15228: ffffff;
  15229: fefefe;
  15230: fefefe;
  15231: fefefe;
  15232: fdfdfd;
  15233: fdfdfd;
  15234: fdfdfd;
  15235: ffffff;
  15236: ffffff;
  15237: ffffff;
  15238: ffffff;
  15239: ffffff;
  15240: ffffff;
  15241: f2f2f2;
  15242: d9d9d9;
  15243: c1c1c1;
  15244: ababab;
  15245: 9c9c9c;
  15246: 808080;
  15247: 5b5b5b;
  15248: 323232;
  15249: c0c0c;
  15250: 0;
  15251: 0;
  15252: 0;
  15253: 0;
  15254: 0;
  15255: 0;
  15256: 0;
  15257: d0d0d;
  15258: 252525;
  15259: 3e3e3e;
  15260: 545454;
  15261: 636363;
  15262: 7f7f7f;
  15263: a4a4a4;
  15264: cdcdcd;
  15265: f3f3f3;
  15266: ffffff;
  15267: ffffff;
  15268: ffffff;
  15269: ffffff;
  15270: ffffff;
  15271: ffffff;
  15272: fefefe;
  15273: fefefe;
  15274: fefefe;
  15275: fefefe;
  15276: fefefe;
  15277: fefefe;
  15278: fefefe;
  15279: fefefe;
  15280: ffffff;
  15281: ffffff;
  15282: ffffff;
  15283: ffffff;
  15284: fefefe;
  15285: fefefe;
  15286: fdfdfd;
  15287: fdfdfd;
  15288: fdfdfd;
  15289: fdfdfd;
  15290: fefefe;
  15291: fefefe;
  15292: ffffff;
  15293: ffffff;
  15294: ffffff;
  15295: ffffff;
  15296: ffffff;
  15297: ffffff;
  15298: ffffff;
  15299: ffffff;
  15300: fefefe;
  15301: fefefe;
  15302: fdfdfd;
  15303: fdfdfd;
  15304: fdfdfd;
  15305: fdfdfd;
  15306: fefefe;
  15307: fefefe;
  15308: ffffff;
  15309: ffffff;
  15310: ffffff;
  15311: ffffff;
  15312: fefefe;
  15313: fefefe;
  15314: fefefe;
  15315: fefefe;
  15316: fefefe;
  15317: fefefe;
  15318: fefefe;
  15319: fefefe;
  15320: ffffff;
  15321: ffffff;
  15322: ffffff;
  15323: ffffff;
  15324: ffffff;
  15325: ffffff;
  15326: f3f3f3;
  15327: cdcdcd;
  15328: a4a4a4;
  15329: 7f7f7f;
  15330: 636363;
  15331: 545454;
  15332: 3e3e3e;
  15333: 252525;
  15334: d0d0d;
  15335: 0;
  15336: 0;
  15337: 0;
  15338: 0;
  15339: 0;
  15340: 0;
  15341: 0;
  15342: c0c0c;
  15343: 323232;
  15344: 5b5b5b;
  15345: 808080;
  15346: 9c9c9c;
  15347: ababab;
  15348: c1c1c1;
  15349: d9d9d9;
  15350: f2f2f2;
  15351: ffffff;
  15352: ffffff;
  15353: ffffff;
  15354: ffffff;
  15355: ffffff;
  15356: ffffff;
  15357: fdfdfd;
  15358: fdfdfd;
  15359: fdfdfd;
  15360: fdfdfd;
  15361: fdfdfd;
  15362: fdfdfd;
  15363: ffffff;
  15364: ffffff;
  15365: ffffff;
  15366: ffffff;
  15367: ffffff;
  15368: ffffff;
  15369: e8e8e8;
  15370: bfbfbf;
  15371: 979797;
  15372: 737373;
  15373: 5e5e5e;
  15374: 4d4d4d;
  15375: 363636;
  15376: 1d1d1d;
  15377: 60606;
  15378: 0;
  15379: 0;
  15380: 0;
  15381: 0;
  15382: 0;
  15383: 0;
  15384: 0;
  15385: 171717;
  15386: 3f3f3f;
  15387: 686868;
  15388: 8c8c8c;
  15389: a1a1a1;
  15390: b2b2b2;
  15391: c9c9c9;
  15392: e2e2e2;
  15393: f9f9f9;
  15394: ffffff;
  15395: ffffff;
  15396: ffffff;
  15397: ffffff;
  15398: ffffff;
  15399: fefefe;
  15400: fefefe;
  15401: fefefe;
  15402: fefefe;
  15403: fefefe;
  15404: ffffff;
  15405: ffffff;
  15406: ffffff;
  15407: ffffff;
  15408: ffffff;
  15409: ffffff;
  15410: ffffff;
  15411: ffffff;
  15412: fefefe;
  15413: fefefe;
  15414: fdfdfd;
  15415: fdfdfd;
  15416: fdfdfd;
  15417: fdfdfd;
  15418: fefefe;
  15419: fefefe;
  15420: ffffff;
  15421: ffffff;
  15422: ffffff;
  15423: ffffff;
  15424: ffffff;
  15425: ffffff;
  15426: ffffff;
  15427: ffffff;
  15428: fefefe;
  15429: fefefe;
  15430: fdfdfd;
  15431: fdfdfd;
  15432: fdfdfd;
  15433: fdfdfd;
  15434: fefefe;
  15435: fefefe;
  15436: ffffff;
  15437: ffffff;
  15438: ffffff;
  15439: ffffff;
  15440: ffffff;
  15441: ffffff;
  15442: ffffff;
  15443: ffffff;
  15444: fefefe;
  15445: fefefe;
  15446: fefefe;
  15447: fefefe;
  15448: fefefe;
  15449: ffffff;
  15450: ffffff;
  15451: ffffff;
  15452: ffffff;
  15453: ffffff;
  15454: f9f9f9;
  15455: e2e2e2;
  15456: c9c9c9;
  15457: b2b2b2;
  15458: a1a1a1;
  15459: 8c8c8c;
  15460: 686868;
  15461: 3f3f3f;
  15462: 171717;
  15463: 0;
  15464: 0;
  15465: 0;
  15466: 0;
  15467: 0;
  15468: 0;
  15469: 0;
  15470: 60606;
  15471: 1d1d1d;
  15472: 363636;
  15473: 4d4d4d;
  15474: 5e5e5e;
  15475: 737373;
  15476: 979797;
  15477: bfbfbf;
  15478: e8e8e8;
  15479: ffffff;
  15480: ffffff;
  15481: ffffff;
  15482: ffffff;
  15483: ffffff;
  15484: ffffff;
  15485: fdfdfd;
  15486: fdfdfd;
  15487: fdfdfd;
  15488: fdfdfd;
  15489: fdfdfd;
  15490: fdfdfd;
  15491: ffffff;
  15492: ffffff;
  15493: ffffff;
  15494: ffffff;
  15495: ffffff;
  15496: ffffff;
  15497: d9d9d9;
  15498: a4a4a4;
  15499: 6f6f6f;
  15500: 404040;
  15501: 262626;
  15502: 1f1f1f;
  15503: 161616;
  15504: c0c0c;
  15505: 30303;
  15506: 0;
  15507: 0;
  15508: 0;
  15509: 0;
  15510: 0;
  15511: 0;
  15512: 0;
  15513: 262626;
  15514: 5a5a5a;
  15515: 909090;
  15516: bfbfbf;
  15517: d9d9d9;
  15518: e0e0e0;
  15519: e9e9e9;
  15520: f3f3f3;
  15521: fcfcfc;
  15522: ffffff;
  15523: ffffff;
  15524: ffffff;
  15525: ffffff;
  15526: fefefe;
  15527: fdfdfd;
  15528: fdfdfd;
  15529: fdfdfd;
  15530: fefefe;
  15531: fefefe;
  15532: ffffff;
  15533: ffffff;
  15534: ffffff;
  15535: ffffff;
  15536: ffffff;
  15537: ffffff;
  15538: ffffff;
  15539: ffffff;
  15540: fefefe;
  15541: fefefe;
  15542: fdfdfd;
  15543: fdfdfd;
  15544: fdfdfd;
  15545: fdfdfd;
  15546: fefefe;
  15547: fefefe;
  15548: ffffff;
  15549: ffffff;
  15550: ffffff;
  15551: ffffff;
  15552: ffffff;
  15553: ffffff;
  15554: ffffff;
  15555: ffffff;
  15556: fefefe;
  15557: fefefe;
  15558: fdfdfd;
  15559: fdfdfd;
  15560: fdfdfd;
  15561: fdfdfd;
  15562: fefefe;
  15563: fefefe;
  15564: ffffff;
  15565: ffffff;
  15566: ffffff;
  15567: ffffff;
  15568: ffffff;
  15569: ffffff;
  15570: ffffff;
  15571: ffffff;
  15572: fefefe;
  15573: fefefe;
  15574: fdfdfd;
  15575: fdfdfd;
  15576: fdfdfd;
  15577: fefefe;
  15578: ffffff;
  15579: ffffff;
  15580: ffffff;
  15581: ffffff;
  15582: fcfcfc;
  15583: f3f3f3;
  15584: e9e9e9;
  15585: e0e0e0;
  15586: d9d9d9;
  15587: bfbfbf;
  15588: 909090;
  15589: 5a5a5a;
  15590: 262626;
  15591: 0;
  15592: 0;
  15593: 0;
  15594: 0;
  15595: 0;
  15596: 0;
  15597: 0;
  15598: 30303;
  15599: c0c0c;
  15600: 161616;
  15601: 1f1f1f;
  15602: 262626;
  15603: 404040;
  15604: 6f6f6f;
  15605: a4a4a4;
  15606: d9d9d9;
  15607: ffffff;
  15608: ffffff;
  15609: ffffff;
  15610: ffffff;
  15611: ffffff;
  15612: ffffff;
  15613: fdfdfd;
  15614: fdfdfd;
  15615: fdfdfd;
  15616: fdfdfd;
  15617: fdfdfd;
  15618: fdfdfd;
  15619: ffffff;
  15620: ffffff;
  15621: ffffff;
  15622: ffffff;
  15623: ffffff;
  15624: f0f0f0;
  15625: c3c3c3;
  15626: 898989;
  15627: 4f4f4f;
  15628: 1c1c1c;
  15629: 0;
  15630: 0;
  15631: 0;
  15632: 0;
  15633: 0;
  15634: 30303;
  15635: 0;
  15636: 0;
  15637: 0;
  15638: 0;
  15639: 0;
  15640: f0f0f;
  15641: 3c3c3c;
  15642: 757575;
  15643: b0b0b0;
  15644: e3e3e3;
  15645: ffffff;
  15646: ffffff;
  15647: ffffff;
  15648: ffffff;
  15649: ffffff;
  15650: ffffff;
  15651: ffffff;
  15652: fefefe;
  15653: fefefe;
  15654: fdfdfd;
  15655: fdfdfd;
  15656: fdfdfd;
  15657: fdfdfd;
  15658: fefefe;
  15659: fefefe;
  15660: ffffff;
  15661: ffffff;
  15662: ffffff;
  15663: ffffff;
  15664: ffffff;
  15665: ffffff;
  15666: ffffff;
  15667: ffffff;
  15668: fefefe;
  15669: fefefe;
  15670: fdfdfd;
  15671: fdfdfd;
  15672: fdfdfd;
  15673: fdfdfd;
  15674: fefefe;
  15675: fefefe;
  15676: ffffff;
  15677: ffffff;
  15678: ffffff;
  15679: ffffff;
  15680: ffffff;
  15681: ffffff;
  15682: ffffff;
  15683: ffffff;
  15684: fefefe;
  15685: fefefe;
  15686: fdfdfd;
  15687: fdfdfd;
  15688: fdfdfd;
  15689: fdfdfd;
  15690: fefefe;
  15691: fefefe;
  15692: ffffff;
  15693: ffffff;
  15694: ffffff;
  15695: ffffff;
  15696: ffffff;
  15697: ffffff;
  15698: ffffff;
  15699: ffffff;
  15700: fefefe;
  15701: fefefe;
  15702: fdfdfd;
  15703: fdfdfd;
  15704: fdfdfd;
  15705: fdfdfd;
  15706: fefefe;
  15707: fefefe;
  15708: ffffff;
  15709: ffffff;
  15710: ffffff;
  15711: ffffff;
  15712: ffffff;
  15713: ffffff;
  15714: ffffff;
  15715: e3e3e3;
  15716: b0b0b0;
  15717: 757575;
  15718: 3c3c3c;
  15719: f0f0f;
  15720: 0;
  15721: 0;
  15722: 0;
  15723: 0;
  15724: 0;
  15725: 30303;
  15726: 0;
  15727: 0;
  15728: 0;
  15729: 0;
  15730: 0;
  15731: 1c1c1c;
  15732: 4f4f4f;
  15733: 898989;
  15734: c3c3c3;
  15735: f0f0f0;
  15736: ffffff;
  15737: ffffff;
  15738: ffffff;
  15739: ffffff;
  15740: ffffff;
  15741: fdfdfd;
  15742: fdfdfd;
  15743: fdfdfd;
  15744: ffffff;
  15745: ffffff;
  15746: ffffff;
  15747: ffffff;
  15748: f7f7f7;
  15749: ededed;
  15750: e3e3e3;
  15751: dbdbdb;
  15752: cbcbcb;
  15753: a2a2a2;
  15754: 6d6d6d;
  15755: 383838;
  15756: 90909;
  15757: 0;
  15758: 0;
  15759: 0;
  15760: 0;
  15761: 0;
  15762: 0;
  15763: 10101;
  15764: 90909;
  15765: 131313;
  15766: 1d1d1d;
  15767: 242424;
  15768: 343434;
  15769: 5e5e5e;
  15770: 919191;
  15771: c7c7c7;
  15772: f6f6f6;
  15773: ffffff;
  15774: ffffff;
  15775: ffffff;
  15776: ffffff;
  15777: ffffff;
  15778: ffffff;
  15779: ffffff;
  15780: fefefe;
  15781: fefefe;
  15782: fdfdfd;
  15783: fdfdfd;
  15784: fdfdfd;
  15785: fdfdfd;
  15786: fefefe;
  15787: fefefe;
  15788: ffffff;
  15789: ffffff;
  15790: ffffff;
  15791: ffffff;
  15792: ffffff;
  15793: ffffff;
  15794: ffffff;
  15795: ffffff;
  15796: fefefe;
  15797: fefefe;
  15798: fdfdfd;
  15799: fdfdfd;
  15800: fdfdfd;
  15801: fdfdfd;
  15802: fefefe;
  15803: fefefe;
  15804: ffffff;
  15805: ffffff;
  15806: ffffff;
  15807: ffffff;
  15808: ffffff;
  15809: ffffff;
  15810: ffffff;
  15811: ffffff;
  15812: fefefe;
  15813: fefefe;
  15814: fdfdfd;
  15815: fdfdfd;
  15816: fdfdfd;
  15817: fdfdfd;
  15818: fefefe;
  15819: fefefe;
  15820: ffffff;
  15821: ffffff;
  15822: ffffff;
  15823: ffffff;
  15824: ffffff;
  15825: ffffff;
  15826: ffffff;
  15827: ffffff;
  15828: fefefe;
  15829: fefefe;
  15830: fdfdfd;
  15831: fdfdfd;
  15832: fdfdfd;
  15833: fdfdfd;
  15834: fefefe;
  15835: fefefe;
  15836: ffffff;
  15837: ffffff;
  15838: ffffff;
  15839: ffffff;
  15840: ffffff;
  15841: ffffff;
  15842: ffffff;
  15843: f6f6f6;
  15844: c7c7c7;
  15845: 919191;
  15846: 5e5e5e;
  15847: 343434;
  15848: 242424;
  15849: 1d1d1d;
  15850: 131313;
  15851: 90909;
  15852: 10101;
  15853: 0;
  15854: 0;
  15855: 0;
  15856: 0;
  15857: 0;
  15858: 0;
  15859: 90909;
  15860: 383838;
  15861: 6d6d6d;
  15862: a2a2a2;
  15863: cbcbcb;
  15864: dbdbdb;
  15865: e3e3e3;
  15866: ededed;
  15867: f7f7f7;
  15868: ffffff;
  15869: ffffff;
  15870: ffffff;
  15871: ffffff;
  15872: ffffff;
  15873: ffffff;
  15874: ffffff;
  15875: ffffff;
  15876: ececec;
  15877: d5d5d5;
  15878: bcbcbc;
  15879: a6a6a6;
  15880: 959595;
  15881: 757575;
  15882: 4d4d4d;
  15883: 252525;
  15884: 10101;
  15885: 0;
  15886: 0;
  15887: 0;
  15888: 0;
  15889: 0;
  15890: 0;
  15891: 0;
  15892: 151515;
  15893: 2e2e2e;
  15894: 464646;
  15895: 5a5a5a;
  15896: 6a6a6a;
  15897: 8a8a8a;
  15898: b1b1b1;
  15899: dadada;
  15900: fefefe;
  15901: ffffff;
  15902: ffffff;
  15903: ffffff;
  15904: ffffff;
  15905: ffffff;
  15906: ffffff;
  15907: ffffff;
  15908: fefefe;
  15909: fefefe;
  15910: fefefe;
  15911: fefefe;
  15912: fefefe;
  15913: fdfdfd;
  15914: fefefe;
  15915: fefefe;
  15916: fefefe;
  15917: fefefe;
  15918: fefefe;
  15919: fefefe;
  15920: ffffff;
  15921: ffffff;
  15922: ffffff;
  15923: ffffff;
  15924: fefefe;
  15925: fefefe;
  15926: fefefe;
  15927: fefefe;
  15928: fefefe;
  15929: fefefe;
  15930: fefefe;
  15931: fefefe;
  15932: ffffff;
  15933: ffffff;
  15934: ffffff;
  15935: ffffff;
  15936: ffffff;
  15937: ffffff;
  15938: ffffff;
  15939: ffffff;
  15940: fefefe;
  15941: fefefe;
  15942: fefefe;
  15943: fefefe;
  15944: fefefe;
  15945: fefefe;
  15946: fefefe;
  15947: fefefe;
  15948: ffffff;
  15949: ffffff;
  15950: ffffff;
  15951: ffffff;
  15952: fefefe;
  15953: fefefe;
  15954: fefefe;
  15955: fefefe;
  15956: fefefe;
  15957: fefefe;
  15958: fdfdfd;
  15959: fefefe;
  15960: fefefe;
  15961: fefefe;
  15962: fefefe;
  15963: fefefe;
  15964: ffffff;
  15965: ffffff;
  15966: ffffff;
  15967: ffffff;
  15968: ffffff;
  15969: ffffff;
  15970: ffffff;
  15971: fefefe;
  15972: dadada;
  15973: b1b1b1;
  15974: 8a8a8a;
  15975: 6a6a6a;
  15976: 5a5a5a;
  15977: 464646;
  15978: 2e2e2e;
  15979: 151515;
  15980: 0;
  15981: 0;
  15982: 0;
  15983: 0;
  15984: 0;
  15985: 0;
  15986: 0;
  15987: 10101;
  15988: 252525;
  15989: 4d4d4d;
  15990: 757575;
  15991: 959595;
  15992: a6a6a6;
  15993: bcbcbc;
  15994: d5d5d5;
  15995: ececec;
  15996: ffffff;
  15997: ffffff;
  15998: ffffff;
  15999: ffffff;
  16000: ffffff;
  16001: ffffff;
  16002: ffffff;
  16003: ffffff;
  16004: dfdfdf;
  16005: b8b8b8;
  16006: 8f8f8f;
  16007: 6c6c6c;
  16008: 5a5a5a;
  16009: 464646;
  16010: 2e2e2e;
  16011: 151515;
  16012: 0;
  16013: 0;
  16014: 0;
  16015: 0;
  16016: 0;
  16017: 0;
  16018: 0;
  16019: 10101;
  16020: 252525;
  16021: 4e4e4e;
  16022: 757575;
  16023: 959595;
  16024: a6a6a6;
  16025: b9b9b9;
  16026: d1d1d1;
  16027: eaeaea;
  16028: ffffff;
  16029: ffffff;
  16030: ffffff;
  16031: ffffff;
  16032: ffffff;
  16033: ffffff;
  16034: fefefe;
  16035: fefefe;
  16036: fefefe;
  16037: ffffff;
  16038: fefefe;
  16039: fefefe;
  16040: fefefe;
  16041: fdfdfd;
  16042: fefefe;
  16043: fdfdfd;
  16044: fdfdfd;
  16045: fdfdfd;
  16046: fdfdfd;
  16047: fefefe;
  16048: fefefe;
  16049: fefefe;
  16050: ffffff;
  16051: ffffff;
  16052: ffffff;
  16053: ffffff;
  16054: fefefe;
  16055: fefefe;
  16056: fefefe;
  16057: fefefe;
  16058: ffffff;
  16059: fefefe;
  16060: fefefe;
  16061: fefefe;
  16062: fefefe;
  16063: fefefe;
  16064: fefefe;
  16065: fefefe;
  16066: fefefe;
  16067: fefefe;
  16068: fefefe;
  16069: ffffff;
  16070: fefefe;
  16071: fefefe;
  16072: fefefe;
  16073: fefefe;
  16074: ffffff;
  16075: ffffff;
  16076: ffffff;
  16077: ffffff;
  16078: fefefe;
  16079: fefefe;
  16080: fefefe;
  16081: fdfdfd;
  16082: fdfdfd;
  16083: fdfdfd;
  16084: fdfdfd;
  16085: fefefe;
  16086: fdfdfd;
  16087: fefefe;
  16088: fefefe;
  16089: fefefe;
  16090: ffffff;
  16091: fefefe;
  16092: fefefe;
  16093: fefefe;
  16094: ffffff;
  16095: ffffff;
  16096: ffffff;
  16097: ffffff;
  16098: ffffff;
  16099: ffffff;
  16100: eaeaea;
  16101: d1d1d1;
  16102: b9b9b9;
  16103: a6a6a6;
  16104: 959595;
  16105: 757575;
  16106: 4e4e4e;
  16107: 252525;
  16108: 10101;
  16109: 0;
  16110: 0;
  16111: 0;
  16112: 0;
  16113: 0;
  16114: 0;
  16115: 0;
  16116: 151515;
  16117: 2e2e2e;
  16118: 464646;
  16119: 5a5a5a;
  16120: 6c6c6c;
  16121: 8f8f8f;
  16122: b8b8b8;
  16123: dfdfdf;
  16124: ffffff;
  16125: ffffff;
  16126: ffffff;
  16127: ffffff;
  16128: ffffff;
  16129: ffffff;
  16130: ffffff;
  16131: f7f7f7;
  16132: cdcdcd;
  16133: 9a9a9a;
  16134: 646464;
  16135: 363636;
  16136: 242424;
  16137: 1d1d1d;
  16138: 131313;
  16139: 90909;
  16140: 10101;
  16141: 0;
  16142: 0;
  16143: 0;
  16144: 0;
  16145: 0;
  16146: 0;
  16147: 90909;
  16148: 383838;
  16149: 6e6e6e;
  16150: a2a2a2;
  16151: cbcbcb;
  16152: dbdbdb;
  16153: e3e3e3;
  16154: ececec;
  16155: f6f6f6;
  16156: fefefe;
  16157: ffffff;
  16158: ffffff;
  16159: ffffff;
  16160: ffffff;
  16161: ffffff;
  16162: fefefe;
  16163: fefefe;
  16164: fefefe;
  16165: ffffff;
  16166: ffffff;
  16167: ffffff;
  16168: ffffff;
  16169: fefefe;
  16170: fefefe;
  16171: fdfdfd;
  16172: fcfcfc;
  16173: fcfcfc;
  16174: fcfcfc;
  16175: fdfdfd;
  16176: fefefe;
  16177: fefefe;
  16178: ffffff;
  16179: ffffff;
  16180: ffffff;
  16181: ffffff;
  16182: ffffff;
  16183: ffffff;
  16184: ffffff;
  16185: ffffff;
  16186: ffffff;
  16187: fefefe;
  16188: fefefe;
  16189: fefefe;
  16190: fefefe;
  16191: fefefe;
  16192: fefefe;
  16193: fefefe;
  16194: fefefe;
  16195: fefefe;
  16196: fefefe;
  16197: ffffff;
  16198: ffffff;
  16199: ffffff;
  16200: ffffff;
  16201: ffffff;
  16202: ffffff;
  16203: ffffff;
  16204: ffffff;
  16205: ffffff;
  16206: fefefe;
  16207: fefefe;
  16208: fdfdfd;
  16209: fcfcfc;
  16210: fcfcfc;
  16211: fcfcfc;
  16212: fdfdfd;
  16213: fefefe;
  16214: fefefe;
  16215: ffffff;
  16216: ffffff;
  16217: ffffff;
  16218: ffffff;
  16219: fefefe;
  16220: fefefe;
  16221: fefefe;
  16222: ffffff;
  16223: ffffff;
  16224: ffffff;
  16225: ffffff;
  16226: ffffff;
  16227: fefefe;
  16228: f6f6f6;
  16229: ececec;
  16230: e3e3e3;
  16231: dbdbdb;
  16232: cbcbcb;
  16233: a2a2a2;
  16234: 6e6e6e;
  16235: 383838;
  16236: 90909;
  16237: 0;
  16238: 0;
  16239: 0;
  16240: 0;
  16241: 0;
  16242: 0;
  16243: 10101;
  16244: 90909;
  16245: 131313;
  16246: 1d1d1d;
  16247: 242424;
  16248: 363636;
  16249: 646464;
  16250: 9a9a9a;
  16251: cdcdcd;
  16252: f7f7f7;
  16253: ffffff;
  16254: ffffff;
  16255: ffffff;
  16256: ffffff;
  16257: ffffff;
  16258: ffffff;
  16259: e4e4e4;
  16260: b6b6b6;
  16261: 7e7e7e;
  16262: 434343;
  16263: 111111;
  16264: 0;
  16265: 0;
  16266: 0;
  16267: 0;
  16268: 0;
  16269: 0;
  16270: 0;
  16271: 0;
  16272: 0;
  16273: 0;
  16274: 0;
  16275: 1c1c1c;
  16276: 4f4f4f;
  16277: 8a8a8a;
  16278: c3c3c3;
  16279: f0f0f0;
  16280: ffffff;
  16281: ffffff;
  16282: ffffff;
  16283: ffffff;
  16284: ffffff;
  16285: fefefe;
  16286: fefefe;
  16287: fefefe;
  16288: fefefe;
  16289: fefefe;
  16290: fefefe;
  16291: fefefe;
  16292: fefefe;
  16293: ffffff;
  16294: ffffff;
  16295: ffffff;
  16296: ffffff;
  16297: fefefe;
  16298: fefefe;
  16299: fdfdfd;
  16300: fcfcfc;
  16301: fcfcfc;
  16302: fcfcfc;
  16303: fdfdfd;
  16304: fefefe;
  16305: fefefe;
  16306: ffffff;
  16307: ffffff;
  16308: ffffff;
  16309: ffffff;
  16310: ffffff;
  16311: ffffff;
  16312: ffffff;
  16313: ffffff;
  16314: ffffff;
  16315: fefefe;
  16316: fefefe;
  16317: fefefe;
  16318: fefefe;
  16319: fefefe;
  16320: fefefe;
  16321: fefefe;
  16322: fefefe;
  16323: fefefe;
  16324: fefefe;
  16325: ffffff;
  16326: ffffff;
  16327: ffffff;
  16328: ffffff;
  16329: ffffff;
  16330: ffffff;
  16331: ffffff;
  16332: ffffff;
  16333: ffffff;
  16334: fefefe;
  16335: fefefe;
  16336: fdfdfd;
  16337: fcfcfc;
  16338: fcfcfc;
  16339: fcfcfc;
  16340: fdfdfd;
  16341: fefefe;
  16342: fefefe;
  16343: ffffff;
  16344: ffffff;
  16345: ffffff;
  16346: ffffff;
  16347: fefefe;
  16348: fefefe;
  16349: fefefe;
  16350: fefefe;
  16351: fefefe;
  16352: fefefe;
  16353: fefefe;
  16354: fefefe;
  16355: ffffff;
  16356: ffffff;
  16357: ffffff;
  16358: ffffff;
  16359: ffffff;
  16360: f0f0f0;
  16361: c3c3c3;
  16362: 8a8a8a;
  16363: 4f4f4f;
  16364: 1c1c1c;
  16365: 0;
  16366: 0;
  16367: 0;
  16368: 0;
  16369: 0;
  16370: 0;
  16371: 0;
  16372: 0;
  16373: 0;
  16374: 0;
  16375: 0;
  16376: 111111;
  16377: 434343;
  16378: 7e7e7e;
  16379: b6b6b6;
  16380: e4e4e4;
  16381: ffffff;
  16382: ffffff;
  16383: ffffff;
  16384: d8d8d8;
  16385: d8d8d8;
  16386: d8d8d8;
  16387: c0c0c0;
  16388: 969696;
  16389: 636363;
  16390: 2d2d2d;
  16391: 0;
  16392: 0;
  16393: 0;
  16394: 0;
  16395: 0;
  16396: 0;
  16397: 0;
  16398: 30303;
  16399: c0c0c;
  16400: 161616;
  16401: 202020;
  16402: 262626;
  16403: 404040;
  16404: 6f6f6f;
  16405: a5a5a5;
  16406: d9d9d9;
  16407: ffffff;
  16408: ffffff;
  16409: ffffff;
  16410: ffffff;
  16411: ffffff;
  16412: ffffff;
  16413: fefefe;
  16414: fefefe;
  16415: fefefe;
  16416: fefefe;
  16417: fefefe;
  16418: fefefe;
  16419: fefefe;
  16420: fefefe;
  16421: ffffff;
  16422: ffffff;
  16423: ffffff;
  16424: ffffff;
  16425: fefefe;
  16426: fefefe;
  16427: fdfdfd;
  16428: fcfcfc;
  16429: fcfcfc;
  16430: fcfcfc;
  16431: fdfdfd;
  16432: fefefe;
  16433: fefefe;
  16434: ffffff;
  16435: ffffff;
  16436: ffffff;
  16437: ffffff;
  16438: ffffff;
  16439: ffffff;
  16440: ffffff;
  16441: ffffff;
  16442: ffffff;
  16443: fefefe;
  16444: fefefe;
  16445: fefefe;
  16446: fefefe;
  16447: fefefe;
  16448: fefefe;
  16449: fefefe;
  16450: fefefe;
  16451: fefefe;
  16452: fefefe;
  16453: ffffff;
  16454: ffffff;
  16455: ffffff;
  16456: ffffff;
  16457: ffffff;
  16458: ffffff;
  16459: ffffff;
  16460: ffffff;
  16461: ffffff;
  16462: fefefe;
  16463: fefefe;
  16464: fdfdfd;
  16465: fcfcfc;
  16466: fcfcfc;
  16467: fcfcfc;
  16468: fdfdfd;
  16469: fefefe;
  16470: fefefe;
  16471: ffffff;
  16472: ffffff;
  16473: ffffff;
  16474: ffffff;
  16475: fefefe;
  16476: fefefe;
  16477: fefefe;
  16478: fefefe;
  16479: fefefe;
  16480: fefefe;
  16481: fefefe;
  16482: fefefe;
  16483: ffffff;
  16484: ffffff;
  16485: ffffff;
  16486: ffffff;
  16487: ffffff;
  16488: ffffff;
  16489: d9d9d9;
  16490: a5a5a5;
  16491: 6f6f6f;
  16492: 404040;
  16493: 262626;
  16494: 202020;
  16495: 161616;
  16496: c0c0c;
  16497: 30303;
  16498: 0;
  16499: 0;
  16500: 0;
  16501: 0;
  16502: 0;
  16503: 0;
  16504: 0;
  16505: 2d2d2d;
  16506: 636363;
  16507: 969696;
  16508: c0c0c0;
  16509: d8d8d8;
  16510: d8d8d8;
  16511: d8d8d8;
  16512: 9f9f9f;
  16513: 9f9f9f;
  16514: 9f9f9f;
  16515: 8c8c8c;
  16516: 6c6c6c;
  16517: 454545;
  16518: 1c1c1c;
  16519: 0;
  16520: 0;
  16521: 0;
  16522: 0;
  16523: 0;
  16524: 0;
  16525: 0;
  16526: 60606;
  16527: 1d1d1d;
  16528: 363636;
  16529: 4e4e4e;
  16530: 5e5e5e;
  16531: 747474;
  16532: 979797;
  16533: c0c0c0;
  16534: e8e8e8;
  16535: ffffff;
  16536: ffffff;
  16537: ffffff;
  16538: ffffff;
  16539: ffffff;
  16540: ffffff;
  16541: fefefe;
  16542: fefefe;
  16543: fefefe;
  16544: fefefe;
  16545: fefefe;
  16546: fefefe;
  16547: fefefe;
  16548: fefefe;
  16549: ffffff;
  16550: ffffff;
  16551: ffffff;
  16552: ffffff;
  16553: fefefe;
  16554: fefefe;
  16555: fefefe;
  16556: fdfdfd;
  16557: fdfdfd;
  16558: fdfdfd;
  16559: fefefe;
  16560: fefefe;
  16561: fefefe;
  16562: ffffff;
  16563: ffffff;
  16564: ffffff;
  16565: ffffff;
  16566: ffffff;
  16567: ffffff;
  16568: ffffff;
  16569: ffffff;
  16570: ffffff;
  16571: fefefe;
  16572: fefefe;
  16573: fefefe;
  16574: fefefe;
  16575: fefefe;
  16576: fefefe;
  16577: fefefe;
  16578: fefefe;
  16579: fefefe;
  16580: fefefe;
  16581: ffffff;
  16582: ffffff;
  16583: ffffff;
  16584: ffffff;
  16585: ffffff;
  16586: ffffff;
  16587: ffffff;
  16588: ffffff;
  16589: ffffff;
  16590: fefefe;
  16591: fefefe;
  16592: fefefe;
  16593: fdfdfd;
  16594: fdfdfd;
  16595: fdfdfd;
  16596: fefefe;
  16597: fefefe;
  16598: fefefe;
  16599: ffffff;
  16600: ffffff;
  16601: ffffff;
  16602: ffffff;
  16603: fefefe;
  16604: fefefe;
  16605: fefefe;
  16606: fefefe;
  16607: fefefe;
  16608: fefefe;
  16609: fefefe;
  16610: fefefe;
  16611: ffffff;
  16612: ffffff;
  16613: ffffff;
  16614: ffffff;
  16615: ffffff;
  16616: ffffff;
  16617: e8e8e8;
  16618: c0c0c0;
  16619: 979797;
  16620: 747474;
  16621: 5e5e5e;
  16622: 4e4e4e;
  16623: 363636;
  16624: 1d1d1d;
  16625: 60606;
  16626: 0;
  16627: 0;
  16628: 0;
  16629: 0;
  16630: 0;
  16631: 0;
  16632: 0;
  16633: 1c1c1c;
  16634: 454545;
  16635: 6c6c6c;
  16636: 8c8c8c;
  16637: 9f9f9f;
  16638: 9f9f9f;
  16639: 9f9f9f;
  16640: 606060;
  16641: 606060;
  16642: 606060;
  16643: 545454;
  16644: 414141;
  16645: 292929;
  16646: 101010;
  16647: 0;
  16648: 0;
  16649: 0;
  16650: 0;
  16651: 0;
  16652: 0;
  16653: 0;
  16654: c0c0c;
  16655: 323232;
  16656: 5b5b5b;
  16657: 818181;
  16658: 9d9d9d;
  16659: ababab;
  16660: c1c1c1;
  16661: dadada;
  16662: f2f2f2;
  16663: ffffff;
  16664: ffffff;
  16665: ffffff;
  16666: ffffff;
  16667: ffffff;
  16668: ffffff;
  16669: ffffff;
  16670: ffffff;
  16671: ffffff;
  16672: ffffff;
  16673: ffffff;
  16674: ffffff;
  16675: ffffff;
  16676: ffffff;
  16677: ffffff;
  16678: ffffff;
  16679: ffffff;
  16680: ffffff;
  16681: ffffff;
  16682: ffffff;
  16683: fefefe;
  16684: fefefe;
  16685: fefefe;
  16686: fefefe;
  16687: fefefe;
  16688: fefefe;
  16689: fefefe;
  16690: fefefe;
  16691: fefefe;
  16692: fefefe;
  16693: fefefe;
  16694: fefefe;
  16695: fefefe;
  16696: fefefe;
  16697: fefefe;
  16698: fefefe;
  16699: fdfdfd;
  16700: fdfdfd;
  16701: fdfdfd;
  16702: fdfdfd;
  16703: fdfdfd;
  16704: fdfdfd;
  16705: fdfdfd;
  16706: fdfdfd;
  16707: fdfdfd;
  16708: fdfdfd;
  16709: fefefe;
  16710: fefefe;
  16711: fefefe;
  16712: fefefe;
  16713: fefefe;
  16714: fefefe;
  16715: fefefe;
  16716: fefefe;
  16717: fefefe;
  16718: fefefe;
  16719: fefefe;
  16720: fefefe;
  16721: fefefe;
  16722: fefefe;
  16723: fefefe;
  16724: fefefe;
  16725: ffffff;
  16726: ffffff;
  16727: ffffff;
  16728: ffffff;
  16729: ffffff;
  16730: ffffff;
  16731: ffffff;
  16732: ffffff;
  16733: ffffff;
  16734: ffffff;
  16735: ffffff;
  16736: ffffff;
  16737: ffffff;
  16738: ffffff;
  16739: ffffff;
  16740: ffffff;
  16741: ffffff;
  16742: ffffff;
  16743: ffffff;
  16744: ffffff;
  16745: f2f2f2;
  16746: dadada;
  16747: c1c1c1;
  16748: ababab;
  16749: 9d9d9d;
  16750: 818181;
  16751: 5b5b5b;
  16752: 323232;
  16753: c0c0c;
  16754: 0;
  16755: 0;
  16756: 0;
  16757: 0;
  16758: 0;
  16759: 0;
  16760: 0;
  16761: 101010;
  16762: 292929;
  16763: 414141;
  16764: 545454;
  16765: 606060;
  16766: 606060;
  16767: 606060;
  16768: 272727;
  16769: 272727;
  16770: 272727;
  16771: 222222;
  16772: 1a1a1a;
  16773: 111111;
  16774: 70707;
  16775: 0;
  16776: 0;
  16777: 0;
  16778: 0;
  16779: 0;
  16780: 0;
  16781: 0;
  16782: 181818;
  16783: 494949;
  16784: 7f7f7f;
  16785: b1b1b1;
  16786: d5d5d5;
  16787: dddddd;
  16788: e6e6e6;
  16789: f0f0f0;
  16790: f9f9f9;
  16791: ffffff;
  16792: ffffff;
  16793: ffffff;
  16794: ffffff;
  16795: ffffff;
  16796: ffffff;
  16797: ffffff;
  16798: ffffff;
  16799: ffffff;
  16800: ffffff;
  16801: ffffff;
  16802: ffffff;
  16803: ffffff;
  16804: ffffff;
  16805: ffffff;
  16806: ffffff;
  16807: ffffff;
  16808: ffffff;
  16809: ffffff;
  16810: ffffff;
  16811: ffffff;
  16812: ffffff;
  16813: ffffff;
  16814: ffffff;
  16815: ffffff;
  16816: fefefe;
  16817: fefefe;
  16818: fefefe;
  16819: fefefe;
  16820: fefefe;
  16821: fefefe;
  16822: fefefe;
  16823: fefefe;
  16824: fefefe;
  16825: fefefe;
  16826: fefefe;
  16827: fdfdfd;
  16828: fdfdfd;
  16829: fdfdfd;
  16830: fdfdfd;
  16831: fdfdfd;
  16832: fdfdfd;
  16833: fdfdfd;
  16834: fdfdfd;
  16835: fdfdfd;
  16836: fdfdfd;
  16837: fefefe;
  16838: fefefe;
  16839: fefefe;
  16840: fefefe;
  16841: fefefe;
  16842: fefefe;
  16843: fefefe;
  16844: fefefe;
  16845: fefefe;
  16846: fefefe;
  16847: fefefe;
  16848: ffffff;
  16849: ffffff;
  16850: ffffff;
  16851: ffffff;
  16852: ffffff;
  16853: ffffff;
  16854: ffffff;
  16855: ffffff;
  16856: ffffff;
  16857: ffffff;
  16858: ffffff;
  16859: ffffff;
  16860: ffffff;
  16861: ffffff;
  16862: ffffff;
  16863: ffffff;
  16864: ffffff;
  16865: ffffff;
  16866: ffffff;
  16867: ffffff;
  16868: ffffff;
  16869: ffffff;
  16870: ffffff;
  16871: ffffff;
  16872: ffffff;
  16873: f9f9f9;
  16874: f0f0f0;
  16875: e6e6e6;
  16876: dddddd;
  16877: d5d5d5;
  16878: b1b1b1;
  16879: 7f7f7f;
  16880: 494949;
  16881: 181818;
  16882: 0;
  16883: 0;
  16884: 0;
  16885: 0;
  16886: 0;
  16887: 0;
  16888: 0;
  16889: 70707;
  16890: 111111;
  16891: 1a1a1a;
  16892: 222222;
  16893: 272727;
  16894: 272727;
  16895: 272727;
  16896: 0;
  16897: 0;
  16898: 0;
  16899: 0;
  16900: 0;
  16901: 0;
  16902: 0;
  16903: 0;
  16904: 0;
  16905: 0;
  16906: 0;
  16907: 0;
  16908: 0;
  16909: 40404;
  16910: 2c2c2c;
  16911: 626262;
  16912: 9d9d9d;
  16913: d4d4d4;
  16914: fbfbfb;
  16915: ffffff;
  16916: ffffff;
  16917: ffffff;
  16918: ffffff;
  16919: fdfdfd;
  16920: fcfcfc;
  16921: fcfcfc;
  16922: fdfdfd;
  16923: fefefe;
  16924: ffffff;
  16925: ffffff;
  16926: ffffff;
  16927: ffffff;
  16928: ffffff;
  16929: ffffff;
  16930: ffffff;
  16931: ffffff;
  16932: ffffff;
  16933: ffffff;
  16934: ffffff;
  16935: ffffff;
  16936: ffffff;
  16937: ffffff;
  16938: ffffff;
  16939: ffffff;
  16940: ffffff;
  16941: ffffff;
  16942: ffffff;
  16943: ffffff;
  16944: fefefe;
  16945: fefefe;
  16946: fefefe;
  16947: fefefe;
  16948: fefefe;
  16949: fefefe;
  16950: fefefe;
  16951: fefefe;
  16952: fefefe;
  16953: fefefe;
  16954: fefefe;
  16955: fdfdfd;
  16956: fdfdfd;
  16957: fdfdfd;
  16958: fdfdfd;
  16959: fdfdfd;
  16960: fdfdfd;
  16961: fdfdfd;
  16962: fdfdfd;
  16963: fdfdfd;
  16964: fdfdfd;
  16965: fefefe;
  16966: fefefe;
  16967: fefefe;
  16968: fefefe;
  16969: fefefe;
  16970: fefefe;
  16971: fefefe;
  16972: fefefe;
  16973: fefefe;
  16974: fefefe;
  16975: fefefe;
  16976: ffffff;
  16977: ffffff;
  16978: ffffff;
  16979: ffffff;
  16980: ffffff;
  16981: ffffff;
  16982: ffffff;
  16983: ffffff;
  16984: ffffff;
  16985: ffffff;
  16986: ffffff;
  16987: ffffff;
  16988: ffffff;
  16989: ffffff;
  16990: ffffff;
  16991: ffffff;
  16992: ffffff;
  16993: ffffff;
  16994: ffffff;
  16995: ffffff;
  16996: fefefe;
  16997: fdfdfd;
  16998: fcfcfc;
  16999: fcfcfc;
  17000: fdfdfd;
  17001: ffffff;
  17002: ffffff;
  17003: ffffff;
  17004: ffffff;
  17005: fbfbfb;
  17006: d4d4d4;
  17007: 9d9d9d;
  17008: 626262;
  17009: 2c2c2c;
  17010: 40404;
  17011: 0;
  17012: 0;
  17013: 0;
  17014: 0;
  17015: 0;
  17016: 0;
  17017: 0;
  17018: 0;
  17019: 0;
  17020: 0;
  17021: 0;
  17022: 0;
  17023: 0;
  17024: 0;
  17025: 0;
  17026: 0;
  17027: 0;
  17028: 0;
  17029: 0;
  17030: 0;
  17031: 0;
  17032: 0;
  17033: 70707;
  17034: 101010;
  17035: 1a1a1a;
  17036: 222222;
  17037: 2a2a2a;
  17038: 4f4f4f;
  17039: 808080;
  17040: b6b6b6;
  17041: e8e8e8;
  17042: ffffff;
  17043: ffffff;
  17044: ffffff;
  17045: ffffff;
  17046: ffffff;
  17047: fefefe;
  17048: fcfcfc;
  17049: fcfcfc;
  17050: fdfdfd;
  17051: fefefe;
  17052: ffffff;
  17053: ffffff;
  17054: ffffff;
  17055: ffffff;
  17056: ffffff;
  17057: ffffff;
  17058: ffffff;
  17059: ffffff;
  17060: ffffff;
  17061: ffffff;
  17062: ffffff;
  17063: ffffff;
  17064: ffffff;
  17065: ffffff;
  17066: ffffff;
  17067: ffffff;
  17068: ffffff;
  17069: ffffff;
  17070: ffffff;
  17071: ffffff;
  17072: fefefe;
  17073: fefefe;
  17074: fefefe;
  17075: fefefe;
  17076: fefefe;
  17077: fefefe;
  17078: fefefe;
  17079: fefefe;
  17080: fefefe;
  17081: fefefe;
  17082: fefefe;
  17083: fdfdfd;
  17084: fdfdfd;
  17085: fdfdfd;
  17086: fdfdfd;
  17087: fdfdfd;
  17088: fdfdfd;
  17089: fdfdfd;
  17090: fdfdfd;
  17091: fdfdfd;
  17092: fdfdfd;
  17093: fefefe;
  17094: fefefe;
  17095: fefefe;
  17096: fefefe;
  17097: fefefe;
  17098: fefefe;
  17099: fefefe;
  17100: fefefe;
  17101: fefefe;
  17102: fefefe;
  17103: fefefe;
  17104: ffffff;
  17105: ffffff;
  17106: ffffff;
  17107: ffffff;
  17108: ffffff;
  17109: ffffff;
  17110: ffffff;
  17111: ffffff;
  17112: ffffff;
  17113: ffffff;
  17114: ffffff;
  17115: ffffff;
  17116: ffffff;
  17117: ffffff;
  17118: ffffff;
  17119: ffffff;
  17120: ffffff;
  17121: ffffff;
  17122: ffffff;
  17123: ffffff;
  17124: fefefe;
  17125: fdfdfd;
  17126: fcfcfc;
  17127: fcfcfc;
  17128: fefefe;
  17129: ffffff;
  17130: ffffff;
  17131: ffffff;
  17132: ffffff;
  17133: ffffff;
  17134: e8e8e8;
  17135: b6b6b6;
  17136: 808080;
  17137: 4f4f4f;
  17138: 2a2a2a;
  17139: 222222;
  17140: 1a1a1a;
  17141: 101010;
  17142: 70707;
  17143: 0;
  17144: 0;
  17145: 0;
  17146: 0;
  17147: 0;
  17148: 0;
  17149: 0;
  17150: 0;
  17151: 0;
  17152: 0;
  17153: 0;
  17154: 0;
  17155: 0;
  17156: 0;
  17157: 0;
  17158: 0;
  17159: 0;
  17160: 0;
  17161: f0f0f;
  17162: 272727;
  17163: 3f3f3f;
  17164: 545454;
  17165: 636363;
  17166: 7f7f7f;
  17167: a4a4a4;
  17168: cdcdcd;
  17169: f3f3f3;
  17170: ffffff;
  17171: ffffff;
  17172: ffffff;
  17173: ffffff;
  17174: ffffff;
  17175: fefefe;
  17176: fcfcfc;
  17177: fdfdfd;
  17178: fefefe;
  17179: fefefe;
  17180: ffffff;
  17181: ffffff;
  17182: ffffff;
  17183: ffffff;
  17184: ffffff;
  17185: ffffff;
  17186: ffffff;
  17187: ffffff;
  17188: ffffff;
  17189: ffffff;
  17190: ffffff;
  17191: ffffff;
  17192: ffffff;
  17193: ffffff;
  17194: fefefe;
  17195: fefefe;
  17196: fefefe;
  17197: fefefe;
  17198: fefefe;
  17199: fefefe;
  17200: fefefe;
  17201: fefefe;
  17202: fefefe;
  17203: fefefe;
  17204: fefefe;
  17205: fefefe;
  17206: fefefe;
  17207: fefefe;
  17208: fefefe;
  17209: fefefe;
  17210: fefefe;
  17211: fdfdfd;
  17212: fdfdfd;
  17213: fdfdfd;
  17214: fdfdfd;
  17215: fdfdfd;
  17216: fdfdfd;
  17217: fdfdfd;
  17218: fdfdfd;
  17219: fdfdfd;
  17220: fdfdfd;
  17221: fefefe;
  17222: fefefe;
  17223: fefefe;
  17224: fefefe;
  17225: fefefe;
  17226: fefefe;
  17227: fefefe;
  17228: fefefe;
  17229: fefefe;
  17230: fefefe;
  17231: fefefe;
  17232: fefefe;
  17233: fefefe;
  17234: fefefe;
  17235: fefefe;
  17236: fefefe;
  17237: fefefe;
  17238: ffffff;
  17239: ffffff;
  17240: ffffff;
  17241: ffffff;
  17242: ffffff;
  17243: ffffff;
  17244: ffffff;
  17245: ffffff;
  17246: ffffff;
  17247: ffffff;
  17248: ffffff;
  17249: ffffff;
  17250: ffffff;
  17251: ffffff;
  17252: fefefe;
  17253: fefefe;
  17254: fdfdfd;
  17255: fcfcfc;
  17256: fefefe;
  17257: ffffff;
  17258: ffffff;
  17259: ffffff;
  17260: ffffff;
  17261: ffffff;
  17262: f3f3f3;
  17263: cdcdcd;
  17264: a4a4a4;
  17265: 7f7f7f;
  17266: 636363;
  17267: 545454;
  17268: 3f3f3f;
  17269: 272727;
  17270: f0f0f;
  17271: 0;
  17272: 0;
  17273: 0;
  17274: 0;
  17275: 0;
  17276: 0;
  17277: 0;
  17278: 0;
  17279: 0;
  17280: 0;
  17281: 0;
  17282: 0;
  17283: 0;
  17284: 0;
  17285: 0;
  17286: 0;
  17287: 0;
  17288: 0;
  17289: 1a1a1a;
  17290: 414141;
  17291: 6a6a6a;
  17292: 8c8c8c;
  17293: a1a1a1;
  17294: b2b2b2;
  17295: c9c9c9;
  17296: e2e2e2;
  17297: f9f9f9;
  17298: ffffff;
  17299: ffffff;
  17300: ffffff;
  17301: ffffff;
  17302: ffffff;
  17303: fefefe;
  17304: fdfdfd;
  17305: fefefe;
  17306: fefefe;
  17307: ffffff;
  17308: ffffff;
  17309: ffffff;
  17310: ffffff;
  17311: ffffff;
  17312: ffffff;
  17313: ffffff;
  17314: ffffff;
  17315: ffffff;
  17316: ffffff;
  17317: ffffff;
  17318: ffffff;
  17319: ffffff;
  17320: ffffff;
  17321: ffffff;
  17322: fefefe;
  17323: fefefe;
  17324: fdfdfd;
  17325: fdfdfd;
  17326: fdfdfd;
  17327: fefefe;
  17328: fefefe;
  17329: fefefe;
  17330: ffffff;
  17331: ffffff;
  17332: ffffff;
  17333: ffffff;
  17334: ffffff;
  17335: ffffff;
  17336: ffffff;
  17337: ffffff;
  17338: ffffff;
  17339: fefefe;
  17340: fefefe;
  17341: fefefe;
  17342: fefefe;
  17343: fefefe;
  17344: fefefe;
  17345: fefefe;
  17346: fefefe;
  17347: fefefe;
  17348: fefefe;
  17349: ffffff;
  17350: ffffff;
  17351: ffffff;
  17352: ffffff;
  17353: ffffff;
  17354: ffffff;
  17355: ffffff;
  17356: ffffff;
  17357: ffffff;
  17358: fefefe;
  17359: fefefe;
  17360: fefefe;
  17361: fdfdfd;
  17362: fdfdfd;
  17363: fdfdfd;
  17364: fefefe;
  17365: fefefe;
  17366: ffffff;
  17367: ffffff;
  17368: ffffff;
  17369: ffffff;
  17370: ffffff;
  17371: ffffff;
  17372: ffffff;
  17373: ffffff;
  17374: ffffff;
  17375: ffffff;
  17376: ffffff;
  17377: ffffff;
  17378: ffffff;
  17379: ffffff;
  17380: ffffff;
  17381: fefefe;
  17382: fefefe;
  17383: fdfdfd;
  17384: fefefe;
  17385: ffffff;
  17386: ffffff;
  17387: ffffff;
  17388: ffffff;
  17389: ffffff;
  17390: f9f9f9;
  17391: e2e2e2;
  17392: c9c9c9;
  17393: b2b2b2;
  17394: a1a1a1;
  17395: 8c8c8c;
  17396: 6a6a6a;
  17397: 414141;
  17398: 1a1a1a;
  17399: 0;
  17400: 0;
  17401: 0;
  17402: 0;
  17403: 0;
  17404: 0;
  17405: 0;
  17406: 0;
  17407: 0;
  17408: 0;
  17409: 0;
  17410: 0;
  17411: 0;
  17412: 0;
  17413: 0;
  17414: 0;
  17415: 0;
  17416: 10101;
  17417: 2a2a2a;
  17418: 5d5d5d;
  17419: 929292;
  17420: bfbfbf;
  17421: d9d9d9;
  17422: e0e0e0;
  17423: e9e9e9;
  17424: f3f3f3;
  17425: fcfcfc;
  17426: fefefe;
  17427: fefefe;
  17428: fefefe;
  17429: fefefe;
  17430: fefefe;
  17431: fefefe;
  17432: fefefe;
  17433: ffffff;
  17434: ffffff;
  17435: ffffff;
  17436: ffffff;
  17437: ffffff;
  17438: ffffff;
  17439: ffffff;
  17440: ffffff;
  17441: ffffff;
  17442: ffffff;
  17443: ffffff;
  17444: ffffff;
  17445: ffffff;
  17446: ffffff;
  17447: ffffff;
  17448: ffffff;
  17449: fefefe;
  17450: fdfdfd;
  17451: fdfdfd;
  17452: fcfcfc;
  17453: fcfcfc;
  17454: fcfcfc;
  17455: fdfdfd;
  17456: fefefe;
  17457: fefefe;
  17458: ffffff;
  17459: ffffff;
  17460: ffffff;
  17461: ffffff;
  17462: ffffff;
  17463: ffffff;
  17464: ffffff;
  17465: ffffff;
  17466: ffffff;
  17467: fefefe;
  17468: fefefe;
  17469: fefefe;
  17470: fefefe;
  17471: fefefe;
  17472: fefefe;
  17473: fefefe;
  17474: fefefe;
  17475: fefefe;
  17476: fefefe;
  17477: ffffff;
  17478: ffffff;
  17479: ffffff;
  17480: ffffff;
  17481: ffffff;
  17482: ffffff;
  17483: ffffff;
  17484: ffffff;
  17485: ffffff;
  17486: fefefe;
  17487: fefefe;
  17488: fdfdfd;
  17489: fcfcfc;
  17490: fcfcfc;
  17491: fcfcfc;
  17492: fdfdfd;
  17493: fdfdfd;
  17494: fefefe;
  17495: ffffff;
  17496: ffffff;
  17497: ffffff;
  17498: ffffff;
  17499: ffffff;
  17500: ffffff;
  17501: ffffff;
  17502: ffffff;
  17503: ffffff;
  17504: ffffff;
  17505: ffffff;
  17506: ffffff;
  17507: ffffff;
  17508: ffffff;
  17509: ffffff;
  17510: ffffff;
  17511: fefefe;
  17512: fefefe;
  17513: fefefe;
  17514: fefefe;
  17515: fefefe;
  17516: fefefe;
  17517: fefefe;
  17518: fcfcfc;
  17519: f3f3f3;
  17520: e9e9e9;
  17521: e0e0e0;
  17522: d9d9d9;
  17523: bfbfbf;
  17524: 929292;
  17525: 5d5d5d;
  17526: 2a2a2a;
  17527: 10101;
  17528: 0;
  17529: 0;
  17530: 0;
  17531: 0;
  17532: 0;
  17533: 0;
  17534: 0;
  17535: 0;
  17536: 0;
  17537: 0;
  17538: 0;
  17539: 0;
  17540: 0;
  17541: 0;
  17542: 0;
  17543: 0;
  17544: 131313;
  17545: 404040;
  17546: 787878;
  17547: b2b2b2;
  17548: e3e3e3;
  17549: ffffff;
  17550: ffffff;
  17551: ffffff;
  17552: ffffff;
  17553: ffffff;
  17554: fafafa;
  17555: fafafa;
  17556: fbfbfb;
  17557: fcfcfc;
  17558: fdfdfd;
  17559: fefefe;
  17560: fefefe;
  17561: ffffff;
  17562: ffffff;
  17563: ffffff;
  17564: ffffff;
  17565: ffffff;
  17566: ffffff;
  17567: ffffff;
  17568: ffffff;
  17569: ffffff;
  17570: ffffff;
  17571: ffffff;
  17572: ffffff;
  17573: ffffff;
  17574: ffffff;
  17575: ffffff;
  17576: ffffff;
  17577: fefefe;
  17578: fdfdfd;
  17579: fdfdfd;
  17580: fcfcfc;
  17581: fcfcfc;
  17582: fcfcfc;
  17583: fdfdfd;
  17584: fefefe;
  17585: fefefe;
  17586: ffffff;
  17587: ffffff;
  17588: ffffff;
  17589: ffffff;
  17590: ffffff;
  17591: ffffff;
  17592: ffffff;
  17593: ffffff;
  17594: ffffff;
  17595: fefefe;
  17596: fefefe;
  17597: fefefe;
  17598: fefefe;
  17599: fefefe;
  17600: fefefe;
  17601: fefefe;
  17602: fefefe;
  17603: fefefe;
  17604: fefefe;
  17605: ffffff;
  17606: ffffff;
  17607: ffffff;
  17608: ffffff;
  17609: ffffff;
  17610: ffffff;
  17611: ffffff;
  17612: ffffff;
  17613: ffffff;
  17614: fefefe;
  17615: fefefe;
  17616: fdfdfd;
  17617: fcfcfc;
  17618: fcfcfc;
  17619: fcfcfc;
  17620: fdfdfd;
  17621: fdfdfd;
  17622: fefefe;
  17623: ffffff;
  17624: ffffff;
  17625: ffffff;
  17626: ffffff;
  17627: ffffff;
  17628: ffffff;
  17629: ffffff;
  17630: ffffff;
  17631: ffffff;
  17632: ffffff;
  17633: ffffff;
  17634: ffffff;
  17635: ffffff;
  17636: ffffff;
  17637: ffffff;
  17638: ffffff;
  17639: fefefe;
  17640: fefefe;
  17641: fdfdfd;
  17642: fcfcfc;
  17643: fbfbfb;
  17644: fafafa;
  17645: fafafa;
  17646: ffffff;
  17647: ffffff;
  17648: ffffff;
  17649: ffffff;
  17650: ffffff;
  17651: e3e3e3;
  17652: b2b2b2;
  17653: 787878;
  17654: 404040;
  17655: 131313;
  17656: 0;
  17657: 0;
  17658: 0;
  17659: 0;
  17660: 0;
  17661: 0;
  17662: 0;
  17663: 0;
  17664: 0;
  17665: 0;
  17666: 0;
  17667: 0;
  17668: 80808;
  17669: 121212;
  17670: 1c1c1c;
  17671: 242424;
  17672: 383838;
  17673: 616161;
  17674: 949494;
  17675: c9c9c9;
  17676: f6f6f6;
  17677: ffffff;
  17678: ffffff;
  17679: ffffff;
  17680: ffffff;
  17681: ffffff;
  17682: fbfbfb;
  17683: fafafa;
  17684: fbfbfb;
  17685: fcfcfc;
  17686: fdfdfd;
  17687: fefefe;
  17688: fefefe;
  17689: ffffff;
  17690: ffffff;
  17691: ffffff;
  17692: ffffff;
  17693: ffffff;
  17694: ffffff;
  17695: ffffff;
  17696: ffffff;
  17697: ffffff;
  17698: ffffff;
  17699: ffffff;
  17700: ffffff;
  17701: ffffff;
  17702: fefefe;
  17703: fefefe;
  17704: fefefe;
  17705: fdfdfd;
  17706: fdfdfd;
  17707: fdfdfd;
  17708: fcfcfc;
  17709: fcfcfc;
  17710: fcfcfc;
  17711: fdfdfd;
  17712: fefefe;
  17713: fefefe;
  17714: ffffff;
  17715: ffffff;
  17716: ffffff;
  17717: ffffff;
  17718: ffffff;
  17719: ffffff;
  17720: ffffff;
  17721: ffffff;
  17722: ffffff;
  17723: fefefe;
  17724: fefefe;
  17725: fefefe;
  17726: fefefe;
  17727: fefefe;
  17728: fefefe;
  17729: fefefe;
  17730: fefefe;
  17731: fefefe;
  17732: fefefe;
  17733: ffffff;
  17734: ffffff;
  17735: ffffff;
  17736: ffffff;
  17737: ffffff;
  17738: ffffff;
  17739: ffffff;
  17740: ffffff;
  17741: ffffff;
  17742: fefefe;
  17743: fefefe;
  17744: fdfdfd;
  17745: fcfcfc;
  17746: fcfcfc;
  17747: fcfcfc;
  17748: fdfdfd;
  17749: fdfdfd;
  17750: fdfdfd;
  17751: fefefe;
  17752: fefefe;
  17753: fefefe;
  17754: ffffff;
  17755: ffffff;
  17756: ffffff;
  17757: ffffff;
  17758: ffffff;
  17759: ffffff;
  17760: ffffff;
  17761: ffffff;
  17762: ffffff;
  17763: ffffff;
  17764: ffffff;
  17765: ffffff;
  17766: ffffff;
  17767: fefefe;
  17768: fefefe;
  17769: fdfdfd;
  17770: fcfcfc;
  17771: fbfbfb;
  17772: fafafa;
  17773: fbfbfb;
  17774: ffffff;
  17775: ffffff;
  17776: ffffff;
  17777: ffffff;
  17778: ffffff;
  17779: f6f6f6;
  17780: c9c9c9;
  17781: 949494;
  17782: 616161;
  17783: 383838;
  17784: 242424;
  17785: 1c1c1c;
  17786: 121212;
  17787: 80808;
  17788: 0;
  17789: 0;
  17790: 0;
  17791: 0;
  17792: 0;
  17793: 0;
  17794: 0;
  17795: 0;
  17796: 131313;
  17797: 2b2b2b;
  17798: 444444;
  17799: 595959;
  17800: 6d6d6d;
  17801: 8c8c8c;
  17802: b3b3b3;
  17803: dcdcdc;
  17804: fefefe;
  17805: ffffff;
  17806: ffffff;
  17807: ffffff;
  17808: ffffff;
  17809: ffffff;
  17810: fcfcfc;
  17811: fcfcfc;
  17812: fcfcfc;
  17813: fdfdfd;
  17814: fefefe;
  17815: fefefe;
  17816: ffffff;
  17817: ffffff;
  17818: fefefe;
  17819: fefefe;
  17820: fefefe;
  17821: fefefe;
  17822: fefefe;
  17823: fefefe;
  17824: ffffff;
  17825: ffffff;
  17826: ffffff;
  17827: ffffff;
  17828: fefefe;
  17829: fefefe;
  17830: fdfdfd;
  17831: fcfcfc;
  17832: fcfcfc;
  17833: fcfcfc;
  17834: fcfcfc;
  17835: fcfcfc;
  17836: fcfcfc;
  17837: fcfcfc;
  17838: fdfdfd;
  17839: fefefe;
  17840: ffffff;
  17841: ffffff;
  17842: ffffff;
  17843: ffffff;
  17844: ffffff;
  17845: ffffff;
  17846: ffffff;
  17847: ffffff;
  17848: ffffff;
  17849: ffffff;
  17850: ffffff;
  17851: fefefe;
  17852: ffffff;
  17853: ffffff;
  17854: ffffff;
  17855: ffffff;
  17856: ffffff;
  17857: ffffff;
  17858: ffffff;
  17859: ffffff;
  17860: fefefe;
  17861: ffffff;
  17862: ffffff;
  17863: ffffff;
  17864: ffffff;
  17865: ffffff;
  17866: ffffff;
  17867: ffffff;
  17868: ffffff;
  17869: ffffff;
  17870: ffffff;
  17871: ffffff;
  17872: fefefe;
  17873: fdfdfd;
  17874: fcfcfc;
  17875: fcfcfc;
  17876: fcfcfc;
  17877: fcfcfc;
  17878: fcfcfc;
  17879: fcfcfc;
  17880: fcfcfc;
  17881: fdfdfd;
  17882: fefefe;
  17883: fefefe;
  17884: ffffff;
  17885: ffffff;
  17886: ffffff;
  17887: ffffff;
  17888: fefefe;
  17889: fefefe;
  17890: fefefe;
  17891: fefefe;
  17892: fefefe;
  17893: fefefe;
  17894: ffffff;
  17895: ffffff;
  17896: fefefe;
  17897: fefefe;
  17898: fdfdfd;
  17899: fcfcfc;
  17900: fcfcfc;
  17901: fcfcfc;
  17902: ffffff;
  17903: ffffff;
  17904: ffffff;
  17905: ffffff;
  17906: ffffff;
  17907: fefefe;
  17908: dcdcdc;
  17909: b3b3b3;
  17910: 8c8c8c;
  17911: 6d6d6d;
  17912: 595959;
  17913: 444444;
  17914: 2b2b2b;
  17915: 131313;
  17916: 0;
  17917: 0;
  17918: 0;
  17919: 0;
  17920: 0;
  17921: 0;
  17922: 0;
  17923: 0;
  17924: 202020;
  17925: 484848;
  17926: 717171;
  17927: 949494;
  17928: a7a7a7;
  17929: bababa;
  17930: d2d2d2;
  17931: ebebeb;
  17932: ffffff;
  17933: ffffff;
  17934: ffffff;
  17935: ffffff;
  17936: ffffff;
  17937: ffffff;
  17938: fdfdfd;
  17939: fdfdfd;
  17940: fdfdfd;
  17941: fefefe;
  17942: fefefe;
  17943: ffffff;
  17944: ffffff;
  17945: fefefe;
  17946: fefefe;
  17947: fefefe;
  17948: fdfdfd;
  17949: fdfdfd;
  17950: fdfdfd;
  17951: fefefe;
  17952: fefefe;
  17953: ffffff;
  17954: ffffff;
  17955: fefefe;
  17956: fefefe;
  17957: fdfdfd;
  17958: fcfcfc;
  17959: fbfbfb;
  17960: fbfbfb;
  17961: fbfbfb;
  17962: fbfbfb;
  17963: fcfcfc;
  17964: fcfcfc;
  17965: fdfdfd;
  17966: fefefe;
  17967: fefefe;
  17968: ffffff;
  17969: ffffff;
  17970: ffffff;
  17971: ffffff;
  17972: ffffff;
  17973: ffffff;
  17974: fefefe;
  17975: fefefe;
  17976: fefefe;
  17977: fefefe;
  17978: fefefe;
  17979: ffffff;
  17980: ffffff;
  17981: ffffff;
  17982: ffffff;
  17983: ffffff;
  17984: ffffff;
  17985: ffffff;
  17986: ffffff;
  17987: ffffff;
  17988: ffffff;
  17989: fefefe;
  17990: fefefe;
  17991: fefefe;
  17992: fefefe;
  17993: fefefe;
  17994: ffffff;
  17995: ffffff;
  17996: ffffff;
  17997: ffffff;
  17998: ffffff;
  17999: ffffff;
  18000: fefefe;
  18001: fefefe;
  18002: fdfdfd;
  18003: fcfcfc;
  18004: fcfcfc;
  18005: fbfbfb;
  18006: fbfbfb;
  18007: fbfbfb;
  18008: fbfbfb;
  18009: fcfcfc;
  18010: fdfdfd;
  18011: fefefe;
  18012: fefefe;
  18013: ffffff;
  18014: ffffff;
  18015: fefefe;
  18016: fefefe;
  18017: fdfdfd;
  18018: fdfdfd;
  18019: fdfdfd;
  18020: fefefe;
  18021: fefefe;
  18022: fefefe;
  18023: ffffff;
  18024: ffffff;
  18025: fefefe;
  18026: fefefe;
  18027: fdfdfd;
  18028: fdfdfd;
  18029: fdfdfd;
  18030: ffffff;
  18031: ffffff;
  18032: ffffff;
  18033: ffffff;
  18034: ffffff;
  18035: ffffff;
  18036: ebebeb;
  18037: d2d2d2;
  18038: bababa;
  18039: a7a7a7;
  18040: 949494;
  18041: 717171;
  18042: 484848;
  18043: 202020;
  18044: 0;
  18045: 0;
  18046: 0;
  18047: 0;
  18048: 0;
  18049: 0;
  18050: 0;
  18051: 80808;
  18052: 323232;
  18053: 666666;
  18054: 9c9c9c;
  18055: cacaca;
  18056: dbdbdb;
  18057: e3e3e3;
  18058: ececec;
  18059: f6f6f6;
  18060: ffffff;
  18061: ffffff;
  18062: ffffff;
  18063: ffffff;
  18064: ffffff;
  18065: ffffff;
  18066: fefefe;
  18067: fefefe;
  18068: fefefe;
  18069: fefefe;
  18070: ffffff;
  18071: ffffff;
  18072: ffffff;
  18073: fefefe;
  18074: fdfdfd;
  18075: fdfdfd;
  18076: fcfcfc;
  18077: fcfcfc;
  18078: fcfcfc;
  18079: fdfdfd;
  18080: fefefe;
  18081: ffffff;
  18082: ffffff;
  18083: fefefe;
  18084: fdfdfd;
  18085: fcfcfc;
  18086: fafafa;
  18087: fafafa;
  18088: fafafa;
  18089: fafafa;
  18090: fbfbfb;
  18091: fcfcfc;
  18092: fdfdfd;
  18093: fefefe;
  18094: ffffff;
  18095: ffffff;
  18096: ffffff;
  18097: ffffff;
  18098: ffffff;
  18099: ffffff;
  18100: ffffff;
  18101: fefefe;
  18102: fefefe;
  18103: fefefe;
  18104: fefefe;
  18105: fefefe;
  18106: fefefe;
  18107: ffffff;
  18108: ffffff;
  18109: ffffff;
  18110: ffffff;
  18111: ffffff;
  18112: ffffff;
  18113: ffffff;
  18114: ffffff;
  18115: ffffff;
  18116: ffffff;
  18117: fefefe;
  18118: fefefe;
  18119: fefefe;
  18120: fefefe;
  18121: fefefe;
  18122: fefefe;
  18123: ffffff;
  18124: ffffff;
  18125: ffffff;
  18126: ffffff;
  18127: ffffff;
  18128: ffffff;
  18129: ffffff;
  18130: fefefe;
  18131: fdfdfd;
  18132: fcfcfc;
  18133: fbfbfb;
  18134: fafafa;
  18135: fafafa;
  18136: fafafa;
  18137: fafafa;
  18138: fcfcfc;
  18139: fdfdfd;
  18140: fefefe;
  18141: ffffff;
  18142: ffffff;
  18143: fefefe;
  18144: fdfdfd;
  18145: fcfcfc;
  18146: fcfcfc;
  18147: fcfcfc;
  18148: fdfdfd;
  18149: fdfdfd;
  18150: fefefe;
  18151: ffffff;
  18152: ffffff;
  18153: ffffff;
  18154: fefefe;
  18155: fefefe;
  18156: fefefe;
  18157: fefefe;
  18158: ffffff;
  18159: ffffff;
  18160: ffffff;
  18161: ffffff;
  18162: ffffff;
  18163: ffffff;
  18164: f6f6f6;
  18165: ececec;
  18166: e3e3e3;
  18167: dbdbdb;
  18168: cacaca;
  18169: 9c9c9c;
  18170: 666666;
  18171: 323232;
  18172: 80808;
  18173: 0;
  18174: 0;
  18175: 0;
  18176: 0;
  18177: 0;
  18178: 0;
  18179: 1b1b1b;
  18180: 494949;
  18181: 828282;
  18182: bdbdbd;
  18183: efefef;
  18184: ffffff;
  18185: ffffff;
  18186: ffffff;
  18187: ffffff;
  18188: ffffff;
  18189: ffffff;
  18190: ffffff;
  18191: ffffff;
  18192: ffffff;
  18193: ffffff;
  18194: ffffff;
  18195: ffffff;
  18196: ffffff;
  18197: ffffff;
  18198: ffffff;
  18199: ffffff;
  18200: ffffff;
  18201: fefefe;
  18202: fdfdfd;
  18203: fdfdfd;
  18204: fcfcfc;
  18205: fcfcfc;
  18206: fcfcfc;
  18207: fdfdfd;
  18208: fefefe;
  18209: ffffff;
  18210: ffffff;
  18211: fefefe;
  18212: fdfdfd;
  18213: fcfcfc;
  18214: fafafa;
  18215: f9f9f9;
  18216: f9f9f9;
  18217: fafafa;
  18218: fbfbfb;
  18219: fcfcfc;
  18220: fdfdfd;
  18221: fefefe;
  18222: ffffff;
  18223: ffffff;
  18224: ffffff;
  18225: ffffff;
  18226: ffffff;
  18227: ffffff;
  18228: ffffff;
  18229: fefefe;
  18230: fefefe;
  18231: fefefe;
  18232: fefefe;
  18233: fefefe;
  18234: fefefe;
  18235: ffffff;
  18236: ffffff;
  18237: ffffff;
  18238: ffffff;
  18239: ffffff;
  18240: ffffff;
  18241: ffffff;
  18242: ffffff;
  18243: ffffff;
  18244: ffffff;
  18245: fefefe;
  18246: fefefe;
  18247: fefefe;
  18248: fefefe;
  18249: fefefe;
  18250: fefefe;
  18251: ffffff;
  18252: ffffff;
  18253: ffffff;
  18254: ffffff;
  18255: ffffff;
  18256: ffffff;
  18257: ffffff;
  18258: fefefe;
  18259: fdfdfd;
  18260: fcfcfc;
  18261: fbfbfb;
  18262: fafafa;
  18263: f9f9f9;
  18264: f9f9f9;
  18265: fafafa;
  18266: fcfcfc;
  18267: fdfdfd;
  18268: fefefe;
  18269: ffffff;
  18270: ffffff;
  18271: fefefe;
  18272: fdfdfd;
  18273: fcfcfc;
  18274: fcfcfc;
  18275: fcfcfc;
  18276: fdfdfd;
  18277: fdfdfd;
  18278: fefefe;
  18279: ffffff;
  18280: ffffff;
  18281: ffffff;
  18282: ffffff;
  18283: ffffff;
  18284: ffffff;
  18285: ffffff;
  18286: ffffff;
  18287: ffffff;
  18288: ffffff;
  18289: ffffff;
  18290: ffffff;
  18291: ffffff;
  18292: ffffff;
  18293: ffffff;
  18294: ffffff;
  18295: ffffff;
  18296: efefef;
  18297: bdbdbd;
  18298: 828282;
  18299: 494949;
  18300: 1b1b1b;
  18301: 0;
  18302: 0;
  18303: 0;
  18304: 272727;
  18305: 272727;
  18306: 272727;
  18307: 3f3f3f;
  18308: 696969;
  18309: 9d9d9d;
  18310: d3d3d3;
  18311: ffffff;
  18312: ffffff;
  18313: ffffff;
  18314: ffffff;
  18315: ffffff;
  18316: ffffff;
  18317: ffffff;
  18318: ffffff;
  18319: ffffff;
  18320: ffffff;
  18321: ffffff;
  18322: ffffff;
  18323: ffffff;
  18324: ffffff;
  18325: ffffff;
  18326: ffffff;
  18327: ffffff;
  18328: ffffff;
  18329: fefefe;
  18330: fdfdfd;
  18331: fdfdfd;
  18332: fcfcfc;
  18333: fcfcfc;
  18334: fcfcfc;
  18335: fdfdfd;
  18336: fefefe;
  18337: ffffff;
  18338: ffffff;
  18339: fefefe;
  18340: fdfdfd;
  18341: fcfcfc;
  18342: fafafa;
  18343: fafafa;
  18344: fafafa;
  18345: fbfbfb;
  18346: fcfcfc;
  18347: fcfcfc;
  18348: fdfdfd;
  18349: fefefe;
  18350: ffffff;
  18351: ffffff;
  18352: fefefe;
  18353: fefefe;
  18354: fefefe;
  18355: fefefe;
  18356: fefefe;
  18357: fdfdfd;
  18358: fefefe;
  18359: fefefe;
  18360: fefefe;
  18361: fefefe;
  18362: fefefe;
  18363: ffffff;
  18364: ffffff;
  18365: ffffff;
  18366: ffffff;
  18367: ffffff;
  18368: ffffff;
  18369: ffffff;
  18370: ffffff;
  18371: ffffff;
  18372: ffffff;
  18373: fefefe;
  18374: fefefe;
  18375: fefefe;
  18376: fefefe;
  18377: fefefe;
  18378: fdfdfd;
  18379: fefefe;
  18380: fefefe;
  18381: fefefe;
  18382: fefefe;
  18383: fefefe;
  18384: ffffff;
  18385: ffffff;
  18386: fefefe;
  18387: fdfdfd;
  18388: fcfcfc;
  18389: fcfcfc;
  18390: fbfbfb;
  18391: fafafa;
  18392: fafafa;
  18393: fafafa;
  18394: fcfcfc;
  18395: fdfdfd;
  18396: fefefe;
  18397: ffffff;
  18398: ffffff;
  18399: fefefe;
  18400: fdfdfd;
  18401: fcfcfc;
  18402: fcfcfc;
  18403: fcfcfc;
  18404: fdfdfd;
  18405: fdfdfd;
  18406: fefefe;
  18407: ffffff;
  18408: ffffff;
  18409: ffffff;
  18410: ffffff;
  18411: ffffff;
  18412: ffffff;
  18413: ffffff;
  18414: ffffff;
  18415: ffffff;
  18416: ffffff;
  18417: ffffff;
  18418: ffffff;
  18419: ffffff;
  18420: ffffff;
  18421: ffffff;
  18422: ffffff;
  18423: ffffff;
  18424: ffffff;
  18425: d3d3d3;
  18426: 9d9d9d;
  18427: 696969;
  18428: 3f3f3f;
  18429: 272727;
  18430: 272727;
  18431: 272727;
  18432: 606060;
  18433: 606060;
  18434: 606060;
  18435: 737373;
  18436: 939393;
  18437: bababa;
  18438: e3e3e3;
  18439: ffffff;
  18440: ffffff;
  18441: ffffff;
  18442: ffffff;
  18443: ffffff;
  18444: ffffff;
  18445: fefefe;
  18446: fefefe;
  18447: ffffff;
  18448: ffffff;
  18449: ffffff;
  18450: ffffff;
  18451: ffffff;
  18452: ffffff;
  18453: ffffff;
  18454: ffffff;
  18455: ffffff;
  18456: ffffff;
  18457: fefefe;
  18458: fdfdfd;
  18459: fdfdfd;
  18460: fcfcfc;
  18461: fcfcfc;
  18462: fcfcfc;
  18463: fdfdfd;
  18464: fdfdfd;
  18465: fefefe;
  18466: fefefe;
  18467: fdfdfd;
  18468: fdfdfd;
  18469: fcfcfc;
  18470: fcfcfc;
  18471: fbfbfb;
  18472: fbfbfb;
  18473: fcfcfc;
  18474: fcfcfc;
  18475: fdfdfd;
  18476: fefefe;
  18477: ffffff;
  18478: ffffff;
  18479: fefefe;
  18480: fdfdfd;
  18481: fdfdfd;
  18482: fcfcfc;
  18483: fcfcfc;
  18484: fdfdfd;
  18485: fdfdfd;
  18486: fdfdfd;
  18487: fefefe;
  18488: fefefe;
  18489: fefefe;
  18490: fefefe;
  18491: ffffff;
  18492: fefefe;
  18493: fefefe;
  18494: fefefe;
  18495: fefefe;
  18496: fefefe;
  18497: fefefe;
  18498: fefefe;
  18499: fefefe;
  18500: ffffff;
  18501: fefefe;
  18502: fefefe;
  18503: fefefe;
  18504: fefefe;
  18505: fdfdfd;
  18506: fdfdfd;
  18507: fdfdfd;
  18508: fcfcfc;
  18509: fcfcfc;
  18510: fdfdfd;
  18511: fdfdfd;
  18512: fefefe;
  18513: ffffff;
  18514: ffffff;
  18515: fefefe;
  18516: fdfdfd;
  18517: fcfcfc;
  18518: fcfcfc;
  18519: fbfbfb;
  18520: fbfbfb;
  18521: fcfcfc;
  18522: fcfcfc;
  18523: fdfdfd;
  18524: fdfdfd;
  18525: fefefe;
  18526: fefefe;
  18527: fdfdfd;
  18528: fdfdfd;
  18529: fcfcfc;
  18530: fcfcfc;
  18531: fcfcfc;
  18532: fdfdfd;
  18533: fdfdfd;
  18534: fefefe;
  18535: ffffff;
  18536: ffffff;
  18537: ffffff;
  18538: ffffff;
  18539: ffffff;
  18540: ffffff;
  18541: ffffff;
  18542: ffffff;
  18543: ffffff;
  18544: ffffff;
  18545: fefefe;
  18546: fefefe;
  18547: ffffff;
  18548: ffffff;
  18549: ffffff;
  18550: ffffff;
  18551: ffffff;
  18552: ffffff;
  18553: e3e3e3;
  18554: bababa;
  18555: 939393;
  18556: 737373;
  18557: 606060;
  18558: 606060;
  18559: 606060;
  18560: 9f9f9f;
  18561: 9f9f9f;
  18562: 9f9f9f;
  18563: ababab;
  18564: bebebe;
  18565: d6d6d6;
  18566: efefef;
  18567: ffffff;
  18568: ffffff;
  18569: ffffff;
  18570: ffffff;
  18571: ffffff;
  18572: ffffff;
  18573: fefefe;
  18574: fefefe;
  18575: fefefe;
  18576: fefefe;
  18577: ffffff;
  18578: ffffff;
  18579: ffffff;
  18580: ffffff;
  18581: ffffff;
  18582: ffffff;
  18583: ffffff;
  18584: ffffff;
  18585: ffffff;
  18586: fefefe;
  18587: fefefe;
  18588: fcfcfc;
  18589: fcfcfc;
  18590: fcfcfc;
  18591: fdfdfd;
  18592: fdfdfd;
  18593: fefefe;
  18594: fefefe;
  18595: fdfdfd;
  18596: fdfdfd;
  18597: fdfdfd;
  18598: fdfdfd;
  18599: fdfdfd;
  18600: fdfdfd;
  18601: fdfdfd;
  18602: fefefe;
  18603: fefefe;
  18604: fefefe;
  18605: ffffff;
  18606: ffffff;
  18607: fdfdfd;
  18608: fcfcfc;
  18609: fbfbfb;
  18610: fafafa;
  18611: fafafa;
  18612: fcfcfc;
  18613: fcfcfc;
  18614: fdfdfd;
  18615: ffffff;
  18616: ffffff;
  18617: ffffff;
  18618: ffffff;
  18619: fefefe;
  18620: fefefe;
  18621: fefefe;
  18622: fefefe;
  18623: fefefe;
  18624: fefefe;
  18625: fefefe;
  18626: fefefe;
  18627: fefefe;
  18628: fefefe;
  18629: ffffff;
  18630: ffffff;
  18631: ffffff;
  18632: ffffff;
  18633: fdfdfd;
  18634: fcfcfc;
  18635: fcfcfc;
  18636: fafafa;
  18637: fafafa;
  18638: fbfbfb;
  18639: fcfcfc;
  18640: fdfdfd;
  18641: ffffff;
  18642: ffffff;
  18643: fefefe;
  18644: fefefe;
  18645: fefefe;
  18646: fdfdfd;
  18647: fdfdfd;
  18648: fdfdfd;
  18649: fdfdfd;
  18650: fdfdfd;
  18651: fdfdfd;
  18652: fdfdfd;
  18653: fefefe;
  18654: fefefe;
  18655: fdfdfd;
  18656: fdfdfd;
  18657: fcfcfc;
  18658: fcfcfc;
  18659: fcfcfc;
  18660: fefefe;
  18661: fefefe;
  18662: ffffff;
  18663: ffffff;
  18664: ffffff;
  18665: ffffff;
  18666: ffffff;
  18667: ffffff;
  18668: ffffff;
  18669: ffffff;
  18670: ffffff;
  18671: fefefe;
  18672: fefefe;
  18673: fefefe;
  18674: fefefe;
  18675: ffffff;
  18676: ffffff;
  18677: ffffff;
  18678: ffffff;
  18679: ffffff;
  18680: ffffff;
  18681: efefef;
  18682: d6d6d6;
  18683: bebebe;
  18684: ababab;
  18685: 9f9f9f;
  18686: 9f9f9f;
  18687: 9f9f9f;
  18688: d8d8d8;
  18689: d8d8d8;
  18690: d8d8d8;
  18691: dddddd;
  18692: e5e5e5;
  18693: eeeeee;
  18694: f8f8f8;
  18695: ffffff;
  18696: ffffff;
  18697: ffffff;
  18698: ffffff;
  18699: fefefe;
  18700: fefefe;
  18701: fdfdfd;
  18702: fdfdfd;
  18703: fefefe;
  18704: fefefe;
  18705: ffffff;
  18706: ffffff;
  18707: ffffff;
  18708: ffffff;
  18709: ffffff;
  18710: ffffff;
  18711: ffffff;
  18712: ffffff;
  18713: ffffff;
  18714: fefefe;
  18715: fefefe;
  18716: fdfdfd;
  18717: fdfdfd;
  18718: fdfdfd;
  18719: fdfdfd;
  18720: fdfdfd;
  18721: fdfdfd;
  18722: fdfdfd;
  18723: fdfdfd;
  18724: fefefe;
  18725: fefefe;
  18726: fefefe;
  18727: fefefe;
  18728: fefefe;
  18729: fefefe;
  18730: fefefe;
  18731: ffffff;
  18732: ffffff;
  18733: ffffff;
  18734: fefefe;
  18735: fcfcfc;
  18736: fbfbfb;
  18737: fafafa;
  18738: f9f9f9;
  18739: f9f9f9;
  18740: fafafa;
  18741: fbfbfb;
  18742: fdfdfd;
  18743: ffffff;
  18744: ffffff;
  18745: ffffff;
  18746: ffffff;
  18747: fefefe;
  18748: fdfdfd;
  18749: fdfdfd;
  18750: fdfdfd;
  18751: fdfdfd;
  18752: fdfdfd;
  18753: fdfdfd;
  18754: fdfdfd;
  18755: fdfdfd;
  18756: fefefe;
  18757: ffffff;
  18758: ffffff;
  18759: ffffff;
  18760: ffffff;
  18761: fdfdfd;
  18762: fbfbfb;
  18763: fafafa;
  18764: f9f9f9;
  18765: f9f9f9;
  18766: fafafa;
  18767: fbfbfb;
  18768: fcfcfc;
  18769: fefefe;
  18770: ffffff;
  18771: ffffff;
  18772: ffffff;
  18773: fefefe;
  18774: fefefe;
  18775: fefefe;
  18776: fefefe;
  18777: fefefe;
  18778: fefefe;
  18779: fefefe;
  18780: fdfdfd;
  18781: fdfdfd;
  18782: fdfdfd;
  18783: fdfdfd;
  18784: fdfdfd;
  18785: fdfdfd;
  18786: fdfdfd;
  18787: fdfdfd;
  18788: fefefe;
  18789: fefefe;
  18790: ffffff;
  18791: ffffff;
  18792: ffffff;
  18793: ffffff;
  18794: ffffff;
  18795: ffffff;
  18796: ffffff;
  18797: ffffff;
  18798: ffffff;
  18799: fefefe;
  18800: fefefe;
  18801: fdfdfd;
  18802: fdfdfd;
  18803: fefefe;
  18804: fefefe;
  18805: ffffff;
  18806: ffffff;
  18807: ffffff;
  18808: ffffff;
  18809: f8f8f8;
  18810: eeeeee;
  18811: e5e5e5;
  18812: dddddd;
  18813: d8d8d8;
  18814: d8d8d8;
  18815: d8d8d8;
  18816: ffffff;
  18817: ffffff;
  18818: ffffff;
  18819: ffffff;
  18820: ffffff;
  18821: ffffff;
  18822: ffffff;
  18823: ffffff;
  18824: ffffff;
  18825: fefefe;
  18826: fefefe;
  18827: fdfdfd;
  18828: fdfdfd;
  18829: fdfdfd;
  18830: fdfdfd;
  18831: fefefe;
  18832: fefefe;
  18833: ffffff;
  18834: ffffff;
  18835: ffffff;
  18836: ffffff;
  18837: ffffff;
  18838: ffffff;
  18839: ffffff;
  18840: ffffff;
  18841: ffffff;
  18842: fefefe;
  18843: fefefe;
  18844: fdfdfd;
  18845: fdfdfd;
  18846: fdfdfd;
  18847: fdfdfd;
  18848: fdfdfd;
  18849: fdfdfd;
  18850: fdfdfd;
  18851: fdfdfd;
  18852: fefefe;
  18853: fefefe;
  18854: ffffff;
  18855: ffffff;
  18856: ffffff;
  18857: ffffff;
  18858: ffffff;
  18859: ffffff;
  18860: ffffff;
  18861: ffffff;
  18862: fefefe;
  18863: fcfcfc;
  18864: fafafa;
  18865: f9f9f9;
  18866: f8f8f8;
  18867: f8f8f8;
  18868: fafafa;
  18869: fbfbfb;
  18870: fdfdfd;
  18871: ffffff;
  18872: ffffff;
  18873: ffffff;
  18874: ffffff;
  18875: fefefe;
  18876: fdfdfd;
  18877: fdfdfd;
  18878: fdfdfd;
  18879: fdfdfd;
  18880: fdfdfd;
  18881: fdfdfd;
  18882: fdfdfd;
  18883: fdfdfd;
  18884: fefefe;
  18885: ffffff;
  18886: ffffff;
  18887: ffffff;
  18888: ffffff;
  18889: fdfdfd;
  18890: fbfbfb;
  18891: fafafa;
  18892: f8f8f8;
  18893: f8f8f8;
  18894: f9f9f9;
  18895: fafafa;
  18896: fcfcfc;
  18897: fefefe;
  18898: ffffff;
  18899: ffffff;
  18900: ffffff;
  18901: ffffff;
  18902: ffffff;
  18903: ffffff;
  18904: ffffff;
  18905: ffffff;
  18906: fefefe;
  18907: fefefe;
  18908: fdfdfd;
  18909: fdfdfd;
  18910: fdfdfd;
  18911: fdfdfd;
  18912: fdfdfd;
  18913: fdfdfd;
  18914: fdfdfd;
  18915: fdfdfd;
  18916: fefefe;
  18917: fefefe;
  18918: ffffff;
  18919: ffffff;
  18920: ffffff;
  18921: ffffff;
  18922: ffffff;
  18923: ffffff;
  18924: ffffff;
  18925: ffffff;
  18926: ffffff;
  18927: fefefe;
  18928: fefefe;
  18929: fdfdfd;
  18930: fdfdfd;
  18931: fdfdfd;
  18932: fdfdfd;
  18933: fefefe;
  18934: fefefe;
  18935: ffffff;
  18936: ffffff;
  18937: ffffff;
  18938: ffffff;
  18939: ffffff;
  18940: ffffff;
  18941: ffffff;
  18942: ffffff;
  18943: ffffff;
  18944: ffffff;
  18945: ffffff;
  18946: ffffff;
  18947: ffffff;
  18948: ffffff;
  18949: ffffff;
  18950: ffffff;
  18951: ffffff;
  18952: ffffff;
  18953: fefefe;
  18954: fefefe;
  18955: fdfdfd;
  18956: fdfdfd;
  18957: fdfdfd;
  18958: fdfdfd;
  18959: fefefe;
  18960: fefefe;
  18961: ffffff;
  18962: ffffff;
  18963: ffffff;
  18964: ffffff;
  18965: ffffff;
  18966: ffffff;
  18967: fefefe;
  18968: fefefe;
  18969: ffffff;
  18970: fefefe;
  18971: fefefe;
  18972: fdfdfd;
  18973: fdfdfd;
  18974: fdfdfd;
  18975: fdfdfd;
  18976: fdfdfd;
  18977: fdfdfd;
  18978: fdfdfd;
  18979: fdfdfd;
  18980: fefefe;
  18981: fefefe;
  18982: ffffff;
  18983: ffffff;
  18984: ffffff;
  18985: ffffff;
  18986: ffffff;
  18987: ffffff;
  18988: ffffff;
  18989: ffffff;
  18990: fefefe;
  18991: fcfcfc;
  18992: fafafa;
  18993: fafafa;
  18994: f9f9f9;
  18995: f9f9f9;
  18996: fafafa;
  18997: fbfbfb;
  18998: fdfdfd;
  18999: ffffff;
  19000: ffffff;
  19001: ffffff;
  19002: ffffff;
  19003: fefefe;
  19004: fdfdfd;
  19005: fdfdfd;
  19006: fdfdfd;
  19007: fdfdfd;
  19008: fdfdfd;
  19009: fdfdfd;
  19010: fdfdfd;
  19011: fdfdfd;
  19012: fefefe;
  19013: ffffff;
  19014: ffffff;
  19015: ffffff;
  19016: ffffff;
  19017: fdfdfd;
  19018: fbfbfb;
  19019: fafafa;
  19020: f9f9f9;
  19021: f9f9f9;
  19022: fafafa;
  19023: fafafa;
  19024: fcfcfc;
  19025: fefefe;
  19026: ffffff;
  19027: ffffff;
  19028: ffffff;
  19029: ffffff;
  19030: ffffff;
  19031: ffffff;
  19032: ffffff;
  19033: ffffff;
  19034: fefefe;
  19035: fefefe;
  19036: fdfdfd;
  19037: fdfdfd;
  19038: fdfdfd;
  19039: fdfdfd;
  19040: fdfdfd;
  19041: fdfdfd;
  19042: fdfdfd;
  19043: fdfdfd;
  19044: fefefe;
  19045: fefefe;
  19046: ffffff;
  19047: fefefe;
  19048: fefefe;
  19049: ffffff;
  19050: ffffff;
  19051: ffffff;
  19052: ffffff;
  19053: ffffff;
  19054: ffffff;
  19055: fefefe;
  19056: fefefe;
  19057: fdfdfd;
  19058: fdfdfd;
  19059: fdfdfd;
  19060: fdfdfd;
  19061: fefefe;
  19062: fefefe;
  19063: ffffff;
  19064: ffffff;
  19065: ffffff;
  19066: ffffff;
  19067: ffffff;
  19068: ffffff;
  19069: ffffff;
  19070: ffffff;
  19071: ffffff;
  19072: ffffff;
  19073: ffffff;
  19074: ffffff;
  19075: ffffff;
  19076: ffffff;
  19077: ffffff;
  19078: ffffff;
  19079: ffffff;
  19080: ffffff;
  19081: fefefe;
  19082: fefefe;
  19083: fdfdfd;
  19084: fdfdfd;
  19085: fdfdfd;
  19086: fdfdfd;
  19087: fefefe;
  19088: fefefe;
  19089: ffffff;
  19090: ffffff;
  19091: ffffff;
  19092: ffffff;
  19093: fefefe;
  19094: fefefe;
  19095: fefefe;
  19096: fefefe;
  19097: fefefe;
  19098: fefefe;
  19099: fefefe;
  19100: fefefe;
  19101: fefefe;
  19102: fefefe;
  19103: fefefe;
  19104: fefefe;
  19105: fefefe;
  19106: fefefe;
  19107: fefefe;
  19108: ffffff;
  19109: ffffff;
  19110: ffffff;
  19111: ffffff;
  19112: ffffff;
  19113: ffffff;
  19114: fefefe;
  19115: fefefe;
  19116: fefefe;
  19117: fefefe;
  19118: fdfdfd;
  19119: fcfcfc;
  19120: fbfbfb;
  19121: fbfbfb;
  19122: fafafa;
  19123: fafafa;
  19124: fcfcfc;
  19125: fcfcfc;
  19126: fefefe;
  19127: ffffff;
  19128: ffffff;
  19129: ffffff;
  19130: ffffff;
  19131: fefefe;
  19132: fefefe;
  19133: fefefe;
  19134: fefefe;
  19135: fefefe;
  19136: fefefe;
  19137: fefefe;
  19138: fefefe;
  19139: fefefe;
  19140: fefefe;
  19141: ffffff;
  19142: ffffff;
  19143: ffffff;
  19144: ffffff;
  19145: fefefe;
  19146: fcfcfc;
  19147: fcfcfc;
  19148: fafafa;
  19149: fafafa;
  19150: fbfbfb;
  19151: fbfbfb;
  19152: fcfcfc;
  19153: fdfdfd;
  19154: fefefe;
  19155: fefefe;
  19156: fefefe;
  19157: fefefe;
  19158: ffffff;
  19159: ffffff;
  19160: ffffff;
  19161: ffffff;
  19162: ffffff;
  19163: ffffff;
  19164: fefefe;
  19165: fefefe;
  19166: fefefe;
  19167: fefefe;
  19168: fefefe;
  19169: fefefe;
  19170: fefefe;
  19171: fefefe;
  19172: fefefe;
  19173: fefefe;
  19174: fefefe;
  19175: fefefe;
  19176: fefefe;
  19177: fefefe;
  19178: fefefe;
  19179: ffffff;
  19180: ffffff;
  19181: ffffff;
  19182: ffffff;
  19183: fefefe;
  19184: fefefe;
  19185: fdfdfd;
  19186: fdfdfd;
  19187: fdfdfd;
  19188: fdfdfd;
  19189: fefefe;
  19190: fefefe;
  19191: ffffff;
  19192: ffffff;
  19193: ffffff;
  19194: ffffff;
  19195: ffffff;
  19196: ffffff;
  19197: ffffff;
  19198: ffffff;
  19199: ffffff;
  19200: ffffff;
  19201: ffffff;
  19202: ffffff;
  19203: ffffff;
  19204: ffffff;
  19205: ffffff;
  19206: ffffff;
  19207: ffffff;
  19208: ffffff;
  19209: ffffff;
  19210: ffffff;
  19211: fefefe;
  19212: fefefe;
  19213: fefefe;
  19214: fefefe;
  19215: fefefe;
  19216: ffffff;
  19217: ffffff;
  19218: ffffff;
  19219: ffffff;
  19220: fefefe;
  19221: fefefe;
  19222: fefefe;
  19223: fdfdfd;
  19224: fdfdfd;
  19225: fdfdfd;
  19226: fdfdfd;
  19227: fefefe;
  19228: fefefe;
  19229: fefefe;
  19230: fefefe;
  19231: fefefe;
  19232: fefefe;
  19233: fefefe;
  19234: fefefe;
  19235: fefefe;
  19236: ffffff;
  19237: ffffff;
  19238: ffffff;
  19239: ffffff;
  19240: ffffff;
  19241: ffffff;
  19242: fefefe;
  19243: fefefe;
  19244: fefefe;
  19245: fefefe;
  19246: fdfdfd;
  19247: fdfdfd;
  19248: fcfcfc;
  19249: fcfcfc;
  19250: fcfcfc;
  19251: fcfcfc;
  19252: fdfdfd;
  19253: fdfdfd;
  19254: fefefe;
  19255: ffffff;
  19256: ffffff;
  19257: ffffff;
  19258: ffffff;
  19259: ffffff;
  19260: fefefe;
  19261: fefefe;
  19262: fefefe;
  19263: fefefe;
  19264: fefefe;
  19265: fefefe;
  19266: fefefe;
  19267: fefefe;
  19268: ffffff;
  19269: ffffff;
  19270: ffffff;
  19271: ffffff;
  19272: ffffff;
  19273: fefefe;
  19274: fdfdfd;
  19275: fdfdfd;
  19276: fcfcfc;
  19277: fcfcfc;
  19278: fcfcfc;
  19279: fcfcfc;
  19280: fdfdfd;
  19281: fdfdfd;
  19282: fefefe;
  19283: fefefe;
  19284: fefefe;
  19285: fefefe;
  19286: ffffff;
  19287: ffffff;
  19288: ffffff;
  19289: ffffff;
  19290: ffffff;
  19291: ffffff;
  19292: fefefe;
  19293: fefefe;
  19294: fefefe;
  19295: fefefe;
  19296: fefefe;
  19297: fefefe;
  19298: fefefe;
  19299: fefefe;
  19300: fefefe;
  19301: fdfdfd;
  19302: fdfdfd;
  19303: fdfdfd;
  19304: fdfdfd;
  19305: fefefe;
  19306: fefefe;
  19307: fefefe;
  19308: ffffff;
  19309: ffffff;
  19310: ffffff;
  19311: ffffff;
  19312: fefefe;
  19313: fefefe;
  19314: fefefe;
  19315: fefefe;
  19316: fefefe;
  19317: ffffff;
  19318: ffffff;
  19319: ffffff;
  19320: ffffff;
  19321: ffffff;
  19322: ffffff;
  19323: ffffff;
  19324: ffffff;
  19325: ffffff;
  19326: ffffff;
  19327: ffffff;
  19328: ffffff;
  19329: ffffff;
  19330: ffffff;
  19331: ffffff;
  19332: ffffff;
  19333: ffffff;
  19334: ffffff;
  19335: ffffff;
  19336: ffffff;
  19337: ffffff;
  19338: ffffff;
  19339: fefefe;
  19340: fefefe;
  19341: fefefe;
  19342: fefefe;
  19343: fefefe;
  19344: ffffff;
  19345: ffffff;
  19346: ffffff;
  19347: ffffff;
  19348: fefefe;
  19349: fdfdfd;
  19350: fdfdfd;
  19351: fcfcfc;
  19352: fcfcfc;
  19353: fcfcfc;
  19354: fdfdfd;
  19355: fefefe;
  19356: ffffff;
  19357: ffffff;
  19358: ffffff;
  19359: ffffff;
  19360: ffffff;
  19361: ffffff;
  19362: ffffff;
  19363: ffffff;
  19364: ffffff;
  19365: ffffff;
  19366: fefefe;
  19367: fefefe;
  19368: fefefe;
  19369: fefefe;
  19370: fdfdfd;
  19371: fdfdfd;
  19372: fdfdfd;
  19373: fdfdfd;
  19374: fdfdfd;
  19375: fefefe;
  19376: fdfdfd;
  19377: fefefe;
  19378: fefefe;
  19379: fefefe;
  19380: fefefe;
  19381: fefefe;
  19382: ffffff;
  19383: ffffff;
  19384: ffffff;
  19385: ffffff;
  19386: ffffff;
  19387: ffffff;
  19388: ffffff;
  19389: ffffff;
  19390: ffffff;
  19391: ffffff;
  19392: ffffff;
  19393: ffffff;
  19394: ffffff;
  19395: ffffff;
  19396: ffffff;
  19397: ffffff;
  19398: ffffff;
  19399: ffffff;
  19400: ffffff;
  19401: ffffff;
  19402: fefefe;
  19403: fefefe;
  19404: fefefe;
  19405: fefefe;
  19406: fefefe;
  19407: fdfdfd;
  19408: fefefe;
  19409: fdfdfd;
  19410: fdfdfd;
  19411: fdfdfd;
  19412: fdfdfd;
  19413: fdfdfd;
  19414: fefefe;
  19415: fefefe;
  19416: fefefe;
  19417: fefefe;
  19418: ffffff;
  19419: ffffff;
  19420: ffffff;
  19421: ffffff;
  19422: ffffff;
  19423: ffffff;
  19424: ffffff;
  19425: ffffff;
  19426: ffffff;
  19427: ffffff;
  19428: fefefe;
  19429: fdfdfd;
  19430: fcfcfc;
  19431: fcfcfc;
  19432: fcfcfc;
  19433: fdfdfd;
  19434: fdfdfd;
  19435: fefefe;
  19436: ffffff;
  19437: ffffff;
  19438: ffffff;
  19439: ffffff;
  19440: fefefe;
  19441: fefefe;
  19442: fefefe;
  19443: fefefe;
  19444: fefefe;
  19445: ffffff;
  19446: ffffff;
  19447: ffffff;
  19448: ffffff;
  19449: ffffff;
  19450: ffffff;
  19451: ffffff;
  19452: ffffff;
  19453: ffffff;
  19454: ffffff;
  19455: ffffff;
  19456: fbfbfb;
  19457: fbfbfb;
  19458: fbfbfb;
  19459: fbfbfb;
  19460: fcfcfc;
  19461: fdfdfd;
  19462: fefefe;
  19463: ffffff;
  19464: ffffff;
  19465: ffffff;
  19466: ffffff;
  19467: fefefe;
  19468: fefefe;
  19469: fefefe;
  19470: fefefe;
  19471: fefefe;
  19472: ffffff;
  19473: ffffff;
  19474: ffffff;
  19475: ffffff;
  19476: fefefe;
  19477: fdfdfd;
  19478: fdfdfd;
  19479: fcfcfc;
  19480: fcfcfc;
  19481: fcfcfc;
  19482: fdfdfd;
  19483: fefefe;
  19484: ffffff;
  19485: ffffff;
  19486: ffffff;
  19487: ffffff;
  19488: ffffff;
  19489: ffffff;
  19490: ffffff;
  19491: ffffff;
  19492: ffffff;
  19493: ffffff;
  19494: fefefe;
  19495: fefefe;
  19496: fefefe;
  19497: fefefe;
  19498: fdfdfd;
  19499: fdfdfd;
  19500: fdfdfd;
  19501: fdfdfd;
  19502: fdfdfd;
  19503: fefefe;
  19504: fefefe;
  19505: ffffff;
  19506: ffffff;
  19507: ffffff;
  19508: ffffff;
  19509: ffffff;
  19510: ffffff;
  19511: ffffff;
  19512: ffffff;
  19513: ffffff;
  19514: ffffff;
  19515: ffffff;
  19516: ffffff;
  19517: ffffff;
  19518: ffffff;
  19519: ffffff;
  19520: ffffff;
  19521: ffffff;
  19522: ffffff;
  19523: ffffff;
  19524: ffffff;
  19525: ffffff;
  19526: ffffff;
  19527: ffffff;
  19528: ffffff;
  19529: ffffff;
  19530: ffffff;
  19531: ffffff;
  19532: ffffff;
  19533: ffffff;
  19534: ffffff;
  19535: fefefe;
  19536: fefefe;
  19537: fdfdfd;
  19538: fdfdfd;
  19539: fdfdfd;
  19540: fdfdfd;
  19541: fdfdfd;
  19542: fefefe;
  19543: fefefe;
  19544: fefefe;
  19545: fefefe;
  19546: ffffff;
  19547: ffffff;
  19548: ffffff;
  19549: ffffff;
  19550: ffffff;
  19551: ffffff;
  19552: ffffff;
  19553: ffffff;
  19554: ffffff;
  19555: ffffff;
  19556: fefefe;
  19557: fdfdfd;
  19558: fcfcfc;
  19559: fcfcfc;
  19560: fcfcfc;
  19561: fdfdfd;
  19562: fdfdfd;
  19563: fefefe;
  19564: ffffff;
  19565: ffffff;
  19566: ffffff;
  19567: ffffff;
  19568: fefefe;
  19569: fefefe;
  19570: fefefe;
  19571: fefefe;
  19572: fefefe;
  19573: ffffff;
  19574: ffffff;
  19575: ffffff;
  19576: ffffff;
  19577: fefefe;
  19578: fdfdfd;
  19579: fcfcfc;
  19580: fbfbfb;
  19581: fbfbfb;
  19582: fbfbfb;
  19583: fbfbfb;
  19584: fbfbfb;
  19585: fbfbfb;
  19586: fbfbfb;
  19587: fbfbfb;
  19588: fcfcfc;
  19589: fdfdfd;
  19590: fefefe;
  19591: ffffff;
  19592: ffffff;
  19593: ffffff;
  19594: ffffff;
  19595: fefefe;
  19596: fefefe;
  19597: fefefe;
  19598: fefefe;
  19599: fefefe;
  19600: ffffff;
  19601: ffffff;
  19602: ffffff;
  19603: ffffff;
  19604: fefefe;
  19605: fdfdfd;
  19606: fdfdfd;
  19607: fcfcfc;
  19608: fcfcfc;
  19609: fcfcfc;
  19610: fdfdfd;
  19611: fefefe;
  19612: ffffff;
  19613: ffffff;
  19614: ffffff;
  19615: ffffff;
  19616: ffffff;
  19617: ffffff;
  19618: ffffff;
  19619: ffffff;
  19620: ffffff;
  19621: ffffff;
  19622: fefefe;
  19623: fefefe;
  19624: fefefe;
  19625: fefefe;
  19626: fdfdfd;
  19627: fdfdfd;
  19628: fdfdfd;
  19629: fdfdfd;
  19630: fdfdfd;
  19631: fefefe;
  19632: fefefe;
  19633: ffffff;
  19634: ffffff;
  19635: ffffff;
  19636: ffffff;
  19637: ffffff;
  19638: ffffff;
  19639: ffffff;
  19640: ffffff;
  19641: ffffff;
  19642: ffffff;
  19643: ffffff;
  19644: ffffff;
  19645: ffffff;
  19646: ffffff;
  19647: ffffff;
  19648: ffffff;
  19649: ffffff;
  19650: ffffff;
  19651: ffffff;
  19652: ffffff;
  19653: ffffff;
  19654: ffffff;
  19655: ffffff;
  19656: ffffff;
  19657: ffffff;
  19658: ffffff;
  19659: ffffff;
  19660: ffffff;
  19661: ffffff;
  19662: ffffff;
  19663: fefefe;
  19664: fefefe;
  19665: fdfdfd;
  19666: fdfdfd;
  19667: fdfdfd;
  19668: fdfdfd;
  19669: fdfdfd;
  19670: fefefe;
  19671: fefefe;
  19672: fefefe;
  19673: fefefe;
  19674: ffffff;
  19675: ffffff;
  19676: ffffff;
  19677: ffffff;
  19678: ffffff;
  19679: ffffff;
  19680: ffffff;
  19681: ffffff;
  19682: ffffff;
  19683: ffffff;
  19684: fefefe;
  19685: fdfdfd;
  19686: fcfcfc;
  19687: fcfcfc;
  19688: fcfcfc;
  19689: fdfdfd;
  19690: fdfdfd;
  19691: fefefe;
  19692: ffffff;
  19693: ffffff;
  19694: ffffff;
  19695: ffffff;
  19696: fefefe;
  19697: fefefe;
  19698: fefefe;
  19699: fefefe;
  19700: fefefe;
  19701: ffffff;
  19702: ffffff;
  19703: ffffff;
  19704: ffffff;
  19705: fefefe;
  19706: fdfdfd;
  19707: fcfcfc;
  19708: fbfbfb;
  19709: fbfbfb;
  19710: fbfbfb;
  19711: fbfbfb;
  19712: fcfcfc;
  19713: fcfcfc;
  19714: fcfcfc;
  19715: fcfcfc;
  19716: fdfdfd;
  19717: fdfdfd;
  19718: fefefe;
  19719: ffffff;
  19720: ffffff;
  19721: ffffff;
  19722: ffffff;
  19723: fefefe;
  19724: fefefe;
  19725: fefefe;
  19726: fefefe;
  19727: fefefe;
  19728: ffffff;
  19729: ffffff;
  19730: ffffff;
  19731: ffffff;
  19732: fefefe;
  19733: fefefe;
  19734: fefefe;
  19735: fdfdfd;
  19736: fdfdfd;
  19737: fdfdfd;
  19738: fefefe;
  19739: fefefe;
  19740: ffffff;
  19741: ffffff;
  19742: ffffff;
  19743: fefefe;
  19744: fefefe;
  19745: fefefe;
  19746: fefefe;
  19747: fefefe;
  19748: fefefe;
  19749: ffffff;
  19750: fefefe;
  19751: fefefe;
  19752: fefefe;
  19753: fefefe;
  19754: fefefe;
  19755: fefefe;
  19756: fefefe;
  19757: fefefe;
  19758: fefefe;
  19759: ffffff;
  19760: ffffff;
  19761: ffffff;
  19762: ffffff;
  19763: ffffff;
  19764: ffffff;
  19765: ffffff;
  19766: ffffff;
  19767: ffffff;
  19768: ffffff;
  19769: ffffff;
  19770: ffffff;
  19771: ffffff;
  19772: ffffff;
  19773: ffffff;
  19774: ffffff;
  19775: ffffff;
  19776: ffffff;
  19777: ffffff;
  19778: ffffff;
  19779: ffffff;
  19780: ffffff;
  19781: ffffff;
  19782: ffffff;
  19783: ffffff;
  19784: ffffff;
  19785: ffffff;
  19786: ffffff;
  19787: ffffff;
  19788: ffffff;
  19789: ffffff;
  19790: ffffff;
  19791: ffffff;
  19792: ffffff;
  19793: fefefe;
  19794: fefefe;
  19795: fefefe;
  19796: fefefe;
  19797: fefefe;
  19798: fefefe;
  19799: fefefe;
  19800: fefefe;
  19801: fefefe;
  19802: ffffff;
  19803: fefefe;
  19804: fefefe;
  19805: fefefe;
  19806: fefefe;
  19807: fefefe;
  19808: fefefe;
  19809: ffffff;
  19810: ffffff;
  19811: ffffff;
  19812: fefefe;
  19813: fefefe;
  19814: fdfdfd;
  19815: fdfdfd;
  19816: fdfdfd;
  19817: fefefe;
  19818: fefefe;
  19819: fefefe;
  19820: ffffff;
  19821: ffffff;
  19822: ffffff;
  19823: ffffff;
  19824: fefefe;
  19825: fefefe;
  19826: fefefe;
  19827: fefefe;
  19828: fefefe;
  19829: ffffff;
  19830: ffffff;
  19831: ffffff;
  19832: ffffff;
  19833: fefefe;
  19834: fdfdfd;
  19835: fdfdfd;
  19836: fcfcfc;
  19837: fcfcfc;
  19838: fcfcfc;
  19839: fcfcfc;
  19840: fdfdfd;
  19841: fdfdfd;
  19842: fdfdfd;
  19843: fdfdfd;
  19844: fefefe;
  19845: fefefe;
  19846: fefefe;
  19847: fefefe;
  19848: fefefe;
  19849: fefefe;
  19850: fefefe;
  19851: fefefe;
  19852: fefefe;
  19853: fefefe;
  19854: fefefe;
  19855: fefefe;
  19856: ffffff;
  19857: ffffff;
  19858: ffffff;
  19859: ffffff;
  19860: ffffff;
  19861: fefefe;
  19862: fefefe;
  19863: fefefe;
  19864: fefefe;
  19865: fefefe;
  19866: fefefe;
  19867: fefefe;
  19868: fefefe;
  19869: fefefe;
  19870: fefefe;
  19871: fefefe;
  19872: fefefe;
  19873: fdfdfd;
  19874: fdfdfd;
  19875: fdfdfd;
  19876: fefefe;
  19877: fefefe;
  19878: fefefe;
  19879: ffffff;
  19880: ffffff;
  19881: ffffff;
  19882: fefefe;
  19883: fefefe;
  19884: fefefe;
  19885: fefefe;
  19886: fefefe;
  19887: ffffff;
  19888: ffffff;
  19889: ffffff;
  19890: ffffff;
  19891: ffffff;
  19892: ffffff;
  19893: ffffff;
  19894: ffffff;
  19895: ffffff;
  19896: ffffff;
  19897: ffffff;
  19898: ffffff;
  19899: fefefe;
  19900: fefefe;
  19901: fefefe;
  19902: fefefe;
  19903: fefefe;
  19904: fefefe;
  19905: fefefe;
  19906: fefefe;
  19907: fefefe;
  19908: fefefe;
  19909: ffffff;
  19910: ffffff;
  19911: ffffff;
  19912: ffffff;
  19913: ffffff;
  19914: ffffff;
  19915: ffffff;
  19916: ffffff;
  19917: ffffff;
  19918: ffffff;
  19919: ffffff;
  19920: ffffff;
  19921: fefefe;
  19922: fefefe;
  19923: fefefe;
  19924: fefefe;
  19925: fefefe;
  19926: ffffff;
  19927: ffffff;
  19928: ffffff;
  19929: fefefe;
  19930: fefefe;
  19931: fefefe;
  19932: fdfdfd;
  19933: fdfdfd;
  19934: fdfdfd;
  19935: fefefe;
  19936: fefefe;
  19937: fefefe;
  19938: fefefe;
  19939: fefefe;
  19940: fefefe;
  19941: fefefe;
  19942: fefefe;
  19943: fefefe;
  19944: fefefe;
  19945: fefefe;
  19946: fefefe;
  19947: ffffff;
  19948: ffffff;
  19949: ffffff;
  19950: ffffff;
  19951: ffffff;
  19952: fefefe;
  19953: fefefe;
  19954: fefefe;
  19955: fefefe;
  19956: fefefe;
  19957: fefefe;
  19958: fefefe;
  19959: fefefe;
  19960: fefefe;
  19961: fefefe;
  19962: fefefe;
  19963: fefefe;
  19964: fdfdfd;
  19965: fdfdfd;
  19966: fdfdfd;
  19967: fdfdfd;
  19968: fefefe;
  19969: fefefe;
  19970: fefefe;
  19971: fefefe;
  19972: ffffff;
  19973: fefefe;
  19974: fefefe;
  19975: fefefe;
  19976: fefefe;
  19977: fefefe;
  19978: fefefe;
  19979: fefefe;
  19980: fefefe;
  19981: fefefe;
  19982: fefefe;
  19983: fefefe;
  19984: ffffff;
  19985: ffffff;
  19986: ffffff;
  19987: ffffff;
  19988: ffffff;
  19989: ffffff;
  19990: ffffff;
  19991: ffffff;
  19992: ffffff;
  19993: ffffff;
  19994: ffffff;
  19995: fefefe;
  19996: fefefe;
  19997: fefefe;
  19998: fefefe;
  19999: fdfdfd;
  20000: fdfdfd;
  20001: fcfcfc;
  20002: fcfcfc;
  20003: fcfcfc;
  20004: fdfdfd;
  20005: fefefe;
  20006: fefefe;
  20007: ffffff;
  20008: ffffff;
  20009: ffffff;
  20010: ffffff;
  20011: ffffff;
  20012: ffffff;
  20013: ffffff;
  20014: ffffff;
  20015: ffffff;
  20016: ffffff;
  20017: ffffff;
  20018: ffffff;
  20019: ffffff;
  20020: ffffff;
  20021: ffffff;
  20022: ffffff;
  20023: ffffff;
  20024: ffffff;
  20025: ffffff;
  20026: ffffff;
  20027: fefefe;
  20028: fefefe;
  20029: fefefe;
  20030: fefefe;
  20031: fefefe;
  20032: fefefe;
  20033: fefefe;
  20034: fefefe;
  20035: fefefe;
  20036: fefefe;
  20037: ffffff;
  20038: ffffff;
  20039: ffffff;
  20040: ffffff;
  20041: ffffff;
  20042: ffffff;
  20043: ffffff;
  20044: ffffff;
  20045: ffffff;
  20046: ffffff;
  20047: ffffff;
  20048: ffffff;
  20049: ffffff;
  20050: ffffff;
  20051: ffffff;
  20052: ffffff;
  20053: ffffff;
  20054: ffffff;
  20055: ffffff;
  20056: ffffff;
  20057: fefefe;
  20058: fefefe;
  20059: fdfdfd;
  20060: fcfcfc;
  20061: fcfcfc;
  20062: fcfcfc;
  20063: fdfdfd;
  20064: fdfdfd;
  20065: fefefe;
  20066: fefefe;
  20067: fefefe;
  20068: fefefe;
  20069: ffffff;
  20070: ffffff;
  20071: ffffff;
  20072: ffffff;
  20073: ffffff;
  20074: ffffff;
  20075: ffffff;
  20076: ffffff;
  20077: ffffff;
  20078: ffffff;
  20079: ffffff;
  20080: fefefe;
  20081: fefefe;
  20082: fefefe;
  20083: fefefe;
  20084: fefefe;
  20085: fefefe;
  20086: fefefe;
  20087: fefefe;
  20088: fefefe;
  20089: fefefe;
  20090: fefefe;
  20091: ffffff;
  20092: fefefe;
  20093: fefefe;
  20094: fefefe;
  20095: fefefe;
  20096: ffffff;
  20097: ffffff;
  20098: ffffff;
  20099: ffffff;
  20100: ffffff;
  20101: fefefe;
  20102: fefefe;
  20103: fefefe;
  20104: fefefe;
  20105: fefefe;
  20106: fefefe;
  20107: fefefe;
  20108: fefefe;
  20109: fefefe;
  20110: fefefe;
  20111: fefefe;
  20112: ffffff;
  20113: ffffff;
  20114: ffffff;
  20115: ffffff;
  20116: ffffff;
  20117: ffffff;
  20118: ffffff;
  20119: ffffff;
  20120: ffffff;
  20121: ffffff;
  20122: ffffff;
  20123: fefefe;
  20124: fefefe;
  20125: fefefe;
  20126: fefefe;
  20127: fdfdfd;
  20128: fdfdfd;
  20129: fcfcfc;
  20130: fcfcfc;
  20131: fcfcfc;
  20132: fdfdfd;
  20133: fefefe;
  20134: fefefe;
  20135: ffffff;
  20136: ffffff;
  20137: ffffff;
  20138: ffffff;
  20139: ffffff;
  20140: ffffff;
  20141: ffffff;
  20142: ffffff;
  20143: ffffff;
  20144: ffffff;
  20145: ffffff;
  20146: ffffff;
  20147: ffffff;
  20148: ffffff;
  20149: ffffff;
  20150: ffffff;
  20151: ffffff;
  20152: ffffff;
  20153: ffffff;
  20154: ffffff;
  20155: fefefe;
  20156: fefefe;
  20157: fefefe;
  20158: fefefe;
  20159: fefefe;
  20160: fefefe;
  20161: fefefe;
  20162: fefefe;
  20163: fefefe;
  20164: fefefe;
  20165: ffffff;
  20166: ffffff;
  20167: ffffff;
  20168: ffffff;
  20169: ffffff;
  20170: ffffff;
  20171: ffffff;
  20172: ffffff;
  20173: ffffff;
  20174: ffffff;
  20175: ffffff;
  20176: ffffff;
  20177: ffffff;
  20178: ffffff;
  20179: ffffff;
  20180: ffffff;
  20181: ffffff;
  20182: ffffff;
  20183: ffffff;
  20184: ffffff;
  20185: fefefe;
  20186: fefefe;
  20187: fdfdfd;
  20188: fcfcfc;
  20189: fcfcfc;
  20190: fcfcfc;
  20191: fdfdfd;
  20192: fdfdfd;
  20193: fefefe;
  20194: fefefe;
  20195: fefefe;
  20196: fefefe;
  20197: ffffff;
  20198: ffffff;
  20199: ffffff;
  20200: ffffff;
  20201: ffffff;
  20202: ffffff;
  20203: ffffff;
  20204: ffffff;
  20205: ffffff;
  20206: ffffff;
  20207: ffffff;
  20208: fefefe;
  20209: fefefe;
  20210: fefefe;
  20211: fefefe;
  20212: fefefe;
  20213: fefefe;
  20214: fefefe;
  20215: fefefe;
  20216: fefefe;
  20217: fefefe;
  20218: fefefe;
  20219: ffffff;
  20220: ffffff;
  20221: ffffff;
  20222: ffffff;
  20223: ffffff;
  20224: ffffff;
  20225: ffffff;
  20226: ffffff;
  20227: ffffff;
  20228: ffffff;
  20229: fefefe;
  20230: fefefe;
  20231: fefefe;
  20232: fefefe;
  20233: fefefe;
  20234: fefefe;
  20235: fefefe;
  20236: fefefe;
  20237: fefefe;
  20238: fefefe;
  20239: fefefe;
  20240: ffffff;
  20241: ffffff;
  20242: ffffff;
  20243: ffffff;
  20244: ffffff;
  20245: ffffff;
  20246: ffffff;
  20247: ffffff;
  20248: ffffff;
  20249: ffffff;
  20250: ffffff;
  20251: fefefe;
  20252: fefefe;
  20253: fefefe;
  20254: fefefe;
  20255: fdfdfd;
  20256: fdfdfd;
  20257: fcfcfc;
  20258: fcfcfc;
  20259: fcfcfc;
  20260: fdfdfd;
  20261: fefefe;
  20262: fefefe;
  20263: ffffff;
  20264: ffffff;
  20265: ffffff;
  20266: ffffff;
  20267: ffffff;
  20268: ffffff;
  20269: ffffff;
  20270: ffffff;
  20271: ffffff;
  20272: ffffff;
  20273: ffffff;
  20274: ffffff;
  20275: ffffff;
  20276: ffffff;
  20277: ffffff;
  20278: ffffff;
  20279: ffffff;
  20280: ffffff;
  20281: ffffff;
  20282: ffffff;
  20283: fefefe;
  20284: fefefe;
  20285: fefefe;
  20286: fefefe;
  20287: fefefe;
  20288: fefefe;
  20289: fefefe;
  20290: fefefe;
  20291: fefefe;
  20292: fefefe;
  20293: ffffff;
  20294: ffffff;
  20295: ffffff;
  20296: ffffff;
  20297: ffffff;
  20298: ffffff;
  20299: ffffff;
  20300: ffffff;
  20301: ffffff;
  20302: ffffff;
  20303: ffffff;
  20304: ffffff;
  20305: ffffff;
  20306: ffffff;
  20307: ffffff;
  20308: ffffff;
  20309: ffffff;
  20310: ffffff;
  20311: ffffff;
  20312: ffffff;
  20313: fefefe;
  20314: fefefe;
  20315: fdfdfd;
  20316: fcfcfc;
  20317: fcfcfc;
  20318: fcfcfc;
  20319: fdfdfd;
  20320: fdfdfd;
  20321: fefefe;
  20322: fefefe;
  20323: fefefe;
  20324: fefefe;
  20325: ffffff;
  20326: ffffff;
  20327: ffffff;
  20328: ffffff;
  20329: ffffff;
  20330: ffffff;
  20331: ffffff;
  20332: ffffff;
  20333: ffffff;
  20334: ffffff;
  20335: ffffff;
  20336: fefefe;
  20337: fefefe;
  20338: fefefe;
  20339: fefefe;
  20340: fefefe;
  20341: fefefe;
  20342: fefefe;
  20343: fefefe;
  20344: fefefe;
  20345: fefefe;
  20346: fefefe;
  20347: ffffff;
  20348: ffffff;
  20349: ffffff;
  20350: ffffff;
  20351: ffffff;
  20352: ffffff;
  20353: ffffff;
  20354: ffffff;
  20355: ffffff;
  20356: ffffff;
  20357: fefefe;
  20358: fefefe;
  20359: fefefe;
  20360: fefefe;
  20361: fefefe;
  20362: fefefe;
  20363: fefefe;
  20364: fefefe;
  20365: fefefe;
  20366: fefefe;
  20367: fefefe;
  20368: ffffff;
  20369: ffffff;
  20370: ffffff;
  20371: ffffff;
  20372: ffffff;
  20373: ffffff;
  20374: ffffff;
  20375: ffffff;
  20376: ffffff;
  20377: ffffff;
  20378: ffffff;
  20379: fefefe;
  20380: fefefe;
  20381: fefefe;
  20382: fefefe;
  20383: fdfdfd;
  20384: fdfdfd;
  20385: fcfcfc;
  20386: fcfcfc;
  20387: fcfcfc;
  20388: fdfdfd;
  20389: fefefe;
  20390: fefefe;
  20391: ffffff;
  20392: ffffff;
  20393: ffffff;
  20394: ffffff;
  20395: ffffff;
  20396: ffffff;
  20397: ffffff;
  20398: ffffff;
  20399: ffffff;
  20400: ffffff;
  20401: ffffff;
  20402: ffffff;
  20403: ffffff;
  20404: ffffff;
  20405: ffffff;
  20406: ffffff;
  20407: ffffff;
  20408: ffffff;
  20409: ffffff;
  20410: ffffff;
  20411: fefefe;
  20412: fefefe;
  20413: fefefe;
  20414: fefefe;
  20415: fefefe;
  20416: fefefe;
  20417: fefefe;
  20418: fefefe;
  20419: fefefe;
  20420: fefefe;
  20421: ffffff;
  20422: ffffff;
  20423: ffffff;
  20424: ffffff;
  20425: ffffff;
  20426: ffffff;
  20427: ffffff;
  20428: ffffff;
  20429: ffffff;
  20430: ffffff;
  20431: ffffff;
  20432: ffffff;
  20433: ffffff;
  20434: ffffff;
  20435: ffffff;
  20436: ffffff;
  20437: ffffff;
  20438: ffffff;
  20439: ffffff;
  20440: ffffff;
  20441: fefefe;
  20442: fefefe;
  20443: fdfdfd;
  20444: fcfcfc;
  20445: fcfcfc;
  20446: fcfcfc;
  20447: fdfdfd;
  20448: fdfdfd;
  20449: fefefe;
  20450: fefefe;
  20451: fefefe;
  20452: fefefe;
  20453: ffffff;
  20454: ffffff;
  20455: ffffff;
  20456: ffffff;
  20457: ffffff;
  20458: ffffff;
  20459: ffffff;
  20460: ffffff;
  20461: ffffff;
  20462: ffffff;
  20463: ffffff;
  20464: fefefe;
  20465: fefefe;
  20466: fefefe;
  20467: fefefe;
  20468: fefefe;
  20469: fefefe;
  20470: fefefe;
  20471: fefefe;
  20472: fefefe;
  20473: fefefe;
  20474: fefefe;
  20475: ffffff;
  20476: ffffff;
  20477: ffffff;
  20478: ffffff;
  20479: ffffff;
END;
