WIDTH=24;
DEPTH=20480;

ADDRESS_RADIX=UNS;
DATA_RADIX=HEX;

CONTENT BEGIN
  0: ffffff;
  1: ffffff;
  2: ffffff;
  3: fefefe;
  4: ffffff;
  5: f9f9f9;
  6: eeeeee;
  7: eeeeee;
  8: eeeeee;
  9: eeeeee;
  10: ececec;
  11: ffffff;
  12: ffffff;
  13: ffffff;
  14: ffffff;
  15: ffffff;
  16: ffffff;
  17: eeeeee;
  18: eeeeee;
  19: eeeeee;
  20: eeeeee;
  21: ededed;
  22: ffffff;
  23: ffffff;
  24: ffffff;
  25: ffffff;
  26: ffffff;
  27: f1f1f1;
  28: eeeeee;
  29: eeeeee;
  30: efefef;
  31: eeeeee;
  32: eeeeee;
  33: fefefe;
  34: ffffff;
  35: ffffff;
  36: ffffff;
  37: ffffff;
  38: f6f6f6;
  39: eeeeee;
  40: eeeeee;
  41: eeeeee;
  42: eeeeee;
  43: eeeeee;
  44: ffffff;
  45: ffffff;
  46: ffffff;
  47: ffffff;
  48: ffffff;
  49: fbfbfb;
  50: eeeeee;
  51: ededed;
  52: efefef;
  53: ededed;
  54: eeeeee;
  55: ffffff;
  56: ffffff;
  57: fefefe;
  58: ffffff;
  59: fefefe;
  60: ffffff;
  61: eeeeee;
  62: eeeeee;
  63: eeeeee;
  64: eeeeee;
  65: eeeeee;
  66: ffffff;
  67: ffffff;
  68: ffffff;
  69: ffffff;
  70: ffffff;
  71: ffffff;
  72: eeeeee;
  73: efefef;
  74: ededed;
  75: efefef;
  76: eeeeee;
  77: ffffff;
  78: ffffff;
  79: ffffff;
  80: ffffff;
  81: ffffff;
  82: f9f9f9;
  83: eeeeee;
  84: eeeeee;
  85: ededed;
  86: efefef;
  87: ededed;
  88: fbfbfb;
  89: ffffff;
  90: ffffff;
  91: fefefe;
  92: ffffff;
  93: ffffff;
  94: eeeeee;
  95: eeeeee;
  96: eeeeee;
  97: eeeeee;
  98: ededed;
  99: f6f6f6;
  100: ffffff;
  101: ffffff;
  102: ffffff;
  103: ffffff;
  104: ffffff;
  105: eeeeee;
  106: eeeeee;
  107: efefef;
  108: eeeeee;
  109: ededed;
  110: ffffff;
  111: ffffff;
  112: ffffff;
  113: ffffff;
  114: ffffff;
  115: ffffff;
  116: eeeeee;
  117: eeeeee;
  118: eeeeee;
  119: eeeeee;
  120: ededed;
  121: ffffff;
  122: ffffff;
  123: ffffff;
  124: ffffff;
  125: ffffff;
  126: ffffff;
  127: ededed;
  128: ffffff;
  129: ffffff;
  130: ffffff;
  131: fefefe;
  132: ffffff;
  133: f9f9f9;
  134: eeeeee;
  135: eeeeee;
  136: eeeeee;
  137: eeeeee;
  138: ececec;
  139: ffffff;
  140: ffffff;
  141: ffffff;
  142: ffffff;
  143: ffffff;
  144: ffffff;
  145: eeeeee;
  146: eeeeee;
  147: eeeeee;
  148: eeeeee;
  149: ededed;
  150: ffffff;
  151: ffffff;
  152: ffffff;
  153: ffffff;
  154: ffffff;
  155: f1f1f1;
  156: eeeeee;
  157: eeeeee;
  158: efefef;
  159: eeeeee;
  160: eeeeee;
  161: fefefe;
  162: ffffff;
  163: ffffff;
  164: ffffff;
  165: ffffff;
  166: f6f6f6;
  167: eeeeee;
  168: eeeeee;
  169: eeeeee;
  170: eeeeee;
  171: eeeeee;
  172: ffffff;
  173: ffffff;
  174: ffffff;
  175: ffffff;
  176: ffffff;
  177: fbfbfb;
  178: eeeeee;
  179: ededed;
  180: efefef;
  181: ededed;
  182: eeeeee;
  183: ffffff;
  184: ffffff;
  185: fefefe;
  186: ffffff;
  187: fefefe;
  188: ffffff;
  189: eeeeee;
  190: eeeeee;
  191: eeeeee;
  192: eeeeee;
  193: eeeeee;
  194: ffffff;
  195: ffffff;
  196: ffffff;
  197: ffffff;
  198: ffffff;
  199: ffffff;
  200: eeeeee;
  201: efefef;
  202: ededed;
  203: efefef;
  204: eeeeee;
  205: ffffff;
  206: ffffff;
  207: ffffff;
  208: ffffff;
  209: ffffff;
  210: f9f9f9;
  211: eeeeee;
  212: eeeeee;
  213: ededed;
  214: efefef;
  215: ededed;
  216: fbfbfb;
  217: ffffff;
  218: ffffff;
  219: fefefe;
  220: ffffff;
  221: ffffff;
  222: eeeeee;
  223: eeeeee;
  224: eeeeee;
  225: eeeeee;
  226: ededed;
  227: f6f6f6;
  228: ffffff;
  229: ffffff;
  230: ffffff;
  231: ffffff;
  232: ffffff;
  233: eeeeee;
  234: eeeeee;
  235: efefef;
  236: eeeeee;
  237: ededed;
  238: ffffff;
  239: ffffff;
  240: ffffff;
  241: ffffff;
  242: ffffff;
  243: ffffff;
  244: eeeeee;
  245: eeeeee;
  246: eeeeee;
  247: eeeeee;
  248: ededed;
  249: ffffff;
  250: ffffff;
  251: ffffff;
  252: ffffff;
  253: ffffff;
  254: ffffff;
  255: ededed;
  256: ffffff;
  257: ffffff;
  258: ffffff;
  259: fefefe;
  260: ffffff;
  261: f9f9f9;
  262: eeeeee;
  263: eeeeee;
  264: eeeeee;
  265: eeeeee;
  266: ececec;
  267: ffffff;
  268: ffffff;
  269: ffffff;
  270: ffffff;
  271: ffffff;
  272: ffffff;
  273: eeeeee;
  274: eeeeee;
  275: eeeeee;
  276: eeeeee;
  277: ededed;
  278: ffffff;
  279: ffffff;
  280: ffffff;
  281: ffffff;
  282: ffffff;
  283: f1f1f1;
  284: eeeeee;
  285: eeeeee;
  286: efefef;
  287: eeeeee;
  288: eeeeee;
  289: fefefe;
  290: ffffff;
  291: ffffff;
  292: ffffff;
  293: ffffff;
  294: f6f6f6;
  295: eeeeee;
  296: eeeeee;
  297: eeeeee;
  298: eeeeee;
  299: eeeeee;
  300: ffffff;
  301: ffffff;
  302: ffffff;
  303: ffffff;
  304: ffffff;
  305: fbfbfb;
  306: eeeeee;
  307: ededed;
  308: efefef;
  309: ededed;
  310: eeeeee;
  311: ffffff;
  312: ffffff;
  313: fefefe;
  314: ffffff;
  315: fefefe;
  316: ffffff;
  317: eeeeee;
  318: eeeeee;
  319: eeeeee;
  320: eeeeee;
  321: eeeeee;
  322: ffffff;
  323: ffffff;
  324: ffffff;
  325: ffffff;
  326: ffffff;
  327: ffffff;
  328: eeeeee;
  329: efefef;
  330: ededed;
  331: efefef;
  332: eeeeee;
  333: ffffff;
  334: ffffff;
  335: ffffff;
  336: ffffff;
  337: ffffff;
  338: f9f9f9;
  339: eeeeee;
  340: eeeeee;
  341: ededed;
  342: efefef;
  343: ededed;
  344: fbfbfb;
  345: ffffff;
  346: ffffff;
  347: fefefe;
  348: ffffff;
  349: ffffff;
  350: eeeeee;
  351: eeeeee;
  352: eeeeee;
  353: eeeeee;
  354: ededed;
  355: f6f6f6;
  356: ffffff;
  357: ffffff;
  358: ffffff;
  359: ffffff;
  360: ffffff;
  361: eeeeee;
  362: eeeeee;
  363: efefef;
  364: eeeeee;
  365: ededed;
  366: ffffff;
  367: ffffff;
  368: ffffff;
  369: ffffff;
  370: ffffff;
  371: ffffff;
  372: eeeeee;
  373: eeeeee;
  374: eeeeee;
  375: eeeeee;
  376: ededed;
  377: ffffff;
  378: ffffff;
  379: ffffff;
  380: ffffff;
  381: ffffff;
  382: ffffff;
  383: ededed;
  384: ffffff;
  385: ffffff;
  386: ffffff;
  387: fefefe;
  388: ffffff;
  389: f9f9f9;
  390: eeeeee;
  391: eeeeee;
  392: eeeeee;
  393: eeeeee;
  394: ececec;
  395: ffffff;
  396: ffffff;
  397: ffffff;
  398: ffffff;
  399: ffffff;
  400: ffffff;
  401: eeeeee;
  402: eeeeee;
  403: eeeeee;
  404: eeeeee;
  405: ededed;
  406: ffffff;
  407: ffffff;
  408: ffffff;
  409: ffffff;
  410: ffffff;
  411: f1f1f1;
  412: eeeeee;
  413: eeeeee;
  414: efefef;
  415: eeeeee;
  416: eeeeee;
  417: fefefe;
  418: ffffff;
  419: ffffff;
  420: ffffff;
  421: ffffff;
  422: f6f6f6;
  423: eeeeee;
  424: eeeeee;
  425: eeeeee;
  426: eeeeee;
  427: eeeeee;
  428: ffffff;
  429: ffffff;
  430: ffffff;
  431: ffffff;
  432: ffffff;
  433: fbfbfb;
  434: eeeeee;
  435: ededed;
  436: efefef;
  437: ededed;
  438: eeeeee;
  439: ffffff;
  440: ffffff;
  441: fefefe;
  442: ffffff;
  443: fefefe;
  444: ffffff;
  445: eeeeee;
  446: eeeeee;
  447: eeeeee;
  448: eeeeee;
  449: eeeeee;
  450: ffffff;
  451: ffffff;
  452: ffffff;
  453: ffffff;
  454: ffffff;
  455: ffffff;
  456: eeeeee;
  457: efefef;
  458: ededed;
  459: efefef;
  460: eeeeee;
  461: ffffff;
  462: ffffff;
  463: ffffff;
  464: ffffff;
  465: ffffff;
  466: f9f9f9;
  467: eeeeee;
  468: eeeeee;
  469: ededed;
  470: efefef;
  471: ededed;
  472: fbfbfb;
  473: ffffff;
  474: ffffff;
  475: fefefe;
  476: ffffff;
  477: ffffff;
  478: eeeeee;
  479: eeeeee;
  480: eeeeee;
  481: eeeeee;
  482: ededed;
  483: f6f6f6;
  484: ffffff;
  485: ffffff;
  486: ffffff;
  487: ffffff;
  488: ffffff;
  489: eeeeee;
  490: eeeeee;
  491: efefef;
  492: eeeeee;
  493: ededed;
  494: ffffff;
  495: ffffff;
  496: ffffff;
  497: ffffff;
  498: ffffff;
  499: ffffff;
  500: eeeeee;
  501: eeeeee;
  502: eeeeee;
  503: eeeeee;
  504: ededed;
  505: ffffff;
  506: ffffff;
  507: ffffff;
  508: ffffff;
  509: ffffff;
  510: ffffff;
  511: ededed;
  512: ffffff;
  513: ffffff;
  514: ffffff;
  515: fefefe;
  516: ffffff;
  517: f9f9f9;
  518: eeeeee;
  519: eeeeee;
  520: eeeeee;
  521: eeeeee;
  522: ececec;
  523: ffffff;
  524: ffffff;
  525: ffffff;
  526: ffffff;
  527: ffffff;
  528: ffffff;
  529: eeeeee;
  530: eeeeee;
  531: eeeeee;
  532: eeeeee;
  533: ededed;
  534: ffffff;
  535: ffffff;
  536: ffffff;
  537: ffffff;
  538: ffffff;
  539: f1f1f1;
  540: eeeeee;
  541: eeeeee;
  542: efefef;
  543: eeeeee;
  544: eeeeee;
  545: fefefe;
  546: ffffff;
  547: ffffff;
  548: ffffff;
  549: ffffff;
  550: f6f6f6;
  551: eeeeee;
  552: eeeeee;
  553: eeeeee;
  554: eeeeee;
  555: eeeeee;
  556: ffffff;
  557: ffffff;
  558: ffffff;
  559: ffffff;
  560: ffffff;
  561: fbfbfb;
  562: eeeeee;
  563: ededed;
  564: efefef;
  565: ededed;
  566: eeeeee;
  567: ffffff;
  568: ffffff;
  569: fefefe;
  570: ffffff;
  571: fefefe;
  572: ffffff;
  573: eeeeee;
  574: eeeeee;
  575: eeeeee;
  576: eeeeee;
  577: eeeeee;
  578: ffffff;
  579: ffffff;
  580: ffffff;
  581: ffffff;
  582: ffffff;
  583: ffffff;
  584: eeeeee;
  585: efefef;
  586: ededed;
  587: efefef;
  588: eeeeee;
  589: ffffff;
  590: ffffff;
  591: ffffff;
  592: ffffff;
  593: ffffff;
  594: f9f9f9;
  595: eeeeee;
  596: eeeeee;
  597: ededed;
  598: efefef;
  599: ededed;
  600: fbfbfb;
  601: ffffff;
  602: ffffff;
  603: fefefe;
  604: ffffff;
  605: ffffff;
  606: eeeeee;
  607: eeeeee;
  608: eeeeee;
  609: eeeeee;
  610: ededed;
  611: f6f6f6;
  612: ffffff;
  613: ffffff;
  614: ffffff;
  615: ffffff;
  616: ffffff;
  617: eeeeee;
  618: eeeeee;
  619: efefef;
  620: eeeeee;
  621: ededed;
  622: ffffff;
  623: ffffff;
  624: ffffff;
  625: ffffff;
  626: ffffff;
  627: ffffff;
  628: eeeeee;
  629: eeeeee;
  630: eeeeee;
  631: eeeeee;
  632: ededed;
  633: ffffff;
  634: ffffff;
  635: ffffff;
  636: ffffff;
  637: ffffff;
  638: ffffff;
  639: ededed;
  640: ffffff;
  641: ffffff;
  642: ffffff;
  643: fefefe;
  644: ffffff;
  645: f9f9f9;
  646: eeeeee;
  647: eeeeee;
  648: eeeeee;
  649: eeeeee;
  650: ececec;
  651: ffffff;
  652: ffffff;
  653: ffffff;
  654: ffffff;
  655: ffffff;
  656: ffffff;
  657: eeeeee;
  658: eeeeee;
  659: eeeeee;
  660: eeeeee;
  661: ededed;
  662: ffffff;
  663: ffffff;
  664: ffffff;
  665: ffffff;
  666: ffffff;
  667: f1f1f1;
  668: eeeeee;
  669: eeeeee;
  670: efefef;
  671: eeeeee;
  672: eeeeee;
  673: fefefe;
  674: ffffff;
  675: ffffff;
  676: ffffff;
  677: ffffff;
  678: f6f6f6;
  679: eeeeee;
  680: eeeeee;
  681: eeeeee;
  682: eeeeee;
  683: eeeeee;
  684: ffffff;
  685: ffffff;
  686: ffffff;
  687: ffffff;
  688: ffffff;
  689: fbfbfb;
  690: eeeeee;
  691: ededed;
  692: efefef;
  693: ededed;
  694: eeeeee;
  695: ffffff;
  696: ffffff;
  697: fefefe;
  698: ffffff;
  699: fefefe;
  700: ffffff;
  701: eeeeee;
  702: eeeeee;
  703: eeeeee;
  704: eeeeee;
  705: eeeeee;
  706: ffffff;
  707: ffffff;
  708: ffffff;
  709: ffffff;
  710: ffffff;
  711: ffffff;
  712: eeeeee;
  713: efefef;
  714: ededed;
  715: efefef;
  716: eeeeee;
  717: ffffff;
  718: ffffff;
  719: ffffff;
  720: ffffff;
  721: ffffff;
  722: f9f9f9;
  723: eeeeee;
  724: eeeeee;
  725: ededed;
  726: efefef;
  727: ededed;
  728: fbfbfb;
  729: ffffff;
  730: ffffff;
  731: fefefe;
  732: ffffff;
  733: ffffff;
  734: eeeeee;
  735: eeeeee;
  736: eeeeee;
  737: eeeeee;
  738: ededed;
  739: f6f6f6;
  740: ffffff;
  741: ffffff;
  742: ffffff;
  743: ffffff;
  744: ffffff;
  745: eeeeee;
  746: eeeeee;
  747: efefef;
  748: eeeeee;
  749: ededed;
  750: ffffff;
  751: ffffff;
  752: ffffff;
  753: ffffff;
  754: ffffff;
  755: ffffff;
  756: eeeeee;
  757: eeeeee;
  758: eeeeee;
  759: eeeeee;
  760: ededed;
  761: ffffff;
  762: ffffff;
  763: ffffff;
  764: ffffff;
  765: ffffff;
  766: ffffff;
  767: ededed;
  768: ffffff;
  769: ffffff;
  770: ffffff;
  771: fefefe;
  772: ffffff;
  773: f9f9f9;
  774: eeeeee;
  775: eeeeee;
  776: eeeeee;
  777: eeeeee;
  778: ececec;
  779: ffffff;
  780: ffffff;
  781: ffffff;
  782: ffffff;
  783: ffffff;
  784: ffffff;
  785: eeeeee;
  786: eeeeee;
  787: eeeeee;
  788: eeeeee;
  789: ededed;
  790: ffffff;
  791: ffffff;
  792: ffffff;
  793: ffffff;
  794: ffffff;
  795: f1f1f1;
  796: eeeeee;
  797: eeeeee;
  798: efefef;
  799: eeeeee;
  800: eeeeee;
  801: fefefe;
  802: ffffff;
  803: ffffff;
  804: ffffff;
  805: ffffff;
  806: f6f6f6;
  807: eeeeee;
  808: eeeeee;
  809: eeeeee;
  810: eeeeee;
  811: eeeeee;
  812: ffffff;
  813: ffffff;
  814: ffffff;
  815: ffffff;
  816: ffffff;
  817: fbfbfb;
  818: eeeeee;
  819: ededed;
  820: efefef;
  821: ededed;
  822: eeeeee;
  823: ffffff;
  824: ffffff;
  825: fefefe;
  826: ffffff;
  827: fefefe;
  828: ffffff;
  829: eeeeee;
  830: eeeeee;
  831: eeeeee;
  832: eeeeee;
  833: eeeeee;
  834: ffffff;
  835: ffffff;
  836: ffffff;
  837: ffffff;
  838: ffffff;
  839: ffffff;
  840: eeeeee;
  841: efefef;
  842: ededed;
  843: efefef;
  844: eeeeee;
  845: ffffff;
  846: ffffff;
  847: ffffff;
  848: ffffff;
  849: ffffff;
  850: f9f9f9;
  851: eeeeee;
  852: eeeeee;
  853: ededed;
  854: efefef;
  855: ededed;
  856: fbfbfb;
  857: ffffff;
  858: ffffff;
  859: fefefe;
  860: ffffff;
  861: ffffff;
  862: eeeeee;
  863: eeeeee;
  864: eeeeee;
  865: eeeeee;
  866: ededed;
  867: f6f6f6;
  868: ffffff;
  869: ffffff;
  870: ffffff;
  871: ffffff;
  872: ffffff;
  873: eeeeee;
  874: eeeeee;
  875: efefef;
  876: eeeeee;
  877: ededed;
  878: ffffff;
  879: ffffff;
  880: ffffff;
  881: ffffff;
  882: ffffff;
  883: ffffff;
  884: eeeeee;
  885: eeeeee;
  886: eeeeee;
  887: eeeeee;
  888: ededed;
  889: ffffff;
  890: ffffff;
  891: ffffff;
  892: ffffff;
  893: ffffff;
  894: ffffff;
  895: ededed;
  896: ffffff;
  897: ffffff;
  898: ffffff;
  899: fefefe;
  900: ffffff;
  901: f9f9f9;
  902: eeeeee;
  903: eeeeee;
  904: eeeeee;
  905: eeeeee;
  906: ececec;
  907: ffffff;
  908: ffffff;
  909: ffffff;
  910: ffffff;
  911: ffffff;
  912: ffffff;
  913: eeeeee;
  914: eeeeee;
  915: eeeeee;
  916: eeeeee;
  917: ededed;
  918: ffffff;
  919: ffffff;
  920: ffffff;
  921: ffffff;
  922: ffffff;
  923: f1f1f1;
  924: eeeeee;
  925: eeeeee;
  926: efefef;
  927: eeeeee;
  928: eeeeee;
  929: fefefe;
  930: ffffff;
  931: ffffff;
  932: ffffff;
  933: ffffff;
  934: f6f6f6;
  935: eeeeee;
  936: eeeeee;
  937: eeeeee;
  938: eeeeee;
  939: eeeeee;
  940: ffffff;
  941: ffffff;
  942: ffffff;
  943: ffffff;
  944: ffffff;
  945: fbfbfb;
  946: eeeeee;
  947: ededed;
  948: efefef;
  949: ededed;
  950: eeeeee;
  951: ffffff;
  952: ffffff;
  953: fefefe;
  954: ffffff;
  955: fefefe;
  956: ffffff;
  957: eeeeee;
  958: eeeeee;
  959: eeeeee;
  960: eeeeee;
  961: eeeeee;
  962: ffffff;
  963: ffffff;
  964: ffffff;
  965: ffffff;
  966: ffffff;
  967: ffffff;
  968: eeeeee;
  969: efefef;
  970: ededed;
  971: efefef;
  972: eeeeee;
  973: ffffff;
  974: ffffff;
  975: ffffff;
  976: ffffff;
  977: ffffff;
  978: f9f9f9;
  979: eeeeee;
  980: eeeeee;
  981: ededed;
  982: efefef;
  983: ededed;
  984: fbfbfb;
  985: ffffff;
  986: ffffff;
  987: fefefe;
  988: ffffff;
  989: ffffff;
  990: eeeeee;
  991: eeeeee;
  992: eeeeee;
  993: eeeeee;
  994: ededed;
  995: f6f6f6;
  996: ffffff;
  997: ffffff;
  998: ffffff;
  999: ffffff;
  1000: ffffff;
  1001: eeeeee;
  1002: eeeeee;
  1003: efefef;
  1004: eeeeee;
  1005: ededed;
  1006: ffffff;
  1007: ffffff;
  1008: ffffff;
  1009: ffffff;
  1010: ffffff;
  1011: ffffff;
  1012: eeeeee;
  1013: eeeeee;
  1014: eeeeee;
  1015: eeeeee;
  1016: ededed;
  1017: ffffff;
  1018: ffffff;
  1019: ffffff;
  1020: ffffff;
  1021: ffffff;
  1022: ffffff;
  1023: ededed;
  1024: ffffff;
  1025: ffffff;
  1026: ffffff;
  1027: ffffff;
  1028: ffffff;
  1029: f9f9f9;
  1030: eeeeee;
  1031: ededed;
  1032: ededed;
  1033: efefef;
  1034: eeeeee;
  1035: fdfdfd;
  1036: ffffff;
  1037: ffffff;
  1038: fdfdfd;
  1039: ffffff;
  1040: ffffff;
  1041: ececec;
  1042: efefef;
  1043: ececec;
  1044: ededed;
  1045: ededed;
  1046: ffffff;
  1047: ffffff;
  1048: ffffff;
  1049: fefefe;
  1050: ffffff;
  1051: f1f1f1;
  1052: eeeeee;
  1053: ececec;
  1054: f0f0f0;
  1055: ececec;
  1056: efefef;
  1057: ffffff;
  1058: ffffff;
  1059: ffffff;
  1060: ffffff;
  1061: ffffff;
  1062: f7f7f7;
  1063: eeeeee;
  1064: efefef;
  1065: ededed;
  1066: eeeeee;
  1067: efefef;
  1068: fefefe;
  1069: ffffff;
  1070: ffffff;
  1071: fefefe;
  1072: ffffff;
  1073: fcfcfc;
  1074: ededed;
  1075: eeeeee;
  1076: eeeeee;
  1077: ededed;
  1078: ededed;
  1079: ffffff;
  1080: ffffff;
  1081: fdfdfd;
  1082: ffffff;
  1083: ffffff;
  1084: fcfcfc;
  1085: eeeeee;
  1086: efefef;
  1087: ededed;
  1088: efefef;
  1089: ededed;
  1090: ffffff;
  1091: ffffff;
  1092: ffffff;
  1093: ffffff;
  1094: ffffff;
  1095: ffffff;
  1096: ececec;
  1097: efefef;
  1098: ececec;
  1099: ededed;
  1100: f0f0f0;
  1101: fefefe;
  1102: fefefe;
  1103: ffffff;
  1104: ffffff;
  1105: ffffff;
  1106: f8f8f8;
  1107: efefef;
  1108: ededed;
  1109: ededed;
  1110: eeeeee;
  1111: eeeeee;
  1112: fbfbfb;
  1113: ffffff;
  1114: ffffff;
  1115: ffffff;
  1116: ffffff;
  1117: fefefe;
  1118: eeeeee;
  1119: eeeeee;
  1120: efefef;
  1121: ececec;
  1122: efefef;
  1123: f7f7f7;
  1124: fefefe;
  1125: ffffff;
  1126: ffffff;
  1127: ffffff;
  1128: ffffff;
  1129: ededed;
  1130: ededed;
  1131: ededed;
  1132: ececec;
  1133: eeeeee;
  1134: ffffff;
  1135: ffffff;
  1136: ffffff;
  1137: ffffff;
  1138: ffffff;
  1139: fefefe;
  1140: efefef;
  1141: eeeeee;
  1142: ededed;
  1143: efefef;
  1144: ededed;
  1145: fefefe;
  1146: ffffff;
  1147: ffffff;
  1148: ffffff;
  1149: ffffff;
  1150: fefefe;
  1151: ededed;
  1152: f7f7f7;
  1153: f8f8f8;
  1154: f6f6f6;
  1155: f6f6f6;
  1156: f9f9f9;
  1157: f7f7f7;
  1158: f4f4f4;
  1159: f6f6f6;
  1160: f3f3f3;
  1161: f5f5f5;
  1162: f3f3f3;
  1163: f7f7f7;
  1164: f8f8f8;
  1165: f9f9f9;
  1166: f7f7f7;
  1167: f9f9f9;
  1168: f7f7f7;
  1169: f5f5f5;
  1170: f6f6f6;
  1171: f5f5f5;
  1172: f5f5f5;
  1173: f5f5f5;
  1174: f7f7f7;
  1175: f7f7f7;
  1176: fafafa;
  1177: f7f7f7;
  1178: f9f9f9;
  1179: f6f6f6;
  1180: f5f5f5;
  1181: f4f4f4;
  1182: f5f5f5;
  1183: f4f4f4;
  1184: f4f4f4;
  1185: f9f9f9;
  1186: f7f7f7;
  1187: f6f6f6;
  1188: f7f7f7;
  1189: f8f8f8;
  1190: f6f6f6;
  1191: f5f5f5;
  1192: f4f4f4;
  1193: f4f4f4;
  1194: f5f5f5;
  1195: f4f4f4;
  1196: f9f9f9;
  1197: f8f8f8;
  1198: f9f9f9;
  1199: f9f9f9;
  1200: f8f8f8;
  1201: f7f7f7;
  1202: f5f5f5;
  1203: f7f7f7;
  1204: f5f5f5;
  1205: f5f5f5;
  1206: f5f5f5;
  1207: f8f8f8;
  1208: f9f9f9;
  1209: f7f7f7;
  1210: f9f9f9;
  1211: f8f8f8;
  1212: f7f7f7;
  1213: f4f4f4;
  1214: f6f6f6;
  1215: f3f3f3;
  1216: f7f7f7;
  1217: f3f3f3;
  1218: f8f8f8;
  1219: f7f7f7;
  1220: f7f7f7;
  1221: f7f7f7;
  1222: f8f8f8;
  1223: f7f7f7;
  1224: f3f3f3;
  1225: f5f5f5;
  1226: f4f4f4;
  1227: f5f5f5;
  1228: f5f5f5;
  1229: f8f8f8;
  1230: f7f7f7;
  1231: fafafa;
  1232: f7f7f7;
  1233: f8f8f8;
  1234: f7f7f7;
  1235: f5f5f5;
  1236: f5f5f5;
  1237: f6f6f6;
  1238: f6f6f6;
  1239: f7f7f7;
  1240: f6f6f6;
  1241: f9f9f9;
  1242: f6f6f6;
  1243: f8f8f8;
  1244: f7f7f7;
  1245: f9f9f9;
  1246: f4f4f4;
  1247: f6f6f6;
  1248: f5f5f5;
  1249: f3f3f3;
  1250: f4f4f4;
  1251: f6f6f6;
  1252: f8f8f8;
  1253: f8f8f8;
  1254: f8f8f8;
  1255: f9f9f9;
  1256: f7f7f7;
  1257: f5f5f5;
  1258: f5f5f5;
  1259: f5f5f5;
  1260: f6f6f6;
  1261: f5f5f5;
  1262: f7f7f7;
  1263: f6f6f6;
  1264: f9f9f9;
  1265: f9f9f9;
  1266: f8f8f8;
  1267: f9f9f9;
  1268: f4f4f4;
  1269: f5f5f5;
  1270: f4f4f4;
  1271: f5f5f5;
  1272: f6f6f6;
  1273: f8f8f8;
  1274: f9f9f9;
  1275: f8f8f8;
  1276: f8f8f8;
  1277: f9f9f9;
  1278: f8f8f8;
  1279: f6f6f6;
  1280: efefef;
  1281: efefef;
  1282: efefef;
  1283: efefef;
  1284: efefef;
  1285: f5f5f5;
  1286: fcfcfc;
  1287: ffffff;
  1288: ffffff;
  1289: ffffff;
  1290: fdfdfd;
  1291: f1f1f1;
  1292: efefef;
  1293: ededed;
  1294: ededed;
  1295: ececec;
  1296: eeeeee;
  1297: fefefe;
  1298: fcfcfc;
  1299: fefefe;
  1300: fefefe;
  1301: fdfdfd;
  1302: eeeeee;
  1303: efefef;
  1304: eeeeee;
  1305: ebebeb;
  1306: efefef;
  1307: fcfcfc;
  1308: fefefe;
  1309: ffffff;
  1310: fefefe;
  1311: ffffff;
  1312: fbfbfb;
  1313: f2f2f2;
  1314: eeeeee;
  1315: efefef;
  1316: efefef;
  1317: efefef;
  1318: f6f6f6;
  1319: fdfdfd;
  1320: ffffff;
  1321: ffffff;
  1322: ffffff;
  1323: fcfcfc;
  1324: f1f1f1;
  1325: eeeeee;
  1326: eeeeee;
  1327: ededed;
  1328: f0f0f0;
  1329: f1f1f1;
  1330: fdfdfd;
  1331: ffffff;
  1332: fbfbfb;
  1333: fdfdfd;
  1334: fefefe;
  1335: efefef;
  1336: ececec;
  1337: eeeeee;
  1338: ededed;
  1339: eeeeee;
  1340: f1f1f1;
  1341: fdfdfd;
  1342: ffffff;
  1343: ffffff;
  1344: ffffff;
  1345: fbfbfb;
  1346: f0f0f0;
  1347: efefef;
  1348: eeeeee;
  1349: efefef;
  1350: efefef;
  1351: efefef;
  1352: ffffff;
  1353: fefefe;
  1354: ffffff;
  1355: fefefe;
  1356: fbfbfb;
  1357: efefef;
  1358: ebebeb;
  1359: eeeeee;
  1360: efefef;
  1361: f1f1f1;
  1362: f6f6f6;
  1363: fcfcfc;
  1364: fefefe;
  1365: fefefe;
  1366: fdfdfd;
  1367: fefefe;
  1368: f2f2f2;
  1369: f1f1f1;
  1370: eeeeee;
  1371: efefef;
  1372: ededed;
  1373: f4f4f4;
  1374: fafafa;
  1375: ffffff;
  1376: ffffff;
  1377: ffffff;
  1378: fdfdfd;
  1379: f6f6f6;
  1380: f0f0f0;
  1381: eeeeee;
  1382: ededed;
  1383: ededed;
  1384: eeeeee;
  1385: fdfdfd;
  1386: fdfdfd;
  1387: fdfdfd;
  1388: ffffff;
  1389: fcfcfc;
  1390: efefef;
  1391: eeeeee;
  1392: ededed;
  1393: eeeeee;
  1394: eeeeee;
  1395: f0f0f0;
  1396: fcfcfc;
  1397: ffffff;
  1398: ffffff;
  1399: ffffff;
  1400: fdfdfd;
  1401: eeeeee;
  1402: f0f0f0;
  1403: ededed;
  1404: ededed;
  1405: f1f1f1;
  1406: eeeeee;
  1407: fdfdfd;
  1408: ededed;
  1409: ececec;
  1410: efefef;
  1411: eeeeee;
  1412: ececec;
  1413: f5f5f5;
  1414: ffffff;
  1415: ffffff;
  1416: ffffff;
  1417: ffffff;
  1418: fefefe;
  1419: ededed;
  1420: eeeeee;
  1421: ececec;
  1422: efefef;
  1423: ededed;
  1424: ebebeb;
  1425: ffffff;
  1426: ffffff;
  1427: ffffff;
  1428: ffffff;
  1429: ffffff;
  1430: ededed;
  1431: ededed;
  1432: eeeeee;
  1433: ededed;
  1434: eeeeee;
  1435: ffffff;
  1436: ffffff;
  1437: ffffff;
  1438: fefefe;
  1439: ffffff;
  1440: ffffff;
  1441: eeeeee;
  1442: ececec;
  1443: eeeeee;
  1444: ededed;
  1445: ececec;
  1446: f7f7f7;
  1447: ffffff;
  1448: ffffff;
  1449: ffffff;
  1450: ffffff;
  1451: ffffff;
  1452: ededed;
  1453: ededed;
  1454: eeeeee;
  1455: eeeeee;
  1456: ececec;
  1457: efefef;
  1458: ffffff;
  1459: ffffff;
  1460: ffffff;
  1461: ffffff;
  1462: ffffff;
  1463: ececec;
  1464: ededed;
  1465: efefef;
  1466: ececec;
  1467: ededed;
  1468: ededed;
  1469: ffffff;
  1470: ffffff;
  1471: ffffff;
  1472: ffffff;
  1473: ffffff;
  1474: ececec;
  1475: eeeeee;
  1476: ededed;
  1477: eeeeee;
  1478: ececec;
  1479: ececec;
  1480: ffffff;
  1481: fefefe;
  1482: ffffff;
  1483: ffffff;
  1484: ffffff;
  1485: eeeeee;
  1486: ededed;
  1487: efefef;
  1488: ededed;
  1489: eeeeee;
  1490: f6f6f6;
  1491: ffffff;
  1492: ffffff;
  1493: ffffff;
  1494: ffffff;
  1495: ffffff;
  1496: f1f1f1;
  1497: eeeeee;
  1498: ededed;
  1499: eeeeee;
  1500: ebebeb;
  1501: f2f2f2;
  1502: fefefe;
  1503: ffffff;
  1504: fefefe;
  1505: ffffff;
  1506: fefefe;
  1507: f5f5f5;
  1508: eeeeee;
  1509: ededed;
  1510: eeeeee;
  1511: eeeeee;
  1512: ebebeb;
  1513: ffffff;
  1514: ffffff;
  1515: ffffff;
  1516: ffffff;
  1517: ffffff;
  1518: ededed;
  1519: ededed;
  1520: eeeeee;
  1521: eeeeee;
  1522: ededed;
  1523: ededed;
  1524: ffffff;
  1525: ffffff;
  1526: ffffff;
  1527: ffffff;
  1528: ffffff;
  1529: ececec;
  1530: efefef;
  1531: ededed;
  1532: ededed;
  1533: efefef;
  1534: ececec;
  1535: ffffff;
  1536: efefef;
  1537: ededed;
  1538: f0f0f0;
  1539: efefef;
  1540: ececec;
  1541: f6f6f6;
  1542: ffffff;
  1543: fefefe;
  1544: fefefe;
  1545: fdfdfd;
  1546: fefefe;
  1547: ededed;
  1548: f0f0f0;
  1549: ededed;
  1550: efefef;
  1551: efefef;
  1552: eeeeee;
  1553: ffffff;
  1554: ffffff;
  1555: ffffff;
  1556: ffffff;
  1557: fdfdfd;
  1558: efefef;
  1559: eeeeee;
  1560: eeeeee;
  1561: f0f0f0;
  1562: eeeeee;
  1563: ffffff;
  1564: fefefe;
  1565: ffffff;
  1566: fdfdfd;
  1567: fefefe;
  1568: ffffff;
  1569: ededed;
  1570: efefef;
  1571: efefef;
  1572: eeeeee;
  1573: ededed;
  1574: f7f7f7;
  1575: ffffff;
  1576: ffffff;
  1577: fefefe;
  1578: fefefe;
  1579: ffffff;
  1580: ececec;
  1581: efefef;
  1582: efefef;
  1583: eeeeee;
  1584: ededed;
  1585: f1f1f1;
  1586: ffffff;
  1587: fcfcfc;
  1588: ffffff;
  1589: ffffff;
  1590: ffffff;
  1591: eeeeee;
  1592: eeeeee;
  1593: f0f0f0;
  1594: ededed;
  1595: efefef;
  1596: ececec;
  1597: fefefe;
  1598: fdfdfd;
  1599: fefefe;
  1600: fdfdfd;
  1601: ffffff;
  1602: ebebeb;
  1603: efefef;
  1604: eeeeee;
  1605: efefef;
  1606: ececec;
  1607: ededed;
  1608: fefefe;
  1609: fdfdfd;
  1610: ffffff;
  1611: fefefe;
  1612: ffffff;
  1613: eeeeee;
  1614: f0f0f0;
  1615: efefef;
  1616: efefef;
  1617: eeeeee;
  1618: f6f6f6;
  1619: ffffff;
  1620: ffffff;
  1621: fefefe;
  1622: fefefe;
  1623: fefefe;
  1624: f2f2f2;
  1625: eeeeee;
  1626: eeeeee;
  1627: efefef;
  1628: ededed;
  1629: f2f2f2;
  1630: ffffff;
  1631: ffffff;
  1632: fcfcfc;
  1633: ffffff;
  1634: fefefe;
  1635: f5f5f5;
  1636: eeeeee;
  1637: eeeeee;
  1638: f0f0f0;
  1639: efefef;
  1640: ededed;
  1641: ffffff;
  1642: fefefe;
  1643: ffffff;
  1644: ffffff;
  1645: fefefe;
  1646: eeeeee;
  1647: eeeeee;
  1648: efefef;
  1649: efefef;
  1650: efefef;
  1651: ececec;
  1652: ffffff;
  1653: fefefe;
  1654: fefefe;
  1655: ffffff;
  1656: ffffff;
  1657: eeeeee;
  1658: ededed;
  1659: efefef;
  1660: efefef;
  1661: ededed;
  1662: eeeeee;
  1663: ffffff;
  1664: f0f0f0;
  1665: ededed;
  1666: eeeeee;
  1667: eeeeee;
  1668: ececec;
  1669: f6f6f6;
  1670: ffffff;
  1671: ffffff;
  1672: ffffff;
  1673: fefefe;
  1674: ffffff;
  1675: eeeeee;
  1676: f0f0f0;
  1677: ededed;
  1678: ececec;
  1679: ececec;
  1680: f0f0f0;
  1681: fdfdfd;
  1682: ffffff;
  1683: ffffff;
  1684: ffffff;
  1685: fbfbfb;
  1686: efefef;
  1687: ededed;
  1688: ebebeb;
  1689: eeeeee;
  1690: ededed;
  1691: ffffff;
  1692: fdfdfd;
  1693: ffffff;
  1694: ffffff;
  1695: ffffff;
  1696: ffffff;
  1697: ededed;
  1698: f0f0f0;
  1699: ededed;
  1700: eeeeee;
  1701: ededed;
  1702: f6f6f6;
  1703: fefefe;
  1704: ffffff;
  1705: ffffff;
  1706: ffffff;
  1707: ffffff;
  1708: ededed;
  1709: eeeeee;
  1710: ededed;
  1711: ebebeb;
  1712: ededed;
  1713: f3f3f3;
  1714: ffffff;
  1715: fcfcfc;
  1716: ffffff;
  1717: ffffff;
  1718: fdfdfd;
  1719: efefef;
  1720: ececec;
  1721: ececec;
  1722: ededed;
  1723: efefef;
  1724: eeeeee;
  1725: ffffff;
  1726: fefefe;
  1727: ffffff;
  1728: fdfdfd;
  1729: ffffff;
  1730: ebebeb;
  1731: efefef;
  1732: eeeeee;
  1733: efefef;
  1734: ededed;
  1735: eeeeee;
  1736: ffffff;
  1737: ffffff;
  1738: ffffff;
  1739: fdfdfd;
  1740: fefefe;
  1741: ececec;
  1742: eeeeee;
  1743: ececec;
  1744: efefef;
  1745: ededed;
  1746: f5f5f5;
  1747: ffffff;
  1748: ffffff;
  1749: fefefe;
  1750: ffffff;
  1751: ffffff;
  1752: f2f2f2;
  1753: efefef;
  1754: ededed;
  1755: eeeeee;
  1756: eeeeee;
  1757: f1f1f1;
  1758: ffffff;
  1759: fefefe;
  1760: ffffff;
  1761: ffffff;
  1762: ffffff;
  1763: f6f6f6;
  1764: efefef;
  1765: eeeeee;
  1766: eeeeee;
  1767: ececec;
  1768: efefef;
  1769: fefefe;
  1770: fefefe;
  1771: ffffff;
  1772: fdfdfd;
  1773: fcfcfc;
  1774: eeeeee;
  1775: eeeeee;
  1776: ececec;
  1777: ededed;
  1778: eeeeee;
  1779: ececec;
  1780: ffffff;
  1781: ffffff;
  1782: ffffff;
  1783: ffffff;
  1784: fdfdfd;
  1785: eeeeee;
  1786: ebebeb;
  1787: eeeeee;
  1788: eeeeee;
  1789: ebebeb;
  1790: efefef;
  1791: fdfdfd;
  1792: efefef;
  1793: ededed;
  1794: eeeeee;
  1795: eeeeee;
  1796: ededed;
  1797: f5f5f5;
  1798: ffffff;
  1799: ffffff;
  1800: fefefe;
  1801: fcfcfc;
  1802: fefefe;
  1803: ededed;
  1804: eeeeee;
  1805: f0f0f0;
  1806: eeeeee;
  1807: efefef;
  1808: eeeeee;
  1809: ffffff;
  1810: fefefe;
  1811: fefefe;
  1812: ffffff;
  1813: fdfdfd;
  1814: eeeeee;
  1815: ededed;
  1816: efefef;
  1817: f0f0f0;
  1818: eeeeee;
  1819: ffffff;
  1820: ffffff;
  1821: fdfdfd;
  1822: fefefe;
  1823: fefefe;
  1824: ffffff;
  1825: ececec;
  1826: f0f0f0;
  1827: ececec;
  1828: efefef;
  1829: ededed;
  1830: f5f5f5;
  1831: ffffff;
  1832: fefefe;
  1833: fefefe;
  1834: fefefe;
  1835: fefefe;
  1836: efefef;
  1837: efefef;
  1838: efefef;
  1839: efefef;
  1840: eeeeee;
  1841: f2f2f2;
  1842: ffffff;
  1843: fefefe;
  1844: ffffff;
  1845: ffffff;
  1846: fdfdfd;
  1847: efefef;
  1848: efefef;
  1849: efefef;
  1850: f0f0f0;
  1851: eeeeee;
  1852: ededed;
  1853: fefefe;
  1854: fcfcfc;
  1855: fefefe;
  1856: ffffff;
  1857: fefefe;
  1858: ededed;
  1859: eeeeee;
  1860: ededed;
  1861: efefef;
  1862: ededed;
  1863: eeeeee;
  1864: fdfdfd;
  1865: fefefe;
  1866: fdfdfd;
  1867: ffffff;
  1868: ffffff;
  1869: ededed;
  1870: f0f0f0;
  1871: efefef;
  1872: efefef;
  1873: ededed;
  1874: f6f6f6;
  1875: ffffff;
  1876: ffffff;
  1877: ffffff;
  1878: ffffff;
  1879: ffffff;
  1880: f0f0f0;
  1881: efefef;
  1882: ededed;
  1883: ededed;
  1884: efefef;
  1885: f0f0f0;
  1886: ffffff;
  1887: ffffff;
  1888: fdfdfd;
  1889: ffffff;
  1890: fdfdfd;
  1891: f6f6f6;
  1892: efefef;
  1893: efefef;
  1894: f0f0f0;
  1895: efefef;
  1896: eeeeee;
  1897: ffffff;
  1898: ffffff;
  1899: ffffff;
  1900: ffffff;
  1901: fdfdfd;
  1902: ededed;
  1903: eeeeee;
  1904: efefef;
  1905: f0f0f0;
  1906: efefef;
  1907: eeeeee;
  1908: fefefe;
  1909: fefefe;
  1910: fefefe;
  1911: fefefe;
  1912: ffffff;
  1913: efefef;
  1914: eeeeee;
  1915: efefef;
  1916: efefef;
  1917: eeeeee;
  1918: f0f0f0;
  1919: ffffff;
  1920: efefef;
  1921: eeeeee;
  1922: efefef;
  1923: efefef;
  1924: efefef;
  1925: f4f4f4;
  1926: fdfdfd;
  1927: ffffff;
  1928: ffffff;
  1929: ffffff;
  1930: ffffff;
  1931: ededed;
  1932: ebebeb;
  1933: efefef;
  1934: ededed;
  1935: eeeeee;
  1936: ececec;
  1937: ffffff;
  1938: fdfdfd;
  1939: fcfcfc;
  1940: ffffff;
  1941: ffffff;
  1942: ededed;
  1943: eeeeee;
  1944: ededed;
  1945: ededed;
  1946: ececec;
  1947: ffffff;
  1948: ffffff;
  1949: fefefe;
  1950: ffffff;
  1951: ffffff;
  1952: ffffff;
  1953: ececec;
  1954: f0f0f0;
  1955: ebebeb;
  1956: f1f1f1;
  1957: eeeeee;
  1958: f5f5f5;
  1959: ffffff;
  1960: ffffff;
  1961: ffffff;
  1962: ffffff;
  1963: fefefe;
  1964: efefef;
  1965: ededed;
  1966: ededed;
  1967: eeeeee;
  1968: ededed;
  1969: f1f1f1;
  1970: ffffff;
  1971: ffffff;
  1972: fdfdfd;
  1973: ffffff;
  1974: ffffff;
  1975: eeeeee;
  1976: eeeeee;
  1977: ededed;
  1978: f0f0f0;
  1979: ebebeb;
  1980: ededed;
  1981: ffffff;
  1982: ffffff;
  1983: ffffff;
  1984: ffffff;
  1985: fdfdfd;
  1986: efefef;
  1987: eeeeee;
  1988: ededed;
  1989: f0f0f0;
  1990: eeeeee;
  1991: ededed;
  1992: ffffff;
  1993: ffffff;
  1994: fdfdfd;
  1995: ffffff;
  1996: ffffff;
  1997: ebebeb;
  1998: ececec;
  1999: ededed;
  2000: efefef;
  2001: ededed;
  2002: f7f7f7;
  2003: ffffff;
  2004: fefefe;
  2005: ffffff;
  2006: ffffff;
  2007: fefefe;
  2008: efefef;
  2009: f0f0f0;
  2010: eeeeee;
  2011: eeeeee;
  2012: f1f1f1;
  2013: f0f0f0;
  2014: ffffff;
  2015: ffffff;
  2016: ffffff;
  2017: ffffff;
  2018: fefefe;
  2019: f6f6f6;
  2020: eeeeee;
  2021: ececec;
  2022: ededed;
  2023: ededed;
  2024: ebebeb;
  2025: ffffff;
  2026: ffffff;
  2027: fbfbfb;
  2028: ffffff;
  2029: fefefe;
  2030: ededed;
  2031: eeeeee;
  2032: eeeeee;
  2033: ededed;
  2034: ededed;
  2035: efefef;
  2036: fefefe;
  2037: ffffff;
  2038: ffffff;
  2039: ffffff;
  2040: fefefe;
  2041: ededed;
  2042: eeeeee;
  2043: eeeeee;
  2044: eeeeee;
  2045: efefef;
  2046: ededed;
  2047: ffffff;
  2048: eeeeee;
  2049: efefef;
  2050: ededed;
  2051: eeeeee;
  2052: eeeeee;
  2053: f4f4f4;
  2054: ffffff;
  2055: fefefe;
  2056: ffffff;
  2057: fefefe;
  2058: ffffff;
  2059: ececec;
  2060: f0f0f0;
  2061: ededed;
  2062: eeeeee;
  2063: efefef;
  2064: f0f0f0;
  2065: fdfdfd;
  2066: ffffff;
  2067: ffffff;
  2068: fefefe;
  2069: ffffff;
  2070: eeeeee;
  2071: eeeeee;
  2072: eeeeee;
  2073: f0f0f0;
  2074: eeeeee;
  2075: fefefe;
  2076: ffffff;
  2077: ffffff;
  2078: ffffff;
  2079: ffffff;
  2080: ffffff;
  2081: ebebeb;
  2082: efefef;
  2083: efefef;
  2084: eeeeee;
  2085: ededed;
  2086: f7f7f7;
  2087: fefefe;
  2088: ffffff;
  2089: ffffff;
  2090: fdfdfd;
  2091: ffffff;
  2092: ececec;
  2093: f0f0f0;
  2094: eeeeee;
  2095: ededed;
  2096: eeeeee;
  2097: f3f3f3;
  2098: fefefe;
  2099: fdfdfd;
  2100: ffffff;
  2101: ffffff;
  2102: fdfdfd;
  2103: efefef;
  2104: efefef;
  2105: eeeeee;
  2106: ececec;
  2107: efefef;
  2108: ebebeb;
  2109: ffffff;
  2110: fefefe;
  2111: ffffff;
  2112: ffffff;
  2113: ffffff;
  2114: ececec;
  2115: eeeeee;
  2116: eeeeee;
  2117: ededed;
  2118: eeeeee;
  2119: ebebeb;
  2120: ffffff;
  2121: ffffff;
  2122: ffffff;
  2123: fcfcfc;
  2124: ffffff;
  2125: ededed;
  2126: efefef;
  2127: eeeeee;
  2128: efefef;
  2129: ededed;
  2130: f5f5f5;
  2131: ffffff;
  2132: ffffff;
  2133: fefefe;
  2134: ffffff;
  2135: fefefe;
  2136: f2f2f2;
  2137: ececec;
  2138: ededed;
  2139: eeeeee;
  2140: ededed;
  2141: eeeeee;
  2142: ffffff;
  2143: ffffff;
  2144: ffffff;
  2145: fefefe;
  2146: ffffff;
  2147: f6f6f6;
  2148: ededed;
  2149: f0f0f0;
  2150: efefef;
  2151: ededed;
  2152: efefef;
  2153: fcfcfc;
  2154: ffffff;
  2155: ffffff;
  2156: fefefe;
  2157: ffffff;
  2158: eeeeee;
  2159: eeeeee;
  2160: ededed;
  2161: efefef;
  2162: efefef;
  2163: eeeeee;
  2164: ffffff;
  2165: fefefe;
  2166: fefefe;
  2167: ffffff;
  2168: fefefe;
  2169: f0f0f0;
  2170: ececec;
  2171: ededed;
  2172: eeeeee;
  2173: ececec;
  2174: f0f0f0;
  2175: fefefe;
  2176: ededed;
  2177: efefef;
  2178: efefef;
  2179: f0f0f0;
  2180: f0f0f0;
  2181: f5f5f5;
  2182: ffffff;
  2183: ffffff;
  2184: fefefe;
  2185: ffffff;
  2186: ffffff;
  2187: eeeeee;
  2188: f0f0f0;
  2189: eeeeee;
  2190: eeeeee;
  2191: ededed;
  2192: ededed;
  2193: ffffff;
  2194: ffffff;
  2195: ffffff;
  2196: fefefe;
  2197: ffffff;
  2198: ececec;
  2199: eeeeee;
  2200: ededed;
  2201: ededed;
  2202: ededed;
  2203: fefefe;
  2204: ffffff;
  2205: ffffff;
  2206: fefefe;
  2207: ffffff;
  2208: ffffff;
  2209: ececec;
  2210: ededed;
  2211: efefef;
  2212: eeeeee;
  2213: ededed;
  2214: f7f7f7;
  2215: ffffff;
  2216: ffffff;
  2217: ffffff;
  2218: ffffff;
  2219: ffffff;
  2220: ededed;
  2221: eeeeee;
  2222: ededed;
  2223: eeeeee;
  2224: ededed;
  2225: f1f1f1;
  2226: ffffff;
  2227: ffffff;
  2228: ffffff;
  2229: ffffff;
  2230: ffffff;
  2231: eeeeee;
  2232: ededed;
  2233: eeeeee;
  2234: eeeeee;
  2235: f0f0f0;
  2236: eeeeee;
  2237: ffffff;
  2238: ffffff;
  2239: fefefe;
  2240: fefefe;
  2241: fefefe;
  2242: ededed;
  2243: efefef;
  2244: f1f1f1;
  2245: f0f0f0;
  2246: f0f0f0;
  2247: ededed;
  2248: ffffff;
  2249: ffffff;
  2250: ffffff;
  2251: fefefe;
  2252: ffffff;
  2253: ececec;
  2254: ededed;
  2255: ededed;
  2256: efefef;
  2257: eeeeee;
  2258: f5f5f5;
  2259: fefefe;
  2260: ffffff;
  2261: ffffff;
  2262: ffffff;
  2263: ffffff;
  2264: f2f2f2;
  2265: eeeeee;
  2266: f0f0f0;
  2267: f2f2f2;
  2268: f0f0f0;
  2269: f1f1f1;
  2270: ffffff;
  2271: fefefe;
  2272: ffffff;
  2273: fefefe;
  2274: ffffff;
  2275: f6f6f6;
  2276: ececec;
  2277: eeeeee;
  2278: eeeeee;
  2279: ededed;
  2280: ececec;
  2281: ffffff;
  2282: ffffff;
  2283: ffffff;
  2284: fefefe;
  2285: ffffff;
  2286: ececec;
  2287: eeeeee;
  2288: eeeeee;
  2289: ededed;
  2290: eeeeee;
  2291: ececec;
  2292: ffffff;
  2293: ffffff;
  2294: ffffff;
  2295: ffffff;
  2296: fdfdfd;
  2297: efefef;
  2298: f0f0f0;
  2299: efefef;
  2300: efefef;
  2301: f1f1f1;
  2302: efefef;
  2303: fefefe;
  2304: efefef;
  2305: efefef;
  2306: ededed;
  2307: ececec;
  2308: ececec;
  2309: f2f2f2;
  2310: fdfdfd;
  2311: ffffff;
  2312: fefefe;
  2313: ffffff;
  2314: fefefe;
  2315: ededed;
  2316: ececec;
  2317: ededed;
  2318: efefef;
  2319: efefef;
  2320: efefef;
  2321: ffffff;
  2322: fefefe;
  2323: fefefe;
  2324: fefefe;
  2325: ffffff;
  2326: ececec;
  2327: eeeeee;
  2328: efefef;
  2329: ededed;
  2330: efefef;
  2331: ffffff;
  2332: ffffff;
  2333: ffffff;
  2334: fdfdfd;
  2335: ffffff;
  2336: fdfdfd;
  2337: ececec;
  2338: ececec;
  2339: eeeeee;
  2340: eeeeee;
  2341: ededed;
  2342: f5f5f5;
  2343: fefefe;
  2344: fdfdfd;
  2345: ffffff;
  2346: ffffff;
  2347: ffffff;
  2348: eeeeee;
  2349: eeeeee;
  2350: eeeeee;
  2351: f0f0f0;
  2352: efefef;
  2353: f2f2f2;
  2354: ffffff;
  2355: ffffff;
  2356: fdfdfd;
  2357: ffffff;
  2358: ffffff;
  2359: efefef;
  2360: efefef;
  2361: efefef;
  2362: ededed;
  2363: ececec;
  2364: ededed;
  2365: fefefe;
  2366: ffffff;
  2367: fefefe;
  2368: ffffff;
  2369: fefefe;
  2370: eeeeee;
  2371: ececec;
  2372: ebebeb;
  2373: ececec;
  2374: ededed;
  2375: ececec;
  2376: fefefe;
  2377: fefefe;
  2378: ffffff;
  2379: ffffff;
  2380: ffffff;
  2381: efefef;
  2382: ededed;
  2383: efefef;
  2384: eeeeee;
  2385: efefef;
  2386: f7f7f7;
  2387: ffffff;
  2388: ffffff;
  2389: ffffff;
  2390: ffffff;
  2391: fdfdfd;
  2392: efefef;
  2393: ececec;
  2394: ededed;
  2395: ededed;
  2396: ededed;
  2397: f1f1f1;
  2398: ffffff;
  2399: ffffff;
  2400: ffffff;
  2401: fdfdfd;
  2402: fefefe;
  2403: f6f6f6;
  2404: eeeeee;
  2405: eeeeee;
  2406: eeeeee;
  2407: eeeeee;
  2408: efefef;
  2409: ffffff;
  2410: fefefe;
  2411: fefefe;
  2412: fefefe;
  2413: ffffff;
  2414: ececec;
  2415: eeeeee;
  2416: f0f0f0;
  2417: ededed;
  2418: efefef;
  2419: ededed;
  2420: ffffff;
  2421: fefefe;
  2422: ffffff;
  2423: fefefe;
  2424: ffffff;
  2425: eaeaea;
  2426: ececec;
  2427: eeeeee;
  2428: eeeeee;
  2429: ececec;
  2430: ebebeb;
  2431: ffffff;
  2432: ececec;
  2433: ececec;
  2434: ececec;
  2435: ededed;
  2436: f0f0f0;
  2437: f6f6f6;
  2438: fefefe;
  2439: ffffff;
  2440: ffffff;
  2441: ffffff;
  2442: fbfbfb;
  2443: f1f1f1;
  2444: ededed;
  2445: ececec;
  2446: ededed;
  2447: ededed;
  2448: eeeeee;
  2449: fafafa;
  2450: fdfdfd;
  2451: ffffff;
  2452: ffffff;
  2453: fdfdfd;
  2454: efefef;
  2455: ececec;
  2456: ededed;
  2457: ededed;
  2458: f0f0f0;
  2459: fafafa;
  2460: fefefe;
  2461: ffffff;
  2462: ffffff;
  2463: ffffff;
  2464: fefefe;
  2465: f3f3f3;
  2466: ededed;
  2467: ebebeb;
  2468: ebebeb;
  2469: eeeeee;
  2470: f7f7f7;
  2471: ffffff;
  2472: ffffff;
  2473: ffffff;
  2474: ffffff;
  2475: fbfbfb;
  2476: f2f2f2;
  2477: eeeeee;
  2478: ededed;
  2479: ededed;
  2480: ededed;
  2481: f2f2f2;
  2482: fdfdfd;
  2483: ffffff;
  2484: ffffff;
  2485: fefefe;
  2486: f9f9f9;
  2487: ededed;
  2488: ececec;
  2489: ededed;
  2490: ededed;
  2491: eeeeee;
  2492: f1f1f1;
  2493: fbfbfb;
  2494: ffffff;
  2495: ffffff;
  2496: ffffff;
  2497: fbfbfb;
  2498: f1f1f1;
  2499: eeeeee;
  2500: ededed;
  2501: ededed;
  2502: eeeeee;
  2503: eeeeee;
  2504: ffffff;
  2505: ffffff;
  2506: ffffff;
  2507: fdfdfd;
  2508: fafafa;
  2509: f0f0f0;
  2510: ededed;
  2511: ececec;
  2512: ebebeb;
  2513: ededed;
  2514: f4f4f4;
  2515: fbfbfb;
  2516: ffffff;
  2517: ffffff;
  2518: ffffff;
  2519: fefefe;
  2520: f2f2f2;
  2521: efefef;
  2522: eeeeee;
  2523: ededed;
  2524: eeeeee;
  2525: f2f2f2;
  2526: fbfbfb;
  2527: fefefe;
  2528: ffffff;
  2529: ffffff;
  2530: fdfdfd;
  2531: f7f7f7;
  2532: f1f1f1;
  2533: eeeeee;
  2534: ededed;
  2535: ececec;
  2536: eeeeee;
  2537: fafafa;
  2538: fefefe;
  2539: ffffff;
  2540: ffffff;
  2541: fdfdfd;
  2542: eeeeee;
  2543: ebebeb;
  2544: ededed;
  2545: ececec;
  2546: efefef;
  2547: f0f0f0;
  2548: fcfcfc;
  2549: fefefe;
  2550: ffffff;
  2551: ffffff;
  2552: fefefe;
  2553: eeeeee;
  2554: ececec;
  2555: efefef;
  2556: efefef;
  2557: ececec;
  2558: eeeeee;
  2559: fefefe;
  2560: fcfcfc;
  2561: fcfcfc;
  2562: fcfcfc;
  2563: fbfbfb;
  2564: fafafa;
  2565: f6f6f6;
  2566: f1f1f1;
  2567: efefef;
  2568: efefef;
  2569: efefef;
  2570: f1f1f1;
  2571: f9f9f9;
  2572: fbfbfb;
  2573: fbfbfb;
  2574: fbfbfb;
  2575: fcfcfc;
  2576: fcfcfc;
  2577: f2f2f2;
  2578: f2f2f2;
  2579: f0f0f0;
  2580: f1f1f1;
  2581: f1f1f1;
  2582: fcfcfc;
  2583: fcfcfc;
  2584: fcfcfc;
  2585: fcfcfc;
  2586: fbfbfb;
  2587: f5f5f5;
  2588: f2f2f2;
  2589: f1f1f1;
  2590: f0f0f0;
  2591: efefef;
  2592: f0f0f0;
  2593: f8f8f8;
  2594: fafafa;
  2595: fcfcfc;
  2596: fcfcfc;
  2597: fafafa;
  2598: f4f4f4;
  2599: f0f0f0;
  2600: f0f0f0;
  2601: f1f1f1;
  2602: f2f2f2;
  2603: f3f3f3;
  2604: fafafa;
  2605: fbfbfb;
  2606: fcfcfc;
  2607: fdfdfd;
  2608: fcfcfc;
  2609: f9f9f9;
  2610: f1f1f1;
  2611: efefef;
  2612: f1f1f1;
  2613: f1f1f1;
  2614: f3f3f3;
  2615: fcfcfc;
  2616: fbfbfb;
  2617: fbfbfb;
  2618: fcfcfc;
  2619: fcfcfc;
  2620: fafafa;
  2621: f1f1f1;
  2622: efefef;
  2623: efefef;
  2624: f2f2f2;
  2625: f3f3f3;
  2626: f9f9f9;
  2627: fafafa;
  2628: fafafa;
  2629: fafafa;
  2630: f9f9f9;
  2631: f9f9f9;
  2632: efefef;
  2633: f0f0f0;
  2634: f1f1f1;
  2635: f2f2f2;
  2636: f4f4f4;
  2637: fbfbfb;
  2638: fcfcfc;
  2639: fbfbfb;
  2640: fdfdfd;
  2641: fcfcfc;
  2642: f7f7f7;
  2643: f2f2f2;
  2644: f0f0f0;
  2645: f0f0f0;
  2646: f0f0f0;
  2647: f1f1f1;
  2648: fafafa;
  2649: fbfbfb;
  2650: fafafa;
  2651: fafafa;
  2652: fafafa;
  2653: f8f8f8;
  2654: f2f2f2;
  2655: f1f1f1;
  2656: f0f0f0;
  2657: f0f0f0;
  2658: f1f1f1;
  2659: f5f5f5;
  2660: fafafa;
  2661: fbfbfb;
  2662: fcfcfc;
  2663: fcfcfc;
  2664: fcfcfc;
  2665: f2f2f2;
  2666: f2f2f2;
  2667: f1f1f1;
  2668: f1f1f1;
  2669: f1f1f1;
  2670: fcfcfc;
  2671: fcfcfc;
  2672: fdfdfd;
  2673: fdfdfd;
  2674: fafafa;
  2675: fbfbfb;
  2676: f2f2f2;
  2677: f2f2f2;
  2678: f0f0f0;
  2679: f0f0f0;
  2680: f2f2f2;
  2681: fbfbfb;
  2682: fafafa;
  2683: f9f9f9;
  2684: f9f9f9;
  2685: f9f9f9;
  2686: fbfbfb;
  2687: f2f2f2;
  2688: fefefe;
  2689: fdfdfd;
  2690: ffffff;
  2691: ffffff;
  2692: ffffff;
  2693: fafafa;
  2694: f0f0f0;
  2695: efefef;
  2696: f0f0f0;
  2697: eeeeee;
  2698: efefef;
  2699: ffffff;
  2700: ffffff;
  2701: ffffff;
  2702: fdfdfd;
  2703: fefefe;
  2704: fefefe;
  2705: ebebeb;
  2706: efefef;
  2707: efefef;
  2708: f0f0f0;
  2709: ececec;
  2710: ffffff;
  2711: fdfdfd;
  2712: fdfdfd;
  2713: fefefe;
  2714: fefefe;
  2715: f1f1f1;
  2716: ededed;
  2717: efefef;
  2718: f0f0f0;
  2719: efefef;
  2720: f0f0f0;
  2721: ffffff;
  2722: ffffff;
  2723: fefefe;
  2724: fefefe;
  2725: ffffff;
  2726: f6f6f6;
  2727: efefef;
  2728: f0f0f0;
  2729: efefef;
  2730: efefef;
  2731: efefef;
  2732: fefefe;
  2733: fefefe;
  2734: fefefe;
  2735: fdfdfd;
  2736: fdfdfd;
  2737: fbfbfb;
  2738: eeeeee;
  2739: ededed;
  2740: f1f1f1;
  2741: ededed;
  2742: ededed;
  2743: fefefe;
  2744: fefefe;
  2745: fdfdfd;
  2746: ffffff;
  2747: ffffff;
  2748: ffffff;
  2749: efefef;
  2750: eeeeee;
  2751: f0f0f0;
  2752: ededed;
  2753: efefef;
  2754: fefefe;
  2755: ffffff;
  2756: ffffff;
  2757: ffffff;
  2758: ffffff;
  2759: ffffff;
  2760: efefef;
  2761: f0f0f0;
  2762: eeeeee;
  2763: eeeeee;
  2764: eeeeee;
  2765: fefefe;
  2766: ffffff;
  2767: fdfdfd;
  2768: fefefe;
  2769: fdfdfd;
  2770: f6f6f6;
  2771: eeeeee;
  2772: ececec;
  2773: eeeeee;
  2774: eeeeee;
  2775: f0f0f0;
  2776: fcfcfc;
  2777: ffffff;
  2778: ffffff;
  2779: ffffff;
  2780: ffffff;
  2781: fdfdfd;
  2782: efefef;
  2783: ececec;
  2784: efefef;
  2785: f0f0f0;
  2786: efefef;
  2787: f6f6f6;
  2788: fefefe;
  2789: fefefe;
  2790: fefefe;
  2791: fdfdfd;
  2792: fefefe;
  2793: ebebeb;
  2794: efefef;
  2795: f0f0f0;
  2796: f0f0f0;
  2797: ececec;
  2798: ffffff;
  2799: fdfdfd;
  2800: fdfdfd;
  2801: ffffff;
  2802: fdfdfd;
  2803: ffffff;
  2804: ededed;
  2805: f0f0f0;
  2806: eeeeee;
  2807: f0f0f0;
  2808: ededed;
  2809: ffffff;
  2810: ffffff;
  2811: ffffff;
  2812: ffffff;
  2813: ffffff;
  2814: ffffff;
  2815: ededed;
  2816: ffffff;
  2817: ffffff;
  2818: ffffff;
  2819: fdfdfd;
  2820: fdfdfd;
  2821: f8f8f8;
  2822: ededed;
  2823: eeeeee;
  2824: efefef;
  2825: ededed;
  2826: ececec;
  2827: ffffff;
  2828: fdfdfd;
  2829: ffffff;
  2830: ffffff;
  2831: ffffff;
  2832: ffffff;
  2833: efefef;
  2834: eeeeee;
  2835: ededed;
  2836: eeeeee;
  2837: ebebeb;
  2838: ffffff;
  2839: ffffff;
  2840: ffffff;
  2841: ffffff;
  2842: ffffff;
  2843: f1f1f1;
  2844: ededed;
  2845: eeeeee;
  2846: eeeeee;
  2847: ededed;
  2848: ececec;
  2849: ffffff;
  2850: ffffff;
  2851: ffffff;
  2852: ffffff;
  2853: ffffff;
  2854: f5f5f5;
  2855: ececec;
  2856: eeeeee;
  2857: ededed;
  2858: ededed;
  2859: ececec;
  2860: ffffff;
  2861: ffffff;
  2862: ffffff;
  2863: ffffff;
  2864: ffffff;
  2865: fcfcfc;
  2866: eeeeee;
  2867: ededed;
  2868: eeeeee;
  2869: ededed;
  2870: efefef;
  2871: ffffff;
  2872: ffffff;
  2873: ffffff;
  2874: ffffff;
  2875: fdfdfd;
  2876: ffffff;
  2877: ececec;
  2878: ededed;
  2879: efefef;
  2880: efefef;
  2881: efefef;
  2882: ffffff;
  2883: fefefe;
  2884: fefefe;
  2885: ffffff;
  2886: fefefe;
  2887: ffffff;
  2888: eeeeee;
  2889: eeeeee;
  2890: ededed;
  2891: eeeeee;
  2892: ededed;
  2893: ffffff;
  2894: ffffff;
  2895: ffffff;
  2896: ffffff;
  2897: ffffff;
  2898: f9f9f9;
  2899: f0f0f0;
  2900: eeeeee;
  2901: eeeeee;
  2902: ececec;
  2903: ececec;
  2904: fafafa;
  2905: ffffff;
  2906: fefefe;
  2907: fefefe;
  2908: ffffff;
  2909: ffffff;
  2910: efefef;
  2911: efefef;
  2912: ececec;
  2913: eeeeee;
  2914: ececec;
  2915: f6f6f6;
  2916: ffffff;
  2917: ffffff;
  2918: ffffff;
  2919: ffffff;
  2920: ffffff;
  2921: efefef;
  2922: eeeeee;
  2923: ededed;
  2924: eeeeee;
  2925: ececec;
  2926: ffffff;
  2927: ffffff;
  2928: ffffff;
  2929: ffffff;
  2930: ffffff;
  2931: ffffff;
  2932: ececec;
  2933: ededed;
  2934: ededed;
  2935: eeeeee;
  2936: efefef;
  2937: fefefe;
  2938: fefefe;
  2939: ffffff;
  2940: ffffff;
  2941: fdfdfd;
  2942: fdfdfd;
  2943: efefef;
  2944: ffffff;
  2945: fefefe;
  2946: ffffff;
  2947: ffffff;
  2948: ffffff;
  2949: fafafa;
  2950: eeeeee;
  2951: f0f0f0;
  2952: eeeeee;
  2953: efefef;
  2954: eeeeee;
  2955: ffffff;
  2956: fefefe;
  2957: ffffff;
  2958: ffffff;
  2959: fefefe;
  2960: fdfdfd;
  2961: f0f0f0;
  2962: ededed;
  2963: eeeeee;
  2964: efefef;
  2965: eeeeee;
  2966: ffffff;
  2967: fefefe;
  2968: ffffff;
  2969: fdfdfd;
  2970: fefefe;
  2971: f1f1f1;
  2972: efefef;
  2973: eeeeee;
  2974: eeeeee;
  2975: eeeeee;
  2976: ededed;
  2977: ffffff;
  2978: fdfdfd;
  2979: fefefe;
  2980: ffffff;
  2981: ffffff;
  2982: f6f6f6;
  2983: f0f0f0;
  2984: efefef;
  2985: eeeeee;
  2986: efefef;
  2987: ececec;
  2988: ffffff;
  2989: fefefe;
  2990: ffffff;
  2991: fefefe;
  2992: fefefe;
  2993: f9f9f9;
  2994: efefef;
  2995: f0f0f0;
  2996: ededed;
  2997: eeeeee;
  2998: f0f0f0;
  2999: fdfdfd;
  3000: fefefe;
  3001: ffffff;
  3002: ffffff;
  3003: fdfdfd;
  3004: ffffff;
  3005: eeeeee;
  3006: efefef;
  3007: eeeeee;
  3008: ededed;
  3009: ececec;
  3010: ffffff;
  3011: ffffff;
  3012: ffffff;
  3013: ffffff;
  3014: fefefe;
  3015: ffffff;
  3016: efefef;
  3017: eeeeee;
  3018: ededed;
  3019: f0f0f0;
  3020: ececec;
  3021: ffffff;
  3022: fefefe;
  3023: ffffff;
  3024: ffffff;
  3025: ffffff;
  3026: f8f8f8;
  3027: eeeeee;
  3028: ededed;
  3029: efefef;
  3030: eeeeee;
  3031: efefef;
  3032: fafafa;
  3033: ffffff;
  3034: ffffff;
  3035: ffffff;
  3036: ffffff;
  3037: fefefe;
  3038: ececec;
  3039: eeeeee;
  3040: eeeeee;
  3041: f0f0f0;
  3042: ededed;
  3043: f7f7f7;
  3044: ffffff;
  3045: fdfdfd;
  3046: fefefe;
  3047: ffffff;
  3048: fcfcfc;
  3049: f0f0f0;
  3050: ededed;
  3051: eeeeee;
  3052: f0f0f0;
  3053: efefef;
  3054: ffffff;
  3055: fefefe;
  3056: fefefe;
  3057: fdfdfd;
  3058: ffffff;
  3059: ffffff;
  3060: ededed;
  3061: eeeeee;
  3062: f0f0f0;
  3063: efefef;
  3064: eeeeee;
  3065: fefefe;
  3066: ffffff;
  3067: fefefe;
  3068: fefefe;
  3069: ffffff;
  3070: fdfdfd;
  3071: ededed;
  3072: fefefe;
  3073: ffffff;
  3074: ffffff;
  3075: ffffff;
  3076: ffffff;
  3077: f9f9f9;
  3078: f1f1f1;
  3079: ededed;
  3080: f1f1f1;
  3081: eeeeee;
  3082: efefef;
  3083: fefefe;
  3084: ffffff;
  3085: ffffff;
  3086: fefefe;
  3087: ffffff;
  3088: ffffff;
  3089: eeeeee;
  3090: eeeeee;
  3091: efefef;
  3092: ececec;
  3093: eeeeee;
  3094: fdfdfd;
  3095: ffffff;
  3096: ffffff;
  3097: fefefe;
  3098: fefefe;
  3099: f2f2f2;
  3100: ececec;
  3101: efefef;
  3102: eeeeee;
  3103: f0f0f0;
  3104: eeeeee;
  3105: ffffff;
  3106: fefefe;
  3107: ffffff;
  3108: fbfbfb;
  3109: ffffff;
  3110: f8f8f8;
  3111: ededed;
  3112: efefef;
  3113: ececec;
  3114: ececec;
  3115: f0f0f0;
  3116: fdfdfd;
  3117: ffffff;
  3118: ffffff;
  3119: fefefe;
  3120: ffffff;
  3121: fafafa;
  3122: ededed;
  3123: ededed;
  3124: efefef;
  3125: ededed;
  3126: ededed;
  3127: fefefe;
  3128: fdfdfd;
  3129: ffffff;
  3130: fdfdfd;
  3131: ffffff;
  3132: ffffff;
  3133: eeeeee;
  3134: ededed;
  3135: efefef;
  3136: eeeeee;
  3137: f0f0f0;
  3138: fdfdfd;
  3139: fefefe;
  3140: ffffff;
  3141: fefefe;
  3142: ffffff;
  3143: ffffff;
  3144: f2f2f2;
  3145: ededed;
  3146: f0f0f0;
  3147: ededed;
  3148: ececec;
  3149: ffffff;
  3150: ffffff;
  3151: fefefe;
  3152: fefefe;
  3153: ffffff;
  3154: f7f7f7;
  3155: eeeeee;
  3156: efefef;
  3157: efefef;
  3158: ececec;
  3159: f0f0f0;
  3160: fcfcfc;
  3161: fdfdfd;
  3162: ffffff;
  3163: ffffff;
  3164: fdfdfd;
  3165: ffffff;
  3166: efefef;
  3167: ededed;
  3168: ededed;
  3169: ededed;
  3170: efefef;
  3171: f6f6f6;
  3172: ffffff;
  3173: ffffff;
  3174: fefefe;
  3175: fefefe;
  3176: ffffff;
  3177: eeeeee;
  3178: eeeeee;
  3179: efefef;
  3180: ededed;
  3181: efefef;
  3182: fefefe;
  3183: ffffff;
  3184: fefefe;
  3185: ffffff;
  3186: ffffff;
  3187: fefefe;
  3188: f0f0f0;
  3189: ededed;
  3190: ececec;
  3191: efefef;
  3192: eeeeee;
  3193: ffffff;
  3194: ffffff;
  3195: fefefe;
  3196: fefefe;
  3197: ffffff;
  3198: fefefe;
  3199: ededed;
  3200: ffffff;
  3201: ffffff;
  3202: ffffff;
  3203: fefefe;
  3204: ffffff;
  3205: f7f7f7;
  3206: eeeeee;
  3207: ededed;
  3208: ebebeb;
  3209: ececec;
  3210: ededed;
  3211: ffffff;
  3212: ffffff;
  3213: ffffff;
  3214: ffffff;
  3215: fefefe;
  3216: fefefe;
  3217: eeeeee;
  3218: ededed;
  3219: ebebeb;
  3220: ededed;
  3221: eeeeee;
  3222: fdfdfd;
  3223: ffffff;
  3224: ffffff;
  3225: ffffff;
  3226: ffffff;
  3227: f2f2f2;
  3228: ededed;
  3229: ededed;
  3230: ececec;
  3231: ececec;
  3232: ededed;
  3233: ffffff;
  3234: fefefe;
  3235: ffffff;
  3236: fefefe;
  3237: ffffff;
  3238: f6f6f6;
  3239: ededed;
  3240: efefef;
  3241: eeeeee;
  3242: eeeeee;
  3243: efefef;
  3244: fefefe;
  3245: ffffff;
  3246: ffffff;
  3247: fefefe;
  3248: ffffff;
  3249: fdfdfd;
  3250: ededed;
  3251: ededed;
  3252: eeeeee;
  3253: efefef;
  3254: eeeeee;
  3255: ffffff;
  3256: ffffff;
  3257: ffffff;
  3258: fefefe;
  3259: fefefe;
  3260: ffffff;
  3261: ededed;
  3262: ececec;
  3263: ececec;
  3264: eeeeee;
  3265: eeeeee;
  3266: fefefe;
  3267: fefefe;
  3268: ffffff;
  3269: ffffff;
  3270: ffffff;
  3271: ffffff;
  3272: ececec;
  3273: eaeaea;
  3274: efefef;
  3275: f1f1f1;
  3276: efefef;
  3277: ffffff;
  3278: ffffff;
  3279: fdfdfd;
  3280: ffffff;
  3281: ffffff;
  3282: f9f9f9;
  3283: f0f0f0;
  3284: f0f0f0;
  3285: efefef;
  3286: ececec;
  3287: eeeeee;
  3288: fbfbfb;
  3289: fefefe;
  3290: ffffff;
  3291: fefefe;
  3292: fdfdfd;
  3293: ffffff;
  3294: efefef;
  3295: eeeeee;
  3296: efefef;
  3297: efefef;
  3298: f0f0f0;
  3299: f7f7f7;
  3300: ffffff;
  3301: ffffff;
  3302: fefefe;
  3303: ffffff;
  3304: fefefe;
  3305: eeeeee;
  3306: ededed;
  3307: ececec;
  3308: eeeeee;
  3309: efefef;
  3310: fefefe;
  3311: ffffff;
  3312: fefefe;
  3313: ffffff;
  3314: ffffff;
  3315: fefefe;
  3316: efefef;
  3317: efefef;
  3318: eeeeee;
  3319: f0f0f0;
  3320: eeeeee;
  3321: ffffff;
  3322: ffffff;
  3323: ffffff;
  3324: ffffff;
  3325: ffffff;
  3326: ffffff;
  3327: ededed;
  3328: fcfcfc;
  3329: ffffff;
  3330: ffffff;
  3331: ffffff;
  3332: ffffff;
  3333: f9f9f9;
  3334: efefef;
  3335: efefef;
  3336: efefef;
  3337: f2f2f2;
  3338: eeeeee;
  3339: ffffff;
  3340: fefefe;
  3341: fefefe;
  3342: ffffff;
  3343: ffffff;
  3344: fefefe;
  3345: efefef;
  3346: f0f0f0;
  3347: ededed;
  3348: f0f0f0;
  3349: efefef;
  3350: fdfdfd;
  3351: ffffff;
  3352: fefefe;
  3353: fefefe;
  3354: ffffff;
  3355: f1f1f1;
  3356: efefef;
  3357: efefef;
  3358: f0f0f0;
  3359: ededed;
  3360: f0f0f0;
  3361: ffffff;
  3362: fefefe;
  3363: ffffff;
  3364: fefefe;
  3365: ffffff;
  3366: f6f6f6;
  3367: f0f0f0;
  3368: eeeeee;
  3369: ededed;
  3370: efefef;
  3371: eeeeee;
  3372: ffffff;
  3373: fefefe;
  3374: ffffff;
  3375: ffffff;
  3376: fbfbfb;
  3377: fcfcfc;
  3378: ededed;
  3379: eeeeee;
  3380: eeeeee;
  3381: efefef;
  3382: ececec;
  3383: fefefe;
  3384: ffffff;
  3385: ffffff;
  3386: ffffff;
  3387: fdfdfd;
  3388: ffffff;
  3389: efefef;
  3390: f0f0f0;
  3391: f0f0f0;
  3392: ededed;
  3393: ececec;
  3394: ffffff;
  3395: ffffff;
  3396: ffffff;
  3397: fdfdfd;
  3398: fdfdfd;
  3399: fbfbfb;
  3400: f1f1f1;
  3401: efefef;
  3402: eeeeee;
  3403: efefef;
  3404: ebebeb;
  3405: ffffff;
  3406: ffffff;
  3407: ffffff;
  3408: fdfdfd;
  3409: ffffff;
  3410: f6f6f6;
  3411: ebebeb;
  3412: ececec;
  3413: eeeeee;
  3414: eeeeee;
  3415: f0f0f0;
  3416: fbfbfb;
  3417: ffffff;
  3418: ffffff;
  3419: ffffff;
  3420: ffffff;
  3421: ffffff;
  3422: ececec;
  3423: ececec;
  3424: eeeeee;
  3425: ececec;
  3426: eeeeee;
  3427: f6f6f6;
  3428: ffffff;
  3429: ffffff;
  3430: ffffff;
  3431: ffffff;
  3432: fefefe;
  3433: efefef;
  3434: f0f0f0;
  3435: ededed;
  3436: f1f1f1;
  3437: f0f0f0;
  3438: fdfdfd;
  3439: ffffff;
  3440: ffffff;
  3441: ffffff;
  3442: fefefe;
  3443: ffffff;
  3444: eeeeee;
  3445: efefef;
  3446: eeeeee;
  3447: eeeeee;
  3448: ececec;
  3449: ffffff;
  3450: ffffff;
  3451: fcfcfc;
  3452: fcfcfc;
  3453: ffffff;
  3454: ffffff;
  3455: ebebeb;
  3456: ffffff;
  3457: ffffff;
  3458: fcfcfc;
  3459: fcfcfc;
  3460: fefefe;
  3461: f5f5f5;
  3462: ececec;
  3463: eeeeee;
  3464: ececec;
  3465: eeeeee;
  3466: e9e9e9;
  3467: ffffff;
  3468: fdfdfd;
  3469: fefefe;
  3470: ffffff;
  3471: ffffff;
  3472: ffffff;
  3473: eeeeee;
  3474: efefef;
  3475: ececec;
  3476: eeeeee;
  3477: ededed;
  3478: fefefe;
  3479: ffffff;
  3480: ffffff;
  3481: ffffff;
  3482: ffffff;
  3483: f1f1f1;
  3484: efefef;
  3485: ececec;
  3486: eeeeee;
  3487: ebebeb;
  3488: ececec;
  3489: fefefe;
  3490: ffffff;
  3491: ffffff;
  3492: ffffff;
  3493: ffffff;
  3494: f3f3f3;
  3495: ececec;
  3496: eeeeee;
  3497: ededed;
  3498: eeeeee;
  3499: ededed;
  3500: ffffff;
  3501: ffffff;
  3502: ffffff;
  3503: ffffff;
  3504: ffffff;
  3505: fefefe;
  3506: ededed;
  3507: efefef;
  3508: ededed;
  3509: eeeeee;
  3510: ededed;
  3511: ffffff;
  3512: ffffff;
  3513: fefefe;
  3514: ffffff;
  3515: fefefe;
  3516: ffffff;
  3517: ececec;
  3518: ececec;
  3519: ececec;
  3520: efefef;
  3521: ececec;
  3522: ffffff;
  3523: fefefe;
  3524: ffffff;
  3525: fefefe;
  3526: ffffff;
  3527: ffffff;
  3528: ebebeb;
  3529: eeeeee;
  3530: ededed;
  3531: f0f0f0;
  3532: ededed;
  3533: ffffff;
  3534: ffffff;
  3535: ffffff;
  3536: fefefe;
  3537: ffffff;
  3538: fafafa;
  3539: f1f1f1;
  3540: efefef;
  3541: efefef;
  3542: ededed;
  3543: ebebeb;
  3544: f9f9f9;
  3545: ffffff;
  3546: fbfbfb;
  3547: fefefe;
  3548: fcfcfc;
  3549: ffffff;
  3550: eeeeee;
  3551: f0f0f0;
  3552: eeeeee;
  3553: ececec;
  3554: ededed;
  3555: f6f6f6;
  3556: ffffff;
  3557: ffffff;
  3558: fefefe;
  3559: ffffff;
  3560: ffffff;
  3561: eeeeee;
  3562: efefef;
  3563: ededed;
  3564: eeeeee;
  3565: ededed;
  3566: ffffff;
  3567: ffffff;
  3568: ffffff;
  3569: ffffff;
  3570: ffffff;
  3571: ffffff;
  3572: ededed;
  3573: eeeeee;
  3574: ededed;
  3575: eeeeee;
  3576: efefef;
  3577: fefefe;
  3578: fefefe;
  3579: ffffff;
  3580: ffffff;
  3581: fefefe;
  3582: fefefe;
  3583: efefef;
  3584: fefefe;
  3585: ffffff;
  3586: fefefe;
  3587: ffffff;
  3588: ffffff;
  3589: f9f9f9;
  3590: eeeeee;
  3591: eeeeee;
  3592: ededed;
  3593: eeeeee;
  3594: ededed;
  3595: ffffff;
  3596: ffffff;
  3597: ffffff;
  3598: fefefe;
  3599: fefefe;
  3600: fefefe;
  3601: e9e9e9;
  3602: eeeeee;
  3603: f0f0f0;
  3604: eeeeee;
  3605: ededed;
  3606: fefefe;
  3607: fefefe;
  3608: fefefe;
  3609: fefefe;
  3610: fcfcfc;
  3611: f1f1f1;
  3612: eeeeee;
  3613: ebebeb;
  3614: efefef;
  3615: ededed;
  3616: f1f1f1;
  3617: fefefe;
  3618: ffffff;
  3619: fefefe;
  3620: ffffff;
  3621: ffffff;
  3622: f6f6f6;
  3623: f0f0f0;
  3624: f0f0f0;
  3625: efefef;
  3626: efefef;
  3627: eeeeee;
  3628: ffffff;
  3629: fefefe;
  3630: fefefe;
  3631: fdfdfd;
  3632: ffffff;
  3633: fafafa;
  3634: ededed;
  3635: f1f1f1;
  3636: eeeeee;
  3637: ededed;
  3638: ededed;
  3639: fefefe;
  3640: ffffff;
  3641: fcfcfc;
  3642: ffffff;
  3643: ffffff;
  3644: ffffff;
  3645: eeeeee;
  3646: eeeeee;
  3647: efefef;
  3648: ededed;
  3649: ededed;
  3650: ffffff;
  3651: ffffff;
  3652: ffffff;
  3653: fdfdfd;
  3654: fdfdfd;
  3655: fcfcfc;
  3656: ececec;
  3657: f0f0f0;
  3658: ededed;
  3659: ededed;
  3660: ededed;
  3661: ffffff;
  3662: ffffff;
  3663: fdfdfd;
  3664: ffffff;
  3665: fefefe;
  3666: f7f7f7;
  3667: eeeeee;
  3668: ebebeb;
  3669: eeeeee;
  3670: efefef;
  3671: efefef;
  3672: fcfcfc;
  3673: ffffff;
  3674: ffffff;
  3675: ffffff;
  3676: ffffff;
  3677: fdfdfd;
  3678: ededed;
  3679: ececec;
  3680: f1f1f1;
  3681: efefef;
  3682: f0f0f0;
  3683: f7f7f7;
  3684: ffffff;
  3685: ffffff;
  3686: fdfdfd;
  3687: fefefe;
  3688: fefefe;
  3689: e9e9e9;
  3690: eeeeee;
  3691: f0f0f0;
  3692: eeeeee;
  3693: eeeeee;
  3694: ffffff;
  3695: fefefe;
  3696: fdfdfd;
  3697: fefefe;
  3698: fefefe;
  3699: ffffff;
  3700: eeeeee;
  3701: efefef;
  3702: efefef;
  3703: f0f0f0;
  3704: eeeeee;
  3705: ffffff;
  3706: ffffff;
  3707: fcfcfc;
  3708: fcfcfc;
  3709: ffffff;
  3710: ffffff;
  3711: eeeeee;
  3712: ffffff;
  3713: ffffff;
  3714: ffffff;
  3715: ffffff;
  3716: fdfdfd;
  3717: f7f7f7;
  3718: eeeeee;
  3719: ebebeb;
  3720: efefef;
  3721: eeeeee;
  3722: f0f0f0;
  3723: fcfcfc;
  3724: fefefe;
  3725: fefefe;
  3726: ffffff;
  3727: ffffff;
  3728: ffffff;
  3729: f2f2f2;
  3730: f0f0f0;
  3731: f0f0f0;
  3732: ececec;
  3733: efefef;
  3734: fdfdfd;
  3735: ffffff;
  3736: ffffff;
  3737: ffffff;
  3738: fafafa;
  3739: f6f6f6;
  3740: f1f1f1;
  3741: ededed;
  3742: eeeeee;
  3743: eeeeee;
  3744: f0f0f0;
  3745: f8f8f8;
  3746: ffffff;
  3747: ffffff;
  3748: ffffff;
  3749: ffffff;
  3750: f5f5f5;
  3751: efefef;
  3752: ececec;
  3753: ececec;
  3754: eeeeee;
  3755: f1f1f1;
  3756: fcfcfc;
  3757: ffffff;
  3758: ffffff;
  3759: ffffff;
  3760: ffffff;
  3761: f8f8f8;
  3762: efefef;
  3763: eeeeee;
  3764: ececec;
  3765: eeeeee;
  3766: f3f3f3;
  3767: fefefe;
  3768: ffffff;
  3769: fefefe;
  3770: ffffff;
  3771: fefefe;
  3772: fbfbfb;
  3773: f0f0f0;
  3774: eeeeee;
  3775: efefef;
  3776: ededed;
  3777: f0f0f0;
  3778: fcfcfc;
  3779: ffffff;
  3780: ffffff;
  3781: ffffff;
  3782: ffffff;
  3783: ffffff;
  3784: eeeeee;
  3785: f1f1f1;
  3786: eeeeee;
  3787: eeeeee;
  3788: f1f1f1;
  3789: fcfcfc;
  3790: ffffff;
  3791: ffffff;
  3792: ffffff;
  3793: fefefe;
  3794: f8f8f8;
  3795: f1f1f1;
  3796: ededed;
  3797: ededed;
  3798: eeeeee;
  3799: eeeeee;
  3800: fafafa;
  3801: fefefe;
  3802: ffffff;
  3803: ffffff;
  3804: fcfcfc;
  3805: f9f9f9;
  3806: f1f1f1;
  3807: efefef;
  3808: ececec;
  3809: eeeeee;
  3810: efefef;
  3811: f4f4f4;
  3812: fcfcfc;
  3813: ffffff;
  3814: ffffff;
  3815: ffffff;
  3816: ffffff;
  3817: f1f1f1;
  3818: f0f0f0;
  3819: f0f0f0;
  3820: ececec;
  3821: f0f0f0;
  3822: fdfdfd;
  3823: ffffff;
  3824: ffffff;
  3825: ffffff;
  3826: ffffff;
  3827: fcfcfc;
  3828: f1f1f1;
  3829: eeeeee;
  3830: ececec;
  3831: ececec;
  3832: efefef;
  3833: fcfcfc;
  3834: ffffff;
  3835: ffffff;
  3836: ffffff;
  3837: ffffff;
  3838: fcfcfc;
  3839: efefef;
  3840: efefef;
  3841: ececec;
  3842: ececec;
  3843: ececec;
  3844: ededed;
  3845: f5f5f5;
  3846: fefefe;
  3847: ffffff;
  3848: ffffff;
  3849: fcfcfc;
  3850: fcfcfc;
  3851: f2f2f2;
  3852: ededed;
  3853: eeeeee;
  3854: eeeeee;
  3855: ededed;
  3856: eeeeee;
  3857: fafafa;
  3858: fefefe;
  3859: ffffff;
  3860: ffffff;
  3861: fbfbfb;
  3862: f0f0f0;
  3863: ededed;
  3864: ededed;
  3865: f1f1f1;
  3866: efefef;
  3867: fbfbfb;
  3868: fbfbfb;
  3869: fefefe;
  3870: ffffff;
  3871: ffffff;
  3872: fefefe;
  3873: f1f1f1;
  3874: efefef;
  3875: ececec;
  3876: ebebeb;
  3877: efefef;
  3878: f6f6f6;
  3879: fefefe;
  3880: ffffff;
  3881: ffffff;
  3882: fefefe;
  3883: fcfcfc;
  3884: f1f1f1;
  3885: efefef;
  3886: ededed;
  3887: ebebeb;
  3888: efefef;
  3889: f2f2f2;
  3890: fdfdfd;
  3891: ffffff;
  3892: ffffff;
  3893: fdfdfd;
  3894: f9f9f9;
  3895: efefef;
  3896: ececec;
  3897: ededed;
  3898: eeeeee;
  3899: f0f0f0;
  3900: f1f1f1;
  3901: fbfbfb;
  3902: fefefe;
  3903: fefefe;
  3904: ffffff;
  3905: fefefe;
  3906: f0f0f0;
  3907: ededed;
  3908: ebebeb;
  3909: ebebeb;
  3910: ececec;
  3911: eeeeee;
  3912: ffffff;
  3913: fefefe;
  3914: ffffff;
  3915: fefefe;
  3916: fcfcfc;
  3917: f1f1f1;
  3918: ededed;
  3919: ececec;
  3920: ececec;
  3921: eeeeee;
  3922: f6f6f6;
  3923: fefefe;
  3924: ffffff;
  3925: ffffff;
  3926: ffffff;
  3927: fdfdfd;
  3928: f2f2f2;
  3929: eeeeee;
  3930: eeeeee;
  3931: ececec;
  3932: ededed;
  3933: f1f1f1;
  3934: fdfdfd;
  3935: ffffff;
  3936: ffffff;
  3937: ffffff;
  3938: fefefe;
  3939: f6f6f6;
  3940: f1f1f1;
  3941: eeeeee;
  3942: ebebeb;
  3943: ebebeb;
  3944: eeeeee;
  3945: fafafa;
  3946: fefefe;
  3947: ffffff;
  3948: ffffff;
  3949: fcfcfc;
  3950: f1f1f1;
  3951: ededed;
  3952: ebebeb;
  3953: ededed;
  3954: efefef;
  3955: f1f1f1;
  3956: fbfbfb;
  3957: fefefe;
  3958: ffffff;
  3959: ffffff;
  3960: ffffff;
  3961: ededed;
  3962: ebebeb;
  3963: eeeeee;
  3964: eeeeee;
  3965: ebebeb;
  3966: ededed;
  3967: ffffff;
  3968: ededed;
  3969: ececec;
  3970: efefef;
  3971: efefef;
  3972: ededed;
  3973: f5f5f5;
  3974: ffffff;
  3975: fefefe;
  3976: ffffff;
  3977: fefefe;
  3978: ffffff;
  3979: eeeeee;
  3980: eaeaea;
  3981: efefef;
  3982: f0f0f0;
  3983: ececec;
  3984: eaeaea;
  3985: ffffff;
  3986: ffffff;
  3987: fcfcfc;
  3988: ffffff;
  3989: ffffff;
  3990: ededed;
  3991: eeeeee;
  3992: ececec;
  3993: f0f0f0;
  3994: ededed;
  3995: ffffff;
  3996: ffffff;
  3997: ffffff;
  3998: fefefe;
  3999: ffffff;
  4000: ffffff;
  4001: ededed;
  4002: ececec;
  4003: efefef;
  4004: ededed;
  4005: eeeeee;
  4006: f6f6f6;
  4007: ffffff;
  4008: fefefe;
  4009: ffffff;
  4010: ffffff;
  4011: ffffff;
  4012: eeeeee;
  4013: ededed;
  4014: eeeeee;
  4015: efefef;
  4016: ececee;
  4017: f0f0f2;
  4018: feffff;
  4019: fdfffe;
  4020: ffffff;
  4021: fffffd;
  4022: fffffd;
  4023: ededeb;
  4024: eeeeec;
  4025: f1f1f1;
  4026: ededed;
  4027: ebebeb;
  4028: eaeceb;
  4029: feffff;
  4030: fefffd;
  4031: fffffd;
  4032: fefefe;
  4033: ffffff;
  4034: ececee;
  4035: eeeeee;
  4036: eef0ef;
  4037: eff1f0;
  4038: eeeeee;
  4039: ededed;
  4040: feffff;
  4041: fcfefd;
  4042: ffffff;
  4043: ffffff;
  4044: feffff;
  4045: ededeb;
  4046: eceaeb;
  4047: f1eff0;
  4048: eeeeee;
  4049: eeeeee;
  4050: f5f5f5;
  4051: fdfdfd;
  4052: ffffff;
  4053: ffffff;
  4054: fffeff;
  4055: fffeff;
  4056: f2f0f3;
  4057: edebee;
  4058: efeff1;
  4059: ededef;
  4060: eeeeee;
  4061: f0f0ee;
  4062: fffffd;
  4063: ffffff;
  4064: fdfdfd;
  4065: ffffff;
  4066: fefefe;
  4067: f4f4f4;
  4068: eeeeee;
  4069: ededed;
  4070: eeeeee;
  4071: efefef;
  4072: eaeaea;
  4073: ffffff;
  4074: ffffff;
  4075: fcfcfc;
  4076: ffffff;
  4077: ffffff;
  4078: ededed;
  4079: eeeeee;
  4080: efefef;
  4081: eeeeee;
  4082: ededed;
  4083: eeeeee;
  4084: ffffff;
  4085: ffffff;
  4086: ffffff;
  4087: fefefe;
  4088: fefefe;
  4089: ededed;
  4090: f0f0f0;
  4091: eeeeee;
  4092: eeeeee;
  4093: f0f0f0;
  4094: eeeeee;
  4095: fefefe;
  4096: eeeeee;
  4097: eeeeee;
  4098: eeeeee;
  4099: efefef;
  4100: eeeeee;
  4101: f4f4f4;
  4102: ffffff;
  4103: ffffff;
  4104: ffffff;
  4105: ffffff;
  4106: ffffff;
  4107: eeeeee;
  4108: efefef;
  4109: ededed;
  4110: efefef;
  4111: eeeeee;
  4112: eeeeee;
  4113: ffffff;
  4114: ffffff;
  4115: ffffff;
  4116: ffffff;
  4117: ffffff;
  4118: ededed;
  4119: eeeeee;
  4120: efefef;
  4121: eeeeee;
  4122: eeeeee;
  4123: ffffff;
  4124: fefefe;
  4125: ffffff;
  4126: fefefe;
  4127: ffffff;
  4128: ffffff;
  4129: eeeeee;
  4130: ededed;
  4131: eeeeee;
  4132: eeeeee;
  4133: eeeeee;
  4134: f6f6f6;
  4135: ffffff;
  4136: ffffff;
  4137: ffffff;
  4138: ffffff;
  4139: ffffff;
  4140: eeeeee;
  4141: eeeeee;
  4142: eeeeee;
  4143: eeeef0;
  4144: efecf3;
  4145: f1f0f6;
  4146: fcffff;
  4147: fbffff;
  4148: fefffd;
  4149: fffffb;
  4150: fffffa;
  4151: eeefe9;
  4152: edefea;
  4153: eef0ed;
  4154: eeeced;
  4155: eeeeee;
  4156: e9efed;
  4157: f9fffd;
  4158: fcfffb;
  4159: fefffb;
  4160: fffffd;
  4161: ffffff;
  4162: edeef2;
  4163: ecedef;
  4164: ebefee;
  4165: ebf0ec;
  4166: edefec;
  4167: edefec;
  4168: fbffff;
  4169: fcffff;
  4170: feffff;
  4171: feffff;
  4172: fcfffd;
  4173: eceee9;
  4174: f3eded;
  4175: f2ecee;
  4176: efedf0;
  4177: eeeff1;
  4178: f6f8f5;
  4179: fefffd;
  4180: ffffff;
  4181: fffdff;
  4182: fffdff;
  4183: fffdff;
  4184: f4eff5;
  4185: f1ecf3;
  4186: f0edf4;
  4187: eeedf2;
  4188: edefec;
  4189: f0f2ed;
  4190: fffffb;
  4191: fffffd;
  4192: ffffff;
  4193: ffffff;
  4194: ffffff;
  4195: f7f7f7;
  4196: eeeeee;
  4197: eeeeee;
  4198: eeeeee;
  4199: efefef;
  4200: ededed;
  4201: ffffff;
  4202: ffffff;
  4203: ffffff;
  4204: ffffff;
  4205: ffffff;
  4206: ededed;
  4207: eeeeee;
  4208: efefef;
  4209: eeeeee;
  4210: eeeeee;
  4211: eeeeee;
  4212: ffffff;
  4213: ffffff;
  4214: ffffff;
  4215: ffffff;
  4216: ffffff;
  4217: eeeeee;
  4218: eeeeee;
  4219: eeeeee;
  4220: eeeeee;
  4221: eeeeee;
  4222: eeeeee;
  4223: ffffff;
  4224: eeeeee;
  4225: eeeeee;
  4226: eeeeee;
  4227: efefef;
  4228: eeeeee;
  4229: f4f4f4;
  4230: ffffff;
  4231: ffffff;
  4232: ffffff;
  4233: ffffff;
  4234: ffffff;
  4235: eeeeee;
  4236: efefef;
  4237: ededed;
  4238: efefef;
  4239: eeeeee;
  4240: eeeeee;
  4241: ffffff;
  4242: ffffff;
  4243: ffffff;
  4244: ffffff;
  4245: ffffff;
  4246: ededed;
  4247: eeeeee;
  4248: eeeeee;
  4249: eeeeee;
  4250: eeeeee;
  4251: ffffff;
  4252: fefefe;
  4253: ffffff;
  4254: fefefe;
  4255: ffffff;
  4256: ffffff;
  4257: eeeeee;
  4258: ededed;
  4259: eeeeee;
  4260: eeeeee;
  4261: eeeeee;
  4262: f6f6f6;
  4263: ffffff;
  4264: ffffff;
  4265: ffffff;
  4266: ffffff;
  4267: ffffff;
  4268: eeeeee;
  4269: eeeeee;
  4270: eeeeee;
  4271: eeeef0;
  4272: efedf2;
  4273: f1f0f6;
  4274: fcffff;
  4275: fbffff;
  4276: fffffd;
  4277: fffefb;
  4278: fffffa;
  4279: eeefe9;
  4280: eaefe9;
  4281: ecf1ed;
  4282: eeecef;
  4283: eeeef0;
  4284: ebefee;
  4285: fcfffd;
  4286: fefffb;
  4287: fffffb;
  4288: ffffff;
  4289: fefeff;
  4290: eeedf2;
  4291: edeef2;
  4292: ecf0ef;
  4293: ebf0ec;
  4294: eeeeec;
  4295: ededeb;
  4296: feffff;
  4297: feffff;
  4298: fffeff;
  4299: ffffff;
  4300: fefffd;
  4301: eceee9;
  4302: f2eeed;
  4303: f2ecee;
  4304: efedf0;
  4305: efefef;
  4306: f6f8f5;
  4307: fefffd;
  4308: feffff;
  4309: ffffff;
  4310: fffeff;
  4311: fffdff;
  4312: f4eff5;
  4313: efecf3;
  4314: eeeff4;
  4315: ebeff2;
  4316: edefec;
  4317: f0f2ed;
  4318: fffefb;
  4319: fffefd;
  4320: fffeff;
  4321: ffffff;
  4322: ffffff;
  4323: f6f6f6;
  4324: eeeeee;
  4325: eeeeee;
  4326: eeeeee;
  4327: efefef;
  4328: ededed;
  4329: ffffff;
  4330: ffffff;
  4331: ffffff;
  4332: ffffff;
  4333: ffffff;
  4334: ededed;
  4335: eeeeee;
  4336: efefef;
  4337: eeeeee;
  4338: eeeeee;
  4339: eeeeee;
  4340: ffffff;
  4341: ffffff;
  4342: ffffff;
  4343: ffffff;
  4344: ffffff;
  4345: eeeeee;
  4346: eeeeee;
  4347: eeeeee;
  4348: eeeeee;
  4349: eeeeee;
  4350: eeeeee;
  4351: ffffff;
  4352: eeeeee;
  4353: eeeeee;
  4354: eeeeee;
  4355: efefef;
  4356: eeeeee;
  4357: f4f4f4;
  4358: ffffff;
  4359: ffffff;
  4360: ffffff;
  4361: ffffff;
  4362: ffffff;
  4363: eeeeee;
  4364: efefef;
  4365: ededed;
  4366: efefef;
  4367: eeeeee;
  4368: eeeeee;
  4369: ffffff;
  4370: ffffff;
  4371: ffffff;
  4372: ffffff;
  4373: ffffff;
  4374: ededed;
  4375: eeeeee;
  4376: eeeeee;
  4377: eeeeee;
  4378: eeeeee;
  4379: ffffff;
  4380: fefefe;
  4381: ffffff;
  4382: fefefe;
  4383: ffffff;
  4384: fefefe;
  4385: eeeeee;
  4386: ededed;
  4387: eeeeee;
  4388: eeeeee;
  4389: ededed;
  4390: f6f6f6;
  4391: ffffff;
  4392: ffffff;
  4393: ffffff;
  4394: ffffff;
  4395: ffffff;
  4396: eeeeee;
  4397: eeeeee;
  4398: eeeeee;
  4399: eeeeee;
  4400: efeeec;
  4401: f1f1ef;
  4402: feffff;
  4403: fefefe;
  4404: fffbff;
  4405: fffcfd;
  4406: fffffd;
  4407: edefec;
  4408: eceeed;
  4409: eeeff1;
  4410: ededef;
  4411: efedf2;
  4412: f0ebf1;
  4413: fffdff;
  4414: fffeff;
  4415: fffeff;
  4416: fffdff;
  4417: fffdff;
  4418: f1ecf2;
  4419: efedf2;
  4420: eeeef0;
  4421: eeeeec;
  4422: eeedeb;
  4423: f0eced;
  4424: fffcff;
  4425: fffcff;
  4426: fffdff;
  4427: fffdff;
  4428: fffeff;
  4429: edecea;
  4430: eeeeee;
  4431: eeeeee;
  4432: eeedeb;
  4433: efeeec;
  4434: f7f6f4;
  4435: fffffb;
  4436: fbfffa;
  4437: fafff9;
  4438: fffffb;
  4439: fffffd;
  4440: f1f1f3;
  4441: ebeff2;
  4442: e8f1f0;
  4443: e8f1ee;
  4444: edefea;
  4445: f1f2ed;
  4446: fffdff;
  4447: fffdff;
  4448: fffeff;
  4449: ffffff;
  4450: ffffff;
  4451: f6f6f6;
  4452: eeeeee;
  4453: eeeeee;
  4454: eeeeee;
  4455: eeeeee;
  4456: ededed;
  4457: ffffff;
  4458: ffffff;
  4459: ffffff;
  4460: ffffff;
  4461: ffffff;
  4462: ededed;
  4463: eeeeee;
  4464: eeeeee;
  4465: eeeeee;
  4466: eeeeee;
  4467: eeeeee;
  4468: ffffff;
  4469: ffffff;
  4470: ffffff;
  4471: ffffff;
  4472: ffffff;
  4473: ededed;
  4474: ededed;
  4475: eeeeee;
  4476: eeeeee;
  4477: eeeeee;
  4478: eeeeee;
  4479: ffffff;
  4480: eeeeee;
  4481: eeeeee;
  4482: eeeeee;
  4483: efefef;
  4484: eeeeee;
  4485: f4f4f4;
  4486: ffffff;
  4487: ffffff;
  4488: ffffff;
  4489: ffffff;
  4490: ffffff;
  4491: eeeeee;
  4492: eeeeee;
  4493: ededed;
  4494: efefef;
  4495: ededed;
  4496: eeeeee;
  4497: ffffff;
  4498: ffffff;
  4499: ffffff;
  4500: ffffff;
  4501: ffffff;
  4502: ededed;
  4503: eeeeee;
  4504: eeeeee;
  4505: eeeeee;
  4506: eeeeee;
  4507: ffffff;
  4508: fefefe;
  4509: ffffff;
  4510: fefefe;
  4511: ffffff;
  4512: fefefe;
  4513: eeeeee;
  4514: ededed;
  4515: eeeeee;
  4516: eeeeee;
  4517: ededed;
  4518: f6f6f6;
  4519: ffffff;
  4520: ffffff;
  4521: ffffff;
  4522: ffffff;
  4523: ffffff;
  4524: eeeeee;
  4525: eeeeee;
  4526: eeeeee;
  4527: eeeeec;
  4528: eeefea;
  4529: f1f2ed;
  4530: fffffd;
  4531: fffdfe;
  4532: fffbff;
  4533: fffcff;
  4534: fffeff;
  4535: edeef0;
  4536: edeef0;
  4537: eeeff1;
  4538: ededef;
  4539: efedf0;
  4540: f3e9f1;
  4541: fffbff;
  4542: fffdff;
  4543: fffeff;
  4544: fffeff;
  4545: fffdff;
  4546: f1ecf2;
  4547: f0ebf1;
  4548: efedf0;
  4549: efedee;
  4550: f0eceb;
  4551: f1ebed;
  4552: fffaff;
  4553: fffaff;
  4554: fffbff;
  4555: fffcff;
  4556: fffeff;
  4557: edecea;
  4558: ebeff0;
  4559: ebeff0;
  4560: ededed;
  4561: efedee;
  4562: f7f5f8;
  4563: fefefc;
  4564: fbfffa;
  4565: fafff7;
  4566: fffef9;
  4567: fffdfc;
  4568: f0f1f3;
  4569: eaf0f0;
  4570: e7f2ec;
  4571: e7f1e9;
  4572: edefea;
  4573: f2f1ef;
  4574: fffdff;
  4575: fffdff;
  4576: fffeff;
  4577: ffffff;
  4578: ffffff;
  4579: f6f6f6;
  4580: eeeeee;
  4581: eeeeee;
  4582: eeeeee;
  4583: eeeeee;
  4584: ededed;
  4585: ffffff;
  4586: ffffff;
  4587: ffffff;
  4588: ffffff;
  4589: ffffff;
  4590: ededed;
  4591: eeeeee;
  4592: eeeeee;
  4593: eeeeee;
  4594: eeeeee;
  4595: ededed;
  4596: ffffff;
  4597: ffffff;
  4598: ffffff;
  4599: ffffff;
  4600: ffffff;
  4601: ededed;
  4602: ededed;
  4603: eeeeee;
  4604: eeeeee;
  4605: eeeeee;
  4606: eeeeee;
  4607: ffffff;
  4608: eeeeee;
  4609: eeeeee;
  4610: eeeeee;
  4611: efefef;
  4612: ededed;
  4613: f4f4f4;
  4614: ffffff;
  4615: ffffff;
  4616: ffffff;
  4617: ffffff;
  4618: ffffff;
  4619: eeeeee;
  4620: eeeeee;
  4621: ededed;
  4622: efefef;
  4623: ededed;
  4624: eeeeee;
  4625: ffffff;
  4626: ffffff;
  4627: ffffff;
  4628: ffffff;
  4629: ffffff;
  4630: ededed;
  4631: eeeeee;
  4632: eeeeee;
  4633: eeeeee;
  4634: eeeeee;
  4635: ffffff;
  4636: fefefe;
  4637: ffffff;
  4638: fefefe;
  4639: ffffff;
  4640: fefefe;
  4641: eeeeee;
  4642: ededed;
  4643: eeeeee;
  4644: eeeeee;
  4645: ededed;
  4646: f6f6f6;
  4647: ffffff;
  4648: ffffff;
  4649: ffffff;
  4650: ffffff;
  4651: ffffff;
  4652: eeeeee;
  4653: eeeeee;
  4654: eeeeee;
  4655: eeeeee;
  4656: edefec;
  4657: f1f1ef;
  4658: fffeff;
  4659: fffcff;
  4660: fffeff;
  4661: fffeff;
  4662: feffff;
  4663: edeef2;
  4664: edeef2;
  4665: eeeff1;
  4666: ededed;
  4667: f0eeef;
  4668: f2ecec;
  4669: fffdff;
  4670: ffffff;
  4671: feffff;
  4672: ffffff;
  4673: fffeff;
  4674: efedf2;
  4675: eeecef;
  4676: efedee;
  4677: f1edec;
  4678: f1edec;
  4679: f1edee;
  4680: fffcff;
  4681: fffcff;
  4682: fffdff;
  4683: fffeff;
  4684: ffffff;
  4685: ebedea;
  4686: ebeff0;
  4687: eaeff2;
  4688: ecedf2;
  4689: eeeff4;
  4690: f5f5fd;
  4691: feffff;
  4692: fefffb;
  4693: fffffa;
  4694: fffdfd;
  4695: fffcff;
  4696: f2eff6;
  4697: edeef2;
  4698: e8f2ea;
  4699: e9f0e8;
  4700: eeefea;
  4701: f2f1ef;
  4702: ffffff;
  4703: feffff;
  4704: ffffff;
  4705: ffffff;
  4706: ffffff;
  4707: f6f6f6;
  4708: eeeeee;
  4709: eeeeee;
  4710: eeeeee;
  4711: eeeeee;
  4712: ededed;
  4713: ffffff;
  4714: ffffff;
  4715: ffffff;
  4716: ffffff;
  4717: ffffff;
  4718: ededed;
  4719: eeeeee;
  4720: eeeeee;
  4721: eeeeee;
  4722: eeeeee;
  4723: ededed;
  4724: ffffff;
  4725: ffffff;
  4726: ffffff;
  4727: ffffff;
  4728: ffffff;
  4729: ededed;
  4730: ededed;
  4731: eeeeee;
  4732: eeeeee;
  4733: eeeeee;
  4734: eeeeee;
  4735: ffffff;
  4736: eeeeee;
  4737: eeeeee;
  4738: eeeeee;
  4739: efefef;
  4740: ededed;
  4741: f4f4f4;
  4742: ffffff;
  4743: ffffff;
  4744: ffffff;
  4745: ffffff;
  4746: ffffff;
  4747: eeeeee;
  4748: eeeeee;
  4749: ededed;
  4750: efefef;
  4751: ededed;
  4752: eeeeee;
  4753: ffffff;
  4754: ffffff;
  4755: ffffff;
  4756: ffffff;
  4757: ffffff;
  4758: ededed;
  4759: eeeeee;
  4760: eeeeee;
  4761: ededed;
  4762: eeeeee;
  4763: ffffff;
  4764: fefefe;
  4765: ffffff;
  4766: fefefe;
  4767: ffffff;
  4768: fefefe;
  4769: eeeeee;
  4770: ededed;
  4771: eeeeee;
  4772: eeeeee;
  4773: ededed;
  4774: f6f6f6;
  4775: ffffff;
  4776: ffffff;
  4777: ffffff;
  4778: ffffff;
  4779: ffffff;
  4780: ededed;
  4781: eeeeee;
  4782: eeeeee;
  4783: eeeeee;
  4784: eeeeee;
  4785: f2f0f1;
  4786: fffeff;
  4787: fffdff;
  4788: feffff;
  4789: fcffff;
  4790: fffeff;
  4791: eeedf2;
  4792: ebecee;
  4793: edefee;
  4794: ececea;
  4795: efeeec;
  4796: f0ece9;
  4797: fffefd;
  4798: ffffff;
  4799: feffff;
  4800: fffffd;
  4801: fffefc;
  4802: eeeef0;
  4803: ecedef;
  4804: ededeb;
  4805: eeede9;
  4806: f0ece9;
  4807: f0eceb;
  4808: fffdff;
  4809: fffdff;
  4810: fffeff;
  4811: feffff;
  4812: fefffd;
  4813: e9eeea;
  4814: ebefee;
  4815: eaeeef;
  4816: ecedf2;
  4817: ededf5;
  4818: f2f5fc;
  4819: fdfeff;
  4820: fffffd;
  4821: fffefb;
  4822: fffcff;
  4823: fffbff;
  4824: f4eff6;
  4825: eeeef0;
  4826: eaf1e9;
  4827: eaf0e6;
  4828: f1edea;
  4829: f4f0f1;
  4830: feffff;
  4831: fcffff;
  4832: feffff;
  4833: ffffff;
  4834: ffffff;
  4835: f6f6f6;
  4836: eeeeee;
  4837: eeeeee;
  4838: eeeeee;
  4839: eeeeee;
  4840: ededed;
  4841: ffffff;
  4842: ffffff;
  4843: ffffff;
  4844: ffffff;
  4845: ffffff;
  4846: ededed;
  4847: eeeeee;
  4848: eeeeee;
  4849: eeeeee;
  4850: eeeeee;
  4851: ededed;
  4852: ffffff;
  4853: ffffff;
  4854: ffffff;
  4855: ffffff;
  4856: ffffff;
  4857: ededed;
  4858: ededed;
  4859: eeeeee;
  4860: eeeeee;
  4861: ededed;
  4862: eeeeee;
  4863: ffffff;
  4864: ededed;
  4865: eeeeee;
  4866: eeeeee;
  4867: eeeeee;
  4868: ededed;
  4869: f4f4f4;
  4870: ffffff;
  4871: ffffff;
  4872: ffffff;
  4873: ffffff;
  4874: ffffff;
  4875: ededed;
  4876: eeeeee;
  4877: ededed;
  4878: efefef;
  4879: ededed;
  4880: eeeeee;
  4881: ffffff;
  4882: ffffff;
  4883: ffffff;
  4884: ffffff;
  4885: ffffff;
  4886: ededed;
  4887: eeeeee;
  4888: eeeeee;
  4889: ededed;
  4890: eeeeee;
  4891: ffffff;
  4892: fefefe;
  4893: ffffff;
  4894: fefefe;
  4895: ffffff;
  4896: fefefe;
  4897: eeeeee;
  4898: ededed;
  4899: ededed;
  4900: eeeeee;
  4901: ededed;
  4902: f6f6f6;
  4903: ffffff;
  4904: ffffff;
  4905: ffffff;
  4906: ffffff;
  4907: ffffff;
  4908: ededed;
  4909: eeeeee;
  4910: eeeeee;
  4911: efedee;
  4912: f2ecee;
  4913: f4eef0;
  4914: fffffd;
  4915: fbfffc;
  4916: fcfffd;
  4917: feffff;
  4918: fffdff;
  4919: efedf0;
  4920: ecf0ef;
  4921: edf1f0;
  4922: eeeeec;
  4923: f0efeb;
  4924: efeeec;
  4925: fffffd;
  4926: ffffff;
  4927: fefeff;
  4928: fffdfc;
  4929: fffefc;
  4930: ecf0ef;
  4931: ebf1ef;
  4932: ecf3ec;
  4933: eef1ea;
  4934: f0efea;
  4935: f1edea;
  4936: fffeff;
  4937: ffffff;
  4938: feffff;
  4939: fdfffe;
  4940: fefffb;
  4941: edeee8;
  4942: efefed;
  4943: f0eeef;
  4944: efefef;
  4945: f0f0f0;
  4946: f5f7f6;
  4947: fefefc;
  4948: fffdfb;
  4949: fffbfc;
  4950: fffdff;
  4951: fffcff;
  4952: f4eff6;
  4953: efedf0;
  4954: edf0e9;
  4955: edeee6;
  4956: f5ebec;
  4957: f7eef1;
  4958: fdfeff;
  4959: fbffff;
  4960: feffff;
  4961: ffffff;
  4962: ffffff;
  4963: f6f6f6;
  4964: ededed;
  4965: eeeeee;
  4966: eeeeee;
  4967: eeeeee;
  4968: ededed;
  4969: ffffff;
  4970: ffffff;
  4971: ffffff;
  4972: ffffff;
  4973: ffffff;
  4974: ededed;
  4975: eeeeee;
  4976: eeeeee;
  4977: eeeeee;
  4978: eeeeee;
  4979: ededed;
  4980: ffffff;
  4981: ffffff;
  4982: ffffff;
  4983: ffffff;
  4984: ffffff;
  4985: ededed;
  4986: ededed;
  4987: eeeeee;
  4988: eeeeee;
  4989: ededed;
  4990: eeeeee;
  4991: ffffff;
  4992: ededed;
  4993: eeeeee;
  4994: ededed;
  4995: eeeeee;
  4996: ededed;
  4997: f4f4f4;
  4998: ffffff;
  4999: ffffff;
  5000: ffffff;
  5001: ffffff;
  5002: ffffff;
  5003: ededed;
  5004: eeeeee;
  5005: ededed;
  5006: eeeeee;
  5007: ededed;
  5008: eeeeee;
  5009: ffffff;
  5010: ffffff;
  5011: ffffff;
  5012: ffffff;
  5013: ffffff;
  5014: ededed;
  5015: eeeeee;
  5016: eeeeee;
  5017: ededed;
  5018: eeeeee;
  5019: ffffff;
  5020: fefefe;
  5021: ffffff;
  5022: fefefe;
  5023: ffffff;
  5024: fefefe;
  5025: eeeeee;
  5026: ededed;
  5027: ededed;
  5028: eeeeee;
  5029: ededed;
  5030: f6f6f6;
  5031: ffffff;
  5032: ffffff;
  5033: ffffff;
  5034: ffffff;
  5035: ffffff;
  5036: ededed;
  5037: eeeeee;
  5038: ededed;
  5039: efedee;
  5040: f2ecf0;
  5041: f4eef0;
  5042: fffffa;
  5043: fffef5;
  5044: fffaf4;
  5045: fff6f4;
  5046: fff4f4;
  5047: ffe4e3;
  5048: ffedec;
  5049: ffeeea;
  5050: ffebe7;
  5051: ffeae4;
  5052: ffe9e2;
  5053: fff8f3;
  5054: fff7f4;
  5055: fff6f6;
  5056: fff7f6;
  5057: fff8f6;
  5058: ffedeb;
  5059: feefea;
  5060: ffefe8;
  5061: ffede5;
  5062: ffeae2;
  5063: ffe8e3;
  5064: fff5f3;
  5065: fff7f6;
  5066: fff7f6;
  5067: fff6f4;
  5068: fff6f1;
  5069: ffe7e2;
  5070: ffebe8;
  5071: ffebe9;
  5072: ffebe9;
  5073: ffece8;
  5074: fff3ec;
  5075: fff8f1;
  5076: fff8f6;
  5077: fff8fa;
  5078: fffcff;
  5079: fffdff;
  5080: f4eff3;
  5081: f1edec;
  5082: eeefe9;
  5083: eeede8;
  5084: f5ebec;
  5085: f8edf1;
  5086: fdfeff;
  5087: fcffff;
  5088: feffff;
  5089: ffffff;
  5090: ffffff;
  5091: f6f6f6;
  5092: ededed;
  5093: eeeeee;
  5094: eeeeee;
  5095: eeeeee;
  5096: ededed;
  5097: ffffff;
  5098: ffffff;
  5099: ffffff;
  5100: ffffff;
  5101: ffffff;
  5102: ededed;
  5103: eeeeee;
  5104: eeeeee;
  5105: eeeeee;
  5106: eeeeee;
  5107: ededed;
  5108: ffffff;
  5109: ffffff;
  5110: ffffff;
  5111: ffffff;
  5112: ffffff;
  5113: ededed;
  5114: ededed;
  5115: eeeeee;
  5116: eeeeee;
  5117: ededed;
  5118: ededed;
  5119: ffffff;
  5120: ffffff;
  5121: ffffff;
  5122: ffffff;
  5123: fefefe;
  5124: ffffff;
  5125: f9f9f9;
  5126: eeeeee;
  5127: eeeeee;
  5128: eeeeee;
  5129: eeeeee;
  5130: ececec;
  5131: ffffff;
  5132: ffffff;
  5133: ffffff;
  5134: ffffff;
  5135: ffffff;
  5136: ffffff;
  5137: eeeeee;
  5138: eeeeee;
  5139: eeeeee;
  5140: eeeeee;
  5141: ededed;
  5142: ffffff;
  5143: fefefe;
  5144: ffffff;
  5145: ffffff;
  5146: ffffff;
  5147: f1f1f1;
  5148: ededed;
  5149: ededed;
  5150: eeeeee;
  5151: ededed;
  5152: eeeeee;
  5153: fefefe;
  5154: ffffff;
  5155: ffffff;
  5156: ffffff;
  5157: ffffff;
  5158: f6f6f6;
  5159: eeeeee;
  5160: eeeeee;
  5161: ededed;
  5162: eeeeee;
  5163: ededed;
  5164: ffffff;
  5165: ffffff;
  5166: ffffff;
  5167: ffffff;
  5168: fffeff;
  5169: fcfcfc;
  5170: eeeee4;
  5171: ffe7db;
  5172: 9c5752;
  5173: bb5d5d;
  5174: b04e4f;
  5175: c26462;
  5176: bc6965;
  5177: be6e67;
  5178: ba665c;
  5179: c16d62;
  5180: bd6b5f;
  5181: af5d51;
  5182: a9554b;
  5183: a24f49;
  5184: ab605d;
  5185: 954f4f;
  5186: bd7d7b;
  5187: b2716d;
  5188: b46b65;
  5189: bb6c65;
  5190: ba675f;
  5191: bd6861;
  5192: ac5251;
  5193: c06666;
  5194: b75d5c;
  5195: ad524f;
  5196: a74844;
  5197: c56863;
  5198: c46b67;
  5199: bb6663;
  5200: bf6a65;
  5201: bc6961;
  5202: b46055;
  5203: 9f564d;
  5204: 8c5956;
  5205: ffeaec;
  5206: fcedf2;
  5207: eee9ed;
  5208: fffafa;
  5209: fffffa;
  5210: fffffa;
  5211: fffefa;
  5212: fffcff;
  5213: fffcff;
  5214: eeeef0;
  5215: edeef0;
  5216: eeeeee;
  5217: eeeeee;
  5218: ededed;
  5219: f6f6f6;
  5220: ffffff;
  5221: ffffff;
  5222: ffffff;
  5223: ffffff;
  5224: ffffff;
  5225: eeeeee;
  5226: ededed;
  5227: eeeeee;
  5228: eeeeee;
  5229: ededed;
  5230: ffffff;
  5231: ffffff;
  5232: ffffff;
  5233: ffffff;
  5234: ffffff;
  5235: ffffff;
  5236: ededed;
  5237: eeeeee;
  5238: ededed;
  5239: eeeeee;
  5240: ededed;
  5241: ffffff;
  5242: ffffff;
  5243: ffffff;
  5244: ffffff;
  5245: ffffff;
  5246: ffffff;
  5247: ededed;
  5248: ffffff;
  5249: ffffff;
  5250: ffffff;
  5251: fefefe;
  5252: ffffff;
  5253: f9f9f9;
  5254: eeeeee;
  5255: eeeeee;
  5256: eeeeee;
  5257: eeeeee;
  5258: ececec;
  5259: ffffff;
  5260: ffffff;
  5261: ffffff;
  5262: ffffff;
  5263: ffffff;
  5264: ffffff;
  5265: eeeeee;
  5266: eeeeee;
  5267: eeeeee;
  5268: eeeeee;
  5269: ededed;
  5270: ffffff;
  5271: ffffff;
  5272: ffffff;
  5273: ffffff;
  5274: ffffff;
  5275: f1f1f1;
  5276: ededed;
  5277: ededed;
  5278: eeeeee;
  5279: ededed;
  5280: eeeeee;
  5281: fefefe;
  5282: ffffff;
  5283: ffffff;
  5284: ffffff;
  5285: ffffff;
  5286: f6f6f6;
  5287: eeeeee;
  5288: eeeeee;
  5289: eeeeee;
  5290: eeeeee;
  5291: ededed;
  5292: ffffff;
  5293: ffffff;
  5294: ffffff;
  5295: ffffff;
  5296: fcfdff;
  5297: fcf8f7;
  5298: fef0e5;
  5299: d6a69a;
  5300: 902a25;
  5301: 991916;
  5302: a11f1d;
  5303: 9e211d;
  5304: 952019;
  5305: 95221b;
  5306: 971e16;
  5307: 981f16;
  5308: 982216;
  5309: 9c281b;
  5310: 9a2116;
  5311: 93241b;
  5312: 812623;
  5313: ffaead;
  5314: ffc6c4;
  5315: 792421;
  5316: 8b221f;
  5317: 96231e;
  5318: 952319;
  5319: 98231a;
  5320: 9b211e;
  5321: 9b1e1c;
  5322: 991c1a;
  5323: a12420;
  5324: a01f1a;
  5325: 9d1e18;
  5326: 961c17;
  5327: 9a251e;
  5328: 952017;
  5329: 992319;
  5330: 9b2315;
  5331: 8e291f;
  5332: 6f3430;
  5333: fff6f6;
  5334: f6eaee;
  5335: efedee;
  5336: fffbf8;
  5337: fffffa;
  5338: fefffb;
  5339: fdfffc;
  5340: fffeff;
  5341: fffdff;
  5342: efedf0;
  5343: eeeeee;
  5344: eeeeee;
  5345: eeeeee;
  5346: ededed;
  5347: f6f6f6;
  5348: ffffff;
  5349: ffffff;
  5350: ffffff;
  5351: ffffff;
  5352: ffffff;
  5353: eeeeee;
  5354: ededed;
  5355: eeeeee;
  5356: eeeeee;
  5357: ededed;
  5358: ffffff;
  5359: ffffff;
  5360: ffffff;
  5361: ffffff;
  5362: ffffff;
  5363: ffffff;
  5364: ededed;
  5365: eeeeee;
  5366: eeeeee;
  5367: eeeeee;
  5368: ededed;
  5369: ffffff;
  5370: ffffff;
  5371: ffffff;
  5372: ffffff;
  5373: ffffff;
  5374: ffffff;
  5375: ededed;
  5376: ffffff;
  5377: ffffff;
  5378: ffffff;
  5379: fefefe;
  5380: ffffff;
  5381: f9f9f9;
  5382: eeeeee;
  5383: eeeeee;
  5384: eeeeee;
  5385: eeeeee;
  5386: ececec;
  5387: ffffff;
  5388: ffffff;
  5389: ffffff;
  5390: ffffff;
  5391: ffffff;
  5392: ffffff;
  5393: eeeeee;
  5394: eeeeee;
  5395: eeeeee;
  5396: eeeeee;
  5397: ededed;
  5398: ffffff;
  5399: ffffff;
  5400: ffffff;
  5401: ffffff;
  5402: ffffff;
  5403: f1f1f1;
  5404: ededed;
  5405: ededed;
  5406: eeeeee;
  5407: ededed;
  5408: eeeeee;
  5409: fefefe;
  5410: ffffff;
  5411: ffffff;
  5412: ffffff;
  5413: ffffff;
  5414: f6f6f6;
  5415: eeeeee;
  5416: eeeeee;
  5417: eeeeee;
  5418: eeeeee;
  5419: ededed;
  5420: ffffff;
  5421: ffffff;
  5422: ffffff;
  5423: ffffff;
  5424: ffffff;
  5425: fff9f8;
  5426: fff2ec;
  5427: 63190e;
  5428: 992a1f;
  5429: a6261b;
  5430: a22217;
  5431: a8281f;
  5432: a62721;
  5433: a3221d;
  5434: ac2521;
  5435: ad2320;
  5436: a51e18;
  5437: a8251d;
  5438: a6221e;
  5439: 9c2c28;
  5440: 681a16;
  5441: ffeeea;
  5442: ffebe7;
  5443: 661816;
  5444: 9d262a;
  5445: a72122;
  5446: 9f221c;
  5447: a1261e;
  5448: a5241f;
  5449: a8221f;
  5450: aa2421;
  5451: a7221d;
  5452: aa251e;
  5453: a7221b;
  5454: a4231e;
  5455: a1201a;
  5456: a42419;
  5457: a72518;
  5458: a72116;
  5459: 8f221b;
  5460: fdccc7;
  5461: f3e5e4;
  5462: ebe7e8;
  5463: edf1f0;
  5464: fbfdf8;
  5465: fcfffa;
  5466: fbfffd;
  5467: fafffe;
  5468: fcffff;
  5469: ffffff;
  5470: efedee;
  5471: efedee;
  5472: eeeeee;
  5473: eeeeee;
  5474: ededed;
  5475: f6f6f6;
  5476: ffffff;
  5477: ffffff;
  5478: ffffff;
  5479: ffffff;
  5480: ffffff;
  5481: eeeeee;
  5482: eeeeee;
  5483: eeeeee;
  5484: eeeeee;
  5485: ededed;
  5486: ffffff;
  5487: ffffff;
  5488: ffffff;
  5489: ffffff;
  5490: ffffff;
  5491: ffffff;
  5492: ededed;
  5493: eeeeee;
  5494: eeeeee;
  5495: eeeeee;
  5496: ededed;
  5497: ffffff;
  5498: ffffff;
  5499: ffffff;
  5500: ffffff;
  5501: ffffff;
  5502: ffffff;
  5503: ededed;
  5504: ffffff;
  5505: ffffff;
  5506: ffffff;
  5507: fefefe;
  5508: ffffff;
  5509: f9f9f9;
  5510: eeeeee;
  5511: eeeeee;
  5512: eeeeee;
  5513: eeeeee;
  5514: ececec;
  5515: ffffff;
  5516: ffffff;
  5517: ffffff;
  5518: ffffff;
  5519: ffffff;
  5520: ffffff;
  5521: eeeeee;
  5522: eeeeee;
  5523: eeeeee;
  5524: eeeeee;
  5525: ededed;
  5526: ffffff;
  5527: ffffff;
  5528: ffffff;
  5529: ffffff;
  5530: ffffff;
  5531: f1f1f1;
  5532: eeeeee;
  5533: eeeeee;
  5534: efefef;
  5535: eeeeee;
  5536: eeeeee;
  5537: fefefe;
  5538: ffffff;
  5539: ffffff;
  5540: ffffff;
  5541: ffffff;
  5542: f6f6f6;
  5543: eeeeee;
  5544: eeeeee;
  5545: eeeeee;
  5546: eeeeee;
  5547: eeeeee;
  5548: ffffff;
  5549: ffffff;
  5550: ffffff;
  5551: ffffff;
  5552: fffeff;
  5553: fff4f4;
  5554: eea8a6;
  5555: 97312c;
  5556: 9f251a;
  5557: aa2619;
  5558: a72518;
  5559: a62319;
  5560: a9241f;
  5561: aa231f;
  5562: ad221d;
  5563: ae201c;
  5564: ae211a;
  5565: ab221c;
  5566: aa2320;
  5567: 952825;
  5568: b0706e;
  5569: ffe0de;
  5570: fff5ef;
  5571: de9e9c;
  5572: 98252a;
  5573: ab2025;
  5574: a5241f;
  5575: a6271e;
  5576: aa251e;
  5577: a8211b;
  5578: ac211c;
  5579: a71e16;
  5580: a92519;
  5581: a72317;
  5582: ac2521;
  5583: ad241e;
  5584: ac2319;
  5585: aa2419;
  5586: aa2621;
  5587: 811d1b;
  5588: ffefef;
  5589: f2ecec;
  5590: f5f5f7;
  5591: ebeff0;
  5592: f9fef8;
  5593: fcfffb;
  5594: fbffff;
  5595: faffff;
  5596: fbffff;
  5597: fcffff;
  5598: eeeeec;
  5599: efeeec;
  5600: eeeeee;
  5601: eeeeee;
  5602: ededed;
  5603: f6f6f6;
  5604: ffffff;
  5605: ffffff;
  5606: ffffff;
  5607: ffffff;
  5608: ffffff;
  5609: eeeeee;
  5610: eeeeee;
  5611: eeeeee;
  5612: eeeeee;
  5613: ededed;
  5614: ffffff;
  5615: ffffff;
  5616: ffffff;
  5617: ffffff;
  5618: ffffff;
  5619: ffffff;
  5620: eeeeee;
  5621: eeeeee;
  5622: eeeeee;
  5623: eeeeee;
  5624: ededed;
  5625: ffffff;
  5626: ffffff;
  5627: ffffff;
  5628: ffffff;
  5629: ffffff;
  5630: ffffff;
  5631: ededed;
  5632: ffffff;
  5633: ffffff;
  5634: ffffff;
  5635: fefefe;
  5636: ffffff;
  5637: f9f9f9;
  5638: eeeeee;
  5639: eeeeee;
  5640: eeeeee;
  5641: eeeeee;
  5642: ececec;
  5643: ffffff;
  5644: ffffff;
  5645: ffffff;
  5646: ffffff;
  5647: ffffff;
  5648: ffffff;
  5649: eeeeee;
  5650: eeeeee;
  5651: eeeeee;
  5652: eeeeee;
  5653: ededed;
  5654: ffffff;
  5655: ffffff;
  5656: ffffff;
  5657: ffffff;
  5658: ffffff;
  5659: f2f2f2;
  5660: eeeeee;
  5661: eeeeee;
  5662: efefef;
  5663: eeeeee;
  5664: eeeeee;
  5665: fefefe;
  5666: ffffff;
  5667: ffffff;
  5668: ffffff;
  5669: ffffff;
  5670: f6f6f6;
  5671: eeeeee;
  5672: eeeeee;
  5673: eeeeee;
  5674: eeeeee;
  5675: eeeeee;
  5676: ffffff;
  5677: ffffff;
  5678: ffffff;
  5679: fffffd;
  5680: fffefb;
  5681: fff5f3;
  5682: af4f53;
  5683: a42425;
  5684: a8231a;
  5685: ab2519;
  5686: ab251a;
  5687: a72118;
  5688: a51e18;
  5689: ad2620;
  5690: a52017;
  5691: a62015;
  5692: b1291d;
  5693: a82217;
  5694: a8231c;
  5695: 942c29;
  5696: ffeae8;
  5697: fae7e3;
  5698: fffbf4;
  5699: ffefec;
  5700: 832023;
  5701: a52428;
  5702: aa2622;
  5703: a32016;
  5704: aa251c;
  5705: a82219;
  5706: ac2218;
  5707: ac2418;
  5708: a8291a;
  5709: a32415;
  5710: ac211c;
  5711: b1221e;
  5712: aa1f18;
  5713: a3221d;
  5714: 98272b;
  5715: e8999f;
  5716: ffebf0;
  5717: ebe9ee;
  5718: eeedf2;
  5719: ebebed;
  5720: fdfbfc;
  5721: fffffd;
  5722: fcffff;
  5723: faffff;
  5724: fbffff;
  5725: fbfffd;
  5726: edefec;
  5727: eeeeec;
  5728: eeeeee;
  5729: eeeeee;
  5730: ededed;
  5731: f6f6f6;
  5732: ffffff;
  5733: ffffff;
  5734: ffffff;
  5735: ffffff;
  5736: ffffff;
  5737: eeeeee;
  5738: eeeeee;
  5739: eeeeee;
  5740: eeeeee;
  5741: ededed;
  5742: ffffff;
  5743: ffffff;
  5744: ffffff;
  5745: ffffff;
  5746: ffffff;
  5747: ffffff;
  5748: eeeeee;
  5749: eeeeee;
  5750: eeeeee;
  5751: eeeeee;
  5752: ededed;
  5753: ffffff;
  5754: ffffff;
  5755: ffffff;
  5756: ffffff;
  5757: ffffff;
  5758: ffffff;
  5759: ededed;
  5760: ffffff;
  5761: ffffff;
  5762: ffffff;
  5763: fefefe;
  5764: ffffff;
  5765: f9f9f9;
  5766: eeeeee;
  5767: eeeeee;
  5768: eeeeee;
  5769: eeeeee;
  5770: ececec;
  5771: ffffff;
  5772: ffffff;
  5773: ffffff;
  5774: ffffff;
  5775: ffffff;
  5776: ffffff;
  5777: eeeeee;
  5778: eeeeee;
  5779: eeeeee;
  5780: eeeeee;
  5781: ededed;
  5782: ffffff;
  5783: ffffff;
  5784: ffffff;
  5785: ffffff;
  5786: ffffff;
  5787: f2f2f2;
  5788: eeeeee;
  5789: eeeeee;
  5790: efefef;
  5791: eeeeee;
  5792: eeeeee;
  5793: fefefe;
  5794: ffffff;
  5795: ffffff;
  5796: ffffff;
  5797: ffffff;
  5798: f6f6f6;
  5799: eeeeee;
  5800: eeeeee;
  5801: eeeeee;
  5802: eeeeee;
  5803: eeeeee;
  5804: ffffff;
  5805: ffffff;
  5806: ffffff;
  5807: fffefb;
  5808: fff9f5;
  5809: ffcbca;
  5810: 8c191e;
  5811: ac1d1f;
  5812: a61d13;
  5813: aa2516;
  5814: aa2419;
  5815: a9231a;
  5816: ad241e;
  5817: a61f19;
  5818: ab271b;
  5819: ab271a;
  5820: a31d11;
  5821: ab291c;
  5822: a0271e;
  5823: 7f2620;
  5824: ffeaea;
  5825: f2ecec;
  5826: fffffa;
  5827: fff5f0;
  5828: cf8886;
  5829: 952d2a;
  5830: a52620;
  5831: aa241b;
  5832: a52017;
  5833: ab251c;
  5834: af251b;
  5835: aa2216;
  5836: a22513;
  5837: a52718;
  5838: ad221b;
  5839: ac1d19;
  5840: b0231c;
  5841: 9f2824;
  5842: 681318;
  5843: ffeef4;
  5844: f9eaf1;
  5845: edeef2;
  5846: edebee;
  5847: f2f0f1;
  5848: fefafb;
  5849: fffeff;
  5850: ffffff;
  5851: fbfffe;
  5852: fcfffd;
  5853: fcfffd;
  5854: edefec;
  5855: eeeeec;
  5856: eeeeee;
  5857: eeeeee;
  5858: ededed;
  5859: f6f6f6;
  5860: ffffff;
  5861: ffffff;
  5862: ffffff;
  5863: ffffff;
  5864: ffffff;
  5865: eeeeee;
  5866: eeeeee;
  5867: eeeeee;
  5868: eeeeee;
  5869: ededed;
  5870: ffffff;
  5871: ffffff;
  5872: ffffff;
  5873: ffffff;
  5874: ffffff;
  5875: ffffff;
  5876: eeeeee;
  5877: eeeeee;
  5878: eeeeee;
  5879: eeeeee;
  5880: ededed;
  5881: ffffff;
  5882: ffffff;
  5883: ffffff;
  5884: ffffff;
  5885: ffffff;
  5886: ffffff;
  5887: ededed;
  5888: ffffff;
  5889: ffffff;
  5890: ffffff;
  5891: fefefe;
  5892: ffffff;
  5893: f9f9f9;
  5894: eeeeee;
  5895: eeeeee;
  5896: eeeeee;
  5897: eeeeee;
  5898: ececec;
  5899: ffffff;
  5900: ffffff;
  5901: ffffff;
  5902: ffffff;
  5903: ffffff;
  5904: ffffff;
  5905: eeeeee;
  5906: eeeeee;
  5907: eeeeee;
  5908: eeeeee;
  5909: ededed;
  5910: ffffff;
  5911: ffffff;
  5912: ffffff;
  5913: ffffff;
  5914: ffffff;
  5915: f2f2f2;
  5916: eeeeee;
  5917: eeeeee;
  5918: efefef;
  5919: eeeeee;
  5920: eeeeee;
  5921: fefefe;
  5922: ffffff;
  5923: ffffff;
  5924: ffffff;
  5925: ffffff;
  5926: f6f6f6;
  5927: eeeeee;
  5928: eeeeee;
  5929: eeeeee;
  5930: eeeeee;
  5931: eeeeee;
  5932: ffffff;
  5933: ffffff;
  5934: ffffff;
  5935: fffafa;
  5936: fff0ef;
  5937: 6e1817;
  5938: a12726;
  5939: ae251f;
  5940: ac2418;
  5941: a92516;
  5942: a42417;
  5943: a8251d;
  5944: ae2421;
  5945: ad1f1d;
  5946: a81d16;
  5947: ab2117;
  5948: ad241c;
  5949: 9f231b;
  5950: 8f2a20;
  5951: ffc2bd;
  5952: ffe7ec;
  5953: eceaef;
  5954: feffff;
  5955: fffef6;
  5956: fff7ec;
  5957: b06c61;
  5958: 9b261f;
  5959: ac211c;
  5960: ab251c;
  5961: a9231a;
  5962: ac2218;
  5963: a92317;
  5964: a52816;
  5965: a32516;
  5966: aa231d;
  5967: af241f;
  5968: aa2015;
  5969: 952a20;
  5970: ffede9;
  5971: f9ebeb;
  5972: eeeaeb;
  5973: eef0ef;
  5974: edece8;
  5975: f3efec;
  5976: fff9f9;
  5977: fffdfe;
  5978: fffffd;
  5979: fefefc;
  5980: fffffd;
  5981: fffefd;
  5982: efedee;
  5983: eeeeee;
  5984: eeeeee;
  5985: eeeeee;
  5986: ededed;
  5987: f6f6f6;
  5988: ffffff;
  5989: ffffff;
  5990: ffffff;
  5991: ffffff;
  5992: ffffff;
  5993: eeeeee;
  5994: eeeeee;
  5995: eeeeee;
  5996: eeeeee;
  5997: ededed;
  5998: ffffff;
  5999: ffffff;
  6000: ffffff;
  6001: ffffff;
  6002: ffffff;
  6003: ffffff;
  6004: eeeeee;
  6005: eeeeee;
  6006: eeeeee;
  6007: eeeeee;
  6008: ededed;
  6009: ffffff;
  6010: ffffff;
  6011: ffffff;
  6012: ffffff;
  6013: ffffff;
  6014: ffffff;
  6015: ededed;
  6016: ffffff;
  6017: ffffff;
  6018: ffffff;
  6019: fefefe;
  6020: ffffff;
  6021: f9f9f9;
  6022: eeeeee;
  6023: eeeeee;
  6024: eeeeee;
  6025: eeeeee;
  6026: ececec;
  6027: ffffff;
  6028: ffffff;
  6029: ffffff;
  6030: ffffff;
  6031: ffffff;
  6032: ffffff;
  6033: eeeeee;
  6034: eeeeee;
  6035: eeeeee;
  6036: eeeeee;
  6037: ededed;
  6038: ffffff;
  6039: ffffff;
  6040: ffffff;
  6041: ffffff;
  6042: ffffff;
  6043: f2f2f2;
  6044: eeeeee;
  6045: eeeeee;
  6046: efefef;
  6047: eeeeee;
  6048: eeeeec;
  6049: fefefc;
  6050: fffffd;
  6051: ffffff;
  6052: feffff;
  6053: feffff;
  6054: f5f7f6;
  6055: eeeeee;
  6056: eeeeee;
  6057: eeeeee;
  6058: efedee;
  6059: efedee;
  6060: ffffff;
  6061: ffffff;
  6062: ffffff;
  6063: fff7f6;
  6064: cc7e7e;
  6065: 972725;
  6066: a52620;
  6067: a72118;
  6068: aa2619;
  6069: a52315;
  6070: a7271a;
  6071: a5221a;
  6072: ac221f;
  6073: ad1f1d;
  6074: b1241d;
  6075: ad2017;
  6076: ac211a;
  6077: a02923;
  6078: 73221e;
  6079: fff1ef;
  6080: fae7eb;
  6081: f2f1f6;
  6082: fbfcff;
  6083: fefdfb;
  6084: fffdf3;
  6085: fed2c5;
  6086: 922923;
  6087: a9221e;
  6088: ab221c;
  6089: aa2119;
  6090: ac231b;
  6091: a72116;
  6092: a82618;
  6093: a32316;
  6094: a8231a;
  6095: a7221b;
  6096: a7241c;
  6097: 892b23;
  6098: ffefe9;
  6099: ebede8;
  6100: f0f2f1;
  6101: edefec;
  6102: f1f0ec;
  6103: efebe8;
  6104: fefaf9;
  6105: fffdfe;
  6106: fffffd;
  6107: fffefa;
  6108: fffefd;
  6109: fffefd;
  6110: efedee;
  6111: efedf0;
  6112: eeeeee;
  6113: eeeeee;
  6114: ededed;
  6115: f7f7f7;
  6116: ffffff;
  6117: ffffff;
  6118: ffffff;
  6119: ffffff;
  6120: ffffff;
  6121: eeeeee;
  6122: eeeeee;
  6123: eeeeee;
  6124: eeeeee;
  6125: ededed;
  6126: ffffff;
  6127: ffffff;
  6128: ffffff;
  6129: ffffff;
  6130: ffffff;
  6131: ffffff;
  6132: eeeeee;
  6133: eeeeee;
  6134: eeeeee;
  6135: eeeeee;
  6136: ededed;
  6137: ffffff;
  6138: ffffff;
  6139: ffffff;
  6140: ffffff;
  6141: ffffff;
  6142: ffffff;
  6143: ededed;
  6144: ffffff;
  6145: ffffff;
  6146: ffffff;
  6147: fdfdfd;
  6148: ffffff;
  6149: f9f9f9;
  6150: ededed;
  6151: f0f0f0;
  6152: eeeeee;
  6153: efefef;
  6154: ebebeb;
  6155: ffffff;
  6156: ffffff;
  6157: fefefe;
  6158: fdfdfd;
  6159: ffffff;
  6160: ffffff;
  6161: eaeaea;
  6162: eeeeee;
  6163: f1f1f1;
  6164: ececec;
  6165: eeeeee;
  6166: ffffff;
  6167: fefefe;
  6168: ffffff;
  6169: fdfdfd;
  6170: fefefe;
  6171: f1f1f1;
  6172: ededed;
  6173: eaeaea;
  6174: efefef;
  6175: eeeeec;
  6176: eeede9;
  6177: fffffa;
  6178: fffffb;
  6179: fefffd;
  6180: f9ffff;
  6181: f9ffff;
  6182: f2f6f7;
  6183: ecedef;
  6184: edefee;
  6185: f0f0f0;
  6186: f2ecee;
  6187: efe9eb;
  6188: ffffff;
  6189: ffffff;
  6190: ffffff;
  6191: fff5f4;
  6192: 7c1816;
  6193: a11d18;
  6194: ac251f;
  6195: a9241b;
  6196: a42215;
  6197: a62416;
  6198: a92518;
  6199: a82217;
  6200: ac221f;
  6201: ad221f;
  6202: af241d;
  6203: ac1f16;
  6204: ae1e16;
  6205: 9f2927;
  6206: cf9194;
  6207: ffe6e9;
  6208: f5edeb;
  6209: eaeaea;
  6210: fffdff;
  6211: fffdff;
  6212: fffdff;
  6213: fff5f3;
  6214: 862b26;
  6215: a22521;
  6216: a7201d;
  6217: af2421;
  6218: a81f17;
  6219: a82219;
  6220: a92018;
  6221: a92318;
  6222: ac281b;
  6223: a12219;
  6224: 9b2525;
  6225: 954141;
  6226: fff4ed;
  6227: eaefe8;
  6228: e9eeea;
  6229: ebecee;
  6230: f1eff2;
  6231: f2edf1;
  6232: fdfdff;
  6233: feffff;
  6234: fcfbf9;
  6235: fffffd;
  6236: fffffd;
  6237: fffffd;
  6238: eeeced;
  6239: efedee;
  6240: efefef;
  6241: ededed;
  6242: efefef;
  6243: f7f7f7;
  6244: ffffff;
  6245: ffffff;
  6246: ffffff;
  6247: fefefe;
  6248: ffffff;
  6249: eaeaea;
  6250: ededed;
  6251: f1f1f1;
  6252: ededed;
  6253: ededed;
  6254: ffffff;
  6255: ffffff;
  6256: fefefe;
  6257: ffffff;
  6258: ffffff;
  6259: fefefe;
  6260: eeeeee;
  6261: ededed;
  6262: ededed;
  6263: f0f0f0;
  6264: f0f0f0;
  6265: ffffff;
  6266: fefefe;
  6267: ffffff;
  6268: ffffff;
  6269: fefefe;
  6270: fefefe;
  6271: efefef;
  6272: fefefe;
  6273: fefefe;
  6274: ffffff;
  6275: ffffff;
  6276: fefefe;
  6277: f8f8f8;
  6278: ededed;
  6279: ececec;
  6280: ebebeb;
  6281: efefef;
  6282: f0f0f0;
  6283: fafafa;
  6284: ffffff;
  6285: fefefe;
  6286: fefefe;
  6287: ffffff;
  6288: fcfcfc;
  6289: f0f0f0;
  6290: ececec;
  6291: ececec;
  6292: ededed;
  6293: f1f1f1;
  6294: fcfcfc;
  6295: ffffff;
  6296: ffffff;
  6297: ffffff;
  6298: fefefe;
  6299: f6f6f6;
  6300: f0f0f0;
  6301: ededed;
  6302: ededed;
  6303: eaeae8;
  6304: eff0eb;
  6305: fafbf6;
  6306: fefdf9;
  6307: fffffd;
  6308: fbffff;
  6309: f8ffff;
  6310: f2f6f7;
  6311: eff0f2;
  6312: eeeeee;
  6313: ececec;
  6314: f1edee;
  6315: f1ecf0;
  6316: ffffff;
  6317: fffcfb;
  6318: fff9f9;
  6319: f1bebb;
  6320: 952521;
  6321: ac211a;
  6322: ac231b;
  6323: a9231a;
  6324: a7241a;
  6325: a82619;
  6326: aa2419;
  6327: aa2117;
  6328: ad241e;
  6329: a91e19;
  6330: ab2019;
  6331: ab221a;
  6332: aa251e;
  6333: 7a1412;
  6334: ffeef2;
  6335: f3edef;
  6336: eeefea;
  6337: eff1ee;
  6338: fffaff;
  6339: fffaff;
  6340: fffcff;
  6341: fff7f8;
  6342: ffc7c3;
  6343: 922923;
  6344: a72321;
  6345: aa1f1c;
  6346: ab251c;
  6347: a9241b;
  6348: ab221c;
  6349: af261e;
  6350: a11d10;
  6351: a52a22;
  6352: 92292d;
  6353: f9b2b6;
  6354: fff2eb;
  6355: e8eee4;
  6356: ecf1ed;
  6357: f1f2f4;
  6358: ede8ee;
  6359: efedf2;
  6360: fdfeff;
  6361: fcffff;
  6362: fffffd;
  6363: fffffd;
  6364: fdfffc;
  6365: fcfefb;
  6366: ededed;
  6367: ececec;
  6368: ececec;
  6369: ececec;
  6370: efefef;
  6371: f5f5f5;
  6372: fbfbfb;
  6373: ffffff;
  6374: ffffff;
  6375: ffffff;
  6376: fdfdfd;
  6377: f3f3f3;
  6378: eeeeee;
  6379: ececec;
  6380: ededed;
  6381: f0f0f0;
  6382: fafafa;
  6383: ffffff;
  6384: ffffff;
  6385: ffffff;
  6386: fefefe;
  6387: fbfbfb;
  6388: f2f2f2;
  6389: efefef;
  6390: ececec;
  6391: ececec;
  6392: ececec;
  6393: fefefe;
  6394: ffffff;
  6395: fdfdfd;
  6396: fdfdfd;
  6397: ffffff;
  6398: fefefe;
  6399: ebebeb;
  6400: efefef;
  6401: ededed;
  6402: eeeeee;
  6403: ededed;
  6404: efefef;
  6405: f8f8f8;
  6406: fdfdfd;
  6407: ffffff;
  6408: ffffff;
  6409: ffffff;
  6410: fefefe;
  6411: f1f1f1;
  6412: f0f0f0;
  6413: f0f0f0;
  6414: eeeeee;
  6415: eeeeee;
  6416: f1f1f1;
  6417: fdfdfd;
  6418: fefefe;
  6419: ffffff;
  6420: ffffff;
  6421: fcfcfc;
  6422: eeeeee;
  6423: eeeeee;
  6424: ededed;
  6425: ececec;
  6426: efefef;
  6427: f8f8f8;
  6428: fbfbfb;
  6429: ffffff;
  6430: ffffff;
  6431: feffff;
  6432: f9fffd;
  6433: f2f6f5;
  6434: f0eced;
  6435: f1edee;
  6436: eceaed;
  6437: efeef3;
  6438: f6f5fa;
  6439: ffffff;
  6440: fffffd;
  6441: f7f7f5;
  6442: feffff;
  6443: fcffff;
  6444: f2f6f7;
  6445: f8edeb;
  6446: ffecec;
  6447: 90413d;
  6448: 9f2c27;
  6449: a9221c;
  6450: a9201a;
  6451: ab221a;
  6452: ac231b;
  6453: a9231a;
  6454: a8231c;
  6455: aa231d;
  6456: ac211c;
  6457: ad2019;
  6458: ae2118;
  6459: a6261d;
  6460: 952a24;
  6461: d08985;
  6462: fff9f8;
  6463: fbffff;
  6464: f9fffd;
  6465: f8fefc;
  6466: eeeff1;
  6467: f1eff4;
  6468: efedf0;
  6469: f8e8e8;
  6470: ffefe9;
  6471: 6f251c;
  6472: a02923;
  6473: ab2019;
  6474: aa251c;
  6475: a8251b;
  6476: a41f18;
  6477: a9221c;
  6478: ae251d;
  6479: a02621;
  6480: 802729;
  6481: ffeaec;
  6482: fff6ee;
  6483: fcfffa;
  6484: fbfdfc;
  6485: ffffff;
  6486: fffbff;
  6487: fffeff;
  6488: f0f1f3;
  6489: ebefee;
  6490: efeeec;
  6491: eeedeb;
  6492: eeeeec;
  6493: f6f8f5;
  6494: fcfcfc;
  6495: ffffff;
  6496: ffffff;
  6497: ffffff;
  6498: fefefe;
  6499: f7f7f7;
  6500: f1f1f1;
  6501: eeeeee;
  6502: ededed;
  6503: ececec;
  6504: ededed;
  6505: fdfdfd;
  6506: fefefe;
  6507: fefefe;
  6508: ffffff;
  6509: fefefe;
  6510: f0f0f0;
  6511: efefef;
  6512: ececec;
  6513: ededed;
  6514: eeeeee;
  6515: f0f0f0;
  6516: fcfcfc;
  6517: ffffff;
  6518: ffffff;
  6519: ffffff;
  6520: ffffff;
  6521: f1f1f1;
  6522: ececec;
  6523: efefef;
  6524: efefef;
  6525: ececec;
  6526: f1f1f1;
  6527: ffffff;
  6528: f0f0f0;
  6529: ededed;
  6530: efefef;
  6531: ededed;
  6532: ebebeb;
  6533: f5f5f5;
  6534: fefefe;
  6535: ffffff;
  6536: ffffff;
  6537: fefefe;
  6538: ffffff;
  6539: eaeaea;
  6540: ebebeb;
  6541: eeeeee;
  6542: efefef;
  6543: efefef;
  6544: efefef;
  6545: ffffff;
  6546: fefefe;
  6547: fdfdfd;
  6548: ffffff;
  6549: fefefe;
  6550: ededed;
  6551: f0f0f0;
  6552: f1f1f1;
  6553: f0f0f0;
  6554: efefef;
  6555: ffffff;
  6556: fefefe;
  6557: ffffff;
  6558: fefefe;
  6559: fdfeff;
  6560: f9feff;
  6561: ebeff2;
  6562: edebec;
  6563: f5eff1;
  6564: f0ebef;
  6565: f1ecf2;
  6566: f8f3f9;
  6567: fffdff;
  6568: fdfcfa;
  6569: ffffff;
  6570: fafeff;
  6571: fbffff;
  6572: e5e9ea;
  6573: fbe6e3;
  6574: ffbab6;
  6575: 8c231f;
  6576: a0271f;
  6577: a6211a;
  6578: aa211b;
  6579: ac211c;
  6580: ac211a;
  6581: a9201a;
  6582: a7221d;
  6583: a9241f;
  6584: ae251d;
  6585: a61c12;
  6586: af251b;
  6587: 9f2820;
  6588: 74251e;
  6589: ffdfd9;
  6590: fffdfa;
  6591: f7fffd;
  6592: f9ffff;
  6593: fbffff;
  6594: ecedef;
  6595: eeeeee;
  6596: efebec;
  6597: f9f1ee;
  6598: fdece4;
  6599: cc9c92;
  6600: 972f26;
  6601: a52017;
  6602: a32016;
  6603: a9261c;
  6604: aa271f;
  6605: aa2621;
  6606: a3221c;
  6607: 942724;
  6608: c17d7c;
  6609: ffe4e2;
  6610: fcf3ec;
  6611: fefffb;
  6612: fefefe;
  6613: fffdff;
  6614: fffdff;
  6615: fffdff;
  6616: f0f4f3;
  6617: eaefeb;
  6618: efefed;
  6619: edecea;
  6620: ecebe9;
  6621: f0f0ee;
  6622: fcfdff;
  6623: feffff;
  6624: fcfcfc;
  6625: ffffff;
  6626: fdfdfd;
  6627: f5f5f5;
  6628: efefef;
  6629: eeeeee;
  6630: f0f0f0;
  6631: efefef;
  6632: ededed;
  6633: ffffff;
  6634: ffffff;
  6635: fcfcfc;
  6636: ffffff;
  6637: ffffff;
  6638: ededed;
  6639: efefef;
  6640: f0f0f0;
  6641: f0f0f0;
  6642: eeeeee;
  6643: ededed;
  6644: ffffff;
  6645: fefefe;
  6646: fefefe;
  6647: fdfdfd;
  6648: fdfdfd;
  6649: ebebeb;
  6650: ededed;
  6651: efefef;
  6652: efefef;
  6653: ededed;
  6654: ebebeb;
  6655: fdfdfd;
  6656: ececec;
  6657: ececec;
  6658: f0f0f0;
  6659: f1f1f1;
  6660: eeeeee;
  6661: f7f7f7;
  6662: ffffff;
  6663: fefefe;
  6664: ffffff;
  6665: fefefe;
  6666: ffffff;
  6667: eeeeee;
  6668: efefef;
  6669: efefef;
  6670: ececec;
  6671: ebebeb;
  6672: eaeaea;
  6673: ffffff;
  6674: fefefe;
  6675: ffffff;
  6676: fefefe;
  6677: ffffff;
  6678: eeeeee;
  6679: ededed;
  6680: ededed;
  6681: ededed;
  6682: ececec;
  6683: ffffff;
  6684: fefefe;
  6685: ffffff;
  6686: ffffff;
  6687: ffffff;
  6688: feffff;
  6689: edeef2;
  6690: ededed;
  6691: f0efed;
  6692: efeaee;
  6693: f1ecf0;
  6694: fbf5f9;
  6695: fffdff;
  6696: fffffd;
  6697: fbfffe;
  6698: feffff;
  6699: fdfeff;
  6700: f2f4f3;
  6701: fff4f0;
  6702: 832621;
  6703: a3241d;
  6704: a6231b;
  6705: a9231a;
  6706: ad221b;
  6707: af221b;
  6708: ac211a;
  6709: aa211b;
  6710: a6221e;
  6711: a4231e;
  6712: a62216;
  6713: ab2519;
  6714: ab221a;
  6715: 962922;
  6716: f7c6c1;
  6717: fffbf5;
  6718: fffefa;
  6719: fcffff;
  6720: fdfffe;
  6721: ffffff;
  6722: ededed;
  6723: eeeced;
  6724: efeae7;
  6725: f2efea;
  6726: ecefe8;
  6727: ffebe1;
  6728: 721911;
  6729: a62a22;
  6730: aa271d;
  6731: a52017;
  6732: a42119;
  6733: a0251e;
  6734: 9a2925;
  6735: c26d6a;
  6736: ffe3df;
  6737: f9eae5;
  6738: fcf9f4;
  6739: fcfef9;
  6740: fffeff;
  6741: fffcff;
  6742: fffcff;
  6743: fffdff;
  6744: edf1f0;
  6745: e8ede9;
  6746: f1f1ef;
  6747: f1f0ec;
  6748: f2f1ef;
  6749: f4f3f1;
  6750: feffff;
  6751: feffff;
  6752: fefefe;
  6753: ffffff;
  6754: ffffff;
  6755: f6f6f6;
  6756: eeeeee;
  6757: ededed;
  6758: eeeeee;
  6759: ededed;
  6760: e9e9e9;
  6761: ffffff;
  6762: fefefe;
  6763: ffffff;
  6764: ffffff;
  6765: ffffff;
  6766: ededed;
  6767: ededed;
  6768: ededed;
  6769: eeeeee;
  6770: eeeeee;
  6771: ececec;
  6772: ffffff;
  6773: ffffff;
  6774: ffffff;
  6775: ffffff;
  6776: ffffff;
  6777: efefef;
  6778: f1f1f1;
  6779: ececec;
  6780: ececec;
  6781: f1f1f1;
  6782: efefef;
  6783: ffffff;
  6784: f0f0f0;
  6785: efefef;
  6786: eeeeee;
  6787: ededed;
  6788: eaeaea;
  6789: f2f2f2;
  6790: ffffff;
  6791: fefefe;
  6792: ffffff;
  6793: fcfcfc;
  6794: ffffff;
  6795: eeeeee;
  6796: f0f0f0;
  6797: f0f0f0;
  6798: eeeeee;
  6799: efefef;
  6800: f1f1f1;
  6801: ffffff;
  6802: ffffff;
  6803: ffffff;
  6804: fcfcfc;
  6805: fefefe;
  6806: f0f0f0;
  6807: ededed;
  6808: ededed;
  6809: eeeeee;
  6810: ececec;
  6811: ffffff;
  6812: fefefe;
  6813: ffffff;
  6814: ffffff;
  6815: ffffff;
  6816: fffdff;
  6817: ecebf0;
  6818: eeeeec;
  6819: eff0eb;
  6820: eeedeb;
  6821: f1edee;
  6822: f9f3f7;
  6823: fffcfd;
  6824: fbfffe;
  6825: faffff;
  6826: feffff;
  6827: fffeff;
  6828: f1e9e7;
  6829: ffe5df;
  6830: 992c25;
  6831: ab2019;
  6832: ab221a;
  6833: ac231b;
  6834: ae2118;
  6835: ad2017;
  6836: ac2218;
  6837: ab241e;
  6838: a82420;
  6839: a5211c;
  6840: a62417;
  6841: a72518;
  6842: 9e221a;
  6843: 882d28;
  6844: fff7f3;
  6845: fffffd;
  6846: fdfcfa;
  6847: fffefd;
  6848: fffdff;
  6849: fffcff;
  6850: ebebeb;
  6851: f0f0ee;
  6852: f1edea;
  6853: eff0eb;
  6854: e6efea;
  6855: fae9e2;
  6856: ffe2dc;
  6857: 982920;
  6858: a2211b;
  6859: ab251c;
  6860: a5221a;
  6861: 9e2922;
  6862: 7b201d;
  6863: ffd7d3;
  6864: ffece5;
  6865: eae9e4;
  6866: f5f6f1;
  6867: fffffd;
  6868: fffdfe;
  6869: fffafe;
  6870: fffdff;
  6871: fffeff;
  6872: f2f4f1;
  6873: eaefeb;
  6874: edefea;
  6875: ecede8;
  6876: edecea;
  6877: f0efed;
  6878: feffff;
  6879: fbffff;
  6880: fefefe;
  6881: ffffff;
  6882: ffffff;
  6883: f6f6f6;
  6884: efefef;
  6885: eeeeee;
  6886: eeeeee;
  6887: ededed;
  6888: efefef;
  6889: ffffff;
  6890: ffffff;
  6891: ffffff;
  6892: fefefe;
  6893: fefefe;
  6894: f0f0f0;
  6895: f0f0f0;
  6896: ededed;
  6897: eeeeee;
  6898: eeeeee;
  6899: ededed;
  6900: ffffff;
  6901: fefefe;
  6902: ffffff;
  6903: ffffff;
  6904: ffffff;
  6905: e9e9e9;
  6906: ededed;
  6907: f0f0f0;
  6908: f0f0f0;
  6909: ededed;
  6910: eaeaea;
  6911: ffffff;
  6912: ededed;
  6913: eeeeee;
  6914: ededed;
  6915: f0f0f0;
  6916: efefef;
  6917: f5f5f5;
  6918: ffffff;
  6919: ffffff;
  6920: ffffff;
  6921: ffffff;
  6922: ffffff;
  6923: ededed;
  6924: ececec;
  6925: ededed;
  6926: ededed;
  6927: eeeeee;
  6928: ececec;
  6929: fcfcfc;
  6930: fefefe;
  6931: ffffff;
  6932: ffffff;
  6933: fefefe;
  6934: f0f0f0;
  6935: ededed;
  6936: efefef;
  6937: f0f0f0;
  6938: eeeeee;
  6939: ffffff;
  6940: ffffff;
  6941: fefefe;
  6942: ffffff;
  6943: fffdfe;
  6944: fffdff;
  6945: eeeced;
  6946: eef0eb;
  6947: eaefe8;
  6948: eff0eb;
  6949: f2eeed;
  6950: f9f3f5;
  6951: fffeff;
  6952: fafffe;
  6953: f9ffff;
  6954: fbffff;
  6955: fffafd;
  6956: ffebea;
  6957: bf827d;
  6958: 9b2821;
  6959: af2219;
  6960: ac2218;
  6961: ac2218;
  6962: ab2116;
  6963: aa2015;
  6964: aa2216;
  6965: aa2419;
  6966: aa231d;
  6967: a9221c;
  6968: a92318;
  6969: a1251b;
  6970: 99302c;
  6971: f3adab;
  6972: f7e5e5;
  6973: feffff;
  6974: fffbfc;
  6975: fff9fc;
  6976: fff9fe;
  6977: fffbff;
  6978: efedf0;
  6979: eff1f0;
  6980: eaece7;
  6981: edefea;
  6982: ebebe9;
  6983: fde9e8;
  6984: ffedec;
  6985: 882925;
  6986: a62923;
  6987: a62017;
  6988: ac291f;
  6989: 952a22;
  6990: 9a5452;
  6991: ffeeec;
  6992: f2ede7;
  6993: e9efeb;
  6994: f3f5f4;
  6995: ffffff;
  6996: fdfbfe;
  6997: fffeff;
  6998: fffeff;
  6999: fdfbfc;
  7000: efefed;
  7001: edefec;
  7002: eceee9;
  7003: eef0eb;
  7004: f0efed;
  7005: f4f3f1;
  7006: feffff;
  7007: fcffff;
  7008: fefefe;
  7009: ffffff;
  7010: fefefe;
  7011: f6f6f6;
  7012: efefef;
  7013: eeeeee;
  7014: efefef;
  7015: efefef;
  7016: ededed;
  7017: ffffff;
  7018: ffffff;
  7019: ffffff;
  7020: ffffff;
  7021: fdfdfd;
  7022: ededed;
  7023: ebebeb;
  7024: efefef;
  7025: efefef;
  7026: eeeeee;
  7027: eeeeee;
  7028: ffffff;
  7029: ffffff;
  7030: fefefe;
  7031: fefefe;
  7032: ffffff;
  7033: ededed;
  7034: efefef;
  7035: ededed;
  7036: ededed;
  7037: efefef;
  7038: ededed;
  7039: ffffff;
  7040: eeeeee;
  7041: efefef;
  7042: ececec;
  7043: eeeeee;
  7044: efefef;
  7045: f3f3f3;
  7046: fefefe;
  7047: ffffff;
  7048: fdfdfd;
  7049: ffffff;
  7050: ffffff;
  7051: f0f0f0;
  7052: eeeeee;
  7053: efefef;
  7054: f0f0f0;
  7055: efefef;
  7056: efefef;
  7057: fefefe;
  7058: ffffff;
  7059: ffffff;
  7060: ffffff;
  7061: fdfdfd;
  7062: eeeeee;
  7063: eeeeee;
  7064: ededed;
  7065: efefef;
  7066: eeeeee;
  7067: fefefe;
  7068: ffffff;
  7069: fdfdfd;
  7070: ffffff;
  7071: fffdfe;
  7072: fffeff;
  7073: ecebe9;
  7074: ebf0ea;
  7075: eaefe8;
  7076: f0f1eb;
  7077: f1edea;
  7078: f6f2f1;
  7079: fffeff;
  7080: fcffff;
  7081: f8fefe;
  7082: feffff;
  7083: fffafa;
  7084: ffebea;
  7085: 94413d;
  7086: 9f261e;
  7087: ac2218;
  7088: ab2117;
  7089: ac2218;
  7090: ad2316;
  7091: ac2416;
  7092: a82216;
  7093: a72115;
  7094: ab2117;
  7095: ae231c;
  7096: ab221a;
  7097: 9f2a23;
  7098: 691814;
  7099: fff1f1;
  7100: f7ebed;
  7101: fdfdff;
  7102: fffcfd;
  7103: fff9fc;
  7104: fffbff;
  7105: fffdff;
  7106: efedf0;
  7107: eaeceb;
  7108: eff1ec;
  7109: f0f1ec;
  7110: f2eeef;
  7111: fae7e9;
  7112: fff1f2;
  7113: 7c312e;
  7114: 9b2521;
  7115: a8211b;
  7116: a3241d;
  7117: 8b2a23;
  7118: fecdc9;
  7119: f8eae7;
  7120: eceeeb;
  7121: e8f1ee;
  7122: f8f8fa;
  7123: fffeff;
  7124: feffff;
  7125: fdfeff;
  7126: fefefe;
  7127: fffeff;
  7128: f2f1ef;
  7129: f1f1ef;
  7130: eceee9;
  7131: edefea;
  7132: efeeec;
  7133: f2f0f1;
  7134: fcfefd;
  7135: feffff;
  7136: ffffff;
  7137: ffffff;
  7138: fefefe;
  7139: f6f6f6;
  7140: eeeeee;
  7141: ececec;
  7142: eeeeee;
  7143: efefef;
  7144: ededed;
  7145: ffffff;
  7146: ffffff;
  7147: fefefe;
  7148: ffffff;
  7149: fefefe;
  7150: efefef;
  7151: eeeeee;
  7152: eeeeee;
  7153: ededed;
  7154: ececec;
  7155: efefef;
  7156: fefefe;
  7157: ffffff;
  7158: ffffff;
  7159: ffffff;
  7160: ffffff;
  7161: ececec;
  7162: eeeeee;
  7163: efefef;
  7164: efefef;
  7165: eeeeee;
  7166: ededed;
  7167: ffffff;
  7168: eeeeee;
  7169: efefef;
  7170: ededed;
  7171: eeeeee;
  7172: ededed;
  7173: f3f3f3;
  7174: ffffff;
  7175: fefefe;
  7176: ffffff;
  7177: fefefe;
  7178: ffffff;
  7179: ebebeb;
  7180: f0f0f0;
  7181: ededed;
  7182: eeeeee;
  7183: f0f0f0;
  7184: f1f1f1;
  7185: fdfdfd;
  7186: ffffff;
  7187: ffffff;
  7188: fefefe;
  7189: fefefe;
  7190: ededed;
  7191: eeeeee;
  7192: eeeeee;
  7193: f1f1f1;
  7194: efefef;
  7195: fefefe;
  7196: ffffff;
  7197: ffffff;
  7198: ffffff;
  7199: ffffff;
  7200: fefffd;
  7201: ebedea;
  7202: eff1ee;
  7203: f0f1ec;
  7204: f1eee9;
  7205: f1edea;
  7206: faf6f7;
  7207: fffbff;
  7208: fffdff;
  7209: ffffff;
  7210: fdfcf7;
  7211: fff7ed;
  7212: e79c97;
  7213: 942825;
  7214: a1241e;
  7215: a9241d;
  7216: a8231a;
  7217: a92318;
  7218: ab2315;
  7219: ab2315;
  7220: a92317;
  7221: ab2317;
  7222: ae2215;
  7223: af2018;
  7224: aa201d;
  7225: 962a28;
  7226: c08d8a;
  7227: fce8e7;
  7228: f5eaee;
  7229: fffcff;
  7230: fffcfd;
  7231: fffdfc;
  7232: feffff;
  7233: fcffff;
  7234: ebebeb;
  7235: eeedeb;
  7236: efeeec;
  7237: f1edee;
  7238: f3edef;
  7239: f3e9ea;
  7240: fff9f8;
  7241: e4b1ae;
  7242: 942825;
  7243: a6221e;
  7244: 9f2522;
  7245: 78201c;
  7246: fff3f0;
  7247: eeeeec;
  7248: ebefee;
  7249: ebeff0;
  7250: f7f5f8;
  7251: fffeff;
  7252: fcffff;
  7253: fbffff;
  7254: feffff;
  7255: fefcfd;
  7256: f6f2f1;
  7257: edecea;
  7258: eceeeb;
  7259: ebf0ec;
  7260: eeeced;
  7261: f0eeef;
  7262: ffffff;
  7263: feffff;
  7264: ffffff;
  7265: fdfdfd;
  7266: ffffff;
  7267: f6f6f6;
  7268: ededed;
  7269: f0f0f0;
  7270: efefef;
  7271: ededed;
  7272: f0f0f0;
  7273: fdfdfd;
  7274: ffffff;
  7275: ffffff;
  7276: fdfdfd;
  7277: fefefe;
  7278: ededed;
  7279: eeeeee;
  7280: efefef;
  7281: f0f0f0;
  7282: eeeeee;
  7283: ededed;
  7284: ffffff;
  7285: ffffff;
  7286: fdfdfd;
  7287: fefefe;
  7288: ffffff;
  7289: efefef;
  7290: ebebeb;
  7291: eeeeee;
  7292: eeeeee;
  7293: ebebeb;
  7294: efefef;
  7295: ffffff;
  7296: ececec;
  7297: eeeeee;
  7298: eeeeee;
  7299: f0f0f0;
  7300: f0f0f0;
  7301: f5f5f5;
  7302: ffffff;
  7303: ffffff;
  7304: ffffff;
  7305: ffffff;
  7306: ffffff;
  7307: eeeeee;
  7308: f0f0f0;
  7309: ededed;
  7310: ededed;
  7311: ececec;
  7312: ececec;
  7313: fefefe;
  7314: ffffff;
  7315: ffffff;
  7316: ffffff;
  7317: ffffff;
  7318: ebebeb;
  7319: ededed;
  7320: ededed;
  7321: ededed;
  7322: eeeeee;
  7323: fefefe;
  7324: ffffff;
  7325: ffffff;
  7326: ffffff;
  7327: feffff;
  7328: fcffff;
  7329: eaeeed;
  7330: eceeed;
  7331: eeeced;
  7332: f0ece9;
  7333: f0eceb;
  7334: fbf7f8;
  7335: fffdff;
  7336: fffbff;
  7337: fffcff;
  7338: fffbf4;
  7339: fff4e8;
  7340: 882a22;
  7341: a12621;
  7342: a72523;
  7343: a6221e;
  7344: a7231e;
  7345: a7241a;
  7346: a92318;
  7347: a92317;
  7348: a82418;
  7349: a92318;
  7350: ae2117;
  7351: ac211a;
  7352: a02321;
  7353: 8a3030;
  7354: ffecea;
  7355: f0eceb;
  7356: f6edf0;
  7357: fffbfe;
  7358: fffefd;
  7359: fefffd;
  7360: f9ffff;
  7361: f9ffff;
  7362: eceee9;
  7363: f0efeb;
  7364: f3eff0;
  7365: f2edf1;
  7366: f3edf1;
  7367: f0eaec;
  7368: fffdfd;
  7369: fff6f3;
  7370: 963d39;
  7371: 9b2e29;
  7372: 8c2d29;
  7373: f0aca9;
  7374: fce7e6;
  7375: edefee;
  7376: edeef0;
  7377: eeeef0;
  7378: f8f3f7;
  7379: fefcff;
  7380: fbffff;
  7381: f9ffff;
  7382: feffff;
  7383: fffeff;
  7384: f5f1f0;
  7385: eeedeb;
  7386: eef0ed;
  7387: edf2ee;
  7388: f0eeef;
  7389: f2f0f1;
  7390: ffffff;
  7391: fdfffe;
  7392: ffffff;
  7393: ffffff;
  7394: ffffff;
  7395: f6f6f6;
  7396: ececec;
  7397: eeeeee;
  7398: ededed;
  7399: ededed;
  7400: ebebeb;
  7401: fefefe;
  7402: ffffff;
  7403: ffffff;
  7404: ffffff;
  7405: ffffff;
  7406: ececec;
  7407: ededed;
  7408: eeeeee;
  7409: ededed;
  7410: ededed;
  7411: ececec;
  7412: ffffff;
  7413: ffffff;
  7414: ffffff;
  7415: ffffff;
  7416: fdfdfd;
  7417: efefef;
  7418: f0f0f0;
  7419: eeeeee;
  7420: eeeeee;
  7421: f0f0f0;
  7422: efefef;
  7423: fefefe;
  7424: eeeeee;
  7425: efefef;
  7426: eeeeee;
  7427: eeeeee;
  7428: ededed;
  7429: f2f2f2;
  7430: fdfdfd;
  7431: fefefe;
  7432: fdfdfd;
  7433: ffffff;
  7434: fefefe;
  7435: ededed;
  7436: ededed;
  7437: eeeeee;
  7438: f0f0f0;
  7439: efefef;
  7440: efefef;
  7441: ffffff;
  7442: fdfdfd;
  7443: fefefe;
  7444: fdfdfd;
  7445: ffffff;
  7446: ececec;
  7447: efefef;
  7448: f0f0f0;
  7449: efefef;
  7450: f0f0f0;
  7451: fefefe;
  7452: ffffff;
  7453: fefefe;
  7454: fcfcfc;
  7455: fdfffe;
  7456: f9fffd;
  7457: e9efef;
  7458: edecf1;
  7459: f0eef3;
  7460: f0eeef;
  7461: efedee;
  7462: f7f5f8;
  7463: fffdff;
  7464: fffcff;
  7465: fff6fa;
  7466: fff3ed;
  7467: 874539;
  7468: 9a2e24;
  7469: a3221c;
  7470: a41f20;
  7471: a92427;
  7472: a52323;
  7473: a5241f;
  7474: a7231e;
  7475: a7241c;
  7476: a5241e;
  7477: a7241c;
  7478: ab221a;
  7479: a4251e;
  7480: 8f2927;
  7481: ffdede;
  7482: faeaea;
  7483: eaf0f0;
  7484: edecea;
  7485: fffdfc;
  7486: fcfefb;
  7487: fbffff;
  7488: f9ffff;
  7489: faffff;
  7490: ecf1ea;
  7491: ecefe6;
  7492: ececec;
  7493: edebf0;
  7494: f0ebf1;
  7495: efeaee;
  7496: ffffff;
  7497: fffbf4;
  7498: ffe8e0;
  7499: 6a261b;
  7500: d9a49e;
  7501: ffe6e2;
  7502: f8e6e6;
  7503: f5eff1;
  7504: f2edf1;
  7505: f3eef2;
  7506: fbf5f9;
  7507: fffdff;
  7508: f9ffff;
  7509: f9ffff;
  7510: feffff;
  7511: fefcfd;
  7512: f4f0f1;
  7513: eeeced;
  7514: eceeed;
  7515: eaeeed;
  7516: eeeeee;
  7517: f3f1f2;
  7518: ffffff;
  7519: ffffff;
  7520: fefefe;
  7521: fdfdfd;
  7522: fefefe;
  7523: f6f6f6;
  7524: eeeeee;
  7525: efefef;
  7526: efefef;
  7527: f0f0f0;
  7528: eeeeee;
  7529: ffffff;
  7530: fdfdfd;
  7531: fdfdfd;
  7532: fdfdfd;
  7533: ffffff;
  7534: ececec;
  7535: efefef;
  7536: f0f0f0;
  7537: eeeeee;
  7538: f0f0f0;
  7539: ededed;
  7540: ffffff;
  7541: fdfdfd;
  7542: ffffff;
  7543: fdfdfd;
  7544: ffffff;
  7545: ececec;
  7546: eeeeee;
  7547: ededed;
  7548: ededed;
  7549: eeeeee;
  7550: ececec;
  7551: ffffff;
  7552: efefef;
  7553: f0f0f0;
  7554: f0f0f0;
  7555: f1f1f1;
  7556: f2f2f2;
  7557: f6f6f6;
  7558: fbfbfb;
  7559: fdfdfd;
  7560: fdfdfd;
  7561: fdfdfd;
  7562: fbfbfb;
  7563: f2f2f2;
  7564: f1f1f1;
  7565: f0f0f0;
  7566: f1f1f1;
  7567: f1f1f1;
  7568: f0f0f0;
  7569: fafafa;
  7570: fafafa;
  7571: fcfcfc;
  7572: fcfcfc;
  7573: fbfbfb;
  7574: f0f0f0;
  7575: f0f0f0;
  7576: f0f0f0;
  7577: f0f0f0;
  7578: f2f2f2;
  7579: f9f9f9;
  7580: fbfbfb;
  7581: fbfbfb;
  7582: fbfbfb;
  7583: fcfefd;
  7584: f8fcfd;
  7585: f1f5f8;
  7586: f1f0f6;
  7587: f0eff5;
  7588: f0f0f2;
  7589: f0f1f3;
  7590: f7f7f9;
  7591: fcfbff;
  7592: fef9ff;
  7593: fff6fc;
  7594: ffece9;
  7595: 7d2d26;
  7596: 9b2a22;
  7597: a92725;
  7598: a8252b;
  7599: a7242c;
  7600: a6252a;
  7601: a62529;
  7602: a62627;
  7603: a62627;
  7604: a42627;
  7605: a42725;
  7606: a92523;
  7607: 9d2929;
  7608: 9b4a49;
  7609: ffefef;
  7610: fbf2f3;
  7611: ecf5f4;
  7612: edefec;
  7613: fefffb;
  7614: f7fcf8;
  7615: f5fbf9;
  7616: f7fbfe;
  7617: f6fafb;
  7618: f0f6ec;
  7619: f0f3ea;
  7620: f0f0f0;
  7621: f1f0f5;
  7622: f3f0f7;
  7623: f3f2f7;
  7624: f8faf9;
  7625: fffbf5;
  7626: fff6eb;
  7627: 7e5a4e;
  7628: ffeee7;
  7629: fceeeb;
  7630: fbeff1;
  7631: f8edf1;
  7632: f5ecf1;
  7633: f5eff3;
  7634: f8f3f7;
  7635: f9f9f9;
  7636: f7fdfb;
  7637: f6fffc;
  7638: fbfdfc;
  7639: fcfafb;
  7640: f9f5f6;
  7641: f4f2f3;
  7642: f0f2f1;
  7643: eef2f1;
  7644: f3f3f3;
  7645: f6f4f5;
  7646: fafafa;
  7647: fafafa;
  7648: fdfdfd;
  7649: fcfcfc;
  7650: fbfbfb;
  7651: f7f7f7;
  7652: f3f3f3;
  7653: f1f1f1;
  7654: f1f1f1;
  7655: f0f0f0;
  7656: f0f0f0;
  7657: fafafa;
  7658: fafafa;
  7659: fcfcfc;
  7660: fcfcfc;
  7661: fbfbfb;
  7662: f0f0f0;
  7663: f0f0f0;
  7664: f0f0f0;
  7665: f0f0f0;
  7666: f3f3f3;
  7667: f2f2f2;
  7668: fbfbfb;
  7669: fafafa;
  7670: fdfdfd;
  7671: fdfdfd;
  7672: fafafa;
  7673: f0f0f0;
  7674: f2f2f2;
  7675: f2f2f2;
  7676: f2f2f2;
  7677: f2f2f2;
  7678: f1f1f1;
  7679: fafafa;
  7680: ffffff;
  7681: ffffff;
  7682: ffffff;
  7683: ffffff;
  7684: fdfdfd;
  7685: f6f6f6;
  7686: eeeeee;
  7687: eaeaea;
  7688: ebebeb;
  7689: ececec;
  7690: f0f0f0;
  7691: fbfbfb;
  7692: fefefe;
  7693: ffffff;
  7694: ffffff;
  7695: ffffff;
  7696: fefefe;
  7697: f1f1f1;
  7698: eeeeee;
  7699: ebebeb;
  7700: ececec;
  7701: eeeeee;
  7702: fdfdfd;
  7703: ffffff;
  7704: ffffff;
  7705: ffffff;
  7706: fdfdfd;
  7707: f4f4f4;
  7708: efefef;
  7709: ededed;
  7710: ececec;
  7711: ebebeb;
  7712: eeeef0;
  7713: f8f7fc;
  7714: fefdff;
  7715: feffff;
  7716: feffff;
  7717: fafeff;
  7718: f3f4f6;
  7719: ecedef;
  7720: eeecf1;
  7721: fee7ed;
  7722: eab2b5;
  7723: 7c2627;
  7724: 8c2020;
  7725: 921a1c;
  7726: 991b27;
  7727: 90101f;
  7728: 951723;
  7729: 951722;
  7730: 951723;
  7731: 941725;
  7732: 911923;
  7733: 911923;
  7734: 941822;
  7735: 881d25;
  7736: d59397;
  7737: fff5f6;
  7738: fff9fa;
  7739: fafefd;
  7740: fafffc;
  7741: e7ede9;
  7742: edefee;
  7743: ececec;
  7744: eeecf1;
  7745: f1f1f3;
  7746: fafbf5;
  7747: fdfef8;
  7748: fefefc;
  7749: fefeff;
  7750: fdfcff;
  7751: fcfdff;
  7752: ebefee;
  7753: ecebe6;
  7754: f5ebe2;
  7755: e6dcd3;
  7756: f2f3ed;
  7757: fcfefb;
  7758: fffdff;
  7759: fff9fe;
  7760: fffdff;
  7761: fffeff;
  7762: faf8f9;
  7763: f1f1f1;
  7764: eaeeed;
  7765: eaefeb;
  7766: ececec;
  7767: edebec;
  7768: fffbff;
  7769: fffdff;
  7770: fdfeff;
  7771: feffff;
  7772: ffffff;
  7773: fcfafb;
  7774: f2f2f0;
  7775: ededeb;
  7776: ececec;
  7777: ededed;
  7778: efefef;
  7779: f5f5f5;
  7780: fbfbfb;
  7781: fefefe;
  7782: ffffff;
  7783: ffffff;
  7784: fefefe;
  7785: f1f1f1;
  7786: efefef;
  7787: ebebeb;
  7788: ececec;
  7789: efefef;
  7790: fdfdfd;
  7791: ffffff;
  7792: ffffff;
  7793: ffffff;
  7794: fefefe;
  7795: fcfcfc;
  7796: f1f1f1;
  7797: efefef;
  7798: ececec;
  7799: ededed;
  7800: eeeeee;
  7801: fefefe;
  7802: ffffff;
  7803: fbfbfb;
  7804: fbfbfb;
  7805: ffffff;
  7806: fefefe;
  7807: eeeeee;
  7808: fefefe;
  7809: fefefe;
  7810: ffffff;
  7811: ffffff;
  7812: ffffff;
  7813: fbfbfb;
  7814: efefef;
  7815: ededed;
  7816: efefef;
  7817: ededed;
  7818: efefef;
  7819: ffffff;
  7820: ffffff;
  7821: ffffff;
  7822: fefefe;
  7823: fefefe;
  7824: fefefe;
  7825: eaeaea;
  7826: eeeeee;
  7827: efefef;
  7828: efefef;
  7829: ececec;
  7830: ffffff;
  7831: fefefe;
  7832: fefefe;
  7833: ffffff;
  7834: ffffff;
  7835: f0f0f0;
  7836: ececec;
  7837: eeeeee;
  7838: efefef;
  7839: efedee;
  7840: f3eff0;
  7841: fffeff;
  7842: ffffff;
  7843: feffff;
  7844: feffff;
  7845: feffff;
  7846: f4f8f9;
  7847: ebeff0;
  7848: ececee;
  7849: fae7eb;
  7850: ffebf1;
  7851: 52070e;
  7852: 6f0a12;
  7853: 73000c;
  7854: 7f051a;
  7855: 7f051a;
  7856: 7d0415;
  7857: 7d0415;
  7858: 7d031a;
  7859: 7b041a;
  7860: 79051a;
  7861: 770618;
  7862: 7b0418;
  7863: 70091c;
  7864: 702c39;
  7865: fff2f9;
  7866: fffcfb;
  7867: fefffd;
  7868: fcffff;
  7869: eaeeed;
  7870: ececec;
  7871: f1eff0;
  7872: eceaed;
  7873: f0eeef;
  7874: fffffd;
  7875: fffffb;
  7876: fffffd;
  7877: ffffff;
  7878: fffeff;
  7879: ffffff;
  7880: edefee;
  7881: eef0ed;
  7882: eeede9;
  7883: f8f9f4;
  7884: ecf2ee;
  7885: fafffe;
  7886: fffdff;
  7887: fffdff;
  7888: fffeff;
  7889: fffeff;
  7890: f7f7f7;
  7891: edefee;
  7892: ebedea;
  7893: ededeb;
  7894: f1edee;
  7895: f2eeef;
  7896: fefcff;
  7897: ffffff;
  7898: feffff;
  7899: feffff;
  7900: fffeff;
  7901: fffdfe;
  7902: efefed;
  7903: ebebe9;
  7904: eeeeee;
  7905: efefef;
  7906: efefef;
  7907: f7f7f7;
  7908: ffffff;
  7909: ffffff;
  7910: ffffff;
  7911: fefefe;
  7912: fefefe;
  7913: eaeaea;
  7914: eeeeee;
  7915: efefef;
  7916: efefef;
  7917: ececec;
  7918: ffffff;
  7919: fefefe;
  7920: fefefe;
  7921: ffffff;
  7922: fefefe;
  7923: ffffff;
  7924: ededed;
  7925: efefef;
  7926: ededed;
  7927: efefef;
  7928: ebebeb;
  7929: ffffff;
  7930: ffffff;
  7931: ffffff;
  7932: ffffff;
  7933: ffffff;
  7934: ffffff;
  7935: ebebeb;
  7936: ffffff;
  7937: fefefe;
  7938: fefefe;
  7939: fdfdfd;
  7940: fdfdfd;
  7941: f8f8f8;
  7942: ededed;
  7943: efefef;
  7944: efefef;
  7945: ededed;
  7946: ececec;
  7947: ffffff;
  7948: fdfdfd;
  7949: ffffff;
  7950: ffffff;
  7951: ffffff;
  7952: ffffff;
  7953: eeeeee;
  7954: eeeeee;
  7955: efefef;
  7956: efefef;
  7957: ebebeb;
  7958: ffffff;
  7959: ffffff;
  7960: ffffff;
  7961: ffffff;
  7962: ffffff;
  7963: f1f1f1;
  7964: ededed;
  7965: eeeeee;
  7966: efefef;
  7967: efeeec;
  7968: f0eceb;
  7969: fffefb;
  7970: fefffd;
  7971: fefffd;
  7972: fffffd;
  7973: fffeff;
  7974: f2f8f6;
  7975: e9efed;
  7976: f0f0f0;
  7977: f9eef2;
  7978: fde7ea;
  7979: af7d86;
  7980: 6b0e21;
  7981: 7c0a24;
  7982: 74011e;
  7983: 77051f;
  7984: 76061c;
  7985: 76061c;
  7986: 790421;
  7987: 770423;
  7988: 730721;
  7989: 730721;
  7990: 790323;
  7991: 730625;
  7992: 5a081f;
  7993: ffe0ec;
  7994: fff8f7;
  7995: fefffa;
  7996: fbfbfb;
  7997: efedf0;
  7998: f2f0f3;
  7999: ebe9ea;
  8000: f1f0ee;
  8001: efefef;
  8002: feffff;
  8003: fbfffe;
  8004: fafffb;
  8005: fdfffa;
  8006: fefcfd;
  8007: fffeff;
  8008: f1eff0;
  8009: e8e8e8;
  8010: f0eff4;
  8011: ecebf0;
  8012: edebec;
  8013: fffeff;
  8014: fefdff;
  8015: fdfeff;
  8016: fdfffe;
  8017: fefffd;
  8018: f9fbf8;
  8019: eff1ee;
  8020: f0efed;
  8021: f2eeed;
  8022: f2ecee;
  8023: f0eced;
  8024: fbf9fc;
  8025: fdfeff;
  8026: fcfdff;
  8027: fcfdff;
  8028: fffeff;
  8029: fffeff;
  8030: efefed;
  8031: eef0ed;
  8032: ededed;
  8033: efefef;
  8034: ededed;
  8035: f7f7f7;
  8036: ffffff;
  8037: ffffff;
  8038: ffffff;
  8039: ffffff;
  8040: ffffff;
  8041: eeeeee;
  8042: eeeeee;
  8043: eeeeee;
  8044: efefef;
  8045: ececec;
  8046: ffffff;
  8047: ffffff;
  8048: ffffff;
  8049: ffffff;
  8050: ffffff;
  8051: ffffff;
  8052: ececec;
  8053: eeeeee;
  8054: ededed;
  8055: eeeeee;
  8056: efefef;
  8057: fefefe;
  8058: fdfdfd;
  8059: ffffff;
  8060: ffffff;
  8061: fdfdfd;
  8062: fefefe;
  8063: efefef;
  8064: ffffff;
  8065: fefefe;
  8066: ffffff;
  8067: fefefe;
  8068: ffffff;
  8069: f9f9f9;
  8070: eeeeee;
  8071: f0f0f0;
  8072: ededed;
  8073: efefef;
  8074: eeeeee;
  8075: ffffff;
  8076: fdfdfd;
  8077: ffffff;
  8078: ffffff;
  8079: fefefe;
  8080: fefefe;
  8081: f0f0f0;
  8082: ececec;
  8083: ededed;
  8084: eeeeee;
  8085: ededed;
  8086: fefefe;
  8087: fefefe;
  8088: ffffff;
  8089: fefefe;
  8090: ffffff;
  8091: f1f1f1;
  8092: eeeeee;
  8093: eeeeee;
  8094: eeeeee;
  8095: efeeec;
  8096: f0ece9;
  8097: fffefb;
  8098: fefffa;
  8099: fefefc;
  8100: fffffd;
  8101: ffffff;
  8102: f2f8f6;
  8103: ebf1ef;
  8104: eeeeee;
  8105: eeeaeb;
  8106: f3eaeb;
  8107: ffe8ef;
  8108: 5d081f;
  8109: 750626;
  8110: 730625;
  8111: 760926;
  8112: 750921;
  8113: 760821;
  8114: 780627;
  8115: 780628;
  8116: 740927;
  8117: 750827;
  8118: 790528;
  8119: 76062a;
  8120: 6d0d29;
  8121: 6a2739;
  8122: fff8f8;
  8123: fffdf8;
  8124: fffeff;
  8125: f0eef1;
  8126: eceaed;
  8127: f0f0f0;
  8128: edefec;
  8129: eceeed;
  8130: feffff;
  8131: fcffff;
  8132: fcfffd;
  8133: fefffb;
  8134: fffefc;
  8135: fffeff;
  8136: f2eeef;
  8137: f0eef1;
  8138: f0eff5;
  8139: f1f0f6;
  8140: edebec;
  8141: fffeff;
  8142: feffff;
  8143: fcffff;
  8144: feffff;
  8145: fcfffd;
  8146: f8faf7;
  8147: edefec;
  8148: eeedeb;
  8149: f2eeed;
  8150: f3edef;
  8151: f2eeef;
  8152: fafafc;
  8153: feffff;
  8154: feffff;
  8155: ffffff;
  8156: fffeff;
  8157: fffeff;
  8158: ededeb;
  8159: edefec;
  8160: ededed;
  8161: efefef;
  8162: ededed;
  8163: f7f7f7;
  8164: ffffff;
  8165: fefefe;
  8166: fefefe;
  8167: ffffff;
  8168: fdfdfd;
  8169: f0f0f0;
  8170: ececec;
  8171: ededed;
  8172: eeeeee;
  8173: eeeeee;
  8174: fefefe;
  8175: fefefe;
  8176: ffffff;
  8177: fefefe;
  8178: fefefe;
  8179: ffffff;
  8180: eeeeee;
  8181: efefef;
  8182: efefef;
  8183: ededed;
  8184: efefef;
  8185: fdfdfd;
  8186: ffffff;
  8187: ffffff;
  8188: ffffff;
  8189: ffffff;
  8190: fdfdfd;
  8191: efefef;
  8192: ffffff;
  8193: ffffff;
  8194: ffffff;
  8195: fefefe;
  8196: ffffff;
  8197: f9f9f9;
  8198: f1f1f1;
  8199: ededed;
  8200: ededed;
  8201: ececec;
  8202: ebebeb;
  8203: ffffff;
  8204: ffffff;
  8205: fdfdfd;
  8206: ffffff;
  8207: ffffff;
  8208: ffffff;
  8209: eaeaea;
  8210: efefef;
  8211: f1f1f1;
  8212: ededed;
  8213: ececec;
  8214: ffffff;
  8215: ffffff;
  8216: ffffff;
  8217: ffffff;
  8218: ffffff;
  8219: f1f1f1;
  8220: eaeaea;
  8221: f0f0f0;
  8222: ededed;
  8223: eeeeee;
  8224: efeeec;
  8225: fffefd;
  8226: fffcfb;
  8227: fffeff;
  8228: f8fefc;
  8229: f9ffff;
  8230: f2fbf8;
  8231: e7edeb;
  8232: f0f2f1;
  8233: eceaeb;
  8234: f0eceb;
  8235: fff4f9;
  8236: 621529;
  8237: 6f0825;
  8238: 700725;
  8239: 740724;
  8240: 770622;
  8241: 780522;
  8242: 780524;
  8243: 770624;
  8244: 750724;
  8245: 750724;
  8246: 770624;
  8247: 770624;
  8248: 740726;
  8249: 610c23;
  8250: ffd6e0;
  8251: fff9fa;
  8252: fffefd;
  8253: eceeed;
  8254: eff1f0;
  8255: eceeed;
  8256: e9efed;
  8257: ecf2f0;
  8258: fcfdff;
  8259: ffffff;
  8260: ffffff;
  8261: fdfffc;
  8262: fffffd;
  8263: fffffd;
  8264: f1edec;
  8265: f0eced;
  8266: efeff1;
  8267: eaebed;
  8268: eaeeed;
  8269: fcffff;
  8270: feffff;
  8271: feffff;
  8272: fefefe;
  8273: feffff;
  8274: f8f8f8;
  8275: efefef;
  8276: efefef;
  8277: efedee;
  8278: edebec;
  8279: efedee;
  8280: fbfbfb;
  8281: fefefe;
  8282: ffffff;
  8283: ffffff;
  8284: fefefe;
  8285: ffffff;
  8286: ededed;
  8287: ededed;
  8288: ededed;
  8289: ececec;
  8290: eeeeee;
  8291: f6f6f6;
  8292: ffffff;
  8293: ffffff;
  8294: ffffff;
  8295: ffffff;
  8296: ffffff;
  8297: ebebeb;
  8298: efefef;
  8299: f0f0f0;
  8300: ededed;
  8301: ededed;
  8302: ffffff;
  8303: fefefe;
  8304: ffffff;
  8305: ffffff;
  8306: ffffff;
  8307: fefefe;
  8308: efefef;
  8309: ededed;
  8310: ededed;
  8311: eeeeee;
  8312: eeeeee;
  8313: ffffff;
  8314: fefefe;
  8315: ffffff;
  8316: ffffff;
  8317: fefefe;
  8318: ffffff;
  8319: ededed;
  8320: fefefe;
  8321: ffffff;
  8322: ffffff;
  8323: ffffff;
  8324: ffffff;
  8325: f8f8f8;
  8326: eeeeee;
  8327: ececec;
  8328: efefef;
  8329: f0f0f0;
  8330: ededed;
  8331: ffffff;
  8332: ffffff;
  8333: fdfdfd;
  8334: fefefe;
  8335: fdfdfd;
  8336: fefefe;
  8337: ededed;
  8338: eeeeee;
  8339: efefef;
  8340: ededed;
  8341: efefef;
  8342: fefefe;
  8343: ffffff;
  8344: fefefe;
  8345: fdfdfd;
  8346: ffffff;
  8347: f1f1f1;
  8348: ededed;
  8349: f0f0f0;
  8350: eeeeee;
  8351: f0f0f0;
  8352: eeeced;
  8353: fffeff;
  8354: fffafc;
  8355: fffeff;
  8356: fbffff;
  8357: f9ffff;
  8358: f1faf7;
  8359: eaeeed;
  8360: e9ebea;
  8361: eeeeec;
  8362: f3f2f0;
  8363: f9e5e7;
  8364: ffe9f7;
  8365: 630e25;
  8366: 6c0822;
  8367: 750724;
  8368: 780524;
  8369: 780524;
  8370: 770624;
  8371: 750724;
  8372: 770622;
  8373: 770622;
  8374: 770622;
  8375: 770622;
  8376: 770624;
  8377: 6a0821;
  8378: 4f0a1c;
  8379: fff1f9;
  8380: fffdfb;
  8381: ebf0ec;
  8382: eef0ef;
  8383: eaeceb;
  8384: eaf0f0;
  8385: ecf0f1;
  8386: ffffff;
  8387: fffeff;
  8388: ffffff;
  8389: ffffff;
  8390: fefffd;
  8391: fdfffc;
  8392: f0efed;
  8393: f1edec;
  8394: f1eff0;
  8395: edefee;
  8396: eaeeed;
  8397: fafffe;
  8398: fbfcfe;
  8399: fefeff;
  8400: fdfdfd;
  8401: ffffff;
  8402: f7f7f7;
  8403: ededed;
  8404: eeeeee;
  8405: efefef;
  8406: eeeeee;
  8407: f0f0f0;
  8408: fcfcfc;
  8409: ffffff;
  8410: ffffff;
  8411: ffffff;
  8412: fefefe;
  8413: ffffff;
  8414: ededed;
  8415: efefef;
  8416: f0f0f0;
  8417: eeeeee;
  8418: efefef;
  8419: f7f7f7;
  8420: fefefe;
  8421: fefefe;
  8422: fcfcfc;
  8423: fefefe;
  8424: ffffff;
  8425: ededed;
  8426: eeeeee;
  8427: eeeeee;
  8428: ededed;
  8429: f0f0f0;
  8430: ffffff;
  8431: ffffff;
  8432: fefefe;
  8433: fefefe;
  8434: fefefe;
  8435: ffffff;
  8436: efefef;
  8437: efefef;
  8438: f0f0f0;
  8439: efefef;
  8440: efefef;
  8441: fefefe;
  8442: ffffff;
  8443: ffffff;
  8444: ffffff;
  8445: ffffff;
  8446: fefefe;
  8447: eeeeee;
  8448: fdfdfd;
  8449: ffffff;
  8450: fefefe;
  8451: ffffff;
  8452: ffffff;
  8453: f7f7f7;
  8454: ededed;
  8455: eeeeee;
  8456: ececec;
  8457: eeeeee;
  8458: ececec;
  8459: fefefe;
  8460: fdfdfd;
  8461: ffffff;
  8462: ffffff;
  8463: ffffff;
  8464: fdfdfd;
  8465: efefef;
  8466: ededed;
  8467: ededed;
  8468: eeeeee;
  8469: f0f0f0;
  8470: fcfcfc;
  8471: ffffff;
  8472: ffffff;
  8473: fefefe;
  8474: ffffff;
  8475: f2f2f2;
  8476: eeeeee;
  8477: ededed;
  8478: ececec;
  8479: ececec;
  8480: eeeced;
  8481: fffeff;
  8482: fff9fc;
  8483: fffdff;
  8484: fffeff;
  8485: feffff;
  8486: f5f7f6;
  8487: eef0ef;
  8488: eeeeee;
  8489: eeeeec;
  8490: eceeeb;
  8491: f6eeec;
  8492: fff5fa;
  8493: d197a5;
  8494: 6f1028;
  8495: 760322;
  8496: 780524;
  8497: 770624;
  8498: 730824;
  8499: 730824;
  8500: 770622;
  8501: 780522;
  8502: 750722;
  8503: 750722;
  8504: 760825;
  8505: 6f0722;
  8506: 6a1029;
  8507: cf92a1;
  8508: fff9fa;
  8509: ecf1eb;
  8510: ecebe9;
  8511: f6f2f3;
  8512: f0f0f2;
  8513: ededef;
  8514: fffdff;
  8515: fffcff;
  8516: fffeff;
  8517: fdfffe;
  8518: fcfffd;
  8519: fbfffc;
  8520: ececea;
  8521: edecea;
  8522: f0eced;
  8523: f0f0f0;
  8524: edefee;
  8525: fcffff;
  8526: fdfffe;
  8527: feffff;
  8528: ffffff;
  8529: ffffff;
  8530: fafafa;
  8531: eeeeee;
  8532: ededed;
  8533: eeeeee;
  8534: ececec;
  8535: ededed;
  8536: fbfbfb;
  8537: ffffff;
  8538: ffffff;
  8539: fefefe;
  8540: fefefe;
  8541: ffffff;
  8542: ededed;
  8543: f0f0f0;
  8544: ededed;
  8545: ececec;
  8546: ededed;
  8547: f6f6f6;
  8548: ffffff;
  8549: ffffff;
  8550: ffffff;
  8551: ffffff;
  8552: fdfdfd;
  8553: efefef;
  8554: ededed;
  8555: ededed;
  8556: eeeeee;
  8557: f2f2f2;
  8558: fdfdfd;
  8559: fefefe;
  8560: ffffff;
  8561: ffffff;
  8562: ffffff;
  8563: ffffff;
  8564: ededed;
  8565: eeeeee;
  8566: ededed;
  8567: ececec;
  8568: efefef;
  8569: fefefe;
  8570: ffffff;
  8571: fefefe;
  8572: fefefe;
  8573: ffffff;
  8574: fdfdfd;
  8575: eeeeee;
  8576: fefefe;
  8577: ffffff;
  8578: fdfdfd;
  8579: fefefe;
  8580: ffffff;
  8581: f8f8f8;
  8582: ededed;
  8583: efefef;
  8584: efefef;
  8585: f0f0f0;
  8586: eeeeee;
  8587: ffffff;
  8588: fefefe;
  8589: ffffff;
  8590: fdfdfd;
  8591: fefefe;
  8592: ffffff;
  8593: eeeeee;
  8594: eeeeee;
  8595: ededed;
  8596: ededed;
  8597: efefef;
  8598: fdfdfd;
  8599: ffffff;
  8600: fefefe;
  8601: fdfdfd;
  8602: ffffff;
  8603: f0f0f0;
  8604: eeeeee;
  8605: eeeeee;
  8606: efefef;
  8607: efefef;
  8608: edefee;
  8609: ffffff;
  8610: fffcfe;
  8611: fffdff;
  8612: fffeff;
  8613: fffeff;
  8614: f6f6f6;
  8615: eeeeee;
  8616: f0eeef;
  8617: edebec;
  8618: edefec;
  8619: f1f0ec;
  8620: fffcfa;
  8621: ffeef6;
  8622: 691026;
  8623: 740120;
  8624: 780524;
  8625: 750724;
  8626: 710924;
  8627: 710924;
  8628: 770622;
  8629: 780522;
  8630: 770622;
  8631: 750722;
  8632: 760825;
  8633: 770926;
  8634: 6f0422;
  8635: 5c0d22;
  8636: fff6fb;
  8637: f0ebe8;
  8638: f4eeee;
  8639: f1edec;
  8640: f1eff0;
  8641: eceaed;
  8642: fffcff;
  8643: fffbff;
  8644: fffeff;
  8645: fdfffe;
  8646: fbfffd;
  8647: fbfffd;
  8648: eef0ed;
  8649: f0efed;
  8650: f0eced;
  8651: f1eff0;
  8652: ededed;
  8653: fdfffe;
  8654: fcfefd;
  8655: fdfffe;
  8656: fefefe;
  8657: ffffff;
  8658: f8f8f8;
  8659: efefef;
  8660: ededed;
  8661: f0f0f0;
  8662: efefef;
  8663: efefef;
  8664: f9f9f9;
  8665: ffffff;
  8666: fefefe;
  8667: fefefe;
  8668: ffffff;
  8669: ffffff;
  8670: eeeeee;
  8671: efefef;
  8672: f0f0f0;
  8673: eeeeee;
  8674: efefef;
  8675: f7f7f7;
  8676: ffffff;
  8677: ffffff;
  8678: fcfcfc;
  8679: ffffff;
  8680: ffffff;
  8681: eeeeee;
  8682: eeeeee;
  8683: ececec;
  8684: ededed;
  8685: f0f0f0;
  8686: fefefe;
  8687: fefefe;
  8688: ffffff;
  8689: fefefe;
  8690: fefefe;
  8691: ffffff;
  8692: ececec;
  8693: efefef;
  8694: efefef;
  8695: eeeeee;
  8696: ededed;
  8697: ffffff;
  8698: ffffff;
  8699: fefefe;
  8700: fefefe;
  8701: ffffff;
  8702: ffffff;
  8703: ededed;
  8704: ffffff;
  8705: ffffff;
  8706: fefefe;
  8707: ffffff;
  8708: ffffff;
  8709: f8f8f8;
  8710: eeeeee;
  8711: eeeeee;
  8712: efefef;
  8713: ededed;
  8714: eeeeee;
  8715: ffffff;
  8716: ffffff;
  8717: ffffff;
  8718: fefefe;
  8719: ffffff;
  8720: ffffff;
  8721: ececec;
  8722: eeeeee;
  8723: ececec;
  8724: ededed;
  8725: ececec;
  8726: ffffff;
  8727: ffffff;
  8728: ffffff;
  8729: ffffff;
  8730: ffffff;
  8731: f0f0f0;
  8732: ececec;
  8733: ececec;
  8734: efefef;
  8735: eceeed;
  8736: e8f1ee;
  8737: fbffff;
  8738: ffffff;
  8739: fffeff;
  8740: fffeff;
  8741: fffeff;
  8742: f6f6f6;
  8743: ececec;
  8744: eeeced;
  8745: f0eeef;
  8746: eeedeb;
  8747: ebece7;
  8748: fefffa;
  8749: fff4f7;
  8750: 59051c;
  8751: 7a0829;
  8752: 780524;
  8753: 770624;
  8754: 730822;
  8755: 730822;
  8756: 770622;
  8757: 780522;
  8758: 780522;
  8759: 770622;
  8760: 790824;
  8761: 760320;
  8762: 7c0928;
  8763: 63051d;
  8764: f2c0cb;
  8765: fde9ea;
  8766: f6eeec;
  8767: ebeae8;
  8768: eeeced;
  8769: efeaee;
  8770: fffbff;
  8771: fffcff;
  8772: fffeff;
  8773: feffff;
  8774: f9ffff;
  8775: f9ffff;
  8776: eaefeb;
  8777: efefed;
  8778: efebea;
  8779: f1edec;
  8780: eeeced;
  8781: fefefe;
  8782: feffff;
  8783: feffff;
  8784: ffffff;
  8785: ffffff;
  8786: f8f8f8;
  8787: efefef;
  8788: ececec;
  8789: eeeeee;
  8790: eeeeee;
  8791: eeeeee;
  8792: fbfbfb;
  8793: ffffff;
  8794: ffffff;
  8795: ffffff;
  8796: ffffff;
  8797: fefefe;
  8798: eeeeee;
  8799: ededed;
  8800: efefef;
  8801: ededed;
  8802: eeeeee;
  8803: f7f7f7;
  8804: ffffff;
  8805: ffffff;
  8806: fefefe;
  8807: ffffff;
  8808: ffffff;
  8809: ececec;
  8810: eeeeee;
  8811: ebebeb;
  8812: ececec;
  8813: ededed;
  8814: ffffff;
  8815: ffffff;
  8816: ffffff;
  8817: ffffff;
  8818: ffffff;
  8819: ffffff;
  8820: ededed;
  8821: ededed;
  8822: eeeeee;
  8823: eeeeee;
  8824: ececec;
  8825: ffffff;
  8826: ffffff;
  8827: ffffff;
  8828: ffffff;
  8829: ffffff;
  8830: ffffff;
  8831: ebebeb;
  8832: fefefe;
  8833: fefefe;
  8834: fdfdfd;
  8835: fefefe;
  8836: fdfdfd;
  8837: f8f8f8;
  8838: f1f1f1;
  8839: eeeeee;
  8840: eeeeee;
  8841: ebebeb;
  8842: efefef;
  8843: fbfbfb;
  8844: fefefe;
  8845: ffffff;
  8846: fefefe;
  8847: ffffff;
  8848: ffffff;
  8849: eeeeee;
  8850: f0f0f0;
  8851: eeeeee;
  8852: efefef;
  8853: eeeeee;
  8854: fdfdfd;
  8855: fefefe;
  8856: ffffff;
  8857: ffffff;
  8858: fdfdfd;
  8859: f4f4f4;
  8860: ededed;
  8861: eeeeee;
  8862: eeeeee;
  8863: ebedec;
  8864: ebf4f1;
  8865: f4fdfa;
  8866: fdfffe;
  8867: fffdfe;
  8868: fffcfd;
  8869: fefcfd;
  8870: f6f6f6;
  8871: efefef;
  8872: f1eff0;
  8873: eceaeb;
  8874: edecea;
  8875: ebedea;
  8876: fafffa;
  8877: fffafa;
  8878: a15e6f;
  8879: 6c0925;
  8880: 730623;
  8881: 770624;
  8882: 750722;
  8883: 750722;
  8884: 780522;
  8885: 780522;
  8886: 780522;
  8887: 780522;
  8888: 74011e;
  8889: 7c0724;
  8890: 7c0626;
  8891: 700924;
  8892: 591426;
  8893: fff2fa;
  8894: f0e4e4;
  8895: f1f3f0;
  8896: eeeeee;
  8897: f4eff3;
  8898: fff9fe;
  8899: fffbff;
  8900: fffeff;
  8901: fdfffe;
  8902: f7fffd;
  8903: f7fffd;
  8904: e9eeea;
  8905: ededeb;
  8906: f0eceb;
  8907: f2eeed;
  8908: f4f0f1;
  8909: fefcfd;
  8910: ffffff;
  8911: feffff;
  8912: ffffff;
  8913: fdfdfd;
  8914: f8f8f8;
  8915: f1f1f1;
  8916: ededed;
  8917: ededed;
  8918: eeeeee;
  8919: ededed;
  8920: fdfdfd;
  8921: ffffff;
  8922: fefefe;
  8923: fefefe;
  8924: ffffff;
  8925: fbfbfb;
  8926: f2f2f2;
  8927: efefef;
  8928: ededed;
  8929: eeeeee;
  8930: efefef;
  8931: f5f5f5;
  8932: fdfdfd;
  8933: ffffff;
  8934: ffffff;
  8935: ffffff;
  8936: fefefe;
  8937: eeeeee;
  8938: f0f0f0;
  8939: eeeeee;
  8940: eeeeee;
  8941: efefef;
  8942: fefefe;
  8943: fefefe;
  8944: ffffff;
  8945: ffffff;
  8946: ffffff;
  8947: fcfcfc;
  8948: f1f1f1;
  8949: eeeeee;
  8950: ededed;
  8951: ededed;
  8952: efefef;
  8953: fefefe;
  8954: fcfcfc;
  8955: ffffff;
  8956: ffffff;
  8957: fcfcfc;
  8958: fefefe;
  8959: efefef;
  8960: f6f6f6;
  8961: f5f5f5;
  8962: f6f6f6;
  8963: f6f6f6;
  8964: f4f4f4;
  8965: f6f6f6;
  8966: f8f8f8;
  8967: f6f6f6;
  8968: fafafa;
  8969: f7f7f7;
  8970: f8f8f8;
  8971: f5f5f5;
  8972: f5f5f5;
  8973: f4f4f4;
  8974: f5f5f5;
  8975: f3f3f3;
  8976: f5f5f5;
  8977: f7f7f7;
  8978: f7f7f7;
  8979: f8f8f8;
  8980: f7f7f7;
  8981: f7f7f7;
  8982: f5f5f5;
  8983: f6f6f6;
  8984: f3f3f3;
  8985: f6f6f6;
  8986: f4f4f4;
  8987: fafafa;
  8988: f7f7f7;
  8989: f9f9f9;
  8990: f7f7f7;
  8991: f8faf9;
  8992: f5f9f8;
  8993: f0f4f3;
  8994: f6f4f5;
  8995: fbf5f7;
  8996: f8f4f5;
  8997: f6f4f5;
  8998: f6f8f7;
  8999: f6f8f7;
  9000: f5f7f6;
  9001: fafafa;
  9002: fbfbf9;
  9003: fafcf9;
  9004: eff6ef;
  9005: f8f0ee;
  9006: ffdae4;
  9007: 530c1e;
  9008: 6c0a23;
  9009: 760523;
  9010: 7a0522;
  9011: 7a0522;
  9012: 7a0522;
  9013: 7a0522;
  9014: 780522;
  9015: 780522;
  9016: 7c0724;
  9017: 790421;
  9018: 740321;
  9019: 710924;
  9020: 61081e;
  9021: ffdfeb;
  9022: fff4f4;
  9023: f5faf4;
  9024: f3f7f6;
  9025: f9f9fb;
  9026: f7f2f6;
  9027: faf4f8;
  9028: faf6f7;
  9029: f6f6f6;
  9030: f2f6f5;
  9031: f1f7f5;
  9032: f5fbf9;
  9033: f6f8f7;
  9034: faf9f7;
  9035: fbf7f6;
  9036: faf6f5;
  9037: f4f3f1;
  9038: f5f5f3;
  9039: f2f4f1;
  9040: f4f4f4;
  9041: f3f3f3;
  9042: f5f5f5;
  9043: f7f7f7;
  9044: f7f7f7;
  9045: f7f7f7;
  9046: f9f9f9;
  9047: f9f9f9;
  9048: f9f9f9;
  9049: f7f7f7;
  9050: f6f6f6;
  9051: f6f6f6;
  9052: f6f6f6;
  9053: f6f6f6;
  9054: f8f8f8;
  9055: f7f7f7;
  9056: f8f8f8;
  9057: fafafa;
  9058: f8f8f8;
  9059: f5f5f5;
  9060: f5f5f5;
  9061: f4f4f4;
  9062: f3f3f3;
  9063: f4f4f4;
  9064: f5f5f5;
  9065: f7f7f7;
  9066: f7f7f7;
  9067: f7f7f7;
  9068: f7f7f7;
  9069: f7f7f7;
  9070: f5f5f5;
  9071: f6f6f6;
  9072: f4f4f4;
  9073: f4f4f4;
  9074: f5f5f5;
  9075: f4f4f4;
  9076: f9f9f9;
  9077: f8f8f8;
  9078: f9f9f9;
  9079: f8f8f8;
  9080: f8f8f8;
  9081: f6f6f6;
  9082: f5f5f5;
  9083: f6f6f6;
  9084: f6f6f6;
  9085: f5f5f5;
  9086: f6f6f6;
  9087: f8f8f8;
  9088: eeeeee;
  9089: ececec;
  9090: eeeeee;
  9091: ededed;
  9092: ebebeb;
  9093: f4f4f4;
  9094: ffffff;
  9095: ffffff;
  9096: ffffff;
  9097: fefefe;
  9098: fefefe;
  9099: f0f0f0;
  9100: ededed;
  9101: ececec;
  9102: efefef;
  9103: ececec;
  9104: ededed;
  9105: ffffff;
  9106: fefefe;
  9107: ffffff;
  9108: ffffff;
  9109: ffffff;
  9110: ededed;
  9111: ededed;
  9112: ededed;
  9113: efefef;
  9114: eeeeee;
  9115: ffffff;
  9116: ffffff;
  9117: ffffff;
  9118: fdfdfd;
  9119: ffffff;
  9120: fdfffe;
  9121: eeeeee;
  9122: efebec;
  9123: f3edef;
  9124: efebec;
  9125: eeeced;
  9126: f6f8f7;
  9127: fcffff;
  9128: feffff;
  9129: feffff;
  9130: fcfcfa;
  9131: fafcf9;
  9132: eef3ef;
  9133: f0ece9;
  9134: feeaec;
  9135: edbdc9;
  9136: 630e25;
  9137: 730623;
  9138: 7b0422;
  9139: 7e0322;
  9140: 7b0422;
  9141: 7a0522;
  9142: 780522;
  9143: 780522;
  9144: 7a0522;
  9145: 770421;
  9146: 770926;
  9147: 760b27;
  9148: 6f0823;
  9149: 570a1c;
  9150: fff5f9;
  9151: fffefa;
  9152: fcffff;
  9153: fbffff;
  9154: eeecef;
  9155: f0ebef;
  9156: f0eced;
  9157: eeeced;
  9158: ebedec;
  9159: ebefee;
  9160: fbffff;
  9161: fafefd;
  9162: fffffd;
  9163: fffffd;
  9164: fffcfb;
  9165: efeeec;
  9166: efefed;
  9167: eceeeb;
  9168: eeeeee;
  9169: eeeeee;
  9170: f6f6f6;
  9171: ffffff;
  9172: ffffff;
  9173: ffffff;
  9174: ffffff;
  9175: ffffff;
  9176: f1f1f1;
  9177: ededed;
  9178: ededed;
  9179: ededed;
  9180: eeeeee;
  9181: f3f3f3;
  9182: fefefe;
  9183: ffffff;
  9184: fefefe;
  9185: ffffff;
  9186: fefefe;
  9187: f5f5f5;
  9188: efefef;
  9189: ededed;
  9190: ededed;
  9191: eeeeee;
  9192: ececec;
  9193: ffffff;
  9194: fefefe;
  9195: ffffff;
  9196: ffffff;
  9197: ffffff;
  9198: ededed;
  9199: ededed;
  9200: eeeeee;
  9201: ededed;
  9202: ededed;
  9203: efefef;
  9204: fefefe;
  9205: ffffff;
  9206: ffffff;
  9207: fefefe;
  9208: ffffff;
  9209: eeeeee;
  9210: eeeeee;
  9211: ececec;
  9212: ececec;
  9213: eeeeee;
  9214: eeeeee;
  9215: ffffff;
  9216: eeeeee;
  9217: eeeeee;
  9218: eeeeee;
  9219: efefef;
  9220: eeeeee;
  9221: f4f4f4;
  9222: ffffff;
  9223: ffffff;
  9224: ffffff;
  9225: ffffff;
  9226: ffffff;
  9227: eeeeee;
  9228: efefef;
  9229: ededed;
  9230: efefef;
  9231: eeeeee;
  9232: efefef;
  9233: ffffff;
  9234: ffffff;
  9235: ffffff;
  9236: ffffff;
  9237: ffffff;
  9238: ededed;
  9239: eeeeee;
  9240: efefef;
  9241: eeeeee;
  9242: eeeeee;
  9243: ffffff;
  9244: fefefe;
  9245: ffffff;
  9246: fefefe;
  9247: ffffff;
  9248: ffffff;
  9249: eeeeee;
  9250: f0eced;
  9251: f2ecee;
  9252: f1edee;
  9253: eeeeee;
  9254: f3f7f6;
  9255: fbffff;
  9256: feffff;
  9257: fefefe;
  9258: feffff;
  9259: fffffd;
  9260: edecea;
  9261: efebea;
  9262: f4eeee;
  9263: ffedf2;
  9264: 7d3648;
  9265: 6d0923;
  9266: 7a0424;
  9267: 7b0021;
  9268: 810625;
  9269: 7b0422;
  9270: 770622;
  9271: 750722;
  9272: 790824;
  9273: 750420;
  9274: 760823;
  9275: 760823;
  9276: 740724;
  9277: 650d23;
  9278: bd8e96;
  9279: fffafa;
  9280: fefffd;
  9281: f7fffe;
  9282: eef0ef;
  9283: edebec;
  9284: f5eff1;
  9285: eee8ea;
  9286: efedee;
  9287: edefee;
  9288: fcffff;
  9289: fcffff;
  9290: feffff;
  9291: ffffff;
  9292: fffeff;
  9293: eeeced;
  9294: efefed;
  9295: eeeeec;
  9296: eeeeee;
  9297: eeeeee;
  9298: f6f6f6;
  9299: ffffff;
  9300: ffffff;
  9301: fefefe;
  9302: ffffff;
  9303: ffffff;
  9304: f1f1f1;
  9305: eeeeee;
  9306: efefef;
  9307: eeeeee;
  9308: eeeeee;
  9309: f1f1f1;
  9310: ffffff;
  9311: ffffff;
  9312: ffffff;
  9313: ffffff;
  9314: ffffff;
  9315: f7f7f7;
  9316: eeeeee;
  9317: eeeeee;
  9318: eeeeee;
  9319: efefef;
  9320: ededed;
  9321: ffffff;
  9322: ffffff;
  9323: ffffff;
  9324: ffffff;
  9325: ffffff;
  9326: ededed;
  9327: eeeeee;
  9328: efefef;
  9329: eeeeee;
  9330: eeeeee;
  9331: eeeeee;
  9332: ffffff;
  9333: ffffff;
  9334: ffffff;
  9335: ffffff;
  9336: ffffff;
  9337: eeeeee;
  9338: eeeeee;
  9339: eeeeee;
  9340: eeeeee;
  9341: eeeeee;
  9342: eeeeee;
  9343: ffffff;
  9344: eeeeee;
  9345: eeeeee;
  9346: eeeeee;
  9347: efefef;
  9348: eeeeee;
  9349: f4f4f4;
  9350: ffffff;
  9351: ffffff;
  9352: ffffff;
  9353: ffffff;
  9354: ffffff;
  9355: eeeeee;
  9356: efefef;
  9357: ededed;
  9358: efefef;
  9359: eeeeee;
  9360: eeeeee;
  9361: ffffff;
  9362: ffffff;
  9363: ffffff;
  9364: ffffff;
  9365: ffffff;
  9366: ededed;
  9367: eeeeee;
  9368: eeeeee;
  9369: eeeeee;
  9370: eeeeee;
  9371: ffffff;
  9372: fefefe;
  9373: ffffff;
  9374: fefefe;
  9375: ffffff;
  9376: feffff;
  9377: eeeeee;
  9378: eeeced;
  9379: efedee;
  9380: efedee;
  9381: eeeeee;
  9382: f2f8f6;
  9383: fbffff;
  9384: ffffff;
  9385: ffffff;
  9386: fdfffe;
  9387: ffffff;
  9388: f0eceb;
  9389: f0eceb;
  9390: efefed;
  9391: fdedee;
  9392: b7818e;
  9393: 691429;
  9394: 720421;
  9395: 810527;
  9396: 76001c;
  9397: 7a0522;
  9398: 760a24;
  9399: 710620;
  9400: 740621;
  9401: 750420;
  9402: 760521;
  9403: 770622;
  9404: 770624;
  9405: 6f0d26;
  9406: 500c1b;
  9407: fff2f9;
  9408: fdf9f8;
  9409: f8ffff;
  9410: e9edec;
  9411: ececec;
  9412: f0eced;
  9413: f3edef;
  9414: efebec;
  9415: efedee;
  9416: feffff;
  9417: fcffff;
  9418: fcffff;
  9419: feffff;
  9420: ffffff;
  9421: eeeced;
  9422: efefed;
  9423: eeeeec;
  9424: eeeeee;
  9425: eeeeee;
  9426: f6f6f6;
  9427: ffffff;
  9428: ffffff;
  9429: fefefe;
  9430: ffffff;
  9431: ffffff;
  9432: f1f1f1;
  9433: eeeeee;
  9434: efefef;
  9435: eeeeee;
  9436: eeeeee;
  9437: f1f1f1;
  9438: ffffff;
  9439: ffffff;
  9440: ffffff;
  9441: ffffff;
  9442: ffffff;
  9443: f6f6f6;
  9444: eeeeee;
  9445: eeeeee;
  9446: eeeeee;
  9447: efefef;
  9448: ededed;
  9449: ffffff;
  9450: ffffff;
  9451: ffffff;
  9452: ffffff;
  9453: ffffff;
  9454: ededed;
  9455: eeeeee;
  9456: efefef;
  9457: eeeeee;
  9458: eeeeee;
  9459: eeeeee;
  9460: ffffff;
  9461: ffffff;
  9462: ffffff;
  9463: ffffff;
  9464: ffffff;
  9465: eeeeee;
  9466: eeeeee;
  9467: eeeeee;
  9468: eeeeee;
  9469: eeeeee;
  9470: eeeeee;
  9471: ffffff;
  9472: eeeeee;
  9473: eeeeee;
  9474: eeeeee;
  9475: efefef;
  9476: eeeeee;
  9477: f4f4f4;
  9478: ffffff;
  9479: ffffff;
  9480: ffffff;
  9481: ffffff;
  9482: ffffff;
  9483: eeeeee;
  9484: efefef;
  9485: ededed;
  9486: efefef;
  9487: eeeeee;
  9488: eeeeee;
  9489: ffffff;
  9490: ffffff;
  9491: ffffff;
  9492: ffffff;
  9493: ffffff;
  9494: ededed;
  9495: eeeeee;
  9496: eeeeee;
  9497: eeeeee;
  9498: eeeeee;
  9499: ffffff;
  9500: fefefe;
  9501: ffffff;
  9502: fefefe;
  9503: feffff;
  9504: fbfffe;
  9505: ebefee;
  9506: eaeeed;
  9507: edefee;
  9508: eeeeee;
  9509: ededed;
  9510: f2f8f6;
  9511: fcffff;
  9512: fffeff;
  9513: fffeff;
  9514: fefefe;
  9515: ffffff;
  9516: efedee;
  9517: f1edee;
  9518: eeeced;
  9519: f6eaec;
  9520: fff3f9;
  9521: 480816;
  9522: 740d28;
  9523: 7c0626;
  9524: 770423;
  9525: 770926;
  9526: 720723;
  9527: 710924;
  9528: 760a24;
  9529: 7a0925;
  9530: 790421;
  9531: 77021f;
  9532: 760521;
  9533: 700821;
  9534: 691024;
  9535: cf939f;
  9536: fffafd;
  9537: f6fcfa;
  9538: ecf0ef;
  9539: edefee;
  9540: f1eff0;
  9541: f2ecee;
  9542: f4eef0;
  9543: efebec;
  9544: ffffff;
  9545: fcffff;
  9546: fcffff;
  9547: feffff;
  9548: ffffff;
  9549: ededed;
  9550: eeeeee;
  9551: eeeeee;
  9552: eeeeee;
  9553: eeeeee;
  9554: f6f6f6;
  9555: ffffff;
  9556: ffffff;
  9557: fefefe;
  9558: ffffff;
  9559: ffffff;
  9560: f1f1f1;
  9561: eeeeee;
  9562: eeeeee;
  9563: eeeeee;
  9564: eeeeee;
  9565: f1f1f1;
  9566: ffffff;
  9567: ffffff;
  9568: ffffff;
  9569: ffffff;
  9570: ffffff;
  9571: f6f6f6;
  9572: eeeeee;
  9573: eeeeee;
  9574: eeeeee;
  9575: eeeeee;
  9576: ededed;
  9577: ffffff;
  9578: ffffff;
  9579: ffffff;
  9580: ffffff;
  9581: ffffff;
  9582: ededed;
  9583: eeeeee;
  9584: eeeeee;
  9585: eeeeee;
  9586: eeeeee;
  9587: eeeeee;
  9588: ffffff;
  9589: ffffff;
  9590: ffffff;
  9591: ffffff;
  9592: ffffff;
  9593: ededed;
  9594: ededed;
  9595: eeeeee;
  9596: eeeeee;
  9597: eeeeee;
  9598: eeeeee;
  9599: ffffff;
  9600: eeeeee;
  9601: eeeeee;
  9602: eeeeee;
  9603: efefef;
  9604: eeeeee;
  9605: f4f4f4;
  9606: ffffff;
  9607: ffffff;
  9608: ffffff;
  9609: ffffff;
  9610: ffffff;
  9611: eeeeee;
  9612: eeeeee;
  9613: ededed;
  9614: efefef;
  9615: ededed;
  9616: eeeeee;
  9617: ffffff;
  9618: ffffff;
  9619: ffffff;
  9620: ffffff;
  9621: ffffff;
  9622: ededed;
  9623: eeeeee;
  9624: eeeeee;
  9625: eeeeee;
  9626: eeeeee;
  9627: ffffff;
  9628: fefefe;
  9629: ffffff;
  9630: fefefe;
  9631: ffffff;
  9632: fdfffe;
  9633: ebefee;
  9634: eaeeed;
  9635: edefee;
  9636: eeeeee;
  9637: ededed;
  9638: f3f7f6;
  9639: fcffff;
  9640: fffeff;
  9641: fffeff;
  9642: fdfffe;
  9643: feffff;
  9644: eeeeee;
  9645: eeeeee;
  9646: ededed;
  9647: f1ebeb;
  9648: fff0f1;
  9649: 94656d;
  9650: 680f25;
  9651: 710421;
  9652: 740724;
  9653: 770c28;
  9654: 6c041f;
  9655: 750a26;
  9656: 730520;
  9657: 770421;
  9658: 7b0422;
  9659: 7d0624;
  9660: 790623;
  9661: 71051f;
  9662: 730b24;
  9663: 5b0e20;
  9664: fff5fd;
  9665: fffeff;
  9666: eeeeee;
  9667: f0f2f1;
  9668: ebebeb;
  9669: eeeaeb;
  9670: f4eef0;
  9671: f3edef;
  9672: fffeff;
  9673: feffff;
  9674: feffff;
  9675: feffff;
  9676: ffffff;
  9677: ececec;
  9678: eeeeee;
  9679: eeeeee;
  9680: eeeeee;
  9681: ededed;
  9682: f6f6f6;
  9683: ffffff;
  9684: ffffff;
  9685: fefefe;
  9686: ffffff;
  9687: ffffff;
  9688: f1f1f1;
  9689: eeeeee;
  9690: eeeeee;
  9691: ededed;
  9692: eeeeee;
  9693: f1f1f1;
  9694: ffffff;
  9695: ffffff;
  9696: ffffff;
  9697: ffffff;
  9698: ffffff;
  9699: f6f6f6;
  9700: eeeeee;
  9701: eeeeee;
  9702: eeeeee;
  9703: eeeeee;
  9704: ededed;
  9705: ffffff;
  9706: ffffff;
  9707: ffffff;
  9708: ffffff;
  9709: ffffff;
  9710: ededed;
  9711: eeeeee;
  9712: eeeeee;
  9713: eeeeee;
  9714: eeeeee;
  9715: ededed;
  9716: ffffff;
  9717: ffffff;
  9718: ffffff;
  9719: ffffff;
  9720: ffffff;
  9721: ededed;
  9722: ededed;
  9723: eeeeee;
  9724: eeeeee;
  9725: eeeeee;
  9726: eeeeee;
  9727: ffffff;
  9728: eeeeee;
  9729: eeeeee;
  9730: eeeeee;
  9731: efefef;
  9732: ededed;
  9733: f4f4f4;
  9734: ffffff;
  9735: ffffff;
  9736: ffffff;
  9737: ffffff;
  9738: ffffff;
  9739: eeeeee;
  9740: eeeeee;
  9741: ededed;
  9742: efefef;
  9743: ededed;
  9744: eeeeee;
  9745: ffffff;
  9746: ffffff;
  9747: ffffff;
  9748: ffffff;
  9749: ffffff;
  9750: ededed;
  9751: eeeeee;
  9752: eeeeee;
  9753: eeeeee;
  9754: eeeeee;
  9755: ffffff;
  9756: fefefe;
  9757: ffffff;
  9758: fefefe;
  9759: ffffff;
  9760: fffdfe;
  9761: efedee;
  9762: ededed;
  9763: eeeeee;
  9764: efedee;
  9765: eeeced;
  9766: f6f6f6;
  9767: ffffff;
  9768: fffeff;
  9769: ffffff;
  9770: fbfffe;
  9771: fbffff;
  9772: ebeff0;
  9773: ebeff0;
  9774: ebeff0;
  9775: efefef;
  9776: f2edea;
  9777: fff0f5;
  9778: 550a1e;
  9779: 6d0a26;
  9780: 710a25;
  9781: 6d0520;
  9782: 720723;
  9783: 750825;
  9784: 790826;
  9785: 760322;
  9786: 7e0725;
  9787: 790220;
  9788: 780522;
  9789: 7b0a26;
  9790: 750420;
  9791: 62091f;
  9792: fff0fa;
  9793: fffafd;
  9794: f2ecec;
  9795: ebebe9;
  9796: eaeceb;
  9797: f2f2f2;
  9798: f1edee;
  9799: efe9eb;
  9800: fffeff;
  9801: ffffff;
  9802: feffff;
  9803: feffff;
  9804: ffffff;
  9805: ececee;
  9806: edefee;
  9807: edefee;
  9808: eeeeee;
  9809: ededed;
  9810: f6f6f6;
  9811: ffffff;
  9812: ffffff;
  9813: fefefe;
  9814: ffffff;
  9815: ffffff;
  9816: f1f1f1;
  9817: eeeeee;
  9818: eeeeee;
  9819: ededed;
  9820: eeeeee;
  9821: f1f1f1;
  9822: ffffff;
  9823: ffffff;
  9824: ffffff;
  9825: ffffff;
  9826: ffffff;
  9827: f6f6f6;
  9828: eeeeee;
  9829: eeeeee;
  9830: eeeeee;
  9831: eeeeee;
  9832: ededed;
  9833: ffffff;
  9834: ffffff;
  9835: ffffff;
  9836: ffffff;
  9837: ffffff;
  9838: ededed;
  9839: eeeeee;
  9840: eeeeee;
  9841: eeeeee;
  9842: eeeeee;
  9843: ededed;
  9844: ffffff;
  9845: ffffff;
  9846: ffffff;
  9847: ffffff;
  9848: ffffff;
  9849: ededed;
  9850: ededed;
  9851: eeeeee;
  9852: eeeeee;
  9853: eeeeee;
  9854: eeeeee;
  9855: ffffff;
  9856: eeeeee;
  9857: eeeeee;
  9858: eeeeee;
  9859: efefef;
  9860: ededed;
  9861: f4f4f4;
  9862: ffffff;
  9863: ffffff;
  9864: ffffff;
  9865: ffffff;
  9866: ffffff;
  9867: eeeeee;
  9868: eeeeee;
  9869: ededed;
  9870: efefef;
  9871: ededed;
  9872: eeeeee;
  9873: ffffff;
  9874: ffffff;
  9875: ffffff;
  9876: ffffff;
  9877: ffffff;
  9878: ededed;
  9879: eeeeee;
  9880: eeeeee;
  9881: ededed;
  9882: eeeeee;
  9883: ffffff;
  9884: fefefe;
  9885: ffffff;
  9886: fefefe;
  9887: fffeff;
  9888: fffdfe;
  9889: f1edee;
  9890: eeeced;
  9891: efedee;
  9892: eeeeee;
  9893: eeeced;
  9894: f9f5f6;
  9895: fffeff;
  9896: fefefe;
  9897: feffff;
  9898: feffff;
  9899: fcffff;
  9900: eaeeef;
  9901: ebeff0;
  9902: ebeff0;
  9903: eff1f0;
  9904: edeee9;
  9905: fbe7e8;
  9906: ffd4e3;
  9907: 5f071f;
  9908: 6f0b25;
  9909: 750a26;
  9910: 750825;
  9911: 730522;
  9912: 770423;
  9913: 7b0827;
  9914: 7b0623;
  9915: 780320;
  9916: 790824;
  9917: 73021e;
  9918: 7b0825;
  9919: 6a0b23;
  9920: 9c6271;
  9921: fff5fd;
  9922: f6eaec;
  9923: f0f0ee;
  9924: eff3f2;
  9925: e8eceb;
  9926: eeeced;
  9927: efebec;
  9928: fffdff;
  9929: fffeff;
  9930: ffffff;
  9931: feffff;
  9932: ffffff;
  9933: ececee;
  9934: edefee;
  9935: edefee;
  9936: eeeeee;
  9937: ededed;
  9938: f6f6f6;
  9939: ffffff;
  9940: ffffff;
  9941: fefefe;
  9942: ffffff;
  9943: ffffff;
  9944: f1f1f1;
  9945: eeeeee;
  9946: eeeeee;
  9947: ededed;
  9948: eeeeee;
  9949: f1f1f1;
  9950: ffffff;
  9951: ffffff;
  9952: ffffff;
  9953: ffffff;
  9954: ffffff;
  9955: f6f6f6;
  9956: eeeeee;
  9957: eeeeee;
  9958: eeeeee;
  9959: eeeeee;
  9960: ededed;
  9961: ffffff;
  9962: ffffff;
  9963: ffffff;
  9964: ffffff;
  9965: ffffff;
  9966: ededed;
  9967: eeeeee;
  9968: eeeeee;
  9969: eeeeee;
  9970: eeeeee;
  9971: ededed;
  9972: ffffff;
  9973: ffffff;
  9974: ffffff;
  9975: ffffff;
  9976: ffffff;
  9977: ededed;
  9978: ededed;
  9979: eeeeee;
  9980: eeeeee;
  9981: ededed;
  9982: eeeeee;
  9983: ffffff;
  9984: ededed;
  9985: eeeeee;
  9986: eeeeee;
  9987: eeeeee;
  9988: ededed;
  9989: f4f4f4;
  9990: ffffff;
  9991: ffffff;
  9992: ffffff;
  9993: ffffff;
  9994: ffffff;
  9995: ededed;
  9996: eeeeee;
  9997: ededed;
  9998: efefef;
  9999: ededed;
  10000: eeeeee;
  10001: ffffff;
  10002: ffffff;
  10003: ffffff;
  10004: ffffff;
  10005: ffffff;
  10006: ededed;
  10007: eeeeee;
  10008: eeeeee;
  10009: ededed;
  10010: eeeeee;
  10011: ffffff;
  10012: fefefe;
  10013: ffffff;
  10014: fefefe;
  10015: ffffff;
  10016: fffdfe;
  10017: efedee;
  10018: ededed;
  10019: eceeed;
  10020: ebefee;
  10021: eceeed;
  10022: f9f5f6;
  10023: fffeff;
  10024: fdfffe;
  10025: fcffff;
  10026: ffffff;
  10027: fffeff;
  10028: f1ebef;
  10029: f1ecf0;
  10030: eeeef0;
  10031: edefee;
  10032: ecede8;
  10033: ffefef;
  10034: fff0fa;
  10035: 580d21;
  10036: 6f0825;
  10037: 750223;
  10038: 770526;
  10039: 7a0728;
  10040: 750221;
  10041: 7a0726;
  10042: 70001c;
  10043: 770624;
  10044: 790824;
  10045: 760823;
  10046: 71031e;
  10047: 6d0e26;
  10048: 510c1e;
  10049: fff1fb;
  10050: f5e2e6;
  10051: ebeae8;
  10052: eaf0ee;
  10053: e8f1ee;
  10054: eef0ef;
  10055: eeeced;
  10056: fffdff;
  10057: fffeff;
  10058: ffffff;
  10059: ffffff;
  10060: fffeff;
  10061: ececee;
  10062: edeef0;
  10063: edeef0;
  10064: eeeeee;
  10065: ededed;
  10066: f6f6f6;
  10067: ffffff;
  10068: ffffff;
  10069: fefefe;
  10070: ffffff;
  10071: ffffff;
  10072: f1f1f1;
  10073: eeeeee;
  10074: eeeeee;
  10075: ededed;
  10076: eeeeee;
  10077: f1f1f1;
  10078: fefefe;
  10079: ffffff;
  10080: ffffff;
  10081: ffffff;
  10082: ffffff;
  10083: f6f6f6;
  10084: ededed;
  10085: eeeeee;
  10086: eeeeee;
  10087: eeeeee;
  10088: ededed;
  10089: ffffff;
  10090: ffffff;
  10091: ffffff;
  10092: ffffff;
  10093: ffffff;
  10094: ededed;
  10095: eeeeee;
  10096: eeeeee;
  10097: eeeeee;
  10098: eeeeee;
  10099: ededed;
  10100: ffffff;
  10101: ffffff;
  10102: ffffff;
  10103: ffffff;
  10104: ffffff;
  10105: ededed;
  10106: ededed;
  10107: eeeeee;
  10108: eeeeee;
  10109: ededed;
  10110: eeeeee;
  10111: ffffff;
  10112: ededed;
  10113: eeeeee;
  10114: ededed;
  10115: eeeeee;
  10116: ededed;
  10117: f4f4f4;
  10118: ffffff;
  10119: ffffff;
  10120: ffffff;
  10121: ffffff;
  10122: ffffff;
  10123: ededed;
  10124: eeeeee;
  10125: ededed;
  10126: eeeeee;
  10127: ededed;
  10128: eeeeee;
  10129: fefefe;
  10130: ffffff;
  10131: ffffff;
  10132: ffffff;
  10133: ffffff;
  10134: ededed;
  10135: eeeeee;
  10136: eeeeee;
  10137: ededed;
  10138: eeeeee;
  10139: ffffff;
  10140: fefefe;
  10141: ffffff;
  10142: fefefe;
  10143: ffffff;
  10144: fefefe;
  10145: eeeeee;
  10146: ededed;
  10147: eceeed;
  10148: e8f1ee;
  10149: e9efed;
  10150: f9f5f6;
  10151: fffeff;
  10152: fdfffe;
  10153: feffff;
  10154: fffeff;
  10155: fffdff;
  10156: f4e9ed;
  10157: f3eaed;
  10158: ececee;
  10159: eaeceb;
  10160: efeeec;
  10161: f7ebeb;
  10162: fff6fb;
  10163: d89baa;
  10164: 6e0820;
  10165: 800521;
  10166: 7d0520;
  10167: 7a041c;
  10168: 7a041c;
  10169: 7a061d;
  10170: 7d0c20;
  10171: 7a091d;
  10172: 780419;
  10173: 7a061b;
  10174: 7a081f;
  10175: 6f081d;
  10176: 671023;
  10177: a86e7a;
  10178: fff3f5;
  10179: efeeec;
  10180: e5eeeb;
  10181: e9f2ef;
  10182: e8e9eb;
  10183: efeff1;
  10184: ffffff;
  10185: ffffff;
  10186: ffffff;
  10187: ffffff;
  10188: fffeff;
  10189: ececee;
  10190: eeeef0;
  10191: edeef0;
  10192: eeeeee;
  10193: ededed;
  10194: f6f6f6;
  10195: ffffff;
  10196: ffffff;
  10197: fefefe;
  10198: ffffff;
  10199: fefefe;
  10200: f1f1f1;
  10201: eeeeee;
  10202: eeeeee;
  10203: ededed;
  10204: eeeeee;
  10205: f1f1f1;
  10206: fefefe;
  10207: ffffff;
  10208: ffffff;
  10209: ffffff;
  10210: ffffff;
  10211: f6f6f6;
  10212: ededed;
  10213: eeeeee;
  10214: eeeeee;
  10215: eeeeee;
  10216: ededed;
  10217: ffffff;
  10218: ffffff;
  10219: ffffff;
  10220: ffffff;
  10221: ffffff;
  10222: ededed;
  10223: eeeeee;
  10224: eeeeee;
  10225: eeeeee;
  10226: eeeeee;
  10227: ededed;
  10228: ffffff;
  10229: ffffff;
  10230: ffffff;
  10231: ffffff;
  10232: ffffff;
  10233: ededed;
  10234: ededed;
  10235: eeeeee;
  10236: eeeeee;
  10237: ededed;
  10238: ededed;
  10239: ffffff;
  10240: ffffff;
  10241: ffffff;
  10242: ffffff;
  10243: fefefe;
  10244: ffffff;
  10245: f9f9f9;
  10246: eeeeee;
  10247: eeeeee;
  10248: eeeeee;
  10249: eeeeee;
  10250: ececec;
  10251: ffffff;
  10252: ffffff;
  10253: ffffff;
  10254: ffffff;
  10255: ffffff;
  10256: ffffff;
  10257: eeeeee;
  10258: eeeeee;
  10259: eeeeee;
  10260: eeeeee;
  10261: ededed;
  10262: ffffff;
  10263: fefefe;
  10264: ffffff;
  10265: ffffff;
  10266: ffffff;
  10267: f1f1f1;
  10268: ededed;
  10269: ededed;
  10270: eeeeee;
  10271: ededed;
  10272: efeeec;
  10273: fffdfe;
  10274: ffffff;
  10275: feffff;
  10276: f9ffff;
  10277: fbffff;
  10278: f6f6f8;
  10279: efedf0;
  10280: eeeeee;
  10281: ededeb;
  10282: efeeec;
  10283: f1ece9;
  10284: fffbfb;
  10285: fffcfd;
  10286: feffff;
  10287: fcffff;
  10288: fffeff;
  10289: fef8fa;
  10290: f3edef;
  10291: fff2fa;
  10292: 6c0516;
  10293: 8e0b1b;
  10294: 8b0c17;
  10295: 890d15;
  10296: 840c15;
  10297: 841116;
  10298: 831013;
  10299: 820e11;
  10300: 8d111b;
  10301: 880a15;
  10302: 8b0f1a;
  10303: 840e1a;
  10304: 801122;
  10305: 590c16;
  10306: fff7f6;
  10307: fefffa;
  10308: f9fffd;
  10309: fcffff;
  10310: fffeff;
  10311: fffeff;
  10312: e9efef;
  10313: e8f1f0;
  10314: eceeed;
  10315: eeeeec;
  10316: ededed;
  10317: ffffff;
  10318: ffffff;
  10319: ffffff;
  10320: ffffff;
  10321: ffffff;
  10322: f9f9f9;
  10323: ededed;
  10324: eeeeee;
  10325: ededed;
  10326: eeeeee;
  10327: ededed;
  10328: fcfcfc;
  10329: ffffff;
  10330: ffffff;
  10331: fefefe;
  10332: ffffff;
  10333: ffffff;
  10334: eeeeee;
  10335: eeeeee;
  10336: eeeeee;
  10337: eeeeee;
  10338: ededed;
  10339: f6f6f6;
  10340: ffffff;
  10341: ffffff;
  10342: ffffff;
  10343: ffffff;
  10344: ffffff;
  10345: eeeeee;
  10346: ededed;
  10347: eeeeee;
  10348: eeeeee;
  10349: ededed;
  10350: ffffff;
  10351: ffffff;
  10352: ffffff;
  10353: ffffff;
  10354: ffffff;
  10355: ffffff;
  10356: ededed;
  10357: eeeeee;
  10358: ededed;
  10359: eeeeee;
  10360: ededed;
  10361: ffffff;
  10362: ffffff;
  10363: ffffff;
  10364: ffffff;
  10365: ffffff;
  10366: ffffff;
  10367: ededed;
  10368: ffffff;
  10369: ffffff;
  10370: ffffff;
  10371: fefefe;
  10372: ffffff;
  10373: f9f9f9;
  10374: eeeeee;
  10375: eeeeee;
  10376: eeeeee;
  10377: eeeeee;
  10378: ececec;
  10379: ffffff;
  10380: ffffff;
  10381: ffffff;
  10382: ffffff;
  10383: ffffff;
  10384: ffffff;
  10385: eeeeee;
  10386: eeeeee;
  10387: eeeeee;
  10388: eeeeee;
  10389: ededed;
  10390: ffffff;
  10391: ffffff;
  10392: ffffff;
  10393: ffffff;
  10394: ffffff;
  10395: f1f1f1;
  10396: ededed;
  10397: ededed;
  10398: eeeeee;
  10399: ededed;
  10400: efeeec;
  10401: fffdfe;
  10402: ffffff;
  10403: feffff;
  10404: fbffff;
  10405: fbffff;
  10406: f6f6f8;
  10407: efedf0;
  10408: efedee;
  10409: eeeeec;
  10410: efeeea;
  10411: eeede8;
  10412: fffdfb;
  10413: fffdfd;
  10414: feffff;
  10415: feffff;
  10416: ffffff;
  10417: fefaf9;
  10418: f3eaeb;
  10419: ffd7d9;
  10420: 8b232a;
  10421: a72128;
  10422: a72223;
  10423: a92926;
  10424: a42826;
  10425: a22825;
  10426: 9f2820;
  10427: a52a25;
  10428: a92729;
  10429: a62126;
  10430: a82628;
  10431: a0252a;
  10432: 982a35;
  10433: b56a71;
  10434: fff9f4;
  10435: fcfffa;
  10436: fbfffe;
  10437: feffff;
  10438: fffaff;
  10439: fffdff;
  10440: e9efef;
  10441: e9f2ef;
  10442: eceeeb;
  10443: efeeec;
  10444: ededeb;
  10445: fffffd;
  10446: ffffff;
  10447: ffffff;
  10448: ffffff;
  10449: ffffff;
  10450: f9f9f9;
  10451: eeeeee;
  10452: eeeeee;
  10453: ededed;
  10454: eeeeee;
  10455: ededed;
  10456: fcfcfc;
  10457: ffffff;
  10458: ffffff;
  10459: fefefe;
  10460: ffffff;
  10461: ffffff;
  10462: eeeeee;
  10463: eeeeee;
  10464: eeeeee;
  10465: eeeeee;
  10466: ededed;
  10467: f6f6f6;
  10468: ffffff;
  10469: ffffff;
  10470: ffffff;
  10471: ffffff;
  10472: ffffff;
  10473: eeeeee;
  10474: ededed;
  10475: eeeeee;
  10476: eeeeee;
  10477: ededed;
  10478: ffffff;
  10479: ffffff;
  10480: ffffff;
  10481: ffffff;
  10482: ffffff;
  10483: ffffff;
  10484: ededed;
  10485: eeeeee;
  10486: eeeeee;
  10487: eeeeee;
  10488: ededed;
  10489: ffffff;
  10490: ffffff;
  10491: ffffff;
  10492: ffffff;
  10493: ffffff;
  10494: ffffff;
  10495: ededed;
  10496: ffffff;
  10497: ffffff;
  10498: ffffff;
  10499: fefefe;
  10500: ffffff;
  10501: f9f9f9;
  10502: eeeeee;
  10503: eeeeee;
  10504: eeeeee;
  10505: eeeeee;
  10506: ececec;
  10507: ffffff;
  10508: ffffff;
  10509: ffffff;
  10510: ffffff;
  10511: ffffff;
  10512: ffffff;
  10513: eeeeee;
  10514: eeeeee;
  10515: eeeeee;
  10516: eeeeee;
  10517: ededed;
  10518: ffffff;
  10519: ffffff;
  10520: ffffff;
  10521: ffffff;
  10522: ffffff;
  10523: f1f1f1;
  10524: ededed;
  10525: ededed;
  10526: eeeeee;
  10527: ededed;
  10528: efedee;
  10529: fffdfe;
  10530: feffff;
  10531: feffff;
  10532: feffff;
  10533: feffff;
  10534: f6f6f6;
  10535: efedee;
  10536: efedee;
  10537: efedee;
  10538: eeeeec;
  10539: eceee9;
  10540: fcfffd;
  10541: fcfffd;
  10542: ffffff;
  10543: ffffff;
  10544: fefffd;
  10545: fffaf4;
  10546: ffedeb;
  10547: 9f5b5a;
  10548: 962a28;
  10549: a82624;
  10550: ab2522;
  10551: a61f1b;
  10552: a5201b;
  10553: a92520;
  10554: ab2621;
  10555: a5201b;
  10556: a61c1c;
  10557: ab2323;
  10558: ab2522;
  10559: 9a2626;
  10560: 853033;
  10561: ffdedf;
  10562: fffcf6;
  10563: f5fcf4;
  10564: feffff;
  10565: fafafc;
  10566: fffcff;
  10567: fffdff;
  10568: ededef;
  10569: eef0ef;
  10570: f0eceb;
  10571: f1edea;
  10572: efeeec;
  10573: fffffd;
  10574: ffffff;
  10575: ffffff;
  10576: ffffff;
  10577: ffffff;
  10578: f9f9f9;
  10579: eeeeee;
  10580: eeeeee;
  10581: ededed;
  10582: efefef;
  10583: ededed;
  10584: fcfcfc;
  10585: ffffff;
  10586: ffffff;
  10587: fefefe;
  10588: ffffff;
  10589: ffffff;
  10590: eeeeee;
  10591: eeeeee;
  10592: eeeeee;
  10593: eeeeee;
  10594: ededed;
  10595: f6f6f6;
  10596: ffffff;
  10597: ffffff;
  10598: ffffff;
  10599: ffffff;
  10600: ffffff;
  10601: eeeeee;
  10602: eeeeee;
  10603: eeeeee;
  10604: eeeeee;
  10605: ededed;
  10606: ffffff;
  10607: ffffff;
  10608: ffffff;
  10609: ffffff;
  10610: ffffff;
  10611: ffffff;
  10612: ededed;
  10613: eeeeee;
  10614: eeeeee;
  10615: eeeeee;
  10616: ededed;
  10617: ffffff;
  10618: ffffff;
  10619: ffffff;
  10620: ffffff;
  10621: ffffff;
  10622: ffffff;
  10623: ededed;
  10624: ffffff;
  10625: ffffff;
  10626: ffffff;
  10627: fefefe;
  10628: ffffff;
  10629: f9f9f9;
  10630: eeeeee;
  10631: eeeeee;
  10632: eeeeee;
  10633: eeeeee;
  10634: ececec;
  10635: ffffff;
  10636: ffffff;
  10637: ffffff;
  10638: ffffff;
  10639: ffffff;
  10640: ffffff;
  10641: eeeeee;
  10642: eeeeee;
  10643: eeeeee;
  10644: eeeeee;
  10645: ededed;
  10646: ffffff;
  10647: ffffff;
  10648: ffffff;
  10649: ffffff;
  10650: ffffff;
  10651: f1f1f1;
  10652: eeeeee;
  10653: eeeeee;
  10654: efefef;
  10655: eeeeee;
  10656: efedee;
  10657: fefefe;
  10658: feffff;
  10659: feffff;
  10660: ffffff;
  10661: ffffff;
  10662: f6f6f6;
  10663: eeeeee;
  10664: efedee;
  10665: efedee;
  10666: eeeeee;
  10667: ebefee;
  10668: f8ffff;
  10669: f9ffff;
  10670: ffffff;
  10671: fffeff;
  10672: fefffb;
  10673: fffaf2;
  10674: db9e99;
  10675: 8e312c;
  10676: 9b261f;
  10677: a7241c;
  10678: ad221d;
  10679: ae211a;
  10680: ad241c;
  10681: a81f17;
  10682: ac211c;
  10683: ac211c;
  10684: ae2221;
  10685: ad2120;
  10686: a41d17;
  10687: 982b26;
  10688: efb2af;
  10689: fbe2de;
  10690: fffef7;
  10691: fcfffb;
  10692: feffff;
  10693: fffeff;
  10694: fff8ff;
  10695: fffcff;
  10696: eeeced;
  10697: f0efed;
  10698: f1ece9;
  10699: f2edea;
  10700: efeeec;
  10701: fffffd;
  10702: ffffff;
  10703: ffffff;
  10704: ffffff;
  10705: ffffff;
  10706: f9f9f9;
  10707: eeeeee;
  10708: eeeeee;
  10709: ededed;
  10710: efefef;
  10711: ededed;
  10712: fcfcfc;
  10713: ffffff;
  10714: ffffff;
  10715: fefefe;
  10716: ffffff;
  10717: ffffff;
  10718: eeeeee;
  10719: eeeeee;
  10720: eeeeee;
  10721: eeeeee;
  10722: ededed;
  10723: f6f6f6;
  10724: ffffff;
  10725: ffffff;
  10726: ffffff;
  10727: ffffff;
  10728: ffffff;
  10729: eeeeee;
  10730: eeeeee;
  10731: eeeeee;
  10732: eeeeee;
  10733: ededed;
  10734: ffffff;
  10735: ffffff;
  10736: ffffff;
  10737: ffffff;
  10738: ffffff;
  10739: ffffff;
  10740: eeeeee;
  10741: eeeeee;
  10742: eeeeee;
  10743: eeeeee;
  10744: ededed;
  10745: ffffff;
  10746: ffffff;
  10747: ffffff;
  10748: ffffff;
  10749: ffffff;
  10750: ffffff;
  10751: ededed;
  10752: ffffff;
  10753: ffffff;
  10754: ffffff;
  10755: fefefe;
  10756: ffffff;
  10757: f9f9f9;
  10758: eeeeee;
  10759: eeeeee;
  10760: eeeeee;
  10761: eeeeee;
  10762: ececec;
  10763: ffffff;
  10764: ffffff;
  10765: ffffff;
  10766: ffffff;
  10767: ffffff;
  10768: ffffff;
  10769: eeeeee;
  10770: eeeeee;
  10771: eeeeee;
  10772: eeeeee;
  10773: ededed;
  10774: ffffff;
  10775: ffffff;
  10776: ffffff;
  10777: ffffff;
  10778: ffffff;
  10779: f2f2f2;
  10780: eeeeee;
  10781: eeeeee;
  10782: efefef;
  10783: eeeeee;
  10784: efedee;
  10785: fefefe;
  10786: feffff;
  10787: feffff;
  10788: fffeff;
  10789: fffeff;
  10790: f6f6f6;
  10791: eeeeee;
  10792: efeeec;
  10793: efedee;
  10794: eeeeee;
  10795: ebeff0;
  10796: f7ffff;
  10797: f8ffff;
  10798: ffffff;
  10799: fffeff;
  10800: fffff8;
  10801: fff3e9;
  10802: 822d26;
  10803: a02921;
  10804: aa251c;
  10805: ac1f16;
  10806: b02018;
  10807: b02119;
  10808: ab2117;
  10809: a82217;
  10810: ac231b;
  10811: ac231d;
  10812: a9201a;
  10813: a9201a;
  10814: b02721;
  10815: 932c25;
  10816: fff1eb;
  10817: f7f2ec;
  10818: fffffa;
  10819: fbfdfa;
  10820: fdfdfd;
  10821: fffdff;
  10822: fffdff;
  10823: fffbff;
  10824: f0eced;
  10825: f2eeed;
  10826: f1ece9;
  10827: f1edea;
  10828: efeeec;
  10829: fffffd;
  10830: feffff;
  10831: feffff;
  10832: ffffff;
  10833: ffffff;
  10834: f9f9f9;
  10835: eeeeee;
  10836: eeeeee;
  10837: ededed;
  10838: efefef;
  10839: ededed;
  10840: fcfcfc;
  10841: ffffff;
  10842: ffffff;
  10843: fefefe;
  10844: ffffff;
  10845: ffffff;
  10846: eeeeee;
  10847: eeeeee;
  10848: eeeeee;
  10849: eeeeee;
  10850: ededed;
  10851: f6f6f6;
  10852: ffffff;
  10853: ffffff;
  10854: ffffff;
  10855: ffffff;
  10856: ffffff;
  10857: eeeeee;
  10858: eeeeee;
  10859: eeeeee;
  10860: eeeeee;
  10861: ededed;
  10862: ffffff;
  10863: ffffff;
  10864: ffffff;
  10865: ffffff;
  10866: ffffff;
  10867: ffffff;
  10868: eeeeee;
  10869: eeeeee;
  10870: eeeeee;
  10871: eeeeee;
  10872: ededed;
  10873: ffffff;
  10874: ffffff;
  10875: ffffff;
  10876: ffffff;
  10877: ffffff;
  10878: ffffff;
  10879: ededed;
  10880: ffffff;
  10881: ffffff;
  10882: ffffff;
  10883: fefefe;
  10884: ffffff;
  10885: f9f9f9;
  10886: eeeeee;
  10887: eeeeee;
  10888: eeeeee;
  10889: eeeeee;
  10890: ececec;
  10891: ffffff;
  10892: ffffff;
  10893: ffffff;
  10894: ffffff;
  10895: ffffff;
  10896: ffffff;
  10897: eeeeee;
  10898: eeeeee;
  10899: eeeeee;
  10900: eeeeee;
  10901: ededed;
  10902: ffffff;
  10903: ffffff;
  10904: ffffff;
  10905: ffffff;
  10906: ffffff;
  10907: f2f2f2;
  10908: eeeeee;
  10909: eeeeee;
  10910: efefef;
  10911: eeeeee;
  10912: efedee;
  10913: fffdfe;
  10914: ffffff;
  10915: ffffff;
  10916: fffeff;
  10917: fffeff;
  10918: f5f7f6;
  10919: edefec;
  10920: efeeec;
  10921: efeeec;
  10922: efedf0;
  10923: edeef0;
  10924: f9ffff;
  10925: f9ffff;
  10926: feffff;
  10927: fffdfb;
  10928: fff7f4;
  10929: ffd4ce;
  10930: 912a21;
  10931: a72219;
  10932: aa1d13;
  10933: b3251b;
  10934: af1f17;
  10935: ac1f16;
  10936: a92016;
  10937: ab251a;
  10938: a41e15;
  10939: a9221c;
  10940: a9221c;
  10941: aa251e;
  10942: a3221c;
  10943: 70130c;
  10944: ffeae3;
  10945: e7ece6;
  10946: fcfcfa;
  10947: fffeff;
  10948: fffeff;
  10949: fffeff;
  10950: ffffff;
  10951: ffffff;
  10952: efeeec;
  10953: f0efed;
  10954: eeede9;
  10955: f0efeb;
  10956: eeeeec;
  10957: ffffff;
  10958: feffff;
  10959: feffff;
  10960: ffffff;
  10961: ffffff;
  10962: f9f9f9;
  10963: eeeeee;
  10964: eeeeee;
  10965: ededed;
  10966: efefef;
  10967: eeeeee;
  10968: fbfbfb;
  10969: ffffff;
  10970: ffffff;
  10971: fefefe;
  10972: ffffff;
  10973: ffffff;
  10974: eeeeee;
  10975: eeeeee;
  10976: eeeeee;
  10977: eeeeee;
  10978: ededed;
  10979: f6f6f6;
  10980: ffffff;
  10981: ffffff;
  10982: ffffff;
  10983: ffffff;
  10984: ffffff;
  10985: eeeeee;
  10986: eeeeee;
  10987: eeeeee;
  10988: eeeeee;
  10989: ededed;
  10990: ffffff;
  10991: ffffff;
  10992: ffffff;
  10993: ffffff;
  10994: ffffff;
  10995: ffffff;
  10996: eeeeee;
  10997: eeeeee;
  10998: eeeeee;
  10999: eeeeee;
  11000: ededed;
  11001: ffffff;
  11002: ffffff;
  11003: ffffff;
  11004: ffffff;
  11005: ffffff;
  11006: ffffff;
  11007: ededed;
  11008: ffffff;
  11009: ffffff;
  11010: ffffff;
  11011: fefefe;
  11012: ffffff;
  11013: f9f9f9;
  11014: eeeeee;
  11015: eeeeee;
  11016: eeeeee;
  11017: eeeeee;
  11018: ececec;
  11019: ffffff;
  11020: ffffff;
  11021: ffffff;
  11022: ffffff;
  11023: ffffff;
  11024: ffffff;
  11025: eeeeee;
  11026: eeeeee;
  11027: eeeeee;
  11028: eeeeee;
  11029: ededed;
  11030: ffffff;
  11031: ffffff;
  11032: ffffff;
  11033: ffffff;
  11034: ffffff;
  11035: f2f2f2;
  11036: eeeeee;
  11037: eeeeee;
  11038: efefef;
  11039: eeeeee;
  11040: efedf0;
  11041: fffdfe;
  11042: fffeff;
  11043: fffffd;
  11044: ffffff;
  11045: feffff;
  11046: f3f8f4;
  11047: ebf0ec;
  11048: edefec;
  11049: eeeeec;
  11050: efedf0;
  11051: efedf2;
  11052: fffdff;
  11053: fffeff;
  11054: feffff;
  11055: fffbfa;
  11056: fff0f1;
  11057: 681414;
  11058: 9e2920;
  11059: a82217;
  11060: ac2218;
  11061: ae241a;
  11062: a92018;
  11063: aa241b;
  11064: a9231a;
  11065: a9241d;
  11066: a6231b;
  11067: ac2921;
  11068: a6211a;
  11069: 9f2019;
  11070: 9d2e27;
  11071: d08580;
  11072: fbe8e2;
  11073: edf2ee;
  11074: fffeff;
  11075: fffdff;
  11076: fefcff;
  11077: fdfdff;
  11078: fcfefd;
  11079: feffff;
  11080: eeeeec;
  11081: eef0eb;
  11082: eceee9;
  11083: eef0eb;
  11084: eeeeec;
  11085: ffffff;
  11086: feffff;
  11087: feffff;
  11088: ffffff;
  11089: ffffff;
  11090: f9f9f9;
  11091: eeeeee;
  11092: eeeeee;
  11093: ededed;
  11094: efefef;
  11095: eeeeee;
  11096: fbfbfb;
  11097: fefefe;
  11098: ffffff;
  11099: fefefe;
  11100: ffffff;
  11101: ffffff;
  11102: eeeeee;
  11103: eeeeee;
  11104: eeeeee;
  11105: eeeeee;
  11106: ededed;
  11107: f6f6f6;
  11108: ffffff;
  11109: ffffff;
  11110: ffffff;
  11111: ffffff;
  11112: ffffff;
  11113: eeeeee;
  11114: eeeeee;
  11115: eeeeee;
  11116: eeeeee;
  11117: ededed;
  11118: ffffff;
  11119: ffffff;
  11120: ffffff;
  11121: ffffff;
  11122: ffffff;
  11123: ffffff;
  11124: eeeeee;
  11125: eeeeee;
  11126: eeeeee;
  11127: eeeeee;
  11128: ededed;
  11129: ffffff;
  11130: ffffff;
  11131: ffffff;
  11132: ffffff;
  11133: ffffff;
  11134: ffffff;
  11135: ededed;
  11136: ffffff;
  11137: ffffff;
  11138: ffffff;
  11139: fefefe;
  11140: ffffff;
  11141: f9f9f9;
  11142: eeeeee;
  11143: eeeeee;
  11144: eeeeee;
  11145: eeeeee;
  11146: ececec;
  11147: ffffff;
  11148: ffffff;
  11149: ffffff;
  11150: ffffff;
  11151: ffffff;
  11152: ffffff;
  11153: eeeeee;
  11154: eeeeee;
  11155: eeeeee;
  11156: eeeeee;
  11157: ededed;
  11158: ffffff;
  11159: ffffff;
  11160: ffffff;
  11161: ffffff;
  11162: ffffff;
  11163: f2f2f2;
  11164: eeeeee;
  11165: eeeeee;
  11166: efefef;
  11167: eeeeee;
  11168: f1ecf0;
  11169: fffdfe;
  11170: fffefd;
  11171: fffffd;
  11172: ffffff;
  11173: feffff;
  11174: f3f8f4;
  11175: ebf0ec;
  11176: edefea;
  11177: eeeeec;
  11178: efedf0;
  11179: f1ecf2;
  11180: fffcff;
  11181: fffdff;
  11182: fffffb;
  11183: fff8f4;
  11184: ffc7cb;
  11185: 95272a;
  11186: a2231c;
  11187: ac2319;
  11188: ae251b;
  11189: a72118;
  11190: a5221a;
  11191: a9261e;
  11192: a9241d;
  11193: a6221d;
  11194: a6251f;
  11195: a3241d;
  11196: a8251d;
  11197: 9e2721;
  11198: 832823;
  11199: ffd6d4;
  11200: f9e9e9;
  11201: edeef0;
  11202: fffafe;
  11203: fffcff;
  11204: ffffff;
  11205: feffff;
  11206: fcfefd;
  11207: fefffd;
  11208: edefea;
  11209: ecf1eb;
  11210: e9f0e9;
  11211: ebf2eb;
  11212: eeeeee;
  11213: ffffff;
  11214: feffff;
  11215: feffff;
  11216: ffffff;
  11217: ffffff;
  11218: f9f9f9;
  11219: eeeeee;
  11220: eeeeee;
  11221: eeeeee;
  11222: efefef;
  11223: eeeeee;
  11224: fbfbfb;
  11225: fefefe;
  11226: ffffff;
  11227: fefefe;
  11228: ffffff;
  11229: ffffff;
  11230: eeeeee;
  11231: eeeeee;
  11232: eeeeee;
  11233: eeeeee;
  11234: ededed;
  11235: f7f7f7;
  11236: ffffff;
  11237: ffffff;
  11238: ffffff;
  11239: ffffff;
  11240: ffffff;
  11241: eeeeee;
  11242: eeeeee;
  11243: eeeeee;
  11244: eeeeee;
  11245: ededed;
  11246: ffffff;
  11247: ffffff;
  11248: ffffff;
  11249: ffffff;
  11250: ffffff;
  11251: ffffff;
  11252: eeeeee;
  11253: eeeeee;
  11254: eeeeee;
  11255: eeeeee;
  11256: ededed;
  11257: ffffff;
  11258: ffffff;
  11259: ffffff;
  11260: ffffff;
  11261: ffffff;
  11262: ffffff;
  11263: ededed;
  11264: ffffff;
  11265: ffffff;
  11266: ffffff;
  11267: ffffff;
  11268: ffffff;
  11269: f9f9f9;
  11270: eeeeee;
  11271: ededed;
  11272: ededed;
  11273: efefef;
  11274: eeeeee;
  11275: fdfdfd;
  11276: ffffff;
  11277: ffffff;
  11278: fdfdfd;
  11279: ffffff;
  11280: ffffff;
  11281: ececec;
  11282: efefef;
  11283: ececec;
  11284: ededed;
  11285: ededed;
  11286: ffffff;
  11287: ffffff;
  11288: ffffff;
  11289: fefefe;
  11290: ffffff;
  11291: f1f1f1;
  11292: eeeeee;
  11293: ececec;
  11294: f0f0f0;
  11295: ececec;
  11296: f2edf1;
  11297: fffeff;
  11298: fffffd;
  11299: fffffd;
  11300: ffffff;
  11301: feffff;
  11302: f4f9f5;
  11303: ebf0ec;
  11304: eceee9;
  11305: f1f1ef;
  11306: f0eef3;
  11307: f2ebf3;
  11308: fffbff;
  11309: fffbff;
  11310: fffaf4;
  11311: fff3ed;
  11312: 98383a;
  11313: a8272b;
  11314: a8211b;
  11315: aa2117;
  11316: a9241b;
  11317: a5251c;
  11318: a5251c;
  11319: a7241c;
  11320: ab2420;
  11321: a31e19;
  11322: a82922;
  11323: a1251d;
  11324: a72620;
  11325: 982824;
  11326: 752e2c;
  11327: fff1f2;
  11328: f9eaed;
  11329: eeecf1;
  11330: fffcff;
  11331: fffdff;
  11332: feffff;
  11333: fcffff;
  11334: feffff;
  11335: fefffd;
  11336: ebede8;
  11337: ecf1eb;
  11338: e6f0e8;
  11339: e9f0e9;
  11340: f0f0f0;
  11341: fffdfe;
  11342: fdfeff;
  11343: feffff;
  11344: ffffff;
  11345: ffffff;
  11346: f8f8f8;
  11347: efefef;
  11348: ededed;
  11349: ededed;
  11350: eeeeee;
  11351: eeeeee;
  11352: fbfbfb;
  11353: ffffff;
  11354: ffffff;
  11355: ffffff;
  11356: ffffff;
  11357: fefefe;
  11358: eeeeee;
  11359: eeeeee;
  11360: efefef;
  11361: ececec;
  11362: efefef;
  11363: f7f7f7;
  11364: fefefe;
  11365: ffffff;
  11366: ffffff;
  11367: ffffff;
  11368: ffffff;
  11369: ededed;
  11370: ededed;
  11371: ededed;
  11372: ececec;
  11373: eeeeee;
  11374: ffffff;
  11375: ffffff;
  11376: ffffff;
  11377: ffffff;
  11378: ffffff;
  11379: fefefe;
  11380: efefef;
  11381: eeeeee;
  11382: ededed;
  11383: efefef;
  11384: ededed;
  11385: fefefe;
  11386: ffffff;
  11387: ffffff;
  11388: ffffff;
  11389: ffffff;
  11390: fefefe;
  11391: ededed;
  11392: f7f7f7;
  11393: f8f8f8;
  11394: f6f6f6;
  11395: f6f6f6;
  11396: f9f9f9;
  11397: f7f7f7;
  11398: f4f4f4;
  11399: f6f6f6;
  11400: f3f3f3;
  11401: f5f5f5;
  11402: f3f3f3;
  11403: f7f7f7;
  11404: f8f8f8;
  11405: f9f9f9;
  11406: f7f7f7;
  11407: f9f9f9;
  11408: f7f7f7;
  11409: f5f5f5;
  11410: f6f6f6;
  11411: f5f5f5;
  11412: f5f5f5;
  11413: f5f5f5;
  11414: f7f7f7;
  11415: f7f7f7;
  11416: fafafa;
  11417: f7f7f7;
  11418: f9f9f9;
  11419: f6f6f6;
  11420: f5f5f5;
  11421: f4f4f4;
  11422: f5f5f5;
  11423: f4f4f4;
  11424: f5f3f6;
  11425: faf8f9;
  11426: f7f7f5;
  11427: f6f6f4;
  11428: f7f7f7;
  11429: f8f8f8;
  11430: f5f7f6;
  11431: f4f6f3;
  11432: f2f4ef;
  11433: f7f7f5;
  11434: efedf2;
  11435: faf5fc;
  11436: fffbff;
  11437: fff3f6;
  11438: fff7f1;
  11439: b87c74;
  11440: 9d2d2c;
  11441: a9221f;
  11442: a9201a;
  11443: aa2119;
  11444: a8251b;
  11445: a5251a;
  11446: a7241a;
  11447: a9241d;
  11448: ab2420;
  11449: a9221e;
  11450: a5211c;
  11451: a3271f;
  11452: 9f261e;
  11453: 9b3a34;
  11454: ffefef;
  11455: ffeef1;
  11456: fef3f7;
  11457: f6f1f7;
  11458: fbf6fc;
  11459: f8f6f9;
  11460: f3f9f9;
  11461: f3f9f7;
  11462: f8f8f6;
  11463: f8f7f5;
  11464: f3f4ef;
  11465: f4f6f1;
  11466: f0f7f0;
  11467: f2f7f3;
  11468: f6f4f5;
  11469: fbf7f8;
  11470: f6f7f9;
  11471: f9fafc;
  11472: f7f7f7;
  11473: f8f8f8;
  11474: f7f7f7;
  11475: f5f5f5;
  11476: f5f5f5;
  11477: f6f6f6;
  11478: f6f6f6;
  11479: f7f7f7;
  11480: f6f6f6;
  11481: f9f9f9;
  11482: f6f6f6;
  11483: f8f8f8;
  11484: f7f7f7;
  11485: f9f9f9;
  11486: f4f4f4;
  11487: f6f6f6;
  11488: f5f5f5;
  11489: f3f3f3;
  11490: f4f4f4;
  11491: f6f6f6;
  11492: f8f8f8;
  11493: f8f8f8;
  11494: f8f8f8;
  11495: f9f9f9;
  11496: f7f7f7;
  11497: f5f5f5;
  11498: f5f5f5;
  11499: f5f5f5;
  11500: f6f6f6;
  11501: f5f5f5;
  11502: f7f7f7;
  11503: f6f6f6;
  11504: f9f9f9;
  11505: f9f9f9;
  11506: f8f8f8;
  11507: f9f9f9;
  11508: f4f4f4;
  11509: f5f5f5;
  11510: f4f4f4;
  11511: f5f5f5;
  11512: f6f6f6;
  11513: f8f8f8;
  11514: f9f9f9;
  11515: f8f8f8;
  11516: f8f8f8;
  11517: f9f9f9;
  11518: f8f8f8;
  11519: f6f6f6;
  11520: efefef;
  11521: efefef;
  11522: efefef;
  11523: efefef;
  11524: efefef;
  11525: f5f5f5;
  11526: fcfcfc;
  11527: ffffff;
  11528: ffffff;
  11529: ffffff;
  11530: fdfdfd;
  11531: f1f1f1;
  11532: efefef;
  11533: ededed;
  11534: ededed;
  11535: ececec;
  11536: eeeeee;
  11537: fefefe;
  11538: fcfcfc;
  11539: fefefe;
  11540: fefefe;
  11541: fdfdfd;
  11542: eeeeee;
  11543: efefef;
  11544: eeeeee;
  11545: ebebeb;
  11546: efefef;
  11547: fcfcfc;
  11548: fefefe;
  11549: ffffff;
  11550: fefefe;
  11551: ffffff;
  11552: fcfafd;
  11553: f2f2f2;
  11554: edefec;
  11555: eef0ed;
  11556: f2eeef;
  11557: f2eeef;
  11558: f6f6f6;
  11559: fcfefb;
  11560: fffffb;
  11561: f9f8f6;
  11562: fffeff;
  11563: fffeff;
  11564: e8e7ec;
  11565: ffeeee;
  11566: ffe2de;
  11567: 79221b;
  11568: 9d261e;
  11569: a72118;
  11570: aa2119;
  11571: ac231b;
  11572: aa241b;
  11573: a92318;
  11574: a92318;
  11575: aa2419;
  11576: a92018;
  11577: ae251f;
  11578: ab221c;
  11579: a4251e;
  11580: 9a2f25;
  11581: efa29a;
  11582: fff3f3;
  11583: fff7fa;
  11584: fffdff;
  11585: fcfaff;
  11586: eff0f2;
  11587: ecf0f1;
  11588: e8f1f0;
  11589: ebf1ef;
  11590: f0efed;
  11591: f3eded;
  11592: fffefd;
  11593: fffefc;
  11594: fefffd;
  11595: fefefc;
  11596: fff9fb;
  11597: f3edef;
  11598: ebebeb;
  11599: edefee;
  11600: efefef;
  11601: f1f1f1;
  11602: f6f6f6;
  11603: fcfcfc;
  11604: fefefe;
  11605: fefefe;
  11606: fdfdfd;
  11607: fefefe;
  11608: f2f2f2;
  11609: f1f1f1;
  11610: eeeeee;
  11611: efefef;
  11612: ededed;
  11613: f4f4f4;
  11614: fafafa;
  11615: ffffff;
  11616: ffffff;
  11617: ffffff;
  11618: fdfdfd;
  11619: f6f6f6;
  11620: f0f0f0;
  11621: eeeeee;
  11622: ededed;
  11623: ededed;
  11624: eeeeee;
  11625: fdfdfd;
  11626: fdfdfd;
  11627: fdfdfd;
  11628: ffffff;
  11629: fcfcfc;
  11630: efefef;
  11631: eeeeee;
  11632: ededed;
  11633: eeeeee;
  11634: eeeeee;
  11635: f0f0f0;
  11636: fcfcfc;
  11637: ffffff;
  11638: ffffff;
  11639: ffffff;
  11640: fdfdfd;
  11641: eeeeee;
  11642: f0f0f0;
  11643: ededed;
  11644: ededed;
  11645: f1f1f1;
  11646: eeeeee;
  11647: fdfdfd;
  11648: ededed;
  11649: ececec;
  11650: efefef;
  11651: eeeeee;
  11652: ececec;
  11653: f5f5f5;
  11654: ffffff;
  11655: ffffff;
  11656: ffffff;
  11657: ffffff;
  11658: fefefe;
  11659: ededed;
  11660: eeeeee;
  11661: ececec;
  11662: efefef;
  11663: ededed;
  11664: ebebeb;
  11665: ffffff;
  11666: ffffff;
  11667: ffffff;
  11668: ffffff;
  11669: ffffff;
  11670: ededed;
  11671: ededed;
  11672: eeeeee;
  11673: ededed;
  11674: eeeeee;
  11675: ffffff;
  11676: ffffff;
  11677: ffffff;
  11678: fefefe;
  11679: ffffff;
  11680: fffeff;
  11681: eeeeee;
  11682: e9eeea;
  11683: ebf0ec;
  11684: f0eced;
  11685: f0eaee;
  11686: f8f6f7;
  11687: fffffd;
  11688: fffefb;
  11689: fffffb;
  11690: fefdff;
  11691: feffff;
  11692: eeeef0;
  11693: fde3e2;
  11694: eda3a0;
  11695: 962b23;
  11696: a32519;
  11697: aa2216;
  11698: ab221a;
  11699: ab251c;
  11700: aa2419;
  11701: a92318;
  11702: ab2317;
  11703: ac2418;
  11704: ad2319;
  11705: aa1d16;
  11706: ae201c;
  11707: a42922;
  11708: 70180e;
  11709: ffece3;
  11710: fff7f8;
  11711: fffcff;
  11712: fffdff;
  11713: ffffff;
  11714: e9edee;
  11715: e8f1ee;
  11716: e7f0ed;
  11717: eaf0ee;
  11718: efebea;
  11719: f2e9ea;
  11720: fffdfd;
  11721: fffdfc;
  11722: fffffd;
  11723: fffffd;
  11724: fffdff;
  11725: f2ecee;
  11726: eeeced;
  11727: eef0ef;
  11728: ededed;
  11729: eeeeee;
  11730: f6f6f6;
  11731: ffffff;
  11732: ffffff;
  11733: ffffff;
  11734: ffffff;
  11735: ffffff;
  11736: f1f1f1;
  11737: eeeeee;
  11738: ededed;
  11739: eeeeee;
  11740: ebebeb;
  11741: f2f2f2;
  11742: fefefe;
  11743: ffffff;
  11744: fefefe;
  11745: ffffff;
  11746: fefefe;
  11747: f5f5f5;
  11748: eeeeee;
  11749: ededed;
  11750: eeeeee;
  11751: eeeeee;
  11752: ebebeb;
  11753: ffffff;
  11754: ffffff;
  11755: ffffff;
  11756: ffffff;
  11757: ffffff;
  11758: ededed;
  11759: ededed;
  11760: eeeeee;
  11761: eeeeee;
  11762: ededed;
  11763: ededed;
  11764: ffffff;
  11765: ffffff;
  11766: ffffff;
  11767: ffffff;
  11768: ffffff;
  11769: ececec;
  11770: efefef;
  11771: ededed;
  11772: ededed;
  11773: efefef;
  11774: ececec;
  11775: ffffff;
  11776: efefef;
  11777: ededed;
  11778: f0f0f0;
  11779: efefef;
  11780: ececec;
  11781: f6f6f6;
  11782: ffffff;
  11783: fefefe;
  11784: fefefe;
  11785: fdfdfd;
  11786: fefefe;
  11787: ededed;
  11788: f0f0f0;
  11789: ededed;
  11790: efefef;
  11791: efefef;
  11792: eeeeee;
  11793: ffffff;
  11794: ffffff;
  11795: ffffff;
  11796: ffffff;
  11797: fdfdfd;
  11798: efefef;
  11799: eeeeee;
  11800: eeeeee;
  11801: f0f0f0;
  11802: eeeeee;
  11803: ffffff;
  11804: fefefe;
  11805: ffffff;
  11806: fdfdfd;
  11807: fefefe;
  11808: fffeff;
  11809: ededed;
  11810: ebf2eb;
  11811: ecf1eb;
  11812: f1edee;
  11813: f1ebef;
  11814: f8f6f9;
  11815: fffeff;
  11816: fdf9f6;
  11817: fffefb;
  11818: feffff;
  11819: fefdff;
  11820: f2eeef;
  11821: ffe8e6;
  11822: 731813;
  11823: a3271f;
  11824: a92318;
  11825: ac2217;
  11826: a9231a;
  11827: a9241b;
  11828: a82619;
  11829: a82417;
  11830: a92317;
  11831: ac2217;
  11832: af2219;
  11833: b2251e;
  11834: ac1e1c;
  11835: 9b2521;
  11836: a15e55;
  11837: fff6ef;
  11838: fff8f6;
  11839: ffffff;
  11840: fdfdff;
  11841: feffff;
  11842: e8eceb;
  11843: ebf1ef;
  11844: eaf0ee;
  11845: eef0ed;
  11846: efebea;
  11847: f3eaeb;
  11848: fffcfe;
  11849: fffcfd;
  11850: fffeff;
  11851: fffdfe;
  11852: fffdff;
  11853: f2ecee;
  11854: f1f0ee;
  11855: efefed;
  11856: efefef;
  11857: eeeeee;
  11858: f6f6f6;
  11859: ffffff;
  11860: ffffff;
  11861: fefefe;
  11862: fefefe;
  11863: fefefe;
  11864: f2f2f2;
  11865: eeeeee;
  11866: eeeeee;
  11867: efefef;
  11868: ededed;
  11869: f2f2f2;
  11870: ffffff;
  11871: ffffff;
  11872: fcfcfc;
  11873: ffffff;
  11874: fefefe;
  11875: f5f5f5;
  11876: eeeeee;
  11877: eeeeee;
  11878: f0f0f0;
  11879: efefef;
  11880: ededed;
  11881: ffffff;
  11882: fefefe;
  11883: ffffff;
  11884: ffffff;
  11885: fefefe;
  11886: eeeeee;
  11887: eeeeee;
  11888: efefef;
  11889: efefef;
  11890: efefef;
  11891: ececec;
  11892: ffffff;
  11893: fefefe;
  11894: fefefe;
  11895: ffffff;
  11896: ffffff;
  11897: eeeeee;
  11898: ededed;
  11899: efefef;
  11900: efefef;
  11901: ededed;
  11902: eeeeee;
  11903: ffffff;
  11904: f0f0f0;
  11905: ededed;
  11906: eeeeee;
  11907: eeeeee;
  11908: ececec;
  11909: f6f6f6;
  11910: ffffff;
  11911: ffffff;
  11912: ffffff;
  11913: fefefe;
  11914: ffffff;
  11915: eeeeee;
  11916: f0f0f0;
  11917: ededed;
  11918: ececec;
  11919: ececec;
  11920: f0f0f0;
  11921: fdfdfd;
  11922: ffffff;
  11923: ffffff;
  11924: ffffff;
  11925: fbfbfb;
  11926: efefef;
  11927: ededed;
  11928: ebebeb;
  11929: eeeeee;
  11930: ededed;
  11931: ffffff;
  11932: fdfdfd;
  11933: ffffff;
  11934: ffffff;
  11935: fffeff;
  11936: fffdff;
  11937: ededed;
  11938: ecf3ec;
  11939: e9f0e9;
  11940: efedee;
  11941: f1ebef;
  11942: f9f4f8;
  11943: fffdfe;
  11944: fffefb;
  11945: fffffb;
  11946: fcfcfe;
  11947: fffeff;
  11948: f4e8ea;
  11949: fff2ef;
  11950: 952e27;
  11951: a62017;
  11952: ac2218;
  11953: ac211a;
  11954: a9231a;
  11955: a8231a;
  11956: a52518;
  11957: a72517;
  11958: ab2218;
  11959: ac2218;
  11960: ac1f16;
  11961: aa211b;
  11962: a5241f;
  11963: 811e19;
  11964: ffede7;
  11965: fff9f3;
  11966: fffffd;
  11967: fcffff;
  11968: fcfefd;
  11969: feffff;
  11970: eaeceb;
  11971: eef0ef;
  11972: edefec;
  11973: efefed;
  11974: f0eceb;
  11975: f2ecec;
  11976: fffeff;
  11977: fffeff;
  11978: ffffff;
  11979: fdfdfd;
  11980: fffdfe;
  11981: edebec;
  11982: efeeec;
  11983: ececea;
  11984: efefef;
  11985: ededed;
  11986: f5f5f5;
  11987: ffffff;
  11988: ffffff;
  11989: fefefe;
  11990: ffffff;
  11991: ffffff;
  11992: f2f2f2;
  11993: efefef;
  11994: ededed;
  11995: eeeeee;
  11996: eeeeee;
  11997: f1f1f1;
  11998: ffffff;
  11999: fefefe;
  12000: ffffff;
  12001: ffffff;
  12002: ffffff;
  12003: f6f6f6;
  12004: efefef;
  12005: eeeeee;
  12006: eeeeee;
  12007: ececec;
  12008: efefef;
  12009: fefefe;
  12010: fefefe;
  12011: ffffff;
  12012: fdfdfd;
  12013: fcfcfc;
  12014: eeeeee;
  12015: eeeeee;
  12016: ececec;
  12017: ededed;
  12018: eeeeee;
  12019: ececec;
  12020: ffffff;
  12021: ffffff;
  12022: ffffff;
  12023: ffffff;
  12024: fdfdfd;
  12025: eeeeee;
  12026: ebebeb;
  12027: eeeeee;
  12028: eeeeee;
  12029: ebebeb;
  12030: efefef;
  12031: fdfdfd;
  12032: efefef;
  12033: ededed;
  12034: eeeeee;
  12035: eeeeee;
  12036: ededed;
  12037: f5f5f5;
  12038: ffffff;
  12039: ffffff;
  12040: fefefe;
  12041: fcfcfc;
  12042: fefefe;
  12043: ededed;
  12044: eeeeee;
  12045: f0f0f0;
  12046: eeeeee;
  12047: efefef;
  12048: eeeeee;
  12049: ffffff;
  12050: fefefe;
  12051: fefefe;
  12052: ffffff;
  12053: fdfdfd;
  12054: eeeeee;
  12055: ededed;
  12056: efefef;
  12057: f0f0f0;
  12058: eeeeee;
  12059: ffffff;
  12060: ffffff;
  12061: fdfdfd;
  12062: fefefe;
  12063: fffdfe;
  12064: fffdff;
  12065: edebec;
  12066: ecf3ec;
  12067: e6f0e8;
  12068: efeff1;
  12069: eeecf1;
  12070: f8f3f7;
  12071: fffeff;
  12072: fffffa;
  12073: fcfbf7;
  12074: ffffff;
  12075: fffcff;
  12076: fce3e7;
  12077: ffdcdb;
  12078: 982920;
  12079: ae261a;
  12080: aa211b;
  12081: ab211e;
  12082: ab211e;
  12083: a9221c;
  12084: a52518;
  12085: a72518;
  12086: ac211a;
  12087: ae211a;
  12088: ad241c;
  12089: a3271f;
  12090: 972e28;
  12091: a25953;
  12092: fff2ee;
  12093: fffeff;
  12094: feffff;
  12095: f9fafc;
  12096: ffffff;
  12097: fffefc;
  12098: eeedeb;
  12099: f1edec;
  12100: f0eceb;
  12101: f2eeed;
  12102: eeeced;
  12103: efedee;
  12104: fdfdff;
  12105: fefeff;
  12106: fcfdff;
  12107: feffff;
  12108: ffffff;
  12109: ededed;
  12110: f0f0ee;
  12111: efefed;
  12112: efefef;
  12113: ededed;
  12114: f6f6f6;
  12115: ffffff;
  12116: ffffff;
  12117: ffffff;
  12118: ffffff;
  12119: ffffff;
  12120: f0f0f0;
  12121: efefef;
  12122: ededed;
  12123: ededed;
  12124: efefef;
  12125: f0f0f0;
  12126: ffffff;
  12127: ffffff;
  12128: fdfdfd;
  12129: ffffff;
  12130: fdfdfd;
  12131: f6f6f6;
  12132: efefef;
  12133: efefef;
  12134: f0f0f0;
  12135: efefef;
  12136: eeeeee;
  12137: ffffff;
  12138: ffffff;
  12139: ffffff;
  12140: ffffff;
  12141: fdfdfd;
  12142: ededed;
  12143: eeeeee;
  12144: efefef;
  12145: f0f0f0;
  12146: efefef;
  12147: eeeeee;
  12148: fefefe;
  12149: fefefe;
  12150: fefefe;
  12151: fefefe;
  12152: ffffff;
  12153: efefef;
  12154: eeeeee;
  12155: efefef;
  12156: efefef;
  12157: eeeeee;
  12158: f0f0f0;
  12159: ffffff;
  12160: efefef;
  12161: eeeeee;
  12162: efefef;
  12163: efefef;
  12164: efefef;
  12165: f4f4f4;
  12166: fdfdfd;
  12167: ffffff;
  12168: ffffff;
  12169: ffffff;
  12170: ffffff;
  12171: ededed;
  12172: ebebeb;
  12173: efefef;
  12174: ededed;
  12175: eeeeee;
  12176: ececec;
  12177: ffffff;
  12178: fdfdfd;
  12179: fcfcfc;
  12180: ffffff;
  12181: ffffff;
  12182: ededed;
  12183: eeeeee;
  12184: ededed;
  12185: ededed;
  12186: ececec;
  12187: ffffff;
  12188: ffffff;
  12189: fefefe;
  12190: ffffff;
  12191: ffffff;
  12192: fffeff;
  12193: edebec;
  12194: edf2ee;
  12195: e8ede9;
  12196: f1f1f3;
  12197: efedf2;
  12198: f8f3f7;
  12199: fffeff;
  12200: fefffa;
  12201: fffffb;
  12202: fffffd;
  12203: fffafb;
  12204: ffd9dc;
  12205: 742322;
  12206: 9e281e;
  12207: ab2317;
  12208: a8211b;
  12209: a9221e;
  12210: aa231f;
  12211: a8231c;
  12212: a52518;
  12213: a72517;
  12214: ac2218;
  12215: af201c;
  12216: ac211e;
  12217: a02925;
  12218: 95473d;
  12219: ffeee7;
  12220: f6ebe9;
  12221: f9fdfe;
  12222: fdfeff;
  12223: feffff;
  12224: ffffff;
  12225: fefdfb;
  12226: f2eeed;
  12227: f1edec;
  12228: f0eceb;
  12229: f1f0ee;
  12230: efedee;
  12231: ededed;
  12232: ffffff;
  12233: feffff;
  12234: fafeff;
  12235: fcffff;
  12236: feffff;
  12237: eaeceb;
  12238: ebedea;
  12239: eceeeb;
  12240: eef0ef;
  12241: ededed;
  12242: f7f7f7;
  12243: feffff;
  12244: fefefe;
  12245: ffffff;
  12246: ffffff;
  12247: fefefe;
  12248: efefef;
  12249: f1eff0;
  12250: efedee;
  12251: efedee;
  12252: f1f1f1;
  12253: f0f0f0;
  12254: ffffff;
  12255: ffffff;
  12256: ffffff;
  12257: ffffff;
  12258: fefefe;
  12259: f6f6f6;
  12260: eeeeee;
  12261: ececec;
  12262: ededed;
  12263: ededed;
  12264: ebebeb;
  12265: ffffff;
  12266: ffffff;
  12267: fbfbfb;
  12268: ffffff;
  12269: fefefe;
  12270: ededed;
  12271: eeeeee;
  12272: eeeeee;
  12273: ededed;
  12274: ededed;
  12275: efefef;
  12276: fefefe;
  12277: ffffff;
  12278: ffffff;
  12279: ffffff;
  12280: fefefe;
  12281: ededed;
  12282: eeeeee;
  12283: eeeeee;
  12284: eeeeee;
  12285: efefef;
  12286: ededed;
  12287: ffffff;
  12288: eeeeee;
  12289: efefef;
  12290: ededed;
  12291: eeeeee;
  12292: eeeeee;
  12293: f4f4f4;
  12294: ffffff;
  12295: fefefe;
  12296: ffffff;
  12297: fefefe;
  12298: ffffff;
  12299: ececec;
  12300: f0f0f0;
  12301: ededed;
  12302: eeeeee;
  12303: efefef;
  12304: f0f0f0;
  12305: fdfdfd;
  12306: ffffff;
  12307: ffffff;
  12308: fefefe;
  12309: ffffff;
  12310: eeeeee;
  12311: eeeeee;
  12312: eeeeee;
  12313: f0f0f0;
  12314: eeeeee;
  12315: fefefe;
  12316: ffffff;
  12317: ffffff;
  12318: ffffff;
  12319: fffffd;
  12320: fffffd;
  12321: ebebe9;
  12322: f0eef1;
  12323: f2edf3;
  12324: f1ecf2;
  12325: f0ebf1;
  12326: faf5f9;
  12327: fffdfe;
  12328: fcffff;
  12329: f9fef8;
  12330: fcfff6;
  12331: fff8ec;
  12332: bb6a66;
  12333: 9c2926;
  12334: a2231a;
  12335: a92519;
  12336: a8251b;
  12337: a8251d;
  12338: a8251d;
  12339: a8251b;
  12340: a82618;
  12341: a92516;
  12342: ad2318;
  12343: b0211b;
  12344: b01b1d;
  12345: 9a2627;
  12346: f1bfb6;
  12347: f6e9e0;
  12348: f1edea;
  12349: feffff;
  12350: fffffd;
  12351: fdfdfb;
  12352: feffff;
  12353: feffff;
  12354: ececec;
  12355: eeeeee;
  12356: edefee;
  12357: eaeeed;
  12358: eeeeee;
  12359: eceaeb;
  12360: fffeff;
  12361: ffffff;
  12362: feffff;
  12363: fdfffe;
  12364: ffffff;
  12365: eceeed;
  12366: ebf4f1;
  12367: e5eeeb;
  12368: ecf0ef;
  12369: eceeed;
  12370: f4f6f5;
  12371: fcffff;
  12372: feffff;
  12373: fdfffe;
  12374: ffffff;
  12375: fefefe;
  12376: f3f1f2;
  12377: efebec;
  12378: f0eced;
  12379: f1edee;
  12380: eeeced;
  12381: eeeeee;
  12382: feffff;
  12383: feffff;
  12384: ffffff;
  12385: fefefe;
  12386: ffffff;
  12387: f6f6f6;
  12388: ededed;
  12389: f0f0f0;
  12390: efefef;
  12391: ededed;
  12392: efefef;
  12393: fcfcfc;
  12394: ffffff;
  12395: ffffff;
  12396: fefefe;
  12397: ffffff;
  12398: eeeeee;
  12399: eeeeee;
  12400: ededed;
  12401: efefef;
  12402: efefef;
  12403: eeeeee;
  12404: ffffff;
  12405: fefefe;
  12406: fefefe;
  12407: ffffff;
  12408: fefefe;
  12409: f0f0f0;
  12410: ececec;
  12411: ededed;
  12412: eeeeee;
  12413: ececec;
  12414: f0f0f0;
  12415: fefefe;
  12416: ededed;
  12417: efefef;
  12418: efefef;
  12419: f0f0f0;
  12420: f0f0f0;
  12421: f5f5f5;
  12422: ffffff;
  12423: ffffff;
  12424: fefefe;
  12425: ffffff;
  12426: ffffff;
  12427: eeeeee;
  12428: f0f0f0;
  12429: eeeeee;
  12430: eeeeee;
  12431: ededed;
  12432: ededed;
  12433: ffffff;
  12434: ffffff;
  12435: ffffff;
  12436: fefefe;
  12437: ffffff;
  12438: ececec;
  12439: eeeeee;
  12440: ededed;
  12441: ededed;
  12442: ededed;
  12443: fefefe;
  12444: ffffff;
  12445: ffffff;
  12446: fefefe;
  12447: fffffd;
  12448: fefffb;
  12449: ececea;
  12450: f0ebef;
  12451: f3ecf3;
  12452: f1ecf2;
  12453: eeecef;
  12454: faf6f7;
  12455: fffeff;
  12456: fdfeff;
  12457: fefffb;
  12458: fffff3;
  12459: fff5e8;
  12460: 87201b;
  12461: a51f1c;
  12462: a9241d;
  12463: a62118;
  12464: a8231a;
  12465: a7241a;
  12466: a5251a;
  12467: a5251a;
  12468: a82418;
  12469: a92317;
  12470: ab2317;
  12471: ab221c;
  12472: aa2224;
  12473: 740d10;
  12474: fff4ed;
  12475: eaebe3;
  12476: f1f1f1;
  12477: fcfcfe;
  12478: fffeff;
  12479: fffeff;
  12480: fefefe;
  12481: fdfffe;
  12482: ededed;
  12483: eef0ef;
  12484: eef2f1;
  12485: edf1f0;
  12486: f0f0f0;
  12487: eeeced;
  12488: fffeff;
  12489: fdfdfd;
  12490: fafefd;
  12491: fbfffe;
  12492: fdfdfd;
  12493: efefef;
  12494: e4eae8;
  12495: eef7f4;
  12496: eef0ef;
  12497: edefee;
  12498: f4f6f5;
  12499: fdfffe;
  12500: feffff;
  12501: feffff;
  12502: feffff;
  12503: ffffff;
  12504: f3f1f2;
  12505: f1edee;
  12506: f3eff0;
  12507: f5f1f2;
  12508: f1eff0;
  12509: f1f1f1;
  12510: feffff;
  12511: fdfffe;
  12512: ffffff;
  12513: fefefe;
  12514: ffffff;
  12515: f6f6f6;
  12516: ececec;
  12517: eeeeee;
  12518: eeeeee;
  12519: ededed;
  12520: ececec;
  12521: ffffff;
  12522: ffffff;
  12523: ffffff;
  12524: fefefe;
  12525: ffffff;
  12526: ececec;
  12527: eeeeee;
  12528: eeeeee;
  12529: ededed;
  12530: eeeeee;
  12531: ececec;
  12532: ffffff;
  12533: ffffff;
  12534: ffffff;
  12535: ffffff;
  12536: fdfdfd;
  12537: efefef;
  12538: f0f0f0;
  12539: efefef;
  12540: efefef;
  12541: f1f1f1;
  12542: efefef;
  12543: fefefe;
  12544: efefef;
  12545: efefef;
  12546: ededed;
  12547: ececec;
  12548: ececec;
  12549: f2f2f2;
  12550: fdfdfd;
  12551: ffffff;
  12552: fefefe;
  12553: ffffff;
  12554: fefefe;
  12555: ededed;
  12556: ececec;
  12557: ededed;
  12558: efefef;
  12559: efefef;
  12560: efefef;
  12561: ffffff;
  12562: fefefe;
  12563: fefefe;
  12564: fefefe;
  12565: ffffff;
  12566: ececec;
  12567: eeeeee;
  12568: efefef;
  12569: ededed;
  12570: efefef;
  12571: ffffff;
  12572: ffffff;
  12573: ffffff;
  12574: fdfdfd;
  12575: fffffd;
  12576: fcfef9;
  12577: ebedea;
  12578: edebee;
  12579: f1ecf2;
  12580: eeedf2;
  12581: ededef;
  12582: f8f4f5;
  12583: fffdfe;
  12584: fffeff;
  12585: fffbfc;
  12586: fff8f4;
  12587: c98f8b;
  12588: 97292a;
  12589: a51d1f;
  12590: b12727;
  12591: a91f1c;
  12592: ac231d;
  12593: ac231d;
  12594: a9241d;
  12595: a9241d;
  12596: a9241b;
  12597: a9241b;
  12598: a9241d;
  12599: a22720;
  12600: 972b29;
  12601: d58989;
  12602: ffece8;
  12603: f0f0ee;
  12604: e8e7ec;
  12605: fffeff;
  12606: fefbff;
  12607: fffaff;
  12608: fffdff;
  12609: fffdfe;
  12610: eeeeee;
  12611: ebedec;
  12612: eaeceb;
  12613: ebedec;
  12614: eeeced;
  12615: efebec;
  12616: ffffff;
  12617: fafefd;
  12618: fbffff;
  12619: fbffff;
  12620: ffffff;
  12621: eeeced;
  12622: f1f1f1;
  12623: ebebeb;
  12624: efedee;
  12625: f0eeef;
  12626: f8f6f7;
  12627: ffffff;
  12628: ffffff;
  12629: feffff;
  12630: feffff;
  12631: fdfdfd;
  12632: efefef;
  12633: edebec;
  12634: eeeced;
  12635: eeeced;
  12636: eeeced;
  12637: f2f0f1;
  12638: ffffff;
  12639: ffffff;
  12640: ffffff;
  12641: fdfdfd;
  12642: fefefe;
  12643: f6f6f6;
  12644: eeeeee;
  12645: eeeeee;
  12646: eeeeee;
  12647: eeeeee;
  12648: efefef;
  12649: ffffff;
  12650: fefefe;
  12651: fefefe;
  12652: fefefe;
  12653: ffffff;
  12654: ececec;
  12655: eeeeee;
  12656: f0f0f0;
  12657: ededed;
  12658: efefef;
  12659: ededed;
  12660: ffffff;
  12661: fefefe;
  12662: ffffff;
  12663: fefefe;
  12664: ffffff;
  12665: eaeaea;
  12666: ececec;
  12667: eeeeee;
  12668: eeeeee;
  12669: ececec;
  12670: ebebeb;
  12671: ffffff;
  12672: ececec;
  12673: ececec;
  12674: ececec;
  12675: ededed;
  12676: f0f0f0;
  12677: f6f6f6;
  12678: fefefe;
  12679: ffffff;
  12680: ffffff;
  12681: ffffff;
  12682: fbfbfb;
  12683: f1f1f1;
  12684: ededed;
  12685: ececec;
  12686: ededed;
  12687: ededed;
  12688: eeeeee;
  12689: fafafa;
  12690: fdfdfd;
  12691: ffffff;
  12692: ffffff;
  12693: fdfdfd;
  12694: efefef;
  12695: ececec;
  12696: ededed;
  12697: ededed;
  12698: f0f0f0;
  12699: fafafa;
  12700: fefefe;
  12701: ffffff;
  12702: ffffff;
  12703: ffffff;
  12704: fdfffc;
  12705: f2f4f1;
  12706: ededef;
  12707: ebeaef;
  12708: eaebed;
  12709: eeeeee;
  12710: faf6f7;
  12711: fffdff;
  12712: fffdff;
  12713: fff8fb;
  12714: fff1f4;
  12715: 651d21;
  12716: 9a272e;
  12717: ac232b;
  12718: a61e22;
  12719: ad2225;
  12720: ac2021;
  12721: ab2121;
  12722: a82223;
  12723: a72321;
  12724: a82221;
  12725: a72321;
  12726: a52321;
  12727: 9a2827;
  12728: 6b1613;
  12729: ffefed;
  12730: f3e1df;
  12731: ededed;
  12732: f0eff5;
  12733: fffeff;
  12734: fffdff;
  12735: fffdff;
  12736: fffdff;
  12737: fefafb;
  12738: f2f0f1;
  12739: eeeeee;
  12740: eceeed;
  12741: ededed;
  12742: f1edee;
  12743: efedee;
  12744: fbfdfc;
  12745: fcffff;
  12746: feffff;
  12747: fcfcfc;
  12748: fffcfd;
  12749: f2ecee;
  12750: f2ecee;
  12751: f0eced;
  12752: eeeaeb;
  12753: f0eced;
  12754: f7f3f4;
  12755: fcfafb;
  12756: fffeff;
  12757: ffffff;
  12758: feffff;
  12759: fdfffe;
  12760: f1f3f2;
  12761: eef0ef;
  12762: eeeeee;
  12763: ededed;
  12764: eeeeee;
  12765: f3f1f2;
  12766: fcfafb;
  12767: fffdfe;
  12768: ffffff;
  12769: ffffff;
  12770: fdfdfd;
  12771: f7f7f7;
  12772: f1f1f1;
  12773: eeeeee;
  12774: ededed;
  12775: ececec;
  12776: eeeeee;
  12777: fafafa;
  12778: fefefe;
  12779: ffffff;
  12780: ffffff;
  12781: fdfdfd;
  12782: eeeeee;
  12783: ebebeb;
  12784: ededed;
  12785: ececec;
  12786: efefef;
  12787: f0f0f0;
  12788: fcfcfc;
  12789: fefefe;
  12790: ffffff;
  12791: ffffff;
  12792: fefefe;
  12793: eeeeee;
  12794: ececec;
  12795: efefef;
  12796: efefef;
  12797: ececec;
  12798: eeeeee;
  12799: fefefe;
  12800: fcfcfc;
  12801: fcfcfc;
  12802: fcfcfc;
  12803: fbfbfb;
  12804: fafafa;
  12805: f6f6f6;
  12806: f1f1f1;
  12807: efefef;
  12808: efefef;
  12809: efefef;
  12810: f1f1f1;
  12811: f9f9f9;
  12812: fbfbfb;
  12813: fbfbfb;
  12814: fbfbfb;
  12815: fcfcfc;
  12816: fcfcfc;
  12817: f2f2f2;
  12818: f2f2f2;
  12819: f0f0f0;
  12820: f1f1f1;
  12821: f1f1f1;
  12822: fcfcfc;
  12823: fcfcfc;
  12824: fcfcfc;
  12825: fcfcfc;
  12826: fbfbfb;
  12827: f5f5f5;
  12828: f2f2f2;
  12829: f1f1f1;
  12830: f0f0f0;
  12831: efefef;
  12832: eff1ee;
  12833: f7f9f8;
  12834: f9fafc;
  12835: fbfcff;
  12836: f9fdfe;
  12837: f9fbfa;
  12838: f7f3f4;
  12839: f4eeee;
  12840: f5eff1;
  12841: ffeaef;
  12842: f6c7cd;
  12843: 7c2c35;
  12844: 9e2836;
  12845: ac2432;
  12846: a92530;
  12847: a7212a;
  12848: ab212e;
  12849: ab212e;
  12850: a7232e;
  12851: a4252e;
  12852: a6242e;
  12853: a6242c;
  12854: a4252c;
  12855: 962c30;
  12856: d38b8c;
  12857: fff3f1;
  12858: fff9f7;
  12859: fdfffe;
  12860: f9f8fd;
  12861: f1eff4;
  12862: f4eff5;
  12863: f3eef2;
  12864: f5f1f2;
  12865: f6f2f3;
  12866: fdf7f9;
  12867: fdf9fa;
  12868: fafafa;
  12869: fafafa;
  12870: faf9f7;
  12871: f9f9f7;
  12872: f1f6f2;
  12873: eeeeec;
  12874: f9eff0;
  12875: fffafd;
  12876: fdf3f4;
  12877: fff7f8;
  12878: fffafb;
  12879: fdf7f7;
  12880: fffbfd;
  12881: fffafc;
  12882: fbf5f7;
  12883: f5f1f2;
  12884: f3eff0;
  12885: f1eff0;
  12886: f0f0f0;
  12887: f0f2f1;
  12888: f9fbfa;
  12889: f8fcfb;
  12890: f9fbfa;
  12891: f9fbfa;
  12892: fafafa;
  12893: f9f7f8;
  12894: f5f1f2;
  12895: f4f0f1;
  12896: f1eff0;
  12897: f0f0f0;
  12898: f1f1f1;
  12899: f5f5f5;
  12900: fafafa;
  12901: fbfbfb;
  12902: fcfcfc;
  12903: fcfcfc;
  12904: fcfcfc;
  12905: f2f2f2;
  12906: f2f2f2;
  12907: f1f1f1;
  12908: f1f1f1;
  12909: f1f1f1;
  12910: fcfcfc;
  12911: fcfcfc;
  12912: fdfdfd;
  12913: fdfdfd;
  12914: fafafa;
  12915: fbfbfb;
  12916: f2f2f2;
  12917: f2f2f2;
  12918: f0f0f0;
  12919: f0f0f0;
  12920: f2f2f2;
  12921: fbfbfb;
  12922: fafafa;
  12923: f9f9f9;
  12924: f9f9f9;
  12925: f9f9f9;
  12926: fbfbfb;
  12927: f2f2f2;
  12928: fefefe;
  12929: fdfdfd;
  12930: ffffff;
  12931: ffffff;
  12932: ffffff;
  12933: fafafa;
  12934: f0f0f0;
  12935: efefef;
  12936: f0f0f0;
  12937: eeeeee;
  12938: efefef;
  12939: ffffff;
  12940: ffffff;
  12941: ffffff;
  12942: fdfdfd;
  12943: fefefe;
  12944: fefefe;
  12945: ebebeb;
  12946: efefef;
  12947: efefef;
  12948: f0f0f0;
  12949: ececec;
  12950: ffffff;
  12951: fdfdfd;
  12952: fdfdfd;
  12953: fefefe;
  12954: fefefe;
  12955: f1f1f1;
  12956: ededed;
  12957: efefef;
  12958: f0f0f0;
  12959: efefef;
  12960: f0f0ee;
  12961: feffff;
  12962: fcffff;
  12963: fbffff;
  12964: fafffe;
  12965: fcffff;
  12966: f7f6f4;
  12967: f3eded;
  12968: f2ecee;
  12969: f7e4e8;
  12970: f0c7cd;
  12971: 560d18;
  12972: 7a0a1a;
  12973: 7b000c;
  12974: 7f0210;
  12975: 850715;
  12976: 840014;
  12977: 830014;
  12978: 7f0214;
  12979: 7d0214;
  12980: 7d0312;
  12981: 7f0212;
  12982: 7f0212;
  12983: 720814;
  12984: a15a60;
  12985: fff0f1;
  12986: fffaf8;
  12987: fcffff;
  12988: ffffff;
  12989: eceaed;
  12990: f4eff3;
  12991: eceaeb;
  12992: eeeced;
  12993: f2eeef;
  12994: fffcfe;
  12995: fffdff;
  12996: ffffff;
  12997: feffff;
  12998: fffffd;
  12999: fffffd;
  13000: ebedea;
  13001: f4eeee;
  13002: ffe2ea;
  13003: b38f99;
  13004: fff7fd;
  13005: fff9fc;
  13006: fffdfd;
  13007: fffdfc;
  13008: fffdfe;
  13009: fffcfd;
  13010: f9f5f6;
  13011: f1edee;
  13012: efebec;
  13013: efedee;
  13014: eeeeee;
  13015: eff1f0;
  13016: f9fdfc;
  13017: fcffff;
  13018: fcffff;
  13019: fcffff;
  13020: feffff;
  13021: fefcfd;
  13022: f2eeef;
  13023: efebec;
  13024: f0eeef;
  13025: f0f0f0;
  13026: efefef;
  13027: f6f6f6;
  13028: fefefe;
  13029: fefefe;
  13030: fefefe;
  13031: fdfdfd;
  13032: fefefe;
  13033: ebebeb;
  13034: efefef;
  13035: f0f0f0;
  13036: f0f0f0;
  13037: ececec;
  13038: ffffff;
  13039: fdfdfd;
  13040: fdfdfd;
  13041: ffffff;
  13042: fdfdfd;
  13043: ffffff;
  13044: ededed;
  13045: f0f0f0;
  13046: eeeeee;
  13047: f0f0f0;
  13048: ededed;
  13049: ffffff;
  13050: ffffff;
  13051: ffffff;
  13052: ffffff;
  13053: ffffff;
  13054: ffffff;
  13055: ededed;
  13056: ffffff;
  13057: ffffff;
  13058: ffffff;
  13059: fdfdfd;
  13060: fdfdfd;
  13061: f8f8f8;
  13062: ededed;
  13063: eeeeee;
  13064: efefef;
  13065: ededed;
  13066: ececec;
  13067: ffffff;
  13068: fdfdfd;
  13069: ffffff;
  13070: ffffff;
  13071: ffffff;
  13072: ffffff;
  13073: efefef;
  13074: eeeeee;
  13075: ededed;
  13076: eeeeee;
  13077: ebebeb;
  13078: ffffff;
  13079: ffffff;
  13080: ffffff;
  13081: ffffff;
  13082: ffffff;
  13083: f1f1f1;
  13084: ededed;
  13085: eeeeee;
  13086: eeeeee;
  13087: ededed;
  13088: edebec;
  13089: ffffff;
  13090: fcffff;
  13091: fbffff;
  13092: fbffff;
  13093: fcfffd;
  13094: f6f5f3;
  13095: efebea;
  13096: f2eeef;
  13097: f8eeef;
  13098: fde4e7;
  13099: d098a1;
  13100: 6b081a;
  13101: 7c0519;
  13102: 790617;
  13103: 790518;
  13104: 7e041d;
  13105: 7c041f;
  13106: 78061f;
  13107: 77071d;
  13108: 7a061b;
  13109: 7b051b;
  13110: 7e041d;
  13111: 77071d;
  13112: 650e1f;
  13113: c48f99;
  13114: fffbfb;
  13115: f9fdfc;
  13116: fffeff;
  13117: f3eff0;
  13118: ecebe9;
  13119: f1f1ef;
  13120: efefef;
  13121: f0eeef;
  13122: fffdff;
  13123: fffdfe;
  13124: fdfffc;
  13125: fcfffd;
  13126: fefefc;
  13127: fffffd;
  13128: ededeb;
  13129: f8e8eb;
  13130: eeb5c4;
  13131: 531324;
  13132: 5d2f3a;
  13133: fff6fa;
  13134: fffdfa;
  13135: fbfffd;
  13136: feffff;
  13137: ffffff;
  13138: faf8f9;
  13139: f3eff0;
  13140: f1edee;
  13141: efedee;
  13142: ececec;
  13143: ebedec;
  13144: f7fbfa;
  13145: fcffff;
  13146: fafffe;
  13147: fbfffe;
  13148: feffff;
  13149: fffeff;
  13150: f2eeef;
  13151: f2eeef;
  13152: edebec;
  13153: eeeeee;
  13154: ececec;
  13155: f6f6f6;
  13156: ffffff;
  13157: ffffff;
  13158: ffffff;
  13159: ffffff;
  13160: ffffff;
  13161: efefef;
  13162: eeeeee;
  13163: ededed;
  13164: eeeeee;
  13165: ececec;
  13166: ffffff;
  13167: ffffff;
  13168: ffffff;
  13169: ffffff;
  13170: ffffff;
  13171: ffffff;
  13172: ececec;
  13173: ededed;
  13174: ededed;
  13175: eeeeee;
  13176: efefef;
  13177: fefefe;
  13178: fefefe;
  13179: ffffff;
  13180: ffffff;
  13181: fdfdfd;
  13182: fdfdfd;
  13183: efefef;
  13184: ffffff;
  13185: fefefe;
  13186: ffffff;
  13187: ffffff;
  13188: ffffff;
  13189: fafafa;
  13190: eeeeee;
  13191: f0f0f0;
  13192: eeeeee;
  13193: efefef;
  13194: eeeeee;
  13195: ffffff;
  13196: fefefe;
  13197: ffffff;
  13198: ffffff;
  13199: fefefe;
  13200: fdfdfd;
  13201: f0f0f0;
  13202: ededed;
  13203: eeeeee;
  13204: efefef;
  13205: eeeeee;
  13206: ffffff;
  13207: fefefe;
  13208: ffffff;
  13209: fdfdfd;
  13210: fefefe;
  13211: f1f1f1;
  13212: efefef;
  13213: eeeeee;
  13214: eeeeee;
  13215: eeeeee;
  13216: eeeced;
  13217: fffeff;
  13218: fcfefd;
  13219: fbfffe;
  13220: fcfffd;
  13221: fefffd;
  13222: f7f6f4;
  13223: f1f0ee;
  13224: eeeeee;
  13225: f3efee;
  13226: f3e9e8;
  13227: fff4f8;
  13228: 5b0a19;
  13229: 72081e;
  13230: 760b1f;
  13231: 75081d;
  13232: 780620;
  13233: 770622;
  13234: 740822;
  13235: 730920;
  13236: 750720;
  13237: 780620;
  13238: 7c0420;
  13239: 7a0522;
  13240: 6f0823;
  13241: 571022;
  13242: fff4fa;
  13243: fffffd;
  13244: fffeff;
  13245: eeeaeb;
  13246: f0f0ee;
  13247: eceeeb;
  13248: eceeed;
  13249: ececec;
  13250: fffeff;
  13251: fffeff;
  13252: fefffd;
  13253: fcfffd;
  13254: fefefc;
  13255: fffffd;
  13256: f3efee;
  13257: fff5fa;
  13258: 62142a;
  13259: 690f29;
  13260: 520d20;
  13261: ffebf5;
  13262: fffefb;
  13263: f8fffa;
  13264: fbfffd;
  13265: fcffff;
  13266: f8f8f8;
  13267: eeeeee;
  13268: eeeced;
  13269: f0eeef;
  13270: efedee;
  13271: efefef;
  13272: f9fbfa;
  13273: fcffff;
  13274: fcffff;
  13275: fcffff;
  13276: feffff;
  13277: fefefe;
  13278: edebec;
  13279: efedee;
  13280: eeeeee;
  13281: f0f0f0;
  13282: ededed;
  13283: f7f7f7;
  13284: ffffff;
  13285: fdfdfd;
  13286: fefefe;
  13287: ffffff;
  13288: fcfcfc;
  13289: f0f0f0;
  13290: ededed;
  13291: eeeeee;
  13292: f0f0f0;
  13293: efefef;
  13294: ffffff;
  13295: fefefe;
  13296: fefefe;
  13297: fdfdfd;
  13298: ffffff;
  13299: ffffff;
  13300: ededed;
  13301: eeeeee;
  13302: f0f0f0;
  13303: efefef;
  13304: eeeeee;
  13305: fefefe;
  13306: ffffff;
  13307: fefefe;
  13308: fefefe;
  13309: ffffff;
  13310: fdfdfd;
  13311: ededed;
  13312: fefefe;
  13313: ffffff;
  13314: ffffff;
  13315: ffffff;
  13316: ffffff;
  13317: f9f9f9;
  13318: f1f1f1;
  13319: ededed;
  13320: f1f1f1;
  13321: eeeeee;
  13322: efefef;
  13323: fefefe;
  13324: ffffff;
  13325: ffffff;
  13326: fefefe;
  13327: ffffff;
  13328: ffffff;
  13329: eeeeee;
  13330: eeeeee;
  13331: efefef;
  13332: ececec;
  13333: eeeeee;
  13334: fdfdfd;
  13335: ffffff;
  13336: ffffff;
  13337: fefefe;
  13338: fefefe;
  13339: f2f2f2;
  13340: ececec;
  13341: efefef;
  13342: eeeeee;
  13343: f0f0f0;
  13344: efedf0;
  13345: fffeff;
  13346: fefefe;
  13347: fefffd;
  13348: fafcf9;
  13349: fefffd;
  13350: f9f7f8;
  13351: ededed;
  13352: eef0ed;
  13353: eaefeb;
  13354: eceeeb;
  13355: ffecee;
  13356: ad737f;
  13357: 671023;
  13358: 70081f;
  13359: 750720;
  13360: 740820;
  13361: 730920;
  13362: 710920;
  13363: 710920;
  13364: 730920;
  13365: 750720;
  13366: 7a0424;
  13367: 7b0326;
  13368: 7c0629;
  13369: 650825;
  13370: d7adb9;
  13371: fffafe;
  13372: fffdff;
  13373: edebee;
  13374: edeef0;
  13375: eef2f3;
  13376: f0f2f1;
  13377: ebedec;
  13378: fdfffe;
  13379: feffff;
  13380: fefffd;
  13381: fefffd;
  13382: fefffd;
  13383: fffefd;
  13384: f4e8e8;
  13385: ffe7f1;
  13386: 650823;
  13387: 750827;
  13388: 680c25;
  13389: 7f4251;
  13390: fff7f7;
  13391: fbfffb;
  13392: f8fffc;
  13393: f7fffd;
  13394: f6faf9;
  13395: f0f2f1;
  13396: eaeaea;
  13397: f3f1f2;
  13398: f1eff0;
  13399: ebebeb;
  13400: fcfcfc;
  13401: fcfefd;
  13402: feffff;
  13403: feffff;
  13404: fcfefd;
  13405: ffffff;
  13406: efefef;
  13407: ededed;
  13408: ededed;
  13409: ededed;
  13410: efefef;
  13411: f6f6f6;
  13412: ffffff;
  13413: ffffff;
  13414: fefefe;
  13415: fefefe;
  13416: ffffff;
  13417: eeeeee;
  13418: eeeeee;
  13419: efefef;
  13420: ededed;
  13421: efefef;
  13422: fefefe;
  13423: ffffff;
  13424: fefefe;
  13425: ffffff;
  13426: ffffff;
  13427: fefefe;
  13428: f0f0f0;
  13429: ededed;
  13430: ececec;
  13431: efefef;
  13432: eeeeee;
  13433: ffffff;
  13434: ffffff;
  13435: fefefe;
  13436: fefefe;
  13437: ffffff;
  13438: fefefe;
  13439: ededed;
  13440: ffffff;
  13441: ffffff;
  13442: ffffff;
  13443: fefefe;
  13444: ffffff;
  13445: f7f7f7;
  13446: eeeeee;
  13447: ededed;
  13448: ebebeb;
  13449: ececec;
  13450: ededed;
  13451: ffffff;
  13452: ffffff;
  13453: ffffff;
  13454: ffffff;
  13455: fefefe;
  13456: fefefe;
  13457: eeeeee;
  13458: ededed;
  13459: ebebeb;
  13460: ededed;
  13461: eeeeee;
  13462: fdfdfd;
  13463: ffffff;
  13464: ffffff;
  13465: ffffff;
  13466: ffffff;
  13467: f2f2f2;
  13468: ededed;
  13469: ededed;
  13470: ececec;
  13471: ececec;
  13472: ededef;
  13473: fffeff;
  13474: fffefc;
  13475: fffffd;
  13476: fefefc;
  13477: fffffd;
  13478: f7f5f6;
  13479: ededed;
  13480: eaefeb;
  13481: ecf2ee;
  13482: ecf2ee;
  13483: f4ebec;
  13484: ffebf4;
  13485: 510c1e;
  13486: 6b0721;
  13487: 790824;
  13488: 740822;
  13489: 730920;
  13490: 730920;
  13491: 730920;
  13492: 740820;
  13493: 750722;
  13494: 770526;
  13495: 7a0427;
  13496: 7e0227;
  13497: 750c2d;
  13498: 7f4254;
  13499: fff5fd;
  13500: fffbff;
  13501: f0f0f0;
  13502: ebeff0;
  13503: eaeeef;
  13504: edefee;
  13505: edefee;
  13506: fcffff;
  13507: f9fdfc;
  13508: fffffd;
  13509: fffffd;
  13510: f3f8f4;
  13511: fffefb;
  13512: ffe8ec;
  13513: a86e7c;
  13514: 6e0a26;
  13515: 790325;
  13516: 6e0523;
  13517: 5a0d21;
  13518: ffeff5;
  13519: fffdfb;
  13520: fdfffc;
  13521: f9ffff;
  13522: f3f9f7;
  13523: edf1f0;
  13524: eef0ef;
  13525: eaeaea;
  13526: edebec;
  13527: f1eff0;
  13528: fcfafb;
  13529: fefefe;
  13530: ffffff;
  13531: fefefe;
  13532: fcfefd;
  13533: feffff;
  13534: eef0ef;
  13535: eeeeee;
  13536: efefef;
  13537: efefef;
  13538: f0f0f0;
  13539: f7f7f7;
  13540: ffffff;
  13541: ffffff;
  13542: fefefe;
  13543: ffffff;
  13544: fefefe;
  13545: eeeeee;
  13546: ededed;
  13547: ececec;
  13548: eeeeee;
  13549: efefef;
  13550: fefefe;
  13551: ffffff;
  13552: fefefe;
  13553: ffffff;
  13554: ffffff;
  13555: fefefe;
  13556: efefef;
  13557: efefef;
  13558: eeeeee;
  13559: f0f0f0;
  13560: eeeeee;
  13561: ffffff;
  13562: ffffff;
  13563: ffffff;
  13564: ffffff;
  13565: ffffff;
  13566: ffffff;
  13567: ededed;
  13568: fcfcfc;
  13569: ffffff;
  13570: ffffff;
  13571: ffffff;
  13572: ffffff;
  13573: f9f9f9;
  13574: efefef;
  13575: efefef;
  13576: efefef;
  13577: f2f2f2;
  13578: eeeeee;
  13579: ffffff;
  13580: fefefe;
  13581: fefefe;
  13582: ffffff;
  13583: ffffff;
  13584: fefefe;
  13585: efefef;
  13586: f0f0f0;
  13587: ededed;
  13588: f0f0f0;
  13589: efefef;
  13590: fdfdfd;
  13591: ffffff;
  13592: fefefe;
  13593: fefefe;
  13594: ffffff;
  13595: f1f1f1;
  13596: efefef;
  13597: efefef;
  13598: f0f0f0;
  13599: ededed;
  13600: f0f0f2;
  13601: ffffff;
  13602: fffdfc;
  13603: fffefb;
  13604: fefefc;
  13605: fffffd;
  13606: f7f5f6;
  13607: f1eff0;
  13608: eaefeb;
  13609: eaf0ec;
  13610: e8eae9;
  13611: f2ecee;
  13612: fff8fd;
  13613: 7b4754;
  13614: 6d0a26;
  13615: 7d0626;
  13616: 770624;
  13617: 750724;
  13618: 770622;
  13619: 770622;
  13620: 770622;
  13621: 770622;
  13622: 750626;
  13623: 770527;
  13624: 7b0126;
  13625: 730626;
  13626: 5b091f;
  13627: ffd2dd;
  13628: fff8fa;
  13629: edecea;
  13630: ebefee;
  13631: eaf0ee;
  13632: ebedec;
  13633: f1f1f1;
  13634: fdfffe;
  13635: fcfefd;
  13636: fffffd;
  13637: fffffd;
  13638: fbfffb;
  13639: fffdfb;
  13640: ffe4ee;
  13641: 580d21;
  13642: 6d0623;
  13643: 790826;
  13644: 750825;
  13645: 670b22;
  13646: 925461;
  13647: fff2f7;
  13648: fffafb;
  13649: fbffff;
  13650: f9fdfc;
  13651: e8eceb;
  13652: f3f5f4;
  13653: eaeceb;
  13654: f2f2f2;
  13655: eceaeb;
  13656: fcfafb;
  13657: fffeff;
  13658: fffeff;
  13659: fffeff;
  13660: ffffff;
  13661: feffff;
  13662: ebedec;
  13663: ebedec;
  13664: eeeeee;
  13665: ececec;
  13666: eeeeee;
  13667: f6f6f6;
  13668: ffffff;
  13669: ffffff;
  13670: ffffff;
  13671: ffffff;
  13672: fefefe;
  13673: efefef;
  13674: f0f0f0;
  13675: ededed;
  13676: f1f1f1;
  13677: f0f0f0;
  13678: fdfdfd;
  13679: ffffff;
  13680: ffffff;
  13681: ffffff;
  13682: fefefe;
  13683: ffffff;
  13684: eeeeee;
  13685: efefef;
  13686: eeeeee;
  13687: eeeeee;
  13688: ececec;
  13689: ffffff;
  13690: ffffff;
  13691: fcfcfc;
  13692: fcfcfc;
  13693: ffffff;
  13694: ffffff;
  13695: ebebeb;
  13696: ffffff;
  13697: ffffff;
  13698: fcfcfc;
  13699: fcfcfc;
  13700: fefefe;
  13701: f5f5f5;
  13702: ececec;
  13703: eeeeee;
  13704: ececec;
  13705: eeeeee;
  13706: e9e9e9;
  13707: ffffff;
  13708: fdfdfd;
  13709: fefefe;
  13710: ffffff;
  13711: ffffff;
  13712: ffffff;
  13713: eeeeee;
  13714: efefef;
  13715: ececec;
  13716: eeeeee;
  13717: ededed;
  13718: fefefe;
  13719: ffffff;
  13720: ffffff;
  13721: ffffff;
  13722: ffffff;
  13723: f1f1f1;
  13724: efefef;
  13725: ececec;
  13726: eeeeee;
  13727: ebebeb;
  13728: ebecf0;
  13729: fefeff;
  13730: fffefd;
  13731: fffefb;
  13732: fffffd;
  13733: ffffff;
  13734: f6f1f5;
  13735: edebee;
  13736: eef0ef;
  13737: e8ede9;
  13738: f0f0f0;
  13739: f0eced;
  13740: fffbfe;
  13741: fdd7e2;
  13742: 680e27;
  13743: 750221;
  13744: 770526;
  13745: 770526;
  13746: 7a0424;
  13747: 7a0522;
  13748: 7a0522;
  13749: 770624;
  13750: 740726;
  13751: 740727;
  13752: 7c0629;
  13753: 740525;
  13754: 6b0c24;
  13755: 914a58;
  13756: fff3f7;
  13757: f6ecea;
  13758: edeee9;
  13759: ecf2ee;
  13760: eceeed;
  13761: eeeeee;
  13762: fdfdfd;
  13763: ffffff;
  13764: fffefd;
  13765: fffefc;
  13766: fcfffb;
  13767: fff7f7;
  13768: ffdeed;
  13769: 6a0e27;
  13770: 710924;
  13771: 780a27;
  13772: 730522;
  13773: 710d27;
  13774: 5a071b;
  13775: ffedfa;
  13776: fff8fd;
  13777: fbfbfb;
  13778: f6f6f6;
  13779: f1f3f2;
  13780: eaeceb;
  13781: f0f2f1;
  13782: edefee;
  13783: efefef;
  13784: faf8f9;
  13785: fffeff;
  13786: fefafb;
  13787: fffdfe;
  13788: fdfbfc;
  13789: ffffff;
  13790: edefee;
  13791: edf1f0;
  13792: eeeeee;
  13793: ececec;
  13794: ededed;
  13795: f6f6f6;
  13796: ffffff;
  13797: ffffff;
  13798: fefefe;
  13799: ffffff;
  13800: ffffff;
  13801: eeeeee;
  13802: efefef;
  13803: ededed;
  13804: eeeeee;
  13805: ededed;
  13806: ffffff;
  13807: ffffff;
  13808: ffffff;
  13809: ffffff;
  13810: ffffff;
  13811: ffffff;
  13812: ededed;
  13813: eeeeee;
  13814: ededed;
  13815: eeeeee;
  13816: efefef;
  13817: fefefe;
  13818: fefefe;
  13819: ffffff;
  13820: ffffff;
  13821: fefefe;
  13822: fefefe;
  13823: efefef;
  13824: fefefe;
  13825: ffffff;
  13826: fefefe;
  13827: ffffff;
  13828: ffffff;
  13829: f9f9f9;
  13830: eeeeee;
  13831: eeeeee;
  13832: ededed;
  13833: eeeeee;
  13834: ededed;
  13835: ffffff;
  13836: ffffff;
  13837: ffffff;
  13838: fefefe;
  13839: fefefe;
  13840: fefefe;
  13841: e9e9e9;
  13842: eeeeee;
  13843: f0f0f0;
  13844: eeeeee;
  13845: ededed;
  13846: fefefe;
  13847: fefefe;
  13848: fefefe;
  13849: fefefe;
  13850: fcfcfc;
  13851: f1f1f1;
  13852: eeeeee;
  13853: ebebeb;
  13854: efefef;
  13855: ededed;
  13856: f1f0f5;
  13857: fefeff;
  13858: fffffd;
  13859: fefffa;
  13860: fffffd;
  13861: ffffff;
  13862: f9f4f8;
  13863: f3eef2;
  13864: ededed;
  13865: ededeb;
  13866: f0eced;
  13867: f5f1f2;
  13868: fffcff;
  13869: fff6fd;
  13870: 500519;
  13871: 720b26;
  13872: 740629;
  13873: 780429;
  13874: 7b0326;
  13875: 7b0424;
  13876: 7b0424;
  13877: 780524;
  13878: 740726;
  13879: 730727;
  13880: 730424;
  13881: 730623;
  13882: 760c23;
  13883: 6b1424;
  13884: 98656a;
  13885: fff1ef;
  13886: f0ebe7;
  13887: eaefe9;
  13888: f1f3f0;
  13889: eaeaea;
  13890: fffeff;
  13891: fffcfd;
  13892: fffefd;
  13893: fffefd;
  13894: fffefa;
  13895: fff6fb;
  13896: 55081c;
  13897: 720927;
  13898: 760b27;
  13899: 700521;
  13900: 6f041e;
  13901: 740923;
  13902: 6c061e;
  13903: 5e0f22;
  13904: fff3fd;
  13905: fffbff;
  13906: fef8fa;
  13907: eeeced;
  13908: edefee;
  13909: eaeeed;
  13910: eaeeed;
  13911: eff1f0;
  13912: fcfcfc;
  13913: fffeff;
  13914: fffeff;
  13915: fffeff;
  13916: fffeff;
  13917: fdfdfd;
  13918: eceeed;
  13919: e9edec;
  13920: f1f1f1;
  13921: efefef;
  13922: f0f0f0;
  13923: f7f7f7;
  13924: ffffff;
  13925: ffffff;
  13926: fdfdfd;
  13927: fefefe;
  13928: fefefe;
  13929: e9e9e9;
  13930: eeeeee;
  13931: f0f0f0;
  13932: eeeeee;
  13933: eeeeee;
  13934: ffffff;
  13935: fefefe;
  13936: fdfdfd;
  13937: fefefe;
  13938: fefefe;
  13939: ffffff;
  13940: eeeeee;
  13941: efefef;
  13942: efefef;
  13943: f0f0f0;
  13944: eeeeee;
  13945: ffffff;
  13946: ffffff;
  13947: fcfcfc;
  13948: fcfcfc;
  13949: ffffff;
  13950: ffffff;
  13951: eeeeee;
  13952: ffffff;
  13953: ffffff;
  13954: ffffff;
  13955: ffffff;
  13956: fdfdfd;
  13957: f7f7f7;
  13958: eeeeee;
  13959: ebebeb;
  13960: efefef;
  13961: eeeeee;
  13962: f0f0f0;
  13963: fcfcfc;
  13964: fefefe;
  13965: fefefe;
  13966: ffffff;
  13967: ffffff;
  13968: ffffff;
  13969: f2f2f2;
  13970: f0f0f0;
  13971: f0f0f0;
  13972: ececec;
  13973: efefef;
  13974: fdfdfd;
  13975: ffffff;
  13976: ffffff;
  13977: ffffff;
  13978: fafafa;
  13979: f6f6f6;
  13980: f1f1f1;
  13981: ededed;
  13982: eeeeee;
  13983: eeeeee;
  13984: f1eff4;
  13985: f8f8fa;
  13986: fefffd;
  13987: fcfffb;
  13988: fefffd;
  13989: ffffff;
  13990: f8f3f9;
  13991: f2edf1;
  13992: ededed;
  13993: efefed;
  13994: f3eff0;
  13995: ece8e9;
  13996: fffeff;
  13997: fff8fc;
  13998: e2a8b4;
  13999: 5d081d;
  14000: 700829;
  14001: 770529;
  14002: 7a0426;
  14003: 7b0424;
  14004: 7a0522;
  14005: 780524;
  14006: 750626;
  14007: 740727;
  14008: 760b29;
  14009: 710421;
  14010: 770720;
  14011: 6c0b1e;
  14012: 4e0a15;
  14013: fff3f6;
  14014: fceeed;
  14015: ececea;
  14016: eceeed;
  14017: ededed;
  14018: fffeff;
  14019: fffeff;
  14020: fffefd;
  14021: fffdfd;
  14022: fffbfb;
  14023: d7adb7;
  14024: 690f28;
  14025: 750626;
  14026: 6f021f;
  14027: 760b27;
  14028: 760a24;
  14029: 770924;
  14030: 74031f;
  14031: 680c23;
  14032: fed0dd;
  14033: fff4fb;
  14034: fff5f9;
  14035: f2ecee;
  14036: efefef;
  14037: eef2f1;
  14038: e9efed;
  14039: eaf0ee;
  14040: fafafa;
  14041: fffdfe;
  14042: fffeff;
  14043: fffdff;
  14044: fffbfc;
  14045: f9f9f9;
  14046: f0f2f1;
  14047: eef0ef;
  14048: ececec;
  14049: eeeeee;
  14050: efefef;
  14051: f4f4f4;
  14052: fcfcfc;
  14053: ffffff;
  14054: ffffff;
  14055: ffffff;
  14056: ffffff;
  14057: f1f1f1;
  14058: f0f0f0;
  14059: f0f0f0;
  14060: ececec;
  14061: f0f0f0;
  14062: fdfdfd;
  14063: ffffff;
  14064: ffffff;
  14065: ffffff;
  14066: ffffff;
  14067: fcfcfc;
  14068: f1f1f1;
  14069: eeeeee;
  14070: ececec;
  14071: ececec;
  14072: efefef;
  14073: fcfcfc;
  14074: ffffff;
  14075: ffffff;
  14076: ffffff;
  14077: ffffff;
  14078: fcfcfc;
  14079: efefef;
  14080: efefef;
  14081: ececec;
  14082: ececec;
  14083: ececec;
  14084: ededed;
  14085: f5f5f5;
  14086: fefefe;
  14087: ffffff;
  14088: ffffff;
  14089: fcfcfc;
  14090: fcfcfc;
  14091: f2f2f2;
  14092: ededed;
  14093: eeeeee;
  14094: eeeeee;
  14095: ededed;
  14096: eeeeee;
  14097: fafafa;
  14098: fefefe;
  14099: ffffff;
  14100: ffffff;
  14101: fbfbfb;
  14102: f0f0f0;
  14103: ededed;
  14104: ededed;
  14105: f1f1f1;
  14106: efefef;
  14107: fbfbfb;
  14108: fbfbfb;
  14109: fefefe;
  14110: ffffff;
  14111: fffeff;
  14112: fffcff;
  14113: f2f0f3;
  14114: ebf2eb;
  14115: e6f0e8;
  14116: e7ede9;
  14117: eeeff1;
  14118: f9f4fa;
  14119: fffcff;
  14120: fffffd;
  14121: fefefc;
  14122: fbfbfb;
  14123: ffffff;
  14124: eeecef;
  14125: f4e5e8;
  14126: fff4f8;
  14127: 4d0e19;
  14128: 6a0c26;
  14129: 740724;
  14130: 770622;
  14131: 770720;
  14132: 780620;
  14133: 780522;
  14134: 780524;
  14135: 770526;
  14136: 740927;
  14137: 710421;
  14138: 7b0b24;
  14139: 750b22;
  14140: 600b1e;
  14141: dfa7b4;
  14142: fff7ff;
  14143: fffeff;
  14144: ffffff;
  14145: fefefe;
  14146: f1f1f1;
  14147: ededed;
  14148: ebebe9;
  14149: f4eaeb;
  14150: ffebf1;
  14151: 814454;
  14152: 690924;
  14153: 730122;
  14154: 790b28;
  14155: 780725;
  14156: 75021f;
  14157: 760320;
  14158: 7d0823;
  14159: 6a0b23;
  14160: 481222;
  14161: fff5ff;
  14162: ffedf4;
  14163: fffbff;
  14164: fefefe;
  14165: fafffe;
  14166: f9ffff;
  14167: f9ffff;
  14168: f1f3f2;
  14169: eeeeee;
  14170: f1edee;
  14171: f0eaec;
  14172: f0eced;
  14173: f2f0f1;
  14174: fdfdfd;
  14175: feffff;
  14176: ffffff;
  14177: ffffff;
  14178: fefefe;
  14179: f6f6f6;
  14180: f1f1f1;
  14181: eeeeee;
  14182: ebebeb;
  14183: ebebeb;
  14184: eeeeee;
  14185: fafafa;
  14186: fefefe;
  14187: ffffff;
  14188: ffffff;
  14189: fcfcfc;
  14190: f1f1f1;
  14191: ededed;
  14192: ebebeb;
  14193: ededed;
  14194: efefef;
  14195: f1f1f1;
  14196: fbfbfb;
  14197: fefefe;
  14198: ffffff;
  14199: ffffff;
  14200: ffffff;
  14201: ededed;
  14202: ebebeb;
  14203: eeeeee;
  14204: eeeeee;
  14205: ebebeb;
  14206: ededed;
  14207: ffffff;
  14208: ededed;
  14209: ececec;
  14210: efefef;
  14211: efefef;
  14212: ededed;
  14213: f5f5f5;
  14214: ffffff;
  14215: fefefe;
  14216: ffffff;
  14217: fefefe;
  14218: ffffff;
  14219: eeeeee;
  14220: eaeaea;
  14221: efefef;
  14222: f0f0f0;
  14223: ececec;
  14224: eaeaea;
  14225: ffffff;
  14226: ffffff;
  14227: fcfcfc;
  14228: ffffff;
  14229: ffffff;
  14230: ededed;
  14231: eeeeee;
  14232: ececec;
  14233: f0f0f0;
  14234: ededed;
  14235: ffffff;
  14236: ffffff;
  14237: ffffff;
  14238: fefefe;
  14239: fffeff;
  14240: fffdff;
  14241: eeecef;
  14242: e8eeea;
  14243: e9f3eb;
  14244: e9efeb;
  14245: edeef0;
  14246: f7f5fa;
  14247: fffdff;
  14248: fffefc;
  14249: fefefc;
  14250: feffff;
  14251: fbfbfb;
  14252: f0eef1;
  14253: f4ebec;
  14254: fde9ea;
  14255: a4777e;
  14256: 640f24;
  14257: 730822;
  14258: 750720;
  14259: 770720;
  14260: 750720;
  14261: 750720;
  14262: 780524;
  14263: 780526;
  14264: 730424;
  14265: 760926;
  14266: 750420;
  14267: 740621;
  14268: 700c26;
  14269: 6f263a;
  14270: fff4ff;
  14271: fffcff;
  14272: fffdff;
  14273: fefefe;
  14274: edefee;
  14275: eaeceb;
  14276: f2f4f1;
  14277: f5e7e7;
  14278: ffd0dc;
  14279: 580b1f;
  14280: 6f0b27;
  14281: 780627;
  14282: 760523;
  14283: 740321;
  14284: 7d0825;
  14285: 7a0522;
  14286: 7a0522;
  14287: 6e0a22;
  14288: 520d20;
  14289: fbcfdc;
  14290: ffeef4;
  14291: fffcfd;
  14292: fffffd;
  14293: feffff;
  14294: fbffff;
  14295: fbffff;
  14296: eef2f1;
  14297: ececec;
  14298: f0eeef;
  14299: f0eced;
  14300: f1edee;
  14301: f3eff0;
  14302: ffffff;
  14303: ffffff;
  14304: fdfdfd;
  14305: ffffff;
  14306: fefefe;
  14307: f4f4f4;
  14308: eeeeee;
  14309: ededed;
  14310: eeeeee;
  14311: efefef;
  14312: eaeaea;
  14313: ffffff;
  14314: ffffff;
  14315: fcfcfc;
  14316: ffffff;
  14317: ffffff;
  14318: ededed;
  14319: eeeeee;
  14320: efefef;
  14321: eeeeee;
  14322: ededed;
  14323: eeeeee;
  14324: ffffff;
  14325: ffffff;
  14326: ffffff;
  14327: fefefe;
  14328: fefefe;
  14329: ededed;
  14330: f0f0f0;
  14331: eeeeee;
  14332: eeeeee;
  14333: f0f0f0;
  14334: eeeeee;
  14335: fefefe;
  14336: eeeeee;
  14337: eeeeee;
  14338: eeeeee;
  14339: efefef;
  14340: eeeeee;
  14341: f4f4f4;
  14342: ffffff;
  14343: ffffff;
  14344: ffffff;
  14345: ffffff;
  14346: ffffff;
  14347: eeeeee;
  14348: efefef;
  14349: ededed;
  14350: efefef;
  14351: eeeeee;
  14352: eeeeee;
  14353: ffffff;
  14354: ffffff;
  14355: ffffff;
  14356: ffffff;
  14357: ffffff;
  14358: ededed;
  14359: eeeeee;
  14360: efefef;
  14361: eeeeee;
  14362: eeeeee;
  14363: ffffff;
  14364: fefefe;
  14365: ffffff;
  14366: fefefe;
  14367: ffffff;
  14368: fffeff;
  14369: eeeeee;
  14370: eceeed;
  14371: edefec;
  14372: edefee;
  14373: eeeeee;
  14374: f6f6f8;
  14375: fffeff;
  14376: ffffff;
  14377: ffffff;
  14378: ffffff;
  14379: ffffff;
  14380: ededed;
  14381: efedee;
  14382: f3eded;
  14383: ffe6ec;
  14384: 58091e;
  14385: 730824;
  14386: 7b0825;
  14387: 74011e;
  14388: 750a24;
  14389: 730822;
  14390: 7a0726;
  14391: 7a0424;
  14392: 7a0728;
  14393: 740223;
  14394: 770624;
  14395: 770624;
  14396: 760727;
  14397: 630b23;
  14398: ffe0ea;
  14399: fffafd;
  14400: fffbfe;
  14401: fffeff;
  14402: edefee;
  14403: ebefee;
  14404: edf3ef;
  14405: ffeef0;
  14406: 9f5c6e;
  14407: 690924;
  14408: 740927;
  14409: 780725;
  14410: 760825;
  14411: 760825;
  14412: 780725;
  14413: 790625;
  14414: 790625;
  14415: 740923;
  14416: 670e24;
  14417: ac707c;
  14418: fff1f1;
  14419: fffffa;
  14420: fffdfa;
  14421: fffcfb;
  14422: ffffff;
  14423: fbfffe;
  14424: f0f1f3;
  14425: edeef0;
  14426: eeeff1;
  14427: eeeef0;
  14428: f1ecf0;
  14429: f4eff3;
  14430: fffeff;
  14431: ffffff;
  14432: ffffff;
  14433: ffffff;
  14434: ffffff;
  14435: f7f7f7;
  14436: eeeeee;
  14437: eeeeee;
  14438: eeeeee;
  14439: efefef;
  14440: ededed;
  14441: ffffff;
  14442: ffffff;
  14443: ffffff;
  14444: ffffff;
  14445: ffffff;
  14446: ededed;
  14447: eeeeee;
  14448: efefef;
  14449: eeeeee;
  14450: eeeeee;
  14451: eeeeee;
  14452: ffffff;
  14453: ffffff;
  14454: ffffff;
  14455: ffffff;
  14456: ffffff;
  14457: eeeeee;
  14458: eeeeee;
  14459: eeeeee;
  14460: eeeeee;
  14461: eeeeee;
  14462: eeeeee;
  14463: ffffff;
  14464: eeeeee;
  14465: eeeeee;
  14466: eeeeee;
  14467: efefef;
  14468: eeeeee;
  14469: f4f4f4;
  14470: ffffff;
  14471: ffffff;
  14472: ffffff;
  14473: ffffff;
  14474: ffffff;
  14475: eeeeee;
  14476: efefef;
  14477: ededed;
  14478: efefef;
  14479: eeeeee;
  14480: eeeeee;
  14481: ffffff;
  14482: ffffff;
  14483: ffffff;
  14484: ffffff;
  14485: ffffff;
  14486: ededed;
  14487: eeeeee;
  14488: eeeeee;
  14489: eeeeee;
  14490: eeeeee;
  14491: ffffff;
  14492: fefefe;
  14493: ffffff;
  14494: fefefe;
  14495: ffffff;
  14496: ffffff;
  14497: eeeeee;
  14498: ededed;
  14499: eeeeee;
  14500: eeeeee;
  14501: eeeeee;
  14502: f6f6f6;
  14503: ffffff;
  14504: ffffff;
  14505: ffffff;
  14506: ffffff;
  14507: ffffff;
  14508: ededed;
  14509: eeeeee;
  14510: efefef;
  14511: fee9ee;
  14512: a26473;
  14513: 6d0f27;
  14514: 730522;
  14515: 7e0b2a;
  14516: 740724;
  14517: 730824;
  14518: 750422;
  14519: 790323;
  14520: 770425;
  14521: 7b0829;
  14522: 7c0a2b;
  14523: 760324;
  14524: 770123;
  14525: 6f0b27;
  14526: 4f1221;
  14527: fff5fb;
  14528: fffbff;
  14529: fcfafb;
  14530: ebedec;
  14531: edefec;
  14532: ece7e4;
  14533: ffeff4;
  14534: 550319;
  14535: 760926;
  14536: 740623;
  14537: 760523;
  14538: 760523;
  14539: 740623;
  14540: 760523;
  14541: 760523;
  14542: 760523;
  14543: 740623;
  14544: 700a22;
  14545: 530918;
  14546: fff2f3;
  14547: fdfaf3;
  14548: fffdfb;
  14549: fffdfa;
  14550: fdfdfd;
  14551: feffff;
  14552: f1f1f3;
  14553: edeef0;
  14554: ecf0f1;
  14555: edeef0;
  14556: efedf0;
  14557: f4eff3;
  14558: fffeff;
  14559: ffffff;
  14560: ffffff;
  14561: ffffff;
  14562: ffffff;
  14563: f6f6f6;
  14564: eeeeee;
  14565: eeeeee;
  14566: eeeeee;
  14567: efefef;
  14568: ededed;
  14569: ffffff;
  14570: ffffff;
  14571: ffffff;
  14572: ffffff;
  14573: ffffff;
  14574: ededed;
  14575: eeeeee;
  14576: efefef;
  14577: eeeeee;
  14578: eeeeee;
  14579: eeeeee;
  14580: ffffff;
  14581: ffffff;
  14582: ffffff;
  14583: ffffff;
  14584: ffffff;
  14585: eeeeee;
  14586: eeeeee;
  14587: eeeeee;
  14588: eeeeee;
  14589: eeeeee;
  14590: eeeeee;
  14591: ffffff;
  14592: eeeeee;
  14593: eeeeee;
  14594: eeeeee;
  14595: efefef;
  14596: eeeeee;
  14597: f4f4f4;
  14598: ffffff;
  14599: ffffff;
  14600: ffffff;
  14601: ffffff;
  14602: ffffff;
  14603: eeeeee;
  14604: efefef;
  14605: ededed;
  14606: efefef;
  14607: eeeeee;
  14608: eeeeee;
  14609: ffffff;
  14610: ffffff;
  14611: ffffff;
  14612: ffffff;
  14613: ffffff;
  14614: ededed;
  14615: eeeeee;
  14616: eeeeee;
  14617: eeeeee;
  14618: eeeeee;
  14619: ffffff;
  14620: fefefe;
  14621: ffffff;
  14622: fefefe;
  14623: ffffff;
  14624: fefefe;
  14625: eeeeee;
  14626: ededed;
  14627: eeeeee;
  14628: eeeeee;
  14629: ededed;
  14630: f6f6f6;
  14631: ffffff;
  14632: ffffff;
  14633: ffffff;
  14634: ffffff;
  14635: ffffff;
  14636: ededed;
  14637: eeeeee;
  14638: efefef;
  14639: f7ebed;
  14640: fff3f8;
  14641: 480411;
  14642: 6c0820;
  14643: 770421;
  14644: 780725;
  14645: 760825;
  14646: 770624;
  14647: 780725;
  14648: 770423;
  14649: 7b0827;
  14650: 71001e;
  14651: 760523;
  14652: 7d0727;
  14653: 730824;
  14654: 5d0c1f;
  14655: b6828e;
  14656: fff7fb;
  14657: fffffd;
  14658: e9eeea;
  14659: f1ece9;
  14660: fff4fb;
  14661: 501221;
  14662: 6c0d25;
  14663: 780723;
  14664: 780522;
  14665: 780522;
  14666: 7a0522;
  14667: 780522;
  14668: 770622;
  14669: 770622;
  14670: 780524;
  14671: 770624;
  14672: 760a24;
  14673: 640d20;
  14674: deafb7;
  14675: fff9f8;
  14676: fffcfb;
  14677: fffffb;
  14678: fefefe;
  14679: fcfefd;
  14680: f1f1f3;
  14681: eeeef0;
  14682: edeef0;
  14683: edeef0;
  14684: efedee;
  14685: f2f0f1;
  14686: ffffff;
  14687: ffffff;
  14688: ffffff;
  14689: ffffff;
  14690: ffffff;
  14691: f6f6f6;
  14692: eeeeee;
  14693: eeeeee;
  14694: eeeeee;
  14695: eeeeee;
  14696: ededed;
  14697: ffffff;
  14698: ffffff;
  14699: ffffff;
  14700: ffffff;
  14701: ffffff;
  14702: ededed;
  14703: eeeeee;
  14704: eeeeee;
  14705: eeeeee;
  14706: eeeeee;
  14707: eeeeee;
  14708: ffffff;
  14709: ffffff;
  14710: ffffff;
  14711: ffffff;
  14712: ffffff;
  14713: ededed;
  14714: ededed;
  14715: eeeeee;
  14716: eeeeee;
  14717: eeeeee;
  14718: eeeeee;
  14719: ffffff;
  14720: eeeeee;
  14721: eeeeee;
  14722: eeeeee;
  14723: efefef;
  14724: eeeeee;
  14725: f4f4f4;
  14726: ffffff;
  14727: ffffff;
  14728: ffffff;
  14729: ffffff;
  14730: ffffff;
  14731: eeeeee;
  14732: eeeeee;
  14733: ededed;
  14734: efefef;
  14735: ededed;
  14736: eeeeee;
  14737: ffffff;
  14738: ffffff;
  14739: ffffff;
  14740: ffffff;
  14741: ffffff;
  14742: ededed;
  14743: eeeeee;
  14744: eeeeee;
  14745: eeeeee;
  14746: eeeeee;
  14747: ffffff;
  14748: fefefe;
  14749: ffffff;
  14750: fefefe;
  14751: ffffff;
  14752: fefefe;
  14753: eeeeee;
  14754: ededed;
  14755: eeeeee;
  14756: eeeeee;
  14757: ededed;
  14758: f6f6f6;
  14759: ffffff;
  14760: ffffff;
  14761: ffffff;
  14762: ffffff;
  14763: ffffff;
  14764: ededed;
  14765: eeeeee;
  14766: eeeeee;
  14767: f3eded;
  14768: f7e5e3;
  14769: eabdc2;
  14770: 620b1e;
  14771: 780a25;
  14772: 73001f;
  14773: 770423;
  14774: 790b28;
  14775: 710320;
  14776: 760825;
  14777: 710320;
  14778: 7d0f2c;
  14779: 740321;
  14780: 7a0424;
  14781: 7a0927;
  14782: 6b0922;
  14783: 530f1e;
  14784: fff6fb;
  14785: fcfbf7;
  14786: eef0eb;
  14787: f7e7e7;
  14788: f4bac8;
  14789: 61091f;
  14790: 760b25;
  14791: 780320;
  14792: 780522;
  14793: 780522;
  14794: 7a0522;
  14795: 7a0522;
  14796: 770622;
  14797: 770622;
  14798: 780524;
  14799: 780524;
  14800: 750420;
  14801: 6e0c23;
  14802: 53111f;
  14803: fff2fa;
  14804: fff9f9;
  14805: fffffb;
  14806: ffffff;
  14807: feffff;
  14808: f1f1f3;
  14809: eeeef0;
  14810: eeeef0;
  14811: ededef;
  14812: eeeeee;
  14813: f1f1f1;
  14814: feffff;
  14815: feffff;
  14816: ffffff;
  14817: ffffff;
  14818: ffffff;
  14819: f6f6f6;
  14820: eeeeee;
  14821: eeeeee;
  14822: eeeeee;
  14823: eeeeee;
  14824: ededed;
  14825: ffffff;
  14826: ffffff;
  14827: ffffff;
  14828: ffffff;
  14829: ffffff;
  14830: ededed;
  14831: eeeeee;
  14832: eeeeee;
  14833: eeeeee;
  14834: eeeeee;
  14835: ededed;
  14836: ffffff;
  14837: ffffff;
  14838: ffffff;
  14839: ffffff;
  14840: ffffff;
  14841: ededed;
  14842: ededed;
  14843: eeeeee;
  14844: eeeeee;
  14845: eeeeee;
  14846: eeeeee;
  14847: ffffff;
  14848: eeeeee;
  14849: eeeeee;
  14850: eeeeee;
  14851: efefef;
  14852: ededed;
  14853: f4f4f4;
  14854: ffffff;
  14855: ffffff;
  14856: ffffff;
  14857: ffffff;
  14858: ffffff;
  14859: eeeeee;
  14860: eeeeee;
  14861: ededed;
  14862: efefef;
  14863: ededed;
  14864: eeeeee;
  14865: ffffff;
  14866: ffffff;
  14867: ffffff;
  14868: ffffff;
  14869: ffffff;
  14870: ededed;
  14871: eeeeee;
  14872: eeeeee;
  14873: eeeeee;
  14874: eeeeee;
  14875: ffffff;
  14876: fefefe;
  14877: ffffff;
  14878: fefefe;
  14879: ffffff;
  14880: fefefe;
  14881: eeeeee;
  14882: ededed;
  14883: eeeeee;
  14884: eeeeee;
  14885: ededed;
  14886: f6f6f6;
  14887: ffffff;
  14888: ffffff;
  14889: ffffff;
  14890: ffffff;
  14891: ffffff;
  14892: ededed;
  14893: eeeeee;
  14894: eeeeee;
  14895: eeeeec;
  14896: eeeee6;
  14897: fff3f1;
  14898: 58101e;
  14899: 710b23;
  14900: 7d0a27;
  14901: 790421;
  14902: 740822;
  14903: 740923;
  14904: 750a24;
  14905: 710620;
  14906: 71051f;
  14907: 7a0c27;
  14908: 74001c;
  14909: 77021f;
  14910: 790b26;
  14911: 620f23;
  14912: fff3fa;
  14913: fffbf9;
  14914: f0ebe7;
  14915: fff4f8;
  14916: 702136;
  14917: 770a27;
  14918: 7b0825;
  14919: 770421;
  14920: 760521;
  14921: 760521;
  14922: 790421;
  14923: 790421;
  14924: 770421;
  14925: 760521;
  14926: 760523;
  14927: 760523;
  14928: 760322;
  14929: 750a26;
  14930: 620d24;
  14931: ffcfdc;
  14932: fff8f9;
  14933: fcfef9;
  14934: ffffff;
  14935: fbfbfb;
  14936: f0f1f3;
  14937: eeeef0;
  14938: eeeef0;
  14939: ededef;
  14940: eeeeee;
  14941: f0f2f1;
  14942: feffff;
  14943: feffff;
  14944: ffffff;
  14945: ffffff;
  14946: ffffff;
  14947: f6f6f6;
  14948: eeeeee;
  14949: eeeeee;
  14950: eeeeee;
  14951: eeeeee;
  14952: ededed;
  14953: ffffff;
  14954: ffffff;
  14955: ffffff;
  14956: ffffff;
  14957: ffffff;
  14958: ededed;
  14959: eeeeee;
  14960: eeeeee;
  14961: eeeeee;
  14962: eeeeee;
  14963: ededed;
  14964: ffffff;
  14965: ffffff;
  14966: ffffff;
  14967: ffffff;
  14968: ffffff;
  14969: ededed;
  14970: ededed;
  14971: eeeeee;
  14972: eeeeee;
  14973: eeeeee;
  14974: eeeeee;
  14975: ffffff;
  14976: eeeeee;
  14977: eeeeee;
  14978: eeeeee;
  14979: efefef;
  14980: ededed;
  14981: f4f4f4;
  14982: ffffff;
  14983: ffffff;
  14984: ffffff;
  14985: ffffff;
  14986: ffffff;
  14987: eeeeee;
  14988: eeeeee;
  14989: ededed;
  14990: efefef;
  14991: ededed;
  14992: eeeeee;
  14993: ffffff;
  14994: ffffff;
  14995: ffffff;
  14996: ffffff;
  14997: ffffff;
  14998: ededed;
  14999: eeeeee;
  15000: eeeeee;
  15001: ededed;
  15002: eeeeee;
  15003: ffffff;
  15004: fefefe;
  15005: ffffff;
  15006: fefefe;
  15007: ffffff;
  15008: fefefe;
  15009: eeeeee;
  15010: ededed;
  15011: eeeeee;
  15012: eeeeee;
  15013: ededed;
  15014: f6f6f6;
  15015: ffffff;
  15016: ffffff;
  15017: ffffff;
  15018: ffffff;
  15019: ffffff;
  15020: ededed;
  15021: eeeeee;
  15022: ededed;
  15023: edefec;
  15024: ecf3eb;
  15025: fdf0ea;
  15026: d195a1;
  15027: 690d22;
  15028: 710320;
  15029: 7b0623;
  15030: 750724;
  15031: 730721;
  15032: 6f041e;
  15033: 770b25;
  15034: 70021d;
  15035: 790824;
  15036: 820b29;
  15037: 7a0321;
  15038: 790623;
  15039: 6a0e25;
  15040: eab8c3;
  15041: fff4f7;
  15042: feeaeb;
  15043: e2b7c0;
  15044: 63051d;
  15045: 780222;
  15046: 75021f;
  15047: 7a0925;
  15048: 760823;
  15049: 780723;
  15050: 790623;
  15051: 7b0623;
  15052: 790623;
  15053: 780725;
  15054: 760825;
  15055: 780725;
  15056: 7e0828;
  15057: 770624;
  15058: 6c0824;
  15059: a05b6d;
  15060: fff6f9;
  15061: fffffd;
  15062: fbfbfb;
  15063: ffffff;
  15064: f0f1f3;
  15065: edeef0;
  15066: eeeef0;
  15067: ededef;
  15068: eeeeee;
  15069: f0f2f1;
  15070: ffffff;
  15071: ffffff;
  15072: ffffff;
  15073: ffffff;
  15074: ffffff;
  15075: f6f6f6;
  15076: eeeeee;
  15077: eeeeee;
  15078: eeeeee;
  15079: eeeeee;
  15080: ededed;
  15081: ffffff;
  15082: ffffff;
  15083: ffffff;
  15084: ffffff;
  15085: ffffff;
  15086: ededed;
  15087: eeeeee;
  15088: eeeeee;
  15089: eeeeee;
  15090: eeeeee;
  15091: ededed;
  15092: ffffff;
  15093: ffffff;
  15094: ffffff;
  15095: ffffff;
  15096: ffffff;
  15097: ededed;
  15098: ededed;
  15099: eeeeee;
  15100: eeeeee;
  15101: ededed;
  15102: eeeeee;
  15103: ffffff;
  15104: ededed;
  15105: eeeeee;
  15106: eeeeee;
  15107: eeeeee;
  15108: ededed;
  15109: f4f4f4;
  15110: ffffff;
  15111: ffffff;
  15112: ffffff;
  15113: ffffff;
  15114: ffffff;
  15115: ededed;
  15116: eeeeee;
  15117: ededed;
  15118: efefef;
  15119: ededed;
  15120: eeeeee;
  15121: ffffff;
  15122: ffffff;
  15123: ffffff;
  15124: ffffff;
  15125: ffffff;
  15126: ededed;
  15127: eeeeee;
  15128: eeeeee;
  15129: ededed;
  15130: eeeeee;
  15131: ffffff;
  15132: fefefe;
  15133: ffffff;
  15134: fefefe;
  15135: ffffff;
  15136: fefefe;
  15137: eeeeee;
  15138: ededed;
  15139: ededed;
  15140: eeeeee;
  15141: ededed;
  15142: f6f6f6;
  15143: ffffff;
  15144: fefefe;
  15145: ffffff;
  15146: ffffff;
  15147: ffffff;
  15148: ededed;
  15149: ededed;
  15150: ededed;
  15151: edefec;
  15152: ecefe8;
  15153: fceeeb;
  15154: ffe3ee;
  15155: 590a1d;
  15156: 6f0624;
  15157: 780222;
  15158: 7c092a;
  15159: 780524;
  15160: 7b0a28;
  15161: 770624;
  15162: 7a0424;
  15163: 7b0424;
  15164: 7a0122;
  15165: 7d0626;
  15166: 740321;
  15167: 6b0d25;
  15168: 511121;
  15169: ffeff9;
  15170: ffebf4;
  15171: 4e1120;
  15172: 6a0821;
  15173: 810e2d;
  15174: 740623;
  15175: 710421;
  15176: 730623;
  15177: 740623;
  15178: 760523;
  15179: 770423;
  15180: 790323;
  15181: 770425;
  15182: 740525;
  15183: 740525;
  15184: 750021;
  15185: 780526;
  15186: 750a28;
  15187: 55081c;
  15188: ffe5eb;
  15189: fffefd;
  15190: fffeff;
  15191: fcfefd;
  15192: eef2f3;
  15193: ebeff0;
  15194: edeef0;
  15195: ededef;
  15196: eeeeee;
  15197: f1f1f1;
  15198: fffdfe;
  15199: fffeff;
  15200: fffeff;
  15201: ffffff;
  15202: ffffff;
  15203: f6f6f6;
  15204: ededed;
  15205: eeeeee;
  15206: eeeeee;
  15207: eeeeee;
  15208: ededed;
  15209: ffffff;
  15210: ffffff;
  15211: ffffff;
  15212: ffffff;
  15213: ffffff;
  15214: ededed;
  15215: eeeeee;
  15216: eeeeee;
  15217: eeeeee;
  15218: eeeeee;
  15219: ededed;
  15220: ffffff;
  15221: ffffff;
  15222: ffffff;
  15223: ffffff;
  15224: ffffff;
  15225: ededed;
  15226: ededed;
  15227: eeeeee;
  15228: eeeeee;
  15229: ededed;
  15230: eeeeee;
  15231: ffffff;
  15232: ededed;
  15233: eeeeee;
  15234: ededed;
  15235: eeeeee;
  15236: ededed;
  15237: f4f4f4;
  15238: ffffff;
  15239: ffffff;
  15240: ffffff;
  15241: ffffff;
  15242: ffffff;
  15243: ededed;
  15244: eeeeee;
  15245: ededed;
  15246: eeeeee;
  15247: ededed;
  15248: eeeeee;
  15249: ffffff;
  15250: ffffff;
  15251: ffffff;
  15252: ffffff;
  15253: ffffff;
  15254: ededed;
  15255: eeeeee;
  15256: eeeeee;
  15257: ededed;
  15258: eeeeee;
  15259: ffffff;
  15260: fefefe;
  15261: ffffff;
  15262: fefefe;
  15263: ffffff;
  15264: fefefe;
  15265: eeeeee;
  15266: ededed;
  15267: ededed;
  15268: eeeeee;
  15269: ededed;
  15270: f6f6f6;
  15271: ffffff;
  15272: fefefe;
  15273: ffffff;
  15274: ffffff;
  15275: ffffff;
  15276: ededed;
  15277: ededed;
  15278: ededed;
  15279: ededeb;
  15280: edeee9;
  15281: f8eeec;
  15282: fff4fb;
  15283: 7d4552;
  15284: 5b0d23;
  15285: 630922;
  15286: 5f051f;
  15287: 5f071f;
  15288: 59051c;
  15289: 5d0920;
  15290: 610921;
  15291: 5d041a;
  15292: 630720;
  15293: 630a20;
  15294: 5b071e;
  15295: 550e20;
  15296: 491320;
  15297: f2c7d0;
  15298: fbd3dc;
  15299: 44121d;
  15300: 580d21;
  15301: 5b061b;
  15302: 59071d;
  15303: 5c0d20;
  15304: 5c0a20;
  15305: 5d0a1e;
  15306: 5e0920;
  15307: 600820;
  15308: 610720;
  15309: 600820;
  15310: 5d0921;
  15311: 5d0920;
  15312: 610921;
  15313: 600820;
  15314: 5b071e;
  15315: 4e0f20;
  15316: 977e84;
  15317: fffdfc;
  15318: fefcfd;
  15319: feffff;
  15320: eef2f3;
  15321: ebeff0;
  15322: eeeef0;
  15323: ededef;
  15324: eeeeee;
  15325: f1f1f1;
  15326: fffdfe;
  15327: fffeff;
  15328: ffffff;
  15329: ffffff;
  15330: ffffff;
  15331: f6f6f6;
  15332: ededed;
  15333: eeeeee;
  15334: eeeeee;
  15335: eeeeee;
  15336: ededed;
  15337: ffffff;
  15338: ffffff;
  15339: ffffff;
  15340: ffffff;
  15341: ffffff;
  15342: ededed;
  15343: eeeeee;
  15344: eeeeee;
  15345: eeeeee;
  15346: eeeeee;
  15347: ededed;
  15348: ffffff;
  15349: ffffff;
  15350: ffffff;
  15351: ffffff;
  15352: ffffff;
  15353: ededed;
  15354: ededed;
  15355: eeeeee;
  15356: eeeeee;
  15357: ededed;
  15358: ededed;
  15359: ffffff;
  15360: ffffff;
  15361: ffffff;
  15362: ffffff;
  15363: fefefe;
  15364: ffffff;
  15365: f9f9f9;
  15366: eeeeee;
  15367: eeeeee;
  15368: eeeeee;
  15369: eeeeee;
  15370: ececec;
  15371: ffffff;
  15372: ffffff;
  15373: ffffff;
  15374: ffffff;
  15375: ffffff;
  15376: ffffff;
  15377: eeeeee;
  15378: eeeeee;
  15379: eeeeee;
  15380: eeeeee;
  15381: ededed;
  15382: ffffff;
  15383: fefefe;
  15384: ffffff;
  15385: ffffff;
  15386: ffffff;
  15387: f1f1f1;
  15388: ededed;
  15389: ededed;
  15390: eeeeee;
  15391: ededed;
  15392: eeeeee;
  15393: fefefe;
  15394: ffffff;
  15395: ffffff;
  15396: ffffff;
  15397: ffffff;
  15398: f6f6f6;
  15399: eeeeee;
  15400: eeeeee;
  15401: ededed;
  15402: eeeeee;
  15403: ededed;
  15404: ffffff;
  15405: ffffff;
  15406: ffffff;
  15407: ffffff;
  15408: fffffd;
  15409: f9f5f2;
  15410: f6eced;
  15411: fff2f4;
  15412: ffe9f1;
  15413: ffe9f0;
  15414: ffe6ef;
  15415: ffecf1;
  15416: fff5f7;
  15417: fff6f8;
  15418: fff1f5;
  15419: fff0f4;
  15420: fff5fb;
  15421: ffe8ed;
  15422: ffecf1;
  15423: ffedef;
  15424: fdedee;
  15425: faeeee;
  15426: fff8f9;
  15427: fff7f7;
  15428: fff0f5;
  15429: ffedf2;
  15430: fff2f7;
  15431: fff1f4;
  15432: ffeaf0;
  15433: ffe9ee;
  15434: ffe8ef;
  15435: ffe9f0;
  15436: ffe5ec;
  15437: fff1f8;
  15438: ffeaf3;
  15439: ffebf1;
  15440: fff3f8;
  15441: fff3f8;
  15442: fff0f6;
  15443: ffeaee;
  15444: f9f0f1;
  15445: eeeeec;
  15446: ededed;
  15447: ececec;
  15448: fcfcfe;
  15449: ffffff;
  15450: fffeff;
  15451: fffdff;
  15452: feffff;
  15453: fcffff;
  15454: ebefee;
  15455: ebefee;
  15456: edefee;
  15457: eeeeee;
  15458: ededed;
  15459: f6f6f6;
  15460: ffffff;
  15461: ffffff;
  15462: ffffff;
  15463: ffffff;
  15464: ffffff;
  15465: eeeeee;
  15466: ededed;
  15467: eeeeee;
  15468: eeeeee;
  15469: ededed;
  15470: ffffff;
  15471: ffffff;
  15472: ffffff;
  15473: ffffff;
  15474: ffffff;
  15475: ffffff;
  15476: ededed;
  15477: eeeeee;
  15478: ededed;
  15479: eeeeee;
  15480: ededed;
  15481: ffffff;
  15482: ffffff;
  15483: ffffff;
  15484: ffffff;
  15485: ffffff;
  15486: ffffff;
  15487: ededed;
  15488: ffffff;
  15489: ffffff;
  15490: ffffff;
  15491: fefefe;
  15492: ffffff;
  15493: f9f9f9;
  15494: eeeeee;
  15495: eeeeee;
  15496: eeeeee;
  15497: eeeeee;
  15498: ececec;
  15499: ffffff;
  15500: ffffff;
  15501: ffffff;
  15502: ffffff;
  15503: ffffff;
  15504: ffffff;
  15505: eeeeee;
  15506: eeeeee;
  15507: eeeeee;
  15508: eeeeee;
  15509: ededed;
  15510: ffffff;
  15511: ffffff;
  15512: ffffff;
  15513: ffffff;
  15514: ffffff;
  15515: f1f1f1;
  15516: ededed;
  15517: ededed;
  15518: eeeeee;
  15519: ededed;
  15520: eeeeee;
  15521: fefefe;
  15522: ffffff;
  15523: ffffff;
  15524: ffffff;
  15525: ffffff;
  15526: f6f6f6;
  15527: eeeeee;
  15528: eeeeee;
  15529: eeeeee;
  15530: eeeeee;
  15531: ededed;
  15532: ffffff;
  15533: ffffff;
  15534: ffffff;
  15535: ffffff;
  15536: fffeff;
  15537: f9f9f7;
  15538: eaeeed;
  15539: eff1ee;
  15540: efebec;
  15541: f3eded;
  15542: f5efef;
  15543: fdfcfa;
  15544: fafffc;
  15545: fbfffd;
  15546: fbfffc;
  15547: fcfdf8;
  15548: fffffd;
  15549: efeeea;
  15550: efefed;
  15551: edefec;
  15552: efefed;
  15553: f0f2ef;
  15554: fcfefb;
  15555: fefffd;
  15556: fffefc;
  15557: fffcf9;
  15558: fffffd;
  15559: fffffb;
  15560: f3eded;
  15561: f2edea;
  15562: f2ecec;
  15563: f3efee;
  15564: f0efed;
  15565: fffffd;
  15566: fffafa;
  15567: fffcfc;
  15568: fefffd;
  15569: fdfffa;
  15570: faf9f5;
  15571: f3efec;
  15572: f0f0ee;
  15573: ededeb;
  15574: efefef;
  15575: eeeeee;
  15576: fdfbfe;
  15577: fffeff;
  15578: fffeff;
  15579: fffdff;
  15580: feffff;
  15581: fcffff;
  15582: ebefee;
  15583: ebefee;
  15584: edefee;
  15585: eeeeee;
  15586: ededed;
  15587: f6f6f6;
  15588: ffffff;
  15589: ffffff;
  15590: ffffff;
  15591: ffffff;
  15592: ffffff;
  15593: eeeeee;
  15594: ededed;
  15595: eeeeee;
  15596: eeeeee;
  15597: ededed;
  15598: ffffff;
  15599: ffffff;
  15600: ffffff;
  15601: ffffff;
  15602: ffffff;
  15603: ffffff;
  15604: ededed;
  15605: eeeeee;
  15606: eeeeee;
  15607: eeeeee;
  15608: ededed;
  15609: ffffff;
  15610: ffffff;
  15611: ffffff;
  15612: ffffff;
  15613: ffffff;
  15614: ffffff;
  15615: ededed;
  15616: ffffff;
  15617: ffffff;
  15618: ffffff;
  15619: fefefe;
  15620: ffffff;
  15621: f9f9f9;
  15622: eeeeee;
  15623: eeeeee;
  15624: eeeeee;
  15625: eeeeee;
  15626: ececec;
  15627: ffffff;
  15628: ffffff;
  15629: ffffff;
  15630: ffffff;
  15631: ffffff;
  15632: ffffff;
  15633: eeeeee;
  15634: eeeeee;
  15635: eeeeee;
  15636: eeeeee;
  15637: ededed;
  15638: ffffff;
  15639: ffffff;
  15640: ffffff;
  15641: ffffff;
  15642: ffffff;
  15643: f1f1f1;
  15644: ededed;
  15645: ededed;
  15646: eeeeee;
  15647: ededed;
  15648: eeeeee;
  15649: fefefe;
  15650: ffffff;
  15651: ffffff;
  15652: ffffff;
  15653: ffffff;
  15654: f6f6f6;
  15655: eeeeee;
  15656: eeeeee;
  15657: eeeeee;
  15658: eeeeee;
  15659: ededed;
  15660: ffffff;
  15661: ffffff;
  15662: ffffff;
  15663: ffffff;
  15664: ffffff;
  15665: fafcfb;
  15666: e9efef;
  15667: eaf0ee;
  15668: ebecee;
  15669: eeeced;
  15670: f2ecee;
  15671: fffdff;
  15672: fffcfd;
  15673: fffeff;
  15674: fffeff;
  15675: fffefc;
  15676: fffeff;
  15677: eeedeb;
  15678: eeeced;
  15679: eeeced;
  15680: efedee;
  15681: f1eff0;
  15682: fffdfe;
  15683: fffeff;
  15684: fffeff;
  15685: fffefd;
  15686: fffeff;
  15687: fffefd;
  15688: f1edee;
  15689: f0eceb;
  15690: f0eced;
  15691: eeeeee;
  15692: eaf0ee;
  15693: fbffff;
  15694: fffeff;
  15695: fffdfd;
  15696: fefffd;
  15697: fbfffc;
  15698: f5faf6;
  15699: eeeeec;
  15700: f1edee;
  15701: f0eced;
  15702: efefef;
  15703: eef0ef;
  15704: fcfcfe;
  15705: ffffff;
  15706: ffffff;
  15707: fefefe;
  15708: ffffff;
  15709: ffffff;
  15710: eeeeee;
  15711: eeeeee;
  15712: eeeeee;
  15713: eeeeee;
  15714: ededed;
  15715: f6f6f6;
  15716: ffffff;
  15717: ffffff;
  15718: ffffff;
  15719: ffffff;
  15720: ffffff;
  15721: eeeeee;
  15722: eeeeee;
  15723: eeeeee;
  15724: eeeeee;
  15725: ededed;
  15726: ffffff;
  15727: ffffff;
  15728: ffffff;
  15729: ffffff;
  15730: ffffff;
  15731: ffffff;
  15732: ededed;
  15733: eeeeee;
  15734: eeeeee;
  15735: eeeeee;
  15736: ededed;
  15737: ffffff;
  15738: ffffff;
  15739: ffffff;
  15740: ffffff;
  15741: ffffff;
  15742: ffffff;
  15743: ededed;
  15744: ffffff;
  15745: ffffff;
  15746: ffffff;
  15747: fefefe;
  15748: ffffff;
  15749: f9f9f9;
  15750: eeeeee;
  15751: eeeeee;
  15752: eeeeee;
  15753: eeeeee;
  15754: ececec;
  15755: ffffff;
  15756: ffffff;
  15757: ffffff;
  15758: ffffff;
  15759: ffffff;
  15760: ffffff;
  15761: eeeeee;
  15762: eeeeee;
  15763: eeeeee;
  15764: eeeeee;
  15765: ededed;
  15766: ffffff;
  15767: ffffff;
  15768: ffffff;
  15769: ffffff;
  15770: ffffff;
  15771: f1f1f1;
  15772: eeeeee;
  15773: eeeeee;
  15774: efefef;
  15775: eeeeee;
  15776: eeeeee;
  15777: fefefe;
  15778: ffffff;
  15779: ffffff;
  15780: ffffff;
  15781: ffffff;
  15782: f6f6f6;
  15783: eeeeee;
  15784: eeeeee;
  15785: eeeeee;
  15786: eeeeee;
  15787: eeeeee;
  15788: ffffff;
  15789: ffffff;
  15790: ffffff;
  15791: ffffff;
  15792: fdfdff;
  15793: fbfcfe;
  15794: eaf0f0;
  15795: ebf1f1;
  15796: ecf0f1;
  15797: edeef0;
  15798: efebec;
  15799: fffdff;
  15800: fff9fc;
  15801: fffdff;
  15802: fffeff;
  15803: fffdfe;
  15804: fffeff;
  15805: eeeced;
  15806: f0eeef;
  15807: f2eeef;
  15808: efedee;
  15809: f0eeef;
  15810: fffdfe;
  15811: fffeff;
  15812: fffeff;
  15813: fffeff;
  15814: fffdfe;
  15815: fffcfd;
  15816: f0eeef;
  15817: efedee;
  15818: efedee;
  15819: eef0ef;
  15820: e7f2ee;
  15821: f8ffff;
  15822: fffdfe;
  15823: fffeff;
  15824: fefffd;
  15825: fafffc;
  15826: f5fbf7;
  15827: edefec;
  15828: f3edef;
  15829: f1ebed;
  15830: efefef;
  15831: edefee;
  15832: fcfcfe;
  15833: ffffff;
  15834: feffff;
  15835: fdfffe;
  15836: feffff;
  15837: ffffff;
  15838: efedee;
  15839: efedee;
  15840: eeeeee;
  15841: eeeeee;
  15842: ededed;
  15843: f6f6f6;
  15844: ffffff;
  15845: ffffff;
  15846: ffffff;
  15847: ffffff;
  15848: ffffff;
  15849: eeeeee;
  15850: eeeeee;
  15851: eeeeee;
  15852: eeeeee;
  15853: ededed;
  15854: ffffff;
  15855: ffffff;
  15856: ffffff;
  15857: ffffff;
  15858: ffffff;
  15859: ffffff;
  15860: eeeeee;
  15861: eeeeee;
  15862: eeeeee;
  15863: eeeeee;
  15864: ededed;
  15865: ffffff;
  15866: ffffff;
  15867: ffffff;
  15868: ffffff;
  15869: ffffff;
  15870: ffffff;
  15871: ededed;
  15872: ffffff;
  15873: ffffff;
  15874: ffffff;
  15875: fefefe;
  15876: ffffff;
  15877: f9f9f9;
  15878: eeeeee;
  15879: eeeeee;
  15880: eeeeee;
  15881: eeeeee;
  15882: ececec;
  15883: ffffff;
  15884: ffffff;
  15885: ffffff;
  15886: ffffff;
  15887: ffffff;
  15888: ffffff;
  15889: eeeeee;
  15890: eeeeee;
  15891: eeeeee;
  15892: eeeeee;
  15893: ededed;
  15894: ffffff;
  15895: ffffff;
  15896: ffffff;
  15897: ffffff;
  15898: ffffff;
  15899: f2f2f2;
  15900: eeeeee;
  15901: eeeeee;
  15902: efefef;
  15903: eeeeee;
  15904: eeeeee;
  15905: fefefe;
  15906: ffffff;
  15907: ffffff;
  15908: ffffff;
  15909: ffffff;
  15910: f6f6f6;
  15911: eeeeee;
  15912: eeeeee;
  15913: eeeeee;
  15914: eeeeee;
  15915: eeeeee;
  15916: ffffff;
  15917: ffffff;
  15918: ffffff;
  15919: ffffff;
  15920: feffff;
  15921: fdfffe;
  15922: eaeeef;
  15923: eaeeef;
  15924: eaf0f0;
  15925: ecf0f1;
  15926: ecedef;
  15927: fffeff;
  15928: fffcff;
  15929: fffdff;
  15930: fffeff;
  15931: fefeff;
  15932: ffffff;
  15933: ededef;
  15934: efedf0;
  15935: efedf0;
  15936: eeeeee;
  15937: eeeeee;
  15938: feffff;
  15939: ffffff;
  15940: fffeff;
  15941: fffeff;
  15942: fffeff;
  15943: fffeff;
  15944: edefee;
  15945: edefee;
  15946: eeeeee;
  15947: eef0ef;
  15948: e7f2ee;
  15949: f8ffff;
  15950: fefefe;
  15951: fffeff;
  15952: feffff;
  15953: fafffe;
  15954: f5fbf9;
  15955: ecf0ef;
  15956: f2eeef;
  15957: f0eced;
  15958: efefef;
  15959: edefee;
  15960: fdfbfe;
  15961: fffeff;
  15962: ffffff;
  15963: fdfffe;
  15964: feffff;
  15965: feffff;
  15966: efedee;
  15967: efedee;
  15968: eeeeee;
  15969: eeeeee;
  15970: ededed;
  15971: f6f6f6;
  15972: ffffff;
  15973: ffffff;
  15974: ffffff;
  15975: ffffff;
  15976: ffffff;
  15977: eeeeee;
  15978: eeeeee;
  15979: eeeeee;
  15980: eeeeee;
  15981: ededed;
  15982: ffffff;
  15983: ffffff;
  15984: ffffff;
  15985: ffffff;
  15986: ffffff;
  15987: ffffff;
  15988: eeeeee;
  15989: eeeeee;
  15990: eeeeee;
  15991: eeeeee;
  15992: ededed;
  15993: ffffff;
  15994: ffffff;
  15995: ffffff;
  15996: ffffff;
  15997: ffffff;
  15998: ffffff;
  15999: ededed;
  16000: ffffff;
  16001: ffffff;
  16002: ffffff;
  16003: fefefe;
  16004: ffffff;
  16005: f9f9f9;
  16006: eeeeee;
  16007: eeeeee;
  16008: eeeeee;
  16009: eeeeee;
  16010: ececec;
  16011: ffffff;
  16012: ffffff;
  16013: ffffff;
  16014: ffffff;
  16015: ffffff;
  16016: ffffff;
  16017: eeeeee;
  16018: eeeeee;
  16019: eeeeee;
  16020: eeeeee;
  16021: ededed;
  16022: ffffff;
  16023: ffffff;
  16024: ffffff;
  16025: ffffff;
  16026: ffffff;
  16027: f2f2f2;
  16028: eeeeee;
  16029: eeeeee;
  16030: efefef;
  16031: eeeeee;
  16032: eeeeee;
  16033: fefefe;
  16034: ffffff;
  16035: ffffff;
  16036: ffffff;
  16037: ffffff;
  16038: f6f6f6;
  16039: eeeeee;
  16040: eeeeee;
  16041: eeeeee;
  16042: eeeeee;
  16043: eeeeee;
  16044: ffffff;
  16045: ffffff;
  16046: ffffff;
  16047: ffffff;
  16048: ffffff;
  16049: fdfdfd;
  16050: ececee;
  16051: ecedef;
  16052: eaf0f0;
  16053: ebf1f1;
  16054: eaeeef;
  16055: ffffff;
  16056: fffdff;
  16057: fffdff;
  16058: fffeff;
  16059: fefeff;
  16060: ffffff;
  16061: ededef;
  16062: ededef;
  16063: eeeef0;
  16064: efefef;
  16065: edefee;
  16066: fcffff;
  16067: fcffff;
  16068: ffffff;
  16069: ffffff;
  16070: ffffff;
  16071: ffffff;
  16072: ebefee;
  16073: ebefee;
  16074: eeeeee;
  16075: edefee;
  16076: e9efed;
  16077: fbffff;
  16078: ffffff;
  16079: fffeff;
  16080: ffffff;
  16081: feffff;
  16082: f6faf9;
  16083: eceeed;
  16084: efedee;
  16085: eeeced;
  16086: eef0ef;
  16087: edefee;
  16088: fcfafd;
  16089: fffeff;
  16090: ffffff;
  16091: fdfffe;
  16092: fcffff;
  16093: feffff;
  16094: efedee;
  16095: efedee;
  16096: efedee;
  16097: eeeeee;
  16098: ededed;
  16099: f6f6f6;
  16100: ffffff;
  16101: ffffff;
  16102: ffffff;
  16103: ffffff;
  16104: ffffff;
  16105: eeeeee;
  16106: eeeeee;
  16107: eeeeee;
  16108: eeeeee;
  16109: ededed;
  16110: ffffff;
  16111: ffffff;
  16112: ffffff;
  16113: ffffff;
  16114: ffffff;
  16115: ffffff;
  16116: eeeeee;
  16117: eeeeee;
  16118: eeeeee;
  16119: eeeeee;
  16120: ededed;
  16121: ffffff;
  16122: ffffff;
  16123: ffffff;
  16124: ffffff;
  16125: ffffff;
  16126: ffffff;
  16127: ededed;
  16128: ffffff;
  16129: ffffff;
  16130: ffffff;
  16131: fefefe;
  16132: ffffff;
  16133: f9f9f9;
  16134: eeeeee;
  16135: eeeeee;
  16136: eeeeee;
  16137: eeeeee;
  16138: ececec;
  16139: ffffff;
  16140: ffffff;
  16141: ffffff;
  16142: ffffff;
  16143: ffffff;
  16144: ffffff;
  16145: eeeeee;
  16146: eeeeee;
  16147: eeeeee;
  16148: eeeeee;
  16149: ededed;
  16150: ffffff;
  16151: ffffff;
  16152: ffffff;
  16153: ffffff;
  16154: ffffff;
  16155: f2f2f2;
  16156: eeeeee;
  16157: eeeeee;
  16158: efefef;
  16159: eeeeee;
  16160: eeeeee;
  16161: fefefe;
  16162: ffffff;
  16163: ffffff;
  16164: ffffff;
  16165: ffffff;
  16166: f6f6f6;
  16167: eeeeee;
  16168: eeeeee;
  16169: eeeeee;
  16170: eeeeee;
  16171: eeeeee;
  16172: ffffff;
  16173: ffffff;
  16174: ffffff;
  16175: ffffff;
  16176: fffcfd;
  16177: fefafb;
  16178: f1ebed;
  16179: f0eeef;
  16180: ecf0ef;
  16181: ebf1ef;
  16182: eaeeed;
  16183: fdfffe;
  16184: fffeff;
  16185: fffeff;
  16186: fefeff;
  16187: fefeff;
  16188: fffeff;
  16189: ededef;
  16190: edeef0;
  16191: eeeff1;
  16192: efefef;
  16193: ededed;
  16194: feffff;
  16195: fcffff;
  16196: fbfffe;
  16197: fcffff;
  16198: fcfefd;
  16199: feffff;
  16200: ecf0ef;
  16201: ecf0ef;
  16202: eeeeec;
  16203: f1edec;
  16204: f0eceb;
  16205: fffefd;
  16206: fffefc;
  16207: fffffd;
  16208: fffeff;
  16209: fffeff;
  16210: faf8f9;
  16211: ededed;
  16212: ededed;
  16213: eceeed;
  16214: ecf0ef;
  16215: edefee;
  16216: fefafb;
  16217: fffdfe;
  16218: ffffff;
  16219: fbfffe;
  16220: fbffff;
  16221: fcffff;
  16222: efedee;
  16223: efedee;
  16224: efedee;
  16225: eeeeee;
  16226: ededed;
  16227: f6f6f6;
  16228: ffffff;
  16229: ffffff;
  16230: ffffff;
  16231: ffffff;
  16232: ffffff;
  16233: eeeeee;
  16234: eeeeee;
  16235: eeeeee;
  16236: eeeeee;
  16237: ededed;
  16238: ffffff;
  16239: ffffff;
  16240: ffffff;
  16241: ffffff;
  16242: ffffff;
  16243: ffffff;
  16244: eeeeee;
  16245: eeeeee;
  16246: eeeeee;
  16247: eeeeee;
  16248: ededed;
  16249: ffffff;
  16250: ffffff;
  16251: ffffff;
  16252: ffffff;
  16253: ffffff;
  16254: ffffff;
  16255: ededed;
  16256: ffffff;
  16257: ffffff;
  16258: ffffff;
  16259: fefefe;
  16260: ffffff;
  16261: f9f9f9;
  16262: eeeeee;
  16263: eeeeee;
  16264: eeeeee;
  16265: eeeeee;
  16266: ececec;
  16267: ffffff;
  16268: ffffff;
  16269: ffffff;
  16270: ffffff;
  16271: ffffff;
  16272: ffffff;
  16273: eeeeee;
  16274: eeeeee;
  16275: eeeeee;
  16276: eeeeee;
  16277: ededed;
  16278: ffffff;
  16279: ffffff;
  16280: ffffff;
  16281: ffffff;
  16282: ffffff;
  16283: f2f2f2;
  16284: eeeeee;
  16285: eeeeee;
  16286: efefef;
  16287: eeeeee;
  16288: eeeeee;
  16289: fefefe;
  16290: ffffff;
  16291: ffffff;
  16292: ffffff;
  16293: ffffff;
  16294: f6f6f6;
  16295: eeeeee;
  16296: eeeeee;
  16297: eeeeee;
  16298: eeeeee;
  16299: eeeeee;
  16300: ffffff;
  16301: ffffff;
  16302: ffffff;
  16303: fffeff;
  16304: fffeff;
  16305: fefafb;
  16306: f1ebed;
  16307: f2eeef;
  16308: ebedec;
  16309: ebefee;
  16310: ecf0ef;
  16311: feffff;
  16312: fefeff;
  16313: fffeff;
  16314: ffffff;
  16315: ffffff;
  16316: fffeff;
  16317: eeecef;
  16318: edeef0;
  16319: eeeff1;
  16320: efedee;
  16321: edebec;
  16322: feffff;
  16323: fcffff;
  16324: fcffff;
  16325: fcffff;
  16326: fdfffe;
  16327: feffff;
  16328: eaeeed;
  16329: edefee;
  16330: f0efed;
  16331: f1edec;
  16332: f2ecec;
  16333: fffdfd;
  16334: fffefd;
  16335: fffffd;
  16336: fffdfe;
  16337: fffeff;
  16338: fdf9fa;
  16339: efedee;
  16340: edefee;
  16341: ebefee;
  16342: eef0ef;
  16343: eceeed;
  16344: fcfafb;
  16345: fffdfe;
  16346: ffffff;
  16347: fdfffe;
  16348: fcffff;
  16349: fcffff;
  16350: eeeeee;
  16351: efedee;
  16352: eeeeee;
  16353: eeeeee;
  16354: ededed;
  16355: f7f7f7;
  16356: ffffff;
  16357: ffffff;
  16358: ffffff;
  16359: ffffff;
  16360: ffffff;
  16361: eeeeee;
  16362: eeeeee;
  16363: eeeeee;
  16364: eeeeee;
  16365: ededed;
  16366: ffffff;
  16367: ffffff;
  16368: ffffff;
  16369: ffffff;
  16370: ffffff;
  16371: ffffff;
  16372: eeeeee;
  16373: eeeeee;
  16374: eeeeee;
  16375: eeeeee;
  16376: ededed;
  16377: ffffff;
  16378: ffffff;
  16379: ffffff;
  16380: ffffff;
  16381: ffffff;
  16382: ffffff;
  16383: ededed;
  16384: ffffff;
  16385: ffffff;
  16386: ffffff;
  16387: fdfdfd;
  16388: ffffff;
  16389: f9f9f9;
  16390: ededed;
  16391: f0f0f0;
  16392: eeeeee;
  16393: efefef;
  16394: ebebeb;
  16395: ffffff;
  16396: ffffff;
  16397: fefefe;
  16398: fdfdfd;
  16399: ffffff;
  16400: ffffff;
  16401: eaeaea;
  16402: eeeeee;
  16403: f1f1f1;
  16404: ececec;
  16405: eeeeee;
  16406: ffffff;
  16407: fefefe;
  16408: ffffff;
  16409: fdfdfd;
  16410: fefefe;
  16411: f1f1f1;
  16412: ededed;
  16413: eaeaea;
  16414: efefef;
  16415: eeeeee;
  16416: ededed;
  16417: ffffff;
  16418: ffffff;
  16419: ffffff;
  16420: ffffff;
  16421: ffffff;
  16422: f5f5f5;
  16423: ededed;
  16424: efefef;
  16425: eeeeee;
  16426: eeeeee;
  16427: eeeeee;
  16428: ffffff;
  16429: ffffff;
  16430: ffffff;
  16431: fefefe;
  16432: fffeff;
  16433: fdfbfc;
  16434: eeeced;
  16435: f0eeef;
  16436: eeeeee;
  16437: ebedec;
  16438: ebedec;
  16439: ffffff;
  16440: ffffff;
  16441: fdfdfd;
  16442: ffffff;
  16443: ffffff;
  16444: ffffff;
  16445: eeeeee;
  16446: ececec;
  16447: efefef;
  16448: eeeeee;
  16449: eeeeee;
  16450: ffffff;
  16451: feffff;
  16452: fdfffe;
  16453: fcfefd;
  16454: ffffff;
  16455: ffffff;
  16456: ebedec;
  16457: f0f0f0;
  16458: efefef;
  16459: ebe9ea;
  16460: efedee;
  16461: fffeff;
  16462: fffdfe;
  16463: ffffff;
  16464: fffdfe;
  16465: fffeff;
  16466: faf8f9;
  16467: f0f0f0;
  16468: ededed;
  16469: edefee;
  16470: eeeeee;
  16471: ededed;
  16472: fdfdfd;
  16473: ffffff;
  16474: fbfbfb;
  16475: ffffff;
  16476: feffff;
  16477: feffff;
  16478: ededed;
  16479: eeeeee;
  16480: efefef;
  16481: ededed;
  16482: efefef;
  16483: f7f7f7;
  16484: ffffff;
  16485: ffffff;
  16486: ffffff;
  16487: fefefe;
  16488: ffffff;
  16489: eaeaea;
  16490: ededed;
  16491: f1f1f1;
  16492: ededed;
  16493: ededed;
  16494: ffffff;
  16495: ffffff;
  16496: fefefe;
  16497: ffffff;
  16498: ffffff;
  16499: fefefe;
  16500: eeeeee;
  16501: ededed;
  16502: ededed;
  16503: f0f0f0;
  16504: f0f0f0;
  16505: ffffff;
  16506: fefefe;
  16507: ffffff;
  16508: ffffff;
  16509: fefefe;
  16510: fefefe;
  16511: efefef;
  16512: fefefe;
  16513: fefefe;
  16514: ffffff;
  16515: ffffff;
  16516: fefefe;
  16517: f8f8f8;
  16518: ededed;
  16519: ececec;
  16520: ebebeb;
  16521: efefef;
  16522: f0f0f0;
  16523: fafafa;
  16524: ffffff;
  16525: fefefe;
  16526: fefefe;
  16527: ffffff;
  16528: fcfcfc;
  16529: f0f0f0;
  16530: ececec;
  16531: ececec;
  16532: ededed;
  16533: f1f1f1;
  16534: fcfcfc;
  16535: ffffff;
  16536: ffffff;
  16537: ffffff;
  16538: fefefe;
  16539: f6f6f6;
  16540: f0f0f0;
  16541: ededed;
  16542: ededed;
  16543: eaeaea;
  16544: efefef;
  16545: fafafa;
  16546: fdfdfd;
  16547: ffffff;
  16548: ffffff;
  16549: fefefe;
  16550: f5f5f5;
  16551: f0f0f0;
  16552: ececec;
  16553: ededed;
  16554: eeeeee;
  16555: f1f1f1;
  16556: fcfcfc;
  16557: ffffff;
  16558: ffffff;
  16559: ffffff;
  16560: fdfdfd;
  16561: fafafa;
  16562: efefef;
  16563: ececec;
  16564: ececec;
  16565: efefef;
  16566: f3f3f3;
  16567: fdfdfd;
  16568: ffffff;
  16569: fefefe;
  16570: fefefe;
  16571: fdfdfd;
  16572: fcfcfc;
  16573: f2f2f2;
  16574: ededed;
  16575: ececec;
  16576: ececec;
  16577: eeeeee;
  16578: fcfcfc;
  16579: ffffff;
  16580: ffffff;
  16581: ffffff;
  16582: ffffff;
  16583: fefefe;
  16584: ededed;
  16585: eeeeee;
  16586: eeeeee;
  16587: ededed;
  16588: f2f2f2;
  16589: fcfcfc;
  16590: fcfcfc;
  16591: ffffff;
  16592: ffffff;
  16593: ffffff;
  16594: f8f8f8;
  16595: efefef;
  16596: ececec;
  16597: ededed;
  16598: eeeeee;
  16599: efefef;
  16600: fefefe;
  16601: ffffff;
  16602: ffffff;
  16603: ffffff;
  16604: fefefe;
  16605: fdfdfd;
  16606: ededed;
  16607: ececec;
  16608: ececec;
  16609: ececec;
  16610: efefef;
  16611: f5f5f5;
  16612: fbfbfb;
  16613: ffffff;
  16614: ffffff;
  16615: ffffff;
  16616: fdfdfd;
  16617: f3f3f3;
  16618: eeeeee;
  16619: ececec;
  16620: ededed;
  16621: f0f0f0;
  16622: fafafa;
  16623: ffffff;
  16624: ffffff;
  16625: ffffff;
  16626: fefefe;
  16627: fbfbfb;
  16628: f2f2f2;
  16629: efefef;
  16630: ececec;
  16631: ececec;
  16632: ececec;
  16633: fefefe;
  16634: ffffff;
  16635: fdfdfd;
  16636: fdfdfd;
  16637: ffffff;
  16638: fefefe;
  16639: ebebeb;
  16640: efefef;
  16641: ededed;
  16642: eeeeee;
  16643: ededed;
  16644: efefef;
  16645: f8f8f8;
  16646: fdfdfd;
  16647: ffffff;
  16648: ffffff;
  16649: ffffff;
  16650: fefefe;
  16651: f1f1f1;
  16652: f0f0f0;
  16653: f0f0f0;
  16654: eeeeee;
  16655: eeeeee;
  16656: f1f1f1;
  16657: fdfdfd;
  16658: fefefe;
  16659: ffffff;
  16660: ffffff;
  16661: fcfcfc;
  16662: eeeeee;
  16663: eeeeee;
  16664: ededed;
  16665: ececec;
  16666: efefef;
  16667: f8f8f8;
  16668: fbfbfb;
  16669: ffffff;
  16670: ffffff;
  16671: ffffff;
  16672: fdfdfd;
  16673: f5f5f5;
  16674: ededed;
  16675: eeeeee;
  16676: ebebeb;
  16677: efefef;
  16678: f6f6f6;
  16679: ffffff;
  16680: ffffff;
  16681: ffffff;
  16682: fefefe;
  16683: fbfbfb;
  16684: f2f2f2;
  16685: efefef;
  16686: ececec;
  16687: ececec;
  16688: ededed;
  16689: f4f4f4;
  16690: fefefe;
  16691: ffffff;
  16692: ffffff;
  16693: fefefe;
  16694: f9f9f9;
  16695: efefef;
  16696: ededed;
  16697: f0f0f0;
  16698: efefef;
  16699: efefef;
  16700: f3f3f3;
  16701: fdfdfd;
  16702: ffffff;
  16703: ffffff;
  16704: ffffff;
  16705: fefefe;
  16706: f3f3f3;
  16707: f0f0f0;
  16708: ededed;
  16709: ededed;
  16710: eeeeee;
  16711: eeeeee;
  16712: ffffff;
  16713: ffffff;
  16714: fefefe;
  16715: fefefe;
  16716: fcfcfc;
  16717: f0f0f0;
  16718: eeeeee;
  16719: efefef;
  16720: ebebeb;
  16721: efefef;
  16722: f6f6f6;
  16723: fcfcfc;
  16724: ffffff;
  16725: ffffff;
  16726: ffffff;
  16727: fefefe;
  16728: f1f1f1;
  16729: eeeeee;
  16730: eeeeee;
  16731: ededed;
  16732: eeeeee;
  16733: f7f7f7;
  16734: fcfcfc;
  16735: ffffff;
  16736: ffffff;
  16737: ffffff;
  16738: fefefe;
  16739: f7f7f7;
  16740: f1f1f1;
  16741: eeeeee;
  16742: ededed;
  16743: ececec;
  16744: ededed;
  16745: fdfdfd;
  16746: fefefe;
  16747: fefefe;
  16748: ffffff;
  16749: fefefe;
  16750: f0f0f0;
  16751: efefef;
  16752: ececec;
  16753: ededed;
  16754: eeeeee;
  16755: f0f0f0;
  16756: fcfcfc;
  16757: ffffff;
  16758: ffffff;
  16759: ffffff;
  16760: ffffff;
  16761: f1f1f1;
  16762: ececec;
  16763: efefef;
  16764: efefef;
  16765: ececec;
  16766: f1f1f1;
  16767: ffffff;
  16768: f0f0f0;
  16769: ededed;
  16770: efefef;
  16771: ededed;
  16772: ebebeb;
  16773: f5f5f5;
  16774: fefefe;
  16775: ffffff;
  16776: ffffff;
  16777: fefefe;
  16778: ffffff;
  16779: eaeaea;
  16780: ebebeb;
  16781: eeeeee;
  16782: efefef;
  16783: efefef;
  16784: efefef;
  16785: ffffff;
  16786: fefefe;
  16787: fdfdfd;
  16788: ffffff;
  16789: fefefe;
  16790: ededed;
  16791: f0f0f0;
  16792: f1f1f1;
  16793: f0f0f0;
  16794: efefef;
  16795: ffffff;
  16796: fefefe;
  16797: ffffff;
  16798: fefefe;
  16799: fefefe;
  16800: fdfdfd;
  16801: eeeeee;
  16802: ececec;
  16803: f1f1f1;
  16804: ededed;
  16805: eeeeee;
  16806: f5f5f5;
  16807: fefefe;
  16808: fdfdfd;
  16809: fefefe;
  16810: fdfdfd;
  16811: ffffff;
  16812: eeeeee;
  16813: f0f0f0;
  16814: efefef;
  16815: f0f0f0;
  16816: eeeeee;
  16817: f2f2f2;
  16818: ffffff;
  16819: fcfcfc;
  16820: ffffff;
  16821: ffffff;
  16822: ffffff;
  16823: efefef;
  16824: efefef;
  16825: f2f2f2;
  16826: ececec;
  16827: ebebeb;
  16828: eaeaea;
  16829: fdfdfd;
  16830: ffffff;
  16831: ffffff;
  16832: fefefe;
  16833: ffffff;
  16834: eaeaea;
  16835: ececec;
  16836: ececec;
  16837: eeeeee;
  16838: eeeeee;
  16839: efefef;
  16840: fefefe;
  16841: fefefe;
  16842: ffffff;
  16843: ffffff;
  16844: ffffff;
  16845: ededed;
  16846: eeeeee;
  16847: ededed;
  16848: eeeeee;
  16849: efefef;
  16850: f7f7f7;
  16851: ffffff;
  16852: ffffff;
  16853: ffffff;
  16854: fefefe;
  16855: fefefe;
  16856: f3f3f3;
  16857: ededed;
  16858: efefef;
  16859: ececec;
  16860: ebebeb;
  16861: f0f0f0;
  16862: fdfdfd;
  16863: ffffff;
  16864: fcfcfc;
  16865: ffffff;
  16866: fdfdfd;
  16867: f5f5f5;
  16868: efefef;
  16869: eeeeee;
  16870: f0f0f0;
  16871: efefef;
  16872: ededed;
  16873: ffffff;
  16874: ffffff;
  16875: fcfcfc;
  16876: ffffff;
  16877: ffffff;
  16878: ededed;
  16879: efefef;
  16880: f0f0f0;
  16881: f0f0f0;
  16882: eeeeee;
  16883: ededed;
  16884: ffffff;
  16885: fefefe;
  16886: fefefe;
  16887: fdfdfd;
  16888: fdfdfd;
  16889: ebebeb;
  16890: ededed;
  16891: efefef;
  16892: efefef;
  16893: ededed;
  16894: ebebeb;
  16895: fdfdfd;
  16896: ececec;
  16897: ececec;
  16898: f0f0f0;
  16899: f1f1f1;
  16900: eeeeee;
  16901: f7f7f7;
  16902: ffffff;
  16903: fefefe;
  16904: ffffff;
  16905: fefefe;
  16906: ffffff;
  16907: eeeeee;
  16908: efefef;
  16909: efefef;
  16910: ececec;
  16911: ebebeb;
  16912: eaeaea;
  16913: ffffff;
  16914: fefefe;
  16915: ffffff;
  16916: fefefe;
  16917: ffffff;
  16918: eeeeee;
  16919: ededed;
  16920: ededed;
  16921: ededed;
  16922: ececec;
  16923: ffffff;
  16924: fefefe;
  16925: ffffff;
  16926: ffffff;
  16927: ffffff;
  16928: ffffff;
  16929: eeeeee;
  16930: ededed;
  16931: efefef;
  16932: ececec;
  16933: eeeeee;
  16934: f7f7f7;
  16935: ffffff;
  16936: ffffff;
  16937: ffffff;
  16938: ffffff;
  16939: ffffff;
  16940: ededed;
  16941: eeeeee;
  16942: ededed;
  16943: eeeeee;
  16944: ededed;
  16945: eeeeee;
  16946: ffffff;
  16947: fefefe;
  16948: ffffff;
  16949: fefefe;
  16950: ffffff;
  16951: ebebeb;
  16952: ececec;
  16953: eeeeee;
  16954: ededed;
  16955: f0f0f0;
  16956: ededed;
  16957: ffffff;
  16958: ffffff;
  16959: ffffff;
  16960: ffffff;
  16961: ffffff;
  16962: ececec;
  16963: f1f1f1;
  16964: f0f0f0;
  16965: f0f0f0;
  16966: ececec;
  16967: ececec;
  16968: ffffff;
  16969: ffffff;
  16970: fefefe;
  16971: fdfdfd;
  16972: ffffff;
  16973: e9e9e9;
  16974: eeeeee;
  16975: ececec;
  16976: efefef;
  16977: ededed;
  16978: f4f4f4;
  16979: fcfcfc;
  16980: fefefe;
  16981: fefefe;
  16982: ffffff;
  16983: ffffff;
  16984: f0f0f0;
  16985: ebebeb;
  16986: f1f1f1;
  16987: f0f0f0;
  16988: f1f1f1;
  16989: f3f3f3;
  16990: ffffff;
  16991: ffffff;
  16992: fefefe;
  16993: ffffff;
  16994: ffffff;
  16995: f6f6f6;
  16996: eeeeee;
  16997: ededed;
  16998: eeeeee;
  16999: ededed;
  17000: e9e9e9;
  17001: ffffff;
  17002: fefefe;
  17003: ffffff;
  17004: ffffff;
  17005: ffffff;
  17006: ededed;
  17007: ededed;
  17008: ededed;
  17009: eeeeee;
  17010: eeeeee;
  17011: ececec;
  17012: ffffff;
  17013: ffffff;
  17014: ffffff;
  17015: ffffff;
  17016: ffffff;
  17017: efefef;
  17018: f1f1f1;
  17019: ececec;
  17020: ececec;
  17021: f1f1f1;
  17022: efefef;
  17023: ffffff;
  17024: f0f0f0;
  17025: efefef;
  17026: eeeeee;
  17027: ededed;
  17028: eaeaea;
  17029: f2f2f2;
  17030: ffffff;
  17031: fefefe;
  17032: ffffff;
  17033: fcfcfc;
  17034: ffffff;
  17035: eeeeee;
  17036: f0f0f0;
  17037: f0f0f0;
  17038: eeeeee;
  17039: efefef;
  17040: f1f1f1;
  17041: ffffff;
  17042: ffffff;
  17043: ffffff;
  17044: fcfcfc;
  17045: fefefe;
  17046: f0f0f0;
  17047: ededed;
  17048: ededed;
  17049: eeeeee;
  17050: ececec;
  17051: ffffff;
  17052: fefefe;
  17053: ffffff;
  17054: ffffff;
  17055: ffffff;
  17056: fefefe;
  17057: ececec;
  17058: eeeeee;
  17059: efefef;
  17060: ededed;
  17061: eeeeee;
  17062: f5f5f5;
  17063: fdfdfd;
  17064: ffffff;
  17065: ffffff;
  17066: ffffff;
  17067: ffffff;
  17068: ededed;
  17069: eeeeee;
  17070: ededed;
  17071: eeeeee;
  17072: f1f1f1;
  17073: f0f0f0;
  17074: ffffff;
  17075: ffffff;
  17076: ffffff;
  17077: fefefe;
  17078: ffffff;
  17079: efefef;
  17080: efefef;
  17081: eeeeee;
  17082: efefef;
  17083: f1f1f1;
  17084: ececec;
  17085: ffffff;
  17086: fefefe;
  17087: fefefe;
  17088: fefefe;
  17089: ffffff;
  17090: eaeaea;
  17091: ececec;
  17092: ececec;
  17093: efefef;
  17094: eeeeee;
  17095: f0f0f0;
  17096: ffffff;
  17097: ffffff;
  17098: fefefe;
  17099: fefefe;
  17100: ffffff;
  17101: eeeeee;
  17102: f2f2f2;
  17103: efefef;
  17104: f0f0f0;
  17105: efefef;
  17106: f8f8f8;
  17107: ffffff;
  17108: ffffff;
  17109: ffffff;
  17110: ffffff;
  17111: fdfdfd;
  17112: f3f3f3;
  17113: ededed;
  17114: eeeeee;
  17115: ececec;
  17116: ececec;
  17117: efefef;
  17118: ffffff;
  17119: fefefe;
  17120: fefefe;
  17121: ffffff;
  17122: ffffff;
  17123: f6f6f6;
  17124: efefef;
  17125: eeeeee;
  17126: eeeeee;
  17127: ededed;
  17128: efefef;
  17129: ffffff;
  17130: ffffff;
  17131: ffffff;
  17132: fefefe;
  17133: fefefe;
  17134: f0f0f0;
  17135: f0f0f0;
  17136: ededed;
  17137: eeeeee;
  17138: eeeeee;
  17139: ededed;
  17140: ffffff;
  17141: fefefe;
  17142: ffffff;
  17143: ffffff;
  17144: ffffff;
  17145: e9e9e9;
  17146: ededed;
  17147: f0f0f0;
  17148: f0f0f0;
  17149: ededed;
  17150: eaeaea;
  17151: ffffff;
  17152: ededed;
  17153: eeeeee;
  17154: ededed;
  17155: f0f0f0;
  17156: efefef;
  17157: f5f5f5;
  17158: ffffff;
  17159: ffffff;
  17160: ffffff;
  17161: ffffff;
  17162: ffffff;
  17163: ededed;
  17164: ececec;
  17165: ededed;
  17166: ededed;
  17167: eeeeee;
  17168: ececec;
  17169: fcfcfc;
  17170: fefefe;
  17171: ffffff;
  17172: ffffff;
  17173: fefefe;
  17174: f0f0f0;
  17175: ededed;
  17176: efefef;
  17177: f0f0f0;
  17178: eeeeee;
  17179: ffffff;
  17180: ffffff;
  17181: fefefe;
  17182: ffffff;
  17183: fefefe;
  17184: ffffff;
  17185: ededed;
  17186: efefef;
  17187: ededed;
  17188: efefef;
  17189: efefef;
  17190: f5f5f5;
  17191: ffffff;
  17192: fefefe;
  17193: ffffff;
  17194: fefefe;
  17195: fefefe;
  17196: efefef;
  17197: efefef;
  17198: eeeeee;
  17199: efefef;
  17200: ededed;
  17201: efefef;
  17202: fefefe;
  17203: ffffff;
  17204: ffffff;
  17205: fdfdfd;
  17206: fefefe;
  17207: ededed;
  17208: efefef;
  17209: ebebeb;
  17210: eeeeee;
  17211: ededed;
  17212: ebebeb;
  17213: ffffff;
  17214: ffffff;
  17215: ffffff;
  17216: ffffff;
  17217: ffffff;
  17218: efefef;
  17219: efefef;
  17220: eeeeee;
  17221: efefef;
  17222: ececec;
  17223: ececec;
  17224: fefefe;
  17225: ffffff;
  17226: ffffff;
  17227: ffffff;
  17228: ffffff;
  17229: ededed;
  17230: ececec;
  17231: ebebeb;
  17232: eeeeee;
  17233: ececec;
  17234: f5f5f5;
  17235: fefefe;
  17236: fdfdfd;
  17237: fefefe;
  17238: ffffff;
  17239: ffffff;
  17240: efefef;
  17241: eeeeee;
  17242: ededed;
  17243: efefef;
  17244: efefef;
  17245: f3f3f3;
  17246: ffffff;
  17247: ffffff;
  17248: fefefe;
  17249: ffffff;
  17250: fefefe;
  17251: f6f6f6;
  17252: efefef;
  17253: eeeeee;
  17254: efefef;
  17255: efefef;
  17256: ededed;
  17257: ffffff;
  17258: ffffff;
  17259: ffffff;
  17260: ffffff;
  17261: fdfdfd;
  17262: ededed;
  17263: ebebeb;
  17264: efefef;
  17265: efefef;
  17266: eeeeee;
  17267: eeeeee;
  17268: ffffff;
  17269: ffffff;
  17270: fefefe;
  17271: fefefe;
  17272: ffffff;
  17273: ededed;
  17274: efefef;
  17275: ededed;
  17276: ededed;
  17277: efefef;
  17278: ededed;
  17279: ffffff;
  17280: eeeeee;
  17281: efefef;
  17282: ececec;
  17283: eeeeee;
  17284: efefef;
  17285: f3f3f3;
  17286: fefefe;
  17287: ffffff;
  17288: fdfdfd;
  17289: ffffff;
  17290: ffffff;
  17291: f0f0f0;
  17292: eeeeee;
  17293: efefef;
  17294: f0f0f0;
  17295: efefef;
  17296: efefef;
  17297: fefefe;
  17298: ffffff;
  17299: ffffff;
  17300: ffffff;
  17301: fdfdfd;
  17302: eeeeee;
  17303: eeeeee;
  17304: ededed;
  17305: efefef;
  17306: eeeeee;
  17307: fefefe;
  17308: ffffff;
  17309: fdfdfd;
  17310: ffffff;
  17311: fefefe;
  17312: ffffff;
  17313: ebebeb;
  17314: eeeeee;
  17315: ededed;
  17316: f0f0f0;
  17317: eeeeee;
  17318: f3f3f3;
  17319: ffffff;
  17320: ffffff;
  17321: ffffff;
  17322: ffffff;
  17323: fdfdfd;
  17324: f0f0f0;
  17325: ededed;
  17326: ececec;
  17327: eeeeee;
  17328: ededed;
  17329: f1f1f1;
  17330: ffffff;
  17331: ffffff;
  17332: fefefe;
  17333: ffffff;
  17334: ffffff;
  17335: eeeeee;
  17336: f0f0f0;
  17337: ececec;
  17338: f1f1f1;
  17339: eeeeee;
  17340: ededed;
  17341: ffffff;
  17342: ffffff;
  17343: fdfdfd;
  17344: ffffff;
  17345: fcfcfc;
  17346: efefef;
  17347: eeeeee;
  17348: ededed;
  17349: efefef;
  17350: ededed;
  17351: ededed;
  17352: ffffff;
  17353: fefefe;
  17354: ffffff;
  17355: ffffff;
  17356: fefefe;
  17357: efefef;
  17358: eeeeee;
  17359: f1f1f1;
  17360: efefef;
  17361: eeeeee;
  17362: f7f7f7;
  17363: ffffff;
  17364: fefefe;
  17365: ffffff;
  17366: ffffff;
  17367: fdfdfd;
  17368: f1f1f1;
  17369: f1f1f1;
  17370: ededed;
  17371: eeeeee;
  17372: eeeeee;
  17373: f1f1f1;
  17374: fdfdfd;
  17375: ffffff;
  17376: ffffff;
  17377: ffffff;
  17378: fefefe;
  17379: f6f6f6;
  17380: eeeeee;
  17381: ececec;
  17382: eeeeee;
  17383: efefef;
  17384: ededed;
  17385: ffffff;
  17386: ffffff;
  17387: fefefe;
  17388: ffffff;
  17389: fefefe;
  17390: efefef;
  17391: eeeeee;
  17392: eeeeee;
  17393: ededed;
  17394: ececec;
  17395: efefef;
  17396: fefefe;
  17397: ffffff;
  17398: ffffff;
  17399: ffffff;
  17400: ffffff;
  17401: ececec;
  17402: eeeeee;
  17403: efefef;
  17404: efefef;
  17405: eeeeee;
  17406: ededed;
  17407: ffffff;
  17408: eeeeee;
  17409: efefef;
  17410: ededed;
  17411: eeeeee;
  17412: ededed;
  17413: f3f3f3;
  17414: ffffff;
  17415: fefefe;
  17416: ffffff;
  17417: fefefe;
  17418: ffffff;
  17419: ebebeb;
  17420: f0f0f0;
  17421: ededed;
  17422: eeeeee;
  17423: f0f0f0;
  17424: f1f1f1;
  17425: fdfdfd;
  17426: ffffff;
  17427: ffffff;
  17428: fefefe;
  17429: fefefe;
  17430: ededed;
  17431: eeeeee;
  17432: eeeeee;
  17433: f1f1f1;
  17434: efefef;
  17435: fefefe;
  17436: ffffff;
  17437: ffffff;
  17438: ffffff;
  17439: ffffff;
  17440: ffffff;
  17441: ececec;
  17442: f0f0f0;
  17443: f0f0f0;
  17444: eeeeee;
  17445: eeeeee;
  17446: f7f7f7;
  17447: fdfdfd;
  17448: fefefe;
  17449: fefefe;
  17450: fefefe;
  17451: ffffff;
  17452: ececec;
  17453: efefef;
  17454: efefef;
  17455: efefef;
  17456: eeeeee;
  17457: f3f3f3;
  17458: fefefe;
  17459: fdfdfd;
  17460: ffffff;
  17461: ffffff;
  17462: fdfdfd;
  17463: f0f0f0;
  17464: efefef;
  17465: eeeeee;
  17466: ececec;
  17467: efefef;
  17468: ebebeb;
  17469: ffffff;
  17470: fefefe;
  17471: ffffff;
  17472: ffffff;
  17473: ffffff;
  17474: ebebeb;
  17475: ededed;
  17476: eeeeee;
  17477: eeeeee;
  17478: efefef;
  17479: ececec;
  17480: fefefe;
  17481: ffffff;
  17482: ffffff;
  17483: fefefe;
  17484: ffffff;
  17485: eeeeee;
  17486: efefef;
  17487: eeeeee;
  17488: eeeeee;
  17489: eeeeee;
  17490: f6f6f6;
  17491: ffffff;
  17492: ffffff;
  17493: ffffff;
  17494: ffffff;
  17495: fdfdfd;
  17496: f3f3f3;
  17497: ececec;
  17498: ededed;
  17499: eeeeee;
  17500: ededed;
  17501: efefef;
  17502: ffffff;
  17503: ffffff;
  17504: ffffff;
  17505: fdfdfd;
  17506: ffffff;
  17507: f6f6f6;
  17508: ededed;
  17509: f0f0f0;
  17510: efefef;
  17511: ededed;
  17512: f0f0f0;
  17513: fdfdfd;
  17514: ffffff;
  17515: ffffff;
  17516: fdfdfd;
  17517: fefefe;
  17518: ededed;
  17519: eeeeee;
  17520: efefef;
  17521: f0f0f0;
  17522: eeeeee;
  17523: ededed;
  17524: ffffff;
  17525: ffffff;
  17526: fdfdfd;
  17527: fefefe;
  17528: ffffff;
  17529: efefef;
  17530: ebebeb;
  17531: eeeeee;
  17532: eeeeee;
  17533: ebebeb;
  17534: efefef;
  17535: ffffff;
  17536: ececec;
  17537: eeeeee;
  17538: eeeeee;
  17539: f0f0f0;
  17540: f0f0f0;
  17541: f5f5f5;
  17542: ffffff;
  17543: ffffff;
  17544: ffffff;
  17545: ffffff;
  17546: ffffff;
  17547: eeeeee;
  17548: f0f0f0;
  17549: ededed;
  17550: ededed;
  17551: ececec;
  17552: ececec;
  17553: fefefe;
  17554: ffffff;
  17555: ffffff;
  17556: ffffff;
  17557: ffffff;
  17558: ebebeb;
  17559: ededed;
  17560: ededed;
  17561: ededed;
  17562: eeeeee;
  17563: fefefe;
  17564: ffffff;
  17565: ffffff;
  17566: ffffff;
  17567: ffffff;
  17568: ffffff;
  17569: ededed;
  17570: ededed;
  17571: ededed;
  17572: ededed;
  17573: ededed;
  17574: f8f8f8;
  17575: ffffff;
  17576: ffffff;
  17577: ffffff;
  17578: ffffff;
  17579: ffffff;
  17580: ececec;
  17581: ededed;
  17582: ededed;
  17583: eeeeee;
  17584: ececec;
  17585: f1f1f1;
  17586: ffffff;
  17587: ffffff;
  17588: ffffff;
  17589: ffffff;
  17590: ffffff;
  17591: ececec;
  17592: ececec;
  17593: ededed;
  17594: ededed;
  17595: f0f0f0;
  17596: eeeeee;
  17597: ffffff;
  17598: ffffff;
  17599: ffffff;
  17600: ffffff;
  17601: ffffff;
  17602: ededed;
  17603: efefef;
  17604: f0f0f0;
  17605: efefef;
  17606: efefef;
  17607: ececec;
  17608: ffffff;
  17609: ffffff;
  17610: ffffff;
  17611: fdfdfd;
  17612: ffffff;
  17613: ececec;
  17614: ededed;
  17615: efefef;
  17616: eeeeee;
  17617: eeeeee;
  17618: f5f5f5;
  17619: fdfdfd;
  17620: ffffff;
  17621: ffffff;
  17622: ffffff;
  17623: ffffff;
  17624: f2f2f2;
  17625: ededed;
  17626: efefef;
  17627: f0f0f0;
  17628: efefef;
  17629: f1f1f1;
  17630: ffffff;
  17631: fefefe;
  17632: ffffff;
  17633: ffffff;
  17634: ffffff;
  17635: f6f6f6;
  17636: ececec;
  17637: eeeeee;
  17638: ededed;
  17639: ededed;
  17640: ebebeb;
  17641: fefefe;
  17642: ffffff;
  17643: ffffff;
  17644: ffffff;
  17645: ffffff;
  17646: ececec;
  17647: ededed;
  17648: eeeeee;
  17649: ededed;
  17650: ededed;
  17651: ececec;
  17652: ffffff;
  17653: ffffff;
  17654: ffffff;
  17655: ffffff;
  17656: fdfdfd;
  17657: efefef;
  17658: f0f0f0;
  17659: eeeeee;
  17660: eeeeee;
  17661: f0f0f0;
  17662: efefef;
  17663: fefefe;
  17664: eeeeee;
  17665: efefef;
  17666: eeeeee;
  17667: eeeeee;
  17668: ededed;
  17669: f2f2f2;
  17670: fdfdfd;
  17671: fefefe;
  17672: fdfdfd;
  17673: ffffff;
  17674: fefefe;
  17675: ededed;
  17676: ededed;
  17677: eeeeee;
  17678: f0f0f0;
  17679: efefef;
  17680: efefef;
  17681: ffffff;
  17682: fdfdfd;
  17683: fefefe;
  17684: fdfdfd;
  17685: ffffff;
  17686: ececec;
  17687: efefef;
  17688: f0f0f0;
  17689: efefef;
  17690: f0f0f0;
  17691: fefefe;
  17692: ffffff;
  17693: fefefe;
  17694: fcfcfc;
  17695: fefefe;
  17696: fdfdfd;
  17697: ededed;
  17698: ededed;
  17699: efefef;
  17700: efefef;
  17701: eeeeee;
  17702: f6f6f6;
  17703: fefefe;
  17704: fdfdfd;
  17705: fefefe;
  17706: fefefe;
  17707: fefefe;
  17708: efefef;
  17709: efefef;
  17710: efefef;
  17711: f0f0f0;
  17712: efefef;
  17713: f2f2f2;
  17714: fefefe;
  17715: ffffff;
  17716: fcfcfc;
  17717: ffffff;
  17718: ffffff;
  17719: eeeeee;
  17720: efefef;
  17721: f0f0f0;
  17722: eeeeee;
  17723: ededed;
  17724: ededed;
  17725: fefefe;
  17726: ffffff;
  17727: fdfdfd;
  17728: ffffff;
  17729: fefefe;
  17730: efefef;
  17731: ededed;
  17732: ececec;
  17733: ececec;
  17734: ededed;
  17735: ececec;
  17736: fefefe;
  17737: fdfdfd;
  17738: ffffff;
  17739: ffffff;
  17740: ffffff;
  17741: efefef;
  17742: eeeeee;
  17743: f0f0f0;
  17744: efefef;
  17745: f0f0f0;
  17746: f7f7f7;
  17747: fefefe;
  17748: ffffff;
  17749: ffffff;
  17750: ffffff;
  17751: fdfdfd;
  17752: f1f1f1;
  17753: ededed;
  17754: ededed;
  17755: ededed;
  17756: eeeeee;
  17757: f2f2f2;
  17758: ffffff;
  17759: ffffff;
  17760: fefefe;
  17761: fdfdfd;
  17762: fefefe;
  17763: f6f6f6;
  17764: eeeeee;
  17765: efefef;
  17766: efefef;
  17767: f0f0f0;
  17768: eeeeee;
  17769: ffffff;
  17770: fdfdfd;
  17771: fdfdfd;
  17772: fdfdfd;
  17773: ffffff;
  17774: ececec;
  17775: efefef;
  17776: f0f0f0;
  17777: eeeeee;
  17778: f0f0f0;
  17779: ededed;
  17780: ffffff;
  17781: fdfdfd;
  17782: ffffff;
  17783: fdfdfd;
  17784: ffffff;
  17785: ececec;
  17786: eeeeee;
  17787: ededed;
  17788: ededed;
  17789: eeeeee;
  17790: ececec;
  17791: ffffff;
  17792: efefef;
  17793: f0f0f0;
  17794: f0f0f0;
  17795: f1f1f1;
  17796: f2f2f2;
  17797: f6f6f6;
  17798: fbfbfb;
  17799: fdfdfd;
  17800: fdfdfd;
  17801: fdfdfd;
  17802: fbfbfb;
  17803: f2f2f2;
  17804: f1f1f1;
  17805: f0f0f0;
  17806: f1f1f1;
  17807: f1f1f1;
  17808: f0f0f0;
  17809: fafafa;
  17810: fafafa;
  17811: fcfcfc;
  17812: fcfcfc;
  17813: fbfbfb;
  17814: f0f0f0;
  17815: f0f0f0;
  17816: f0f0f0;
  17817: f0f0f0;
  17818: f2f2f2;
  17819: f9f9f9;
  17820: fbfbfb;
  17821: fbfbfb;
  17822: fbfbfb;
  17823: fdfdfd;
  17824: fbfbfb;
  17825: f4f4f4;
  17826: f1f1f1;
  17827: f0f0f0;
  17828: f0f0f0;
  17829: f1f1f1;
  17830: f7f7f7;
  17831: fcfcfc;
  17832: fdfdfd;
  17833: fdfdfd;
  17834: fbfbfb;
  17835: fafafa;
  17836: f3f3f3;
  17837: f2f2f2;
  17838: f0f0f0;
  17839: f0f0f0;
  17840: f0f0f0;
  17841: f3f3f3;
  17842: fbfbfb;
  17843: fdfdfd;
  17844: fafafa;
  17845: fafafa;
  17846: f8f8f8;
  17847: efefef;
  17848: f0f0f0;
  17849: f1f1f1;
  17850: f0f0f0;
  17851: f1f1f1;
  17852: f2f2f2;
  17853: fbfbfb;
  17854: fdfdfd;
  17855: fdfdfd;
  17856: fafafa;
  17857: f9f9f9;
  17858: f3f3f3;
  17859: f1f1f1;
  17860: f0f0f0;
  17861: f1f1f1;
  17862: f2f2f2;
  17863: f3f3f3;
  17864: fcfcfc;
  17865: fbfbfb;
  17866: fbfbfb;
  17867: fbfbfb;
  17868: f9f9f9;
  17869: f1f1f1;
  17870: efefef;
  17871: efefef;
  17872: efefef;
  17873: f1f1f1;
  17874: f5f5f5;
  17875: f9f9f9;
  17876: fbfbfb;
  17877: fcfcfc;
  17878: fcfcfc;
  17879: fbfbfb;
  17880: f6f6f6;
  17881: f3f3f3;
  17882: f1f1f1;
  17883: f1f1f1;
  17884: f3f3f3;
  17885: f5f5f5;
  17886: fafafa;
  17887: fafafa;
  17888: fdfdfd;
  17889: fcfcfc;
  17890: fbfbfb;
  17891: f7f7f7;
  17892: f3f3f3;
  17893: f1f1f1;
  17894: f1f1f1;
  17895: f0f0f0;
  17896: f0f0f0;
  17897: fafafa;
  17898: fafafa;
  17899: fcfcfc;
  17900: fcfcfc;
  17901: fbfbfb;
  17902: f0f0f0;
  17903: f0f0f0;
  17904: f0f0f0;
  17905: f0f0f0;
  17906: f3f3f3;
  17907: f2f2f2;
  17908: fbfbfb;
  17909: fafafa;
  17910: fdfdfd;
  17911: fdfdfd;
  17912: fafafa;
  17913: f0f0f0;
  17914: f2f2f2;
  17915: f2f2f2;
  17916: f2f2f2;
  17917: f2f2f2;
  17918: f1f1f1;
  17919: fafafa;
  17920: ffffff;
  17921: ffffff;
  17922: ffffff;
  17923: ffffff;
  17924: fdfdfd;
  17925: f6f6f6;
  17926: eeeeee;
  17927: eaeaea;
  17928: ebebeb;
  17929: ececec;
  17930: f0f0f0;
  17931: fbfbfb;
  17932: fefefe;
  17933: ffffff;
  17934: ffffff;
  17935: ffffff;
  17936: fefefe;
  17937: f1f1f1;
  17938: eeeeee;
  17939: ebebeb;
  17940: ececec;
  17941: eeeeee;
  17942: fdfdfd;
  17943: ffffff;
  17944: ffffff;
  17945: ffffff;
  17946: fdfdfd;
  17947: f4f4f4;
  17948: efefef;
  17949: ededed;
  17950: ececec;
  17951: ebebeb;
  17952: eeeeee;
  17953: f8f8f8;
  17954: fefefe;
  17955: ffffff;
  17956: ffffff;
  17957: fdfdfd;
  17958: f4f4f4;
  17959: ededed;
  17960: ededed;
  17961: ededed;
  17962: eeeeee;
  17963: f2f2f2;
  17964: fbfbfb;
  17965: ffffff;
  17966: ffffff;
  17967: ffffff;
  17968: ffffff;
  17969: fafafa;
  17970: efefef;
  17971: eaeaea;
  17972: ececec;
  17973: eeeeee;
  17974: f2f2f2;
  17975: fefefe;
  17976: ffffff;
  17977: ffffff;
  17978: ffffff;
  17979: fefefe;
  17980: fbfbfb;
  17981: f1f1f1;
  17982: ececec;
  17983: ebebeb;
  17984: ededed;
  17985: f1f1f1;
  17986: fafafa;
  17987: fdfdfd;
  17988: fefefe;
  17989: fefefe;
  17990: fdfdfd;
  17991: fdfdfd;
  17992: ededed;
  17993: ededed;
  17994: ececec;
  17995: ededed;
  17996: f1f1f1;
  17997: fbfbfb;
  17998: ffffff;
  17999: ffffff;
  18000: ffffff;
  18001: ffffff;
  18002: f9f9f9;
  18003: f1f1f1;
  18004: ededed;
  18005: ededed;
  18006: ececec;
  18007: ececec;
  18008: fdfdfd;
  18009: fefefe;
  18010: fefefe;
  18011: ffffff;
  18012: ffffff;
  18013: fbfbfb;
  18014: f2f2f2;
  18015: ededed;
  18016: ececec;
  18017: ededed;
  18018: efefef;
  18019: f5f5f5;
  18020: fbfbfb;
  18021: fefefe;
  18022: ffffff;
  18023: ffffff;
  18024: fefefe;
  18025: f1f1f1;
  18026: efefef;
  18027: ebebeb;
  18028: ececec;
  18029: efefef;
  18030: fdfdfd;
  18031: ffffff;
  18032: ffffff;
  18033: ffffff;
  18034: fefefe;
  18035: fcfcfc;
  18036: f1f1f1;
  18037: efefef;
  18038: ececec;
  18039: ededed;
  18040: eeeeee;
  18041: fefefe;
  18042: ffffff;
  18043: fbfbfb;
  18044: fbfbfb;
  18045: ffffff;
  18046: fefefe;
  18047: eeeeee;
  18048: fefefe;
  18049: fefefe;
  18050: ffffff;
  18051: ffffff;
  18052: ffffff;
  18053: fbfbfb;
  18054: efefef;
  18055: ededed;
  18056: efefef;
  18057: ededed;
  18058: efefef;
  18059: ffffff;
  18060: ffffff;
  18061: ffffff;
  18062: fefefe;
  18063: fefefe;
  18064: fefefe;
  18065: eaeaea;
  18066: eeeeee;
  18067: efefef;
  18068: efefef;
  18069: ececec;
  18070: ffffff;
  18071: fefefe;
  18072: fefefe;
  18073: ffffff;
  18074: ffffff;
  18075: f0f0f0;
  18076: ececec;
  18077: eeeeee;
  18078: efefef;
  18079: eeeeee;
  18080: f0f0f0;
  18081: ffffff;
  18082: ffffff;
  18083: ffffff;
  18084: ffffff;
  18085: ffffff;
  18086: f7f7f7;
  18087: eeeeee;
  18088: efefef;
  18089: eeeeee;
  18090: ededed;
  18091: eeeeee;
  18092: ffffff;
  18093: ffffff;
  18094: ffffff;
  18095: fefefe;
  18096: fefefe;
  18097: fbfbfb;
  18098: eeeeee;
  18099: ececec;
  18100: f0f0f0;
  18101: ececec;
  18102: ececec;
  18103: fdfdfd;
  18104: fefefe;
  18105: fefefe;
  18106: ffffff;
  18107: ffffff;
  18108: ffffff;
  18109: efefef;
  18110: ededed;
  18111: efefef;
  18112: ebebeb;
  18113: efefef;
  18114: ffffff;
  18115: ffffff;
  18116: ffffff;
  18117: ffffff;
  18118: ffffff;
  18119: ffffff;
  18120: efefef;
  18121: efefef;
  18122: ededed;
  18123: ececec;
  18124: ededed;
  18125: fefefe;
  18126: ffffff;
  18127: fefefe;
  18128: ffffff;
  18129: ffffff;
  18130: f7f7f7;
  18131: eeeeee;
  18132: ececec;
  18133: ededed;
  18134: eeeeee;
  18135: efefef;
  18136: fdfdfd;
  18137: ffffff;
  18138: ffffff;
  18139: ffffff;
  18140: ffffff;
  18141: fefefe;
  18142: efefef;
  18143: ebebeb;
  18144: eeeeee;
  18145: efefef;
  18146: efefef;
  18147: f7f7f7;
  18148: ffffff;
  18149: ffffff;
  18150: ffffff;
  18151: fefefe;
  18152: fefefe;
  18153: eaeaea;
  18154: eeeeee;
  18155: efefef;
  18156: efefef;
  18157: ececec;
  18158: ffffff;
  18159: fefefe;
  18160: fefefe;
  18161: ffffff;
  18162: fefefe;
  18163: ffffff;
  18164: ededed;
  18165: efefef;
  18166: ededed;
  18167: efefef;
  18168: ebebeb;
  18169: ffffff;
  18170: ffffff;
  18171: ffffff;
  18172: ffffff;
  18173: ffffff;
  18174: ffffff;
  18175: ebebeb;
  18176: ffffff;
  18177: fefefe;
  18178: fefefe;
  18179: fdfdfd;
  18180: fdfdfd;
  18181: f8f8f8;
  18182: ededed;
  18183: efefef;
  18184: efefef;
  18185: ededed;
  18186: ececec;
  18187: ffffff;
  18188: fdfdfd;
  18189: ffffff;
  18190: ffffff;
  18191: ffffff;
  18192: ffffff;
  18193: eeeeee;
  18194: eeeeee;
  18195: efefef;
  18196: efefef;
  18197: ebebeb;
  18198: ffffff;
  18199: ffffff;
  18200: ffffff;
  18201: ffffff;
  18202: ffffff;
  18203: f1f1f1;
  18204: ededed;
  18205: eeeeee;
  18206: efefef;
  18207: eeeeee;
  18208: ededed;
  18209: ffffff;
  18210: ffffff;
  18211: ffffff;
  18212: ffffff;
  18213: ffffff;
  18214: f6f6f6;
  18215: ededed;
  18216: ededed;
  18217: ededed;
  18218: eeeeee;
  18219: ededed;
  18220: ffffff;
  18221: ffffff;
  18222: ffffff;
  18223: ffffff;
  18224: ffffff;
  18225: fcfcfc;
  18226: eeeeee;
  18227: eeeeee;
  18228: efefef;
  18229: ededed;
  18230: eeeeee;
  18231: ffffff;
  18232: ffffff;
  18233: ffffff;
  18234: ffffff;
  18235: fdfdfd;
  18236: ffffff;
  18237: ececec;
  18238: ededed;
  18239: efefef;
  18240: f0f0f0;
  18241: efefef;
  18242: ffffff;
  18243: fefefe;
  18244: fdfdfd;
  18245: fefefe;
  18246: fdfdfd;
  18247: ffffff;
  18248: ededed;
  18249: eeeeee;
  18250: eeeeee;
  18251: f0f0f0;
  18252: eeeeee;
  18253: ffffff;
  18254: ffffff;
  18255: fefefe;
  18256: fefefe;
  18257: ffffff;
  18258: fafafa;
  18259: f0f0f0;
  18260: efefef;
  18261: efefef;
  18262: eeeeee;
  18263: ededed;
  18264: fafafa;
  18265: fefefe;
  18266: fdfdfd;
  18267: fdfdfd;
  18268: ffffff;
  18269: ffffff;
  18270: efefef;
  18271: efefef;
  18272: ededed;
  18273: efefef;
  18274: ededed;
  18275: f7f7f7;
  18276: ffffff;
  18277: ffffff;
  18278: ffffff;
  18279: ffffff;
  18280: ffffff;
  18281: eeeeee;
  18282: eeeeee;
  18283: eeeeee;
  18284: efefef;
  18285: ececec;
  18286: ffffff;
  18287: ffffff;
  18288: ffffff;
  18289: ffffff;
  18290: ffffff;
  18291: ffffff;
  18292: ececec;
  18293: eeeeee;
  18294: ededed;
  18295: eeeeee;
  18296: efefef;
  18297: fefefe;
  18298: fdfdfd;
  18299: ffffff;
  18300: ffffff;
  18301: fdfdfd;
  18302: fefefe;
  18303: efefef;
  18304: ffffff;
  18305: fefefe;
  18306: ffffff;
  18307: fefefe;
  18308: ffffff;
  18309: f9f9f9;
  18310: eeeeee;
  18311: f0f0f0;
  18312: ededed;
  18313: efefef;
  18314: eeeeee;
  18315: ffffff;
  18316: fdfdfd;
  18317: ffffff;
  18318: ffffff;
  18319: fefefe;
  18320: fefefe;
  18321: f0f0f0;
  18322: ececec;
  18323: ededed;
  18324: eeeeee;
  18325: ededed;
  18326: fefefe;
  18327: fefefe;
  18328: ffffff;
  18329: fefefe;
  18330: ffffff;
  18331: f1f1f1;
  18332: eeeeee;
  18333: eeeeee;
  18334: eeeeee;
  18335: eeeeee;
  18336: ededed;
  18337: ffffff;
  18338: fefefe;
  18339: fefefe;
  18340: ffffff;
  18341: ffffff;
  18342: f6f6f6;
  18343: efefef;
  18344: ededed;
  18345: efefef;
  18346: f0f0f0;
  18347: ededed;
  18348: ffffff;
  18349: fdfdfd;
  18350: fefefe;
  18351: ffffff;
  18352: ffffff;
  18353: f9f9f9;
  18354: efefef;
  18355: efefef;
  18356: ececec;
  18357: eeeeee;
  18358: f1f1f1;
  18359: fefefe;
  18360: fefefe;
  18361: ffffff;
  18362: ffffff;
  18363: fdfdfd;
  18364: ffffff;
  18365: eeeeee;
  18366: efefef;
  18367: eeeeee;
  18368: eeeeee;
  18369: ededed;
  18370: ffffff;
  18371: ffffff;
  18372: ffffff;
  18373: ffffff;
  18374: fefefe;
  18375: ffffff;
  18376: efefef;
  18377: eeeeee;
  18378: ededed;
  18379: f0f0f0;
  18380: ececec;
  18381: ffffff;
  18382: fefefe;
  18383: ffffff;
  18384: ffffff;
  18385: ffffff;
  18386: f9f9f9;
  18387: eeeeee;
  18388: ededed;
  18389: efefef;
  18390: efefef;
  18391: efefef;
  18392: fafafa;
  18393: ffffff;
  18394: ffffff;
  18395: ffffff;
  18396: ffffff;
  18397: ffffff;
  18398: ededed;
  18399: eeeeee;
  18400: ededed;
  18401: efefef;
  18402: ededed;
  18403: f7f7f7;
  18404: ffffff;
  18405: fefefe;
  18406: fefefe;
  18407: ffffff;
  18408: fdfdfd;
  18409: f0f0f0;
  18410: ececec;
  18411: ededed;
  18412: eeeeee;
  18413: eeeeee;
  18414: fefefe;
  18415: fefefe;
  18416: ffffff;
  18417: fefefe;
  18418: fefefe;
  18419: ffffff;
  18420: eeeeee;
  18421: efefef;
  18422: efefef;
  18423: ededed;
  18424: efefef;
  18425: fdfdfd;
  18426: ffffff;
  18427: ffffff;
  18428: ffffff;
  18429: ffffff;
  18430: fdfdfd;
  18431: efefef;
  18432: ffffff;
  18433: ffffff;
  18434: ffffff;
  18435: fefefe;
  18436: ffffff;
  18437: f9f9f9;
  18438: f1f1f1;
  18439: ededed;
  18440: ededed;
  18441: ececec;
  18442: ebebeb;
  18443: ffffff;
  18444: ffffff;
  18445: fdfdfd;
  18446: ffffff;
  18447: ffffff;
  18448: ffffff;
  18449: eaeaea;
  18450: efefef;
  18451: f1f1f1;
  18452: ededed;
  18453: ececec;
  18454: ffffff;
  18455: ffffff;
  18456: ffffff;
  18457: ffffff;
  18458: ffffff;
  18459: f1f1f1;
  18460: eaeaea;
  18461: f0f0f0;
  18462: ededed;
  18463: eeeeee;
  18464: eeeeee;
  18465: ffffff;
  18466: fdfdfd;
  18467: ffffff;
  18468: fcfcfc;
  18469: ffffff;
  18470: f8f8f8;
  18471: ebebeb;
  18472: eeeeee;
  18473: ededed;
  18474: ededed;
  18475: efefef;
  18476: fefefe;
  18477: ffffff;
  18478: ffffff;
  18479: ffffff;
  18480: fefefe;
  18481: fbfbfb;
  18482: ededed;
  18483: ededed;
  18484: f0f0f0;
  18485: eeeeee;
  18486: eeeeee;
  18487: ffffff;
  18488: ffffff;
  18489: ffffff;
  18490: fefefe;
  18491: ffffff;
  18492: ffffff;
  18493: ededed;
  18494: ededed;
  18495: ededed;
  18496: ededed;
  18497: f0f0f0;
  18498: fdfdfd;
  18499: ffffff;
  18500: ffffff;
  18501: fefefe;
  18502: ffffff;
  18503: ffffff;
  18504: eeeeee;
  18505: ededed;
  18506: efefef;
  18507: ebebeb;
  18508: ededed;
  18509: ffffff;
  18510: ffffff;
  18511: ffffff;
  18512: fefefe;
  18513: ffffff;
  18514: f8f8f8;
  18515: efefef;
  18516: efefef;
  18517: eeeeee;
  18518: ececec;
  18519: eeeeee;
  18520: fbfbfb;
  18521: fefefe;
  18522: ffffff;
  18523: ffffff;
  18524: fefefe;
  18525: ffffff;
  18526: ededed;
  18527: ededed;
  18528: ededed;
  18529: ececec;
  18530: eeeeee;
  18531: f6f6f6;
  18532: ffffff;
  18533: ffffff;
  18534: ffffff;
  18535: ffffff;
  18536: ffffff;
  18537: ebebeb;
  18538: efefef;
  18539: f0f0f0;
  18540: ededed;
  18541: ededed;
  18542: ffffff;
  18543: fefefe;
  18544: ffffff;
  18545: ffffff;
  18546: ffffff;
  18547: fefefe;
  18548: efefef;
  18549: ededed;
  18550: ededed;
  18551: eeeeee;
  18552: eeeeee;
  18553: ffffff;
  18554: fefefe;
  18555: ffffff;
  18556: ffffff;
  18557: fefefe;
  18558: ffffff;
  18559: ededed;
  18560: fefefe;
  18561: ffffff;
  18562: ffffff;
  18563: ffffff;
  18564: ffffff;
  18565: f8f8f8;
  18566: eeeeee;
  18567: ececec;
  18568: efefef;
  18569: f0f0f0;
  18570: ededed;
  18571: ffffff;
  18572: ffffff;
  18573: fdfdfd;
  18574: fefefe;
  18575: fdfdfd;
  18576: fefefe;
  18577: ededed;
  18578: eeeeee;
  18579: efefef;
  18580: ededed;
  18581: efefef;
  18582: fefefe;
  18583: ffffff;
  18584: fefefe;
  18585: fdfdfd;
  18586: ffffff;
  18587: f1f1f1;
  18588: ededed;
  18589: f0f0f0;
  18590: eeeeee;
  18591: f0f0f0;
  18592: ededed;
  18593: ffffff;
  18594: fcfcfc;
  18595: ffffff;
  18596: fefefe;
  18597: ffffff;
  18598: f7f7f7;
  18599: ededed;
  18600: efefef;
  18601: efefef;
  18602: efefef;
  18603: efefef;
  18604: fefefe;
  18605: fefefe;
  18606: fefefe;
  18607: fefefe;
  18608: ffffff;
  18609: fbfbfb;
  18610: eeeeee;
  18611: efefef;
  18612: ededed;
  18613: eeeeee;
  18614: efefef;
  18615: fefefe;
  18616: fdfdfd;
  18617: fefefe;
  18618: fdfdfd;
  18619: fefefe;
  18620: ffffff;
  18621: eeeeee;
  18622: f1f1f1;
  18623: efefef;
  18624: eeeeee;
  18625: efefef;
  18626: ffffff;
  18627: ffffff;
  18628: ffffff;
  18629: ffffff;
  18630: ffffff;
  18631: fefefe;
  18632: efefef;
  18633: eeeeee;
  18634: f0f0f0;
  18635: eeeeee;
  18636: ededed;
  18637: fefefe;
  18638: fcfcfc;
  18639: fefefe;
  18640: fdfdfd;
  18641: ffffff;
  18642: f7f7f7;
  18643: ededed;
  18644: eeeeee;
  18645: efefef;
  18646: eeeeee;
  18647: f0f0f0;
  18648: fcfcfc;
  18649: ffffff;
  18650: ffffff;
  18651: ffffff;
  18652: fefefe;
  18653: ffffff;
  18654: ededed;
  18655: efefef;
  18656: f0f0f0;
  18657: eeeeee;
  18658: efefef;
  18659: f7f7f7;
  18660: fefefe;
  18661: fefefe;
  18662: fcfcfc;
  18663: fefefe;
  18664: ffffff;
  18665: ededed;
  18666: eeeeee;
  18667: eeeeee;
  18668: ededed;
  18669: f0f0f0;
  18670: ffffff;
  18671: ffffff;
  18672: fefefe;
  18673: fefefe;
  18674: fefefe;
  18675: ffffff;
  18676: efefef;
  18677: efefef;
  18678: f0f0f0;
  18679: efefef;
  18680: efefef;
  18681: fefefe;
  18682: ffffff;
  18683: ffffff;
  18684: ffffff;
  18685: ffffff;
  18686: fefefe;
  18687: eeeeee;
  18688: fdfdfd;
  18689: ffffff;
  18690: fefefe;
  18691: ffffff;
  18692: ffffff;
  18693: f7f7f7;
  18694: ededed;
  18695: eeeeee;
  18696: ececec;
  18697: eeeeee;
  18698: ececec;
  18699: fefefe;
  18700: fdfdfd;
  18701: ffffff;
  18702: ffffff;
  18703: ffffff;
  18704: fdfdfd;
  18705: efefef;
  18706: ededed;
  18707: ededed;
  18708: eeeeee;
  18709: f0f0f0;
  18710: fcfcfc;
  18711: ffffff;
  18712: ffffff;
  18713: fefefe;
  18714: ffffff;
  18715: f2f2f2;
  18716: eeeeee;
  18717: ededed;
  18718: ececec;
  18719: ececec;
  18720: ededed;
  18721: ffffff;
  18722: fcfcfc;
  18723: ffffff;
  18724: ffffff;
  18725: ffffff;
  18726: f6f6f6;
  18727: efefef;
  18728: ebebeb;
  18729: ededed;
  18730: eeeeee;
  18731: ededed;
  18732: ffffff;
  18733: ffffff;
  18734: ffffff;
  18735: ffffff;
  18736: ffffff;
  18737: fbfbfb;
  18738: eeeeee;
  18739: f1f1f1;
  18740: ebebeb;
  18741: eeeeee;
  18742: f0f0f0;
  18743: fefefe;
  18744: ffffff;
  18745: ffffff;
  18746: ffffff;
  18747: fdfdfd;
  18748: ffffff;
  18749: ededed;
  18750: efefef;
  18751: ebebeb;
  18752: f0f0f0;
  18753: ededed;
  18754: ffffff;
  18755: fefefe;
  18756: ffffff;
  18757: fefefe;
  18758: ffffff;
  18759: fefefe;
  18760: ececec;
  18761: ececec;
  18762: ededed;
  18763: f0f0f0;
  18764: eeeeee;
  18765: ffffff;
  18766: fefefe;
  18767: ffffff;
  18768: ffffff;
  18769: ffffff;
  18770: fafafa;
  18771: eeeeee;
  18772: ededed;
  18773: eeeeee;
  18774: ececec;
  18775: ededed;
  18776: fbfbfb;
  18777: ffffff;
  18778: ffffff;
  18779: fefefe;
  18780: fefefe;
  18781: ffffff;
  18782: ededed;
  18783: f0f0f0;
  18784: ededed;
  18785: ececec;
  18786: ededed;
  18787: f6f6f6;
  18788: ffffff;
  18789: ffffff;
  18790: ffffff;
  18791: ffffff;
  18792: fdfdfd;
  18793: efefef;
  18794: ededed;
  18795: ededed;
  18796: eeeeee;
  18797: f2f2f2;
  18798: fdfdfd;
  18799: fefefe;
  18800: ffffff;
  18801: ffffff;
  18802: ffffff;
  18803: ffffff;
  18804: ededed;
  18805: eeeeee;
  18806: ededed;
  18807: ececec;
  18808: efefef;
  18809: fefefe;
  18810: ffffff;
  18811: fefefe;
  18812: fefefe;
  18813: ffffff;
  18814: fdfdfd;
  18815: eeeeee;
  18816: fefefe;
  18817: ffffff;
  18818: fdfdfd;
  18819: fefefe;
  18820: ffffff;
  18821: f8f8f8;
  18822: ededed;
  18823: efefef;
  18824: efefef;
  18825: f0f0f0;
  18826: eeeeee;
  18827: ffffff;
  18828: fefefe;
  18829: ffffff;
  18830: fdfdfd;
  18831: fefefe;
  18832: ffffff;
  18833: eeeeee;
  18834: eeeeee;
  18835: ededed;
  18836: ededed;
  18837: efefef;
  18838: fdfdfd;
  18839: ffffff;
  18840: fefefe;
  18841: fdfdfd;
  18842: ffffff;
  18843: f0f0f0;
  18844: eeeeee;
  18845: eeeeee;
  18846: efefef;
  18847: efefef;
  18848: eeeeee;
  18849: ffffff;
  18850: fefefe;
  18851: ffffff;
  18852: ffffff;
  18853: ffffff;
  18854: f6f6f6;
  18855: eeeeee;
  18856: eeeeee;
  18857: efefef;
  18858: efefef;
  18859: ececec;
  18860: ffffff;
  18861: fefefe;
  18862: fefefe;
  18863: ffffff;
  18864: ffffff;
  18865: fbfbfb;
  18866: ededed;
  18867: f1f1f1;
  18868: ececec;
  18869: eeeeee;
  18870: eeeeee;
  18871: ffffff;
  18872: fefefe;
  18873: fefefe;
  18874: ffffff;
  18875: fdfdfd;
  18876: ffffff;
  18877: efefef;
  18878: f0f0f0;
  18879: efefef;
  18880: f0f0f0;
  18881: ebebeb;
  18882: ffffff;
  18883: fdfdfd;
  18884: ffffff;
  18885: fefefe;
  18886: ffffff;
  18887: ffffff;
  18888: efefef;
  18889: efefef;
  18890: ededed;
  18891: f0f0f0;
  18892: ededed;
  18893: fefefe;
  18894: fdfdfd;
  18895: fefefe;
  18896: fefefe;
  18897: ffffff;
  18898: f8f8f8;
  18899: efefef;
  18900: ededed;
  18901: f0f0f0;
  18902: efefef;
  18903: efefef;
  18904: f9f9f9;
  18905: ffffff;
  18906: fefefe;
  18907: fefefe;
  18908: ffffff;
  18909: ffffff;
  18910: eeeeee;
  18911: efefef;
  18912: f0f0f0;
  18913: eeeeee;
  18914: efefef;
  18915: f7f7f7;
  18916: ffffff;
  18917: ffffff;
  18918: fcfcfc;
  18919: ffffff;
  18920: ffffff;
  18921: eeeeee;
  18922: eeeeee;
  18923: ececec;
  18924: ededed;
  18925: f0f0f0;
  18926: fefefe;
  18927: fefefe;
  18928: ffffff;
  18929: fefefe;
  18930: fefefe;
  18931: ffffff;
  18932: ececec;
  18933: efefef;
  18934: efefef;
  18935: eeeeee;
  18936: ededed;
  18937: ffffff;
  18938: ffffff;
  18939: fefefe;
  18940: fefefe;
  18941: ffffff;
  18942: ffffff;
  18943: ededed;
  18944: ffffff;
  18945: ffffff;
  18946: fefefe;
  18947: ffffff;
  18948: ffffff;
  18949: f8f8f8;
  18950: eeeeee;
  18951: eeeeee;
  18952: efefef;
  18953: ededed;
  18954: eeeeee;
  18955: ffffff;
  18956: ffffff;
  18957: ffffff;
  18958: fefefe;
  18959: ffffff;
  18960: ffffff;
  18961: ececec;
  18962: eeeeee;
  18963: ececec;
  18964: ededed;
  18965: ececec;
  18966: ffffff;
  18967: ffffff;
  18968: ffffff;
  18969: ffffff;
  18970: ffffff;
  18971: f0f0f0;
  18972: ececec;
  18973: ececec;
  18974: efefef;
  18975: ededed;
  18976: eeeeee;
  18977: ffffff;
  18978: ffffff;
  18979: ffffff;
  18980: ffffff;
  18981: ffffff;
  18982: f6f6f6;
  18983: ececec;
  18984: eeeeee;
  18985: eeeeee;
  18986: ededed;
  18987: ededed;
  18988: ffffff;
  18989: ffffff;
  18990: ffffff;
  18991: ffffff;
  18992: ffffff;
  18993: fdfdfd;
  18994: ececec;
  18995: eeeeee;
  18996: eeeeee;
  18997: ededed;
  18998: ececec;
  18999: ffffff;
  19000: ffffff;
  19001: fefefe;
  19002: ffffff;
  19003: ffffff;
  19004: ffffff;
  19005: efefef;
  19006: ededed;
  19007: eeeeee;
  19008: ededed;
  19009: ececec;
  19010: ffffff;
  19011: ffffff;
  19012: ffffff;
  19013: ffffff;
  19014: ffffff;
  19015: ffffff;
  19016: ededed;
  19017: efefef;
  19018: ececec;
  19019: eeeeee;
  19020: ededed;
  19021: fefefe;
  19022: ffffff;
  19023: ffffff;
  19024: ffffff;
  19025: ffffff;
  19026: f8f8f8;
  19027: efefef;
  19028: ececec;
  19029: eeeeee;
  19030: eeeeee;
  19031: eeeeee;
  19032: fbfbfb;
  19033: ffffff;
  19034: ffffff;
  19035: ffffff;
  19036: ffffff;
  19037: fefefe;
  19038: eeeeee;
  19039: ededed;
  19040: efefef;
  19041: ededed;
  19042: eeeeee;
  19043: f7f7f7;
  19044: ffffff;
  19045: ffffff;
  19046: fefefe;
  19047: ffffff;
  19048: ffffff;
  19049: ececec;
  19050: eeeeee;
  19051: ebebeb;
  19052: ececec;
  19053: ededed;
  19054: ffffff;
  19055: ffffff;
  19056: ffffff;
  19057: ffffff;
  19058: ffffff;
  19059: ffffff;
  19060: ededed;
  19061: ededed;
  19062: eeeeee;
  19063: eeeeee;
  19064: ececec;
  19065: ffffff;
  19066: ffffff;
  19067: ffffff;
  19068: ffffff;
  19069: ffffff;
  19070: ffffff;
  19071: ebebeb;
  19072: fefefe;
  19073: fefefe;
  19074: fdfdfd;
  19075: fefefe;
  19076: fdfdfd;
  19077: f8f8f8;
  19078: f1f1f1;
  19079: eeeeee;
  19080: eeeeee;
  19081: ebebeb;
  19082: efefef;
  19083: fbfbfb;
  19084: fefefe;
  19085: ffffff;
  19086: fefefe;
  19087: ffffff;
  19088: ffffff;
  19089: eeeeee;
  19090: f0f0f0;
  19091: eeeeee;
  19092: efefef;
  19093: eeeeee;
  19094: fdfdfd;
  19095: fefefe;
  19096: ffffff;
  19097: ffffff;
  19098: fdfdfd;
  19099: f4f4f4;
  19100: ededed;
  19101: eeeeee;
  19102: eeeeee;
  19103: ececec;
  19104: f1f1f1;
  19105: fafafa;
  19106: fefefe;
  19107: fefefe;
  19108: fdfdfd;
  19109: fdfdfd;
  19110: f6f6f6;
  19111: efefef;
  19112: ededed;
  19113: eeeeee;
  19114: eeeeee;
  19115: f1f1f1;
  19116: fcfcfc;
  19117: ffffff;
  19118: ffffff;
  19119: ffffff;
  19120: fdfdfd;
  19121: fcfcfc;
  19122: f0f0f0;
  19123: eeeeee;
  19124: f1f1f1;
  19125: efefef;
  19126: eeeeee;
  19127: fdfdfd;
  19128: ffffff;
  19129: ffffff;
  19130: ffffff;
  19131: fdfdfd;
  19132: fbfbfb;
  19133: f0f0f0;
  19134: ececec;
  19135: ededed;
  19136: eeeeee;
  19137: f1f1f1;
  19138: fcfcfc;
  19139: fefefe;
  19140: ffffff;
  19141: fefefe;
  19142: fdfdfd;
  19143: fdfdfd;
  19144: ececec;
  19145: ededed;
  19146: ededed;
  19147: efefef;
  19148: f1f1f1;
  19149: fdfdfd;
  19150: ffffff;
  19151: ffffff;
  19152: ffffff;
  19153: fdfdfd;
  19154: f8f8f8;
  19155: f1f1f1;
  19156: ededed;
  19157: ededed;
  19158: eeeeee;
  19159: ededed;
  19160: fdfdfd;
  19161: ffffff;
  19162: fefefe;
  19163: fefefe;
  19164: ffffff;
  19165: fbfbfb;
  19166: f2f2f2;
  19167: efefef;
  19168: ededed;
  19169: eeeeee;
  19170: efefef;
  19171: f5f5f5;
  19172: fdfdfd;
  19173: ffffff;
  19174: ffffff;
  19175: ffffff;
  19176: fefefe;
  19177: eeeeee;
  19178: f0f0f0;
  19179: eeeeee;
  19180: eeeeee;
  19181: efefef;
  19182: fefefe;
  19183: fefefe;
  19184: ffffff;
  19185: ffffff;
  19186: ffffff;
  19187: fcfcfc;
  19188: f1f1f1;
  19189: eeeeee;
  19190: ededed;
  19191: ededed;
  19192: efefef;
  19193: fefefe;
  19194: fcfcfc;
  19195: ffffff;
  19196: ffffff;
  19197: fcfcfc;
  19198: fefefe;
  19199: efefef;
  19200: f6f6f6;
  19201: f5f5f5;
  19202: f6f6f6;
  19203: f6f6f6;
  19204: f4f4f4;
  19205: f6f6f6;
  19206: f8f8f8;
  19207: f6f6f6;
  19208: fafafa;
  19209: f7f7f7;
  19210: f8f8f8;
  19211: f5f5f5;
  19212: f5f5f5;
  19213: f4f4f4;
  19214: f5f5f5;
  19215: f3f3f3;
  19216: f5f5f5;
  19217: f7f7f7;
  19218: f7f7f7;
  19219: f8f8f8;
  19220: f7f7f7;
  19221: f7f7f7;
  19222: f5f5f5;
  19223: f6f6f6;
  19224: f3f3f3;
  19225: f6f6f6;
  19226: f4f4f4;
  19227: fafafa;
  19228: f7f7f7;
  19229: f9f9f9;
  19230: f7f7f7;
  19231: f9f9f9;
  19232: f8f8f8;
  19233: f3f3f3;
  19234: f5f5f5;
  19235: f7f7f7;
  19236: f5f5f5;
  19237: f5f5f5;
  19238: f7f7f7;
  19239: f7f7f7;
  19240: f9f9f9;
  19241: f9f9f9;
  19242: f8f8f8;
  19243: f9f9f9;
  19244: f4f4f4;
  19245: f5f5f5;
  19246: f4f4f4;
  19247: f4f4f4;
  19248: f5f5f5;
  19249: f6f6f6;
  19250: f8f8f8;
  19251: f6f6f6;
  19252: f8f8f8;
  19253: f8f8f8;
  19254: f8f8f8;
  19255: f5f5f5;
  19256: f3f3f3;
  19257: f5f5f5;
  19258: f4f4f4;
  19259: f4f4f4;
  19260: f5f5f5;
  19261: f9f9f9;
  19262: f7f7f7;
  19263: f9f9f9;
  19264: f6f6f6;
  19265: f9f9f9;
  19266: f4f4f4;
  19267: f6f6f6;
  19268: f7f7f7;
  19269: f6f6f6;
  19270: f5f5f5;
  19271: f5f5f5;
  19272: f9f9f9;
  19273: f7f7f7;
  19274: f9f9f9;
  19275: f8f8f8;
  19276: f7f7f7;
  19277: f3f3f3;
  19278: f5f5f5;
  19279: f3f3f3;
  19280: f4f4f4;
  19281: f3f3f3;
  19282: f5f5f5;
  19283: f7f7f7;
  19284: f7f7f7;
  19285: f7f7f7;
  19286: f9f9f9;
  19287: f9f9f9;
  19288: f9f9f9;
  19289: f7f7f7;
  19290: f6f6f6;
  19291: f6f6f6;
  19292: f6f6f6;
  19293: f6f6f6;
  19294: f8f8f8;
  19295: f7f7f7;
  19296: f8f8f8;
  19297: fafafa;
  19298: f8f8f8;
  19299: f5f5f5;
  19300: f5f5f5;
  19301: f4f4f4;
  19302: f3f3f3;
  19303: f4f4f4;
  19304: f5f5f5;
  19305: f7f7f7;
  19306: f7f7f7;
  19307: f7f7f7;
  19308: f7f7f7;
  19309: f7f7f7;
  19310: f5f5f5;
  19311: f6f6f6;
  19312: f4f4f4;
  19313: f4f4f4;
  19314: f5f5f5;
  19315: f4f4f4;
  19316: f9f9f9;
  19317: f8f8f8;
  19318: f9f9f9;
  19319: f8f8f8;
  19320: f8f8f8;
  19321: f6f6f6;
  19322: f5f5f5;
  19323: f6f6f6;
  19324: f6f6f6;
  19325: f5f5f5;
  19326: f6f6f6;
  19327: f8f8f8;
  19328: eeeeee;
  19329: ececec;
  19330: eeeeee;
  19331: ededed;
  19332: ebebeb;
  19333: f4f4f4;
  19334: ffffff;
  19335: ffffff;
  19336: ffffff;
  19337: fefefe;
  19338: fefefe;
  19339: f0f0f0;
  19340: ededed;
  19341: ececec;
  19342: efefef;
  19343: ececec;
  19344: ededed;
  19345: ffffff;
  19346: fefefe;
  19347: ffffff;
  19348: ffffff;
  19349: ffffff;
  19350: ededed;
  19351: ededed;
  19352: ededed;
  19353: efefef;
  19354: eeeeee;
  19355: ffffff;
  19356: ffffff;
  19357: ffffff;
  19358: fdfdfd;
  19359: ffffff;
  19360: fefefe;
  19361: eeeeee;
  19362: ececec;
  19363: efefef;
  19364: ececec;
  19365: ededed;
  19366: f7f7f7;
  19367: ffffff;
  19368: fefefe;
  19369: ffffff;
  19370: ffffff;
  19371: fefefe;
  19372: efefef;
  19373: eeeeee;
  19374: ededed;
  19375: efefef;
  19376: ededed;
  19377: f1f1f1;
  19378: ffffff;
  19379: ffffff;
  19380: ffffff;
  19381: ffffff;
  19382: ffffff;
  19383: eeeeee;
  19384: ececec;
  19385: f0f0f0;
  19386: ececec;
  19387: ededed;
  19388: f0f0f0;
  19389: ffffff;
  19390: fefefe;
  19391: ffffff;
  19392: ffffff;
  19393: ffffff;
  19394: ededed;
  19395: ededed;
  19396: ededed;
  19397: ededed;
  19398: ececec;
  19399: eeeeee;
  19400: ffffff;
  19401: fdfdfd;
  19402: ffffff;
  19403: ffffff;
  19404: fdfdfd;
  19405: eeeeee;
  19406: efefef;
  19407: ededed;
  19408: eeeeee;
  19409: eeeeee;
  19410: f6f6f6;
  19411: ffffff;
  19412: ffffff;
  19413: ffffff;
  19414: ffffff;
  19415: ffffff;
  19416: f1f1f1;
  19417: ededed;
  19418: ededed;
  19419: ededed;
  19420: eeeeee;
  19421: f3f3f3;
  19422: fefefe;
  19423: ffffff;
  19424: fefefe;
  19425: ffffff;
  19426: fefefe;
  19427: f5f5f5;
  19428: efefef;
  19429: ededed;
  19430: ededed;
  19431: eeeeee;
  19432: ececec;
  19433: ffffff;
  19434: fefefe;
  19435: ffffff;
  19436: ffffff;
  19437: ffffff;
  19438: ededed;
  19439: ededed;
  19440: eeeeee;
  19441: ededed;
  19442: ededed;
  19443: efefef;
  19444: fefefe;
  19445: ffffff;
  19446: ffffff;
  19447: fefefe;
  19448: ffffff;
  19449: eeeeee;
  19450: eeeeee;
  19451: ececec;
  19452: ececec;
  19453: eeeeee;
  19454: eeeeee;
  19455: ffffff;
  19456: eeeeee;
  19457: eeeeee;
  19458: eeeeee;
  19459: efefef;
  19460: ededed;
  19461: f4f4f4;
  19462: ffffff;
  19463: ffffff;
  19464: ffffff;
  19465: ffffff;
  19466: ffffff;
  19467: eeeeee;
  19468: efefef;
  19469: ededed;
  19470: efefef;
  19471: eeeeee;
  19472: eeeeee;
  19473: ffffff;
  19474: ffffff;
  19475: ffffff;
  19476: ffffff;
  19477: ffffff;
  19478: ededed;
  19479: eeeeee;
  19480: eeeeee;
  19481: eeeeee;
  19482: eeeeee;
  19483: ffffff;
  19484: fefefe;
  19485: ffffff;
  19486: fefefe;
  19487: ffffff;
  19488: fefefe;
  19489: eeeeee;
  19490: ededed;
  19491: eeeeee;
  19492: eeeeee;
  19493: ededed;
  19494: f6f6f6;
  19495: ffffff;
  19496: ffffff;
  19497: ffffff;
  19498: ffffff;
  19499: ffffff;
  19500: eeeeee;
  19501: eeeeee;
  19502: eeeeee;
  19503: eeeeee;
  19504: eeeeee;
  19505: f1f1f1;
  19506: ffffff;
  19507: fefefe;
  19508: ffffff;
  19509: ffffff;
  19510: ffffff;
  19511: eeeeee;
  19512: eeeeee;
  19513: eeeeee;
  19514: eeeeee;
  19515: eeeeee;
  19516: ededed;
  19517: ffffff;
  19518: fefefe;
  19519: ffffff;
  19520: ffffff;
  19521: fefefe;
  19522: eeeeee;
  19523: ededed;
  19524: eeeeee;
  19525: eeeeee;
  19526: eeeeee;
  19527: ededed;
  19528: ffffff;
  19529: ffffff;
  19530: ffffff;
  19531: ffffff;
  19532: ffffff;
  19533: ececec;
  19534: eeeeee;
  19535: eeeeee;
  19536: eeeeee;
  19537: ededed;
  19538: f6f6f6;
  19539: ffffff;
  19540: ffffff;
  19541: fefefe;
  19542: ffffff;
  19543: ffffff;
  19544: f1f1f1;
  19545: eeeeee;
  19546: eeeeee;
  19547: ededed;
  19548: eeeeee;
  19549: f1f1f1;
  19550: ffffff;
  19551: ffffff;
  19552: ffffff;
  19553: ffffff;
  19554: ffffff;
  19555: f6f6f6;
  19556: eeeeee;
  19557: eeeeee;
  19558: eeeeee;
  19559: eeeeee;
  19560: ededed;
  19561: ffffff;
  19562: ffffff;
  19563: ffffff;
  19564: ffffff;
  19565: ffffff;
  19566: ededed;
  19567: eeeeee;
  19568: eeeeee;
  19569: eeeeee;
  19570: eeeeee;
  19571: ededed;
  19572: ffffff;
  19573: ffffff;
  19574: ffffff;
  19575: ffffff;
  19576: ffffff;
  19577: ededed;
  19578: ededed;
  19579: eeeeee;
  19580: eeeeee;
  19581: eeeeee;
  19582: eeeeee;
  19583: ffffff;
  19584: eeeeee;
  19585: eeeeee;
  19586: eeeeee;
  19587: efefef;
  19588: ededed;
  19589: f4f4f4;
  19590: ffffff;
  19591: ffffff;
  19592: ffffff;
  19593: ffffff;
  19594: ffffff;
  19595: eeeeee;
  19596: efefef;
  19597: ededed;
  19598: efefef;
  19599: eeeeee;
  19600: eeeeee;
  19601: ffffff;
  19602: ffffff;
  19603: ffffff;
  19604: ffffff;
  19605: ffffff;
  19606: ededed;
  19607: eeeeee;
  19608: eeeeee;
  19609: eeeeee;
  19610: eeeeee;
  19611: ffffff;
  19612: fefefe;
  19613: ffffff;
  19614: fefefe;
  19615: ffffff;
  19616: fefefe;
  19617: eeeeee;
  19618: ededed;
  19619: eeeeee;
  19620: eeeeee;
  19621: ededed;
  19622: f6f6f6;
  19623: ffffff;
  19624: ffffff;
  19625: ffffff;
  19626: ffffff;
  19627: ffffff;
  19628: eeeeee;
  19629: eeeeee;
  19630: eeeeee;
  19631: eeeeee;
  19632: eeeeee;
  19633: f1f1f1;
  19634: ffffff;
  19635: fefefe;
  19636: ffffff;
  19637: ffffff;
  19638: ffffff;
  19639: eeeeee;
  19640: eeeeee;
  19641: eeeeee;
  19642: eeeeee;
  19643: eeeeee;
  19644: ededed;
  19645: ffffff;
  19646: fefefe;
  19647: ffffff;
  19648: ffffff;
  19649: fefefe;
  19650: eeeeee;
  19651: ededed;
  19652: eeeeee;
  19653: eeeeee;
  19654: eeeeee;
  19655: ededed;
  19656: ffffff;
  19657: ffffff;
  19658: ffffff;
  19659: ffffff;
  19660: ffffff;
  19661: ececec;
  19662: eeeeee;
  19663: eeeeee;
  19664: eeeeee;
  19665: ededed;
  19666: f6f6f6;
  19667: ffffff;
  19668: ffffff;
  19669: fefefe;
  19670: ffffff;
  19671: ffffff;
  19672: f1f1f1;
  19673: eeeeee;
  19674: eeeeee;
  19675: ededed;
  19676: eeeeee;
  19677: f1f1f1;
  19678: ffffff;
  19679: ffffff;
  19680: ffffff;
  19681: ffffff;
  19682: ffffff;
  19683: f6f6f6;
  19684: eeeeee;
  19685: eeeeee;
  19686: eeeeee;
  19687: eeeeee;
  19688: ededed;
  19689: ffffff;
  19690: ffffff;
  19691: ffffff;
  19692: ffffff;
  19693: ffffff;
  19694: ededed;
  19695: eeeeee;
  19696: eeeeee;
  19697: eeeeee;
  19698: eeeeee;
  19699: ededed;
  19700: ffffff;
  19701: ffffff;
  19702: ffffff;
  19703: ffffff;
  19704: ffffff;
  19705: ededed;
  19706: ededed;
  19707: eeeeee;
  19708: eeeeee;
  19709: eeeeee;
  19710: eeeeee;
  19711: ffffff;
  19712: eeeeee;
  19713: eeeeee;
  19714: eeeeee;
  19715: efefef;
  19716: ededed;
  19717: f4f4f4;
  19718: ffffff;
  19719: ffffff;
  19720: ffffff;
  19721: ffffff;
  19722: ffffff;
  19723: eeeeee;
  19724: efefef;
  19725: ededed;
  19726: efefef;
  19727: eeeeee;
  19728: eeeeee;
  19729: ffffff;
  19730: ffffff;
  19731: ffffff;
  19732: ffffff;
  19733: ffffff;
  19734: ededed;
  19735: eeeeee;
  19736: eeeeee;
  19737: eeeeee;
  19738: eeeeee;
  19739: ffffff;
  19740: fefefe;
  19741: ffffff;
  19742: fefefe;
  19743: ffffff;
  19744: fefefe;
  19745: eeeeee;
  19746: ededed;
  19747: eeeeee;
  19748: eeeeee;
  19749: ededed;
  19750: f6f6f6;
  19751: ffffff;
  19752: ffffff;
  19753: ffffff;
  19754: ffffff;
  19755: ffffff;
  19756: eeeeee;
  19757: eeeeee;
  19758: eeeeee;
  19759: eeeeee;
  19760: eeeeee;
  19761: f1f1f1;
  19762: ffffff;
  19763: fefefe;
  19764: ffffff;
  19765: ffffff;
  19766: ffffff;
  19767: eeeeee;
  19768: eeeeee;
  19769: eeeeee;
  19770: eeeeee;
  19771: eeeeee;
  19772: ededed;
  19773: ffffff;
  19774: fefefe;
  19775: ffffff;
  19776: ffffff;
  19777: fefefe;
  19778: eeeeee;
  19779: ededed;
  19780: eeeeee;
  19781: eeeeee;
  19782: eeeeee;
  19783: ededed;
  19784: ffffff;
  19785: ffffff;
  19786: ffffff;
  19787: ffffff;
  19788: ffffff;
  19789: ececec;
  19790: eeeeee;
  19791: eeeeee;
  19792: eeeeee;
  19793: ededed;
  19794: f6f6f6;
  19795: ffffff;
  19796: ffffff;
  19797: fefefe;
  19798: ffffff;
  19799: ffffff;
  19800: f1f1f1;
  19801: eeeeee;
  19802: eeeeee;
  19803: ededed;
  19804: eeeeee;
  19805: f1f1f1;
  19806: ffffff;
  19807: ffffff;
  19808: ffffff;
  19809: ffffff;
  19810: ffffff;
  19811: f6f6f6;
  19812: eeeeee;
  19813: eeeeee;
  19814: eeeeee;
  19815: eeeeee;
  19816: ededed;
  19817: ffffff;
  19818: ffffff;
  19819: ffffff;
  19820: ffffff;
  19821: ffffff;
  19822: ededed;
  19823: eeeeee;
  19824: eeeeee;
  19825: eeeeee;
  19826: eeeeee;
  19827: ededed;
  19828: ffffff;
  19829: ffffff;
  19830: ffffff;
  19831: ffffff;
  19832: ffffff;
  19833: ededed;
  19834: ededed;
  19835: eeeeee;
  19836: eeeeee;
  19837: eeeeee;
  19838: eeeeee;
  19839: ffffff;
  19840: eeeeee;
  19841: eeeeee;
  19842: eeeeee;
  19843: efefef;
  19844: ededed;
  19845: f4f4f4;
  19846: ffffff;
  19847: ffffff;
  19848: ffffff;
  19849: ffffff;
  19850: ffffff;
  19851: eeeeee;
  19852: efefef;
  19853: ededed;
  19854: efefef;
  19855: eeeeee;
  19856: eeeeee;
  19857: ffffff;
  19858: ffffff;
  19859: ffffff;
  19860: ffffff;
  19861: ffffff;
  19862: ededed;
  19863: eeeeee;
  19864: eeeeee;
  19865: eeeeee;
  19866: eeeeee;
  19867: ffffff;
  19868: fefefe;
  19869: ffffff;
  19870: fefefe;
  19871: ffffff;
  19872: fefefe;
  19873: eeeeee;
  19874: ededed;
  19875: eeeeee;
  19876: eeeeee;
  19877: ededed;
  19878: f6f6f6;
  19879: ffffff;
  19880: ffffff;
  19881: ffffff;
  19882: ffffff;
  19883: ffffff;
  19884: eeeeee;
  19885: eeeeee;
  19886: eeeeee;
  19887: eeeeee;
  19888: eeeeee;
  19889: f1f1f1;
  19890: ffffff;
  19891: fefefe;
  19892: ffffff;
  19893: ffffff;
  19894: ffffff;
  19895: eeeeee;
  19896: eeeeee;
  19897: eeeeee;
  19898: eeeeee;
  19899: eeeeee;
  19900: ededed;
  19901: ffffff;
  19902: fefefe;
  19903: ffffff;
  19904: ffffff;
  19905: fefefe;
  19906: eeeeee;
  19907: ededed;
  19908: eeeeee;
  19909: eeeeee;
  19910: eeeeee;
  19911: ededed;
  19912: ffffff;
  19913: ffffff;
  19914: ffffff;
  19915: ffffff;
  19916: ffffff;
  19917: ececec;
  19918: eeeeee;
  19919: eeeeee;
  19920: eeeeee;
  19921: ededed;
  19922: f6f6f6;
  19923: ffffff;
  19924: ffffff;
  19925: fefefe;
  19926: ffffff;
  19927: ffffff;
  19928: f1f1f1;
  19929: eeeeee;
  19930: eeeeee;
  19931: ededed;
  19932: eeeeee;
  19933: f1f1f1;
  19934: ffffff;
  19935: ffffff;
  19936: ffffff;
  19937: ffffff;
  19938: ffffff;
  19939: f6f6f6;
  19940: eeeeee;
  19941: eeeeee;
  19942: eeeeee;
  19943: eeeeee;
  19944: ededed;
  19945: ffffff;
  19946: ffffff;
  19947: ffffff;
  19948: ffffff;
  19949: ffffff;
  19950: ededed;
  19951: eeeeee;
  19952: eeeeee;
  19953: eeeeee;
  19954: eeeeee;
  19955: ededed;
  19956: ffffff;
  19957: ffffff;
  19958: ffffff;
  19959: ffffff;
  19960: ffffff;
  19961: ededed;
  19962: ededed;
  19963: eeeeee;
  19964: eeeeee;
  19965: eeeeee;
  19966: eeeeee;
  19967: ffffff;
  19968: eeeeee;
  19969: eeeeee;
  19970: eeeeee;
  19971: efefef;
  19972: ededed;
  19973: f4f4f4;
  19974: ffffff;
  19975: ffffff;
  19976: ffffff;
  19977: ffffff;
  19978: ffffff;
  19979: eeeeee;
  19980: efefef;
  19981: ededed;
  19982: efefef;
  19983: eeeeee;
  19984: eeeeee;
  19985: ffffff;
  19986: ffffff;
  19987: ffffff;
  19988: ffffff;
  19989: ffffff;
  19990: ededed;
  19991: eeeeee;
  19992: eeeeee;
  19993: eeeeee;
  19994: eeeeee;
  19995: ffffff;
  19996: fefefe;
  19997: ffffff;
  19998: fefefe;
  19999: ffffff;
  20000: fefefe;
  20001: eeeeee;
  20002: ededed;
  20003: eeeeee;
  20004: eeeeee;
  20005: ededed;
  20006: f6f6f6;
  20007: ffffff;
  20008: ffffff;
  20009: ffffff;
  20010: ffffff;
  20011: ffffff;
  20012: eeeeee;
  20013: eeeeee;
  20014: eeeeee;
  20015: eeeeee;
  20016: eeeeee;
  20017: f1f1f1;
  20018: ffffff;
  20019: fefefe;
  20020: ffffff;
  20021: ffffff;
  20022: ffffff;
  20023: eeeeee;
  20024: eeeeee;
  20025: eeeeee;
  20026: eeeeee;
  20027: eeeeee;
  20028: ededed;
  20029: ffffff;
  20030: fefefe;
  20031: ffffff;
  20032: ffffff;
  20033: fefefe;
  20034: eeeeee;
  20035: ededed;
  20036: eeeeee;
  20037: eeeeee;
  20038: eeeeee;
  20039: ededed;
  20040: ffffff;
  20041: ffffff;
  20042: ffffff;
  20043: ffffff;
  20044: ffffff;
  20045: ececec;
  20046: eeeeee;
  20047: eeeeee;
  20048: eeeeee;
  20049: ededed;
  20050: f6f6f6;
  20051: ffffff;
  20052: ffffff;
  20053: fefefe;
  20054: ffffff;
  20055: ffffff;
  20056: f1f1f1;
  20057: eeeeee;
  20058: eeeeee;
  20059: ededed;
  20060: eeeeee;
  20061: f1f1f1;
  20062: ffffff;
  20063: ffffff;
  20064: ffffff;
  20065: ffffff;
  20066: ffffff;
  20067: f6f6f6;
  20068: eeeeee;
  20069: eeeeee;
  20070: eeeeee;
  20071: eeeeee;
  20072: ededed;
  20073: ffffff;
  20074: ffffff;
  20075: ffffff;
  20076: ffffff;
  20077: ffffff;
  20078: ededed;
  20079: eeeeee;
  20080: eeeeee;
  20081: eeeeee;
  20082: eeeeee;
  20083: ededed;
  20084: ffffff;
  20085: ffffff;
  20086: ffffff;
  20087: ffffff;
  20088: ffffff;
  20089: ededed;
  20090: ededed;
  20091: eeeeee;
  20092: eeeeee;
  20093: eeeeee;
  20094: eeeeee;
  20095: ffffff;
  20096: eeeeee;
  20097: eeeeee;
  20098: eeeeee;
  20099: efefef;
  20100: ededed;
  20101: f4f4f4;
  20102: ffffff;
  20103: ffffff;
  20104: ffffff;
  20105: ffffff;
  20106: ffffff;
  20107: eeeeee;
  20108: efefef;
  20109: ededed;
  20110: efefef;
  20111: eeeeee;
  20112: eeeeee;
  20113: ffffff;
  20114: ffffff;
  20115: ffffff;
  20116: ffffff;
  20117: ffffff;
  20118: ededed;
  20119: eeeeee;
  20120: eeeeee;
  20121: eeeeee;
  20122: eeeeee;
  20123: ffffff;
  20124: fefefe;
  20125: ffffff;
  20126: fefefe;
  20127: ffffff;
  20128: fefefe;
  20129: eeeeee;
  20130: ededed;
  20131: eeeeee;
  20132: eeeeee;
  20133: ededed;
  20134: f6f6f6;
  20135: ffffff;
  20136: ffffff;
  20137: ffffff;
  20138: ffffff;
  20139: ffffff;
  20140: eeeeee;
  20141: eeeeee;
  20142: eeeeee;
  20143: eeeeee;
  20144: eeeeee;
  20145: f1f1f1;
  20146: ffffff;
  20147: fefefe;
  20148: ffffff;
  20149: ffffff;
  20150: ffffff;
  20151: eeeeee;
  20152: eeeeee;
  20153: eeeeee;
  20154: eeeeee;
  20155: eeeeee;
  20156: ededed;
  20157: ffffff;
  20158: fefefe;
  20159: ffffff;
  20160: ffffff;
  20161: fefefe;
  20162: eeeeee;
  20163: ededed;
  20164: eeeeee;
  20165: eeeeee;
  20166: eeeeee;
  20167: ededed;
  20168: ffffff;
  20169: ffffff;
  20170: ffffff;
  20171: ffffff;
  20172: ffffff;
  20173: ececec;
  20174: eeeeee;
  20175: eeeeee;
  20176: eeeeee;
  20177: ededed;
  20178: f6f6f6;
  20179: ffffff;
  20180: ffffff;
  20181: fefefe;
  20182: ffffff;
  20183: ffffff;
  20184: f1f1f1;
  20185: eeeeee;
  20186: eeeeee;
  20187: ededed;
  20188: eeeeee;
  20189: f1f1f1;
  20190: ffffff;
  20191: ffffff;
  20192: ffffff;
  20193: ffffff;
  20194: ffffff;
  20195: f6f6f6;
  20196: eeeeee;
  20197: eeeeee;
  20198: eeeeee;
  20199: eeeeee;
  20200: ededed;
  20201: ffffff;
  20202: ffffff;
  20203: ffffff;
  20204: ffffff;
  20205: ffffff;
  20206: ededed;
  20207: eeeeee;
  20208: eeeeee;
  20209: eeeeee;
  20210: eeeeee;
  20211: ededed;
  20212: ffffff;
  20213: ffffff;
  20214: ffffff;
  20215: ffffff;
  20216: ffffff;
  20217: ededed;
  20218: ededed;
  20219: eeeeee;
  20220: eeeeee;
  20221: eeeeee;
  20222: eeeeee;
  20223: ffffff;
  20224: eeeeee;
  20225: eeeeee;
  20226: eeeeee;
  20227: efefef;
  20228: ededed;
  20229: f4f4f4;
  20230: ffffff;
  20231: ffffff;
  20232: ffffff;
  20233: ffffff;
  20234: ffffff;
  20235: eeeeee;
  20236: efefef;
  20237: ededed;
  20238: efefef;
  20239: eeeeee;
  20240: eeeeee;
  20241: ffffff;
  20242: ffffff;
  20243: ffffff;
  20244: ffffff;
  20245: ffffff;
  20246: ededed;
  20247: eeeeee;
  20248: eeeeee;
  20249: eeeeee;
  20250: eeeeee;
  20251: ffffff;
  20252: fefefe;
  20253: ffffff;
  20254: fefefe;
  20255: ffffff;
  20256: fefefe;
  20257: eeeeee;
  20258: ededed;
  20259: eeeeee;
  20260: eeeeee;
  20261: ededed;
  20262: f6f6f6;
  20263: ffffff;
  20264: ffffff;
  20265: ffffff;
  20266: ffffff;
  20267: ffffff;
  20268: eeeeee;
  20269: eeeeee;
  20270: eeeeee;
  20271: eeeeee;
  20272: eeeeee;
  20273: f1f1f1;
  20274: ffffff;
  20275: fefefe;
  20276: ffffff;
  20277: ffffff;
  20278: ffffff;
  20279: eeeeee;
  20280: eeeeee;
  20281: eeeeee;
  20282: eeeeee;
  20283: eeeeee;
  20284: ededed;
  20285: ffffff;
  20286: fefefe;
  20287: ffffff;
  20288: ffffff;
  20289: fefefe;
  20290: eeeeee;
  20291: ededed;
  20292: eeeeee;
  20293: eeeeee;
  20294: eeeeee;
  20295: ededed;
  20296: ffffff;
  20297: ffffff;
  20298: ffffff;
  20299: ffffff;
  20300: ffffff;
  20301: ececec;
  20302: eeeeee;
  20303: eeeeee;
  20304: eeeeee;
  20305: ededed;
  20306: f6f6f6;
  20307: ffffff;
  20308: ffffff;
  20309: fefefe;
  20310: ffffff;
  20311: ffffff;
  20312: f1f1f1;
  20313: eeeeee;
  20314: eeeeee;
  20315: ededed;
  20316: eeeeee;
  20317: f1f1f1;
  20318: ffffff;
  20319: ffffff;
  20320: ffffff;
  20321: ffffff;
  20322: ffffff;
  20323: f6f6f6;
  20324: eeeeee;
  20325: eeeeee;
  20326: eeeeee;
  20327: eeeeee;
  20328: ededed;
  20329: ffffff;
  20330: ffffff;
  20331: ffffff;
  20332: ffffff;
  20333: ffffff;
  20334: ededed;
  20335: eeeeee;
  20336: eeeeee;
  20337: eeeeee;
  20338: eeeeee;
  20339: ededed;
  20340: ffffff;
  20341: ffffff;
  20342: ffffff;
  20343: ffffff;
  20344: ffffff;
  20345: ededed;
  20346: ededed;
  20347: eeeeee;
  20348: eeeeee;
  20349: eeeeee;
  20350: eeeeee;
  20351: ffffff;
  20352: eeeeee;
  20353: eeeeee;
  20354: eeeeee;
  20355: efefef;
  20356: ededed;
  20357: f4f4f4;
  20358: ffffff;
  20359: ffffff;
  20360: ffffff;
  20361: ffffff;
  20362: ffffff;
  20363: eeeeee;
  20364: efefef;
  20365: ededed;
  20366: efefef;
  20367: eeeeee;
  20368: eeeeee;
  20369: ffffff;
  20370: ffffff;
  20371: ffffff;
  20372: ffffff;
  20373: ffffff;
  20374: ededed;
  20375: eeeeee;
  20376: eeeeee;
  20377: eeeeee;
  20378: eeeeee;
  20379: ffffff;
  20380: fefefe;
  20381: ffffff;
  20382: fefefe;
  20383: ffffff;
  20384: fefefe;
  20385: eeeeee;
  20386: ededed;
  20387: eeeeee;
  20388: eeeeee;
  20389: ededed;
  20390: f6f6f6;
  20391: ffffff;
  20392: ffffff;
  20393: ffffff;
  20394: ffffff;
  20395: ffffff;
  20396: eeeeee;
  20397: eeeeee;
  20398: eeeeee;
  20399: eeeeee;
  20400: eeeeee;
  20401: f1f1f1;
  20402: ffffff;
  20403: fefefe;
  20404: ffffff;
  20405: ffffff;
  20406: ffffff;
  20407: eeeeee;
  20408: eeeeee;
  20409: eeeeee;
  20410: eeeeee;
  20411: eeeeee;
  20412: ededed;
  20413: ffffff;
  20414: fefefe;
  20415: ffffff;
  20416: ffffff;
  20417: fefefe;
  20418: eeeeee;
  20419: ededed;
  20420: eeeeee;
  20421: eeeeee;
  20422: eeeeee;
  20423: ededed;
  20424: ffffff;
  20425: ffffff;
  20426: ffffff;
  20427: ffffff;
  20428: ffffff;
  20429: ececec;
  20430: eeeeee;
  20431: eeeeee;
  20432: eeeeee;
  20433: ededed;
  20434: f6f6f6;
  20435: ffffff;
  20436: ffffff;
  20437: fefefe;
  20438: ffffff;
  20439: ffffff;
  20440: f1f1f1;
  20441: eeeeee;
  20442: eeeeee;
  20443: ededed;
  20444: eeeeee;
  20445: f1f1f1;
  20446: ffffff;
  20447: ffffff;
  20448: ffffff;
  20449: ffffff;
  20450: ffffff;
  20451: f6f6f6;
  20452: eeeeee;
  20453: eeeeee;
  20454: eeeeee;
  20455: eeeeee;
  20456: ededed;
  20457: ffffff;
  20458: ffffff;
  20459: ffffff;
  20460: ffffff;
  20461: ffffff;
  20462: ededed;
  20463: eeeeee;
  20464: eeeeee;
  20465: eeeeee;
  20466: eeeeee;
  20467: ededed;
  20468: ffffff;
  20469: ffffff;
  20470: ffffff;
  20471: ffffff;
  20472: ffffff;
  20473: ededed;
  20474: ededed;
  20475: eeeeee;
  20476: eeeeee;
  20477: eeeeee;
  20478: eeeeee;
  20479: ffffff;
END;
